# vtk DataFile Version 2.0

ASCII
DATASET STRUCTURED_POINTS
DIMENSIONS 65 65 65
ASPECT_RATIO 1 1 1
ORIGIN 0 0 0
CELL_DATA 262144
SCALARS volume_scalars unsigned_char 1
LOOKUP_TABLE default
61 61 64 65 67 65 65 62 60 60 62 62 61 61 61 60 61 61 61 60 62 61 62 64 65 64 66 67 67 65 64 63 61 60 63 62 61 60 61 62 63 64 68 67 65 65 65 63 65 67 68 68 66 63 61 61 59 60 63 64 88 116 129 149 
63 62 63 65 65 64 64 63 62 63 64 64 62 62 60 59 60 60 60 59 61 60 61 62 64 64 64 66 66 64 62 63 62 61 62 63 62 61 62 62 63 64 66 65 64 64 64 63 66 67 68 67 67 63 62 61 60 61 63 63 89 115 129 149 
64 64 65 66 66 64 63 63 62 63 64 64 63 62 61 60 60 59 59 57 60 60 61 63 65 65 65 66 65 63 62 61 61 60 62 63 63 62 62 62 63 63 66 64 64 64 64 63 65 67 68 67 66 64 63 62 63 63 64 64 89 114 127 147 
65 64 65 66 66 65 65 65 64 65 65 64 63 63 62 62 62 60 59 57 58 59 61 62 64 64 65 65 64 61 60 60 61 62 65 65 65 64 63 62 63 62 64 63 63 63 64 63 65 65 66 65 65 64 65 64 64 64 64 63 88 114 127 148 
63 62 62 64 62 62 63 65 65 66 66 64 62 62 62 62 63 61 61 59 60 61 62 63 64 64 64 65 64 62 61 61 62 63 65 66 67 65 66 64 64 63 65 62 63 62 63 63 63 64 65 65 64 64 65 64 65 66 65 63 89 112 124 146 
64 65 65 66 63 63 63 64 64 66 66 66 65 64 65 65 64 61 61 60 61 61 62 62 62 62 62 63 63 62 62 62 63 64 65 66 67 66 65 64 64 64 64 63 64 63 64 64 64 65 66 64 64 65 66 65 67 67 65 62 88 114 126 149 
64 65 65 66 65 63 63 64 64 64 65 64 64 63 65 66 65 63 63 62 62 62 62 62 62 61 63 63 63 63 62 61 61 62 64 65 66 64 63 63 63 63 65 65 65 64 64 64 62 63 64 61 61 64 65 65 67 68 66 63 88 114 125 148 
65 65 66 66 64 63 63 64 64 64 64 63 63 62 64 65 64 64 64 64 64 64 63 62 62 61 61 63 64 63 64 65 63 64 64 65 65 64 63 64 63 63 64 65 65 66 66 65 63 63 63 61 61 63 65 64 65 67 63 61 87 114 125 149 
65 67 67 67 65 64 63 64 65 64 65 64 64 62 65 66 65 65 67 66 65 65 63 61 60 59 59 62 64 65 64 65 64 63 62 64 63 63 62 64 63 64 66 67 66 67 67 65 64 64 64 61 61 62 62 61 62 64 61 60 86 112 123 146 
65 67 66 67 65 63 63 63 64 64 65 66 66 64 66 66 64 63 64 64 63 63 63 61 61 60 60 60 63 63 62 63 62 61 59 62 61 61 60 62 62 63 64 66 66 66 67 65 65 64 64 62 61 61 62 61 61 62 60 65 90 117 130 155 
63 65 65 65 63 62 62 63 64 64 65 64 64 63 65 66 65 64 65 65 63 64 64 62 62 62 61 63 65 64 62 62 60 60 59 61 61 62 61 63 62 61 63 64 64 66 67 65 64 63 62 61 60 60 60 60 59 61 60 71 95 120 135 160 
65 67 67 66 65 64 63 63 65 65 64 64 65 64 66 66 65 64 65 64 63 64 64 62 62 63 62 63 65 65 64 65 64 63 62 63 63 63 63 65 65 63 64 64 64 65 67 65 66 65 64 64 63 61 61 61 60 62 62 78 102 127 143 170 
63 66 66 65 65 66 64 64 65 65 64 65 66 65 67 67 65 64 65 64 62 64 64 63 62 62 62 62 64 65 64 64 63 63 63 65 65 65 64 66 66 64 65 64 63 64 66 65 66 65 64 63 63 60 61 61 61 61 62 84 108 132 151 180 
63 64 64 64 64 65 63 64 64 64 63 64 65 65 65 65 64 63 62 62 61 63 63 63 63 63 62 64 65 65 64 64 62 62 62 64 65 65 65 67 68 66 65 65 65 65 66 66 66 65 63 64 65 62 63 63 62 62 63 89 114 138 158 188 
64 65 65 64 65 66 64 65 66 65 62 64 63 63 63 64 62 62 61 61 61 63 64 65 64 63 63 64 64 64 64 64 63 64 64 66 66 67 67 67 68 67 65 65 64 65 65 64 65 64 63 63 65 63 64 65 64 64 71 96 121 146 166 191 
65 66 65 64 65 66 64 66 66 65 63 65 63 62 62 62 61 61 60 61 61 62 63 65 64 63 62 62 62 62 63 64 64 64 64 65 65 66 66 67 68 66 65 64 63 63 64 64 65 64 62 62 64 63 64 65 66 65 76 101 126 151 173 193 
62 62 61 61 62 65 65 66 65 64 63 64 64 63 62 62 61 60 59 61 62 63 65 67 65 63 62 61 59 61 62 62 63 64 65 66 66 66 66 65 65 64 63 63 64 64 65 65 65 64 62 61 64 63 64 65 66 64 80 105 131 156 180 194 
62 61 61 61 61 63 64 64 64 63 62 62 62 61 59 60 60 60 59 62 63 64 65 67 66 64 63 62 59 60 62 62 63 63 63 63 62 62 63 64 64 64 63 64 63 63 64 63 64 63 62 62 65 63 64 65 66 64 85 111 137 163 187 194 
63 63 62 62 61 63 64 64 64 64 62 62 63 62 62 62 61 61 61 62 64 66 67 69 68 67 66 64 61 62 63 63 64 64 65 64 63 62 63 62 62 61 61 60 61 62 63 63 65 63 62 61 64 63 64 66 68 71 97 122 147 174 195 195 
63 62 62 63 62 63 65 63 63 63 61 61 63 62 62 63 63 63 64 65 66 66 67 68 68 68 67 66 62 63 64 65 64 65 65 63 63 62 63 62 61 60 61 59 60 61 63 63 66 65 64 62 63 63 64 64 67 75 100 126 151 178 194 195 
64 63 63 64 63 63 64 63 64 64 62 62 64 63 63 65 64 63 64 65 66 66 67 67 67 67 67 67 64 64 64 65 63 65 65 64 63 63 63 62 62 63 63 61 61 63 64 63 67 66 66 64 65 63 65 64 67 81 107 132 159 184 196 196 
66 66 65 66 65 64 64 63 64 64 62 63 64 64 63 64 63 63 63 64 65 65 66 66 67 68 68 69 66 66 66 64 63 63 64 63 62 63 65 64 64 65 64 62 62 63 62 62 66 66 65 66 66 64 65 64 70 90 116 141 168 188 194 194 
67 67 66 67 68 66 67 67 67 66 64 65 65 65 66 66 65 63 64 63 63 63 65 65 65 67 68 69 67 66 65 65 64 64 66 66 65 65 65 62 62 61 62 60 62 63 63 63 66 66 65 65 66 64 64 65 76 100 126 152 178 193 193 194 
66 66 66 67 68 67 67 67 67 66 64 65 63 63 62 64 62 62 63 62 62 61 63 64 65 66 67 67 67 65 65 65 64 65 66 66 66 66 65 62 61 61 61 61 63 63 63 63 65 66 65 66 65 64 63 68 85 110 136 163 184 192 193 193 
68 68 69 69 69 69 69 68 67 66 65 65 64 66 64 64 63 61 61 61 61 62 63 63 64 66 66 68 68 66 65 64 64 64 66 66 66 64 64 62 61 62 61 61 63 64 63 64 66 64 63 63 63 61 61 73 95 121 147 173 188 192 192 191 
66 67 68 69 69 70 70 67 66 66 66 65 65 66 63 62 62 61 61 62 61 63 64 65 66 67 66 67 67 65 64 63 64 63 64 65 66 63 63 61 60 59 59 60 63 64 63 65 64 63 62 62 61 61 66 85 111 138 163 184 192 191 190 190 
66 65 68 67 67 68 69 66 66 66 65 64 64 64 62 62 63 62 62 64 63 64 64 64 65 67 65 67 67 65 63 62 62 62 64 64 65 64 63 61 60 61 60 60 63 64 64 65 64 62 62 60 59 60 72 94 122 150 174 189 192 191 190 191 
66 65 67 66 66 67 67 65 65 66 66 66 65 65 62 63 62 63 63 65 63 65 63 64 64 65 64 66 66 64 64 62 62 63 64 64 65 64 63 62 62 64 62 62 64 65 64 65 63 62 60 58 56 64 81 109 137 165 184 194 192 191 190 190 
64 64 65 65 65 66 65 64 65 64 65 65 65 65 63 63 63 62 62 65 64 65 64 64 64 64 62 65 64 62 63 61 61 62 63 63 64 63 63 63 62 63 63 62 63 64 64 65 64 62 60 58 56 69 91 120 146 174 189 193 191 191 190 190 
61 61 62 62 63 64 64 64 65 64 64 65 63 63 62 63 63 63 63 65 65 65 64 65 64 63 62 63 62 61 62 60 60 62 64 63 65 64 62 61 62 62 62 62 63 63 62 62 61 60 59 59 64 82 110 137 162 185 196 194 193 193 192 191 
62 62 63 63 65 65 64 65 65 62 62 64 61 62 63 63 63 64 63 63 64 64 62 63 62 62 62 64 63 62 62 62 62 64 66 65 65 64 63 61 63 64 64 63 64 63 63 63 62 61 61 61 72 94 121 148 172 188 193 192 192 192 192 192 
60 62 63 65 67 67 67 67 65 63 63 63 61 62 63 63 62 63 63 64 64 63 64 64 62 62 62 62 61 61 61 61 62 64 65 64 65 64 63 61 63 62 62 62 63 62 63 63 63 63 61 67 83 109 136 163 182 191 193 191 191 191 191 190 
60 62 62 64 65 65 65 65 64 61 62 62 61 62 63 63 64 64 64 65 65 64 64 64 62 63 61 62 60 60 59 60 62 63 64 63 64 63 63 61 63 63 63 62 62 62 63 63 64 65 64 75 97 122 147 173 186 189 191 190 191 192 193 192 
61 63 63 65 66 66 65 65 65 62 63 63 63 64 65 66 65 66 66 66 65 64 63 63 63 63 63 62 61 61 59 59 61 61 62 62 63 63 63 61 63 65 64 64 65 64 64 63 63 64 68 84 113 139 164 184 193 191 192 191 192 193 193 191 
64 65 64 66 66 64 64 64 63 63 64 65 66 65 65 65 65 64 65 66 66 64 64 64 63 63 64 62 62 62 59 60 63 61 62 62 61 61 62 62 64 66 65 65 65 65 64 64 64 71 80 100 127 153 173 189 192 190 191 190 190 191 191 189 
64 65 64 66 66 64 64 63 63 63 64 65 66 65 65 66 65 64 65 67 66 65 65 64 63 64 64 63 64 63 61 61 63 62 63 64 62 62 62 62 63 65 65 64 64 65 64 63 66 77 92 118 145 167 181 192 190 190 193 192 191 192 192 189 
66 65 64 64 64 62 62 61 61 61 62 64 67 67 66 66 66 65 65 66 66 65 65 64 64 65 65 64 65 63 61 62 64 62 63 64 61 62 62 61 62 65 65 64 64 64 62 61 71 87 107 133 159 176 185 190 189 190 193 194 193 196 195 193 
65 64 63 65 65 63 62 61 60 60 62 63 66 66 66 65 66 65 65 65 66 64 64 64 63 64 65 64 66 65 63 64 65 62 63 63 61 61 62 62 63 65 64 64 63 63 60 66 80 101 127 154 173 186 191 191 191 193 195 195 194 195 194 191 
66 64 63 64 64 62 61 60 58 59 60 62 64 64 64 63 64 64 64 65 65 64 65 65 64 65 65 64 66 67 66 67 66 64 65 65 63 63 64 64 64 65 65 63 62 62 66 77 97 123 149 170 183 190 190 191 189 192 194 194 192 195 194 192 
65 64 64 65 64 64 62 61 60 60 61 62 62 63 63 62 64 66 66 65 64 64 63 64 64 64 64 63 64 65 65 66 65 64 65 65 64 65 66 65 65 66 66 65 63 68 77 93 117 144 164 179 189 190 189 190 190 191 193 193 192 194 195 193 
65 64 65 65 64 64 63 61 61 62 61 62 62 62 62 63 65 68 67 65 66 64 64 66 66 66 66 64 64 64 66 66 65 65 66 64 64 66 67 66 65 65 65 64 67 78 92 113 139 161 176 186 190 190 189 191 191 193 193 194 194 195 195 194 
65 66 66 66 64 64 61 61 62 63 62 64 62 61 62 63 65 68 67 65 65 64 64 66 67 67 66 65 64 65 65 65 65 66 66 65 65 66 66 65 64 65 65 69 78 94 113 139 159 175 185 191 190 191 191 193 192 193 193 192 192 193 193 193 
66 66 67 66 64 64 61 60 62 62 61 62 60 60 59 62 63 66 65 65 65 65 65 65 65 65 65 62 61 64 64 63 63 65 65 66 65 66 66 64 64 65 70 79 94 114 139 158 174 185 190 190 191 190 190 191 191 191 192 192 192 192 192 192 
65 65 66 66 64 64 62 61 63 63 61 63 62 62 61 62 64 66 65 65 66 65 65 65 65 65 65 62 60 62 62 62 64 66 65 65 65 65 65 64 64 69 80 94 114 139 158 172 183 190 190 191 191 191 189 190 191 190 191 192 193 192 193 192 
65 66 66 65 64 64 62 62 63 63 61 62 61 61 61 63 64 65 63 63 64 63 64 64 63 64 64 63 62 63 62 63 65 67 66 66 65 65 65 64 69 79 94 113 139 160 174 183 190 190 190 191 191 191 190 190 191 190 191 193 194 193 193 193 
65 65 65 64 63 62 60 60 61 62 61 62 62 61 61 62 63 62 62 61 61 61 62 62 61 62 61 60 60 62 62 62 65 66 65 65 65 64 64 69 79 94 114 139 160 175 185 190 190 191 191 192 192 191 189 189 189 188 189 190 191 191 191 191 
66 66 65 64 63 63 61 61 61 61 62 63 63 63 63 62 63 61 61 60 61 61 62 62 60 60 60 61 61 62 63 64 65 66 65 64 64 64 69 80 95 115 140 159 175 186 190 191 192 191 192 193 192 191 191 190 189 188 189 190 192 190 191 191 
66 66 65 64 64 63 63 64 64 64 65 64 64 63 63 63 63 61 62 60 61 61 63 62 64 63 64 65 65 64 65 65 65 65 64 63 63 68 79 95 116 140 160 175 185 190 191 192 192 191 192 192 191 191 191 190 189 189 189 190 192 191 192 194 
67 67 65 64 64 62 63 64 65 64 65 64 64 62 62 62 61 60 62 61 61 62 64 62 63 64 64 66 66 65 66 67 65 65 65 67 72 82 97 118 140 159 175 184 190 190 191 191 191 190 192 193 191 192 192 191 190 192 191 192 193 192 191 193 
67 66 64 64 64 62 62 63 63 61 63 63 63 61 62 62 61 60 62 61 61 62 64 63 64 66 65 66 68 67 68 70 66 65 70 77 88 103 124 144 160 174 184 189 190 190 189 191 191 190 192 194 191 192 192 190 189 191 190 190 193 192 191 192 
65 65 63 64 64 63 63 65 64 61 62 62 62 61 62 61 61 60 62 62 62 63 65 64 66 67 66 68 69 68 68 70 65 69 79 92 107 128 149 164 176 186 192 191 192 191 191 191 191 191 193 194 193 193 193 193 191 193 193 192 193 192 191 192 
64 65 63 63 64 64 64 66 66 63 63 61 61 60 61 61 60 60 62 62 62 63 64 64 65 67 66 68 69 68 67 73 76 85 100 119 134 154 169 179 186 191 193 193 193 191 191 191 191 192 194 194 193 192 192 191 191 193 193 193 194 194 192 192 
64 65 63 63 64 63 63 64 64 61 63 62 62 61 62 61 61 61 62 62 62 62 63 64 64 67 66 68 68 73 76 88 96 111 127 147 162 176 185 188 189 188 189 190 192 192 192 192 194 193 195 195 194 193 194 192 192 194 193 193 194 193 192 192 
65 65 64 64 65 64 63 65 65 64 65 65 63 62 63 61 61 62 62 61 61 60 62 63 65 66 66 71 77 87 96 112 122 137 152 169 180 188 191 190 190 189 190 192 193 192 192 192 193 193 193 194 194 193 193 191 192 192 192 192 193 191 191 190 
64 65 64 64 65 64 63 66 66 66 67 66 63 62 63 61 62 63 63 63 62 62 62 62 64 71 77 88 98 113 120 135 146 161 171 184 188 192 190 190 190 190 191 193 194 193 193 192 193 193 192 193 194 194 194 193 193 193 192 192 192 191 190 189 
64 65 65 65 66 65 65 66 66 67 69 68 65 65 64 62 62 64 64 63 62 61 61 66 72 84 95 111 122 138 146 163 173 184 189 196 195 194 192 191 191 190 192 192 193 193 193 192 194 193 192 193 193 193 193 191 191 191 190 191 192 191 190 190 
62 63 63 64 67 66 67 67 66 66 68 67 63 63 63 62 62 65 65 63 63 67 72 82 93 110 121 137 147 163 172 183 187 192 192 194 193 192 191 191 190 190 191 191 193 193 194 193 194 194 193 194 194 194 193 192 191 191 190 190 191 190 189 189 
62 63 65 66 68 67 68 67 66 66 68 66 63 64 63 60 61 63 68 72 77 87 99 109 120 136 147 162 173 184 188 194 194 193 192 193 192 191 191 192 191 192 192 192 193 194 194 193 194 194 194 194 195 194 193 192 192 191 191 190 191 189 189 189 
62 63 64 65 67 67 68 68 66 66 67 64 62 64 68 72 78 83 93 97 103 113 125 135 146 162 172 183 189 195 195 196 194 192 191 192 190 191 192 191 191 194 194 193 195 195 193 193 195 195 194 194 195 194 193 192 193 192 192 191 191 190 190 189 
65 64 64 64 67 66 67 67 66 70 76 79 83 90 93 97 103 109 118 124 128 138 151 161 171 182 187 192 193 194 194 194 192 191 191 191 189 190 191 190 191 194 192 191 192 193 191 193 195 195 194 193 193 191 190 190 191 191 193 192 193 192 192 191 
88 88 88 89 91 90 91 91 91 96 102 105 109 115 119 124 130 135 144 150 155 164 175 181 187 192 193 194 194 194 192 192 190 189 189 189 188 189 190 189 189 191 190 190 191 192 191 193 195 195 194 193 193 190 189 190 192 191 193 193 193 192 193 191 
115 115 114 116 117 115 115 115 115 120 126 130 136 141 145 150 156 160 170 176 181 186 191 191 190 191 193 193 193 194 192 192 191 191 190 190 190 190 190 190 190 191 191 191 191 192 191 192 193 194 193 192 193 191 190 191 192 189 192 192 192 192 193 192 
128 127 126 127 129 127 127 128 129 135 141 147 154 160 165 173 180 185 192 193 193 192 191 190 189 190 192 193 193 193 192 191 190 190 189 189 188 190 190 190 191 192 192 192 192 192 191 192 192 193 191 191 191 190 189 190 190 188 192 192 192 193 194 192 
147 147 146 148 149 147 147 148 149 157 165 173 183 191 189 192 193 192 193 195 194 193 191 190 188 190 192 193 194 193 190 190 189 188 188 189 188 190 190 190 190 189 189 190 190 192 193 193 193 194 192 190 191 189 188 189 188 186 190 191 192 194 195 194 

61 61 63 64 66 64 64 62 62 61 63 63 62 61 60 60 61 62 63 62 64 62 62 63 64 63 64 66 66 65 65 64 63 60 62 62 62 61 62 62 62 63 65 65 64 65 64 63 65 65 66 66 65 63 62 61 60 59 62 62 87 114 128 148 
63 63 64 64 65 64 64 64 63 64 65 65 62 62 60 60 60 62 62 61 62 61 60 61 63 62 63 65 66 64 64 63 63 62 62 63 63 62 62 62 62 62 63 63 63 63 63 63 64 65 65 65 65 62 62 61 60 60 62 62 88 114 128 147 
64 64 65 65 65 64 64 64 63 64 64 64 62 62 61 61 61 61 61 59 60 60 61 62 64 63 64 65 66 64 63 62 62 61 62 63 63 62 63 62 63 62 64 63 63 64 64 63 64 65 65 65 65 63 62 62 62 62 63 63 88 114 127 147 
65 64 65 65 65 65 65 65 64 65 64 64 63 63 62 63 63 62 61 60 60 60 61 62 63 63 64 65 65 63 63 62 62 62 65 65 65 64 63 62 63 63 64 63 64 64 64 63 64 64 64 64 64 63 63 63 64 63 65 64 89 114 127 148 
63 62 62 64 63 63 64 66 65 66 66 65 63 63 64 65 64 63 62 60 60 61 61 62 63 63 63 65 64 63 63 62 62 64 65 65 67 65 65 63 64 63 64 63 64 63 63 63 62 63 63 63 63 63 63 63 65 65 65 64 89 113 125 146 
64 64 65 65 63 63 63 65 64 66 66 66 65 65 66 66 65 62 62 60 60 61 61 61 62 62 62 63 63 63 62 62 63 64 65 66 67 66 65 63 64 63 64 63 64 63 64 64 64 65 65 64 64 64 64 63 65 66 65 63 89 114 126 148 
63 64 64 65 64 63 63 64 64 64 64 65 65 64 66 67 66 64 64 63 63 63 62 62 62 62 62 63 63 63 62 62 62 62 63 64 65 64 63 63 64 63 65 66 65 64 65 63 62 63 64 62 62 64 64 64 66 67 66 64 89 115 126 148 
64 64 65 65 64 64 63 64 64 64 64 64 64 64 65 66 65 64 65 65 65 64 63 62 61 62 62 64 63 63 63 64 63 64 63 64 64 63 62 63 63 63 64 66 65 65 65 64 63 63 63 62 62 63 64 64 64 66 64 62 88 115 126 148 
65 66 66 66 64 63 63 64 65 64 65 65 64 63 66 66 65 65 66 66 64 64 62 61 60 61 60 62 63 64 63 64 64 63 62 63 63 62 61 63 63 64 65 67 66 66 66 65 64 64 64 61 61 62 62 62 62 64 62 61 87 114 125 147 
65 66 66 66 64 63 63 63 64 64 65 65 65 64 66 65 65 64 65 64 63 63 63 62 61 62 61 61 63 63 62 63 62 61 60 61 61 61 60 62 63 63 65 67 66 65 66 64 64 64 64 62 62 62 62 62 62 63 62 66 91 118 132 156 
63 64 64 65 63 63 62 63 63 63 64 63 63 63 65 66 65 65 66 65 63 64 64 63 63 63 62 64 64 63 62 62 61 60 60 61 61 61 61 63 64 64 65 66 66 66 66 64 63 62 61 61 60 60 61 61 61 62 62 72 97 123 138 162 
65 66 66 66 65 65 63 63 64 63 63 63 63 63 66 66 66 64 64 64 62 64 64 64 64 65 63 65 65 65 64 65 63 63 62 63 63 63 63 64 65 64 65 65 65 65 66 65 65 64 64 63 62 61 61 62 61 62 62 78 102 127 144 170 
63 65 65 65 64 65 63 64 64 63 63 64 64 64 66 66 65 64 64 63 62 64 65 64 63 64 63 64 64 64 64 64 63 63 64 65 65 64 64 65 66 65 66 65 65 65 66 65 65 64 63 63 62 61 61 62 62 62 63 84 108 133 151 179 
63 64 64 64 64 65 63 64 64 63 62 63 64 64 65 65 64 62 61 62 61 63 64 64 64 64 64 65 65 64 64 64 62 63 63 64 64 64 65 65 67 66 66 66 65 65 65 65 65 64 63 64 64 62 63 64 63 63 64 90 114 139 158 189 
65 66 65 64 65 65 64 64 65 63 62 63 63 63 63 64 62 62 61 62 62 64 64 65 64 63 63 63 63 63 64 64 63 63 65 65 65 66 66 66 67 66 66 65 65 65 65 64 65 64 63 63 64 62 64 64 64 64 71 96 121 146 166 191 
66 66 66 65 65 65 63 65 65 64 63 64 63 63 63 63 62 62 61 62 63 64 64 65 63 62 62 62 62 62 64 64 64 64 65 65 65 65 65 65 66 66 64 64 64 64 64 64 65 64 64 63 64 63 64 64 66 65 76 101 125 151 173 192 
63 63 63 62 63 64 64 64 65 64 64 64 64 64 63 63 62 61 60 62 63 64 65 66 63 62 62 60 60 61 63 63 64 65 66 66 65 65 65 65 65 65 63 64 65 65 65 65 65 64 63 62 64 62 63 64 66 64 81 106 130 156 180 193 
63 62 62 62 62 63 63 63 63 63 63 63 63 62 61 61 62 62 61 63 63 64 65 66 64 63 62 61 60 61 63 64 65 64 65 64 63 63 63 64 65 65 63 64 64 64 63 64 65 64 64 63 65 63 64 64 65 64 86 111 136 162 187 192 
65 64 64 63 62 63 64 63 64 63 63 62 63 62 62 62 62 62 63 63 64 65 66 67 66 65 64 63 61 63 64 65 66 66 66 64 63 62 62 63 63 63 62 61 62 63 63 63 65 64 63 62 64 62 64 64 66 70 97 121 146 172 193 193 
64 64 63 64 62 63 64 63 63 63 62 62 63 61 62 62 63 64 65 65 65 65 65 66 66 66 65 65 63 64 65 66 66 67 66 63 63 62 62 62 62 61 61 60 60 62 63 64 66 66 65 63 64 63 64 64 66 75 100 126 151 177 193 193 
65 64 63 63 62 63 63 63 64 64 62 62 63 62 62 63 63 63 64 64 65 65 66 65 66 66 66 66 64 65 65 65 64 65 65 64 63 62 63 63 63 63 63 61 61 63 64 64 68 67 66 65 66 64 65 65 67 81 107 132 158 183 194 194 
66 66 65 65 64 64 63 63 64 64 62 63 63 62 61 62 62 62 64 64 64 64 65 65 65 66 66 68 66 66 66 65 64 64 64 63 63 62 64 64 64 64 64 61 61 63 62 64 67 67 66 66 66 65 66 65 71 91 116 142 168 188 194 194 
67 67 66 66 65 65 65 66 66 66 63 64 64 63 63 64 63 63 63 63 63 63 63 63 64 66 66 68 67 66 66 65 64 65 65 65 65 63 63 62 61 62 62 60 62 63 63 64 67 67 65 66 66 64 65 66 76 101 126 152 178 193 194 195 
65 65 64 65 65 65 65 66 65 66 63 64 63 62 61 63 62 62 63 63 62 61 62 63 63 65 66 66 66 65 65 64 64 65 65 65 65 64 63 61 61 61 61 61 63 63 63 65 67 67 66 67 66 65 65 70 85 110 136 162 184 193 194 195 
67 67 67 67 67 67 66 66 65 66 65 66 65 65 64 64 63 62 63 63 61 62 62 63 63 65 65 67 66 65 64 64 64 64 65 65 65 63 62 61 60 61 61 61 63 64 63 65 66 65 63 65 64 63 63 75 96 122 147 173 188 193 193 193 
66 66 67 68 68 68 67 65 64 65 65 65 65 66 64 63 63 62 62 63 62 63 64 65 65 67 66 66 65 65 64 64 65 64 64 64 64 62 61 60 59 59 60 61 63 64 63 64 64 64 62 63 63 63 68 85 111 137 162 183 192 192 192 192 
66 66 67 67 66 67 67 64 64 64 64 64 65 65 64 64 64 64 63 64 63 63 63 64 64 66 65 66 65 64 63 63 63 63 64 64 64 63 62 60 59 60 61 61 64 64 64 64 64 63 63 61 61 62 73 95 123 149 173 188 192 192 191 193 
65 65 66 66 66 66 66 64 64 64 64 66 66 66 64 65 64 64 64 65 63 64 63 64 64 65 65 66 65 64 64 63 63 64 64 64 64 64 62 61 60 62 61 62 64 64 64 65 63 62 62 60 60 67 83 110 137 164 183 193 192 192 191 192 
64 64 65 65 66 66 66 64 64 63 64 65 66 67 66 66 65 64 62 65 64 65 64 65 64 64 63 65 65 63 64 63 63 63 63 62 63 63 62 61 61 62 61 61 63 64 63 64 63 61 61 59 59 71 93 120 147 173 188 192 191 192 191 192 
61 61 62 63 64 65 65 65 64 62 62 64 64 65 64 65 64 63 62 65 64 64 64 65 65 64 63 65 64 63 64 62 62 63 64 63 65 64 62 61 61 62 61 61 62 62 62 62 61 60 61 60 66 84 111 137 163 184 194 193 192 193 193 192 
60 60 61 62 65 66 66 66 65 62 62 63 62 63 64 64 63 64 63 64 64 63 62 63 63 63 63 65 64 63 64 63 63 64 65 64 65 64 63 61 62 63 62 62 63 62 62 62 61 61 62 62 73 96 123 148 173 187 192 191 192 192 193 193 
58 60 61 63 65 67 67 67 65 63 62 63 61 63 63 63 63 64 63 65 64 64 64 64 62 63 62 63 62 62 62 62 62 63 64 63 64 64 63 62 62 62 61 62 62 62 63 64 62 62 62 68 84 110 137 164 182 191 192 191 192 192 192 191 
59 60 61 63 64 65 65 65 64 62 62 62 61 62 63 63 64 64 64 66 65 64 64 64 63 63 62 63 62 62 61 62 62 63 64 62 63 63 63 62 63 64 63 62 63 62 62 63 63 64 64 75 97 123 148 174 187 189 190 190 191 192 193 192 
60 62 62 64 65 66 65 65 64 62 62 62 62 63 63 64 65 66 66 66 65 64 63 63 62 63 63 63 63 63 61 61 61 61 62 62 62 63 64 62 64 66 65 64 65 64 63 63 62 63 69 84 112 139 165 184 193 191 192 191 193 193 194 192 
62 64 64 66 66 65 64 63 62 63 64 64 64 64 63 63 64 64 65 66 66 65 64 64 62 63 63 63 63 63 61 61 62 61 62 62 61 62 63 63 64 67 66 66 66 66 64 64 64 70 79 100 127 154 173 188 192 190 191 191 191 192 192 190 
64 66 65 66 66 64 63 62 62 62 63 63 64 64 63 64 64 65 65 66 66 65 64 64 63 64 64 64 64 64 62 62 63 61 62 63 61 62 63 62 64 66 66 65 65 65 64 63 67 78 93 119 146 168 182 192 191 191 193 192 193 193 192 189 
66 66 65 65 65 63 62 61 61 61 62 63 64 65 64 64 64 64 64 65 65 64 64 64 64 65 66 65 65 64 63 63 63 61 63 63 61 62 63 62 63 66 66 65 65 65 62 62 71 88 107 133 160 177 185 191 190 191 193 193 193 195 194 192 
66 66 65 66 66 64 62 61 60 60 61 63 64 64 64 63 63 63 64 64 65 63 63 64 63 64 65 65 66 65 64 64 64 61 63 63 62 62 63 63 63 65 65 65 65 65 62 67 81 102 128 155 176 187 192 192 192 193 195 195 194 195 193 191 
67 66 65 66 65 63 61 60 59 60 61 62 63 63 62 61 62 63 63 64 64 64 64 64 63 64 65 65 66 67 66 66 65 63 64 64 64 64 65 64 64 65 65 63 62 63 67 78 98 125 149 171 184 190 190 191 190 192 194 193 192 193 192 191 
66 66 65 66 65 64 62 62 61 62 62 63 62 62 62 61 63 66 65 64 64 63 62 63 63 64 64 64 65 65 66 66 64 63 64 65 65 65 66 65 65 66 66 65 63 68 78 93 118 145 165 179 189 190 189 190 190 191 193 192 192 193 193 192 
65 65 65 65 65 64 62 61 62 62 61 63 62 62 62 62 64 67 66 65 66 64 63 64 65 65 65 65 64 65 66 66 64 64 65 65 65 66 67 66 65 65 65 64 68 78 93 113 139 161 175 185 189 190 189 190 191 192 192 192 193 193 193 193 
66 66 66 66 65 64 61 61 62 63 62 64 63 62 62 63 65 68 67 65 65 63 63 64 64 64 64 64 64 65 65 65 64 65 65 66 66 66 67 66 65 65 66 70 79 95 114 139 159 176 185 190 190 191 190 192 191 192 192 192 191 192 192 192 
65 66 66 66 65 63 61 60 61 62 60 62 61 61 61 63 64 68 66 65 65 65 64 64 63 63 63 61 62 64 64 63 63 65 65 66 67 67 67 65 65 65 71 80 94 115 140 158 174 184 189 188 189 189 188 190 190 190 190 191 191 192 192 192 
64 65 65 66 65 64 62 60 62 61 60 63 63 62 63 64 65 67 66 65 66 64 64 64 63 62 63 61 60 62 62 61 63 65 65 66 66 64 65 64 63 69 81 95 115 141 160 173 183 189 188 188 190 189 189 190 190 189 190 192 192 192 193 192 
64 65 65 65 65 64 62 61 62 61 60 62 62 62 62 64 65 65 64 64 64 63 63 63 61 61 62 60 60 62 62 62 65 67 67 67 66 65 65 63 68 78 94 114 140 161 176 184 189 189 188 189 190 191 190 191 191 190 191 193 193 192 193 193 
64 65 65 64 64 63 61 60 61 61 60 62 62 62 62 63 64 63 63 62 62 61 63 62 60 60 60 58 59 61 61 62 65 66 66 66 66 65 64 69 78 93 115 140 161 177 186 190 189 189 189 190 190 190 189 190 190 189 190 191 192 191 192 192 
65 65 65 64 64 63 62 61 61 61 62 62 63 63 63 63 64 62 61 61 61 61 63 62 60 60 60 59 60 62 63 63 65 66 66 65 65 65 69 78 94 114 139 159 175 186 191 191 190 190 190 191 191 191 191 191 190 190 190 191 192 191 191 192 
66 65 65 64 64 63 64 64 64 63 64 63 63 63 63 63 64 62 62 61 62 61 64 63 63 62 63 63 64 63 65 65 65 65 66 65 64 69 79 93 114 139 159 175 184 190 190 191 190 190 190 192 192 192 191 191 190 191 190 191 193 192 191 192 
66 66 65 64 65 63 64 64 64 63 64 63 63 63 63 63 62 60 62 62 61 62 64 63 63 64 64 65 65 64 65 66 65 66 67 69 74 83 98 118 139 159 173 184 190 189 190 191 190 190 191 193 192 193 192 192 191 192 192 193 194 192 191 191 
66 65 64 64 65 63 64 64 63 62 63 63 63 63 63 63 62 61 62 62 62 63 65 64 65 66 65 66 67 66 67 68 66 66 71 78 89 104 123 144 159 174 184 190 190 189 189 190 190 191 192 194 192 192 192 191 190 192 191 191 194 192 191 191 
64 64 63 64 64 62 63 64 63 61 62 62 62 62 63 62 62 61 62 62 62 63 65 64 65 66 66 68 69 67 68 69 65 70 81 94 109 129 149 165 176 186 192 191 191 190 190 191 191 191 193 194 194 193 193 193 192 194 193 193 194 192 191 191 
63 63 62 64 64 63 64 65 64 62 62 61 61 61 62 63 62 61 62 62 62 63 64 64 65 66 65 67 68 67 66 72 76 85 100 120 135 154 170 180 186 191 193 193 192 191 191 191 191 191 193 193 193 192 192 191 192 193 194 194 195 194 192 191 
63 63 62 64 64 63 62 63 63 62 63 63 63 62 63 62 62 62 62 63 62 62 63 64 64 66 65 66 66 71 74 86 95 110 126 146 162 176 185 189 190 189 190 191 192 192 192 192 193 192 193 193 193 192 193 191 192 193 193 193 194 193 192 192 
64 64 63 64 64 63 62 64 63 63 65 65 63 63 63 63 63 64 63 63 62 61 62 63 64 65 65 70 76 86 95 111 121 136 151 167 178 188 192 191 191 191 192 193 193 193 191 192 192 191 191 192 193 192 193 191 192 191 191 191 193 191 191 191 
61 63 62 64 63 63 62 64 63 64 65 65 63 63 63 62 63 64 64 64 63 63 62 63 63 70 75 86 97 112 120 136 146 161 170 182 187 192 191 191 192 191 192 193 193 194 193 192 192 192 190 192 193 192 193 192 192 191 191 191 192 191 190 190 
62 63 63 64 64 64 63 65 64 66 67 68 65 65 65 63 63 65 65 65 63 63 63 67 72 84 94 110 121 137 146 163 173 182 188 194 194 192 191 191 191 190 191 192 193 194 193 192 193 192 190 192 192 192 192 191 190 190 189 190 191 191 190 190 
61 62 63 64 65 66 65 66 65 66 67 67 65 65 65 63 63 66 65 65 65 69 74 84 94 110 121 136 147 163 172 183 187 192 192 193 192 192 192 191 191 191 191 191 192 194 193 193 194 193 191 193 193 193 192 192 191 191 190 190 191 190 190 190 
61 62 64 65 66 67 67 65 64 65 67 66 64 65 64 62 63 65 69 74 79 89 100 109 119 135 146 161 173 184 189 194 194 193 193 193 193 193 193 192 192 193 192 191 192 194 193 193 195 195 193 194 195 194 193 193 192 192 191 190 191 189 189 189 
61 62 63 64 66 66 67 67 65 65 65 64 63 65 69 73 78 84 94 99 104 114 125 135 145 161 172 182 189 195 196 195 194 193 192 192 192 193 193 192 192 194 193 192 194 194 193 193 195 195 194 194 194 194 193 194 193 193 192 191 191 190 189 189 
65 64 64 64 66 66 67 66 65 70 75 80 84 91 95 99 105 111 120 125 130 140 151 162 171 181 188 192 194 194 195 194 192 191 192 191 191 192 192 191 191 193 192 191 192 193 191 193 195 195 194 194 193 192 191 192 192 192 193 192 192 191 191 190 
89 89 89 90 91 91 92 91 91 95 100 104 109 115 119 125 131 137 145 151 156 165 176 182 187 192 194 194 194 194 194 192 190 190 190 190 190 192 192 190 190 191 190 191 191 192 192 193 194 195 194 193 193 191 191 192 193 192 194 193 192 192 192 190 
116 115 115 116 116 115 116 115 114 120 125 128 134 140 144 150 157 161 171 177 181 186 191 191 190 191 193 193 194 194 194 192 191 191 191 191 191 192 191 190 190 191 191 191 192 192 192 192 193 194 193 192 193 191 190 192 192 190 193 192 192 192 193 191 
129 127 126 127 128 127 128 129 128 134 140 145 153 159 165 173 180 186 192 193 192 192 191 191 190 191 192 193 193 193 193 192 190 190 190 189 189 191 190 190 190 191 191 192 192 192 192 192 192 193 191 191 191 190 189 191 191 190 192 192 192 193 194 192 
149 148 147 148 150 147 148 148 148 156 165 172 182 191 191 193 194 193 193 195 193 193 192 191 190 190 191 193 193 192 191 191 188 188 189 189 188 190 190 189 189 188 188 189 190 192 193 193 193 193 192 190 191 188 187 189 188 187 191 192 192 194 196 194 

63 63 64 65 66 65 65 64 63 62 63 64 62 61 60 61 62 63 65 64 64 61 62 62 64 64 65 66 67 66 65 64 64 61 62 62 61 60 61 62 62 63 65 64 64 65 64 63 65 65 66 66 65 63 62 61 60 59 61 61 86 113 127 146 
64 64 64 65 65 64 64 65 64 64 65 65 62 61 60 61 62 62 63 62 61 60 61 61 63 64 64 65 66 65 64 64 64 63 63 63 62 61 62 62 62 63 63 62 63 64 64 63 64 65 65 65 64 62 61 60 60 60 62 62 88 114 127 146 
65 64 65 66 65 64 64 64 64 64 64 65 62 62 61 62 63 62 62 60 60 60 61 61 63 64 64 65 65 64 63 62 63 62 63 63 63 62 62 62 62 62 63 62 63 64 64 64 64 65 65 65 64 63 62 61 62 61 63 63 88 113 126 146 
63 63 64 65 64 64 64 65 65 66 65 65 63 63 62 63 64 62 62 60 60 60 60 61 63 63 64 65 65 63 63 63 64 64 65 65 65 63 63 62 62 62 63 63 64 64 64 64 63 64 64 64 63 63 62 61 63 63 64 63 89 113 127 148 
62 62 62 63 62 63 63 66 66 67 66 66 64 63 64 65 65 63 62 60 60 61 62 63 64 64 63 65 64 63 63 63 63 65 65 65 67 65 65 63 64 63 63 62 63 63 63 64 63 64 63 63 62 63 62 61 63 64 64 64 89 113 125 146 
62 62 63 64 62 63 62 64 64 66 66 66 65 65 66 66 65 63 62 61 60 61 61 62 63 63 62 64 63 63 63 63 64 65 65 66 67 66 65 63 64 63 63 63 64 63 64 65 64 65 65 64 63 64 63 62 64 64 64 64 89 114 126 148 
61 62 63 64 63 62 62 64 64 65 65 65 65 64 66 66 66 63 64 63 62 62 63 63 62 63 63 63 63 64 63 63 63 63 63 64 65 64 63 63 63 62 64 65 65 64 65 64 63 64 64 62 62 64 63 64 65 66 65 64 89 114 126 148 
62 63 63 64 63 63 63 64 63 64 65 65 65 64 65 65 65 64 64 64 64 63 63 63 62 63 62 64 64 64 65 65 65 65 63 64 64 63 63 63 63 63 64 65 65 65 65 64 63 63 64 63 62 63 64 64 64 65 64 63 88 115 126 148 
63 64 64 65 63 63 63 63 64 64 64 64 64 63 66 66 66 65 66 65 64 64 63 62 61 62 61 62 63 64 64 64 64 64 62 62 63 62 61 63 63 63 65 66 65 65 66 65 64 65 65 63 62 63 62 62 63 64 63 62 87 114 125 147 
63 64 64 65 63 62 63 62 63 63 65 64 64 64 65 65 65 64 65 64 63 63 63 63 62 63 62 62 63 64 62 63 63 62 60 61 61 60 60 61 62 63 64 66 65 65 66 65 65 65 65 63 63 62 62 62 63 63 63 67 92 119 133 156 
63 63 64 64 63 63 63 63 63 63 64 63 63 63 65 65 65 64 65 65 63 64 64 64 63 64 63 63 64 64 63 63 62 61 60 61 61 61 61 63 63 63 65 65 65 65 65 64 63 62 62 62 61 61 61 62 62 63 63 73 98 124 139 163 
64 65 65 65 65 65 64 64 64 63 63 62 63 63 65 65 66 64 65 64 63 64 65 65 64 65 64 64 65 65 65 65 64 63 61 62 62 62 62 64 64 63 65 64 64 64 65 64 65 64 64 64 63 62 62 63 62 63 63 79 102 129 145 171 
63 65 65 65 64 65 64 64 65 64 63 63 64 64 65 65 65 64 64 64 63 64 65 65 64 64 64 64 65 65 64 64 63 63 63 63 64 63 63 64 65 64 65 64 64 63 65 65 65 64 64 63 63 61 61 62 62 62 64 84 108 134 152 180 
62 64 64 64 65 65 64 65 65 64 64 64 64 65 65 65 64 62 61 62 62 63 64 64 64 63 63 64 65 65 64 64 63 63 63 64 64 64 64 65 66 65 65 65 65 64 64 64 65 64 63 63 63 62 63 63 63 63 64 90 114 140 159 190 
63 65 65 64 65 66 64 65 65 65 63 64 63 64 63 64 63 62 61 62 63 64 64 64 63 62 63 63 64 64 65 65 64 63 64 65 65 65 65 65 65 65 64 64 64 64 64 64 64 63 62 62 63 62 63 64 63 64 70 96 121 147 167 191 
64 65 65 64 64 65 64 65 65 65 64 65 64 63 63 63 62 62 61 63 63 63 63 63 63 62 63 63 63 63 64 64 64 64 65 65 64 64 64 64 64 65 64 64 64 63 64 64 65 64 64 63 64 63 64 64 65 64 76 101 125 151 173 191 
62 62 62 62 63 64 64 65 65 64 65 65 65 64 63 63 63 62 61 63 63 63 64 64 64 63 63 62 62 62 63 63 64 64 66 66 65 65 64 64 64 64 63 64 64 64 64 65 65 64 63 62 63 62 63 64 65 64 80 106 130 156 179 192 
62 61 61 62 62 63 64 64 64 63 63 63 63 63 61 62 62 61 62 63 63 63 65 65 65 64 63 62 62 62 63 64 65 64 65 64 63 63 63 63 63 64 63 63 63 64 63 63 64 63 63 64 64 63 64 64 65 64 86 111 135 161 186 192 
64 63 63 63 62 63 63 63 64 63 63 62 63 62 61 62 62 62 62 63 64 65 66 66 66 66 65 64 63 63 64 64 65 65 65 63 62 63 62 62 62 62 61 61 61 62 62 63 64 63 63 63 64 63 64 65 66 70 96 121 145 171 192 192 
64 63 62 63 62 62 63 63 63 62 62 61 62 60 60 61 63 63 64 65 65 64 65 66 66 66 66 65 63 64 65 66 66 67 66 64 63 63 62 62 61 60 60 60 60 62 63 64 66 66 65 65 64 64 64 64 66 75 100 125 150 175 191 191 
64 63 63 63 61 62 63 62 63 63 61 61 62 60 61 62 63 62 63 64 64 63 65 65 65 66 65 65 64 64 64 65 65 66 66 64 63 63 63 63 62 62 62 61 61 63 64 65 67 67 66 66 66 64 65 65 67 81 107 132 157 182 193 193 
65 65 64 64 63 63 62 62 62 63 61 62 62 61 61 62 62 62 63 63 63 63 64 65 64 65 66 67 65 65 65 65 65 65 65 64 64 63 63 63 63 62 62 61 61 62 62 64 66 66 65 67 66 65 65 65 71 90 116 142 168 187 193 193 
66 66 65 65 64 64 63 64 64 64 63 63 63 62 62 63 63 63 63 63 62 62 63 63 63 65 65 66 65 65 65 64 64 66 66 65 66 64 63 62 61 61 61 60 61 63 63 65 67 67 65 66 65 64 64 64 76 101 126 152 178 192 193 194 
64 64 64 65 65 64 64 64 64 64 62 63 61 61 61 63 63 63 64 64 62 60 61 62 62 65 66 66 65 64 64 64 64 66 66 66 66 65 63 62 60 60 60 61 62 63 64 66 67 68 67 67 66 65 64 69 86 111 136 162 184 192 193 194 
66 66 67 67 66 66 65 64 64 64 64 64 63 63 63 63 64 63 63 62 61 60 61 61 62 65 65 67 65 65 63 63 63 65 65 66 66 64 63 62 61 61 60 61 62 64 63 65 66 66 64 65 64 64 64 75 97 122 148 174 188 192 192 192 
65 65 67 67 67 66 66 64 63 64 64 64 64 65 63 63 64 63 63 63 62 61 62 63 64 66 66 66 65 65 64 64 64 65 65 65 65 64 62 61 59 60 60 61 63 64 64 65 64 64 63 63 63 64 69 86 112 138 163 183 192 192 191 191 
66 66 67 67 66 66 65 63 63 63 63 64 64 64 63 64 64 64 63 64 62 62 62 63 63 66 64 65 64 64 63 63 63 64 64 64 65 64 63 61 60 61 61 61 63 64 64 64 64 63 64 63 63 64 75 96 123 150 173 188 192 192 191 191 
65 65 65 65 65 65 65 63 63 64 64 65 65 65 64 65 64 64 63 64 62 62 61 63 63 65 65 66 66 65 65 64 64 64 65 65 64 64 63 62 61 62 62 62 64 64 64 64 63 63 63 61 61 68 84 111 138 165 184 193 192 191 191 191 
64 63 65 64 64 65 64 63 63 63 64 65 66 66 66 65 64 63 62 64 63 64 62 64 63 64 63 65 65 63 64 64 64 64 64 63 64 63 63 62 62 63 62 62 63 64 63 64 63 62 62 60 60 73 95 122 148 174 188 192 192 191 191 192 
62 61 62 61 63 64 64 64 64 63 62 64 64 65 64 65 64 63 62 64 64 64 63 65 64 63 63 64 63 63 64 63 63 64 65 64 65 65 63 62 61 62 62 62 63 62 62 62 61 60 61 61 67 84 111 137 163 183 193 192 192 192 192 192 
61 62 62 62 64 65 65 65 65 63 62 64 64 64 65 64 63 64 63 63 64 64 62 63 63 62 62 64 63 63 64 64 64 65 65 64 65 65 64 62 62 63 62 62 63 61 62 62 61 61 62 61 73 95 122 147 173 187 192 191 191 191 192 192 
60 61 61 62 64 66 66 66 66 64 63 64 63 64 64 63 63 63 63 64 64 65 64 64 63 63 62 63 62 63 63 63 64 64 65 63 65 65 64 63 63 63 61 62 63 62 62 63 62 62 62 67 83 110 136 162 182 191 192 191 191 191 192 191 
60 61 61 62 63 64 64 64 64 62 62 62 62 64 64 63 64 64 63 65 66 65 64 64 63 63 62 63 62 62 61 62 63 63 64 63 65 65 65 63 64 64 63 62 63 62 62 63 63 64 65 75 96 122 148 172 186 189 191 190 191 192 192 191 
62 63 63 64 64 65 65 64 64 63 62 62 63 64 63 64 65 65 65 66 66 64 64 63 63 63 63 63 63 63 62 62 62 62 63 63 64 65 65 63 64 66 64 64 65 64 62 62 62 63 70 85 112 139 164 183 192 191 192 191 193 193 192 190 
63 65 64 65 65 64 64 63 62 63 63 64 65 65 64 64 64 64 64 66 66 65 65 65 63 64 64 63 63 63 62 62 62 60 61 61 61 62 64 63 64 66 65 64 64 65 63 64 64 70 80 101 127 153 173 187 192 191 192 191 192 192 192 190 
65 66 65 65 65 64 63 62 62 62 63 63 64 64 63 64 64 65 65 67 66 65 65 64 63 64 64 64 65 64 64 63 63 61 62 62 62 63 64 63 64 66 65 64 65 65 64 63 68 79 94 120 147 168 182 191 190 191 194 193 193 193 192 189 
66 65 64 64 63 62 62 61 61 61 62 62 64 64 63 63 64 64 65 66 66 64 65 64 64 65 66 65 65 64 64 63 62 61 62 62 61 63 63 62 63 65 65 64 64 65 63 61 72 88 109 135 162 177 186 190 190 191 193 193 194 194 193 191 
65 65 64 65 64 63 62 61 61 60 61 63 64 64 63 63 63 64 64 65 65 64 64 64 63 64 65 65 66 65 65 64 63 61 62 62 61 62 62 63 62 65 65 65 64 65 63 67 81 103 128 155 176 187 192 191 191 193 195 194 195 194 194 191 
65 65 64 64 64 62 61 61 60 60 61 62 62 63 62 62 63 64 64 65 65 64 64 64 63 64 65 65 66 67 67 65 64 62 63 63 63 63 64 64 63 64 64 64 63 64 68 78 98 124 149 170 184 190 190 190 190 193 194 193 193 193 192 191 
64 64 63 64 63 63 61 61 61 61 62 62 61 62 62 62 63 66 65 65 64 64 63 63 63 64 64 65 66 66 67 65 64 63 64 64 65 65 66 65 65 66 65 66 64 69 79 94 118 146 165 180 190 191 189 189 190 192 192 193 193 193 193 192 
64 63 63 64 63 62 61 61 62 62 61 62 61 62 63 63 65 68 66 65 65 64 63 64 64 64 65 65 65 66 66 64 63 63 64 64 65 66 66 65 65 65 64 64 68 79 93 114 140 162 176 186 189 190 189 189 190 192 192 192 194 194 195 194 
64 65 65 65 64 63 61 61 62 62 62 64 62 62 63 64 65 68 67 65 65 64 63 63 64 64 64 64 65 65 65 63 63 63 64 64 66 65 66 65 64 64 64 69 79 95 114 140 160 176 186 191 190 190 190 190 190 191 192 192 193 193 193 193 
65 65 65 65 64 63 61 60 61 61 61 62 61 62 62 64 65 67 66 65 65 65 64 63 64 63 63 62 63 64 64 62 62 63 63 64 66 66 66 65 65 64 70 79 94 114 139 159 174 185 190 189 189 189 188 188 189 189 190 192 193 193 193 192 
64 65 65 65 65 63 62 61 62 62 61 63 63 63 63 65 65 66 65 64 66 65 65 65 63 62 63 61 60 62 62 61 63 63 64 65 65 64 65 64 63 68 80 94 114 140 160 174 183 190 190 189 190 189 188 188 189 189 190 192 193 193 194 193 
65 65 66 65 65 64 62 61 63 62 61 63 63 63 64 65 65 64 63 63 64 63 64 64 62 62 62 61 61 62 62 62 64 65 65 66 66 65 65 64 68 78 94 113 139 160 175 183 188 189 189 189 190 190 189 189 189 189 191 193 193 193 193 193 
65 65 65 64 64 63 61 61 62 62 61 63 63 63 63 64 64 62 62 61 62 62 63 63 61 61 60 59 59 62 61 62 64 64 64 65 65 64 64 68 78 93 114 140 161 177 186 189 189 189 189 190 190 190 189 189 189 189 190 191 192 192 191 191 
65 65 65 64 64 63 62 62 62 62 62 62 63 64 64 64 64 62 61 61 62 62 64 63 61 60 61 60 61 62 63 64 65 65 66 65 64 64 69 78 93 113 139 159 175 186 191 190 190 191 191 191 191 192 190 190 189 190 190 191 192 191 191 190 
66 65 65 64 64 63 64 65 65 64 64 64 63 63 63 63 64 62 62 61 62 62 63 64 63 62 63 63 64 64 65 65 65 65 66 64 64 68 78 93 113 138 159 174 184 191 191 191 191 191 191 192 191 192 191 191 190 191 191 191 192 191 190 190 
66 65 65 64 64 64 64 65 64 64 64 63 63 63 63 63 62 61 62 62 61 62 64 62 62 63 63 64 65 65 65 66 65 65 66 69 74 84 98 118 139 159 174 184 190 189 190 190 190 191 192 193 192 193 191 192 190 192 192 193 193 191 190 190 
65 65 64 65 65 63 64 64 64 63 63 63 62 62 63 64 63 62 63 63 62 63 64 63 63 64 64 65 66 67 68 68 66 65 71 78 89 104 123 144 160 174 185 190 189 189 189 190 191 191 193 194 192 192 192 191 190 192 192 192 193 192 191 191 
65 64 64 65 65 63 64 64 63 62 63 62 62 63 63 63 63 62 63 63 63 63 64 64 64 65 65 66 68 68 68 68 67 71 82 95 110 129 150 165 177 187 192 191 190 190 190 191 191 192 193 195 193 193 193 193 192 193 193 194 194 192 192 191 
64 64 64 65 65 64 64 64 63 62 62 62 62 62 63 64 63 62 63 63 62 63 64 64 64 65 64 66 67 67 67 72 77 86 101 121 136 155 170 181 188 193 193 193 192 191 190 190 191 191 192 193 192 191 191 191 191 193 194 194 194 194 193 192 
63 64 64 65 65 64 63 63 62 62 62 63 63 63 64 64 63 63 63 63 63 63 64 64 64 65 65 66 66 72 75 86 96 111 126 147 163 176 186 191 191 191 191 192 191 191 190 192 193 192 193 193 192 191 191 191 191 192 193 193 194 193 193 193 
63 63 64 65 64 64 63 63 63 63 64 64 63 63 64 64 64 64 64 63 63 63 63 63 64 64 64 70 76 86 95 110 121 136 152 168 179 187 191 191 192 192 192 193 192 191 191 191 192 191 192 192 193 191 192 191 191 190 191 192 192 192 192 192 
61 62 63 64 64 64 63 64 63 64 64 64 63 63 63 63 63 64 64 64 64 64 64 64 64 70 75 85 96 111 119 134 146 160 170 183 188 191 190 191 192 191 192 193 193 193 193 192 193 192 191 192 193 192 192 192 191 191 191 191 191 190 190 190 
61 62 63 64 64 65 64 65 65 66 67 67 65 65 65 64 63 65 65 65 65 65 64 69 73 84 94 110 121 137 146 161 172 181 187 193 194 192 191 191 191 191 191 192 193 193 193 193 193 192 191 192 191 191 191 190 189 189 189 189 190 190 190 190 
60 62 62 64 65 66 65 66 65 66 67 67 65 65 65 64 64 66 66 65 67 72 76 86 96 110 120 136 146 162 171 181 186 191 191 193 193 192 191 191 190 190 190 191 192 193 193 193 194 193 192 193 192 192 192 191 190 190 189 189 190 189 189 189 
62 63 64 64 66 67 67 67 66 66 67 66 64 65 64 63 63 65 69 74 81 91 101 111 121 135 146 161 173 184 188 193 194 193 193 194 194 193 192 192 192 192 192 192 193 194 194 194 195 194 193 193 193 193 192 192 191 191 191 190 190 189 189 187 
62 64 64 64 65 66 66 66 65 66 66 65 63 65 69 73 78 84 93 99 105 115 126 137 147 161 173 183 188 194 195 194 194 194 193 193 193 193 192 192 192 194 193 193 194 194 194 194 195 195 193 193 192 192 191 192 192 193 192 191 191 190 189 188 
66 65 65 64 66 65 66 66 65 70 75 80 84 91 95 100 105 111 120 125 131 140 152 163 173 181 188 193 194 194 195 194 193 193 193 192 192 193 192 191 191 193 192 192 192 193 192 193 195 195 193 193 192 191 190 190 191 191 192 192 192 191 190 189 
90 90 90 90 91 90 91 90 90 95 100 104 109 115 120 126 131 136 146 151 157 166 176 182 188 192 194 194 194 193 193 191 191 191 192 191 191 192 191 191 190 192 191 191 192 193 192 193 194 195 193 192 192 191 190 191 192 192 193 193 193 192 192 190 
116 116 115 116 116 115 116 115 114 120 125 129 135 141 145 151 157 161 171 177 181 185 190 190 190 191 193 193 194 193 194 192 192 192 192 192 192 192 190 190 191 191 191 192 193 193 193 193 193 194 192 192 192 190 190 191 191 189 192 192 191 191 192 191 
128 127 126 127 128 127 127 127 127 134 140 145 153 160 165 174 181 186 192 193 191 191 191 190 190 191 192 193 193 192 192 192 191 191 191 190 190 191 190 190 190 191 191 193 193 193 193 193 192 193 191 191 190 189 188 191 190 189 192 192 191 192 193 191 
148 148 147 148 149 147 148 148 148 156 165 172 183 192 192 194 195 193 194 195 192 192 191 190 189 190 192 193 193 192 191 190 189 189 190 191 190 191 190 190 190 189 189 190 191 193 194 194 193 194 192 190 191 189 188 189 189 187 191 192 191 193 195 193 

63 62 63 64 66 65 66 65 64 63 62 62 62 61 61 62 64 65 66 65 64 62 61 61 62 63 66 67 67 67 65 64 64 62 62 63 61 61 62 63 63 64 65 65 65 66 65 64 65 65 65 64 64 62 62 61 61 59 60 60 85 111 124 144 
64 64 64 65 66 66 66 66 65 65 64 64 62 62 61 63 64 64 65 63 62 61 60 61 63 62 64 66 67 66 66 65 65 64 64 64 63 63 63 63 64 64 64 63 64 64 64 64 64 65 64 63 63 61 61 60 60 60 61 61 87 112 125 146 
64 64 65 65 66 66 66 65 65 64 63 63 62 62 62 64 65 64 64 62 61 61 61 61 63 63 64 65 65 64 64 63 63 63 63 63 64 63 64 63 64 63 63 63 64 65 65 64 64 65 64 63 62 62 61 61 62 61 62 62 87 112 126 147 
63 63 64 65 65 65 65 65 64 65 64 63 63 63 62 64 65 64 63 61 60 60 60 61 63 63 63 65 65 64 65 64 65 65 66 65 65 63 64 62 63 63 63 63 64 65 65 65 64 64 64 63 62 62 62 62 63 62 62 62 87 112 127 149 
62 62 63 64 64 65 64 66 66 66 65 64 63 63 64 66 65 64 63 61 61 61 61 63 63 63 63 64 63 63 64 63 65 65 66 65 66 65 66 64 64 64 63 62 63 64 64 64 63 64 63 64 62 63 62 62 63 63 62 63 88 113 126 149 
61 62 63 64 63 64 63 65 64 66 66 65 64 64 65 66 66 64 63 61 60 60 60 62 63 63 63 63 62 62 64 64 65 65 66 65 67 65 66 64 64 63 63 62 63 63 63 64 64 65 64 64 63 63 62 62 63 63 62 63 88 114 128 150 
60 61 62 64 63 62 63 64 64 65 65 64 63 63 64 65 65 64 63 62 61 61 62 63 63 63 64 63 63 62 63 63 64 63 64 64 65 64 64 63 64 63 64 64 64 64 64 64 63 64 64 63 63 64 64 64 65 65 63 64 88 115 128 150 
60 61 62 63 63 63 63 64 64 65 65 64 63 63 64 64 64 63 63 63 62 62 63 63 63 64 64 64 64 64 65 66 65 65 64 64 64 63 64 64 64 64 65 66 65 64 64 63 63 63 64 64 64 65 64 64 64 64 63 63 89 115 128 150 
61 62 63 63 62 63 64 64 64 64 64 63 62 62 64 64 64 64 65 64 63 63 63 63 62 63 63 64 64 64 63 64 64 63 62 62 63 62 62 64 64 64 65 66 65 65 65 64 64 65 65 64 64 64 63 64 63 64 64 63 88 115 127 148 
60 61 63 63 63 63 65 63 64 64 65 63 63 63 64 63 65 64 64 63 63 62 63 63 63 64 64 63 64 63 62 63 63 62 60 61 61 60 60 63 63 63 65 66 65 65 65 64 64 64 65 64 64 63 63 63 63 63 64 69 93 120 135 157 
61 62 63 64 64 64 65 64 64 63 64 62 62 63 64 63 64 64 64 64 64 64 65 65 64 64 64 64 64 64 64 63 62 62 60 61 61 61 61 64 64 64 66 66 65 65 65 63 63 63 63 62 62 62 62 63 63 63 64 74 98 124 140 164 
63 64 65 65 65 66 66 64 64 64 63 61 62 63 65 64 65 64 64 64 64 65 66 66 65 65 65 65 65 65 65 65 64 64 61 62 61 61 62 65 65 65 66 65 64 64 64 64 65 64 65 64 64 62 62 63 63 63 64 79 103 129 146 172 
64 64 65 65 65 66 65 65 65 65 65 64 64 64 65 64 65 65 65 64 65 65 66 66 65 64 64 64 64 65 65 64 64 64 63 63 62 62 62 64 64 64 65 64 64 63 65 65 66 64 64 63 63 61 61 62 62 62 64 84 108 133 152 180 
64 64 64 66 65 65 64 65 65 65 65 65 65 66 65 64 64 63 62 63 64 65 65 66 64 63 64 64 64 65 65 64 64 64 63 64 63 62 63 64 65 65 65 65 64 63 64 64 65 63 63 63 63 61 63 63 63 63 65 90 115 140 159 189 
65 66 65 65 65 65 64 65 65 65 64 65 64 65 63 63 62 62 62 63 64 65 65 65 64 62 62 63 63 64 66 65 65 64 64 65 64 64 64 65 65 65 64 64 64 64 65 64 64 62 62 61 62 61 62 62 63 64 71 96 121 146 166 191 
65 66 65 65 65 65 63 65 65 64 64 65 64 63 63 62 63 63 63 64 65 64 64 63 62 61 62 62 62 63 64 64 64 64 65 64 64 64 64 64 64 64 63 63 64 63 64 65 64 63 63 62 62 62 63 63 64 64 76 101 127 152 173 192 
62 63 62 63 63 63 63 65 65 64 65 65 65 64 63 62 63 62 62 64 65 64 64 64 62 61 61 61 61 62 63 63 63 63 65 65 64 65 64 64 64 64 63 63 63 63 64 64 64 63 63 62 62 61 62 63 64 63 80 106 130 155 179 192 
62 62 62 63 63 63 64 64 63 62 63 62 62 62 60 61 62 61 62 63 64 64 65 64 64 62 62 61 61 62 63 63 63 63 64 64 63 64 64 64 64 64 62 63 62 62 62 63 64 63 63 63 63 62 63 64 65 65 87 113 137 162 185 192 
65 65 64 64 63 64 64 63 63 63 62 61 62 61 61 61 62 62 63 64 65 64 65 64 65 64 64 63 62 62 63 63 64 64 65 63 63 64 63 63 63 63 61 61 61 61 61 62 64 63 63 63 63 61 63 64 65 70 98 122 146 172 192 192 
64 64 63 63 63 63 64 63 63 62 61 60 61 60 60 61 64 63 64 65 66 64 65 65 65 65 65 64 63 63 64 64 65 66 65 63 63 64 63 62 62 62 60 60 60 61 62 64 65 66 65 65 64 63 64 65 66 75 102 126 150 176 191 192 
64 63 63 62 61 62 63 63 64 63 61 61 61 60 61 62 63 62 63 63 64 64 65 65 65 65 65 64 63 63 64 64 65 65 66 64 64 64 63 63 63 63 62 61 61 63 62 64 66 67 65 67 66 64 65 66 68 83 109 134 159 182 192 194 
66 65 64 64 63 62 62 62 63 62 61 61 61 61 61 62 63 63 63 64 64 63 63 64 64 65 65 65 64 64 65 64 65 66 65 63 64 63 61 62 62 62 61 61 61 63 62 65 66 67 65 66 65 64 64 65 72 93 118 144 169 188 192 194 
66 65 65 64 63 63 63 63 64 64 63 63 63 63 63 64 65 65 65 65 64 63 63 63 63 65 65 65 65 64 65 64 65 66 66 64 65 64 63 62 61 62 61 61 62 64 63 66 66 67 65 66 65 65 64 65 77 102 127 153 179 193 193 195 
63 64 63 64 64 64 64 64 63 63 62 62 61 62 62 63 65 64 65 65 63 62 62 62 63 65 64 65 65 64 65 64 65 66 67 66 66 65 63 62 60 60 60 61 62 64 64 67 67 68 66 68 67 67 65 70 87 112 136 163 184 192 192 194 
66 66 67 67 66 65 64 63 62 63 63 63 63 64 64 63 65 64 65 64 62 61 62 62 62 65 64 64 64 63 63 63 64 65 66 66 65 64 62 62 61 61 61 62 62 64 63 65 66 65 64 66 65 66 65 76 98 123 148 173 188 191 191 192 
66 66 67 67 67 66 64 63 61 62 63 64 65 66 64 64 65 63 64 65 63 62 63 63 64 66 66 66 65 65 64 64 64 65 65 65 65 64 63 61 60 60 60 61 62 64 63 65 64 64 64 65 65 65 70 86 111 136 161 182 191 191 190 191 
66 66 67 67 67 66 64 62 61 61 63 65 65 65 65 65 64 64 64 64 62 62 62 63 64 66 65 65 65 63 63 63 63 64 65 65 65 65 65 63 62 62 61 61 62 63 63 64 63 64 65 65 65 65 75 96 123 148 172 187 191 191 191 191 
66 66 67 66 66 65 64 61 61 61 63 66 67 66 65 65 63 63 64 64 62 62 61 62 64 64 64 66 65 64 64 64 64 64 65 65 65 66 65 63 62 62 61 61 63 63 63 64 63 63 63 63 63 69 85 111 138 163 183 192 191 191 191 191 
64 65 66 65 65 65 64 61 62 61 63 66 68 67 67 66 63 63 63 64 63 63 62 63 63 63 63 64 64 63 64 64 63 63 63 63 64 64 63 63 63 63 62 62 62 62 62 63 62 63 63 62 63 74 95 121 147 172 187 192 191 191 192 192 
62 62 63 62 63 65 64 63 64 62 62 65 66 66 66 65 63 63 63 64 64 65 64 64 64 64 63 65 64 63 65 65 64 64 64 63 65 65 65 63 63 62 62 61 61 60 60 61 60 61 63 62 68 85 111 137 162 182 192 191 191 192 192 192 
62 62 63 62 63 65 64 63 64 63 62 65 65 65 65 64 62 63 63 64 64 65 63 64 63 63 62 64 63 63 64 64 64 64 64 63 65 65 65 64 64 63 62 61 61 59 60 61 60 61 63 62 73 96 122 147 173 186 191 190 191 191 192 191 
60 61 61 62 63 65 65 65 65 64 64 65 65 65 64 63 62 63 63 64 64 65 64 65 63 63 61 63 62 63 64 64 64 63 64 62 65 65 65 64 64 63 62 62 62 60 61 62 61 62 63 67 83 110 136 162 182 191 191 190 191 191 191 190 
59 61 60 61 62 64 64 64 64 63 62 63 63 65 64 63 64 63 63 64 65 65 65 65 63 64 62 63 62 63 62 62 63 62 63 62 65 65 65 64 65 63 63 62 62 60 60 62 61 63 66 76 97 124 149 173 187 190 190 189 190 191 192 191 
60 61 61 62 62 64 64 64 63 63 63 63 63 64 63 63 65 65 64 66 66 65 65 65 64 65 63 64 63 64 63 62 62 61 62 63 65 65 65 64 64 64 64 63 63 62 61 61 61 62 70 86 112 139 164 183 192 192 192 190 191 192 192 190 
61 63 62 64 63 64 63 62 61 62 63 63 64 65 63 62 63 63 63 65 65 65 65 65 64 64 62 63 63 63 62 61 61 61 62 62 63 63 64 63 63 64 65 64 64 64 63 63 64 69 81 101 127 153 173 187 191 191 191 191 191 192 192 191 
62 64 64 64 64 64 63 62 61 61 63 63 63 64 62 62 63 63 63 65 65 65 65 64 63 64 63 63 64 63 63 62 62 61 62 62 63 63 64 63 63 64 64 63 64 64 63 62 68 78 95 121 148 168 183 191 190 191 193 191 191 192 191 189 
64 65 64 64 64 63 62 62 61 60 61 62 62 63 62 61 62 63 63 65 65 64 64 64 63 64 65 64 65 65 64 63 62 60 61 62 62 63 63 63 62 64 64 63 64 64 63 61 72 88 109 136 163 178 187 191 190 191 192 191 192 192 191 190 
65 65 64 65 64 63 63 62 61 60 62 63 63 63 62 61 61 63 63 65 65 64 64 64 64 64 65 65 67 66 66 64 64 61 61 61 60 61 62 63 62 64 65 64 65 66 63 67 83 104 128 155 176 187 191 191 191 192 193 192 193 192 192 190 
66 65 65 65 64 63 62 62 61 61 62 63 62 62 62 61 61 64 64 64 64 64 63 64 64 65 65 66 67 67 67 65 64 62 62 62 62 63 64 64 64 64 65 63 63 65 69 78 99 125 149 170 185 191 190 191 191 192 192 192 193 192 191 191 
66 65 64 64 64 63 62 62 63 62 62 63 62 61 62 62 64 66 65 64 64 63 62 63 64 65 66 66 67 67 67 66 64 62 62 62 64 65 66 66 65 65 65 65 64 70 79 93 119 146 165 181 191 192 190 190 191 192 192 192 193 192 192 192 
65 64 64 64 63 63 62 62 63 63 62 63 62 62 64 64 65 68 66 65 65 63 62 64 64 65 66 67 67 67 67 65 64 63 64 64 66 67 67 66 65 65 64 64 68 79 93 114 140 162 176 186 190 191 189 189 190 192 191 192 194 194 194 194 
64 64 64 65 64 63 62 62 63 63 63 64 63 62 64 65 66 68 67 65 65 63 62 63 63 63 64 66 66 66 66 65 64 63 64 65 67 67 67 66 65 65 65 70 79 95 114 140 160 176 186 191 190 190 189 189 189 191 191 191 192 193 193 192 
65 65 65 64 65 63 62 61 63 62 62 63 62 62 63 65 66 68 66 65 64 63 62 62 62 62 63 63 64 65 65 63 63 64 64 65 67 67 67 66 65 65 70 80 94 114 139 158 173 184 189 189 190 190 188 188 188 189 190 191 192 192 192 192 
64 64 65 65 65 64 63 62 63 62 62 64 64 64 65 66 66 66 65 64 65 64 63 64 63 62 63 62 62 63 63 63 64 64 65 66 67 66 66 65 64 69 80 95 115 140 159 173 183 189 189 189 190 190 189 188 189 189 190 191 192 192 191 191 
64 64 65 64 65 64 63 62 64 62 62 63 64 64 65 65 65 64 63 63 65 63 64 63 62 62 63 62 62 63 63 63 65 66 67 67 67 66 66 64 68 79 95 114 140 160 175 184 188 188 188 188 189 190 189 189 189 189 190 192 191 192 192 191 
64 64 65 64 65 64 63 62 63 62 62 63 64 63 64 64 64 63 63 62 63 62 64 63 62 61 62 60 61 62 62 62 65 65 66 66 66 64 65 68 78 94 116 141 162 178 187 190 189 189 188 189 189 190 188 189 189 189 189 191 191 191 190 189 
65 64 64 63 63 63 63 63 62 62 62 63 63 64 64 63 64 62 62 62 63 63 64 64 63 62 62 61 62 63 64 64 66 65 67 65 65 64 69 77 92 114 140 160 176 187 191 190 189 190 190 191 190 191 190 190 189 190 190 191 191 190 189 189 
64 63 63 63 63 63 64 65 64 63 63 63 63 63 64 63 63 62 62 62 63 63 65 66 64 63 64 63 64 64 65 65 66 65 68 66 65 69 79 93 113 139 160 175 185 192 191 191 190 191 190 192 191 192 191 192 190 191 191 192 191 191 190 189 
64 64 64 64 63 63 64 64 64 63 63 64 63 63 63 64 63 62 63 63 63 64 65 64 63 63 63 63 65 64 65 66 65 65 67 70 74 84 98 116 138 159 174 185 191 191 190 191 191 191 192 194 191 192 190 191 189 192 192 193 192 191 190 190 
64 63 63 64 64 64 64 65 64 63 63 64 63 64 64 65 64 64 64 63 63 64 65 65 64 64 63 64 65 66 66 67 65 65 71 79 89 104 123 142 158 174 184 191 191 190 189 191 191 192 193 195 192 192 191 191 189 192 191 192 192 191 191 190 
63 63 63 64 63 62 63 64 63 62 63 63 63 64 65 65 64 63 62 62 63 64 65 65 64 65 64 65 66 66 65 67 66 71 82 96 111 130 149 164 176 186 192 192 192 190 190 191 191 192 193 195 193 193 192 193 192 193 193 193 192 191 192 190 
63 63 63 64 63 63 64 64 64 63 63 63 63 64 66 66 65 64 63 62 63 64 65 65 64 65 64 65 66 66 64 70 76 85 101 122 138 156 170 181 188 193 193 194 193 192 191 190 191 191 193 193 192 192 192 192 192 193 194 194 193 193 194 192 
62 63 63 64 63 63 63 64 64 63 63 64 63 64 66 66 65 65 64 63 64 64 65 65 65 66 64 65 65 70 73 84 95 110 126 147 163 176 185 190 191 192 193 194 194 193 191 192 193 192 193 193 192 191 191 191 192 193 193 194 194 193 193 193 
63 62 63 64 64 63 63 64 63 63 64 64 63 63 65 64 64 65 64 63 63 63 63 64 64 65 64 69 75 85 93 109 120 135 151 168 179 187 192 192 193 193 194 195 194 193 192 191 191 191 191 191 192 191 191 190 191 191 192 191 192 191 191 190 
61 61 62 64 62 63 63 64 63 63 64 63 61 63 63 63 63 64 63 63 63 64 64 64 64 70 74 84 95 110 117 133 146 160 171 183 189 191 191 192 193 193 194 194 195 194 193 192 192 191 191 190 192 191 191 191 191 191 192 192 192 191 190 188 
61 61 62 64 63 64 64 65 64 65 65 65 63 64 65 64 64 65 65 64 64 65 65 70 74 85 95 110 121 136 145 161 171 181 187 193 193 193 192 193 193 193 193 193 194 193 193 192 192 191 191 191 191 191 189 189 188 190 190 191 191 191 190 189 
59 60 62 63 64 65 65 65 64 65 65 65 64 65 65 64 64 66 65 64 67 72 78 88 97 110 121 135 145 160 170 180 186 191 192 193 192 192 192 192 191 192 191 191 192 193 192 192 192 192 191 191 191 191 190 190 189 190 190 190 190 189 189 187 
61 63 63 64 65 67 66 66 65 65 65 65 63 65 64 63 64 66 70 75 82 92 101 111 121 135 146 161 173 183 188 192 193 193 193 193 194 193 193 193 193 194 193 192 193 193 193 193 193 193 192 192 192 191 190 190 190 191 192 190 190 189 188 186 
62 63 63 63 64 66 66 66 66 67 66 65 64 65 70 74 79 86 94 100 107 117 127 138 148 161 173 182 189 194 195 193 194 194 193 193 193 194 193 193 193 195 193 193 193 194 193 193 194 194 192 193 192 192 190 191 192 193 193 191 191 190 189 187 
64 64 64 64 66 66 66 66 65 70 76 80 86 92 96 101 106 112 121 126 133 143 153 164 174 182 189 193 194 194 195 194 193 194 194 193 193 194 193 193 193 194 193 192 192 193 192 192 194 194 192 192 190 190 189 190 191 192 192 191 191 191 190 189 
90 90 90 90 92 92 92 92 91 96 101 105 110 116 120 126 132 137 147 152 159 169 178 183 189 191 193 193 193 192 193 191 191 192 192 192 192 192 191 192 191 193 192 192 192 193 192 193 193 193 191 191 191 190 190 192 192 192 192 192 191 191 191 189 
116 116 116 117 117 116 117 117 115 121 126 130 136 141 145 151 156 162 172 178 181 187 191 190 191 191 192 193 193 193 193 192 192 192 191 192 192 191 191 191 192 192 193 193 194 194 193 193 193 193 191 191 191 191 190 191 191 190 192 192 191 191 192 191 
128 127 128 129 129 128 129 129 127 135 141 146 154 160 166 174 180 186 193 192 191 192 192 191 192 191 192 191 191 191 192 192 191 192 190 191 190 191 190 191 191 192 193 193 194 194 193 192 191 192 190 190 190 191 189 191 191 190 191 192 190 191 192 191 
149 148 149 151 151 149 150 149 148 157 166 172 183 193 193 194 194 193 194 194 193 194 193 192 192 192 192 192 192 191 191 191 190 191 189 191 189 190 190 190 190 190 191 192 193 194 194 193 192 192 190 189 190 190 189 190 189 188 190 192 191 193 194 193 

66 64 65 64 64 64 65 64 64 64 64 63 64 63 62 63 64 64 64 65 63 61 61 62 62 63 66 67 66 66 65 63 63 61 61 62 62 62 63 64 64 64 64 64 65 65 66 66 66 65 65 64 63 62 62 61 61 60 60 60 85 111 124 146 
66 65 65 64 64 64 65 65 65 65 65 64 63 63 63 63 64 64 63 63 62 61 60 61 63 62 64 66 66 65 65 63 64 63 63 64 64 63 64 64 64 64 64 63 64 65 65 65 65 65 64 63 62 61 60 60 60 61 62 62 87 113 126 147 
66 65 65 65 65 65 65 64 65 64 63 63 62 62 63 64 66 65 64 64 62 61 61 62 63 63 64 65 65 64 64 62 64 63 64 64 64 63 64 64 64 63 63 63 64 65 66 66 65 65 64 62 61 61 60 60 61 62 62 62 87 114 127 148 
64 64 65 64 64 65 64 64 64 64 63 62 62 62 63 65 66 65 64 63 61 61 61 62 63 63 64 65 65 64 64 63 65 64 65 65 66 64 64 63 64 63 63 63 65 65 66 66 65 65 65 64 62 63 61 61 62 63 62 63 88 115 128 150 
63 64 64 64 65 66 65 66 66 65 64 64 63 63 65 66 66 65 64 62 61 61 61 62 63 63 64 64 64 63 64 63 64 64 65 65 66 65 66 65 65 65 65 64 64 64 64 65 64 66 64 65 63 63 61 62 62 63 62 63 89 115 128 150 
61 62 63 63 63 64 63 65 65 66 65 64 63 64 65 66 66 65 63 61 60 60 61 62 63 64 64 65 65 64 65 64 66 65 65 65 66 65 65 64 65 64 64 64 64 64 64 64 65 66 65 65 63 63 61 61 62 64 63 64 89 115 128 150 
60 61 62 63 63 63 63 64 65 66 65 64 63 63 64 65 65 64 64 63 62 61 63 63 63 64 64 64 64 64 63 64 64 63 63 63 64 63 64 64 65 64 65 65 65 64 64 65 65 65 65 65 63 64 63 64 64 65 64 63 89 115 128 150 
61 61 62 63 63 63 63 65 66 66 66 65 64 64 64 64 64 63 62 62 61 61 63 63 63 64 64 64 64 65 65 65 65 64 62 62 63 63 64 65 66 65 67 66 65 64 63 64 64 64 65 66 64 64 64 65 64 65 64 64 89 115 127 148 
62 62 62 62 62 62 63 64 66 66 65 64 63 63 64 63 64 63 63 62 62 62 63 62 62 64 63 63 64 64 63 64 64 62 61 61 61 61 62 65 65 65 67 67 65 65 64 64 65 65 65 65 63 63 62 64 63 64 65 65 90 116 128 148 
61 60 61 61 62 62 63 64 66 66 66 64 63 62 63 62 64 63 62 62 62 61 63 63 63 64 64 63 63 62 62 62 63 62 60 60 60 60 61 63 64 65 66 66 65 64 64 64 65 64 65 63 62 62 62 63 63 64 65 71 95 121 135 157 
61 61 61 62 63 62 64 64 66 64 65 63 62 62 63 62 64 64 63 63 63 63 64 65 64 64 63 62 62 62 63 62 62 61 60 60 60 60 61 64 64 65 66 65 64 64 64 63 64 63 63 63 62 62 62 64 64 65 66 77 101 127 142 165 
63 63 63 64 65 65 65 65 65 64 63 61 62 62 64 63 64 64 63 63 63 63 64 65 65 64 64 64 63 63 64 64 64 63 61 61 61 61 61 64 64 64 65 65 63 64 64 64 65 64 64 64 63 63 62 63 63 64 65 81 106 131 147 173 
62 63 62 63 63 64 63 64 65 64 64 63 63 63 64 63 64 64 64 63 64 64 64 65 64 64 64 63 63 63 64 64 64 64 63 63 62 62 61 63 63 63 63 63 63 63 64 64 65 64 64 63 63 62 62 62 62 62 64 85 109 135 153 181 
62 63 62 64 64 65 64 66 66 65 65 65 65 64 64 63 63 63 62 62 64 64 64 65 64 63 63 63 63 63 64 64 64 64 63 64 63 62 62 63 64 64 63 64 63 63 63 64 64 63 63 63 63 63 63 63 63 63 65 91 116 141 160 189 
64 65 64 64 65 65 64 65 65 65 64 65 64 64 63 63 62 62 62 63 64 65 64 64 63 62 62 62 63 63 65 65 65 64 64 64 64 63 63 64 63 62 62 63 64 64 64 64 64 62 62 63 63 62 63 63 62 63 71 96 122 147 167 191 
64 65 64 65 64 65 63 64 64 64 64 65 64 64 64 63 63 63 64 64 64 64 63 63 62 61 63 62 62 63 64 63 64 64 65 64 65 64 64 64 64 63 62 63 63 63 64 65 64 63 64 64 64 63 64 62 62 63 75 101 127 152 173 191 
62 63 63 62 63 63 63 64 65 64 66 66 66 65 64 63 63 63 63 64 64 64 64 64 62 62 62 62 62 63 63 62 63 63 65 65 65 65 64 64 64 64 63 63 64 63 64 64 64 63 64 63 63 62 63 62 63 63 80 106 131 156 179 191 
62 63 63 63 63 65 65 65 64 63 64 63 63 63 62 62 63 62 62 63 64 63 64 64 63 62 62 61 61 62 63 63 64 64 64 64 64 64 63 62 62 62 62 63 63 64 64 64 65 64 64 64 65 63 64 64 64 66 89 115 139 164 186 191 
64 64 64 63 63 63 63 63 63 63 63 62 63 63 62 61 63 62 62 63 64 63 63 63 63 63 63 62 61 62 62 62 63 64 64 63 64 64 63 62 62 62 61 61 62 63 63 63 65 65 64 65 65 63 64 64 64 71 98 123 147 173 191 191 
63 63 63 62 61 62 63 63 63 62 62 61 62 61 61 61 63 62 63 63 64 62 63 63 63 64 64 63 62 63 64 64 64 65 65 63 64 64 62 62 62 61 60 60 61 62 63 65 67 68 67 67 66 64 64 65 64 76 102 128 151 177 190 190 
64 63 62 61 60 61 62 63 64 63 63 62 62 61 61 61 63 61 62 62 63 62 63 63 63 64 64 63 63 62 63 63 64 65 65 63 64 64 62 62 62 61 61 61 61 63 64 65 67 68 67 68 67 65 65 66 68 85 111 136 160 183 192 192 
65 64 63 61 61 61 62 62 62 62 62 61 61 62 61 61 63 62 62 63 64 61 61 62 62 63 63 63 63 63 64 63 65 66 65 63 64 63 61 61 61 60 60 60 61 63 63 65 67 67 66 67 67 66 65 66 73 95 121 147 171 189 193 193 
64 64 63 62 61 61 61 62 63 64 64 63 63 63 62 62 65 64 64 64 63 61 61 61 62 64 64 64 64 64 64 63 65 66 65 64 65 64 62 63 62 62 61 61 62 63 64 65 66 67 65 66 66 65 65 65 78 103 129 155 180 193 193 194 
63 63 62 62 62 63 63 64 63 64 64 63 63 63 63 63 66 65 65 65 64 61 61 61 62 64 64 64 64 64 65 64 66 67 66 65 65 64 62 62 61 61 60 61 62 64 64 66 66 67 67 68 67 67 65 70 88 113 139 165 185 192 193 193 
64 65 65 65 65 64 63 62 62 63 63 63 64 65 64 64 66 65 65 64 63 61 60 60 61 64 64 63 64 64 63 63 65 65 65 64 64 64 62 62 62 62 61 63 63 64 63 65 64 64 65 66 66 66 66 76 99 124 150 175 190 192 192 192 
64 65 65 65 65 65 63 62 62 63 63 64 65 66 64 64 65 64 64 64 63 61 61 61 63 65 65 65 65 65 65 65 65 66 65 65 64 64 62 61 60 62 61 63 63 64 63 64 63 64 64 65 66 65 70 86 111 137 163 183 193 192 192 191 
64 64 65 65 65 65 63 62 62 62 63 65 66 65 64 64 64 63 64 64 62 61 62 62 64 66 66 65 65 64 63 64 64 65 64 65 64 65 64 63 63 63 63 63 64 63 63 64 63 64 65 65 66 65 76 96 122 147 173 187 192 192 192 192 
64 64 65 64 64 64 63 62 62 63 64 67 68 66 65 65 64 63 64 64 63 62 62 62 63 64 65 66 65 64 64 64 63 64 64 64 63 65 63 63 63 63 62 63 64 63 63 63 62 63 64 64 65 70 85 111 137 162 183 193 193 193 193 192 
63 63 64 63 64 64 62 61 62 63 64 67 68 67 66 65 63 63 63 65 64 64 64 63 63 63 64 65 65 63 65 63 63 63 62 61 62 63 62 63 63 64 63 64 64 62 62 63 62 63 64 63 64 75 95 121 147 171 187 192 193 193 194 194 
62 62 62 60 62 64 64 63 64 63 63 65 66 65 64 64 62 63 64 65 65 66 64 64 64 64 63 65 64 64 65 65 63 64 63 62 63 64 63 63 63 64 63 63 63 61 61 61 60 61 64 63 69 86 111 136 161 181 192 191 193 193 194 193 
62 62 62 61 62 64 63 63 64 64 63 65 65 65 64 64 63 63 65 66 66 67 65 64 64 63 62 63 62 62 63 64 64 63 63 62 63 63 64 63 64 63 62 62 63 60 61 62 60 61 63 62 73 96 121 146 172 185 191 190 192 192 193 193 
61 61 61 61 62 64 63 64 64 64 64 64 65 65 63 63 62 63 64 66 66 67 65 65 63 63 61 63 62 62 64 64 64 63 64 62 64 64 64 63 63 63 62 63 63 61 61 62 60 62 63 67 82 110 136 161 181 192 192 192 193 194 194 192 
60 61 61 61 62 63 63 63 63 63 62 62 63 64 63 63 64 64 63 65 65 65 64 64 62 63 62 62 62 63 63 63 64 63 63 62 65 64 65 64 64 64 63 62 62 60 59 61 61 62 66 77 96 124 149 171 186 191 191 190 191 192 192 192 
61 62 62 62 62 63 63 63 63 62 62 62 62 63 62 62 63 64 63 65 65 65 64 64 63 63 62 63 63 64 63 63 63 63 64 64 65 64 65 63 64 64 64 63 63 61 60 61 61 62 71 87 112 139 165 182 192 192 193 192 193 193 193 191 
61 63 63 63 63 63 61 61 61 61 63 63 63 65 63 63 63 63 62 64 64 64 65 65 63 63 63 63 63 63 63 62 62 62 62 62 63 63 63 63 63 64 64 63 63 63 61 62 63 68 81 102 127 153 173 185 190 191 192 192 192 193 193 192 
62 64 64 64 63 63 62 61 61 61 63 62 63 63 62 61 62 62 62 64 64 64 64 64 63 63 64 64 64 64 64 63 62 61 61 61 62 62 63 63 63 64 65 63 64 63 61 60 67 78 97 123 148 168 183 190 190 191 193 192 192 192 192 191 
64 65 64 63 63 63 61 61 62 61 62 62 61 63 61 60 61 61 61 63 64 63 64 63 63 64 65 64 65 64 64 62 61 60 60 60 61 62 63 63 63 64 65 63 64 64 61 61 73 89 112 139 165 179 187 190 190 190 191 191 191 191 191 191 
64 65 64 64 63 63 62 62 61 61 62 63 62 64 62 60 60 62 61 63 65 64 64 65 64 65 65 65 66 65 65 63 62 60 60 59 60 61 62 63 64 65 66 64 65 66 63 68 85 106 131 158 178 187 190 190 190 191 192 192 192 192 192 191 
66 66 65 65 63 62 61 62 61 62 63 63 61 62 62 60 61 63 61 62 64 63 63 64 64 65 65 66 65 65 65 64 63 61 60 60 61 61 63 65 64 65 65 64 64 65 68 78 100 126 150 172 186 191 189 190 190 192 191 192 192 191 191 191 
66 65 64 64 63 63 62 63 63 63 63 63 62 62 62 61 62 65 63 63 64 63 62 63 63 64 65 66 66 65 65 64 62 60 61 61 64 65 66 66 66 66 65 65 64 70 79 94 120 148 167 182 192 192 190 190 191 192 191 192 192 191 191 191 
66 65 64 63 63 63 62 63 63 63 63 63 61 63 63 63 64 66 63 64 65 64 62 63 63 64 65 66 66 66 65 64 62 61 62 63 66 67 67 67 66 65 65 64 68 79 93 115 141 162 176 187 191 191 190 190 190 191 190 191 192 191 191 191 
64 64 64 64 64 64 63 64 64 64 63 64 62 63 64 64 65 67 65 64 65 64 62 63 62 63 63 65 66 66 65 64 63 62 63 64 66 66 66 66 65 65 64 70 79 95 114 140 160 176 186 191 191 191 190 189 189 190 190 190 191 191 190 190 
64 64 64 64 64 63 62 62 63 63 63 63 62 63 64 64 65 66 64 63 64 63 62 61 62 62 62 63 64 64 64 63 63 63 64 65 66 67 66 65 65 64 69 80 94 114 139 159 173 184 189 189 190 191 190 189 189 189 189 191 192 191 190 191 
64 64 65 65 66 64 63 63 63 63 64 64 64 66 66 65 65 65 64 63 65 64 63 63 62 62 62 62 63 63 63 63 63 63 65 65 66 66 66 64 64 68 79 94 114 140 160 175 184 190 190 189 190 191 190 189 190 189 190 191 192 191 190 189 
64 64 65 65 66 65 64 64 64 63 64 64 65 66 66 65 65 64 62 63 64 63 63 63 61 61 62 62 62 63 63 63 64 65 67 67 67 67 67 64 69 79 95 115 140 160 175 184 188 188 189 189 190 191 191 190 191 190 191 192 191 191 190 189 
63 63 64 64 66 65 64 64 64 63 63 64 65 65 65 64 64 63 63 62 63 62 63 62 61 61 61 60 60 61 61 62 64 65 66 66 66 65 65 68 78 94 116 142 162 177 187 191 189 190 190 189 190 191 190 190 190 191 191 192 191 191 189 188 
64 63 63 63 64 63 63 64 63 62 64 64 65 65 65 64 64 62 62 62 63 62 63 63 62 62 63 61 62 62 63 63 64 65 67 65 65 65 69 77 93 114 141 162 176 187 191 191 189 191 191 191 191 192 191 192 191 193 192 193 192 191 190 188 
64 63 63 64 64 64 64 65 64 63 64 65 65 65 65 64 63 62 62 62 63 63 64 65 63 62 63 62 63 63 64 64 64 65 67 65 66 71 80 94 114 139 160 176 186 191 191 191 190 191 191 192 191 192 191 192 191 193 193 193 191 191 190 188 
63 62 63 64 63 64 64 64 64 63 63 64 64 65 65 65 63 63 62 63 63 63 65 64 62 62 62 62 62 62 63 63 63 64 67 71 76 87 100 119 140 160 175 187 192 191 191 191 190 192 192 193 191 192 191 192 190 192 192 193 191 192 191 190 
63 63 63 64 64 64 64 64 64 64 64 65 65 65 66 66 65 65 64 64 64 64 65 64 63 63 63 63 63 64 64 65 64 64 70 80 90 105 124 144 160 175 186 192 192 191 191 192 192 193 193 194 191 191 190 191 189 192 192 192 192 192 192 191 
62 62 63 64 63 63 63 63 63 63 63 64 65 65 66 66 64 64 63 62 64 65 65 65 63 63 63 64 64 65 65 66 66 72 83 98 113 131 150 166 177 187 192 193 192 191 190 192 192 193 193 194 192 192 192 192 192 193 193 194 193 193 193 191 
62 62 63 64 62 63 63 63 63 63 63 64 64 65 67 67 66 66 65 64 65 65 65 65 63 62 62 63 63 65 64 70 76 87 102 123 139 157 171 183 189 194 194 195 194 192 192 192 192 192 193 192 191 191 191 192 191 193 193 194 192 194 194 192 
61 62 62 63 62 63 63 63 64 64 64 64 65 65 67 66 66 66 64 63 65 65 65 65 65 64 63 64 64 69 73 84 96 111 127 148 163 175 185 191 191 192 194 194 194 193 192 193 193 192 193 192 191 190 191 190 191 192 193 194 194 193 193 193 
61 61 62 63 62 63 63 63 63 64 64 64 64 64 64 65 65 65 64 64 64 64 63 63 63 63 63 69 75 85 95 110 122 137 152 168 178 184 190 192 192 193 195 195 194 193 192 191 191 190 191 190 191 190 192 191 191 191 192 192 192 191 191 189 
59 60 60 62 61 62 62 63 62 63 64 64 62 63 63 63 63 64 63 64 64 65 64 63 61 67 72 83 94 110 120 134 148 162 172 183 188 189 189 191 192 193 195 195 195 193 192 191 191 190 190 190 191 191 191 190 191 191 192 191 191 190 189 187 
61 61 62 63 62 63 63 64 63 65 65 65 64 64 64 63 64 65 65 65 65 65 65 69 72 82 93 108 120 136 146 161 171 180 185 191 191 190 191 192 192 193 194 194 194 192 192 191 190 190 191 191 191 190 190 189 188 189 190 190 191 191 190 189 
61 62 63 64 63 65 64 64 65 66 66 66 65 66 65 63 64 65 64 65 69 73 78 88 97 108 119 133 144 160 170 180 186 190 190 191 190 190 190 191 191 192 192 192 192 192 190 190 190 190 190 191 192 191 191 190 189 190 190 189 191 189 189 188 
63 64 64 65 65 66 65 66 65 66 66 66 64 65 64 62 64 67 71 77 86 94 102 111 121 133 145 160 172 183 188 192 193 192 191 191 192 192 192 193 194 195 194 194 193 193 191 191 191 192 191 191 191 191 190 190 190 190 191 190 190 189 189 187 
64 64 64 65 65 66 66 66 66 66 66 65 64 66 70 73 80 89 97 102 112 121 128 138 148 160 171 181 188 193 194 193 193 192 192 191 192 192 192 193 194 195 194 194 194 193 191 192 193 193 192 192 192 192 191 191 192 192 192 191 192 190 190 188 
65 65 65 66 67 68 67 67 67 72 76 81 86 92 96 101 107 115 123 128 137 146 154 164 175 181 188 193 194 193 194 193 193 193 193 191 192 193 192 193 194 195 194 193 193 193 191 192 193 193 191 191 191 190 190 191 191 191 192 192 192 191 191 191 
90 90 90 91 93 93 93 93 93 97 102 106 111 117 121 127 132 140 148 154 161 171 178 184 190 192 194 193 194 192 192 191 192 192 192 191 191 192 191 192 194 194 193 193 193 194 192 192 193 193 190 190 191 191 191 192 192 191 191 191 191 191 191 189 
115 115 115 117 118 118 119 118 117 122 127 130 136 142 146 151 157 164 174 179 183 188 190 190 192 192 193 193 194 192 194 193 193 193 192 191 191 191 191 193 194 194 194 194 195 195 194 193 193 192 190 190 191 191 190 191 191 190 191 192 190 191 192 190 
126 127 127 129 130 130 131 130 129 135 141 146 154 161 168 175 182 187 193 192 191 191 192 191 192 192 193 192 192 191 192 192 192 192 191 191 190 190 191 192 193 193 193 193 194 195 194 193 191 192 189 190 190 191 189 191 191 190 191 191 189 190 191 190 
147 148 148 150 151 151 153 152 151 159 167 174 185 193 194 195 194 193 193 192 191 192 192 191 193 192 192 192 192 191 191 192 192 192 191 192 190 190 191 192 191 192 192 193 194 195 195 193 192 192 190 189 190 190 189 190 189 188 190 191 189 191 193 191 

65 64 64 63 63 63 63 63 63 63 63 65 66 65 64 65 64 63 63 65 64 63 63 63 63 62 65 65 65 65 65 63 63 63 63 65 64 65 65 65 64 64 63 63 66 66 66 66 67 65 65 64 63 62 62 60 61 60 60 59 84 110 122 145 
66 65 65 64 64 63 63 64 64 64 64 65 66 65 64 65 64 62 62 63 61 62 61 62 63 63 64 65 66 65 65 64 65 64 65 66 65 65 65 65 65 65 63 63 65 65 65 65 65 64 63 62 62 60 60 59 60 60 61 60 85 111 123 145 
65 65 65 64 64 63 63 63 64 64 63 64 64 64 64 66 66 65 64 64 63 63 63 63 64 63 63 64 65 63 64 63 65 64 65 65 65 65 65 64 64 64 62 62 65 65 66 65 65 64 64 62 62 61 61 60 61 61 62 61 86 113 126 147 
63 64 65 64 63 63 63 62 64 64 63 63 64 64 64 66 67 65 64 64 63 63 63 63 63 63 63 64 65 65 65 65 66 65 66 65 65 65 65 64 64 63 63 63 65 65 66 65 65 64 63 62 61 61 60 60 62 62 62 63 88 113 126 149 
63 64 64 64 64 65 64 64 65 64 63 64 63 64 65 67 67 65 64 64 63 63 64 63 63 63 62 62 63 63 64 64 66 65 65 64 65 65 66 65 66 65 64 63 64 65 65 64 65 65 63 63 63 62 61 61 62 63 63 63 88 115 127 150 
61 62 63 63 63 63 63 64 64 65 64 63 63 64 66 67 67 65 63 62 61 62 62 62 63 64 63 63 65 65 65 66 67 66 66 64 65 64 65 64 65 64 63 62 63 64 64 64 65 65 64 64 63 62 60 61 62 63 64 64 89 115 128 149 
59 60 61 62 62 63 63 64 64 65 64 62 62 63 64 65 66 65 65 64 64 63 64 64 63 64 63 63 63 64 64 65 66 64 63 62 63 63 65 64 65 64 64 63 64 64 65 65 66 66 65 65 64 64 63 64 64 64 64 65 89 115 128 149 
60 60 61 62 63 63 64 65 65 66 65 64 64 64 64 64 65 63 62 62 62 61 63 63 62 64 63 63 64 65 65 65 65 63 62 61 63 63 65 65 65 65 65 64 63 63 63 64 66 66 66 67 65 65 64 65 64 65 65 66 90 116 129 150 
61 60 60 61 61 61 63 65 65 65 65 64 63 64 65 63 63 63 62 62 62 62 62 63 62 64 64 63 63 63 63 63 64 62 61 61 62 61 64 64 64 64 64 63 63 63 64 65 66 66 66 66 65 64 64 65 64 65 66 68 92 119 132 152 
61 60 60 61 62 62 65 65 66 66 67 63 63 64 64 62 64 63 62 62 62 62 63 63 63 64 64 63 63 63 63 62 64 62 60 60 61 60 62 63 63 63 64 63 63 63 64 66 66 66 66 65 63 63 63 65 64 65 66 73 97 124 138 161 
62 61 61 63 63 62 64 65 66 65 66 64 64 64 64 62 64 64 63 63 64 64 65 66 65 64 63 62 62 61 63 63 64 62 61 61 61 61 63 64 63 64 64 63 63 63 64 64 65 65 64 64 63 64 64 65 65 65 66 79 103 130 146 171 
64 64 63 64 64 64 65 65 65 65 65 63 63 64 65 64 65 65 64 63 64 64 64 65 65 64 64 63 62 62 64 63 64 64 63 63 63 62 62 62 62 62 63 62 62 63 63 64 65 65 65 65 64 64 64 64 64 64 65 83 108 135 152 179 
63 64 63 64 64 63 63 64 64 64 65 64 64 64 65 63 64 65 64 63 65 65 65 66 66 63 63 63 62 61 64 64 66 65 65 65 64 62 62 61 61 62 61 61 62 63 63 64 64 63 63 63 63 63 63 63 63 64 64 85 111 137 155 185 
62 64 63 65 65 65 64 65 65 65 66 66 65 65 65 63 64 63 63 62 64 64 65 65 65 63 63 62 62 61 64 64 66 65 66 65 64 63 62 61 61 61 61 61 62 62 62 63 63 62 63 63 63 64 64 64 64 65 66 92 116 142 161 191 
63 65 64 65 64 64 63 64 64 65 65 65 65 65 65 64 63 63 62 63 64 64 64 65 64 63 63 62 62 62 64 65 66 65 66 65 64 62 62 61 60 60 60 61 63 63 64 64 63 61 62 63 63 64 65 64 64 64 71 97 122 148 168 192 
63 65 64 64 64 64 63 64 64 64 65 65 65 65 65 64 63 64 63 63 64 63 63 62 62 62 63 62 62 63 64 64 66 65 67 65 65 64 63 61 61 61 60 61 62 63 63 65 64 62 63 63 63 64 66 64 64 64 76 101 128 153 174 192 
62 64 64 63 63 63 62 63 64 64 65 65 65 65 64 63 63 63 62 63 63 63 63 63 63 63 64 63 63 64 64 64 65 65 65 65 64 63 63 62 61 62 61 62 63 64 64 65 65 63 64 64 64 64 65 64 64 65 82 107 132 157 180 191 
63 64 64 64 64 64 64 64 64 64 64 63 64 64 63 63 63 62 63 62 63 63 63 63 63 63 64 62 62 64 64 65 66 65 65 64 63 63 62 61 60 61 61 62 63 64 64 65 66 65 64 65 65 64 66 65 65 68 91 117 141 165 187 191 
64 64 64 63 63 63 63 63 63 63 64 63 64 64 63 62 63 62 62 62 63 62 63 63 64 64 64 63 63 64 65 65 66 66 65 63 63 64 63 62 61 62 61 62 63 64 64 65 66 65 65 66 66 64 65 65 65 72 99 124 149 173 191 190 
63 63 63 62 62 62 63 63 63 63 63 63 63 62 62 61 63 62 62 62 64 62 64 63 64 63 65 63 64 66 67 66 66 67 66 64 64 65 63 63 63 62 61 61 62 63 64 66 67 68 67 67 68 66 66 66 65 77 104 129 153 177 189 188 
63 62 62 61 60 62 63 63 63 64 63 63 62 62 61 61 63 62 62 62 63 62 64 64 64 65 65 64 64 64 65 64 65 65 64 63 64 63 62 63 63 62 61 61 62 63 64 66 68 68 66 67 67 66 64 66 69 87 112 138 162 183 190 190 
62 62 62 61 60 62 62 62 62 63 63 63 63 64 63 63 64 63 63 63 64 62 63 63 62 62 63 63 63 63 65 64 66 66 65 63 63 62 61 61 61 61 59 60 62 62 63 66 67 67 65 66 66 66 64 66 74 97 123 149 173 190 191 192 
61 61 62 60 60 61 61 62 63 64 64 64 64 64 63 63 65 64 64 64 64 62 62 62 62 63 63 63 63 64 65 63 65 65 64 62 64 63 62 63 63 62 60 61 61 63 64 66 66 66 65 65 65 65 64 66 80 105 131 157 180 192 192 193 
61 61 61 61 61 62 62 63 63 64 64 64 64 64 64 64 66 65 66 65 64 62 62 61 62 63 64 64 64 65 65 64 65 65 64 62 64 63 62 63 62 61 60 61 62 64 64 67 67 67 65 66 66 66 64 71 90 115 140 166 185 192 191 192 
63 63 63 63 63 63 62 62 61 63 64 64 64 65 65 64 66 66 66 64 63 61 61 60 61 63 63 63 64 64 64 64 65 65 64 63 63 63 62 63 62 62 61 62 62 63 63 64 64 64 64 66 66 66 65 76 101 126 151 177 191 192 192 193 
63 64 64 64 64 63 62 61 60 62 63 64 65 66 65 64 66 64 64 63 63 61 61 61 62 64 64 64 64 65 66 66 66 66 65 64 63 63 62 63 62 63 62 62 62 63 62 63 63 63 64 66 66 67 71 87 113 138 163 184 192 191 191 191 
64 64 65 64 64 64 62 61 61 62 63 65 66 66 65 64 64 64 64 63 62 61 62 61 63 65 65 64 65 65 65 66 66 66 65 65 64 64 65 65 64 63 63 63 62 63 63 63 62 64 65 66 66 67 77 97 123 147 173 188 192 191 191 191 
65 64 64 64 63 63 63 61 62 63 65 67 68 67 66 65 63 62 63 63 63 62 62 62 63 64 65 66 66 66 66 67 66 66 65 64 63 64 64 64 63 63 62 63 63 62 62 62 62 63 66 66 66 72 87 111 138 162 182 192 193 191 192 191 
64 63 64 63 63 63 62 61 62 63 64 67 69 68 67 65 64 63 63 64 64 64 64 63 63 64 64 65 65 65 65 66 65 65 63 62 61 62 62 62 63 63 62 63 63 62 62 63 62 63 66 65 66 77 97 121 147 171 187 192 193 193 193 194 
63 62 62 60 62 63 64 63 65 64 64 66 67 66 66 64 63 63 63 64 65 65 64 64 64 64 63 65 65 65 65 67 65 65 63 62 62 63 62 62 62 63 62 63 62 61 61 62 60 62 65 64 70 87 112 136 161 181 191 190 192 192 193 193 
62 62 62 61 61 63 63 63 64 65 65 66 67 67 66 64 63 64 64 65 66 66 65 65 63 63 61 63 62 62 64 65 65 64 62 62 62 63 63 63 62 62 61 62 62 60 61 62 61 63 65 65 75 97 123 146 171 186 191 190 192 193 193 192 
61 61 61 60 61 62 62 63 64 65 65 65 66 66 64 63 63 63 63 65 66 66 65 65 64 63 62 63 62 63 64 64 64 63 63 62 63 63 64 63 63 62 61 62 62 61 61 63 62 63 64 69 84 111 137 161 180 192 191 192 193 193 192 192 
60 61 60 60 61 63 62 63 64 64 63 63 64 65 64 63 64 65 64 66 66 65 64 64 62 63 62 63 62 63 63 63 63 63 63 63 65 64 64 64 63 63 62 62 62 61 60 62 62 63 68 80 99 125 151 172 185 191 191 191 192 192 192 192 
60 62 61 61 61 63 63 62 63 62 62 62 63 64 62 62 64 64 63 65 65 64 64 64 63 63 63 63 63 64 64 63 63 63 63 64 66 64 65 64 63 63 63 62 61 61 59 60 61 62 72 89 114 141 166 182 191 193 193 192 192 192 191 190 
59 62 62 62 63 63 61 61 61 60 62 63 63 65 63 63 64 64 63 65 64 64 64 64 63 63 63 62 63 63 63 61 62 62 62 63 64 63 64 63 63 62 63 61 62 62 61 62 63 68 82 105 129 155 175 187 191 192 192 192 192 192 192 191 
61 63 63 63 63 64 63 62 62 60 61 61 62 63 62 62 63 63 62 65 65 64 64 64 63 63 64 64 64 64 65 63 62 62 62 62 64 64 64 64 64 64 64 62 62 63 61 61 68 78 98 125 149 169 184 190 190 192 192 192 192 191 191 190 
63 64 64 63 63 64 63 62 62 60 60 60 60 61 61 61 62 63 62 64 65 64 64 64 63 64 65 64 64 64 65 62 62 61 61 60 63 63 64 65 65 64 64 63 63 63 62 63 75 90 114 141 165 179 189 190 190 190 191 190 190 190 190 190 
64 64 64 64 63 64 63 63 62 61 60 61 61 62 62 61 60 62 61 63 65 65 65 65 65 65 66 65 65 64 65 63 63 60 60 60 61 62 64 65 65 65 65 64 64 65 63 70 86 106 131 157 176 186 190 191 191 191 190 190 190 190 190 190 
65 65 64 65 64 64 63 64 63 62 61 62 61 62 62 61 61 63 62 63 64 64 63 65 65 65 65 65 65 64 65 63 63 61 60 60 62 63 65 66 66 65 64 64 64 65 69 81 101 127 151 172 184 190 189 189 189 191 190 190 190 189 189 190 
65 65 64 63 62 63 63 64 64 63 62 62 61 62 62 61 63 65 63 63 64 63 62 63 64 64 65 66 66 65 65 63 62 60 61 61 64 65 66 67 67 66 65 65 65 70 79 97 122 148 166 182 190 190 189 189 189 191 190 190 191 190 190 190 
65 64 63 63 62 62 63 64 64 64 62 62 61 63 64 63 63 65 63 63 65 64 62 63 63 63 64 65 66 65 64 62 62 60 61 63 66 66 67 67 66 65 64 64 69 79 94 117 142 162 176 187 188 190 189 190 189 190 190 190 191 190 190 190 
63 63 63 63 64 64 64 65 64 63 63 63 62 64 65 65 65 67 64 64 65 64 62 62 61 61 62 64 65 65 64 63 62 61 62 64 66 66 66 66 65 64 64 69 80 95 115 141 160 175 185 191 189 190 190 190 189 190 190 190 192 192 192 192 
62 63 62 63 64 63 63 64 64 62 63 62 62 64 65 65 66 66 64 64 65 64 62 60 60 60 60 62 64 64 64 63 63 62 63 65 67 67 66 66 65 64 69 79 95 115 140 161 174 184 189 190 189 190 190 189 189 190 190 191 193 192 191 192 
62 62 62 63 65 64 64 65 64 62 63 63 64 65 67 66 66 65 64 63 65 64 63 62 61 60 61 62 63 64 63 63 64 63 65 66 67 67 67 65 65 68 79 94 115 141 161 176 185 189 189 189 189 190 191 190 190 191 191 191 193 192 191 191 
62 63 63 64 65 65 65 66 64 62 64 64 64 66 67 66 65 64 63 62 64 63 63 62 61 60 61 61 62 63 63 64 65 65 66 66 67 66 67 65 70 79 94 114 140 160 175 185 188 187 187 188 189 191 191 191 191 191 191 192 191 192 191 191 
62 63 63 64 66 65 65 65 64 62 63 64 64 65 66 66 64 63 63 61 63 61 62 61 61 60 61 60 62 62 63 63 65 64 66 65 65 65 65 68 79 94 115 141 162 177 187 191 189 189 188 189 190 191 191 191 191 192 192 192 192 191 190 190 
63 62 62 62 64 63 64 65 64 63 64 64 64 65 64 64 63 62 62 62 63 62 63 62 62 61 62 61 62 62 63 63 65 64 66 65 65 64 69 78 94 115 140 162 176 186 191 190 188 189 189 189 190 192 192 193 192 193 192 192 191 191 189 188 
64 63 64 65 64 64 65 65 64 64 64 65 64 64 64 64 63 62 62 62 63 63 64 64 62 62 63 61 62 63 64 63 64 64 66 65 66 71 80 95 115 139 159 176 185 190 190 190 189 190 189 191 190 192 191 193 192 194 193 193 191 191 189 187 
64 64 65 64 64 65 65 65 65 64 63 65 63 64 64 64 62 63 63 63 63 63 64 63 62 62 62 61 62 62 63 63 62 64 66 70 76 87 100 120 141 160 175 187 191 190 190 191 190 191 191 192 191 191 190 193 190 192 192 192 190 191 190 189 
63 63 64 64 64 64 64 64 64 65 64 65 64 65 64 66 64 64 64 63 63 64 65 65 64 63 62 62 62 62 63 64 63 64 70 79 90 105 125 146 161 176 186 193 191 191 191 192 191 192 192 192 190 190 190 191 190 192 192 193 192 192 192 190 
62 62 63 64 63 62 63 62 62 64 63 64 64 64 65 65 64 64 63 62 64 65 65 65 64 63 63 63 63 64 63 64 66 72 83 99 115 132 150 167 178 188 192 193 191 191 190 192 192 193 192 193 190 191 190 192 191 192 193 194 192 192 192 190 
62 62 64 65 63 63 62 61 62 63 63 64 64 64 66 67 66 66 64 63 64 65 65 65 63 63 62 62 63 63 64 70 77 88 104 123 140 157 171 183 189 193 193 194 192 192 192 193 192 192 192 191 190 189 189 191 190 191 193 194 192 192 193 191 
61 61 63 63 62 62 62 61 62 64 63 65 65 65 67 67 66 65 64 63 64 65 66 65 65 64 63 63 63 67 73 84 96 112 128 148 163 174 185 192 191 193 194 194 193 192 192 193 193 193 193 192 191 190 190 190 190 191 192 193 193 192 193 192 
61 61 62 63 62 62 62 62 62 64 64 64 65 64 66 66 66 65 64 63 64 64 63 63 63 63 62 68 74 83 94 110 122 137 153 168 178 184 190 192 193 194 195 195 193 192 191 191 190 190 191 190 191 190 191 191 191 190 192 192 192 191 192 190 
60 60 62 63 61 62 61 61 61 63 64 65 64 64 65 64 64 64 64 63 64 64 64 63 62 67 72 83 94 109 119 134 148 162 173 182 188 189 189 192 193 193 194 194 193 192 192 191 191 191 191 191 192 192 192 191 191 190 191 191 191 190 190 188 
61 61 62 63 62 63 62 63 63 65 66 66 65 65 65 64 64 64 64 64 65 65 65 69 74 84 94 108 119 134 146 161 171 180 185 190 190 190 191 193 193 193 193 193 193 191 191 191 191 190 191 191 192 191 191 190 189 189 190 191 191 191 191 190 
61 62 62 64 62 64 64 64 64 66 66 68 67 67 66 64 64 64 64 64 69 74 79 89 99 110 120 134 145 159 168 179 184 189 190 190 190 190 191 191 191 192 192 192 191 191 191 190 191 191 191 192 192 192 192 191 190 190 190 190 190 190 190 189 
62 63 63 64 64 66 65 66 65 66 67 68 67 67 66 64 64 68 73 78 87 96 103 113 123 134 146 160 171 181 186 190 192 191 191 190 192 192 192 193 194 193 193 193 193 192 191 191 191 191 191 190 191 191 192 191 191 190 191 190 190 190 189 187 
62 63 63 64 64 66 65 65 64 66 65 66 66 68 72 76 81 90 98 103 113 122 129 139 150 161 173 181 187 191 192 190 192 191 191 190 192 192 191 192 194 193 193 193 193 192 191 191 192 192 192 191 191 191 191 192 191 192 192 191 191 190 190 188 
62 64 64 65 65 67 66 67 68 74 78 85 89 96 99 105 109 118 125 129 137 147 154 164 176 183 189 192 193 192 192 191 192 192 192 190 192 193 192 194 195 194 194 193 192 192 191 190 191 191 191 190 189 190 190 191 192 192 192 191 191 191 190 190 
88 89 89 90 91 93 93 94 94 99 103 108 114 120 124 130 135 143 150 155 163 173 179 184 191 192 194 192 193 191 191 189 191 191 191 190 191 192 191 192 194 193 194 194 192 192 192 190 191 191 190 189 190 191 191 192 192 192 192 191 191 190 190 189 
113 114 114 115 117 118 119 119 119 124 129 133 138 144 149 154 159 167 175 180 183 189 190 190 192 193 193 193 193 192 193 192 192 192 192 191 191 191 191 193 194 193 195 194 194 193 192 191 191 191 190 188 188 189 190 190 192 191 191 190 190 190 191 189 
125 126 127 128 129 130 131 131 131 138 143 148 156 163 170 177 183 189 192 192 190 192 192 192 193 194 193 192 192 190 191 190 190 191 191 190 190 190 190 192 192 193 194 193 193 192 192 190 190 191 189 188 188 189 189 190 191 191 191 190 189 190 191 190 
146 147 148 149 150 152 153 154 155 163 171 178 187 194 195 195 195 193 192 192 191 192 192 193 194 194 193 193 192 191 191 191 191 192 191 192 191 191 191 192 191 192 193 193 193 193 192 191 190 190 189 188 187 188 189 189 190 190 190 189 189 191 192 191 

65 63 63 63 62 63 63 62 62 63 62 64 67 66 66 66 65 63 62 64 63 62 62 64 62 63 66 67 66 66 66 64 64 65 63 63 63 64 64 65 67 67 66 65 66 64 64 65 65 65 65 64 62 60 60 59 60 60 60 60 85 110 122 145 
65 63 63 63 62 63 63 63 63 63 63 65 67 66 66 66 65 62 61 63 61 61 62 64 64 65 65 66 66 65 66 65 66 66 65 65 65 65 65 65 67 67 66 66 66 64 64 64 64 64 64 63 62 60 59 59 60 61 62 61 86 112 124 146 
64 63 63 63 62 63 63 62 63 63 62 63 65 65 65 67 67 64 63 65 64 63 64 65 64 64 65 65 64 64 64 64 65 65 66 64 64 64 64 63 65 65 64 65 65 65 65 64 64 65 64 63 62 61 60 60 61 62 62 63 88 114 126 148 
63 63 63 63 62 62 62 62 63 64 63 63 64 64 64 66 67 64 64 65 64 64 65 65 64 65 64 64 65 64 64 65 65 65 65 64 63 63 63 63 65 64 64 63 64 64 65 64 64 64 63 62 62 62 61 62 63 63 62 64 89 115 128 151 
63 64 64 63 63 63 63 63 64 64 62 62 63 64 64 67 67 64 64 65 64 64 65 65 64 64 63 63 64 63 63 65 66 64 65 64 63 64 65 64 65 65 64 63 64 64 65 64 65 65 64 64 63 63 62 63 63 64 63 64 89 116 129 152 
61 62 62 62 62 62 62 63 64 64 63 62 62 63 63 66 67 64 63 63 63 63 64 64 65 65 64 64 65 64 65 66 67 65 65 63 63 62 64 62 64 63 64 63 64 65 65 65 65 65 64 64 63 63 62 64 64 65 65 66 90 117 130 152 
60 61 62 62 63 62 63 64 65 65 63 61 61 62 63 65 66 64 64 64 63 63 64 64 63 64 63 63 64 64 65 66 66 63 62 61 61 61 63 63 64 63 64 63 64 65 65 66 66 66 64 65 63 65 64 65 65 65 64 66 90 117 130 152 
61 61 62 62 62 61 63 64 65 66 65 63 63 63 63 64 64 62 62 61 61 61 63 63 63 64 63 64 65 66 66 67 66 63 61 61 61 62 65 65 65 65 65 63 64 64 64 66 67 66 65 65 64 64 64 65 65 65 65 68 92 118 131 154 
62 61 61 60 60 60 62 64 65 65 65 63 63 64 64 63 63 62 62 61 62 62 63 63 63 64 64 64 64 64 64 64 64 62 61 61 61 61 64 65 63 64 64 63 64 65 66 66 67 67 66 65 64 63 63 64 63 64 64 70 95 121 135 158 
61 61 61 62 62 62 65 65 67 67 67 64 63 63 64 62 63 63 62 61 62 62 63 63 63 63 63 63 63 63 64 63 63 61 60 60 61 61 63 64 62 63 63 62 63 64 66 67 67 66 66 64 62 62 62 64 63 64 65 75 100 126 141 165 
63 62 62 63 64 63 65 65 66 66 67 65 64 64 65 63 64 64 63 63 64 64 65 65 64 63 63 62 62 62 64 63 63 62 61 62 62 62 63 64 62 63 62 61 62 63 64 65 66 65 65 64 63 63 63 64 64 64 65 80 105 131 147 174 
63 63 63 64 64 64 65 65 65 66 66 64 64 64 64 63 64 64 64 64 65 65 65 65 64 63 63 62 62 61 63 63 64 63 63 64 64 63 63 63 60 61 61 61 61 64 65 65 66 66 65 64 64 64 63 64 63 64 65 84 110 137 154 184 
62 63 62 64 64 64 64 65 65 66 66 65 64 64 64 62 64 65 65 65 66 66 66 66 66 63 63 62 62 60 63 64 65 65 65 65 64 63 62 62 60 60 60 60 61 63 64 65 65 65 64 64 64 63 63 63 62 62 64 86 113 140 158 189 
61 63 62 64 65 66 65 66 66 67 67 66 65 64 63 62 63 64 63 63 64 64 64 65 66 63 63 62 61 60 63 64 66 65 66 66 65 63 62 62 60 60 59 60 61 62 63 64 64 63 62 63 63 63 64 63 62 63 67 93 119 144 164 192 
62 63 62 63 63 64 63 64 64 66 66 66 65 65 64 64 64 64 63 63 64 63 63 65 66 64 64 64 63 62 64 65 67 66 66 66 65 63 62 62 60 59 59 61 62 63 64 64 64 62 62 63 63 63 64 63 63 63 72 98 124 150 171 193 
61 64 62 63 63 64 63 64 65 66 65 65 65 64 63 64 64 64 63 63 63 63 62 63 64 64 64 63 63 63 64 65 65 65 65 65 64 64 63 62 61 60 60 61 62 62 64 65 65 62 63 63 64 64 65 64 63 63 77 103 130 156 178 194 
62 64 62 62 62 63 63 64 64 65 65 65 65 64 63 63 63 63 63 62 62 62 63 64 66 66 66 65 64 64 64 64 64 63 63 63 62 62 62 63 61 61 60 61 62 63 64 65 65 63 63 64 64 64 65 64 64 65 84 110 136 160 183 192 
63 64 63 63 63 64 65 65 64 65 64 63 64 63 62 62 63 61 62 61 62 61 63 63 64 65 65 64 63 64 63 63 64 63 63 62 62 62 61 61 60 60 61 62 62 63 63 64 65 63 63 65 65 65 67 66 66 70 93 120 144 169 188 191 
64 64 63 63 63 63 63 63 63 64 64 63 65 64 62 62 62 61 61 62 62 62 64 64 65 65 66 63 63 64 64 63 64 63 63 62 63 63 63 62 61 61 61 61 62 63 63 63 65 64 65 66 67 66 67 67 66 75 101 126 151 176 191 191 
63 63 63 62 62 62 63 63 63 63 63 62 63 62 61 61 62 60 61 62 62 62 64 64 64 64 65 63 63 64 65 64 64 64 64 63 63 64 64 63 63 62 61 61 62 63 63 64 65 66 65 67 68 67 67 67 67 81 107 132 156 180 189 189 
63 62 62 62 62 62 64 63 64 64 63 63 63 63 62 62 63 62 62 62 63 62 64 64 65 65 65 64 63 63 64 63 64 64 64 63 64 63 63 62 63 61 61 62 63 63 63 64 65 66 65 67 67 66 65 66 70 90 116 142 166 186 190 190 
62 61 62 61 61 62 63 62 62 63 63 63 64 65 64 63 64 63 62 63 64 62 63 63 62 62 63 63 61 62 64 63 65 66 65 63 63 63 62 61 62 61 60 61 62 62 62 64 65 65 64 66 66 65 64 65 75 99 125 151 176 190 190 190 
61 61 62 62 61 62 62 61 63 63 64 63 64 65 64 64 66 66 65 64 64 62 62 63 63 63 64 63 63 63 64 63 65 65 64 62 63 63 63 64 64 62 60 61 62 63 64 66 65 65 64 65 65 65 63 66 81 107 134 160 182 193 191 191 
61 61 62 62 62 62 63 63 63 64 64 63 64 65 65 65 67 66 66 65 64 62 62 62 63 63 64 65 64 64 65 64 65 65 64 63 63 64 63 64 63 62 60 62 63 65 65 67 66 65 65 65 65 65 63 70 91 117 143 169 187 192 190 190 
63 63 63 64 62 63 63 62 62 64 63 63 64 65 65 65 67 66 66 65 64 62 62 61 63 64 64 64 64 64 64 64 65 64 64 62 63 63 63 64 64 64 62 63 64 65 65 66 65 65 65 66 65 65 65 76 102 128 154 179 191 192 191 190 
63 63 63 63 62 63 62 62 61 63 63 64 65 66 65 64 66 64 64 64 63 62 62 61 62 63 64 64 65 65 65 66 66 65 65 63 63 63 64 64 64 64 63 63 63 64 64 65 63 64 64 65 65 66 71 88 114 140 166 185 192 191 190 189 
63 63 63 62 62 62 61 62 62 64 65 66 66 66 65 64 64 64 64 63 62 62 63 62 63 64 64 64 65 65 65 66 66 66 65 64 63 64 65 66 66 65 64 64 63 63 63 64 63 64 65 66 66 66 77 98 124 149 175 188 191 191 191 190 
64 63 63 61 61 61 61 62 62 64 65 67 67 66 65 63 62 62 63 63 63 63 63 63 63 63 63 65 65 65 65 66 66 65 64 64 63 64 63 65 65 65 64 65 63 62 63 63 63 64 66 66 66 71 87 112 138 162 183 191 191 190 190 189 
64 63 63 61 61 62 61 61 62 64 65 67 68 67 66 64 63 63 64 65 65 66 65 63 62 62 62 63 64 64 64 65 65 65 64 63 62 62 62 63 65 65 65 65 63 61 62 63 63 65 66 66 67 77 98 123 148 172 188 192 192 192 192 192 
64 63 62 60 60 62 62 62 64 65 66 67 67 66 65 63 62 63 64 65 67 67 65 64 63 62 62 63 62 63 64 65 65 65 64 63 62 61 61 62 63 63 63 64 62 60 61 62 61 64 65 65 71 87 113 137 162 181 191 191 192 192 192 192 
64 63 62 60 60 61 61 61 63 65 66 67 67 67 66 63 63 63 64 66 67 68 66 65 64 62 60 61 60 61 62 63 64 64 63 63 62 62 62 62 63 63 63 63 62 61 62 63 63 65 66 66 77 98 124 149 172 185 191 190 192 193 193 193 
63 63 62 61 61 61 61 62 64 65 66 67 67 67 65 63 62 63 63 65 66 67 65 65 64 63 61 62 61 61 62 63 64 64 63 63 64 63 63 62 63 63 63 64 62 61 62 62 62 64 64 70 86 112 138 163 181 192 192 192 193 193 193 192 
62 62 61 61 61 62 61 62 64 64 64 65 65 66 65 63 64 64 63 65 66 66 64 64 62 62 61 62 60 62 63 62 64 64 64 63 66 64 64 63 63 62 62 62 62 62 62 63 63 64 69 82 102 128 154 173 186 191 192 192 192 193 193 192 
62 62 62 60 60 61 60 61 63 62 63 64 65 65 63 61 63 63 62 64 65 64 64 64 63 63 62 62 61 62 63 62 63 63 64 64 66 64 64 63 62 61 63 61 62 62 61 61 62 64 74 93 117 143 168 183 191 192 193 193 193 192 192 190 
60 62 62 61 61 62 60 60 61 61 62 64 65 65 64 63 63 62 61 63 63 63 64 64 63 62 62 62 62 63 63 61 63 63 63 64 66 64 64 63 62 61 63 61 62 63 62 62 63 69 84 108 132 158 177 188 191 192 193 192 192 192 192 191 
61 62 62 61 62 63 62 62 63 61 61 63 63 63 63 62 62 62 61 64 64 64 64 64 63 63 63 63 64 64 64 63 63 63 63 62 64 64 64 63 63 61 62 62 62 63 62 61 68 79 99 126 150 170 184 190 190 192 192 192 191 190 190 190 
62 62 62 61 61 62 62 63 63 61 61 61 61 62 62 62 62 62 62 64 65 63 64 63 63 63 64 63 64 64 64 62 62 62 62 61 64 63 64 64 64 62 63 62 63 64 63 64 76 92 117 144 166 180 189 190 190 190 190 190 189 189 189 190 
62 62 62 60 60 62 62 63 63 62 61 62 62 62 63 62 61 61 61 62 64 64 65 65 65 65 65 64 65 64 64 63 62 61 61 60 61 62 63 64 64 64 64 63 63 64 64 71 88 108 133 158 175 185 189 190 190 191 190 189 189 189 190 190 
63 62 61 61 61 62 63 64 64 63 61 62 62 62 63 63 63 63 62 62 64 64 64 65 65 65 65 65 65 64 64 64 63 61 61 60 61 62 63 65 65 65 64 64 64 65 69 82 102 127 151 171 183 189 189 190 189 191 189 189 189 189 189 191 
63 62 61 61 60 62 63 64 64 64 61 61 61 62 63 63 64 65 63 63 64 63 62 63 64 65 65 65 66 65 64 63 62 60 60 60 62 64 65 66 66 66 64 65 65 70 80 98 123 148 167 182 189 190 190 190 190 192 190 190 191 189 189 190 
63 62 61 60 60 62 63 64 64 64 63 62 62 64 64 64 64 64 63 63 64 64 63 63 64 64 65 65 66 64 63 62 61 60 60 62 64 65 66 67 66 65 64 64 69 79 94 119 143 163 178 188 188 190 190 190 189 191 190 190 191 190 190 190 
62 62 62 62 62 63 64 64 64 63 62 62 63 64 66 65 65 65 64 63 64 65 63 63 63 64 63 65 66 65 63 63 61 61 61 63 64 65 65 66 65 64 63 68 80 94 115 142 161 176 186 191 189 190 190 190 189 190 190 190 192 192 191 192 
61 62 62 62 63 63 63 64 63 63 63 62 63 65 65 65 66 65 64 64 65 64 62 61 61 61 62 64 65 64 63 63 62 62 63 64 65 66 65 66 66 64 69 79 95 114 140 161 175 185 191 191 191 191 191 189 189 190 190 190 193 192 191 191 
61 62 62 63 64 64 64 65 64 63 64 63 64 66 66 64 65 64 63 63 64 64 63 62 63 62 63 64 65 64 64 63 63 63 64 65 66 66 67 66 66 69 79 93 114 139 160 176 185 191 191 192 191 192 191 189 190 190 191 190 193 191 190 189 
62 63 64 64 65 65 66 66 65 64 65 64 65 66 66 65 65 63 63 63 64 64 64 63 63 62 62 63 64 64 64 65 65 65 66 66 66 66 66 66 70 79 94 114 139 159 174 185 189 189 189 190 190 191 191 190 190 190 190 190 192 191 190 190 
62 63 64 65 66 65 65 64 64 63 65 65 65 65 66 64 63 62 62 61 63 62 62 61 62 61 62 63 63 63 64 64 65 65 66 65 65 65 65 69 79 94 115 141 161 176 187 191 190 190 190 190 190 191 191 190 190 191 191 191 192 191 189 188 
63 62 63 62 64 63 64 65 66 65 66 66 65 65 64 63 62 62 62 62 64 63 64 63 63 62 63 62 63 63 64 63 65 64 65 65 64 64 70 80 96 117 141 162 176 186 191 190 189 190 190 191 191 193 192 192 192 193 192 192 192 190 188 187 
63 63 64 65 65 64 65 65 65 66 66 67 66 65 64 63 61 62 62 62 64 64 65 64 63 62 62 62 62 63 64 64 63 63 64 64 67 73 83 99 118 141 160 175 185 191 191 191 190 191 190 190 190 191 191 192 192 193 193 193 191 191 189 188 
64 64 65 65 64 65 65 64 66 66 65 67 66 65 64 64 62 63 63 63 64 65 65 64 63 62 62 61 61 62 62 62 61 62 63 69 76 88 103 123 143 162 176 187 192 192 192 192 191 192 191 191 190 191 190 192 191 193 192 192 190 191 190 190 
63 63 64 64 64 64 63 63 64 66 65 67 66 65 65 65 63 64 64 63 64 65 66 65 65 63 62 61 61 62 62 63 62 63 69 79 92 109 128 149 163 177 186 192 192 192 192 192 192 192 192 191 190 190 190 191 190 192 193 193 192 192 192 191 
62 62 63 64 63 63 63 62 63 65 65 66 66 65 65 66 64 65 64 63 64 66 66 66 65 64 63 62 62 63 62 63 66 73 84 100 117 135 153 169 180 189 192 192 191 191 190 192 192 193 192 192 190 191 190 192 191 192 193 194 192 192 193 191 
62 63 64 64 63 64 62 61 62 64 64 65 65 65 66 67 66 66 65 63 65 65 65 65 64 62 62 61 62 63 65 71 79 91 106 125 143 159 173 185 190 193 193 193 192 193 192 192 192 192 191 191 189 190 189 190 190 191 192 194 192 193 194 192 
61 62 63 63 63 63 63 61 63 64 64 65 65 65 66 67 66 66 65 63 64 65 65 65 64 63 62 62 63 68 76 87 101 116 132 151 165 176 185 192 191 193 194 194 193 192 192 192 192 192 193 192 191 192 191 191 190 191 192 193 193 193 193 192 
61 61 62 63 63 63 63 62 63 64 65 65 65 64 65 65 65 65 64 63 63 64 63 63 62 62 62 68 74 84 96 112 127 141 157 171 181 185 190 192 192 193 195 194 194 192 192 190 190 190 192 191 191 191 191 190 190 190 192 192 192 191 192 190 
62 61 62 63 62 62 63 62 63 64 65 65 64 64 64 64 64 64 64 64 64 64 63 62 62 67 73 84 96 110 121 137 152 166 176 185 190 189 189 191 192 193 195 194 194 191 191 191 191 191 193 192 193 193 192 191 191 189 191 191 191 191 191 189 
63 63 63 64 63 63 63 63 63 64 66 65 64 65 64 63 64 64 64 64 64 63 65 69 74 85 95 109 121 135 147 163 173 182 187 191 192 191 192 193 193 193 194 194 193 191 191 190 190 190 193 192 194 194 193 191 189 189 190 190 191 192 192 191 
63 62 62 63 62 64 64 64 64 65 66 66 66 66 65 64 64 64 64 65 70 75 82 91 101 112 122 135 146 160 169 180 186 190 191 192 192 191 191 191 191 191 192 192 192 191 191 190 190 191 193 193 194 193 193 191 190 189 190 189 190 190 190 189 
64 64 63 64 64 65 65 66 66 66 67 68 66 67 65 64 65 70 74 80 90 99 106 115 126 138 148 161 172 181 185 191 192 192 192 192 193 192 191 192 193 193 194 194 194 192 191 191 190 190 192 191 192 192 192 190 190 190 191 190 190 190 190 188 
63 63 63 63 63 64 64 64 64 65 66 67 67 70 74 78 84 93 100 107 117 125 133 142 153 164 175 182 188 191 191 191 192 192 192 191 192 192 191 192 193 193 193 193 192 191 191 191 192 192 192 192 192 191 191 191 191 191 192 192 192 192 191 190 
63 64 63 65 65 66 67 69 71 77 82 87 92 98 101 106 112 120 127 132 142 151 158 167 178 184 190 192 192 191 191 191 192 193 193 191 192 192 192 194 194 194 194 194 192 192 191 190 191 191 191 190 190 190 190 190 191 192 192 191 191 191 190 190 
86 87 87 89 90 92 93 96 98 103 108 112 117 122 126 132 137 145 153 159 168 177 182 187 192 193 194 192 192 190 190 190 193 193 193 191 191 190 190 192 193 194 194 194 192 192 191 190 191 191 191 189 190 190 190 190 192 192 192 190 190 190 189 189 
111 113 113 115 116 117 119 121 123 128 133 137 142 147 152 157 162 170 178 182 186 191 191 192 193 193 193 192 192 191 191 191 193 193 192 191 191 191 191 193 194 194 195 194 193 192 191 190 190 191 190 188 189 189 189 189 192 192 192 191 191 190 190 189 
123 125 125 128 128 129 132 133 136 142 149 153 160 167 173 180 185 191 193 193 192 193 192 193 193 194 194 192 191 190 190 190 191 192 192 191 190 190 190 192 193 193 194 193 192 192 190 190 190 191 190 189 189 189 189 189 192 191 191 190 190 189 189 189 
144 146 146 149 149 151 154 158 161 169 177 183 190 194 196 195 194 194 194 192 192 193 193 194 194 194 193 192 190 190 190 191 192 194 193 193 191 191 190 192 192 193 194 194 192 192 191 190 190 191 190 188 188 189 189 188 191 191 190 188 189 189 189 190 

62 61 62 61 60 62 62 60 61 62 61 62 65 66 66 65 65 64 62 64 64 64 61 64 62 63 65 67 66 66 65 63 64 64 63 64 64 65 65 65 66 65 65 64 65 63 64 65 65 64 64 62 62 60 61 61 63 62 61 61 85 110 122 145 
63 62 62 62 61 62 63 61 63 63 62 63 65 65 65 65 65 63 61 63 62 62 61 64 63 64 65 66 65 66 65 64 64 64 64 65 66 67 67 66 67 66 65 65 66 64 65 64 65 63 63 61 61 59 60 61 62 62 62 61 85 112 124 146 
63 62 63 62 61 62 62 61 63 62 61 62 64 64 65 65 66 64 62 65 64 63 63 65 64 64 64 65 64 65 65 64 65 64 65 65 65 65 65 65 65 64 64 64 65 64 65 64 64 63 63 61 62 61 61 61 62 63 63 62 87 114 126 148 
63 63 64 62 62 62 62 60 62 62 61 61 63 64 64 65 66 65 64 66 66 65 65 65 64 64 64 64 65 64 64 64 65 63 64 63 64 64 65 64 65 64 64 63 64 64 65 63 64 63 62 61 62 62 62 63 64 64 63 63 88 114 127 150 
64 64 64 62 63 63 62 62 63 63 61 61 62 63 63 65 66 64 64 66 65 64 64 64 63 63 63 63 63 63 63 64 65 63 64 64 64 64 66 64 65 64 65 63 64 65 65 63 64 64 63 62 63 63 62 63 64 64 63 63 88 116 129 151 
63 63 63 63 63 62 62 62 63 63 62 60 61 62 62 64 65 63 63 64 64 63 64 63 63 63 63 63 64 63 64 66 66 64 64 63 63 63 65 64 64 64 65 64 65 65 65 63 64 64 63 63 63 63 63 64 65 65 65 65 90 117 130 153 
62 63 63 63 63 62 62 63 64 63 61 60 61 61 62 64 65 64 65 64 65 64 64 63 63 63 62 62 63 63 64 65 66 63 63 61 61 61 63 63 64 64 65 63 65 65 65 64 65 65 64 64 64 65 64 65 65 65 64 66 91 118 132 154 
63 63 63 63 63 61 62 63 64 64 63 62 62 62 62 64 64 62 63 62 62 62 63 62 63 63 63 63 64 64 64 65 64 62 61 61 61 62 64 65 65 66 65 64 64 65 64 65 66 65 65 65 64 64 64 65 65 66 64 70 94 120 134 158 
64 63 62 62 61 61 62 64 65 65 65 63 63 63 63 63 62 61 62 62 62 62 63 62 62 63 63 63 64 63 64 64 64 62 62 62 62 63 64 65 64 65 65 64 65 65 66 66 67 66 66 65 64 64 63 64 64 64 64 73 98 124 139 164 
63 63 62 63 63 63 65 66 67 67 67 65 64 64 63 62 62 61 61 60 62 61 62 61 62 62 62 62 63 63 64 64 64 63 62 62 62 63 64 64 63 64 63 63 64 65 65 67 67 65 65 63 62 62 63 64 64 65 65 79 104 129 145 172 
65 64 63 64 63 62 63 64 65 66 67 66 65 65 64 63 63 63 62 62 63 63 64 64 64 63 63 62 63 62 64 63 64 63 63 63 63 63 63 64 63 64 63 63 63 65 66 67 67 66 64 63 63 63 64 64 63 64 65 83 108 134 151 179 
65 65 64 64 64 63 64 65 65 67 67 67 65 65 64 63 63 63 63 62 63 63 64 64 64 62 63 62 62 61 62 63 64 64 64 65 65 64 63 63 61 62 61 62 63 66 66 67 67 66 64 64 63 63 63 63 63 64 65 87 113 139 157 187 
63 64 63 64 64 63 63 65 64 66 66 66 65 65 64 63 63 64 63 62 64 64 64 65 65 63 62 61 61 60 63 64 66 66 67 66 65 63 62 62 60 61 61 62 63 65 66 66 66 64 63 63 63 63 63 63 63 63 65 89 116 141 160 190 
62 63 62 63 64 64 63 64 64 66 65 66 65 64 63 62 63 64 62 62 63 63 63 65 65 63 63 62 60 60 62 64 66 66 66 66 65 63 62 62 61 61 60 62 62 65 65 66 65 63 62 63 63 63 64 65 64 64 70 96 122 147 167 192 
64 64 63 63 63 62 61 62 62 64 64 66 65 64 64 64 63 64 63 63 63 63 63 66 66 65 65 64 62 62 63 65 66 66 66 65 64 62 62 62 61 60 61 62 63 66 66 66 65 64 62 63 64 64 64 64 64 63 74 100 127 152 174 194 
63 65 63 63 63 63 62 63 63 64 64 65 65 64 64 64 63 63 63 62 63 62 62 64 64 64 63 64 62 63 64 65 65 65 65 64 64 63 63 62 62 60 60 61 62 63 64 65 64 62 61 62 63 64 64 64 64 63 78 105 132 157 180 194 
63 64 62 62 62 63 62 64 64 64 64 65 65 64 63 63 63 62 62 61 62 62 63 66 66 65 66 65 63 64 65 64 64 63 63 62 62 62 62 62 61 61 61 62 62 64 64 65 64 63 62 63 64 64 65 65 65 66 86 113 139 163 186 192 
64 65 64 63 63 64 64 64 64 64 64 63 64 62 62 61 62 61 62 61 61 61 63 65 64 65 65 64 62 64 64 64 64 63 62 62 62 61 62 61 61 61 62 63 63 64 64 64 64 63 62 63 65 65 67 67 66 72 96 122 147 172 190 191 
64 64 64 63 63 63 63 63 64 63 64 64 65 64 63 62 62 61 61 61 61 62 64 65 65 65 65 63 63 64 65 64 64 63 63 62 63 63 63 62 62 62 62 63 64 64 64 63 65 64 63 64 65 65 66 66 65 77 102 128 152 178 191 191 
62 63 63 62 63 63 64 63 64 64 64 63 65 64 63 62 62 60 61 61 62 62 64 64 65 64 65 64 62 64 66 65 64 64 63 62 63 63 63 63 63 62 62 62 63 63 63 63 65 65 64 65 66 65 66 67 67 84 110 135 159 183 190 189 
62 62 62 62 63 64 65 65 65 65 65 63 64 64 63 62 63 62 62 63 63 63 64 65 65 65 65 64 63 63 64 64 64 63 62 61 62 61 62 62 63 62 63 63 64 64 64 64 66 66 64 65 66 65 65 66 72 94 120 146 170 189 191 190 
62 61 62 62 62 63 64 63 64 64 63 63 65 65 64 63 64 63 63 64 65 64 64 64 63 62 63 63 62 62 65 64 64 64 64 62 62 61 61 61 62 62 62 62 64 63 63 65 65 65 64 65 65 64 64 65 77 103 129 155 179 192 190 190 
61 61 61 61 62 63 64 64 65 65 64 64 65 66 65 64 66 66 65 65 65 63 63 62 63 63 64 64 64 63 65 65 65 63 63 61 62 61 63 63 64 63 61 61 63 63 64 66 65 65 64 64 64 64 63 67 84 111 137 163 184 193 191 191 
61 61 62 62 62 63 64 64 64 65 65 64 65 66 65 64 66 66 66 65 65 64 63 62 64 63 64 64 65 65 66 66 65 63 63 61 61 62 63 63 63 63 62 62 64 65 65 67 66 65 64 65 64 64 63 72 94 120 146 172 189 192 191 191 
63 63 63 63 63 64 64 64 63 64 65 64 65 66 65 64 65 65 65 65 65 64 64 62 63 63 64 64 65 64 65 65 64 62 62 60 60 61 63 63 64 64 63 63 64 65 65 67 65 65 64 65 64 65 66 79 104 131 156 181 192 192 191 191 
63 63 63 64 64 64 64 64 63 64 65 65 66 66 65 64 64 63 63 63 63 63 63 61 63 63 64 63 66 66 66 66 66 64 63 62 61 62 63 64 64 65 63 63 64 64 64 65 64 64 64 65 65 66 72 90 116 142 167 186 192 191 189 189 
63 63 63 63 63 63 63 63 63 64 66 67 67 66 65 64 63 62 63 62 62 62 63 62 64 64 64 63 65 65 65 66 66 65 63 62 61 63 64 65 66 66 64 64 63 63 63 64 64 65 65 65 66 67 78 101 127 151 176 190 191 191 191 190 
64 64 63 62 62 62 62 63 62 64 66 67 67 67 65 63 61 60 62 62 62 64 65 64 64 64 63 63 64 63 64 64 64 64 62 62 61 62 63 65 65 66 65 65 64 63 64 64 64 65 66 66 66 72 89 114 140 164 184 192 192 191 191 190 
64 64 63 62 61 62 61 62 63 64 66 67 67 67 65 63 62 61 63 64 64 66 66 64 63 62 62 62 63 63 64 64 65 64 63 62 61 61 61 63 64 65 65 65 63 62 63 64 64 66 67 66 69 79 102 126 152 174 190 193 192 193 192 192 
63 62 62 60 61 62 62 63 64 64 66 66 66 65 64 62 61 62 63 64 66 67 66 64 64 63 62 62 62 63 63 64 65 65 63 62 61 60 60 62 63 64 64 64 62 61 63 63 63 65 67 65 73 90 115 139 165 182 193 192 193 193 193 192 
63 63 62 60 60 61 60 61 62 64 65 65 66 65 64 62 62 62 64 65 67 67 67 66 64 63 62 61 60 60 61 62 63 64 63 62 62 61 61 62 63 64 64 64 62 62 64 64 66 67 68 69 81 103 128 152 175 187 192 192 193 194 194 193 
62 63 62 62 62 62 61 61 62 63 64 64 64 64 63 61 61 62 63 64 66 66 65 65 64 64 62 62 61 61 62 62 64 63 63 62 62 61 62 62 63 64 65 65 63 63 64 63 64 66 67 74 91 116 142 166 183 192 193 193 193 194 194 193 
62 63 62 62 62 62 61 62 63 63 64 64 64 64 62 62 63 64 63 64 65 65 63 64 62 62 62 62 60 62 63 62 64 64 64 63 64 62 63 63 63 63 65 64 63 63 64 63 65 66 72 85 107 132 157 177 188 191 192 192 192 193 193 193 
60 62 62 61 62 63 61 61 62 62 63 63 64 63 62 61 62 62 62 63 64 63 63 64 63 63 62 62 61 62 62 62 63 63 63 63 65 63 63 63 63 62 64 63 62 62 62 61 63 67 77 97 121 147 169 185 191 191 192 192 192 193 193 192 
59 61 61 61 61 62 59 60 61 61 63 64 65 64 64 62 63 62 61 62 62 62 62 63 62 63 62 62 61 62 62 61 63 63 64 64 66 64 64 63 63 62 64 63 63 63 63 62 63 71 87 112 136 161 178 189 190 191 191 192 191 192 193 193 
59 60 60 61 62 63 61 62 62 61 62 63 63 63 63 62 63 62 61 62 62 62 62 63 62 63 63 62 62 63 63 62 63 63 63 62 64 63 63 63 63 62 64 63 63 63 62 61 66 80 100 127 152 172 184 190 190 191 191 191 190 190 191 191 
61 61 61 60 61 62 62 63 63 62 62 63 62 63 63 62 62 62 62 62 63 62 62 62 62 63 63 62 63 63 63 62 63 62 62 62 64 63 64 64 64 62 63 63 64 64 63 66 76 93 119 145 167 181 189 190 190 190 190 190 189 189 190 191 
61 61 61 60 61 62 62 63 63 62 61 63 62 63 63 62 61 61 61 61 63 63 64 65 66 66 65 64 64 63 63 62 63 61 61 60 63 62 63 64 65 64 64 64 64 63 64 73 89 110 135 160 175 186 189 191 191 191 190 189 189 189 190 191 
63 62 61 62 62 63 63 64 64 63 62 63 62 62 63 62 62 62 61 61 63 63 64 65 66 66 64 64 64 63 63 63 63 62 62 61 62 62 64 65 65 65 64 64 64 65 71 85 105 129 153 172 183 189 190 191 191 191 189 189 189 189 190 191 
64 62 61 61 61 62 63 64 64 64 62 63 63 63 63 63 63 64 63 62 63 63 62 63 63 64 64 64 64 63 63 64 63 61 61 61 62 63 64 66 66 65 64 65 65 71 82 101 126 150 169 183 189 189 191 193 192 192 192 189 190 189 189 189 
64 62 62 61 61 62 63 65 65 64 63 63 63 64 64 63 63 63 62 62 63 64 63 63 64 65 64 64 65 64 64 64 63 62 62 63 64 64 65 67 66 65 65 64 69 80 97 122 146 166 179 188 189 190 191 192 192 192 191 189 189 189 190 189 
63 62 62 62 62 63 63 64 63 63 63 63 64 65 66 64 65 64 64 63 64 65 64 64 64 64 63 65 65 65 65 66 64 64 63 64 64 65 64 65 64 64 65 69 80 96 118 144 163 178 187 191 190 191 191 191 191 191 190 189 190 191 191 192 
61 61 61 61 62 62 63 63 63 63 64 64 64 65 65 64 65 65 65 64 64 63 63 62 62 62 62 64 64 64 65 65 64 65 65 66 66 66 66 66 66 65 70 80 96 116 142 162 176 187 191 191 191 191 192 191 191 191 191 189 191 190 190 190 
60 60 61 62 63 63 64 65 63 63 64 64 64 66 66 64 65 64 64 63 64 63 63 62 63 63 63 64 65 64 65 66 65 65 66 66 66 67 67 67 66 70 80 94 115 140 161 176 186 191 191 192 191 192 192 191 191 191 191 189 191 189 189 188 
62 62 63 64 65 65 66 66 65 63 64 64 64 64 65 64 64 63 64 62 64 63 64 63 63 63 63 64 64 64 65 66 66 66 67 67 66 67 67 66 71 80 95 115 140 159 176 186 190 191 190 192 190 192 192 191 191 191 190 190 191 190 190 190 
62 62 64 65 65 65 66 65 64 63 64 65 64 64 65 63 63 63 63 61 63 62 62 61 62 62 63 63 63 63 65 65 65 65 67 66 66 66 68 72 81 96 116 140 161 176 187 193 192 191 190 191 190 191 191 191 191 192 191 191 192 191 189 190 
62 62 63 63 64 64 65 66 65 65 66 66 65 64 64 62 61 61 62 61 63 62 63 62 63 62 63 62 62 62 63 63 64 64 65 65 64 67 74 84 99 120 142 162 175 185 191 192 191 190 189 191 190 192 192 193 193 193 192 192 192 191 189 189 
62 63 64 65 65 66 65 65 64 65 66 67 66 65 64 62 61 61 62 62 64 64 64 64 63 62 63 62 62 63 64 64 63 63 64 64 68 77 88 104 123 143 160 175 184 190 191 192 191 190 189 190 189 191 191 192 192 193 192 193 192 191 191 190 
64 64 65 65 65 66 65 65 65 65 65 67 66 65 64 64 62 63 62 62 64 64 65 64 64 62 62 62 61 62 62 63 62 63 63 69 78 92 108 128 148 165 177 187 191 191 192 193 191 191 190 190 189 191 190 192 191 192 191 192 191 192 192 191 
63 64 64 64 64 64 63 63 63 65 65 67 67 66 65 65 62 63 62 62 63 65 66 66 67 64 63 62 61 62 62 63 62 65 70 81 94 113 132 153 167 179 187 191 191 192 192 193 192 191 191 190 189 189 189 191 190 191 192 192 192 192 192 191 
61 62 63 63 62 63 63 62 63 65 65 66 66 65 66 65 64 64 63 62 64 66 67 67 67 65 64 63 63 63 62 64 67 75 85 101 119 138 156 172 182 189 192 192 191 191 191 191 191 191 191 191 190 190 190 192 191 192 193 193 192 192 193 191 
61 62 63 63 62 63 62 61 62 63 64 65 65 65 66 67 66 66 66 64 64 65 65 65 65 64 63 62 62 62 66 73 81 94 109 127 145 162 175 186 190 192 192 192 192 193 193 192 191 192 191 191 190 191 190 191 191 192 193 193 192 192 193 191 
62 62 63 62 61 62 62 61 63 64 64 65 65 65 66 66 66 66 65 63 64 64 65 65 66 64 63 63 64 69 78 90 104 120 135 153 167 177 185 191 190 192 193 193 193 193 194 193 191 192 192 191 191 192 192 191 190 191 192 192 192 192 192 190 
62 63 63 63 62 62 62 61 62 64 66 65 65 65 65 65 65 65 64 62 62 62 62 62 63 63 64 69 76 86 99 115 129 144 159 172 182 187 191 192 191 192 194 193 194 193 193 191 190 191 191 190 191 191 191 190 190 190 192 192 192 191 191 189 
61 61 62 62 61 61 62 62 63 65 66 66 65 64 64 64 65 65 64 64 63 62 61 61 63 69 76 86 99 112 125 140 154 168 178 185 190 190 191 192 193 193 195 194 194 192 192 191 191 191 193 192 193 194 193 191 191 191 192 192 193 191 191 189 
64 64 64 63 62 62 62 62 63 64 66 66 65 65 65 64 65 65 64 64 62 61 64 68 75 86 98 110 124 137 150 166 175 183 188 191 191 192 192 193 193 193 194 194 194 192 192 190 190 191 193 193 194 194 193 191 191 190 191 192 193 193 193 192 
63 63 63 63 62 63 63 63 64 65 66 67 67 66 65 64 63 64 63 65 69 74 82 91 102 114 125 136 150 162 172 182 188 191 191 191 191 191 191 191 192 192 193 193 193 192 191 190 190 191 193 193 194 193 192 190 190 189 190 190 191 191 191 190 
62 62 63 63 63 64 64 64 65 65 67 68 67 67 65 64 65 71 76 83 92 99 107 116 127 140 151 162 174 181 186 191 192 191 191 190 191 191 192 193 194 193 194 194 193 191 190 190 190 191 193 192 193 192 191 190 191 191 192 192 192 192 191 190 
61 60 61 62 63 64 64 64 64 65 66 67 68 72 76 81 87 97 103 110 119 127 134 143 154 166 176 182 189 191 190 191 192 191 191 190 191 192 192 193 194 192 193 192 191 190 190 190 191 192 193 193 194 192 192 191 192 192 192 192 192 193 192 192 
62 61 62 64 65 67 69 71 75 81 86 90 95 100 104 109 115 124 129 136 145 153 160 170 179 185 190 190 191 190 191 191 192 192 191 191 191 192 193 194 194 194 194 193 191 191 190 189 190 190 191 190 191 191 192 191 192 192 192 191 190 191 190 191 
85 85 85 88 89 92 95 99 103 108 111 115 120 124 128 133 140 148 154 162 171 180 184 189 193 193 194 192 192 190 191 191 193 192 191 190 190 190 191 193 193 193 194 193 192 191 190 189 190 190 191 190 191 190 191 191 192 192 191 190 189 190 189 189 
111 112 112 115 116 118 121 125 128 132 136 140 144 149 154 159 165 174 179 183 189 193 192 193 194 194 193 192 191 190 191 191 192 192 191 190 191 191 192 193 194 193 193 193 191 190 190 189 190 190 191 189 190 190 191 190 193 193 192 191 191 190 190 191 
124 124 125 128 128 131 135 139 143 148 152 156 163 169 177 183 188 192 192 192 193 194 194 195 194 194 193 192 191 190 190 190 191 191 191 190 190 190 191 192 192 193 193 192 191 191 189 188 190 190 190 189 190 190 190 190 192 191 190 190 190 190 190 191 
146 147 147 149 149 154 158 164 169 175 182 188 192 194 196 195 193 193 192 191 193 194 194 196 195 194 193 192 190 190 191 192 193 193 193 192 190 190 190 192 191 193 193 192 191 191 189 188 189 189 189 188 189 189 190 189 192 192 190 190 191 190 190 192 

62 61 62 61 59 61 61 60 61 62 61 63 64 65 65 65 65 64 62 64 63 62 59 62 61 63 63 65 64 65 63 63 63 64 63 63 63 63 63 63 63 63 64 63 65 64 65 66 65 63 64 62 62 61 61 62 64 62 63 62 86 111 123 145 
63 62 62 61 60 61 62 61 63 63 62 63 65 65 64 64 63 62 60 62 61 61 60 63 62 64 63 65 63 64 63 63 64 64 64 64 64 64 64 63 64 63 64 64 65 64 66 65 65 63 64 62 62 60 61 61 63 62 63 62 86 112 125 146 
63 62 63 62 61 62 62 61 63 63 62 63 64 64 64 65 64 63 61 63 62 62 61 64 63 64 63 64 63 64 63 64 64 64 63 63 63 63 63 63 63 62 63 63 65 64 66 65 65 63 64 62 62 61 61 61 62 62 63 62 88 114 127 148 
63 63 63 62 62 62 62 61 63 64 62 63 64 64 64 65 66 64 63 65 65 64 64 64 63 63 64 64 64 64 63 64 64 63 62 62 62 62 64 63 63 62 63 62 64 64 65 64 64 63 63 62 62 62 62 62 63 63 63 63 89 115 128 150 
65 64 64 62 63 62 63 63 64 64 62 62 64 64 63 65 65 63 63 65 64 63 64 64 64 63 63 63 63 63 63 64 64 63 63 63 63 63 64 64 64 63 64 63 65 65 65 64 64 63 63 63 63 63 63 63 63 64 64 64 90 117 130 152 
65 64 64 63 63 63 63 63 64 64 63 62 63 62 62 63 63 62 62 63 64 63 65 64 65 64 63 62 63 63 63 65 65 63 63 62 61 61 63 62 63 63 65 64 65 65 66 64 64 64 63 63 63 63 63 63 64 64 64 66 92 119 133 156 
65 65 64 63 64 62 63 63 64 64 62 61 62 62 62 63 64 63 64 64 65 64 65 64 64 63 62 61 62 63 63 65 65 63 62 61 60 60 62 63 63 63 64 63 64 64 65 64 65 65 64 64 64 65 64 64 65 65 64 69 94 121 135 159 
65 65 64 63 63 61 63 64 64 64 64 63 63 63 62 63 62 62 63 63 64 64 64 63 64 63 62 62 63 63 63 65 64 62 61 61 60 61 62 63 63 63 64 64 64 64 65 65 64 64 64 64 62 63 64 64 65 66 65 73 98 123 138 163 
67 65 63 62 62 60 62 64 64 65 65 64 63 63 62 62 61 60 61 62 63 63 64 63 63 63 62 61 62 63 63 64 64 62 61 62 61 61 62 63 62 63 64 64 65 65 66 66 66 65 65 64 63 63 63 64 64 65 65 78 103 129 145 172 
66 64 63 63 63 61 64 65 65 66 66 64 64 63 63 62 61 61 61 61 63 63 64 63 63 62 61 60 62 62 63 64 64 62 61 61 61 62 62 63 62 63 63 63 64 64 65 66 65 64 64 63 61 62 63 63 64 65 65 83 108 133 149 177 
66 65 64 64 63 61 62 64 64 65 66 65 64 64 63 63 62 62 62 63 63 63 65 65 64 63 62 61 62 62 64 64 64 63 62 63 62 63 62 63 61 63 62 63 63 64 64 65 64 64 64 63 62 63 64 64 64 66 66 87 111 137 154 183 
66 65 63 64 62 61 61 63 64 65 66 66 64 64 63 63 62 63 62 63 63 64 64 64 64 62 63 62 63 62 63 63 64 63 62 63 63 63 62 63 61 62 62 63 64 65 64 65 64 64 64 64 63 63 63 63 63 64 66 90 115 141 160 190 
65 64 63 63 62 61 61 63 63 65 65 64 64 64 64 63 63 63 63 63 64 64 65 65 65 64 63 62 62 61 63 65 66 65 65 64 63 63 62 62 61 62 61 63 63 64 63 64 63 64 63 64 63 63 63 63 63 63 67 92 118 145 164 193 
64 64 62 62 62 62 62 63 63 64 64 64 63 63 63 63 63 64 63 62 62 63 63 65 66 65 64 63 62 60 62 65 66 65 66 65 65 63 62 62 62 61 61 63 63 64 63 64 63 63 63 64 63 63 64 64 63 64 73 98 124 150 171 193 
64 64 63 62 61 61 60 61 62 64 63 64 64 64 64 64 63 64 63 63 63 63 64 66 66 66 66 65 63 62 63 64 66 65 65 64 64 62 62 63 62 61 61 63 63 65 64 64 64 63 63 65 65 65 64 64 63 63 77 103 129 155 178 194 
63 64 62 61 61 62 62 62 63 64 63 64 65 64 64 65 63 63 62 61 61 62 63 65 66 66 66 66 63 63 63 64 64 64 64 64 64 63 63 63 62 61 61 63 63 64 63 64 63 62 63 64 65 65 64 64 63 64 82 108 135 161 184 194 
63 64 62 61 61 62 62 63 64 64 63 63 64 63 64 64 63 62 62 61 60 62 63 66 67 68 67 67 64 64 64 64 65 63 63 63 63 62 63 63 62 62 61 63 63 64 63 64 64 63 63 64 64 65 65 65 64 69 91 117 143 168 188 192 
64 64 63 62 62 63 64 64 64 64 63 62 64 62 63 63 63 62 62 61 60 61 63 66 66 66 66 66 64 65 64 63 63 62 62 62 62 61 62 62 61 62 63 64 64 64 64 63 63 62 62 64 65 66 67 66 66 75 99 125 150 175 191 191 
63 63 63 62 63 63 63 63 63 63 63 63 65 64 64 64 63 61 61 61 61 63 65 67 66 67 66 65 64 65 66 65 64 63 63 63 63 62 62 62 61 62 63 64 64 64 64 63 64 64 64 65 66 66 66 66 66 80 104 130 155 180 191 191 
62 62 62 62 62 63 64 63 63 63 63 63 64 64 63 63 63 60 61 62 61 62 65 66 66 66 66 66 64 65 66 65 64 63 63 63 63 63 63 63 62 62 63 63 63 63 63 63 63 64 64 64 65 66 66 66 68 87 113 138 163 185 191 190 
62 62 62 62 63 64 65 65 65 64 64 63 64 64 64 63 64 63 63 64 64 64 65 66 65 65 65 65 63 63 65 65 64 63 63 62 62 61 62 62 62 62 63 64 65 65 64 64 65 65 64 64 65 65 64 65 72 96 122 149 173 190 192 191 
61 61 61 61 63 64 64 63 64 63 63 63 65 66 65 64 65 63 63 65 65 64 65 65 64 63 63 64 63 63 65 65 64 63 64 63 62 61 62 61 62 62 63 63 65 64 64 64 64 63 63 64 65 64 64 66 78 104 130 157 181 192 191 190 
61 61 62 62 63 64 64 64 64 64 64 64 66 66 65 65 66 65 65 65 66 63 63 64 64 63 65 65 64 64 66 66 65 63 63 62 62 62 63 63 63 62 61 62 64 64 64 66 65 64 63 64 64 64 63 69 87 114 140 166 185 192 191 190 
62 61 62 62 63 64 65 64 65 64 65 65 66 65 65 65 65 65 66 64 66 63 62 63 64 63 65 66 65 64 66 66 64 63 63 62 62 62 63 63 63 63 62 63 65 66 65 67 66 64 63 63 63 63 62 73 96 123 149 176 190 193 191 192 
63 63 63 64 64 65 65 65 64 64 65 65 65 66 66 65 65 65 65 65 65 64 63 63 64 63 65 65 65 64 65 65 64 62 62 61 61 61 63 63 63 64 63 63 66 66 66 68 67 66 64 64 64 64 67 82 107 133 159 182 192 191 191 191 
62 62 63 63 64 64 64 64 64 64 65 66 66 66 65 64 63 63 63 62 63 62 62 61 64 63 64 65 66 65 66 66 65 64 63 62 61 62 64 64 65 65 64 63 64 65 65 66 65 65 64 64 65 64 73 93 119 144 170 187 191 190 189 188 
64 63 63 62 62 62 63 64 64 65 67 67 66 66 65 64 62 62 62 61 62 62 63 62 65 64 64 64 65 64 65 66 65 65 63 61 60 62 63 64 66 66 64 64 63 64 64 65 65 66 66 65 65 67 80 104 130 155 178 190 190 190 190 190 
62 61 61 60 61 62 63 65 64 65 67 68 67 67 65 63 61 60 61 62 63 64 65 64 65 64 64 64 63 63 63 64 64 64 62 61 60 62 62 64 65 66 65 66 65 64 65 65 64 65 66 65 66 72 91 115 141 165 184 191 191 191 191 190 
62 62 61 61 62 62 63 64 64 65 67 67 67 67 64 63 61 60 62 64 64 66 67 65 64 64 63 62 63 63 63 64 65 64 63 61 60 60 60 63 65 65 65 65 64 63 64 64 65 66 68 66 70 82 106 130 155 176 190 191 191 192 191 191 
62 62 61 59 61 62 63 63 64 65 66 66 66 66 63 61 60 61 62 63 65 66 66 64 64 63 63 62 62 62 63 65 66 66 65 63 62 61 60 62 63 64 65 65 64 63 64 63 64 65 67 65 75 92 118 141 167 183 192 191 192 193 192 192 
63 62 62 60 61 61 61 61 63 64 65 65 66 66 64 62 61 61 63 64 67 68 67 66 65 63 63 62 61 60 62 63 64 64 64 62 61 60 59 61 62 63 64 64 63 64 65 65 66 67 68 70 84 107 132 156 177 189 192 192 193 195 195 195 
61 62 62 62 62 62 61 61 62 63 64 64 65 65 62 61 61 62 62 64 66 67 66 66 65 64 63 63 62 62 62 63 65 65 64 63 63 61 61 62 63 63 66 66 65 64 65 64 65 66 68 76 95 120 145 168 184 191 192 192 193 194 194 194 
63 63 63 62 62 62 61 60 62 63 63 63 64 64 62 62 62 63 63 64 65 65 64 64 63 63 62 62 62 63 63 64 66 66 65 64 64 61 62 62 63 63 65 65 64 65 66 65 66 67 73 87 111 135 160 178 189 190 191 192 193 194 193 194 
62 63 63 62 62 62 60 59 61 62 62 63 64 63 62 61 61 62 62 62 63 63 63 63 62 62 63 62 62 63 63 63 65 64 64 63 64 62 63 63 64 63 65 64 64 64 65 64 65 68 80 100 125 149 171 185 190 190 192 192 193 193 194 193 
59 61 61 61 62 61 59 59 60 61 63 64 64 64 63 63 62 62 62 62 62 63 63 64 63 63 62 62 62 63 63 63 65 64 64 64 64 63 64 64 64 63 65 64 64 64 64 64 66 74 91 116 140 163 179 189 190 190 191 192 192 193 193 193 
60 61 61 61 62 62 61 61 62 62 62 64 64 63 63 63 63 62 62 62 62 63 63 63 62 63 63 63 63 64 64 63 64 64 64 63 64 63 63 63 64 63 64 64 64 65 64 64 69 83 105 130 155 173 184 189 189 189 190 191 191 190 191 191 
61 61 61 60 61 62 62 63 63 63 63 64 64 64 63 64 62 62 62 63 63 63 63 62 61 62 63 63 63 63 64 63 64 62 63 62 65 64 65 65 64 62 62 63 64 65 64 69 80 98 123 148 168 182 188 189 190 190 190 190 190 190 191 191 
61 62 61 60 61 62 62 63 64 64 63 64 64 64 64 63 62 61 61 61 62 63 64 64 64 65 65 64 64 63 63 62 63 61 62 61 64 63 64 64 64 63 63 63 63 64 65 76 92 115 140 163 177 187 189 190 190 191 190 190 190 190 191 192 
62 62 61 61 62 63 63 65 65 65 63 63 63 63 64 63 62 62 62 61 62 64 64 64 64 64 64 64 64 63 64 63 63 62 62 61 62 62 63 65 64 64 63 64 64 66 73 88 109 133 156 173 184 189 190 191 191 191 189 188 189 189 189 191 
63 62 61 61 62 62 63 65 65 65 64 64 64 64 64 63 63 63 63 63 63 64 63 63 63 64 64 65 65 63 64 63 62 61 61 61 62 62 63 65 64 64 64 64 66 73 85 105 130 153 170 183 188 189 191 192 191 192 191 189 189 189 189 189 
62 61 60 60 61 62 63 65 65 65 64 63 63 64 63 62 62 62 62 62 63 65 64 63 64 65 63 64 64 63 63 63 63 61 61 62 63 62 64 66 65 64 65 65 71 83 101 127 150 168 181 188 188 189 190 192 191 191 191 189 189 189 190 190 
63 62 62 62 62 62 63 64 63 64 63 63 64 64 65 63 64 64 64 64 64 65 65 64 64 65 63 64 64 63 64 64 62 62 62 62 62 63 63 64 63 64 64 69 82 98 122 147 167 181 188 191 190 190 191 191 190 190 190 189 190 190 191 192 
60 60 60 62 62 61 62 63 62 63 64 64 64 65 65 63 64 63 64 64 65 65 65 62 63 63 62 63 64 64 64 64 63 63 64 63 64 65 65 65 65 65 70 81 98 120 146 166 181 189 192 192 192 191 192 191 191 190 190 189 191 190 190 191 
61 61 61 62 63 62 64 64 63 63 64 64 64 66 65 63 64 63 64 62 64 64 64 63 64 64 64 64 65 64 65 65 64 63 65 64 65 66 67 66 67 71 81 96 118 142 163 180 190 193 192 193 191 191 191 190 190 191 191 189 191 189 189 189 
62 62 63 64 64 64 65 65 63 63 64 64 63 64 65 64 64 63 63 62 64 63 64 63 63 62 62 63 63 63 64 65 65 64 65 65 65 67 67 67 73 82 96 118 142 161 177 189 193 194 193 194 191 191 191 190 190 191 189 189 191 190 189 191 
63 63 64 65 65 65 65 64 63 63 64 64 64 65 65 63 63 63 62 61 62 61 62 61 62 62 62 63 63 63 65 65 64 64 65 65 65 67 69 74 85 99 117 141 161 176 187 193 194 193 192 193 191 191 192 191 191 192 191 190 191 190 190 191 
61 62 63 64 65 65 66 65 65 65 65 66 65 65 64 63 62 62 61 60 63 62 63 63 64 62 62 62 62 62 63 63 63 63 63 64 64 69 77 89 104 124 144 163 176 186 192 194 193 192 191 192 190 192 193 193 193 194 192 190 191 190 189 189 
62 62 64 65 66 66 66 65 65 65 66 67 66 66 64 63 62 63 62 62 64 64 64 63 63 62 62 62 62 63 63 64 63 63 62 63 68 79 92 109 128 148 163 176 185 190 191 193 192 190 190 191 188 190 191 191 191 192 191 190 190 190 191 191 
62 63 64 65 65 66 66 64 65 65 65 67 67 66 65 65 63 63 63 62 64 64 65 64 64 62 62 62 61 63 62 63 61 63 63 70 79 95 112 133 152 167 178 187 191 192 192 193 192 190 190 190 188 190 191 191 191 192 191 190 191 191 191 191 
63 64 65 65 65 65 64 63 63 65 66 67 68 67 66 65 63 63 63 61 63 64 65 65 66 64 63 63 62 62 62 63 62 66 71 83 97 118 138 157 170 181 187 190 191 192 193 193 192 190 189 188 187 188 189 190 190 191 192 191 191 192 192 191 
61 62 63 64 64 64 64 63 64 66 66 67 67 66 66 65 64 64 64 62 64 65 66 66 67 65 63 63 63 63 63 65 68 78 88 104 122 143 159 175 184 190 191 191 191 192 191 192 191 190 190 190 189 189 190 190 190 191 192 191 192 192 193 192 
61 62 64 65 64 64 63 61 62 63 64 65 66 66 66 66 66 66 65 64 64 64 65 64 64 63 62 62 62 63 67 75 83 98 113 130 148 165 177 186 190 191 191 191 192 193 192 192 190 190 190 189 189 190 190 190 190 191 192 192 192 192 193 191 
62 63 64 64 63 64 63 61 62 64 64 64 65 65 65 66 66 66 65 64 64 64 64 64 65 63 63 63 66 70 81 93 108 124 140 157 169 180 187 191 190 191 192 192 193 194 194 193 191 191 191 191 190 192 191 191 191 191 192 192 192 192 192 190 
63 64 64 64 63 63 62 62 63 65 66 66 66 65 64 64 65 65 65 64 63 62 62 62 63 62 64 69 78 88 103 118 133 148 163 174 183 188 191 191 190 192 192 192 193 193 192 192 191 191 191 191 191 191 191 190 190 190 191 191 191 191 192 191 
62 63 63 63 62 62 62 62 63 65 66 66 65 64 63 63 65 66 66 66 65 63 62 61 64 69 77 88 102 113 128 143 157 170 180 186 190 191 191 191 191 192 193 193 193 192 191 191 191 192 193 194 193 195 193 192 191 190 190 191 192 192 192 191 
65 65 65 64 63 63 62 62 63 65 66 66 65 65 64 64 65 65 66 66 64 63 66 70 78 88 100 113 127 138 153 167 176 183 189 191 191 192 192 192 192 192 193 193 194 193 193 192 191 192 193 193 194 195 194 192 191 190 190 191 192 192 192 191 
65 65 65 64 63 63 63 63 64 66 67 67 66 65 64 63 63 64 65 68 72 77 85 95 105 116 128 139 153 164 174 183 189 191 191 192 192 191 192 192 192 191 193 193 194 193 193 193 192 192 194 194 194 194 194 191 190 189 189 190 191 191 191 191 
65 64 65 64 64 65 64 64 65 66 67 68 67 66 65 65 67 74 79 87 95 103 111 120 131 142 154 164 175 182 187 191 191 191 191 191 192 192 192 193 194 192 193 194 193 192 191 191 191 191 193 193 193 193 193 191 191 192 192 192 192 192 191 191 
63 62 63 64 63 64 65 64 64 66 65 67 70 74 78 85 91 100 106 115 123 131 139 148 158 169 179 183 189 190 190 190 192 191 191 191 191 192 192 193 193 191 192 192 191 191 191 191 192 192 193 193 193 193 193 192 192 192 192 192 192 192 191 191 
64 63 64 65 65 68 72 75 81 86 88 93 97 101 106 112 118 126 131 139 147 156 164 174 182 187 192 191 191 190 190 190 192 192 192 192 192 192 192 194 193 192 193 193 191 192 191 190 190 190 191 191 192 191 192 191 193 193 192 191 190 190 189 189 
86 86 87 89 90 93 97 100 106 110 114 118 122 126 131 137 144 152 157 165 174 181 186 191 194 194 194 192 191 190 191 191 193 193 192 192 191 191 191 193 193 193 193 193 191 191 190 189 190 190 191 190 191 190 191 191 192 193 192 191 190 190 189 189 
111 112 112 115 115 119 122 127 131 135 138 143 147 152 157 164 170 178 182 186 190 192 192 193 194 193 194 192 191 190 191 192 193 193 192 192 191 191 191 193 192 192 192 192 190 190 189 188 189 190 191 190 191 190 191 190 193 193 193 192 191 190 190 191 
123 124 124 127 127 131 135 141 147 152 155 160 166 172 180 187 192 195 193 193 193 192 192 193 194 193 194 192 191 190 191 191 193 192 193 192 191 190 191 192 191 192 192 192 190 190 190 189 190 190 191 190 191 190 191 190 192 192 191 190 191 190 190 191 
145 146 146 148 148 154 158 166 174 180 186 191 193 193 196 195 194 194 192 191 192 191 191 193 194 193 193 192 190 190 191 193 194 195 195 194 192 191 191 192 191 193 192 193 191 190 190 188 189 189 191 190 191 191 191 189 192 192 191 190 192 190 191 192 

61 60 61 62 61 62 62 61 62 62 61 63 64 64 65 65 65 65 64 65 65 66 61 63 62 64 63 65 64 64 62 63 63 65 64 63 62 63 63 63 64 64 64 65 65 64 65 65 64 63 63 62 63 61 63 64 66 64 65 68 92 116 130 153 
62 61 62 62 62 63 62 62 63 62 61 63 64 64 64 64 63 63 62 63 63 63 61 63 62 63 63 64 62 63 62 63 64 64 64 64 64 65 64 64 64 64 64 65 66 65 66 65 64 63 63 61 62 61 63 63 65 63 65 67 92 117 132 155 
62 62 62 62 62 63 63 62 63 62 61 62 63 63 63 64 63 63 62 64 63 64 62 63 62 63 62 64 62 63 63 64 64 64 64 63 63 64 64 64 64 63 64 65 66 65 66 64 64 63 63 62 63 62 62 63 64 63 64 68 93 119 133 157 
62 62 62 62 63 63 62 62 63 63 62 64 65 65 64 65 64 64 63 65 66 65 64 64 62 63 62 64 63 64 64 65 65 64 62 62 62 63 64 64 64 63 64 64 65 64 65 63 62 61 61 61 61 61 62 62 63 62 63 67 94 120 134 159 
64 63 63 62 62 62 62 62 63 64 62 62 64 64 63 65 64 64 64 65 65 64 63 63 62 62 62 62 62 63 63 65 65 64 63 63 63 63 65 64 64 63 64 63 64 65 65 63 62 61 61 61 62 63 63 64 64 63 62 68 94 121 136 162 
64 64 63 62 63 63 63 63 63 63 62 61 63 62 61 62 62 62 63 64 64 63 63 63 63 62 61 61 61 61 63 65 66 64 63 63 62 62 64 63 63 62 64 64 65 64 65 62 62 62 62 62 62 62 62 62 63 63 62 71 97 124 139 165 
64 64 64 63 64 63 64 64 63 63 62 61 63 63 63 63 64 63 64 64 65 64 63 63 63 62 62 62 63 63 64 66 66 64 63 62 61 61 63 62 63 62 63 63 64 63 64 63 62 63 63 63 64 65 63 63 64 63 62 74 100 126 142 169 
65 64 64 64 63 63 64 64 63 63 63 63 63 64 62 63 62 62 63 64 65 64 64 63 63 62 62 62 63 63 63 65 64 63 62 62 61 62 62 63 62 62 63 63 64 64 64 63 62 63 63 63 62 63 63 63 64 64 63 77 103 129 145 174 
66 64 64 63 63 62 64 65 63 64 64 63 63 63 62 62 61 61 62 63 63 63 63 64 64 63 63 62 63 63 63 64 63 62 61 62 62 62 62 62 62 62 63 64 65 64 65 64 64 64 64 64 64 64 64 63 64 64 63 82 107 133 150 180 
64 64 64 65 64 64 66 66 64 65 65 64 64 65 63 62 61 61 61 61 63 63 63 63 63 62 62 61 62 62 63 64 63 62 62 62 62 63 63 63 62 63 64 64 64 64 64 65 64 65 65 64 63 63 62 62 63 64 64 85 110 135 152 183 
66 65 65 66 65 64 65 65 64 64 66 65 64 64 64 63 63 62 62 62 63 63 64 65 64 64 64 63 64 64 64 64 64 62 62 62 62 63 63 64 62 64 63 64 63 64 64 64 64 65 65 65 64 64 64 63 63 64 65 88 114 139 157 187 
65 64 65 64 63 62 63 63 63 64 65 64 63 63 63 63 61 63 63 63 64 65 65 65 65 64 63 62 62 62 63 63 63 63 62 63 63 64 63 65 63 64 64 65 64 65 64 64 64 64 64 64 64 62 63 63 62 63 67 91 117 143 162 191 
64 64 64 64 63 62 62 63 62 64 65 65 64 64 64 64 63 64 63 63 64 65 65 66 66 65 64 63 62 61 63 65 65 65 64 64 63 63 62 63 62 64 63 64 63 64 63 64 64 64 65 64 64 63 63 63 63 63 69 94 120 147 167 193 
64 64 64 63 63 62 62 62 63 64 64 64 63 64 64 63 63 64 63 62 63 63 63 65 65 65 63 63 62 61 62 65 66 65 65 64 64 63 63 63 63 62 61 63 63 63 63 63 63 63 63 64 64 63 63 63 63 63 75 100 126 152 174 193 
64 64 63 62 61 60 59 61 62 63 63 64 63 63 64 63 63 64 63 63 63 63 64 66 66 66 66 65 63 63 64 65 66 65 64 63 63 62 62 63 62 62 62 64 64 64 64 64 64 63 64 65 65 64 64 63 63 63 79 106 132 158 182 194 
63 63 62 60 61 61 61 62 62 63 63 63 64 64 64 64 63 63 62 61 62 63 64 66 66 66 65 65 63 64 64 64 65 65 64 63 63 63 62 63 62 61 61 63 63 63 64 64 63 62 63 63 64 65 65 65 64 65 85 111 138 164 187 194 
63 63 62 61 62 62 62 64 63 63 63 63 64 64 64 63 63 62 61 61 61 62 64 66 66 67 66 66 64 64 65 65 65 64 64 63 62 62 62 62 62 61 61 63 63 63 63 64 63 62 63 63 64 65 65 66 65 71 94 121 146 171 191 193 
63 63 62 62 63 63 63 64 64 63 63 63 64 63 64 63 63 62 61 60 60 61 63 65 65 66 66 66 64 64 64 63 63 63 63 63 63 62 62 63 63 63 63 64 64 63 63 63 62 61 62 63 64 66 67 66 66 77 102 128 153 178 192 191 
63 63 63 63 64 64 64 63 63 63 63 63 64 63 64 64 62 61 62 62 62 64 66 68 67 67 66 66 64 65 66 65 65 65 64 64 63 62 63 64 63 64 64 64 64 64 63 63 63 63 64 64 65 66 67 67 68 84 108 134 159 182 192 191 
62 62 62 63 64 64 64 63 63 63 63 62 64 63 63 62 63 61 62 62 62 64 66 67 67 66 65 65 64 64 66 65 64 64 64 64 63 63 64 64 64 64 64 64 63 62 62 64 63 64 63 64 65 66 67 67 71 92 116 142 168 187 191 191 
62 62 62 63 64 64 65 64 64 64 63 63 63 63 63 63 63 63 63 64 64 64 66 67 66 65 65 65 64 64 65 65 65 63 63 63 62 61 62 63 64 64 65 65 65 64 64 65 65 65 64 64 64 65 65 65 74 99 124 151 177 192 192 192 
60 61 62 62 63 64 64 63 64 63 63 63 65 65 64 64 64 64 64 65 65 66 66 66 66 65 64 65 63 63 65 65 64 63 63 62 61 60 62 63 64 64 65 65 66 65 65 66 65 64 63 64 63 64 64 66 80 106 132 159 182 192 191 191 
60 61 62 62 64 64 65 63 65 64 63 64 65 65 65 65 66 66 66 66 66 65 65 66 66 65 65 65 64 64 66 66 65 63 63 61 61 61 63 63 64 63 63 63 65 65 65 67 66 65 63 64 64 64 63 71 90 116 142 168 186 192 191 191 
60 60 61 61 62 63 64 63 65 64 64 65 65 65 65 66 65 65 65 65 65 64 64 64 66 64 64 65 65 63 65 66 64 62 63 61 61 61 62 62 63 63 62 63 65 66 67 68 67 65 63 63 62 63 63 75 99 126 151 176 190 191 190 191 
62 62 63 63 63 64 65 64 65 64 65 65 65 66 66 66 65 66 66 66 66 66 66 65 66 65 65 65 65 63 64 64 63 61 61 60 60 60 62 62 63 64 63 63 66 66 67 68 67 65 64 63 63 64 68 86 111 137 161 182 190 191 190 191 
62 62 62 62 63 63 63 63 64 64 65 66 66 65 65 65 64 64 64 64 64 64 64 64 65 64 64 64 65 63 64 65 64 63 63 61 60 61 63 63 64 65 64 63 64 65 66 67 66 65 65 63 63 64 74 96 122 147 171 186 189 189 189 189 
64 64 63 62 62 62 63 64 64 64 66 67 66 66 66 65 63 63 63 62 63 64 65 64 65 64 63 63 64 63 64 65 65 64 63 61 60 61 62 64 65 65 64 63 63 63 64 65 65 66 66 64 65 68 83 108 134 158 179 189 189 190 190 190 
63 62 62 61 62 62 62 64 63 63 65 67 65 66 65 64 60 60 61 62 62 65 66 65 65 64 62 62 62 61 62 64 64 63 63 62 61 61 62 64 64 65 65 65 64 64 65 65 65 66 67 64 65 73 94 118 144 169 185 190 190 190 191 192 
63 63 62 62 62 63 63 64 64 65 66 66 66 67 64 63 61 60 61 63 64 66 67 66 65 64 62 62 62 62 62 64 65 65 64 62 61 60 61 63 64 65 65 65 63 63 64 65 65 67 68 67 71 84 108 133 158 178 190 192 191 192 192 193 
62 62 61 61 62 63 63 63 63 64 65 65 66 66 64 62 61 60 61 62 64 65 66 64 64 63 62 61 61 61 62 64 65 66 65 65 63 62 61 62 62 63 64 65 64 63 64 64 65 66 67 67 77 94 120 144 169 184 191 192 192 193 193 194 
63 63 62 61 62 62 62 62 63 64 65 65 67 67 64 62 61 60 61 62 65 66 67 66 65 63 62 62 61 60 62 63 64 64 64 64 62 61 61 62 62 63 64 65 64 64 65 66 67 68 68 73 87 110 135 160 179 189 192 192 193 193 194 195 
61 61 61 62 62 63 63 62 62 63 64 64 66 66 64 61 62 61 62 63 65 66 66 65 65 64 63 62 62 61 62 63 64 65 65 64 64 62 62 62 63 63 66 66 65 65 66 65 66 67 69 80 99 123 148 171 185 190 191 191 192 193 193 194 
61 61 62 62 62 63 62 61 62 63 64 64 65 65 63 62 62 63 63 64 66 65 65 64 63 62 62 62 61 62 63 64 64 65 64 64 63 62 63 62 63 63 65 65 65 65 67 66 67 68 74 91 116 139 163 181 190 189 191 191 192 193 193 193 
62 62 62 62 62 62 61 60 61 62 62 63 64 63 63 62 62 62 63 63 64 63 63 62 61 61 61 61 61 62 63 63 63 63 63 62 63 63 64 64 65 64 65 65 65 64 66 64 66 70 83 104 129 153 174 187 191 190 192 192 192 192 193 193 
60 61 62 62 63 62 61 60 61 62 63 64 65 63 63 63 62 63 63 63 63 64 63 63 61 61 61 61 61 62 63 63 64 64 64 63 64 63 64 65 66 64 65 64 64 64 65 64 68 77 94 120 144 166 181 190 191 190 192 192 192 192 193 193 
60 60 60 62 62 62 61 62 61 62 62 63 64 64 64 64 64 64 64 64 63 64 63 62 60 61 61 61 62 63 64 64 64 64 64 63 64 64 64 64 65 63 63 63 64 64 64 65 72 87 109 135 159 175 186 190 190 190 192 191 191 191 191 191 
61 61 60 61 61 61 61 62 63 63 63 64 64 63 63 64 63 63 63 64 63 64 62 62 60 61 61 62 63 63 64 63 64 63 63 62 65 64 65 65 65 63 61 62 63 63 64 71 83 101 125 151 170 182 189 191 191 191 192 192 191 191 191 191 
62 62 61 61 61 61 61 63 63 63 63 64 65 64 64 63 63 62 63 63 62 63 63 63 63 64 64 63 63 63 63 62 64 62 62 62 63 63 64 64 64 63 61 62 62 63 66 79 95 119 143 165 179 187 190 191 191 192 192 191 191 191 192 192 
61 60 60 61 62 62 63 64 65 64 64 64 65 63 64 64 63 63 64 64 63 64 64 64 64 64 64 63 64 63 64 64 64 63 62 62 62 62 62 63 62 62 61 62 63 67 75 92 113 138 159 175 185 189 191 193 192 193 191 190 190 190 190 191 
61 60 60 60 62 62 63 64 66 65 65 65 65 64 64 64 64 64 65 64 63 64 63 62 63 65 64 64 65 64 64 64 63 62 61 61 61 61 62 63 63 63 62 63 66 75 88 110 133 155 171 183 188 189 191 192 192 193 192 190 190 190 189 189 
60 59 59 59 61 61 63 64 66 66 65 65 64 63 63 63 63 64 65 64 63 64 64 63 64 65 64 64 65 64 64 64 63 61 61 61 61 61 62 63 63 63 63 65 73 85 105 130 152 170 181 187 187 189 190 191 191 192 192 190 190 191 191 191 
61 60 61 61 62 61 63 63 64 64 64 64 65 64 65 64 65 64 66 65 64 65 65 63 65 65 64 64 65 63 64 65 63 62 62 62 61 62 62 62 62 62 63 71 84 102 127 151 169 183 189 190 190 190 190 190 190 191 191 190 191 192 193 193 
59 58 60 60 61 60 62 63 63 63 65 65 64 64 65 64 64 64 66 65 65 65 65 63 64 63 63 64 65 64 66 65 64 63 64 63 63 64 64 64 65 65 72 84 102 125 150 168 181 190 191 191 191 190 191 190 191 191 191 190 192 192 191 191 
59 58 59 60 61 61 63 63 63 62 65 64 64 64 65 64 64 64 65 64 65 64 65 63 65 64 64 65 65 64 66 65 65 64 64 64 64 65 66 65 68 73 84 101 124 147 167 181 189 192 191 191 190 190 190 189 190 190 191 190 191 191 191 191 
60 60 61 62 62 62 63 63 63 62 63 63 63 63 64 63 64 64 65 64 65 64 65 64 64 63 63 63 63 63 65 65 65 64 65 64 64 65 66 67 74 84 100 124 147 166 180 190 192 193 191 192 190 190 190 189 189 190 189 189 191 191 191 193 
62 62 63 63 63 63 63 63 61 61 63 64 63 64 64 63 63 63 63 63 64 63 64 63 63 62 62 62 63 63 65 65 65 65 65 65 64 66 69 75 87 102 122 146 165 180 189 193 192 192 190 191 191 190 192 191 191 192 191 190 192 191 190 192 
61 61 62 63 63 64 64 64 63 64 64 64 63 64 63 62 63 63 63 63 65 64 64 63 64 62 62 61 62 62 63 64 65 64 63 64 63 69 78 90 107 127 147 166 179 188 192 193 192 191 189 190 190 190 193 193 192 193 192 189 191 190 189 191 
61 62 63 64 64 65 65 64 64 65 65 65 65 65 63 62 62 63 64 64 66 64 64 63 64 62 62 62 62 63 63 64 64 63 62 65 69 80 94 111 131 150 164 178 186 191 191 192 191 191 189 191 189 189 191 191 191 192 191 189 190 190 190 191 
63 64 64 64 64 65 64 64 64 65 65 66 66 65 64 64 63 64 64 64 65 64 64 63 64 62 63 62 62 63 63 64 63 64 65 73 82 98 116 136 154 169 179 187 191 192 193 193 192 191 190 190 189 189 191 192 191 191 191 189 190 190 190 191 
63 64 64 65 65 65 64 64 63 64 66 67 67 67 65 65 63 63 63 63 64 64 64 64 65 63 63 63 63 63 63 64 63 68 74 86 101 122 142 160 172 182 187 189 190 192 192 192 192 190 189 189 189 188 190 191 190 191 191 189 190 190 191 190 
62 63 63 64 64 64 64 64 64 65 66 67 66 66 65 65 64 64 64 63 65 65 65 65 65 64 63 62 63 64 63 66 71 80 91 109 126 147 163 178 185 191 191 191 191 192 191 191 191 190 190 191 189 189 189 190 190 190 191 190 190 190 191 190 
63 64 64 66 65 64 63 63 62 63 65 66 65 65 65 65 65 65 65 64 64 64 64 63 63 62 62 62 63 65 70 78 87 102 117 134 152 169 180 188 190 191 191 191 192 193 191 191 190 190 190 190 190 190 190 190 190 190 191 191 191 191 191 190 
64 64 65 66 65 64 63 62 62 63 64 65 64 65 65 65 65 66 64 64 64 63 64 63 62 61 61 62 67 73 84 97 112 127 143 160 172 182 188 191 189 191 192 192 193 195 193 192 191 190 190 190 191 192 192 191 191 191 192 191 191 191 191 190 
65 66 66 67 65 64 63 63 63 64 65 65 64 64 64 64 64 65 64 64 63 63 63 63 61 61 64 69 79 91 106 121 136 151 166 177 185 190 191 191 190 191 191 192 192 193 192 191 190 190 190 190 190 191 191 191 191 191 191 191 191 191 192 191 
64 64 64 64 63 63 62 63 63 65 65 65 63 63 62 63 65 66 66 66 64 63 63 63 67 72 81 91 105 117 132 147 161 173 182 189 191 192 192 192 191 192 192 192 193 193 191 192 191 191 193 193 192 194 193 192 193 192 191 193 192 191 192 192 
65 65 64 64 63 63 62 63 63 65 65 65 64 64 63 64 65 65 65 66 64 64 68 74 83 94 106 117 130 141 157 169 179 185 190 191 192 193 194 192 191 191 192 192 193 194 193 193 192 192 193 193 193 195 194 193 192 191 191 191 190 191 191 190 
64 64 64 63 62 63 63 63 64 65 66 66 65 64 63 63 63 64 65 71 73 80 90 99 110 122 133 143 156 167 176 185 190 191 192 193 193 193 193 192 192 192 193 193 194 194 194 194 194 193 194 194 194 194 194 193 191 190 190 191 189 190 190 189 
64 64 65 64 64 64 64 64 65 66 66 67 66 65 64 66 69 75 81 92 97 106 116 125 136 149 159 169 178 183 188 191 192 192 192 193 193 193 193 194 194 193 193 193 193 192 192 193 192 193 194 194 193 193 192 192 192 192 192 192 191 191 191 191 
62 62 62 63 62 63 64 64 65 67 67 69 73 77 80 88 95 102 108 118 124 133 142 152 162 174 182 186 191 190 191 191 193 192 193 193 193 193 194 194 193 192 192 192 192 192 192 193 193 194 194 194 193 192 192 192 191 192 192 192 191 192 191 191 
68 68 69 70 70 73 76 80 84 89 92 96 100 105 108 115 121 127 132 142 149 157 167 177 183 189 192 191 191 190 192 192 194 194 194 194 194 194 194 195 194 193 192 193 191 192 192 191 192 192 192 191 192 191 192 192 192 192 192 191 189 189 188 189 
91 92 93 94 95 98 101 105 109 114 117 121 125 130 134 140 147 154 159 168 176 182 188 193 193 193 193 191 191 191 193 193 195 194 194 193 193 192 192 193 192 192 193 193 191 192 191 190 191 192 192 191 192 190 191 191 193 193 193 192 190 190 189 190 
117 117 118 120 120 123 126 131 135 139 142 146 149 155 161 168 174 180 183 187 190 191 192 193 194 193 193 192 191 191 192 193 194 193 193 192 192 192 192 193 192 192 192 192 191 191 190 189 190 191 191 190 191 189 190 190 193 193 193 192 191 191 190 191 
130 130 130 133 133 136 141 147 152 157 160 165 170 177 185 191 195 196 192 191 192 191 192 194 194 193 193 192 191 191 193 193 194 194 194 193 192 191 192 193 192 192 193 192 191 191 191 189 191 191 191 191 192 190 190 191 192 192 191 191 190 190 189 191 
154 154 155 156 156 161 166 173 181 185 189 193 193 194 197 197 196 195 192 190 191 190 191 194 194 193 193 192 191 191 192 194 194 195 195 193 192 191 191 192 192 193 193 193 192 191 190 188 190 190 191 190 192 190 190 190 193 193 192 191 191 190 189 191 

61 60 61 62 60 63 63 63 63 63 62 63 63 63 64 64 65 65 64 65 65 64 61 62 61 64 64 66 65 66 64 65 65 66 65 63 62 63 63 63 65 64 64 63 63 61 63 63 63 64 64 63 63 63 63 65 67 66 67 75 99 124 139 163 
61 61 62 62 62 64 64 63 63 64 62 63 64 63 62 62 62 62 62 63 63 62 60 62 61 63 64 64 63 65 63 65 65 66 65 65 64 65 65 64 64 63 64 63 63 62 65 64 64 64 64 62 63 62 63 65 66 65 66 75 100 125 141 166 
61 61 62 62 62 64 64 63 63 63 61 62 63 62 62 62 62 62 62 63 63 62 61 62 61 63 63 64 63 65 64 64 65 65 64 64 64 64 64 64 64 63 64 64 64 63 65 64 64 64 64 63 63 64 63 64 65 65 65 75 100 126 141 166 
62 62 62 63 64 64 64 64 64 64 63 64 64 64 63 63 63 64 64 64 65 64 62 62 62 63 63 64 64 65 64 64 65 64 63 63 63 63 64 65 64 63 64 64 64 63 65 64 63 63 63 62 62 63 63 63 64 64 64 74 100 126 142 168 
63 63 63 63 63 64 64 64 64 65 63 63 64 63 62 63 63 63 63 64 64 63 61 62 62 62 63 64 64 64 64 64 65 64 63 64 65 64 65 65 64 62 64 64 64 65 66 64 63 63 63 63 64 65 64 64 64 64 63 74 101 127 143 170 
64 64 64 63 65 65 64 63 64 64 62 62 63 62 60 60 61 62 63 64 64 63 62 62 62 61 62 62 62 62 63 64 65 63 63 63 63 62 63 63 63 62 65 65 65 65 66 64 63 63 63 63 63 64 63 63 63 63 63 76 103 129 145 173 
65 64 64 64 65 64 64 64 64 64 62 63 63 63 62 62 63 63 64 64 65 63 62 62 62 62 62 63 64 64 64 65 65 63 62 62 62 61 62 62 63 62 64 64 64 64 65 64 63 64 63 63 64 65 63 63 63 64 62 79 105 131 148 176 
66 65 65 65 64 64 65 64 64 64 64 64 64 63 62 62 62 62 63 65 65 64 63 63 63 62 63 63 65 64 64 65 64 63 62 63 62 62 61 62 62 62 63 65 65 65 65 64 62 62 62 61 61 63 62 61 63 64 63 81 108 133 150 180 
66 65 64 64 64 63 65 65 64 64 64 64 63 63 61 62 61 61 63 64 64 63 63 63 63 63 64 64 64 65 64 64 63 62 61 62 62 62 61 62 62 62 64 65 66 66 65 65 64 63 63 62 62 63 63 62 63 63 63 85 111 136 154 184 
65 64 65 65 65 64 66 65 64 65 65 64 64 64 62 62 61 60 61 61 62 62 63 63 62 63 63 63 64 64 64 64 63 61 62 62 62 62 62 62 62 63 64 64 65 65 64 64 63 63 63 62 62 62 62 61 63 63 64 88 114 139 157 187 
66 66 66 66 65 64 64 65 63 64 65 64 63 64 63 63 61 61 61 62 61 62 63 64 63 64 64 65 66 66 65 65 63 62 62 63 63 64 63 64 62 63 63 64 63 64 64 64 64 64 64 63 63 62 63 62 63 64 68 92 118 143 162 189 
66 65 65 64 64 63 64 64 63 64 64 64 62 63 62 61 60 61 61 62 62 63 64 65 63 63 63 63 63 64 64 63 63 62 61 62 63 64 63 65 63 64 64 65 64 65 63 64 64 64 64 64 63 62 62 62 62 63 71 95 121 146 166 190 
66 64 64 63 63 62 63 63 62 64 64 64 63 64 63 62 61 62 62 62 63 63 63 64 64 64 63 63 62 63 63 64 64 63 62 62 62 63 62 64 63 64 63 64 63 63 63 64 65 65 65 65 65 63 63 62 63 62 74 100 126 151 173 192 
65 64 63 62 62 62 62 63 62 63 63 63 62 63 62 61 61 62 61 62 62 63 62 64 64 64 63 63 62 62 63 64 65 64 63 63 63 63 62 64 64 63 62 64 63 63 62 63 64 64 64 65 65 62 63 63 63 63 80 106 132 157 180 193 
65 64 63 62 61 61 61 62 61 62 62 62 62 62 62 62 62 63 62 63 63 64 64 66 65 65 65 65 63 65 65 65 65 65 62 63 62 63 62 64 64 64 63 64 63 64 63 63 64 64 64 65 65 63 63 63 63 64 85 111 137 162 185 192 
64 62 61 61 61 62 62 63 62 62 61 61 63 64 63 63 63 63 62 62 62 64 64 66 65 65 64 65 63 64 64 64 64 64 62 62 62 62 62 64 64 63 63 64 63 63 63 63 63 62 63 64 64 63 63 64 63 67 89 116 141 168 189 193 
62 62 61 62 62 63 63 64 63 63 62 62 63 64 63 64 64 63 62 62 62 63 64 66 66 66 65 66 64 64 65 65 64 64 63 62 62 62 62 63 63 63 63 64 64 63 63 63 63 62 62 63 63 64 64 64 64 72 96 123 149 175 192 193 
62 62 61 63 64 65 64 65 64 64 62 62 64 63 63 63 63 61 61 61 61 62 64 66 66 66 65 65 64 64 64 64 64 63 62 63 63 62 64 64 65 65 65 65 64 64 63 63 62 62 62 63 63 65 65 66 65 79 103 129 155 180 192 192 
62 62 62 63 64 65 64 64 64 63 63 63 65 63 64 64 63 61 62 62 62 64 66 67 66 66 65 65 64 64 65 65 65 64 64 64 63 63 64 65 65 66 66 65 64 63 63 62 63 63 63 64 64 66 66 66 68 86 110 136 162 185 191 192 
62 62 62 62 63 64 64 64 64 64 64 64 65 63 63 63 63 61 63 63 62 64 66 67 66 65 64 64 63 63 65 65 64 64 65 64 63 62 63 64 65 65 65 64 63 62 62 63 62 63 62 63 63 65 65 65 71 94 119 145 171 190 192 192 
63 63 63 63 64 65 65 65 66 65 65 64 64 63 63 63 64 63 64 65 65 65 66 67 65 64 63 64 63 63 64 65 65 64 64 63 62 61 63 64 65 65 66 65 65 64 65 64 64 64 63 62 63 64 64 65 77 103 128 155 180 193 193 193 
63 63 63 62 63 64 64 64 65 64 64 64 64 63 63 63 64 63 64 66 65 66 66 67 66 65 64 64 63 63 64 65 65 65 64 63 62 61 63 64 65 65 65 65 65 64 65 65 64 63 62 62 62 63 63 68 85 111 137 163 185 193 193 193 
63 63 64 63 64 64 64 63 65 64 64 64 64 64 64 64 65 65 66 67 67 66 66 66 66 65 64 65 64 63 65 67 65 64 64 62 61 61 63 64 65 65 64 63 64 64 65 66 65 64 63 63 63 64 63 72 95 120 146 172 189 192 192 193 
64 63 63 63 63 63 64 63 65 64 64 64 64 63 63 64 64 65 65 65 66 65 64 65 66 65 64 65 64 63 64 66 64 64 64 63 61 62 63 63 64 65 63 64 65 65 66 68 66 64 63 61 61 62 63 77 103 129 156 179 191 192 192 192 
64 64 64 65 65 64 65 65 64 63 63 64 64 64 64 65 64 65 65 66 66 66 66 66 66 65 65 65 64 62 63 64 63 62 62 61 60 61 63 64 65 65 65 65 66 66 67 69 67 66 65 63 63 64 71 90 116 141 166 184 190 191 191 192 
63 64 64 64 64 64 63 64 64 63 64 66 65 64 64 64 63 64 64 64 64 65 65 64 65 65 64 64 65 63 63 65 63 62 62 61 60 61 63 64 66 66 64 64 64 64 65 67 66 66 66 64 65 66 78 100 127 151 175 188 189 190 190 191 
65 65 64 64 63 63 63 65 64 64 66 67 65 65 65 64 63 63 64 64 64 64 65 64 65 64 63 63 64 62 63 65 63 62 62 61 59 61 62 64 66 67 65 64 63 63 64 66 66 67 68 66 66 71 88 111 138 162 182 189 189 190 190 192 
64 64 62 62 62 62 62 64 63 63 65 66 65 65 65 64 62 62 64 63 63 65 65 64 64 64 62 62 63 61 61 63 63 62 62 61 60 60 61 63 65 66 66 66 65 64 65 66 66 67 68 65 66 76 98 122 149 173 187 190 190 191 191 193 
64 64 63 64 63 63 63 64 63 64 66 66 66 67 65 64 63 63 63 64 65 66 67 65 65 64 63 62 63 62 62 63 64 64 63 62 61 60 60 63 65 66 66 65 63 63 64 65 66 68 69 68 74 88 114 138 164 182 191 192 191 191 191 194 
64 64 63 62 62 63 62 63 63 63 65 66 66 67 65 63 63 63 63 63 64 65 66 64 65 64 63 61 62 61 61 63 64 66 65 64 63 62 61 62 63 65 65 65 63 63 63 63 65 66 68 69 81 100 125 150 174 187 191 192 192 192 192 193 
65 65 64 63 63 63 61 61 62 63 64 65 67 67 65 63 63 63 62 62 65 66 66 65 67 64 64 62 62 60 61 62 63 64 65 64 63 62 61 62 64 64 66 65 63 63 64 64 66 67 68 73 90 113 138 163 182 190 191 192 192 192 192 194 
62 63 63 63 63 64 62 61 61 62 63 64 66 66 64 63 63 64 63 63 65 66 66 65 66 64 63 62 61 60 61 62 63 65 66 65 64 63 62 62 63 64 67 66 66 65 65 64 66 66 70 82 103 127 153 175 188 191 191 192 192 192 193 194 
64 64 64 63 63 63 62 60 61 63 63 64 65 65 63 62 63 65 64 64 66 65 65 65 64 63 63 62 61 61 62 63 63 65 65 65 64 63 63 63 63 63 65 64 64 65 66 64 66 67 76 93 119 142 166 183 191 189 190 191 192 192 192 193 
64 64 64 62 63 62 61 60 61 62 63 64 64 64 62 62 62 63 64 63 64 63 64 63 63 62 62 62 62 62 62 63 62 63 63 63 64 64 65 64 65 64 65 65 65 65 65 64 66 72 86 108 134 156 175 187 190 189 191 191 192 193 194 194 
63 63 63 63 63 62 61 61 62 64 64 65 64 63 62 62 63 63 64 63 64 64 64 63 63 62 62 62 62 63 64 64 64 64 65 63 64 64 64 64 64 63 64 64 65 64 65 64 69 80 99 124 149 168 182 189 189 189 191 192 193 193 194 194 
62 61 61 61 61 61 61 62 62 64 64 64 64 63 63 63 63 64 65 64 64 64 63 63 61 62 62 62 62 63 64 63 64 64 64 62 64 64 64 64 64 63 63 64 65 65 65 66 75 92 115 141 164 179 188 190 190 190 191 192 192 192 193 193 
61 61 61 60 60 60 60 62 63 65 65 65 65 63 62 62 62 62 63 63 63 63 63 62 61 61 61 62 62 63 63 62 62 62 63 62 65 64 65 64 64 62 62 62 63 64 66 73 86 107 132 156 174 185 189 189 190 190 191 192 192 191 192 192 
61 61 60 60 60 60 60 62 64 65 65 66 65 64 63 62 62 62 64 63 63 64 64 63 63 63 62 62 62 62 63 62 63 62 63 62 64 63 63 63 63 62 62 63 64 64 69 82 100 125 150 170 183 190 190 191 191 192 192 191 191 192 192 192 
60 60 60 60 61 61 62 63 65 66 65 65 65 63 63 63 63 63 64 64 64 65 64 63 63 63 62 62 63 63 63 63 63 62 63 62 62 61 61 61 60 61 61 62 63 68 79 97 119 145 165 179 188 190 191 192 192 192 191 191 191 190 190 191 
60 60 60 59 61 61 62 63 66 65 65 66 66 64 64 64 64 63 65 65 64 64 63 62 61 63 62 62 63 62 63 63 62 61 61 60 60 60 61 62 62 63 62 63 67 77 92 115 139 161 176 185 190 190 191 192 193 193 192 191 190 190 189 189 
61 60 60 59 61 60 61 62 64 64 65 65 65 63 64 63 64 63 65 65 64 64 64 63 63 64 63 64 65 64 64 65 64 62 62 61 61 59 61 62 62 62 63 66 74 88 110 135 157 175 185 188 189 189 189 191 191 191 191 190 190 190 190 190 
63 61 62 61 61 60 62 61 63 63 64 65 65 64 65 64 65 64 66 66 64 65 65 63 64 65 64 65 66 64 65 66 65 64 63 62 60 60 61 61 61 61 64 73 87 106 132 155 172 185 191 190 191 190 189 190 190 190 190 189 190 190 191 191 
62 61 62 62 62 60 62 61 63 64 65 65 65 65 65 64 65 64 66 65 65 64 65 64 64 64 64 65 65 64 66 66 65 64 64 62 62 62 63 64 64 65 73 86 105 129 153 171 183 191 191 190 191 189 189 190 191 190 191 189 190 189 190 190 
61 61 62 62 62 61 62 61 62 63 65 65 66 66 66 65 65 64 65 65 65 64 65 64 66 65 64 65 65 64 66 66 66 65 65 64 63 63 65 65 68 75 88 105 129 151 170 182 189 191 190 190 190 189 188 189 190 190 191 190 190 189 189 189 
62 62 63 63 62 62 63 62 62 63 64 64 65 65 65 65 65 65 65 65 65 65 66 65 66 65 64 63 63 63 65 66 66 65 66 65 64 65 66 68 76 87 105 129 152 169 182 191 191 192 191 191 189 188 189 189 189 190 190 189 191 190 191 192 
63 63 64 64 64 63 63 62 61 63 64 64 65 66 65 64 64 64 65 64 65 64 65 65 65 63 63 62 61 62 64 65 65 65 66 66 65 67 71 77 89 106 128 150 169 182 190 193 192 191 190 191 189 189 190 191 191 191 191 190 192 191 191 192 
61 62 63 64 65 65 65 64 63 64 64 64 64 65 65 64 65 65 65 64 66 65 66 65 65 62 63 61 61 63 64 65 65 64 64 65 65 71 82 95 112 133 153 169 183 190 193 194 192 191 189 190 189 189 191 193 192 193 192 190 191 190 191 192 
60 61 62 64 65 65 65 65 63 63 65 65 65 66 64 63 64 65 65 65 66 64 65 64 64 62 62 61 61 63 63 65 64 64 63 67 72 84 99 116 136 155 169 181 189 192 192 193 192 191 190 190 188 188 190 191 191 191 191 190 190 190 191 192 
62 62 63 65 65 65 64 64 63 63 64 65 66 66 66 65 66 66 65 65 66 64 64 64 64 62 63 62 62 63 63 64 64 64 67 76 86 103 122 142 158 172 182 189 192 193 193 193 192 190 190 190 189 189 191 192 192 192 191 190 190 190 191 192 
62 63 63 65 66 65 64 64 62 63 65 66 66 67 66 65 65 65 65 64 65 63 64 63 64 62 63 62 62 63 63 64 65 70 78 91 107 127 147 164 174 183 188 189 190 192 192 191 191 190 190 190 189 189 190 191 191 190 191 189 189 190 191 191 
61 62 63 64 65 65 65 64 63 64 65 66 66 66 66 65 66 65 65 65 65 63 64 63 64 62 63 62 63 63 63 68 74 84 96 114 131 152 168 180 187 191 191 191 191 191 191 190 190 190 190 191 190 190 190 191 190 190 190 190 190 190 191 192 
63 63 63 65 65 64 63 62 61 62 63 65 65 66 65 65 66 66 65 65 65 63 64 63 63 62 62 62 62 65 70 79 90 106 121 140 157 172 182 189 190 190 190 190 191 192 191 190 189 189 190 191 191 191 191 191 191 190 191 191 191 191 192 192 
64 65 65 66 66 65 63 62 61 62 63 64 64 65 65 66 66 66 65 66 65 64 65 64 63 61 62 62 68 76 87 101 116 131 147 164 175 185 190 192 190 190 191 191 192 193 193 191 190 189 190 190 191 192 192 192 191 190 191 190 191 192 192 192 
65 66 66 66 66 65 64 63 62 63 64 64 63 64 63 65 65 66 65 65 63 63 64 63 61 62 66 71 83 96 110 125 141 156 168 180 186 191 191 191 190 191 190 190 191 192 192 191 190 190 190 191 191 192 191 191 190 189 190 190 190 192 193 193 
63 63 63 64 63 64 64 64 63 65 64 63 62 63 62 64 66 68 66 67 65 64 63 65 69 75 85 96 110 122 137 151 165 175 184 190 191 192 193 193 193 193 192 192 193 192 191 191 190 189 191 192 193 193 193 192 191 190 190 191 191 192 193 193 
64 65 64 64 63 63 63 63 63 65 64 63 63 63 63 66 67 68 67 68 66 68 72 78 87 98 109 122 136 147 162 173 183 187 191 192 193 194 194 193 192 192 192 192 193 194 193 192 191 190 192 192 194 195 194 192 191 190 189 190 190 190 190 190 
64 64 64 64 63 64 64 64 65 66 66 65 64 64 63 64 65 66 67 73 77 85 95 104 114 125 136 147 162 172 181 188 193 193 193 194 193 193 193 193 193 193 193 194 194 195 194 194 193 192 192 193 194 194 194 193 191 190 190 190 189 190 189 189 
65 64 65 64 63 64 64 64 65 66 66 66 65 65 65 69 74 79 86 95 101 109 120 129 140 152 163 173 182 187 191 193 193 193 193 193 193 193 193 194 194 194 193 193 193 193 192 193 192 192 193 194 194 193 193 192 191 191 192 192 191 191 191 191 
62 62 63 64 63 63 65 64 65 68 70 72 77 82 85 93 101 106 113 123 129 137 147 157 167 177 184 188 193 192 194 194 194 194 194 194 194 193 193 193 193 192 192 192 192 193 192 193 192 192 193 193 193 192 193 192 191 191 192 192 191 192 191 191 
75 75 75 76 76 77 81 83 88 92 96 99 104 108 112 118 126 130 137 146 154 162 173 181 187 190 192 191 192 191 194 194 196 195 195 194 194 193 192 192 191 191 191 192 192 192 193 192 192 192 192 192 193 192 192 192 192 192 192 191 189 189 188 189 
99 99 99 101 100 102 106 108 113 117 121 125 130 133 138 144 151 156 162 172 179 184 191 195 194 193 193 191 192 193 195 195 196 195 194 193 192 191 191 192 191 191 192 192 191 192 192 191 192 193 192 191 192 189 190 191 192 193 194 193 191 191 191 190 
124 123 124 126 125 127 131 135 138 142 145 149 154 159 165 171 178 183 186 190 193 192 193 194 194 192 193 192 192 191 193 194 195 194 193 192 192 191 191 191 191 190 190 191 191 191 192 191 192 192 192 191 192 189 189 189 191 192 193 193 192 192 192 192 
139 138 138 141 140 143 148 152 157 161 165 169 175 182 188 193 197 196 194 193 194 193 193 195 194 192 192 191 191 191 194 193 195 194 193 192 192 190 190 190 190 190 191 191 192 192 193 191 192 192 191 191 192 190 190 190 191 192 192 193 192 192 191 192 
165 164 164 166 165 169 174 180 186 189 191 192 192 193 195 196 195 195 193 192 193 192 193 194 194 192 192 191 190 190 193 194 195 195 194 192 192 190 190 190 191 190 192 193 192 192 192 190 191 191 191 191 192 190 190 189 192 192 193 193 193 192 192 192 

61 60 61 62 62 63 64 64 64 64 62 62 62 61 61 62 63 63 64 64 65 64 63 63 63 64 64 64 62 63 61 62 63 64 64 64 63 63 64 63 63 62 63 63 63 64 66 65 65 66 66 64 65 65 65 67 69 67 68 81 105 130 147 173 
61 61 61 63 63 64 65 64 64 65 63 62 62 62 61 61 61 62 62 62 63 62 61 62 62 63 64 63 62 63 61 63 64 64 65 66 64 65 65 64 63 62 64 64 64 64 66 65 65 65 65 63 63 63 64 65 67 66 67 80 105 131 148 175 
62 61 62 62 63 64 64 64 64 64 62 62 62 61 61 61 61 62 62 62 63 62 61 62 62 63 64 64 63 63 62 63 63 64 64 65 65 65 66 65 64 63 64 64 64 65 66 65 65 65 64 63 64 63 64 65 65 64 65 79 105 130 147 174 
62 62 63 64 65 65 65 64 64 64 63 63 63 63 63 62 62 63 63 63 64 63 61 61 62 63 64 64 63 64 63 64 65 65 63 65 65 65 66 66 64 64 65 64 65 65 66 66 65 65 64 62 62 62 61 62 63 62 63 77 103 129 147 174 
63 62 63 64 65 65 65 64 64 65 64 63 63 64 62 63 62 64 63 63 64 63 60 61 61 62 63 63 63 63 63 63 64 63 63 64 66 65 66 66 65 63 65 65 65 66 66 65 63 64 63 62 63 63 63 63 63 62 63 78 105 130 148 176 
63 64 64 64 66 66 66 64 65 65 63 63 64 63 61 60 60 62 62 63 64 62 61 61 62 61 62 62 63 63 63 64 65 64 64 64 65 64 65 65 65 64 66 66 66 66 66 64 64 64 63 63 63 63 62 62 62 61 61 79 106 131 149 178 
63 64 64 64 65 65 65 64 64 64 63 63 64 63 62 61 62 63 64 64 66 64 62 62 63 62 64 64 65 64 65 64 65 64 63 64 64 63 63 64 64 63 65 65 65 65 66 65 64 65 65 63 64 65 63 62 64 62 62 82 108 132 151 179 
65 65 65 65 66 66 66 65 64 64 64 63 63 63 61 61 61 63 63 65 65 64 63 63 63 62 64 64 65 65 65 64 65 64 63 63 63 63 62 63 63 62 64 65 66 66 66 65 63 64 64 62 63 64 63 62 64 63 64 85 110 135 153 183 
66 65 64 65 65 65 66 66 65 64 64 63 63 63 61 61 62 62 63 64 63 62 62 63 63 63 64 65 65 65 65 64 64 62 62 63 62 62 62 62 63 63 64 65 66 66 65 65 63 63 64 64 65 66 65 64 66 65 66 89 114 139 158 187 
66 65 65 65 66 65 66 66 65 64 64 64 63 64 62 61 61 61 61 62 62 62 63 63 63 63 63 64 65 65 65 66 65 63 64 64 63 63 61 62 63 63 64 65 66 65 64 65 64 63 64 63 64 64 64 63 65 65 68 93 117 142 161 188 
66 65 66 66 65 64 65 65 64 64 65 64 63 64 63 63 62 62 61 62 61 61 62 64 63 64 64 65 65 65 65 65 65 63 63 63 63 63 62 63 63 63 63 64 64 65 64 65 64 64 65 65 64 64 65 64 65 67 73 98 122 147 166 190 
67 66 66 65 65 63 65 65 64 64 66 64 62 64 63 62 61 61 60 61 61 61 62 63 62 62 63 62 63 64 64 64 64 62 62 63 63 64 63 64 64 65 64 65 64 65 63 64 64 64 65 66 64 64 64 64 64 65 76 101 126 151 172 191 
67 65 65 63 64 62 64 64 64 64 66 64 64 65 65 63 63 62 62 62 62 62 62 63 62 62 62 62 61 63 63 64 64 64 63 63 62 62 61 63 63 64 63 64 63 63 62 63 64 65 66 66 65 64 64 64 64 65 80 105 131 156 179 193 
66 65 64 63 63 62 63 64 64 64 65 64 63 64 64 62 62 62 62 62 62 63 62 63 62 62 62 62 61 62 62 64 65 64 64 63 63 62 62 63 63 64 62 64 63 63 62 63 63 64 65 65 65 63 63 63 64 65 85 110 135 161 184 192 
67 65 64 62 63 61 62 63 63 62 63 62 61 62 63 61 62 62 62 63 63 63 63 64 63 62 63 63 61 63 64 64 65 64 62 62 62 62 62 64 64 65 63 64 63 63 63 63 64 64 64 65 65 64 63 64 64 67 89 115 140 166 188 192 
65 63 62 61 62 62 64 64 63 63 62 62 62 63 63 62 62 62 62 62 63 64 63 64 63 63 62 63 61 63 63 64 64 64 63 64 63 63 63 64 63 64 63 64 64 63 62 62 62 62 63 64 64 64 63 64 64 70 94 119 145 171 189 192 
63 62 62 63 64 64 65 65 64 63 62 62 62 63 63 63 63 63 63 63 64 64 64 65 64 64 63 64 62 63 64 65 65 65 64 65 63 62 63 63 63 63 63 64 64 63 62 63 62 62 62 63 64 64 63 65 64 76 100 126 152 177 190 191 
62 63 63 63 64 65 66 65 65 64 62 62 63 63 63 63 63 62 62 62 63 64 65 67 66 65 64 65 63 64 64 65 65 64 65 65 64 63 64 64 64 65 64 64 65 64 64 64 62 62 61 62 62 63 64 65 66 83 108 134 159 183 191 191 
61 62 63 63 64 65 65 65 64 63 62 62 64 63 64 64 64 62 63 63 63 65 67 68 66 66 64 65 63 64 64 65 65 65 66 65 64 63 65 65 65 66 66 65 65 65 64 64 63 64 63 62 62 64 64 64 69 90 114 141 167 188 193 193 
62 63 63 63 64 64 64 64 65 65 65 64 65 64 64 64 64 62 63 63 64 65 67 68 66 66 65 65 64 64 64 65 64 64 65 64 63 62 63 64 65 65 65 65 64 64 65 66 64 64 63 62 61 63 63 63 72 97 122 148 175 191 192 193 
63 63 64 63 64 65 65 65 66 65 65 64 64 63 64 63 64 63 64 65 66 65 67 68 65 65 64 64 64 64 64 65 65 64 64 63 62 61 62 63 64 65 66 65 65 66 66 66 66 65 64 62 62 63 63 65 80 106 131 158 183 194 193 194 
63 63 63 63 63 63 63 63 65 65 64 65 65 64 64 64 64 63 64 65 65 66 67 68 67 66 65 65 64 64 64 65 64 64 63 62 61 60 61 63 64 65 66 66 66 66 67 66 65 64 62 61 61 62 62 69 89 115 141 167 187 193 194 194 
63 63 63 63 63 64 64 63 65 65 64 65 65 64 64 64 64 65 65 65 66 65 66 66 66 65 65 64 64 64 65 66 64 63 62 61 60 61 62 63 64 64 64 65 65 65 66 66 65 65 64 63 64 63 63 75 99 125 150 176 190 193 193 194 
64 63 63 63 63 63 64 63 65 65 64 65 65 63 64 64 64 65 65 65 66 65 65 65 66 65 64 65 65 64 65 65 64 63 63 63 62 62 62 63 63 63 63 65 65 65 66 66 65 65 63 62 62 62 66 82 109 134 161 182 192 193 193 193 
64 64 64 65 65 64 65 64 64 63 63 64 64 64 65 65 64 65 65 66 67 67 67 66 66 65 65 64 65 63 64 64 62 61 62 62 62 62 63 64 64 64 63 64 64 64 65 65 65 65 64 63 64 63 73 95 121 146 171 188 192 193 193 195 
63 64 64 65 66 65 64 64 64 63 64 65 65 64 65 65 64 63 64 64 64 65 65 64 65 65 64 65 66 64 64 65 63 62 62 62 62 63 63 64 64 64 63 64 64 64 63 65 65 65 66 65 66 67 81 105 131 155 178 189 191 191 192 193 
65 65 65 65 66 65 64 65 64 64 65 66 65 64 64 64 63 63 64 64 65 65 65 64 64 64 63 64 65 63 64 65 63 62 62 61 61 62 63 65 65 65 63 63 62 63 63 65 65 66 68 66 66 73 92 115 142 167 184 190 191 192 192 194 
65 65 64 65 65 64 63 64 63 63 64 65 65 65 64 64 62 62 63 63 64 65 66 64 64 64 63 63 64 63 63 64 63 62 63 61 61 62 62 64 65 64 65 65 63 64 64 65 65 66 67 65 66 79 102 126 153 176 188 191 192 192 192 194 
65 65 64 66 65 65 63 64 63 63 65 65 66 65 63 62 62 61 62 62 64 66 66 65 66 65 64 63 64 63 63 64 63 63 62 61 60 61 62 64 65 65 64 63 62 63 64 65 66 67 69 67 74 91 116 139 167 184 191 192 192 192 192 195 
64 65 63 64 64 64 63 63 63 64 64 64 65 65 63 62 63 63 63 62 63 63 65 63 65 64 64 62 63 62 62 64 64 64 64 63 62 62 62 63 63 64 64 64 64 64 64 65 66 66 68 70 81 103 129 152 176 189 191 191 192 192 192 193 
67 66 66 65 64 64 62 62 62 64 64 65 66 66 64 63 63 63 63 62 65 64 65 65 67 65 65 63 63 61 62 62 63 64 64 63 62 62 62 62 63 64 64 64 64 64 65 65 66 67 69 75 91 116 142 165 183 191 191 191 192 191 192 192 
64 64 64 65 64 64 63 61 61 62 62 63 65 66 64 63 64 64 63 63 65 65 66 65 67 65 64 62 62 61 61 62 63 64 65 65 63 62 62 61 62 63 66 65 66 65 66 65 67 66 72 84 106 131 156 176 188 190 190 191 190 191 191 192 
65 65 65 65 64 64 63 61 62 63 62 63 64 64 63 63 64 65 64 64 65 64 64 64 65 64 64 63 63 61 61 62 63 63 64 64 63 62 63 62 63 64 65 64 65 65 65 65 67 68 79 97 122 145 168 183 190 189 190 191 191 191 192 192 
65 65 64 64 64 64 63 63 62 63 62 62 63 63 62 62 63 64 65 64 65 63 64 63 62 62 63 62 62 62 62 62 62 62 63 63 63 63 64 64 65 65 65 65 65 64 64 64 66 73 89 113 137 160 178 188 190 189 191 191 192 192 193 193 
64 64 64 65 64 64 64 63 62 64 63 63 64 62 62 63 63 63 65 64 65 64 64 63 63 63 63 62 62 63 64 63 64 64 64 63 64 63 63 63 64 63 64 64 64 63 64 64 70 83 104 129 153 171 183 189 190 190 191 193 193 193 194 194 
62 62 61 63 63 63 63 64 63 64 63 64 64 62 62 62 63 63 65 65 65 64 64 62 61 62 62 61 62 62 62 62 63 62 63 62 64 64 64 65 65 64 64 64 64 64 63 66 77 94 119 145 168 181 188 190 191 190 191 193 193 193 194 195 
63 63 62 61 62 62 62 63 64 65 65 65 64 63 62 61 61 62 64 64 64 63 62 61 60 61 62 62 62 63 63 61 61 61 62 62 65 64 65 65 65 63 62 63 62 62 64 73 89 111 137 159 177 186 189 189 191 191 192 194 194 193 194 194 
63 63 62 62 62 62 62 64 64 64 65 65 64 63 62 61 62 62 64 64 64 64 64 62 61 62 62 62 62 62 62 61 62 62 63 63 65 64 64 64 64 63 62 63 63 63 71 85 104 131 155 173 185 191 191 191 191 192 192 193 193 193 193 193 
62 62 62 62 62 62 62 63 65 65 66 65 65 63 63 62 63 63 64 64 64 64 63 62 62 62 62 62 63 62 63 61 62 62 63 63 64 62 61 60 60 61 61 62 63 69 81 100 124 150 169 182 189 191 190 191 192 192 191 192 192 191 191 192 
63 62 63 61 62 61 62 63 65 65 66 66 66 64 64 63 63 63 64 64 63 63 63 62 61 63 61 61 63 62 62 62 62 60 61 61 62 61 62 62 62 62 62 63 68 79 96 119 144 165 179 187 191 191 191 191 192 193 192 191 191 191 190 190 
63 61 62 61 62 61 62 62 64 63 65 65 64 64 64 63 64 63 64 65 64 64 65 63 63 64 62 63 64 63 64 64 64 62 63 62 63 60 61 61 61 61 62 67 77 92 116 141 162 179 188 189 190 190 190 191 192 193 193 191 191 191 191 191 
65 62 63 62 62 60 62 62 64 63 65 65 64 64 65 64 65 65 66 65 64 64 65 64 65 65 63 64 65 63 65 66 65 63 64 62 61 61 61 60 60 61 65 75 90 111 137 159 176 188 192 191 192 190 190 191 192 192 192 191 191 191 191 191 
63 62 62 62 62 59 62 62 63 64 66 66 65 65 65 64 64 64 65 64 64 64 65 64 65 65 63 64 65 64 66 67 65 63 64 62 62 62 63 62 62 65 74 89 109 135 158 175 186 192 191 190 191 189 189 191 192 192 193 191 191 190 189 190 
63 62 62 61 62 60 62 62 62 63 66 65 65 66 65 64 65 64 65 65 66 65 66 65 67 65 64 65 65 64 66 67 66 64 65 64 64 63 65 64 69 76 90 109 135 156 174 186 191 191 191 191 190 189 190 190 192 191 192 191 190 189 190 190 
63 61 61 61 61 60 62 62 61 62 63 63 64 65 65 64 65 65 65 65 66 65 66 66 66 65 64 64 64 63 65 65 64 63 65 64 63 65 66 68 78 91 108 134 157 173 186 193 193 193 192 192 190 189 190 190 191 190 190 189 190 190 191 192 
63 62 62 62 62 61 62 62 60 62 63 63 63 65 64 63 64 65 64 64 65 64 65 65 66 64 64 63 63 63 64 64 63 63 65 65 64 68 73 80 94 112 133 154 173 185 192 194 193 191 190 191 190 189 191 191 191 191 191 190 191 191 192 193 
61 61 62 63 63 63 64 64 61 62 63 62 63 65 64 63 64 65 64 63 66 64 65 65 65 63 63 62 62 63 64 64 64 64 65 65 66 74 85 98 117 139 156 172 186 191 194 194 193 190 189 190 188 188 191 192 192 192 191 189 190 190 191 193 
60 60 61 62 64 64 65 64 61 62 63 62 63 65 63 63 65 65 65 65 66 64 64 64 65 63 63 62 62 62 62 64 64 64 65 69 74 88 103 120 141 159 172 183 192 192 192 192 192 190 190 191 189 188 191 191 190 191 191 189 190 190 191 193 
62 62 62 63 64 64 64 64 61 61 62 63 64 65 65 65 66 66 65 65 65 63 64 63 64 62 64 63 63 64 63 65 64 66 70 80 91 109 127 146 162 175 183 190 192 193 193 193 192 190 190 191 190 189 192 192 191 191 191 189 190 190 190 192 
62 64 63 65 65 65 65 65 63 63 64 64 65 66 66 66 66 66 65 64 65 62 63 62 63 62 63 64 64 64 64 65 67 74 83 97 114 133 152 168 178 185 189 190 190 192 192 191 191 191 190 190 189 189 190 191 190 190 191 189 189 190 191 192 
62 63 63 65 65 65 65 65 63 63 64 64 64 65 66 65 66 66 65 65 65 62 63 62 63 61 63 63 64 64 65 70 77 89 102 121 138 156 170 183 188 190 191 192 191 192 191 191 191 190 191 191 190 190 191 191 191 191 190 189 189 190 191 192 
63 63 63 65 65 64 64 63 62 62 63 63 64 65 66 67 67 66 65 65 65 63 63 63 63 62 63 63 63 66 72 82 95 111 127 146 163 176 185 191 190 189 190 191 190 191 191 190 190 190 191 191 190 190 191 191 191 190 190 190 190 191 192 192 
65 65 65 65 64 64 64 63 62 63 63 64 64 65 66 67 66 66 64 65 64 64 64 64 63 62 62 65 70 79 90 104 120 137 153 169 180 188 191 192 190 190 190 191 191 193 192 192 191 191 191 190 190 191 192 192 192 191 190 190 190 191 192 193 
66 66 66 66 65 64 64 64 63 64 64 64 63 64 64 65 66 66 64 65 63 63 63 64 62 64 69 76 87 100 114 129 145 160 171 182 188 191 191 192 191 191 190 190 190 191 191 191 191 190 190 190 190 190 191 192 192 191 190 190 189 191 192 193 
62 62 63 64 63 64 64 64 64 65 64 63 62 63 63 64 66 67 65 67 65 64 64 68 72 79 90 101 113 126 140 154 168 178 185 191 192 193 193 194 193 192 191 192 192 192 191 191 190 189 190 191 191 192 192 193 193 191 191 191 190 191 192 192 
63 64 63 63 63 64 64 64 64 66 65 64 64 64 63 65 66 67 66 66 67 70 75 83 93 104 115 127 140 151 165 176 184 189 191 192 192 193 193 193 192 192 191 192 193 193 193 192 191 191 192 192 192 193 192 192 191 191 190 190 188 189 189 189 
62 64 64 64 64 64 65 64 64 66 66 65 63 64 62 63 64 66 69 74 79 88 98 108 118 129 141 152 166 175 183 189 193 192 192 193 192 192 192 193 192 193 193 193 194 195 193 193 193 191 191 193 193 193 193 193 192 191 190 190 188 189 188 189 
63 64 64 64 65 65 65 64 64 66 66 65 64 66 66 71 76 83 89 98 103 113 123 133 144 156 167 177 185 189 192 193 193 192 192 192 192 192 193 193 193 192 192 192 192 192 191 192 192 192 192 193 193 192 192 192 192 192 191 191 190 190 190 191 
60 61 62 64 65 65 66 65 66 69 72 75 80 85 88 96 103 109 116 125 131 140 151 161 171 180 185 189 192 191 193 193 193 192 193 193 193 192 193 192 191 191 191 192 192 193 192 193 193 192 192 193 192 191 191 191 191 191 191 191 189 190 190 190 
79 79 80 81 82 83 86 86 90 94 97 100 106 110 114 121 127 133 140 148 155 165 175 183 189 191 191 191 192 191 193 194 195 194 194 193 193 192 191 191 191 190 191 192 192 192 192 192 192 192 191 192 192 191 191 192 192 191 191 190 188 189 189 190 
104 104 105 106 107 108 111 112 116 119 123 127 132 136 140 147 153 159 165 174 179 185 191 194 194 193 192 191 192 192 194 193 195 193 192 192 193 190 191 191 191 191 192 193 192 192 192 191 192 192 191 191 191 189 190 192 192 193 194 193 191 192 192 192 
129 129 129 131 131 134 137 139 142 145 148 152 156 162 167 174 181 185 187 191 192 191 193 194 194 193 193 192 192 192 193 192 194 192 192 192 192 191 191 191 191 190 191 193 193 192 192 191 192 191 192 191 191 188 189 189 190 192 194 194 192 193 193 193 
145 145 145 147 148 151 154 157 161 164 168 172 178 183 188 193 196 195 193 192 193 191 193 194 194 192 192 192 191 192 193 192 194 193 192 192 193 191 191 191 192 192 193 194 194 194 194 191 192 191 191 191 191 189 189 190 190 192 193 193 192 193 193 192 
173 173 174 175 175 179 183 186 190 192 191 191 191 191 192 194 194 194 191 191 192 191 192 193 194 192 193 193 192 193 193 193 195 193 192 192 192 190 191 191 193 192 194 195 196 194 194 191 191 190 191 191 192 189 189 189 191 193 194 195 195 194 194 194 

62 60 62 63 64 65 66 65 64 64 62 63 64 63 62 62 63 61 63 64 65 65 64 64 64 64 65 65 63 63 61 62 62 64 64 64 63 65 65 65 65 64 65 65 66 65 67 66 66 67 67 64 64 64 64 66 68 68 69 88 113 138 156 185 
62 61 63 64 65 66 66 64 64 64 63 63 64 63 61 61 61 60 61 62 63 63 63 62 63 64 64 64 63 62 62 63 63 65 65 65 64 65 65 65 64 64 65 66 66 66 67 66 65 66 65 64 63 63 63 65 66 66 67 87 112 138 156 186 
63 62 63 64 65 66 66 64 64 64 62 62 63 62 61 61 61 61 61 62 63 63 62 62 63 64 63 64 63 62 62 63 63 64 64 64 64 65 66 66 65 65 66 66 66 66 67 66 66 66 65 64 63 63 63 64 65 65 66 86 112 137 156 185 
64 63 64 66 66 66 66 65 64 65 64 64 65 64 63 62 62 62 62 62 64 64 62 61 63 63 63 64 64 63 63 64 64 65 64 65 65 65 65 66 66 66 66 66 66 66 67 67 66 66 64 63 62 62 62 62 63 62 63 84 110 136 155 185 
63 63 64 65 66 66 67 65 64 65 64 64 65 65 64 63 62 63 63 63 64 64 62 62 62 62 63 64 63 63 62 63 64 64 63 64 66 65 66 67 66 65 67 67 66 67 67 66 65 65 63 63 63 63 63 64 63 62 63 85 111 137 156 186 
64 64 65 65 67 67 67 65 65 66 64 64 64 64 62 60 61 63 63 62 64 63 61 62 63 63 63 63 63 62 62 63 65 64 64 64 66 63 64 64 65 64 66 67 66 66 66 66 65 65 63 63 63 63 63 63 62 61 62 85 111 137 156 186 
64 64 64 64 66 66 67 66 65 66 64 64 64 64 62 62 62 64 64 64 65 63 62 63 64 63 64 64 65 64 63 63 64 63 63 64 66 64 64 63 64 63 65 66 66 66 67 66 65 66 65 63 64 64 64 63 64 62 64 88 114 138 158 186 
65 65 65 66 66 66 67 67 65 66 65 65 65 64 63 61 62 63 63 63 65 63 62 63 64 62 64 65 65 64 64 63 64 64 64 65 65 63 63 62 63 62 64 66 66 67 66 66 64 64 64 63 63 64 63 63 64 63 66 90 116 141 160 187 
65 64 64 64 66 65 67 66 65 64 64 63 63 63 61 62 62 63 63 64 64 62 62 65 64 63 64 65 64 64 64 64 63 62 62 63 63 62 62 62 63 63 65 66 66 67 65 64 63 63 63 63 63 64 65 64 65 65 70 94 119 144 164 190 
65 65 65 65 66 65 66 65 64 64 64 64 63 64 62 62 62 62 61 62 63 62 63 65 65 64 64 64 64 64 64 65 64 62 63 64 63 62 63 62 63 63 64 64 65 65 64 64 63 63 64 64 63 64 64 63 65 65 72 97 121 146 166 189 
65 65 65 65 66 64 65 65 64 63 65 64 63 64 64 63 63 63 62 63 62 62 63 65 64 64 65 65 64 64 64 65 64 62 63 63 63 63 64 64 63 64 63 63 63 64 63 64 64 64 65 65 64 64 65 64 65 66 77 102 127 152 173 191 
66 65 65 64 64 62 64 64 64 63 65 63 62 64 63 62 62 62 62 63 63 63 63 65 62 63 63 63 62 63 63 64 63 62 62 62 62 63 63 64 64 65 64 64 63 63 62 63 64 64 66 66 65 64 65 64 64 65 81 105 131 156 179 192 
66 64 65 63 64 62 63 63 64 64 66 64 63 65 64 63 63 64 64 64 64 64 63 64 63 64 63 63 62 63 63 64 64 63 62 62 61 62 62 64 64 64 63 63 61 61 60 62 63 64 66 67 66 65 65 63 63 65 84 109 135 161 184 193 
66 64 64 63 63 62 63 64 65 65 65 64 63 64 64 63 63 63 63 63 63 63 63 63 63 63 63 63 62 63 63 64 65 64 64 63 63 63 63 63 64 64 62 63 62 61 60 62 63 63 65 66 66 64 64 63 63 66 89 114 140 166 187 192 
65 63 63 62 62 61 63 64 64 64 64 62 62 62 62 61 62 63 63 62 63 63 63 63 63 62 63 63 62 64 64 64 65 64 63 63 62 63 62 64 65 65 63 63 62 61 60 61 63 63 64 66 66 64 64 64 64 70 94 120 145 171 190 192 
65 62 62 61 62 61 64 64 65 65 64 62 62 63 62 62 63 63 62 62 63 64 64 64 64 62 62 63 61 64 64 65 65 65 64 64 63 63 63 64 65 65 64 64 63 62 61 61 62 62 63 64 65 65 64 65 64 74 99 124 150 176 190 191 
63 63 63 63 64 64 65 65 65 64 63 62 63 63 63 64 64 64 63 63 63 64 64 65 64 64 63 64 63 64 65 66 66 66 65 65 64 63 64 64 65 64 63 64 63 62 62 63 62 62 63 63 64 64 64 64 65 80 104 130 156 181 190 191 
62 62 63 64 65 66 66 66 65 65 62 62 63 63 64 65 65 63 63 62 63 63 65 66 65 64 64 64 63 64 64 65 66 66 66 65 65 64 65 64 65 65 64 64 64 63 63 63 63 62 62 62 63 64 65 65 69 88 113 138 164 186 191 192 
62 62 63 63 64 65 66 65 65 65 63 63 64 64 64 66 65 63 64 63 64 65 67 68 66 65 64 64 63 64 65 66 66 67 67 65 64 64 65 66 66 66 66 65 64 64 64 64 64 64 63 63 63 65 65 66 73 96 120 146 172 190 192 193 
63 63 63 63 63 64 64 64 65 66 64 65 65 64 64 66 65 63 64 64 64 65 67 68 67 66 66 66 65 65 65 65 65 65 66 64 64 63 64 65 66 66 66 65 64 65 65 65 64 64 63 62 62 64 64 64 77 102 127 153 179 193 192 193 
63 63 63 64 64 65 64 64 65 66 64 66 66 64 65 66 65 64 65 64 65 65 67 67 66 66 66 66 65 65 65 65 65 65 65 63 62 62 63 63 64 65 65 65 65 65 66 65 65 64 63 62 62 63 64 67 85 111 136 162 185 194 194 195 
63 63 63 62 62 62 62 63 64 65 65 67 67 66 66 66 65 64 65 64 65 66 68 68 68 68 66 65 64 64 64 64 64 64 64 63 62 62 62 63 64 65 65 65 66 65 66 65 64 63 62 61 62 62 63 72 94 120 146 172 189 194 194 194 
63 63 63 62 62 62 62 62 64 65 65 66 66 65 65 65 65 65 65 64 65 66 66 67 68 67 66 66 64 64 65 65 64 63 62 61 61 61 62 63 64 65 64 65 67 65 65 65 64 63 63 63 64 63 65 79 104 129 156 179 191 193 193 194 
63 63 63 62 62 62 62 62 64 64 64 66 66 64 65 65 64 65 65 64 65 65 65 66 67 66 65 66 65 64 64 64 63 63 63 63 62 62 62 63 63 64 64 65 67 65 65 65 64 63 63 62 63 63 68 87 114 139 166 185 192 193 193 193 
63 63 64 64 64 64 63 63 63 63 63 65 65 65 67 67 66 66 65 65 65 66 66 66 67 66 65 65 64 63 64 64 63 62 62 63 62 62 63 63 64 64 64 65 66 64 65 64 64 63 64 63 64 65 76 99 125 150 175 189 192 193 193 195 
63 63 63 64 64 64 63 63 63 62 63 65 65 65 66 66 65 65 65 64 64 65 65 65 65 64 63 64 64 63 63 63 62 62 63 63 63 63 63 63 64 64 64 64 65 64 63 64 64 63 65 65 66 69 85 109 135 160 181 190 191 192 192 193 
65 65 64 65 65 64 64 64 64 65 65 66 66 65 65 65 65 65 65 64 65 65 64 64 64 63 63 64 65 64 64 64 63 62 62 62 62 62 63 64 65 64 64 64 63 62 62 63 63 64 66 66 67 75 96 120 147 171 186 190 192 192 192 195 
64 64 63 64 64 64 63 64 63 64 65 66 66 65 65 64 63 64 64 64 64 65 65 64 64 64 63 63 64 64 64 64 63 63 63 63 63 62 63 64 65 64 65 64 62 62 62 63 63 65 66 65 67 82 106 130 157 179 189 190 192 192 192 194 
64 64 63 65 64 64 64 64 64 65 66 67 67 67 65 64 63 63 63 63 64 65 66 65 66 65 64 64 64 63 63 64 63 63 62 61 61 62 63 64 65 64 64 62 61 61 61 63 64 65 67 67 75 93 119 143 169 186 190 191 193 192 192 195 
65 64 63 63 62 63 63 64 64 65 66 67 67 68 65 64 64 64 63 63 64 64 64 64 65 64 64 64 64 63 62 63 63 63 64 64 62 63 63 63 63 63 62 62 62 61 61 63 64 65 66 71 83 106 132 156 178 190 191 191 192 192 192 194 
67 66 65 65 63 63 63 63 64 66 66 68 69 68 66 65 64 64 63 62 65 65 66 65 67 66 65 64 64 62 62 63 63 64 64 64 63 62 62 62 63 62 62 61 61 60 61 63 64 64 67 76 93 119 145 167 184 191 191 191 192 192 192 193 
65 64 64 64 64 63 63 62 62 64 63 65 66 67 65 65 65 65 63 63 64 64 66 66 67 65 65 64 63 62 62 62 62 64 65 65 64 63 63 61 61 62 62 62 63 62 62 63 64 64 72 87 109 134 160 177 188 191 190 191 191 191 191 192 
65 64 64 64 64 64 63 62 63 64 63 64 65 66 65 65 64 65 64 64 65 65 66 66 66 65 65 64 63 62 61 62 61 62 64 64 63 63 63 61 61 61 62 61 63 63 63 64 65 67 80 101 125 149 172 184 190 189 190 191 192 192 192 193 
65 64 64 64 63 63 63 63 62 63 62 63 62 62 62 62 63 63 64 64 64 63 65 64 63 63 64 63 63 62 62 62 61 62 63 63 64 64 64 62 63 62 62 62 64 63 64 64 67 74 92 117 141 163 181 189 190 191 191 191 192 192 193 193 
64 63 63 64 65 63 63 63 62 63 63 64 62 61 61 62 62 63 64 64 65 64 65 64 63 63 64 63 64 64 64 63 64 64 65 64 65 63 63 62 62 61 62 61 63 63 64 65 73 86 109 134 157 174 186 189 190 191 192 193 193 193 193 193 
62 62 62 63 63 63 63 64 63 64 63 64 62 60 60 61 61 62 64 65 64 63 63 62 61 62 62 62 63 63 62 62 63 63 64 63 65 65 65 65 65 63 62 62 62 64 64 69 82 101 126 152 172 183 190 190 191 191 192 193 193 193 193 194 
62 63 62 62 62 62 62 63 63 64 64 65 63 61 60 60 60 61 63 64 63 63 63 61 60 61 62 62 63 63 62 61 62 62 64 64 66 66 65 65 65 62 61 61 61 62 67 78 96 119 144 166 180 187 190 190 191 191 192 193 193 194 194 195 
63 63 62 62 62 62 62 63 64 64 65 65 64 62 61 61 62 61 63 63 63 62 62 62 60 61 62 62 62 63 63 62 63 64 65 65 66 66 65 64 64 63 62 62 62 65 74 89 112 139 162 178 188 191 191 191 191 192 192 192 192 193 193 193 
62 62 62 62 62 62 62 63 65 65 66 66 65 63 63 63 64 63 64 64 64 63 63 63 61 62 62 63 63 63 63 62 63 63 64 65 65 64 63 62 61 61 61 62 63 71 85 106 132 157 175 187 192 192 191 191 191 192 192 191 191 191 191 191 
63 64 64 62 63 62 62 63 66 66 66 66 66 64 64 64 64 63 64 64 63 63 62 62 62 63 62 62 63 62 61 61 61 60 61 63 63 63 63 62 62 62 62 64 70 83 101 125 150 170 182 189 192 192 192 191 191 192 191 191 191 191 190 191 
63 62 62 62 62 61 62 63 65 65 65 65 65 64 64 65 65 64 64 65 64 64 64 63 63 64 63 64 64 63 62 63 62 61 62 63 63 61 62 60 60 60 62 68 81 99 123 148 167 181 189 190 191 190 190 190 191 192 192 190 190 190 189 190 
64 63 63 62 62 61 63 64 65 65 66 65 65 64 64 65 66 65 66 66 64 64 64 63 64 65 63 64 65 63 63 65 63 62 63 62 61 61 60 60 60 60 66 78 96 119 145 165 179 189 192 191 192 191 190 191 191 191 191 190 190 189 189 189 
63 62 62 61 62 61 63 64 65 65 66 65 65 64 64 64 65 64 65 65 65 64 65 64 65 64 64 65 66 63 64 65 64 62 63 62 62 61 62 61 63 66 77 94 118 142 164 179 188 191 191 191 192 190 190 192 192 191 192 190 190 189 188 189 
62 62 62 61 62 61 62 63 63 64 65 65 65 65 64 64 65 64 65 66 66 65 65 64 66 65 64 65 66 64 64 65 64 62 64 63 63 62 63 64 71 79 95 117 144 163 179 189 192 191 190 190 191 190 190 190 191 190 191 190 189 188 189 188 
61 60 60 59 60 60 61 61 61 62 63 63 64 64 64 64 65 65 66 66 66 65 66 65 66 65 65 65 66 64 64 65 63 62 63 62 62 64 65 71 82 95 116 142 164 178 190 195 193 192 192 192 191 190 190 191 191 190 190 189 189 188 189 189 
62 61 61 60 61 60 61 61 60 61 62 63 64 65 64 64 65 66 66 65 66 65 65 65 66 65 65 64 64 63 64 64 63 62 63 63 63 67 73 83 99 118 141 162 179 188 194 194 192 190 190 190 191 190 192 192 192 190 191 190 190 190 191 191 
60 60 61 61 62 62 63 62 61 62 62 62 63 64 63 63 64 66 66 66 67 65 65 65 65 64 64 62 63 63 64 64 64 63 63 63 66 75 86 102 123 145 163 179 190 194 195 195 192 190 189 190 189 190 192 192 192 192 191 190 190 190 191 192 
60 60 61 62 63 63 63 62 61 62 63 62 63 65 63 64 65 67 67 67 67 65 64 63 64 64 64 63 63 62 62 63 63 63 64 68 75 89 105 125 146 164 177 188 194 194 193 193 191 189 189 190 189 189 191 191 190 190 190 190 190 190 191 192 
62 61 61 62 63 63 63 63 61 62 63 64 64 65 65 66 66 67 66 66 65 63 63 63 63 63 63 63 63 63 63 64 63 66 72 82 94 113 132 150 164 177 186 192 194 195 195 193 191 190 190 190 190 190 192 192 191 191 191 189 189 190 191 192 
62 63 63 65 65 64 64 64 62 63 64 64 64 66 65 66 67 67 66 65 64 62 62 62 62 62 63 63 63 63 62 64 67 75 86 101 118 138 155 169 179 187 191 192 192 194 193 192 191 190 190 190 190 190 191 191 191 190 190 189 190 191 192 193 
62 63 63 65 65 65 65 65 64 64 65 64 64 64 65 65 66 66 65 65 64 62 62 62 61 61 62 62 62 63 65 71 79 92 108 126 143 161 173 183 188 190 191 193 192 193 192 191 190 190 191 190 190 190 191 191 190 190 189 189 189 190 191 192 
64 64 64 66 65 64 63 64 63 63 64 64 64 65 65 66 67 65 64 65 64 62 63 63 61 61 61 62 63 67 75 86 99 115 133 152 167 180 187 191 190 190 191 192 192 193 192 191 190 190 191 190 190 190 190 190 191 190 189 189 189 191 192 193 
65 65 65 66 66 65 64 65 64 64 64 64 64 65 65 66 67 66 65 66 65 64 64 64 62 61 62 66 73 82 94 109 124 141 158 172 183 191 192 192 190 190 191 192 193 195 194 193 192 191 191 189 190 191 191 191 192 190 189 189 189 191 192 193 
67 67 67 67 66 66 65 65 64 65 65 64 63 63 63 64 66 66 64 65 64 64 64 64 63 66 72 80 92 105 119 134 149 164 175 184 190 192 191 192 191 191 191 191 191 192 191 191 191 190 190 190 190 190 190 191 191 190 189 190 189 191 192 194 
64 64 65 64 64 65 65 65 65 66 65 63 62 63 62 63 66 66 65 67 65 64 66 72 76 84 95 106 118 131 146 160 173 182 188 192 193 193 193 193 192 192 191 191 191 192 191 191 191 190 190 190 190 190 191 192 192 190 189 190 188 190 191 193 
64 64 64 64 64 64 65 65 64 66 66 64 63 64 63 64 66 66 65 68 70 75 81 91 100 110 120 132 145 157 170 179 187 190 191 192 192 193 193 194 192 193 192 192 192 193 192 191 191 190 191 191 191 192 192 192 191 190 189 189 187 188 188 189 
62 63 64 64 64 65 66 66 65 66 66 64 63 64 63 63 65 68 71 78 85 94 105 116 125 136 147 159 170 179 186 190 192 192 192 192 192 192 192 193 193 193 192 193 193 194 193 192 192 191 191 193 193 194 194 195 192 192 190 189 187 188 187 188 
63 63 63 64 64 65 66 65 64 66 65 64 64 67 69 74 80 87 93 102 109 119 130 141 150 163 172 181 187 190 192 192 192 191 191 191 192 191 193 193 192 192 191 192 191 191 190 191 191 191 192 194 193 193 193 193 191 191 190 190 188 189 189 190 
61 62 62 64 65 66 68 68 69 73 76 79 84 90 94 100 107 113 120 129 136 146 157 168 176 183 187 190 192 191 193 192 193 191 191 191 192 191 192 192 192 191 191 192 191 192 191 192 192 192 192 194 193 192 192 192 190 191 191 190 188 190 189 190 
84 84 84 86 87 88 92 92 94 98 102 104 109 114 118 125 131 136 144 153 161 171 180 187 191 192 191 191 192 192 193 193 194 192 193 192 193 191 191 191 191 191 192 193 192 192 192 191 192 193 193 193 193 192 191 192 192 191 191 190 188 189 189 190 
109 109 111 111 113 114 117 118 121 124 128 131 135 140 145 151 158 163 170 177 182 187 192 194 193 192 192 192 192 193 194 193 193 191 191 191 192 190 190 190 191 190 192 193 192 192 191 191 192 193 193 193 192 190 190 191 192 192 193 193 191 192 192 192 
134 134 135 136 137 138 141 143 146 150 153 156 161 166 171 179 185 188 190 191 192 191 192 193 194 192 193 192 192 192 193 192 193 191 191 191 192 190 191 191 192 191 192 193 193 192 192 191 192 193 193 192 191 188 188 188 190 191 193 193 192 193 193 193 
151 151 152 154 155 156 160 162 166 171 175 178 183 187 190 193 195 194 193 192 193 191 192 193 194 192 192 192 192 192 193 192 194 193 192 192 193 191 192 192 193 192 193 194 194 194 193 192 193 193 193 192 191 188 188 188 190 192 193 193 192 193 193 192 
180 180 181 183 183 185 188 190 192 193 192 190 190 191 191 193 195 194 192 191 192 190 191 193 193 192 193 194 193 193 193 193 194 194 193 193 193 191 192 193 194 192 194 195 194 194 194 192 192 193 193 192 191 188 188 188 190 192 194 194 194 193 193 192 

64 62 63 64 65 66 66 65 65 64 62 63 64 62 61 62 62 60 63 65 66 66 66 65 65 64 65 65 63 63 63 63 62 65 64 64 64 66 66 65 65 63 63 63 64 63 65 65 65 66 65 64 63 63 63 65 68 69 69 93 118 143 162 194 
63 62 63 65 65 66 66 64 63 64 62 62 64 62 61 61 60 59 62 63 65 65 65 64 64 64 64 65 64 63 63 64 63 65 64 64 64 65 65 65 64 63 63 63 64 64 65 64 64 65 64 63 63 63 63 64 66 67 68 92 118 144 163 195 
64 63 63 64 65 65 65 64 64 64 61 62 63 62 61 61 61 61 62 63 65 65 64 63 63 64 63 65 64 64 63 64 63 64 64 64 65 66 66 66 66 64 64 64 65 65 66 65 65 65 64 64 63 63 63 64 64 66 67 92 118 143 162 194 
63 63 64 66 66 66 65 63 63 64 63 64 65 64 62 61 62 62 63 63 64 64 63 61 63 63 63 64 64 64 64 65 65 65 65 65 66 66 65 66 66 65 65 65 66 66 66 66 65 65 64 62 62 62 62 62 62 63 64 90 116 142 162 193 
63 62 64 65 65 65 65 64 63 65 64 64 65 66 64 64 64 64 64 64 65 64 62 61 62 62 62 64 64 63 63 64 64 64 64 65 67 66 66 66 66 64 65 65 66 66 66 64 64 63 62 62 63 63 63 64 62 62 65 90 117 142 162 192 
63 63 64 65 66 65 65 64 64 65 64 64 65 65 63 62 63 65 65 64 65 63 61 61 62 62 62 64 64 63 63 63 64 64 64 65 67 65 64 65 66 64 66 67 66 66 66 64 63 63 62 63 63 63 64 63 62 62 66 91 117 143 163 191 
63 62 63 64 65 65 65 65 65 65 64 65 65 66 65 65 66 67 66 66 66 63 61 61 62 62 63 65 65 65 63 63 64 64 64 65 67 64 64 64 66 64 66 66 67 66 66 65 65 64 64 63 64 64 64 64 63 62 68 93 119 144 165 189 
64 64 64 65 66 66 66 65 65 65 66 67 66 67 65 64 65 65 65 65 65 62 61 62 62 61 64 65 65 65 64 63 64 64 64 65 65 64 63 64 64 63 65 66 67 67 66 65 64 63 64 62 64 64 64 64 64 63 70 95 121 146 167 189 
64 63 64 64 66 65 65 65 64 64 65 65 65 66 64 64 65 65 65 65 64 62 61 63 62 62 63 65 65 65 65 65 64 63 63 63 63 63 63 64 64 64 65 65 66 66 65 64 63 62 63 62 63 64 64 64 65 64 74 99 124 150 171 191 
65 65 65 65 66 64 64 64 64 63 65 66 65 66 64 64 63 63 62 64 63 62 62 63 63 62 63 64 64 65 65 65 64 63 63 64 63 63 64 64 64 64 65 65 66 66 64 65 64 63 64 63 63 64 64 64 65 64 77 102 127 152 175 190 
64 64 65 65 66 64 64 64 64 63 66 66 65 66 65 64 64 63 62 63 62 61 62 64 63 62 64 64 64 65 65 65 64 63 63 63 63 63 64 64 63 64 63 63 65 66 64 66 66 65 66 65 65 64 64 64 65 65 82 106 132 158 181 192 
65 64 65 64 65 63 64 64 64 64 66 65 64 65 64 62 62 62 61 62 62 61 62 63 61 61 62 62 61 63 64 64 63 62 63 63 62 63 64 64 64 65 64 64 64 66 64 65 66 65 66 66 65 65 65 64 64 65 86 110 136 162 185 192 
65 64 65 63 64 62 63 63 64 63 66 65 64 65 65 63 63 63 63 63 63 62 62 63 61 61 62 62 60 62 63 63 64 63 62 63 62 62 62 63 63 64 64 63 63 63 62 63 65 65 65 67 66 65 66 65 64 67 89 114 141 166 189 193 
65 64 64 63 64 62 63 64 65 64 66 65 63 64 64 63 62 63 63 62 63 62 61 61 60 61 62 61 61 63 63 63 64 63 63 63 62 63 63 63 63 64 62 63 63 63 62 63 65 64 65 66 67 65 65 65 64 69 94 119 146 171 190 192 
64 63 63 62 63 62 64 64 64 64 65 63 62 62 62 61 61 63 63 63 64 62 62 62 60 61 63 62 62 64 64 64 64 64 63 62 61 63 62 63 64 65 63 63 63 62 62 63 65 64 64 66 66 65 65 65 64 73 99 124 150 175 191 191 
65 63 63 62 63 62 64 64 64 64 65 63 62 63 62 61 62 64 63 64 64 64 63 63 62 61 62 62 62 64 64 65 65 64 64 62 61 63 63 64 65 65 64 64 64 62 62 63 63 62 63 65 65 65 65 66 65 79 103 129 155 180 191 191 
63 63 63 64 65 64 64 64 64 64 64 64 63 63 63 63 63 63 63 63 63 63 63 63 63 63 63 63 63 64 65 66 65 65 64 63 62 63 63 63 64 64 63 64 63 62 63 63 63 63 63 64 64 65 66 66 68 85 109 134 161 184 190 191 
61 62 62 63 65 66 65 66 65 65 63 63 63 63 63 64 64 63 62 62 63 63 65 64 64 63 63 63 63 64 65 66 66 65 65 64 64 64 65 65 65 65 64 64 64 64 64 64 64 63 63 63 63 64 65 65 71 93 117 143 169 188 192 192 
61 62 62 63 64 65 65 65 65 65 64 64 65 64 64 65 65 63 63 63 63 64 66 65 65 64 63 62 62 63 64 65 65 66 66 64 64 65 65 66 67 66 66 65 63 64 65 65 64 65 64 63 63 65 66 66 77 101 125 150 177 191 192 193 
62 63 63 63 63 64 63 64 65 66 64 66 67 65 65 66 64 63 63 62 62 64 65 66 66 65 65 64 64 64 65 64 64 65 65 63 64 64 64 65 66 66 65 65 63 65 66 66 65 65 64 62 63 65 65 66 83 108 132 158 183 192 192 193 
62 64 64 64 64 65 63 63 64 66 64 66 66 65 64 65 64 62 63 62 63 64 66 66 66 65 65 64 64 65 65 64 65 65 65 63 63 64 63 64 65 65 65 64 64 65 67 65 65 66 64 62 63 64 65 70 92 117 142 167 188 193 193 194 
62 63 63 63 62 63 62 62 64 65 64 66 66 65 65 65 63 63 64 63 63 66 67 67 67 67 66 64 64 64 64 64 65 65 64 63 62 63 62 64 65 65 65 65 65 65 66 65 64 64 63 61 62 63 64 76 100 126 152 176 191 193 194 194 
63 63 64 63 63 63 62 62 63 66 65 66 66 65 64 64 63 63 64 63 63 65 66 66 67 66 65 65 64 64 64 64 64 64 62 61 61 62 62 63 65 64 64 65 65 64 65 64 63 63 63 63 64 64 68 84 110 135 161 182 192 193 193 194 
63 63 63 63 64 63 63 63 64 65 65 66 66 64 64 64 63 64 64 64 64 65 65 66 66 66 65 65 64 65 65 65 64 63 62 62 62 62 61 62 63 63 64 65 66 64 65 64 63 63 64 63 63 63 72 93 119 145 171 187 192 193 193 193 
62 63 64 65 66 66 64 63 63 64 63 65 65 64 64 65 64 64 65 64 65 66 66 67 65 65 64 64 63 65 65 64 64 63 62 62 62 62 62 63 64 64 64 65 65 63 64 63 62 62 64 63 64 66 80 104 130 156 179 190 192 193 194 195 
62 63 63 64 66 65 64 64 63 63 63 63 64 64 64 65 65 64 65 64 64 65 65 65 64 63 63 63 63 64 64 64 63 62 62 62 63 62 63 64 64 64 64 65 65 63 62 62 62 63 65 65 66 72 91 115 140 165 184 190 191 192 192 193 
65 65 65 66 67 66 65 65 65 65 63 64 65 64 65 65 65 65 65 64 65 65 65 65 63 63 62 62 63 64 65 64 64 63 62 62 63 62 64 65 66 65 65 64 62 62 62 62 62 63 65 66 68 79 103 126 152 175 188 190 192 192 192 194 
66 66 65 66 66 65 63 63 62 63 62 64 64 63 64 64 64 63 64 64 65 65 65 65 63 64 63 63 64 65 64 65 65 64 64 63 64 63 64 65 66 65 65 63 61 60 61 62 63 65 65 65 70 87 112 137 163 183 191 190 192 192 192 193 
67 66 66 66 65 64 63 63 62 63 63 65 65 65 65 64 63 63 62 62 64 65 66 65 66 65 64 64 64 64 63 64 64 63 62 62 62 62 64 65 65 64 63 61 60 60 61 62 63 64 65 67 77 98 124 149 173 188 190 191 192 192 192 195 
67 66 65 65 63 63 62 63 62 63 64 65 65 67 65 64 65 64 63 62 64 64 64 64 66 65 65 64 64 63 62 63 63 64 63 64 62 62 63 64 64 63 62 60 60 60 61 63 64 64 64 72 86 111 138 162 181 191 191 191 192 192 192 193 
69 67 66 65 63 63 62 62 63 64 65 67 67 67 66 65 64 64 63 62 64 64 65 65 67 67 66 65 65 63 62 64 64 65 65 65 63 64 64 64 64 63 62 60 60 60 61 63 64 65 68 79 98 123 149 171 186 191 191 191 192 191 191 192 
66 65 65 65 63 63 62 62 62 63 63 65 66 66 65 65 65 65 63 62 64 63 64 65 67 66 66 65 64 62 62 62 63 64 65 65 63 63 63 62 62 62 62 61 62 62 62 63 65 66 74 91 114 139 164 181 189 191 191 191 191 191 191 191 
65 64 64 64 64 64 63 63 63 64 63 65 65 66 65 65 65 65 64 63 64 63 64 65 66 65 65 65 64 62 62 62 61 63 63 64 63 63 63 61 61 62 62 61 63 63 63 64 65 69 83 106 130 155 176 186 190 190 190 191 192 191 191 191 
65 64 64 64 64 64 64 63 62 63 62 63 62 63 63 63 64 64 64 64 64 62 63 63 63 64 65 64 64 63 62 62 61 63 64 64 65 66 65 63 64 63 62 63 64 63 64 64 68 78 97 122 147 168 184 190 191 191 191 191 192 191 192 192 
64 63 64 65 65 64 64 64 63 63 63 64 62 62 62 62 63 63 64 63 63 62 64 63 63 64 64 63 63 64 63 62 63 64 65 64 65 65 64 62 63 62 62 63 63 63 64 65 74 90 115 140 163 178 188 190 190 191 192 193 193 192 192 192 
62 61 61 63 63 63 64 64 62 63 62 63 61 61 60 61 62 63 64 64 64 62 63 62 61 62 62 61 62 63 62 61 62 63 63 63 65 65 65 64 65 63 63 64 63 63 64 71 84 106 132 157 176 186 192 191 192 192 193 194 193 193 193 193 
62 62 62 63 63 63 62 63 62 62 62 63 62 61 60 60 61 61 62 63 63 62 62 61 60 62 62 61 62 63 62 60 62 62 63 64 66 66 66 65 65 63 63 63 62 62 69 80 99 125 151 170 184 190 191 191 191 192 193 193 193 194 194 194 
62 62 62 62 62 62 62 63 63 63 63 63 62 62 61 60 62 62 62 64 63 62 63 62 61 62 62 61 61 63 62 62 63 64 64 65 67 66 65 65 64 63 63 63 63 66 77 93 118 145 167 182 190 193 192 192 192 193 193 192 192 193 193 193 
61 62 61 61 61 61 61 63 64 64 65 64 64 63 62 63 64 63 63 64 63 62 63 63 62 63 62 61 62 62 62 62 64 64 64 65 65 65 63 63 62 62 62 63 64 73 89 112 138 162 180 190 193 193 192 192 192 192 192 192 192 192 191 191 
63 64 63 62 62 62 62 62 64 65 65 64 65 63 63 64 64 63 63 64 63 62 62 63 62 63 62 61 62 62 61 62 63 62 62 64 65 64 64 63 63 63 63 65 73 86 107 132 156 175 187 192 193 193 192 193 193 192 192 192 191 191 191 191 
63 64 64 63 63 62 62 63 64 65 65 64 65 65 65 66 66 64 64 65 63 63 63 63 62 63 62 63 64 63 62 64 64 63 64 65 65 64 63 62 61 60 63 71 85 103 129 153 171 184 191 192 192 192 191 191 192 192 192 191 191 191 190 191 
65 64 64 62 62 61 62 63 64 65 65 64 65 65 65 67 67 66 65 66 63 63 63 64 64 65 64 65 65 63 63 65 64 63 64 64 63 62 61 61 60 61 69 83 102 125 150 168 181 189 191 191 192 191 190 191 191 191 192 190 190 190 190 190 
64 64 64 62 61 60 62 62 64 66 66 65 65 64 65 67 67 66 66 66 65 63 64 65 64 65 64 65 65 63 64 65 64 63 64 63 63 62 62 62 64 69 83 102 126 149 168 181 188 190 190 191 191 190 190 192 192 192 192 191 190 189 189 190 
63 62 63 62 62 62 62 62 63 64 64 65 66 65 65 66 67 66 66 67 66 65 64 65 65 65 64 66 66 63 64 65 64 62 64 63 63 62 62 64 72 82 101 125 149 167 182 189 190 189 190 190 190 190 190 191 192 190 191 189 189 189 189 189 
62 61 61 60 60 61 62 62 62 63 63 62 64 64 64 65 66 66 66 67 65 65 65 66 66 66 66 66 66 65 65 65 64 63 63 63 63 63 66 72 84 99 123 148 168 181 191 193 191 191 191 191 191 190 190 191 191 190 190 189 189 189 189 189 
63 61 61 60 60 60 61 61 61 62 62 63 64 64 64 64 66 67 66 66 66 65 65 66 66 66 66 64 64 63 63 63 63 63 64 64 63 67 74 85 102 124 147 167 182 190 194 193 192 190 190 190 191 190 191 192 192 190 191 190 190 190 191 190 
62 61 61 60 61 61 62 62 62 62 62 62 63 63 62 62 64 66 66 66 67 65 65 65 65 64 64 63 63 63 63 63 63 63 63 65 69 77 89 106 126 148 166 181 191 194 194 193 191 190 190 189 190 190 191 192 192 191 191 191 191 191 191 191 
62 61 61 62 62 62 63 62 61 62 61 62 62 63 62 63 64 65 66 66 65 64 63 63 64 64 64 64 63 63 62 63 63 63 65 72 81 94 111 130 149 166 179 189 193 193 193 192 191 190 190 190 190 190 190 191 190 190 190 190 191 191 191 191 
64 62 62 62 62 61 62 62 61 62 62 63 63 64 64 65 65 65 64 64 63 62 62 62 63 63 63 64 63 63 62 63 63 67 75 86 100 119 137 155 168 179 187 192 193 194 193 192 191 190 190 190 191 191 192 193 192 191 191 190 190 191 191 192 
63 63 63 64 64 63 63 64 63 62 64 63 63 65 64 65 66 66 65 65 64 63 63 62 63 62 62 63 63 62 62 64 68 77 90 106 124 143 159 172 181 187 191 192 191 193 192 191 191 191 191 191 191 192 192 192 191 191 190 191 191 192 193 194 
64 64 64 65 64 64 64 64 63 62 63 62 62 63 64 64 65 64 64 65 63 61 61 62 62 62 63 63 63 63 66 73 82 95 112 130 149 165 176 185 189 190 191 192 191 192 191 191 191 191 191 191 190 191 192 193 192 191 190 190 190 192 192 194 
65 65 65 66 65 64 63 64 63 63 63 64 64 65 65 66 66 64 63 64 63 62 62 63 62 61 63 63 64 69 79 90 105 121 139 156 171 182 188 192 191 190 191 191 190 191 191 191 192 192 192 192 191 191 191 192 191 191 190 191 190 192 193 194 
66 66 66 66 65 65 64 65 64 63 63 63 63 64 65 66 66 65 63 64 64 64 63 64 63 62 65 69 76 87 101 115 130 146 162 174 184 190 191 192 191 190 191 191 191 193 193 193 193 193 192 191 191 192 192 193 192 191 190 190 189 191 192 193 
67 66 66 66 65 66 65 65 64 64 63 62 62 63 63 64 65 65 63 65 64 64 64 65 65 69 77 86 98 112 126 140 156 169 179 186 190 191 191 191 191 191 191 191 191 192 192 191 192 192 191 191 191 191 191 192 191 190 190 190 189 192 192 193 
65 65 65 64 64 65 65 65 65 65 64 63 63 63 63 64 65 65 63 65 64 65 68 75 81 90 101 112 124 137 152 166 177 184 189 191 192 192 192 193 193 192 191 191 191 191 191 191 191 190 190 190 191 190 191 192 191 191 190 190 188 190 191 192 
64 64 64 64 64 65 65 65 65 66 65 64 64 64 63 64 65 65 64 67 71 78 85 97 106 116 126 138 150 163 174 184 190 192 192 192 192 193 192 193 193 193 191 191 191 191 190 190 191 191 191 192 192 191 191 192 191 190 190 189 187 189 189 190 
61 62 63 64 65 66 66 66 65 65 66 64 64 65 63 65 67 70 74 82 90 100 111 122 131 142 151 164 174 182 188 192 192 191 191 191 191 191 191 192 192 193 192 192 191 192 190 190 191 190 190 192 193 193 193 194 192 191 190 189 187 188 188 188 
61 62 62 63 65 65 66 66 65 66 65 66 67 71 73 80 86 92 98 107 114 124 135 146 156 168 176 183 188 190 191 192 191 190 191 191 191 190 191 191 191 192 191 191 190 189 188 189 189 190 191 192 193 192 191 192 190 190 190 190 188 190 191 191 
60 61 62 63 66 67 70 72 74 78 82 86 90 95 100 106 112 118 125 134 141 151 162 172 180 186 189 191 192 190 192 191 192 190 191 190 191 190 191 191 191 191 190 191 190 190 189 189 191 192 192 193 193 191 191 191 190 190 191 190 189 191 192 192 
87 87 88 90 93 93 97 98 99 102 107 110 115 119 123 130 137 142 150 158 166 175 182 187 190 191 190 191 192 191 192 192 193 191 192 191 192 190 191 190 190 190 191 191 191 190 190 190 191 193 193 193 193 191 190 191 191 190 191 190 189 190 190 191 
113 113 114 115 118 119 123 124 126 129 132 136 140 145 149 157 163 168 175 182 185 189 192 192 192 192 191 192 192 192 193 191 192 190 190 190 191 189 190 190 191 190 192 192 192 192 191 190 192 193 193 193 193 190 190 191 193 193 193 192 191 192 192 193 
139 138 139 140 142 143 147 149 151 155 157 160 165 171 176 182 188 190 191 192 192 191 192 192 193 192 192 193 192 191 192 191 192 190 190 190 192 190 191 191 192 190 192 193 193 193 191 191 192 192 192 192 190 188 188 189 190 192 193 192 191 193 193 193 
158 157 158 160 162 163 167 169 172 177 180 183 187 189 191 193 195 194 193 192 193 192 193 193 194 193 192 193 193 192 192 191 193 191 191 191 193 191 192 193 193 192 193 194 194 194 192 191 193 192 192 192 190 189 189 190 191 193 193 192 191 192 192 192 
189 188 190 192 191 192 193 193 192 193 191 190 190 191 190 193 195 194 192 192 192 192 192 194 194 193 193 194 193 193 192 191 192 192 191 192 193 191 191 193 193 191 194 195 195 194 193 191 192 191 191 191 190 187 188 189 191 193 194 193 192 192 191 192 

64 63 64 65 65 67 67 67 65 65 63 63 65 63 62 62 62 61 64 65 65 64 64 63 63 63 65 65 63 64 64 63 63 64 63 64 65 67 67 66 66 63 63 62 63 63 65 65 66 67 67 65 63 63 62 63 65 66 71 96 122 147 167 191 
64 64 64 66 66 67 66 65 64 65 63 63 64 63 62 62 61 60 63 63 64 64 63 63 64 64 65 65 64 65 64 64 64 65 64 65 66 67 66 66 65 63 63 62 63 63 64 64 65 66 65 64 63 63 62 63 64 65 71 96 122 147 167 192 
64 64 64 65 66 66 66 65 65 65 63 63 64 63 61 61 62 62 63 63 63 63 62 62 63 64 64 64 64 64 64 63 63 64 63 64 66 67 66 67 66 64 64 63 64 64 65 65 66 66 66 64 63 63 62 63 63 65 71 97 122 147 167 192 
64 64 65 66 65 65 64 63 64 65 65 64 65 65 63 62 62 63 63 63 63 63 62 61 63 63 64 63 64 63 64 64 65 65 64 65 66 66 65 66 66 64 64 64 64 65 66 67 68 67 65 63 62 62 61 62 62 63 70 95 121 147 167 191 
64 64 64 65 65 64 64 64 64 66 65 65 65 66 64 64 64 65 65 64 64 63 62 62 63 63 64 64 63 62 63 63 64 64 64 65 66 66 65 65 65 63 64 64 65 65 66 65 66 65 63 62 62 63 62 63 62 63 71 97 122 147 167 190 
63 63 64 64 65 64 64 63 64 66 65 66 65 65 63 63 63 65 64 64 64 63 61 62 63 64 64 65 64 62 63 63 64 64 64 64 66 64 63 65 65 64 65 65 66 66 67 66 66 65 63 63 63 64 64 64 63 63 72 98 123 148 169 190 
64 63 63 63 64 64 63 64 64 65 64 66 66 66 65 65 65 66 66 65 64 63 62 62 63 63 64 65 64 63 63 63 64 63 63 63 64 63 63 63 65 64 64 65 67 67 69 68 67 66 64 62 63 64 63 63 63 63 74 99 124 149 170 188 
65 65 64 64 64 64 63 64 65 66 65 66 66 66 65 65 65 65 65 65 65 62 62 63 63 62 64 65 65 64 65 64 65 64 63 63 63 63 62 62 64 63 64 65 67 68 68 68 67 65 64 62 63 64 64 64 64 63 76 101 126 152 173 189 
65 64 64 63 64 63 63 64 64 64 64 65 65 65 64 65 66 66 65 66 64 62 62 64 63 62 64 66 65 65 65 65 64 62 62 62 62 62 63 63 63 64 64 64 66 67 67 66 65 64 63 61 63 64 64 64 64 63 79 105 129 155 178 190 
66 65 64 64 64 63 62 63 64 63 63 65 65 65 64 65 64 64 63 64 63 62 62 64 63 62 64 65 65 66 66 66 65 63 63 63 63 63 63 63 63 63 63 64 65 67 66 66 65 64 64 63 63 64 64 64 65 64 82 107 132 158 182 191 
65 65 64 64 64 62 62 63 63 63 65 65 65 66 65 66 64 64 63 64 62 61 62 63 62 62 64 64 64 65 66 65 65 63 63 64 63 63 65 64 63 63 62 62 65 66 65 66 66 65 65 64 64 64 64 64 65 66 87 112 137 163 186 192 
66 65 64 63 63 61 62 63 64 64 66 65 65 66 64 64 64 63 62 64 62 60 61 62 61 60 63 64 63 64 66 65 64 63 63 63 63 63 64 64 64 64 63 63 65 66 64 66 66 65 65 66 66 65 65 64 65 68 91 116 142 167 190 193 
66 64 63 62 63 61 62 63 63 64 66 65 65 66 65 64 64 63 63 64 63 61 61 62 61 61 63 63 62 64 64 64 64 63 63 63 63 63 64 64 64 64 63 62 63 64 63 64 66 65 65 66 66 64 65 64 64 70 95 120 146 173 192 194 
65 64 64 63 63 62 63 64 64 64 65 64 64 64 64 63 63 63 64 64 63 62 61 61 60 60 63 64 63 65 65 64 65 64 63 63 63 63 64 63 64 64 62 62 63 63 62 63 65 64 65 67 67 65 65 65 64 74 100 125 150 176 192 191 
64 63 63 62 62 62 64 65 65 64 65 63 63 63 62 62 62 63 64 65 64 62 61 61 60 60 63 63 63 64 64 64 64 64 64 63 62 63 63 63 64 64 63 62 63 62 62 63 65 64 65 67 67 65 65 65 65 79 105 130 156 181 191 190 
65 62 63 62 62 63 64 65 65 65 64 64 63 62 62 62 62 63 64 64 64 63 62 62 61 61 62 63 63 64 65 66 65 64 63 62 61 62 63 63 64 64 63 63 63 62 62 64 65 64 65 66 66 65 65 65 66 85 110 135 162 185 191 191 
64 63 64 64 65 65 66 66 65 64 63 63 63 62 62 63 62 62 64 64 63 63 63 63 63 63 63 64 64 65 66 66 66 65 65 63 63 63 64 64 64 63 62 63 62 62 63 64 65 64 64 65 65 64 65 65 70 91 116 141 167 188 191 191 
61 62 63 64 65 66 66 66 65 64 63 63 63 62 62 64 63 62 63 63 62 63 64 64 64 64 63 63 64 65 66 67 67 65 66 64 64 65 65 65 65 63 62 63 63 63 64 65 65 64 64 64 63 64 64 65 74 99 124 149 175 191 192 192 
62 62 63 63 64 65 65 65 64 65 63 64 64 64 63 65 64 63 63 62 61 63 64 64 65 64 63 63 63 64 65 66 66 66 66 63 63 64 64 65 65 64 63 64 62 64 65 65 65 65 64 63 63 64 65 66 82 107 132 157 183 194 194 194 
62 63 63 63 63 64 63 64 64 66 64 65 66 65 64 66 64 63 63 62 61 63 64 64 65 66 65 65 66 66 67 66 66 65 65 63 64 64 64 65 65 64 64 64 62 64 66 65 64 64 62 61 62 63 64 68 88 114 139 164 187 194 194 195 
63 64 64 64 64 65 63 64 64 66 64 65 66 64 63 66 64 63 64 63 62 63 64 65 65 65 65 65 65 65 66 65 65 66 66 63 64 64 63 64 64 64 64 64 63 65 67 66 64 65 63 61 61 63 64 73 97 123 147 173 190 194 194 195 
62 62 63 62 62 63 62 62 63 66 64 66 65 65 65 66 65 65 65 63 63 65 65 66 66 66 65 64 64 64 64 64 65 66 65 63 63 63 62 62 64 63 63 64 64 64 65 65 63 63 63 61 61 62 65 80 106 132 158 181 192 194 194 194 
63 64 64 64 63 63 63 62 64 66 65 65 66 65 65 66 65 65 65 63 63 64 64 65 66 65 65 65 64 64 65 64 64 65 64 63 63 62 61 62 64 63 63 64 64 63 65 64 63 63 63 62 63 64 70 89 116 141 167 187 193 193 194 195 
63 64 64 64 64 64 63 63 64 65 64 65 65 64 64 65 65 66 66 65 65 65 64 65 65 65 65 65 64 65 65 65 65 65 65 64 64 63 63 63 64 63 63 64 65 63 64 64 63 63 64 63 63 64 75 98 125 150 176 190 193 193 193 193 
63 64 65 65 66 66 64 63 63 64 62 64 64 64 64 65 65 65 65 64 65 66 66 66 64 64 63 63 63 64 64 64 64 64 63 64 65 64 64 64 64 63 64 64 65 63 64 64 63 63 64 63 63 67 84 109 135 161 183 192 192 193 194 195 
62 63 63 64 66 65 64 63 63 63 62 63 64 64 66 66 66 65 65 64 64 65 65 65 64 63 63 63 64 64 65 64 64 64 63 64 65 64 64 65 65 64 64 64 64 62 62 62 62 62 64 65 67 76 97 121 146 171 187 191 191 192 191 191 
65 66 65 66 67 66 64 64 64 63 62 64 65 64 65 65 65 65 65 65 66 66 66 65 64 63 63 63 64 65 66 64 64 64 63 63 65 65 66 67 66 64 64 63 62 62 62 63 63 63 64 65 69 83 108 132 158 180 190 191 193 192 192 193 
65 66 65 65 65 64 62 62 62 62 62 63 64 63 63 63 63 63 64 65 66 66 67 66 64 64 64 64 65 66 65 64 65 64 64 63 65 65 66 67 67 65 64 62 60 61 62 63 64 65 65 65 73 93 119 143 169 186 191 191 192 191 191 192 
66 65 64 64 63 62 61 61 61 62 62 64 64 63 64 63 62 62 62 62 64 66 66 66 66 65 64 64 65 64 64 63 63 63 62 61 63 63 64 65 66 64 63 61 60 60 61 62 64 64 64 68 82 104 131 156 179 190 191 191 192 191 191 192 
67 65 64 63 62 61 61 62 62 62 63 65 65 65 64 64 63 64 63 63 64 64 65 65 66 65 65 65 65 64 64 63 63 64 63 63 62 63 64 64 65 64 62 60 59 60 61 63 64 64 65 74 92 118 145 168 186 193 192 191 192 191 191 191 
69 68 66 64 62 62 61 62 62 63 64 67 66 65 65 64 63 64 63 62 64 65 65 66 68 67 67 66 66 64 63 64 64 64 64 64 63 64 65 64 64 63 62 59 60 60 62 63 65 65 70 82 103 129 155 175 189 192 191 190 192 191 191 191 
68 66 65 63 62 61 61 62 61 63 63 65 64 64 64 64 63 64 63 62 63 63 64 66 67 67 67 66 65 63 62 63 63 64 64 64 63 63 64 63 63 63 62 60 61 62 62 63 65 66 77 95 119 145 169 184 191 192 191 191 191 190 190 190 
67 66 65 64 63 63 62 63 63 63 63 65 64 65 65 65 64 65 63 63 64 64 64 65 66 66 66 65 64 63 62 62 61 62 63 63 62 63 63 62 62 62 62 61 63 63 64 64 66 72 87 111 136 160 179 188 190 191 190 190 191 190 190 190 
67 65 65 64 64 64 64 64 63 63 62 63 62 63 63 63 63 64 64 63 63 63 63 64 65 66 66 66 65 64 61 62 61 63 64 65 65 65 65 63 64 63 63 63 63 64 65 65 69 82 103 127 152 173 186 190 190 191 191 190 191 191 190 191 
65 65 64 64 64 64 64 64 63 64 63 64 62 62 63 62 62 63 64 63 63 63 64 64 64 66 65 64 64 64 62 62 62 63 65 65 65 65 64 63 63 62 63 63 63 63 65 68 77 96 121 145 167 182 189 189 190 191 191 191 192 191 190 191 
63 62 63 64 63 63 64 64 63 63 62 62 61 60 60 60 61 62 63 64 63 62 63 62 62 63 63 62 63 63 61 60 61 61 62 63 65 65 65 65 65 64 64 64 63 64 67 75 89 113 139 161 179 190 192 191 191 192 192 192 191 191 191 190 
62 62 62 63 63 63 63 63 62 62 62 62 62 61 60 59 61 61 62 63 64 62 63 62 61 63 63 62 63 64 61 60 62 62 64 65 67 67 66 65 64 63 63 64 63 64 73 86 106 134 158 175 186 192 191 191 191 191 191 191 191 192 192 192 
62 62 62 63 62 62 63 63 62 62 63 62 62 62 61 61 62 61 62 63 63 62 63 63 62 63 63 62 63 63 62 61 63 64 65 66 67 67 66 66 64 63 64 64 63 68 82 100 124 152 172 184 191 193 192 192 192 192 192 191 191 191 191 191 
61 62 62 62 61 61 61 62 63 63 65 65 64 63 63 63 64 63 63 63 63 63 63 64 62 63 63 62 62 63 62 62 64 64 65 66 66 65 64 64 62 62 62 63 66 77 95 119 145 168 184 191 193 193 192 192 191 192 191 192 191 191 191 190 
63 63 63 63 62 62 62 62 63 63 63 64 64 64 64 65 64 63 63 63 62 62 62 63 62 63 62 62 62 62 61 62 63 63 64 65 66 65 64 63 62 62 63 67 75 90 114 140 162 180 190 192 193 193 192 193 193 192 192 191 191 190 190 190 
65 65 64 63 63 61 62 62 63 63 64 64 65 65 65 67 66 64 63 64 62 62 62 63 62 63 62 63 63 63 63 64 65 65 65 67 66 64 62 61 61 60 64 74 89 110 136 159 176 187 193 192 192 191 191 191 191 191 191 190 191 190 190 191 
66 66 65 63 62 62 62 63 64 64 64 64 65 65 65 68 68 66 65 65 63 62 62 63 63 64 63 65 65 64 64 66 65 65 65 65 64 63 62 62 61 63 73 87 107 131 155 172 184 190 192 191 191 191 191 191 191 191 191 190 190 190 190 190 
66 65 64 63 61 61 62 62 64 65 64 64 66 65 65 67 68 66 66 66 65 63 63 64 63 63 63 64 64 63 64 65 65 64 65 64 64 62 62 61 65 72 87 106 132 153 172 185 190 191 192 191 191 190 191 191 192 191 191 189 189 189 189 190 
64 63 63 62 62 62 63 62 63 64 63 63 65 64 64 66 67 66 66 66 65 63 63 64 63 63 63 64 64 64 64 65 64 63 64 64 64 63 62 66 74 86 106 130 154 170 184 192 192 191 191 190 190 190 191 191 192 190 189 188 187 187 188 188 
64 62 62 61 61 61 63 62 62 64 62 62 63 63 63 64 66 65 66 66 65 64 64 65 64 64 64 65 65 65 65 66 64 63 63 63 63 63 67 75 88 105 130 152 171 183 192 195 194 192 193 192 192 191 191 191 192 190 190 189 188 188 189 189 
64 62 62 61 61 61 62 61 62 63 62 62 63 63 63 64 65 65 66 65 65 65 65 66 65 65 64 65 64 65 65 64 63 63 63 64 65 69 78 91 109 130 152 170 183 190 194 194 194 193 193 192 192 191 191 191 192 190 190 190 190 190 191 190 
63 61 61 61 61 61 62 62 61 62 62 62 63 62 61 62 63 64 65 65 65 65 65 65 65 64 63 64 64 64 64 64 63 63 63 66 73 80 94 113 133 152 170 183 191 194 195 195 193 192 193 191 191 191 191 191 192 190 190 190 191 191 191 192 
62 60 61 62 62 61 63 62 61 62 61 61 62 62 61 63 63 63 64 64 62 63 63 63 64 64 64 64 64 65 64 64 64 64 67 75 85 98 117 137 154 169 182 190 193 193 193 193 191 191 191 190 191 191 192 192 191 191 191 191 192 192 192 192 
64 62 62 62 62 61 62 62 61 62 63 62 63 63 64 65 64 64 64 63 62 62 63 63 64 65 64 65 65 65 64 64 65 69 78 90 107 124 143 160 172 182 189 192 193 194 193 193 192 190 191 191 191 192 193 193 192 192 191 191 192 192 191 193 
63 63 63 64 63 62 62 63 62 62 63 63 63 64 64 65 65 64 64 63 62 62 63 62 63 64 64 64 64 64 64 66 72 82 96 113 133 149 164 177 184 188 191 192 192 192 192 191 190 190 190 191 191 192 192 192 191 192 190 191 192 193 193 195 
65 65 64 64 63 63 62 62 62 61 62 62 61 62 63 64 65 64 64 64 63 61 61 61 62 63 64 64 64 65 69 77 88 102 120 137 156 169 178 186 188 189 190 192 191 192 191 192 191 191 191 190 190 191 192 193 192 192 190 190 190 192 192 195 
65 65 65 65 64 64 62 63 63 62 62 62 63 64 64 64 65 64 63 64 63 61 61 63 62 62 64 65 67 73 83 96 112 128 146 162 175 184 188 190 190 190 191 191 191 191 191 191 192 192 192 192 191 191 191 191 191 191 189 189 190 192 192 195 
66 67 66 65 65 65 63 63 64 63 62 62 63 63 64 64 65 64 63 65 64 63 63 64 63 64 67 74 82 93 106 121 136 153 168 179 187 191 191 191 191 191 191 192 191 192 193 193 193 193 193 192 191 191 191 192 191 190 189 188 188 190 191 193 
67 67 67 65 65 65 64 64 64 63 63 62 62 63 62 63 64 64 63 65 64 63 62 65 67 73 81 93 105 117 131 146 161 173 183 189 191 191 190 191 192 191 192 191 191 192 191 191 192 193 192 192 191 191 190 191 190 189 189 189 188 190 192 193 
65 65 66 64 64 65 65 65 65 65 64 63 63 63 62 63 64 65 63 65 64 66 68 77 84 96 106 119 130 143 157 170 180 186 191 192 191 192 191 191 192 192 191 191 191 191 190 190 191 191 191 191 190 190 190 191 190 189 189 189 188 190 191 192 
65 64 65 65 65 65 65 65 64 66 65 64 64 65 63 64 65 65 64 68 73 82 90 102 111 122 131 144 156 168 178 187 191 192 193 193 191 193 192 192 192 192 191 191 190 191 189 189 190 191 191 192 191 190 190 190 189 189 189 189 188 190 190 191 
62 62 63 64 65 65 66 65 64 66 66 65 65 65 65 68 70 75 80 87 96 106 115 126 136 147 156 169 179 186 189 193 192 191 191 191 191 192 191 192 192 192 191 191 191 191 189 189 190 189 190 192 192 191 192 192 191 191 191 190 188 189 189 190 
62 61 62 63 64 64 65 66 65 66 67 69 71 75 80 86 92 99 105 112 120 131 140 152 162 172 178 186 190 191 191 191 190 189 190 191 190 191 191 191 190 191 190 190 189 189 187 187 189 189 190 192 192 191 190 191 190 190 191 191 190 191 191 191 
67 66 67 68 71 72 75 77 79 83 87 91 96 101 107 113 119 124 132 139 147 158 167 177 184 188 190 191 192 191 191 191 191 189 189 190 191 191 191 190 190 190 189 190 189 189 188 188 190 191 191 192 192 191 190 190 190 191 192 192 191 192 192 192 
94 92 93 95 97 97 101 103 104 107 112 115 121 125 131 137 143 149 157 165 172 181 186 190 192 191 190 192 192 191 192 191 191 190 190 191 192 190 190 191 190 190 191 191 190 190 189 189 192 193 193 193 193 190 190 191 191 191 191 190 189 190 190 190 
118 117 118 120 123 124 128 129 131 133 137 141 146 150 156 162 168 174 182 187 190 193 193 192 193 192 192 193 193 192 192 189 190 189 188 189 191 189 190 191 190 190 192 192 191 191 190 190 192 192 192 193 193 190 190 190 192 192 192 191 191 191 191 191 
145 144 145 146 147 148 152 153 155 159 162 165 170 175 180 185 189 191 193 193 193 193 193 193 193 193 193 193 193 191 191 189 191 189 189 191 193 190 191 192 192 190 191 193 192 192 191 191 191 193 192 192 191 188 188 189 190 191 192 191 191 192 192 192 
165 165 166 168 169 170 173 175 178 182 185 186 189 190 190 191 193 193 194 194 194 194 194 193 193 193 193 194 194 192 191 189 192 190 190 191 194 191 192 193 193 191 193 193 192 193 192 191 192 193 192 192 190 188 188 189 191 192 192 191 191 192 192 193 
191 190 191 193 192 192 193 192 191 193 192 190 189 190 189 191 193 193 193 193 194 194 193 193 193 193 193 194 194 193 192 190 192 190 190 192 194 191 192 194 193 192 194 195 194 194 193 192 192 192 191 192 190 187 188 189 190 191 191 191 191 191 192 193 

66 64 65 66 66 67 67 66 66 65 62 62 64 63 62 63 63 62 66 66 66 65 64 62 63 63 65 65 63 64 64 62 62 63 62 63 64 66 66 65 65 63 63 63 65 65 67 66 66 65 65 63 61 61 61 61 63 66 76 101 127 152 173 191 
65 64 65 66 66 66 67 65 65 65 63 62 64 62 62 63 62 62 65 65 65 66 64 63 64 65 66 66 65 65 64 63 63 64 63 63 65 66 66 66 65 64 64 63 64 64 65 64 65 64 63 62 61 61 61 62 63 65 76 101 126 152 173 192 
66 65 65 66 66 66 66 65 65 65 63 63 64 63 63 63 63 63 64 64 63 64 63 63 64 64 65 65 64 64 64 63 63 63 63 63 64 66 66 66 66 64 64 63 64 64 65 65 66 65 64 63 61 62 61 62 62 64 75 100 126 152 174 192 
64 64 65 65 65 64 64 63 63 65 64 64 65 65 64 63 63 64 64 64 63 63 63 62 63 64 64 64 63 63 63 63 64 65 64 64 65 66 65 65 66 64 64 63 64 65 66 66 67 66 64 62 61 62 62 62 62 63 74 100 126 152 173 192 
64 63 64 64 64 63 64 63 64 65 65 64 65 66 65 65 65 65 65 64 63 64 63 63 64 65 64 65 63 63 63 63 63 63 63 64 65 65 65 65 65 64 64 64 65 64 65 64 65 64 62 62 61 62 62 63 63 64 76 101 127 152 174 191 
63 63 63 63 64 63 63 63 64 65 65 65 65 66 65 64 64 65 64 63 63 63 62 63 64 66 64 65 63 62 62 63 64 64 63 64 65 65 64 65 66 64 65 65 66 66 66 65 66 65 63 63 63 64 64 65 64 63 77 103 128 154 177 192 
64 63 63 63 63 63 63 63 63 65 64 66 66 67 66 66 66 66 65 64 63 62 62 63 64 65 64 64 63 63 63 63 64 63 62 62 64 63 63 63 65 64 65 66 68 67 68 67 67 66 65 63 64 64 64 65 65 64 80 105 130 155 178 191 
63 63 64 63 63 63 63 63 64 65 64 66 65 66 65 66 66 65 64 64 64 63 63 63 64 63 64 64 64 64 64 64 65 64 63 63 63 63 63 63 64 64 65 66 68 68 68 68 67 65 65 64 65 65 65 66 66 65 83 107 133 157 181 190 
66 65 65 64 64 63 63 63 64 64 63 64 64 65 65 66 66 66 64 64 64 63 63 65 65 64 64 65 65 64 64 64 64 62 61 62 62 62 62 64 64 65 65 66 67 67 67 66 65 64 65 64 65 65 65 65 66 66 87 112 137 162 185 192 
66 66 65 64 64 62 62 62 63 63 63 65 65 65 65 65 65 64 63 64 64 63 64 65 65 63 64 64 65 65 65 66 66 64 63 63 64 63 64 64 64 64 64 64 66 67 67 67 66 65 65 64 64 64 64 64 66 68 90 115 140 166 188 192 
65 65 65 65 64 62 62 62 63 63 65 65 65 66 66 66 65 65 64 65 64 63 64 64 64 62 64 64 64 65 66 66 66 64 63 63 63 63 64 64 64 65 64 64 66 67 66 66 66 64 65 64 65 64 64 64 65 69 93 118 143 170 190 193 
65 64 64 64 63 61 62 63 64 65 66 66 65 65 64 64 64 64 63 64 64 62 63 64 63 61 63 64 63 64 65 65 64 63 63 63 62 63 64 65 64 65 64 64 66 67 66 66 66 64 65 65 65 65 65 64 64 71 96 122 148 174 193 194 
66 64 64 63 63 61 62 63 64 64 66 66 66 66 65 64 64 64 65 65 65 63 63 63 63 62 65 65 63 63 64 64 63 64 63 64 63 64 64 64 64 64 64 63 64 65 64 64 65 64 64 65 65 64 65 63 63 74 100 125 153 179 194 194 
64 63 64 63 63 61 62 63 64 64 65 65 65 65 65 65 64 65 65 65 65 63 62 62 61 61 64 64 64 65 65 64 64 64 63 63 63 64 64 64 64 64 63 63 65 65 63 64 65 64 63 65 65 64 65 64 64 79 104 129 156 181 191 192 
65 63 63 61 62 62 64 64 65 65 65 64 63 63 64 64 65 65 66 65 65 62 62 61 61 61 63 64 63 64 64 64 63 63 63 62 61 63 63 63 65 65 64 64 65 64 64 64 65 64 65 66 66 65 65 64 65 83 109 134 161 184 191 191 
65 63 63 61 62 61 63 63 64 64 65 64 63 62 63 64 64 64 65 64 64 62 62 62 62 61 63 63 64 64 64 65 64 63 63 62 61 63 62 63 64 64 63 64 64 63 63 64 65 64 65 66 66 65 65 64 69 90 116 141 168 188 191 191 
66 65 65 64 64 64 64 64 64 62 63 63 63 62 63 63 63 63 64 63 63 62 62 62 62 63 64 65 64 65 65 65 64 64 64 62 63 64 64 64 65 64 62 63 63 62 62 64 64 64 64 65 65 64 65 65 74 98 123 148 174 190 191 191 
63 63 63 63 64 64 64 64 63 62 62 62 62 62 63 64 63 63 63 61 61 62 62 63 64 64 63 63 64 64 65 65 64 63 64 62 63 65 65 65 65 64 62 64 63 63 63 64 64 64 64 64 63 63 64 65 80 106 132 157 182 192 192 191 
63 63 63 63 64 64 63 63 63 63 62 63 63 63 63 65 64 63 62 61 61 62 63 64 65 64 63 63 63 63 63 64 63 63 63 62 62 64 64 64 65 64 64 65 63 64 65 65 65 66 64 64 63 63 65 69 88 113 139 164 187 194 194 194 
62 63 63 64 64 63 62 62 62 63 62 63 65 64 64 65 64 63 62 61 61 63 63 64 66 66 65 65 65 64 65 64 63 64 64 62 64 65 65 64 66 65 64 65 63 64 65 65 64 65 64 63 63 64 65 73 95 121 146 171 190 193 194 194 
63 65 64 66 66 65 63 62 62 64 62 63 64 63 64 66 64 64 64 62 61 63 63 64 65 65 65 64 63 63 64 63 63 64 64 63 64 65 64 64 65 64 64 65 63 64 65 65 65 66 64 63 63 63 66 78 104 130 154 178 192 193 193 194 
61 62 63 64 64 63 62 61 61 63 62 64 65 64 65 67 65 66 66 64 63 65 64 64 65 65 64 63 62 61 62 61 63 64 65 64 64 64 62 62 63 63 64 65 65 64 65 65 64 64 64 62 62 62 68 85 112 138 164 185 193 193 193 193 
63 64 64 65 64 63 62 62 63 64 64 65 66 65 66 67 66 67 67 65 64 65 64 64 65 64 64 64 63 62 63 62 63 65 65 64 64 63 61 62 63 63 64 66 66 65 65 64 64 64 64 63 63 65 74 96 122 148 172 188 192 193 192 193 
63 64 64 65 65 64 63 62 63 64 63 65 66 65 67 67 67 68 68 66 65 65 64 64 64 65 65 64 64 64 64 64 65 65 65 65 66 64 62 62 63 62 64 65 66 64 65 63 63 63 64 63 63 66 81 104 130 157 180 191 193 193 192 192 
62 64 65 66 66 66 64 63 63 63 62 64 65 65 66 67 66 66 67 66 65 66 65 65 63 63 63 63 63 64 64 63 64 64 64 64 65 64 62 62 62 62 63 64 65 64 65 63 62 62 62 62 62 70 89 114 141 168 187 192 193 193 193 193 
62 63 63 64 65 65 64 63 63 62 62 63 65 64 66 67 66 66 66 65 65 66 66 66 65 64 64 64 64 64 65 64 65 64 64 65 66 64 63 63 63 62 64 64 64 63 63 61 61 61 62 62 65 78 101 127 152 177 191 192 192 193 191 190 
64 66 65 66 66 66 64 63 64 63 62 63 65 64 65 66 66 65 65 65 66 66 66 66 65 64 64 64 65 65 66 64 64 64 63 64 66 65 65 66 65 63 63 63 62 62 62 61 62 63 63 63 70 87 113 138 164 184 192 191 192 192 191 192 
65 66 65 66 66 65 62 62 62 62 62 63 64 63 62 63 63 62 63 64 65 66 67 67 66 65 65 64 65 65 65 63 65 64 64 63 66 65 66 66 66 64 63 61 58 60 61 61 62 64 63 65 76 97 124 149 173 189 192 190 191 191 190 191 
65 65 64 65 64 63 62 61 61 62 62 63 63 62 62 62 61 60 61 61 63 65 66 66 66 65 64 64 65 65 65 63 63 62 62 62 63 63 65 65 65 63 62 60 59 59 60 61 62 63 63 70 85 110 136 161 181 191 191 190 191 191 190 191 
66 65 64 64 63 62 61 62 62 63 63 64 64 63 63 62 62 62 62 62 64 64 65 66 67 65 66 65 65 65 65 63 63 63 62 62 62 63 64 64 64 63 62 60 59 60 61 62 64 65 66 78 98 123 150 173 188 192 191 190 190 190 190 190 
68 67 66 65 63 63 62 63 63 64 64 65 65 63 63 63 61 62 62 62 64 65 66 66 67 67 67 66 66 65 65 64 64 64 63 63 62 63 64 64 64 64 61 60 59 60 61 63 64 66 73 88 111 137 163 181 190 192 191 189 190 189 190 190 
67 66 65 64 63 62 62 63 62 63 63 65 63 63 63 62 61 61 62 62 63 64 65 66 67 67 66 66 65 65 64 65 64 64 64 64 62 62 63 63 63 63 61 61 60 61 62 63 64 68 81 102 127 153 176 188 193 193 192 191 191 190 190 190 
66 65 64 64 64 63 64 65 65 64 64 65 64 64 64 64 62 63 63 63 63 64 65 66 66 66 66 65 65 65 64 65 63 63 63 63 61 61 62 61 62 62 61 61 62 63 64 65 67 75 93 117 142 166 184 191 193 192 192 191 191 190 190 189 
67 66 65 65 65 64 64 65 64 64 63 63 63 62 62 62 62 62 63 63 63 63 64 64 64 66 65 65 64 64 62 63 63 64 64 64 63 64 64 62 64 63 62 63 63 63 65 66 73 87 109 133 157 177 189 192 193 193 192 190 191 190 190 189 
65 64 64 64 65 64 64 65 64 63 64 64 63 62 62 62 61 61 62 62 62 63 64 64 63 65 64 63 63 63 62 62 63 63 65 64 64 64 64 63 63 63 62 63 62 63 64 69 80 101 126 150 170 184 191 190 191 192 192 191 191 190 190 189 
63 63 63 64 64 63 64 65 63 63 64 63 62 61 60 60 61 61 62 63 62 61 63 62 62 64 63 62 62 63 61 61 62 62 63 63 64 64 65 64 64 63 62 63 61 62 67 77 94 119 144 165 180 189 191 191 192 193 193 191 191 191 189 189 
62 62 62 64 64 63 64 64 62 63 63 63 62 61 60 60 60 60 61 63 62 61 62 62 61 64 64 62 63 63 61 61 63 63 64 65 65 65 65 64 64 63 62 63 62 64 74 89 111 139 161 178 187 190 190 191 190 191 191 190 189 191 190 190 
63 62 62 63 63 62 63 63 61 62 63 62 62 62 61 61 62 60 60 61 61 61 62 63 62 63 63 62 62 63 62 61 63 64 65 66 67 67 65 65 64 62 62 63 62 70 85 105 130 157 175 186 191 191 191 191 191 192 191 190 190 191 190 191 
62 62 61 62 62 60 61 63 62 63 64 64 63 63 63 64 64 63 62 62 61 61 62 64 64 64 65 64 63 63 63 62 64 64 64 65 66 66 64 65 63 62 62 65 68 81 99 124 148 170 184 191 191 191 191 191 190 192 192 191 191 192 191 191 
63 63 63 63 63 61 62 63 62 63 64 64 64 63 63 65 64 63 62 62 61 61 62 64 65 65 64 64 63 63 62 62 64 64 64 66 66 65 64 64 63 62 64 71 80 97 121 145 165 181 189 192 191 192 192 193 192 193 192 191 191 192 191 191 
64 64 63 63 63 62 62 63 63 64 64 64 64 64 64 67 65 64 62 63 61 62 61 63 64 64 63 64 64 63 62 63 64 64 65 66 66 65 63 63 62 63 69 81 97 119 143 163 178 187 191 191 191 191 192 192 191 192 192 192 192 192 193 193 
66 65 64 64 63 62 63 63 64 66 64 64 64 64 64 68 67 66 64 64 62 62 62 64 64 64 63 65 64 63 62 64 64 64 64 64 65 64 62 63 64 68 79 96 117 141 162 177 186 190 190 190 190 191 192 192 192 193 193 192 192 192 192 191 
64 64 63 62 61 62 62 63 64 66 64 64 65 64 64 67 67 66 66 66 65 63 63 64 64 64 63 64 64 63 62 64 65 63 64 64 63 62 61 63 69 79 96 118 143 162 178 188 191 190 191 191 190 191 192 192 193 192 193 192 192 191 191 191 
64 63 63 63 62 63 63 64 65 65 63 64 65 62 62 65 66 65 66 66 66 64 63 64 64 63 62 63 64 63 62 64 64 62 63 63 63 61 62 68 78 93 115 140 161 177 189 194 193 192 192 191 191 192 193 192 193 191 191 189 189 189 190 189 
64 62 62 61 61 62 63 63 64 65 63 62 63 61 61 63 65 65 66 66 66 65 63 64 63 63 63 64 65 65 65 65 64 63 62 62 62 63 68 79 95 114 139 160 176 187 195 196 195 194 195 193 193 192 193 191 192 189 190 188 188 188 189 188 
64 61 61 60 60 61 62 62 63 63 62 62 63 62 61 63 64 65 66 66 66 66 65 65 65 64 64 66 66 65 64 64 63 63 62 63 64 70 80 96 117 138 159 175 186 192 196 196 195 195 195 193 194 193 192 191 192 190 190 189 189 188 189 188 
63 61 60 60 60 60 62 62 62 63 62 63 63 61 60 61 62 63 65 65 65 66 64 64 65 65 64 65 65 65 64 65 64 64 62 65 73 82 97 119 139 157 173 185 191 193 195 196 194 194 195 193 193 193 192 191 191 189 190 189 190 189 189 189 
63 61 61 62 62 61 62 62 62 62 62 62 63 62 60 61 61 63 63 64 63 64 63 63 64 65 64 66 66 66 65 65 64 65 67 76 89 104 123 144 159 172 183 190 191 193 194 193 192 192 194 192 193 193 193 191 190 189 190 190 190 190 190 190 
65 63 62 63 63 61 63 62 63 63 63 63 63 62 62 63 62 63 63 63 62 63 62 63 63 64 64 66 66 67 66 66 67 73 82 95 113 131 149 165 176 184 189 191 192 193 194 193 192 191 193 192 192 192 193 191 191 191 190 190 191 191 190 191 
66 65 65 65 64 63 63 63 63 63 63 63 64 64 63 64 64 63 63 64 63 63 63 63 64 65 65 66 65 65 66 69 76 88 102 119 139 156 169 181 186 189 190 191 191 192 192 192 191 190 191 191 191 192 193 191 190 191 191 191 193 193 192 194 
67 67 66 66 65 64 63 64 63 62 62 62 62 62 63 63 64 63 64 64 63 62 62 62 62 63 64 65 65 69 74 83 95 111 127 144 162 174 182 189 189 190 191 192 191 193 191 192 191 191 191 191 190 191 193 192 191 192 191 191 192 193 192 194 
67 68 67 67 66 66 64 65 65 64 63 63 63 63 64 64 64 63 62 63 62 62 61 63 62 63 63 66 71 79 91 105 120 136 154 167 179 188 190 191 191 192 192 191 191 193 192 192 192 192 192 192 191 192 192 191 190 191 190 190 191 192 192 194 
68 68 68 67 66 66 65 65 65 65 63 62 63 64 64 64 65 64 63 64 63 63 62 64 63 65 70 78 87 100 115 130 145 161 174 182 189 192 191 191 192 193 192 192 192 194 193 194 194 194 193 193 191 192 192 191 191 191 190 189 189 190 190 192 
67 67 67 66 65 66 65 65 64 65 64 63 62 63 62 63 64 64 62 64 63 63 63 67 71 78 86 98 110 124 138 155 168 179 187 190 191 192 191 191 192 193 193 192 192 193 192 192 193 194 192 192 191 191 190 191 191 191 191 190 189 191 190 191 
65 66 66 65 65 65 65 65 65 66 65 64 64 64 62 63 63 63 62 64 64 68 73 83 91 102 112 124 136 150 163 176 184 189 192 192 191 192 190 190 191 192 191 191 191 192 191 192 193 193 192 191 190 190 190 190 191 192 191 190 189 190 190 190 
64 64 65 66 65 65 65 65 65 67 67 66 66 65 63 63 63 64 64 69 76 86 95 109 118 128 137 149 160 172 180 189 192 192 192 192 190 191 191 190 191 192 190 190 190 191 190 191 192 193 192 192 190 190 189 190 189 191 191 190 189 190 190 190 
63 63 64 65 65 65 65 65 64 66 67 66 66 67 67 70 73 80 85 93 102 113 122 134 142 153 162 173 181 188 190 193 191 190 190 191 191 191 190 191 191 192 191 191 191 191 189 190 191 191 191 192 191 190 190 191 191 192 192 191 189 190 189 190 
63 62 63 64 65 65 65 66 66 68 70 73 77 81 86 92 98 105 110 118 126 137 147 159 168 177 181 187 190 191 190 191 189 187 188 190 190 191 190 190 189 190 189 190 189 189 188 189 190 190 190 191 192 190 190 191 191 192 193 192 191 191 191 191 
73 72 73 74 76 77 80 82 85 89 93 97 103 107 113 118 124 131 137 145 153 164 172 181 186 190 190 192 191 192 191 190 189 187 188 190 191 191 191 190 189 189 188 190 189 189 188 189 191 192 192 192 192 191 189 190 190 191 192 192 190 192 192 191 
99 97 98 100 102 103 106 109 110 114 117 121 126 131 136 143 148 155 162 170 178 185 188 191 191 191 190 192 193 192 191 190 190 189 189 192 193 192 192 191 190 191 191 192 191 190 189 189 192 193 193 193 193 191 189 190 190 190 190 190 189 191 190 191 
123 123 124 126 128 130 133 135 137 140 143 146 151 156 162 168 174 180 186 190 192 195 193 191 191 191 191 193 193 193 191 189 189 188 188 191 193 192 192 192 191 191 192 193 192 191 190 189 191 192 193 193 194 191 190 191 192 191 191 190 190 191 191 192 
149 149 149 151 153 155 157 160 162 166 168 172 177 180 183 187 190 190 191 192 192 193 192 191 192 192 192 193 193 192 190 188 189 188 190 192 194 193 193 193 192 191 193 193 193 192 191 191 192 193 193 193 192 189 189 190 191 190 191 190 190 191 191 193 
171 170 171 173 175 177 180 183 185 188 190 190 191 191 190 191 191 190 192 193 193 194 192 191 192 192 193 194 194 193 191 189 190 189 190 193 195 194 194 194 193 193 194 194 193 193 191 191 193 194 194 194 192 189 189 190 191 191 190 189 189 190 191 193 
189 189 190 193 193 194 194 194 193 195 193 192 191 192 190 190 190 190 190 191 191 193 192 191 191 192 192 194 195 194 191 190 191 190 192 193 195 193 193 194 194 195 196 196 195 195 193 192 193 193 193 194 192 188 189 191 191 191 191 190 190 190 190 194 

67 66 66 67 67 68 67 66 66 65 63 63 65 63 62 63 63 62 65 66 65 64 62 61 62 61 64 65 64 64 64 63 63 63 63 63 64 66 67 64 65 62 61 60 63 63 65 65 66 65 64 63 60 61 61 60 62 64 79 105 133 157 181 193 
67 67 67 67 66 67 65 64 64 64 63 62 64 63 63 63 63 62 64 66 65 65 63 63 63 63 64 65 64 64 64 64 64 64 63 64 64 66 66 65 65 62 61 60 62 63 63 64 65 64 63 63 62 62 62 62 63 64 79 105 131 156 179 192 
68 68 67 67 67 66 65 64 64 64 63 62 64 64 63 63 63 63 64 64 63 64 62 62 62 63 63 64 63 64 64 63 63 63 62 63 65 66 67 66 66 63 62 61 63 63 65 65 66 65 65 64 62 63 62 62 62 63 79 105 132 158 180 193 
64 65 65 65 64 64 62 61 62 63 64 64 65 64 64 63 62 63 63 63 63 63 62 62 62 62 63 63 62 63 63 63 64 63 62 63 65 66 66 66 65 63 62 62 63 66 66 67 67 65 64 64 62 64 64 63 62 64 79 105 131 157 180 193 
64 64 64 64 63 62 62 62 62 64 64 64 65 65 65 64 63 64 64 64 62 63 62 63 63 63 63 64 62 63 63 63 63 63 62 64 65 66 66 66 65 63 62 62 64 65 65 65 65 63 63 64 63 64 64 64 62 64 80 106 132 158 180 191 
64 63 63 63 63 62 62 62 62 64 64 65 65 66 66 64 64 65 63 63 62 62 62 64 64 65 63 63 62 61 61 62 63 62 62 63 65 65 65 66 66 64 64 64 65 66 66 66 66 64 64 64 63 65 65 65 63 64 82 107 133 160 183 192 
64 62 63 62 62 61 62 62 63 64 64 66 65 67 66 66 65 65 63 63 62 61 62 63 63 63 63 63 63 63 62 62 62 60 60 61 63 63 64 64 65 64 64 65 66 67 67 67 66 65 64 64 63 64 64 64 63 65 85 111 137 163 185 193 
62 61 62 61 61 61 62 63 64 66 65 67 66 67 66 66 66 65 63 64 64 62 63 63 63 62 63 62 63 63 62 62 62 61 61 62 63 63 63 63 63 63 63 65 66 67 67 67 65 64 63 63 63 64 65 65 65 67 90 114 139 165 187 191 
65 63 63 62 61 61 63 64 64 65 64 65 65 66 65 66 66 66 64 65 65 63 64 65 65 63 63 63 64 63 63 63 63 61 60 61 62 62 63 64 64 64 64 65 66 66 67 67 65 64 64 62 62 63 63 63 64 69 93 118 143 169 190 191 
65 64 63 62 62 61 61 62 64 64 64 66 66 66 65 66 65 65 63 64 64 63 64 65 65 63 63 63 64 64 64 63 63 61 60 61 63 63 65 64 64 63 63 63 65 66 66 67 65 64 64 62 62 63 63 63 65 71 96 121 147 172 191 192 
65 64 63 63 62 61 61 62 63 64 64 66 65 65 65 65 65 64 64 65 65 64 64 65 64 63 64 64 64 65 66 65 64 63 61 62 63 64 65 65 64 64 63 62 65 66 65 66 65 64 64 63 64 63 63 62 63 73 99 125 150 176 191 191 
63 63 62 62 62 61 61 63 64 65 66 66 66 65 64 64 64 64 64 64 65 64 63 64 63 62 63 64 63 65 65 65 63 63 61 61 62 64 65 66 65 64 63 63 65 66 65 65 65 64 64 64 64 64 63 62 63 75 102 127 153 178 192 191 
64 63 62 62 62 61 61 62 63 63 65 65 66 65 65 64 64 64 64 65 65 63 63 63 63 63 65 66 64 65 65 64 63 63 61 61 63 64 66 66 66 65 64 63 64 65 63 63 65 64 63 64 64 63 64 62 63 79 105 131 158 183 193 192 
63 63 63 63 63 62 61 61 61 61 63 64 65 64 65 64 63 64 65 65 65 63 62 62 61 61 64 65 64 66 66 65 63 63 61 61 63 65 65 65 65 64 63 62 63 64 62 63 64 64 63 65 65 64 65 63 66 84 110 136 163 185 191 191 
64 63 63 61 62 62 63 62 63 62 63 63 63 63 64 64 64 65 66 65 64 63 62 61 61 61 64 65 65 65 65 65 63 63 61 61 61 63 63 64 65 65 64 63 64 64 64 64 65 65 65 67 67 66 66 64 68 90 115 141 168 188 191 191 
64 63 63 62 63 62 62 62 62 61 62 63 63 62 64 63 63 64 65 64 63 62 61 61 61 61 63 64 65 65 65 65 63 62 62 61 61 63 63 63 64 64 63 63 63 62 62 64 65 66 66 67 66 65 66 64 73 97 122 148 175 191 192 192 
65 64 64 63 64 63 62 62 61 60 61 62 62 62 64 63 63 63 63 62 61 61 61 61 62 64 65 65 66 65 65 65 63 63 63 63 63 65 64 63 65 64 62 63 62 62 63 64 65 66 65 66 65 64 66 65 79 105 130 156 181 192 192 193 
62 62 63 63 65 64 63 62 61 60 60 61 62 62 63 63 63 63 63 61 60 61 61 61 64 64 64 64 65 64 65 66 64 64 64 63 64 66 65 64 65 63 62 63 62 62 63 65 65 66 66 65 64 64 64 67 86 113 138 164 187 193 193 193 
63 62 63 63 64 64 63 63 62 62 62 62 63 63 64 64 64 63 62 60 60 61 61 62 65 64 63 64 63 63 64 65 64 64 63 62 63 64 64 64 64 64 63 64 62 63 64 65 65 67 66 66 64 64 66 72 94 120 146 171 190 194 194 195 
61 62 62 63 63 63 62 62 61 61 62 62 64 63 64 65 64 63 63 61 60 62 62 63 66 66 65 65 65 64 66 66 65 65 65 63 65 67 66 65 66 65 64 65 62 62 63 64 63 66 64 64 62 64 66 79 103 129 154 179 193 194 194 195 
63 64 63 65 64 64 63 63 62 63 62 63 64 64 64 65 64 64 64 62 60 62 61 62 65 65 65 65 64 64 66 65 64 65 65 64 65 67 66 66 67 66 65 66 64 64 65 65 64 65 64 63 62 63 67 85 111 137 162 184 193 193 193 194 
61 62 63 64 63 64 63 63 62 63 62 63 64 64 65 66 66 66 66 64 63 64 63 63 65 65 64 63 63 63 64 63 64 65 65 64 65 66 65 64 65 65 65 65 64 64 64 64 64 65 64 63 62 63 71 92 119 145 170 189 194 194 194 194 
63 64 64 64 63 64 63 63 63 64 64 64 65 65 66 67 66 66 66 65 63 65 63 64 64 64 64 64 64 64 65 63 64 65 65 64 65 66 64 64 65 65 65 65 65 63 64 64 63 64 64 63 63 66 79 102 128 154 177 191 193 193 193 194 
62 64 63 64 65 65 63 63 64 63 63 64 65 65 66 67 66 67 67 66 65 64 63 64 64 65 65 65 65 65 66 65 65 66 66 65 66 66 64 63 65 64 64 65 65 63 64 64 64 63 64 63 62 68 85 110 136 163 183 192 192 193 192 193 
63 65 65 66 66 67 65 63 63 63 62 64 64 64 65 66 65 66 66 65 65 65 64 64 63 63 64 64 63 64 65 63 64 65 65 64 65 64 63 63 63 63 63 64 64 64 64 63 63 62 62 61 62 73 95 120 146 172 188 191 192 193 193 193 
62 64 64 64 65 65 63 62 63 62 62 63 64 64 66 66 65 66 65 65 65 66 65 66 65 64 64 64 64 64 65 63 64 64 64 64 66 64 63 63 64 63 64 63 63 62 63 61 62 62 62 62 66 82 107 132 158 181 191 191 191 192 191 191 
64 65 65 65 65 65 63 62 63 62 61 63 64 64 65 65 65 65 64 64 65 65 65 66 65 63 65 64 65 64 66 63 64 64 64 64 66 65 65 66 66 64 64 63 62 62 63 62 62 63 62 63 73 94 119 144 170 187 191 190 191 191 190 190 
65 65 65 65 64 64 62 61 62 63 62 64 63 62 63 63 62 63 63 63 64 65 66 66 66 65 65 65 65 65 65 63 65 64 64 65 66 65 66 66 66 64 64 61 59 60 61 61 62 64 63 66 80 103 130 156 178 190 192 190 190 190 189 189 
64 65 64 63 62 62 61 61 62 63 63 64 64 62 63 63 61 62 61 61 62 63 65 65 65 64 65 64 65 65 65 63 64 63 63 64 64 64 65 65 65 64 63 62 60 60 60 60 62 62 64 74 93 118 145 169 186 193 192 190 190 190 190 189 
65 65 64 63 61 62 61 62 63 64 64 65 65 64 64 63 62 61 61 62 63 64 65 66 66 65 65 65 66 65 66 64 64 64 64 64 63 64 65 65 65 64 63 61 59 60 60 61 63 64 68 83 106 131 158 178 190 192 191 190 190 190 190 190 
66 66 64 63 62 63 62 64 64 65 64 66 65 64 64 63 61 61 61 61 63 65 66 66 66 67 66 66 66 67 66 66 65 65 64 64 63 63 65 64 64 64 62 61 60 60 61 62 63 66 76 95 120 146 170 185 192 192 191 190 190 190 190 191 
66 65 64 62 62 62 62 63 64 64 65 66 64 63 63 63 61 61 61 61 62 64 65 65 66 67 66 67 66 67 66 66 66 65 64 64 63 63 64 64 63 64 62 61 61 61 61 62 64 70 86 110 135 160 180 190 192 193 192 191 191 190 191 191 
64 63 63 62 63 63 63 65 65 64 64 66 64 64 64 64 62 63 63 63 63 65 65 65 65 66 65 66 66 67 66 66 65 65 63 64 61 62 63 63 62 63 63 62 62 63 63 64 68 79 99 125 151 173 188 193 193 192 191 191 191 190 191 190 
66 65 65 64 64 63 63 64 64 64 64 65 64 63 63 62 62 62 62 63 63 65 64 65 65 66 65 66 65 66 64 65 64 65 65 65 64 64 64 64 64 65 64 63 63 63 65 67 76 93 116 140 164 180 190 192 191 191 190 190 190 190 190 191 
64 63 63 63 64 62 63 63 63 63 64 64 64 63 63 63 62 62 62 62 62 63 63 64 63 65 64 63 64 65 63 64 65 65 65 65 64 64 64 65 64 64 64 65 64 63 66 73 86 109 135 157 176 187 191 190 190 190 190 189 190 190 189 190 
63 61 62 63 63 62 63 63 61 63 64 63 62 62 60 61 61 61 62 62 61 61 63 63 62 64 64 62 62 63 62 63 64 65 64 65 64 64 65 66 65 64 63 64 63 64 72 84 103 128 153 171 185 191 192 191 190 190 190 189 189 190 189 189 
62 61 62 63 63 62 63 62 60 62 63 63 63 63 60 61 61 61 61 63 62 62 63 63 62 64 63 62 62 63 62 63 64 65 66 66 66 65 65 65 65 64 64 64 63 67 80 98 121 147 168 181 188 190 190 190 189 189 189 188 188 190 190 190 
63 62 62 64 63 61 62 62 60 61 62 62 63 63 62 62 63 62 61 62 61 61 62 64 63 64 63 62 62 63 63 63 64 65 66 66 66 66 65 65 65 63 63 65 65 75 92 114 139 163 180 188 190 191 190 190 189 189 189 188 189 191 191 192 
62 62 61 62 62 60 61 62 61 63 63 63 63 64 63 64 64 64 63 63 62 62 63 65 64 65 65 64 62 63 64 64 65 65 65 65 66 66 65 66 64 63 62 66 72 86 108 134 157 176 188 193 192 191 191 190 189 189 190 189 190 192 192 192 
63 63 63 63 62 61 62 62 62 63 63 63 63 64 63 65 64 65 63 64 63 62 62 65 64 65 65 65 63 63 63 64 65 66 66 66 67 66 64 64 63 62 65 73 85 105 130 154 172 185 191 192 192 192 192 192 191 191 190 190 190 191 192 192 
64 64 63 63 62 61 62 62 63 64 63 63 64 64 63 66 65 65 64 65 64 63 61 64 63 64 64 66 64 64 64 64 65 65 65 66 66 65 64 64 63 64 72 86 104 128 151 169 181 188 191 191 191 191 192 191 191 190 190 190 191 192 193 193 
66 65 64 63 62 62 62 63 64 65 64 63 64 64 64 67 67 66 65 65 63 63 62 64 63 64 65 66 65 64 64 64 65 64 65 64 65 64 63 63 65 71 84 103 126 149 169 181 188 190 191 190 190 191 192 192 191 191 191 191 191 192 192 191 
64 64 64 63 62 62 62 62 64 65 63 64 65 63 63 66 66 65 66 66 65 64 63 64 63 64 64 64 64 64 63 64 66 65 65 64 64 62 62 64 72 84 103 127 151 168 182 190 191 190 191 191 190 191 193 192 193 192 192 191 191 191 191 191 
65 64 65 64 63 64 64 64 65 65 63 64 64 62 62 65 65 65 66 66 66 64 63 63 62 63 63 64 64 65 63 63 64 63 63 63 63 61 63 71 84 100 125 150 169 182 191 194 192 191 191 190 190 192 193 193 193 191 191 189 188 189 189 189 
65 64 64 63 62 63 63 64 65 66 64 63 63 61 61 62 64 64 65 66 65 65 63 64 63 64 64 65 65 66 65 64 64 62 60 61 62 63 71 84 102 123 149 168 181 189 194 194 193 192 194 192 192 193 193 193 193 191 191 190 189 189 189 188 
65 63 63 62 61 63 63 64 65 66 64 64 64 62 62 63 64 65 66 66 66 66 65 66 65 65 65 65 65 66 64 63 63 63 61 63 66 72 84 103 125 146 168 181 189 192 195 195 194 194 195 193 193 193 193 193 193 192 192 191 190 189 189 188 
64 63 62 62 62 62 62 63 64 64 64 65 64 62 61 62 62 63 65 66 65 65 64 64 64 65 64 66 65 66 64 64 63 63 61 68 76 87 104 127 147 164 180 189 192 193 195 195 194 194 195 193 193 194 193 193 192 191 191 191 190 190 189 189 
64 62 62 63 62 62 62 63 64 64 64 64 64 62 61 62 62 63 64 64 63 64 62 63 63 65 65 66 66 67 65 65 63 65 69 80 94 111 131 152 165 177 187 191 191 192 194 194 193 193 194 193 193 193 193 192 191 191 190 190 191 191 190 191 
65 64 63 64 63 61 62 62 63 64 64 64 64 62 62 63 62 63 63 64 62 63 63 63 63 64 64 65 65 67 65 66 69 75 85 101 118 136 155 170 179 187 191 192 192 193 193 193 192 191 192 192 192 192 193 192 192 192 191 191 192 191 190 192 
66 65 65 65 65 63 63 63 63 62 63 63 63 63 62 63 63 63 64 64 63 63 64 63 64 64 65 65 64 65 67 72 79 91 107 126 144 160 174 183 187 189 191 192 192 193 192 192 190 189 190 191 191 192 193 191 190 191 191 192 193 193 192 194 
69 69 68 67 66 64 62 63 63 62 62 62 62 62 62 63 63 63 64 64 63 62 62 62 62 63 64 65 66 71 78 88 101 115 133 150 165 177 185 189 189 190 190 192 192 193 191 192 191 190 191 191 190 191 193 191 191 192 191 191 192 192 192 194 
69 69 68 68 67 65 63 64 63 62 62 62 61 61 62 62 62 63 63 63 62 63 62 63 62 62 64 67 74 84 97 112 127 141 158 170 179 187 190 190 190 192 192 192 192 193 192 192 192 191 191 191 191 191 192 190 191 192 191 191 192 193 193 194 
69 70 69 68 67 66 63 64 63 62 61 61 61 61 62 63 63 64 63 64 64 64 63 64 64 67 73 82 93 107 122 137 152 164 176 183 186 189 190 190 191 192 192 192 194 194 193 193 193 192 192 192 191 191 191 190 190 191 190 190 190 191 190 191 
68 69 69 68 67 67 65 65 64 63 62 62 60 61 61 62 63 64 63 64 64 64 65 69 75 82 93 105 118 131 145 160 172 180 188 190 189 190 190 190 190 192 192 192 193 194 193 192 192 192 192 192 192 191 189 189 190 190 190 191 190 191 191 191 
68 68 67 66 65 65 64 65 65 65 64 63 63 63 63 64 63 63 62 64 67 72 78 88 97 107 118 131 144 157 168 179 186 188 190 190 188 190 190 189 190 192 191 191 192 193 192 191 193 192 192 191 190 189 188 188 189 190 190 190 189 190 189 190 
65 65 65 66 64 64 64 64 64 66 65 65 65 64 63 64 64 66 67 75 83 93 102 115 123 133 143 156 166 177 184 190 191 190 191 191 190 191 191 190 190 191 190 190 192 193 191 191 192 192 192 192 191 189 187 188 188 190 191 191 190 191 190 190 
64 64 64 65 64 65 65 65 65 66 66 66 67 69 71 75 80 86 91 100 110 119 128 140 149 159 168 178 184 189 190 191 190 190 190 191 191 192 191 191 190 192 190 192 191 191 190 190 191 191 191 192 192 190 189 190 189 191 192 192 190 190 189 189 
64 64 64 65 65 65 66 67 69 72 75 79 83 88 93 99 105 111 117 125 134 144 154 165 173 180 184 189 189 190 189 189 188 188 189 191 191 191 190 190 189 190 190 191 190 190 188 188 189 189 190 192 192 190 190 191 190 191 193 193 191 191 191 190 
79 79 78 80 80 81 85 88 92 96 100 104 110 115 120 126 132 137 144 152 161 171 177 184 188 190 190 192 191 191 191 190 189 188 189 191 192 192 191 191 189 190 189 190 190 190 188 189 190 191 192 192 193 191 190 190 191 191 192 193 191 192 191 190 
105 104 104 106 107 107 111 115 117 121 125 129 134 139 144 150 156 162 168 176 182 187 189 190 190 190 190 192 193 193 192 191 190 190 190 192 192 193 192 192 190 191 191 191 190 190 189 189 191 193 193 194 194 192 190 191 191 190 190 191 190 190 190 190 
129 129 130 131 133 135 138 141 143 146 149 153 158 164 170 175 180 184 189 191 192 194 192 190 190 191 191 193 194 193 192 190 189 189 189 191 192 192 192 192 191 191 192 192 191 191 189 188 191 192 193 193 194 192 191 191 191 190 190 190 189 190 190 191 
154 154 155 156 157 159 162 165 168 172 175 179 182 186 189 190 191 190 191 191 191 193 191 190 191 191 191 193 193 191 190 189 190 189 190 191 192 192 192 192 190 191 192 192 192 192 191 190 192 193 192 193 193 191 190 191 191 189 189 188 188 189 189 191 
176 177 177 179 180 183 185 188 190 192 192 192 192 193 192 191 191 191 191 192 192 193 191 190 191 192 192 193 194 193 191 190 191 189 190 192 193 193 193 193 191 192 192 192 192 193 191 191 193 194 194 194 193 192 191 191 191 190 188 188 188 189 189 192 
188 189 190 192 192 193 193 193 192 193 192 192 191 193 192 191 190 190 189 189 190 192 191 190 191 192 192 193 194 193 191 191 191 189 191 192 192 191 192 193 191 192 194 193 193 193 192 191 193 193 194 194 193 191 190 192 191 190 189 188 188 188 189 192 

68 67 67 66 66 66 65 65 66 66 64 64 65 64 63 63 62 61 64 65 64 63 62 61 61 61 63 63 62 63 62 62 63 62 63 63 64 66 65 62 63 61 60 60 62 62 63 63 64 63 64 63 61 62 62 60 61 63 83 109 137 163 187 194 
68 67 67 66 65 65 64 63 65 65 64 64 64 64 64 63 62 63 64 65 64 65 63 63 63 63 64 63 62 63 62 63 64 63 63 64 64 65 65 63 63 61 60 60 61 61 62 62 63 62 63 63 63 64 64 63 63 64 83 109 136 162 186 193 
68 68 67 67 66 65 64 63 64 64 64 64 64 64 64 64 63 63 63 63 62 63 62 62 62 63 63 63 62 63 62 63 63 62 62 63 64 65 65 64 64 62 61 60 61 62 63 64 65 64 65 64 63 64 65 63 63 64 84 110 137 163 187 193 
65 66 66 65 65 63 62 61 63 63 64 65 64 65 65 64 62 63 63 63 61 62 61 61 61 62 63 62 62 63 63 63 63 63 62 64 64 65 65 64 63 61 60 60 62 63 64 65 65 64 65 65 63 64 65 63 62 65 85 111 138 163 186 193 
65 65 65 64 63 62 61 61 62 63 64 65 64 65 65 64 63 64 63 62 61 61 61 61 61 63 63 63 63 63 62 63 62 62 62 64 64 65 65 64 63 61 61 60 62 63 63 63 64 63 64 64 63 65 65 64 64 68 89 114 140 165 186 191 
64 64 64 63 63 62 62 62 63 64 64 65 64 65 65 64 64 64 62 62 60 60 61 62 62 63 63 63 62 63 62 63 63 62 61 62 63 63 64 65 64 63 63 63 63 64 64 65 64 63 64 64 63 65 66 65 64 69 92 116 142 168 189 193 
64 63 63 62 63 62 62 63 64 63 63 65 64 66 66 66 65 65 63 63 61 60 61 61 61 63 63 63 64 63 62 62 62 60 60 60 61 61 62 64 64 64 64 64 65 65 65 66 65 64 65 64 63 64 65 63 63 70 94 120 146 171 190 193 
63 62 62 61 61 62 63 64 65 66 64 66 65 65 65 65 65 64 63 63 63 62 63 62 62 62 63 63 64 64 63 63 63 61 60 61 61 61 62 63 64 63 63 64 65 66 65 66 63 63 63 63 63 65 65 64 65 72 98 122 148 173 190 191 
65 63 63 61 61 62 63 64 66 65 63 64 64 64 64 66 66 65 63 65 64 63 64 64 64 64 64 63 64 65 64 64 63 62 59 60 60 61 62 63 63 63 63 64 65 65 66 66 64 64 64 62 63 64 63 63 65 74 100 125 150 176 191 190 
64 62 62 62 61 61 63 63 65 65 63 65 65 64 64 65 64 64 62 64 64 63 64 65 64 63 64 63 64 65 64 64 64 62 59 60 62 62 63 64 64 63 62 63 64 64 65 65 64 64 64 62 63 63 62 62 63 75 101 127 152 178 192 191 
63 62 62 62 61 61 62 62 64 64 64 65 65 65 65 65 64 64 63 65 65 64 65 65 64 63 63 64 64 66 67 66 65 63 60 60 62 62 64 65 64 64 62 63 64 65 65 65 64 64 63 63 64 63 62 61 62 76 102 129 154 179 190 189 
63 62 62 62 61 61 62 63 64 66 66 66 66 65 64 64 64 63 63 64 64 63 63 64 63 61 63 63 63 65 66 66 64 64 60 61 62 64 65 66 65 64 63 63 65 66 65 65 64 63 63 63 64 63 62 61 63 80 107 132 157 181 190 188 
64 62 62 61 60 60 61 61 63 63 65 65 66 65 65 63 64 64 64 65 65 63 62 62 62 62 64 65 64 65 66 64 63 63 60 61 63 64 65 66 64 64 63 62 63 64 63 62 63 63 63 64 64 63 63 61 64 84 111 137 164 186 191 190 
63 63 63 63 62 62 61 60 61 61 63 64 65 64 65 63 63 64 65 65 65 63 63 61 61 61 63 64 64 65 65 64 62 62 61 61 63 64 65 65 65 64 63 62 63 64 62 62 63 63 63 65 66 65 65 63 68 90 116 141 168 187 190 189 
64 64 63 62 62 63 63 62 63 62 63 63 63 63 64 64 64 65 66 65 65 63 62 61 60 61 64 65 65 65 65 64 62 62 60 61 61 63 63 64 64 64 63 63 65 65 65 65 65 65 65 67 68 67 67 64 72 96 122 147 174 189 190 189 
64 64 64 63 63 63 62 61 61 60 61 62 63 63 64 64 63 64 65 64 64 62 62 60 61 61 64 64 65 64 65 63 61 61 60 60 61 63 62 62 63 62 62 62 63 62 63 64 65 65 66 67 67 66 67 66 80 105 131 156 182 192 192 191 
65 65 65 64 64 63 62 61 60 59 60 61 61 62 63 62 62 63 64 63 62 62 62 61 62 63 65 65 66 65 65 64 62 61 62 62 62 64 64 63 64 63 62 63 62 62 63 64 65 66 66 66 65 65 67 68 86 112 137 163 187 193 194 193 
63 64 64 64 66 65 63 62 61 59 60 61 62 61 63 63 62 62 62 61 60 61 62 61 63 64 64 64 65 65 65 65 63 62 62 62 63 64 64 64 64 63 62 63 63 63 64 65 65 66 66 66 64 64 65 69 91 119 145 171 191 194 194 194 
63 63 63 64 65 64 63 63 62 61 61 61 62 62 63 63 62 62 62 60 59 61 61 61 63 63 63 63 63 63 63 63 62 62 62 62 62 64 63 64 64 63 63 64 62 63 65 65 65 66 66 66 64 64 66 76 100 127 153 178 194 195 195 196 
61 63 63 64 65 63 62 62 61 60 61 61 63 63 64 64 63 62 62 61 60 61 61 62 64 64 64 64 64 64 65 64 64 64 64 63 65 67 67 65 66 65 65 65 63 63 63 63 63 65 64 64 62 63 67 83 109 135 161 184 194 194 195 196 
64 64 64 65 66 65 64 64 63 63 63 62 63 63 64 64 64 64 63 62 60 61 60 61 62 63 63 63 63 63 64 64 64 65 65 65 66 67 68 67 67 67 67 66 64 65 65 65 64 65 64 63 62 63 70 90 116 142 167 187 194 193 194 195 
62 64 64 65 65 65 64 64 63 63 63 62 63 64 65 65 65 66 65 64 62 62 61 62 62 63 62 62 62 62 63 63 65 65 65 64 66 66 65 65 66 65 66 66 64 64 65 65 64 65 64 64 62 63 76 98 124 151 175 190 194 194 195 196 
64 65 65 65 65 65 64 64 64 64 64 64 65 65 66 66 66 67 66 65 64 64 63 63 63 63 64 62 62 63 64 63 65 65 66 65 67 66 65 65 66 66 66 66 65 64 64 64 64 64 64 63 63 68 85 110 135 160 181 191 193 193 194 195 
63 64 64 64 65 65 64 63 63 62 62 64 64 65 66 66 66 68 67 67 66 64 63 64 63 64 65 64 64 65 66 65 67 67 67 65 67 66 65 65 66 65 65 65 64 63 64 64 64 64 64 63 63 72 93 117 143 169 186 192 192 193 192 193 
64 65 66 65 66 66 64 62 62 61 61 62 63 63 64 65 65 66 66 67 66 65 65 65 63 64 64 63 63 63 65 64 66 66 66 64 65 64 64 65 65 64 63 63 63 63 64 64 63 63 63 62 64 78 102 127 153 178 190 192 192 193 192 193 
63 64 65 64 65 65 63 61 62 60 60 62 62 63 65 65 65 66 66 66 67 67 68 68 66 65 65 64 64 64 66 64 66 65 65 64 65 63 63 64 64 64 64 63 62 61 62 62 62 62 62 62 69 89 115 140 165 185 192 191 192 193 192 192 
64 65 65 66 66 66 64 62 62 60 59 61 61 61 64 64 64 65 65 65 66 65 67 67 67 65 66 65 65 64 66 64 65 64 64 64 66 65 65 66 66 65 64 63 62 62 63 63 63 63 63 65 77 101 127 152 175 189 191 190 190 191 190 190 
64 65 65 66 65 65 63 61 61 61 60 61 61 60 62 62 62 63 64 64 65 65 67 67 67 66 66 65 65 64 65 63 65 64 65 64 65 64 66 67 67 65 64 62 60 61 62 62 63 63 64 70 87 112 139 162 181 191 191 189 190 190 189 189 
64 65 64 65 63 64 62 62 62 61 61 62 61 60 62 62 62 62 62 62 63 64 66 66 66 65 65 64 65 65 65 64 65 63 63 64 65 64 65 65 66 64 64 62 62 62 62 62 63 63 67 79 100 126 153 174 188 192 191 189 190 190 189 189 
65 65 64 64 63 64 62 63 63 63 62 64 63 62 63 63 62 61 62 62 63 64 66 66 66 65 65 65 65 65 65 65 64 64 63 64 63 63 64 65 65 65 64 62 62 62 62 63 65 65 73 90 115 141 166 183 192 192 191 190 190 190 190 189 
65 65 64 64 64 64 63 64 63 63 63 65 64 63 63 63 61 61 62 63 63 65 65 66 65 66 65 66 65 66 65 66 65 64 63 63 62 62 64 64 65 65 63 62 63 63 64 65 66 69 82 103 129 155 176 188 192 191 190 190 190 189 190 189 
65 65 64 62 62 62 61 63 63 64 64 66 65 64 63 63 61 61 62 63 63 65 65 65 65 66 65 66 65 66 65 66 66 65 63 63 62 62 63 64 64 65 64 62 62 63 63 64 68 76 94 119 145 169 185 192 193 192 191 190 190 190 190 190 
65 65 63 62 63 63 62 64 64 63 64 65 64 64 64 64 63 64 64 65 64 65 64 64 64 64 64 65 66 67 66 67 66 65 63 63 60 61 62 63 63 65 64 63 63 64 65 66 73 87 108 133 160 179 190 193 193 191 190 191 190 190 190 189 
68 66 66 64 65 64 63 64 64 64 64 65 65 65 64 63 62 62 63 65 65 65 65 65 64 65 65 66 65 65 64 65 64 64 64 64 62 63 63 64 65 66 65 64 63 64 65 69 81 101 124 148 171 186 192 192 192 190 189 190 190 190 190 191 
66 65 64 64 64 63 63 63 62 62 64 64 65 65 65 64 63 63 63 63 63 64 64 65 63 65 64 64 64 65 63 65 64 64 64 63 62 63 63 64 65 65 64 65 64 64 68 77 92 117 142 163 180 190 191 190 190 189 188 188 189 189 189 189 
64 63 63 63 63 62 63 63 62 63 64 64 64 64 63 63 63 62 62 63 63 63 65 64 63 64 63 63 62 63 62 63 62 63 63 63 62 64 65 65 65 65 63 64 62 64 74 89 110 136 160 176 188 192 192 190 190 189 189 189 189 190 189 189 
62 62 63 64 64 63 63 62 60 61 62 62 63 64 63 62 63 62 62 63 63 63 64 64 62 63 62 61 62 63 62 63 63 63 64 63 63 64 64 64 65 64 63 64 64 69 83 104 128 153 172 184 189 191 190 190 189 188 188 188 188 190 189 190 
63 62 62 64 63 62 63 62 59 61 62 61 63 64 62 63 63 62 62 63 63 63 63 65 63 64 63 62 62 62 62 63 62 62 63 63 64 65 64 64 64 63 62 64 67 78 97 122 146 168 183 190 190 191 190 189 188 188 188 188 189 191 191 192 
61 61 61 62 62 61 62 63 61 62 62 61 62 63 62 64 63 64 63 63 62 63 63 65 63 64 64 63 62 63 64 64 64 63 63 62 63 63 63 64 64 62 61 67 75 91 115 142 162 180 190 193 191 192 190 189 188 188 188 189 190 192 192 192 
63 62 62 63 63 62 62 62 61 62 61 62 62 63 62 64 63 64 63 64 63 63 63 64 63 64 64 64 63 63 63 64 65 64 65 64 65 64 63 64 64 62 66 77 90 110 137 161 176 188 193 193 191 192 191 191 190 190 190 191 191 192 192 192 
63 64 63 63 63 62 62 61 61 62 61 62 63 64 63 64 64 65 64 65 64 64 62 64 63 64 64 65 64 64 64 64 65 65 65 65 65 64 63 63 64 66 75 91 110 133 156 173 183 189 192 191 190 191 190 190 189 190 190 191 192 193 193 193 
65 65 64 63 63 62 62 62 63 64 63 63 63 63 63 66 65 65 65 64 63 63 62 64 63 64 64 65 64 64 63 63 65 63 64 63 64 63 63 63 67 75 89 110 133 154 172 184 188 190 191 191 190 190 191 190 191 192 192 192 193 193 193 192 
65 65 65 63 62 63 62 61 64 65 63 64 64 63 64 65 65 65 65 65 65 64 64 64 63 64 64 64 64 65 64 65 66 65 65 64 63 61 61 65 75 90 110 134 156 172 184 191 192 190 191 190 190 191 192 191 193 193 192 192 192 192 192 192 
66 65 66 64 62 64 63 62 64 65 63 64 64 63 62 64 65 65 65 66 65 65 63 64 62 63 62 63 64 65 63 64 64 64 63 63 63 63 65 75 89 108 133 156 173 184 192 194 192 192 192 190 189 191 193 192 194 193 192 191 190 190 190 190 
65 65 64 64 62 63 63 62 64 66 64 63 64 62 62 62 64 64 64 65 65 65 64 64 63 64 63 64 64 65 64 63 63 62 61 62 63 66 75 90 109 132 156 173 184 191 194 194 194 193 194 192 191 192 193 193 193 192 192 191 190 190 190 190 
65 64 63 64 61 63 63 63 64 65 64 63 63 62 62 63 63 63 64 65 65 66 65 66 64 65 64 64 64 65 64 63 63 63 62 64 69 77 91 110 132 154 172 184 190 192 194 194 195 195 195 193 193 193 192 193 193 193 192 191 190 189 189 189 
65 64 63 63 61 62 62 63 64 64 64 64 64 62 62 62 63 62 64 65 65 66 65 65 64 65 64 66 65 65 64 64 63 63 64 72 82 94 113 136 153 168 182 190 191 192 194 195 194 196 196 194 194 193 192 193 192 191 190 190 189 189 189 189 
63 62 62 63 62 62 62 63 63 64 64 64 63 62 61 62 62 62 63 65 64 65 64 64 64 65 65 66 65 65 65 64 64 67 74 87 103 120 141 159 170 180 189 191 190 191 193 193 193 195 196 195 194 193 193 193 192 191 191 190 190 190 190 190 
65 64 63 64 63 62 62 63 64 63 63 63 63 62 62 63 62 62 63 64 63 65 65 65 64 65 65 66 65 65 65 66 70 79 90 109 128 144 162 175 182 187 191 191 191 192 192 193 193 193 194 194 193 192 193 192 191 191 191 190 190 190 189 191 
67 65 64 64 64 63 63 64 64 63 62 63 62 62 62 63 63 63 64 64 64 64 65 65 65 65 66 66 64 65 69 75 84 98 114 135 153 166 178 187 188 189 190 190 190 191 190 191 191 191 192 193 192 192 193 192 190 191 191 191 192 192 192 193 
69 68 66 65 65 63 62 63 63 61 61 61 61 62 62 63 63 63 64 64 64 63 63 62 62 63 65 67 68 75 82 94 107 123 139 157 170 180 188 190 189 190 190 190 191 191 190 192 192 191 192 192 191 191 194 192 192 192 192 191 192 192 193 193 
67 67 66 66 65 64 63 63 63 61 61 61 60 61 62 62 62 63 63 63 63 63 63 64 62 63 67 72 79 92 104 119 134 149 163 175 182 188 191 191 191 192 191 190 191 191 191 192 193 192 193 192 191 190 192 191 191 192 191 191 192 192 192 194 
68 68 67 66 65 64 63 63 63 61 60 60 60 61 62 62 62 63 62 63 64 64 63 65 66 70 78 89 100 115 128 143 157 169 179 185 187 188 190 191 191 192 192 191 192 192 192 192 194 193 193 193 192 191 191 191 190 191 191 190 190 190 190 191 
66 67 67 66 65 65 63 64 62 62 61 61 60 62 62 62 62 63 62 63 64 65 67 73 79 89 100 112 125 139 152 166 176 183 188 190 188 188 190 190 190 192 192 191 192 192 192 192 193 192 192 192 192 191 190 191 191 191 191 191 190 191 190 190 
65 66 66 66 65 64 63 64 64 64 63 63 62 63 63 63 62 63 63 66 70 79 85 95 104 116 125 138 151 164 173 182 187 188 190 190 188 188 189 189 189 191 192 191 192 193 192 191 193 193 192 191 191 189 188 189 190 191 192 191 190 190 190 189 
64 65 64 66 64 64 64 64 65 66 66 66 65 64 63 64 65 68 73 81 89 101 110 121 130 141 150 163 172 181 185 190 191 190 191 191 190 190 190 189 188 190 190 190 192 192 192 191 192 192 191 191 190 189 188 189 188 190 192 192 190 191 190 189 
64 64 64 65 63 64 64 65 65 67 66 67 69 72 75 82 86 92 99 107 115 127 135 146 156 166 173 181 185 190 190 191 190 190 190 191 190 190 189 189 188 190 190 192 192 192 191 190 191 190 191 191 191 190 189 190 191 191 193 193 191 191 191 189 
65 65 64 66 66 67 69 72 74 78 81 86 91 95 100 107 112 118 125 133 141 151 160 169 177 184 186 189 190 190 189 190 190 190 190 191 191 191 189 189 188 189 190 192 192 191 190 189 190 189 189 190 190 189 189 190 191 191 193 194 191 191 192 190 
84 84 83 85 87 88 92 96 100 104 107 112 117 122 126 134 139 145 152 161 168 177 182 186 189 191 190 192 191 192 191 190 190 190 190 192 192 192 191 190 189 189 188 190 190 190 189 190 191 190 190 191 191 189 189 190 191 191 193 194 192 192 192 190 
110 109 109 111 112 114 117 121 124 128 131 136 142 147 152 159 164 170 176 182 185 189 188 188 189 190 190 192 193 193 191 191 191 190 190 193 192 192 192 192 189 191 190 190 190 191 189 190 191 191 191 192 192 190 190 191 191 190 191 192 190 190 190 190 
133 134 134 137 138 141 143 147 149 152 155 160 166 172 177 183 186 189 192 193 192 194 192 189 190 191 190 192 194 193 191 191 190 190 189 191 192 192 191 192 190 192 192 192 192 192 190 189 191 191 190 192 192 191 190 192 192 191 191 191 190 190 190 190 
158 159 160 162 164 166 169 172 175 178 181 185 188 191 192 193 192 192 192 193 192 194 191 189 191 192 192 193 194 192 190 190 190 189 190 192 192 192 192 192 190 192 193 193 193 193 191 191 192 192 191 193 192 191 190 191 191 190 190 189 189 189 189 190 
181 182 183 184 185 188 189 191 192 193 192 193 193 194 193 193 192 192 192 192 191 194 191 190 191 194 193 193 195 194 191 191 191 189 190 192 192 192 192 193 190 192 193 193 192 194 192 192 193 193 192 193 192 191 191 192 191 191 189 189 189 189 189 191 
187 190 190 191 191 192 191 191 191 192 191 192 192 193 193 192 190 191 190 189 190 193 191 191 192 194 192 193 195 193 191 192 191 190 190 191 190 190 191 191 190 193 195 195 195 196 193 192 193 193 192 194 193 191 190 192 191 190 189 187 187 188 189 191 

68 67 66 65 64 65 65 65 66 66 64 64 66 66 65 64 64 64 64 63 63 60 60 59 61 62 63 62 62 62 62 62 64 63 63 64 64 65 64 62 62 62 60 62 62 62 62 62 62 61 62 62 62 62 62 61 61 68 94 120 148 174 194 194 
68 67 67 65 64 65 64 64 65 64 64 64 64 64 64 64 63 63 64 63 62 61 61 62 63 64 64 63 62 63 62 63 64 63 63 64 64 65 65 63 63 62 61 62 61 61 62 61 61 61 62 62 63 64 65 64 63 68 94 120 146 172 193 193 
69 69 68 67 66 65 64 64 64 64 64 64 63 64 64 64 63 63 63 62 61 60 60 61 62 63 64 63 62 63 62 63 63 62 62 63 64 65 65 63 63 62 61 61 62 62 63 63 63 63 63 63 63 64 65 63 63 69 94 120 146 172 192 193 
66 66 66 65 65 64 64 63 64 63 64 64 63 64 64 63 63 63 63 62 61 60 60 61 61 62 63 62 62 63 62 62 63 62 62 64 64 65 65 64 63 62 61 62 63 63 64 64 64 63 64 64 63 64 65 64 63 70 95 120 147 172 191 191 
65 65 65 64 64 64 64 63 64 64 64 64 63 63 63 63 63 63 63 61 60 59 60 61 61 63 63 63 62 63 62 63 62 61 61 63 63 64 65 64 63 62 61 61 62 63 63 64 63 62 62 62 62 64 65 64 64 72 97 123 148 174 191 191 
64 64 65 65 65 64 65 64 65 65 64 65 63 64 64 64 63 63 62 61 59 59 60 61 61 63 62 62 61 62 61 62 62 61 60 62 63 63 64 64 64 63 63 63 63 63 64 65 64 64 64 63 62 64 64 64 64 73 99 124 150 175 192 192 
64 63 64 63 64 64 65 65 65 65 64 65 64 65 64 64 65 64 62 62 61 59 61 62 61 62 62 61 61 62 62 61 62 60 59 60 61 61 62 63 63 63 63 64 64 64 65 66 65 64 64 63 61 63 64 63 64 75 101 126 152 177 192 191 
61 61 62 62 62 64 65 65 66 67 64 65 64 65 64 65 65 64 62 63 63 61 63 63 62 62 62 61 63 63 62 62 63 61 61 62 63 62 63 63 64 64 64 64 64 64 64 66 63 63 63 62 62 63 64 63 64 77 103 129 155 179 192 192 
63 62 63 62 61 63 64 65 66 66 63 64 64 64 64 66 65 65 63 64 64 63 64 65 64 64 63 62 63 63 62 62 62 61 60 61 62 61 63 64 64 64 64 64 64 63 65 66 64 64 64 62 62 64 64 63 65 79 105 131 157 181 192 192 
63 62 63 62 62 62 64 63 65 65 63 64 64 63 64 65 64 64 62 64 64 64 64 65 64 64 64 62 63 63 63 62 63 62 61 62 64 63 64 64 64 63 63 63 63 63 64 65 64 64 64 63 63 63 62 62 64 81 107 134 159 183 192 192 
63 63 63 62 62 61 62 63 63 63 63 64 64 63 64 65 64 64 63 65 65 65 66 66 65 64 64 64 64 65 65 65 64 63 61 62 63 64 65 66 65 64 63 62 63 63 64 64 64 63 64 62 63 62 62 61 64 83 110 136 161 184 190 189 
63 62 62 62 62 61 62 63 64 64 64 65 65 64 64 65 65 64 63 65 65 64 64 64 64 63 63 64 64 65 66 65 64 64 62 63 64 65 66 66 64 63 63 62 63 63 64 63 64 63 64 63 64 63 63 61 66 87 114 140 165 186 190 189 
63 62 61 61 61 61 62 62 63 62 63 63 64 63 64 64 65 64 64 65 65 63 63 63 63 63 64 65 64 64 65 64 62 63 61 61 63 64 65 65 64 63 63 62 62 63 63 62 63 63 64 64 64 62 62 61 68 91 118 143 170 189 191 189 
63 63 63 63 63 63 62 62 61 60 61 62 64 64 64 64 65 64 64 65 65 63 63 63 63 62 64 64 64 64 65 64 63 63 62 62 63 64 65 64 64 63 63 62 63 63 62 62 63 63 63 64 64 63 63 61 72 96 123 148 175 189 190 188 
64 64 64 62 63 64 63 63 63 62 61 62 63 64 65 65 66 65 65 65 64 62 63 62 62 62 64 65 64 64 65 64 62 62 61 61 62 63 64 64 64 64 64 63 64 64 64 64 65 65 66 67 67 66 66 64 77 102 129 153 180 190 190 188 
64 63 63 62 63 63 63 62 62 60 60 61 62 62 64 64 65 64 65 64 64 62 62 61 62 62 64 65 65 64 64 62 61 61 62 62 62 63 63 62 63 62 62 63 63 63 63 63 64 65 66 68 67 66 67 67 85 111 138 162 186 192 191 190 
65 64 64 63 64 63 63 62 62 59 59 60 61 61 64 64 64 64 65 64 63 62 62 62 63 64 66 67 66 65 65 63 62 62 63 63 63 64 64 63 64 63 63 63 62 63 64 64 64 65 65 66 66 65 66 70 91 118 144 169 190 193 193 192 
65 65 64 64 65 64 64 63 62 60 60 61 62 61 63 64 63 63 65 63 62 62 62 62 64 65 66 66 66 65 65 64 63 63 63 62 63 64 64 64 65 64 63 64 63 63 64 65 64 65 66 66 65 64 66 75 99 127 153 178 193 194 194 193 
65 64 64 64 64 63 64 63 63 62 62 62 62 62 64 64 63 64 64 62 61 62 61 62 65 65 65 65 65 64 64 64 62 63 62 62 62 63 63 63 64 63 64 64 63 63 64 64 64 65 65 65 64 64 68 84 108 135 162 185 195 195 196 195 
63 63 63 64 64 63 63 63 62 61 62 62 62 61 63 64 64 64 64 63 63 63 62 62 65 65 65 66 66 65 65 65 64 64 64 63 65 65 65 65 66 65 66 66 64 63 63 62 61 62 62 63 62 63 71 92 117 143 169 189 195 195 195 196 
65 64 64 65 64 64 64 64 64 64 64 63 64 63 64 64 64 64 64 63 61 61 60 61 63 64 65 65 65 64 65 64 65 65 65 64 65 66 66 66 67 66 67 66 64 64 64 63 62 63 63 63 62 63 75 99 124 150 175 191 194 194 195 195 
64 64 64 65 64 64 64 64 64 63 63 63 63 63 65 64 65 65 65 64 62 62 60 61 62 64 63 63 63 62 63 63 65 65 64 63 64 63 64 65 66 66 66 66 65 64 63 64 63 63 63 63 62 65 82 107 133 159 182 193 194 195 195 196 
64 64 64 64 63 63 63 63 64 63 63 64 64 64 66 66 66 66 65 64 64 63 62 63 63 63 64 63 63 63 64 64 66 66 66 64 65 65 64 65 66 66 66 66 65 64 63 63 62 62 63 63 64 71 92 119 144 168 187 194 194 194 195 196 
62 62 63 63 62 62 62 61 62 61 62 63 64 64 66 66 66 67 66 65 64 63 62 63 62 64 65 65 65 65 67 65 67 67 67 65 66 66 65 66 67 66 65 65 64 63 63 63 63 63 63 63 65 77 101 126 152 175 189 193 193 194 193 194 
63 63 64 64 63 63 62 61 61 60 61 62 63 64 66 66 65 66 65 65 64 64 64 64 64 64 65 64 63 63 65 64 65 66 66 63 64 64 64 65 65 65 63 63 62 62 63 63 63 62 62 62 67 85 111 136 162 183 192 193 193 195 194 194 
63 64 64 64 63 62 60 60 60 60 60 62 62 63 66 66 66 66 65 65 66 65 67 67 67 66 67 65 65 64 65 64 65 65 65 63 64 63 64 64 65 65 64 63 62 61 61 62 62 62 62 63 74 96 123 149 173 189 193 193 193 194 193 194 
63 64 64 65 64 64 62 61 61 60 60 62 62 62 64 65 64 65 65 64 65 64 67 67 67 65 67 65 65 64 65 63 63 63 64 64 65 65 66 66 66 65 63 62 62 62 63 63 63 63 63 67 83 108 135 160 181 191 192 192 192 192 192 192 
63 64 64 65 63 63 61 60 61 61 61 62 62 61 62 62 63 63 64 64 64 64 66 66 66 66 66 65 64 63 64 62 63 62 64 64 65 64 66 66 66 65 64 62 61 62 63 63 63 63 65 75 94 120 147 170 185 192 191 190 190 190 190 190 
64 65 64 65 63 64 62 62 62 63 63 63 62 61 62 62 63 63 64 63 63 63 65 64 65 64 64 62 63 63 64 62 64 63 64 64 65 64 65 65 65 65 64 63 63 63 63 64 64 64 71 85 109 135 161 179 190 193 192 190 190 190 190 190 
64 65 64 64 63 64 62 63 64 64 63 64 63 61 62 63 63 63 64 63 63 63 65 64 64 63 63 63 63 64 64 64 64 63 63 64 64 63 64 64 64 65 63 63 63 63 64 64 66 68 79 99 125 150 173 187 193 192 191 190 190 189 190 190 
65 65 64 64 64 64 63 64 65 64 64 65 64 62 62 63 62 63 64 64 63 64 64 64 63 64 64 65 64 65 64 64 64 63 63 63 63 62 63 63 63 64 63 63 64 64 65 65 67 73 90 113 139 164 182 190 192 191 190 190 190 189 190 190 
66 65 63 62 62 62 61 63 64 64 65 65 65 64 64 63 63 63 64 64 64 65 64 63 63 63 63 64 65 66 65 65 65 64 63 63 62 61 63 63 63 64 63 63 63 64 64 64 69 81 102 128 154 177 190 193 193 192 191 191 191 190 190 190 
65 64 63 61 63 62 62 64 64 63 64 65 64 65 65 64 64 65 66 66 66 65 64 63 62 63 63 65 65 66 66 66 65 64 63 63 61 61 62 63 63 64 64 63 63 64 65 67 77 93 117 143 168 185 193 194 193 192 191 191 191 190 190 189 
66 65 64 63 65 63 63 64 65 64 65 65 64 64 64 63 62 63 64 65 65 66 64 64 63 64 65 66 66 65 64 64 63 63 63 62 61 62 62 63 64 65 64 63 63 64 66 71 86 108 132 157 178 189 192 192 192 191 190 191 191 190 189 190 
65 64 63 63 64 63 63 64 63 63 64 64 64 65 64 64 63 63 63 64 64 65 65 64 63 65 65 66 65 65 64 64 63 63 64 62 61 62 63 64 65 65 64 64 63 64 70 81 100 124 148 170 185 191 192 191 190 190 189 190 190 190 189 190 
63 62 63 62 63 62 63 63 63 63 63 63 63 64 63 62 62 62 62 63 64 64 65 64 63 64 64 64 64 64 63 63 62 63 64 63 62 64 65 66 66 65 64 63 62 66 77 94 118 143 165 181 190 192 192 192 191 190 189 189 189 190 189 190 
61 62 62 63 64 63 63 63 62 62 63 63 63 64 62 62 62 63 62 63 63 63 64 64 63 64 64 64 63 64 64 63 62 63 64 62 62 64 64 64 65 65 64 64 64 72 88 111 136 160 177 187 190 190 190 190 189 188 188 188 188 189 189 190 
63 63 62 64 63 63 63 62 61 62 61 62 63 63 62 63 62 62 62 63 63 63 63 64 63 64 64 64 64 64 64 63 62 63 64 62 63 64 63 63 65 64 64 66 71 84 105 131 153 173 186 191 190 190 190 189 188 188 188 189 189 191 190 191 
62 62 61 63 62 62 62 63 61 62 61 62 61 62 62 63 63 63 63 63 63 63 64 64 63 64 64 65 64 64 65 64 63 63 64 62 63 63 64 64 65 64 64 71 81 98 123 149 167 183 190 192 191 191 190 189 188 188 189 189 190 192 192 192 
64 63 62 63 63 62 63 63 62 62 62 63 62 63 63 63 62 63 63 63 63 63 63 64 63 64 64 65 64 65 65 64 64 63 64 63 64 63 63 63 63 64 70 82 97 119 145 165 179 189 192 192 191 191 191 191 190 190 191 190 190 191 190 190 
65 64 64 64 63 62 61 62 62 63 62 64 63 64 64 64 63 64 64 64 64 64 63 64 63 64 64 65 65 65 64 64 64 63 63 62 63 62 61 61 64 70 82 99 120 143 163 177 185 191 192 191 191 191 191 190 190 190 190 190 191 191 191 191 
66 65 64 64 64 63 63 63 64 64 63 64 64 63 64 64 64 64 64 64 65 64 63 64 63 63 64 65 65 66 65 64 64 63 62 62 63 62 62 63 69 80 97 119 143 162 177 187 190 191 192 191 191 192 193 191 191 192 192 191 192 192 191 190 
66 65 65 64 64 64 64 63 65 65 63 64 64 63 64 64 63 63 64 63 65 65 64 64 63 64 64 65 65 67 65 66 65 64 63 62 62 61 62 68 79 96 118 142 162 177 186 191 192 191 191 191 191 192 193 192 193 192 192 191 192 190 191 190 
66 65 66 65 64 65 64 64 65 65 64 64 64 62 63 64 64 63 64 64 64 64 63 63 62 63 62 64 65 66 64 65 64 64 62 62 62 64 68 79 96 117 141 162 177 187 193 194 193 193 193 191 190 193 194 193 194 194 192 191 190 189 189 189 
64 64 64 64 62 63 63 63 65 66 65 63 64 61 61 61 63 62 64 64 65 65 64 64 63 63 63 64 64 65 64 64 62 63 61 61 63 69 80 96 118 141 162 177 187 191 194 194 194 194 195 192 192 192 193 193 193 192 191 191 190 190 191 191 
63 63 63 64 63 64 64 64 65 65 64 63 62 60 61 61 62 62 64 64 64 65 64 64 63 64 63 64 64 65 63 63 62 63 62 66 73 84 99 120 142 160 176 185 190 191 194 194 194 195 194 192 192 192 192 193 193 193 192 191 190 191 191 191 
63 64 63 64 63 63 63 63 64 64 64 64 63 62 62 62 62 62 64 64 63 65 64 63 63 64 63 65 64 64 63 63 62 64 67 76 88 103 123 145 162 175 186 190 190 191 193 194 194 195 195 193 192 193 193 193 192 191 191 191 190 190 191 191 
62 62 62 63 63 62 63 64 63 63 64 63 63 61 61 61 62 62 64 66 64 65 64 63 63 64 64 65 65 65 64 63 64 69 78 93 111 129 149 166 177 184 190 190 190 191 193 193 193 194 195 193 193 193 193 193 192 192 191 191 190 191 191 191 
64 63 63 64 63 63 63 64 64 63 64 63 63 61 61 62 62 62 65 66 65 65 65 64 64 64 65 66 65 65 66 67 74 84 98 117 137 153 169 181 187 189 192 191 190 192 192 193 193 193 194 194 193 192 194 193 192 192 191 191 191 191 190 192 
66 65 65 65 64 64 63 64 63 63 63 63 62 61 62 62 63 63 65 66 65 65 65 64 64 64 65 65 66 68 73 80 92 106 124 144 162 173 185 190 190 190 191 190 190 191 191 192 192 191 192 193 192 192 193 192 191 192 191 191 192 192 191 193 
68 68 67 66 65 64 63 63 63 62 62 62 62 62 62 63 63 63 64 64 64 64 64 63 62 62 64 67 72 80 90 102 117 132 149 165 177 185 191 192 191 192 191 191 190 191 191 193 193 192 193 193 192 191 193 192 192 192 191 191 192 191 191 192 
67 67 67 66 66 65 63 63 63 62 61 61 60 61 61 61 62 63 63 63 64 64 64 64 62 64 68 76 85 100 113 128 143 157 170 180 186 190 193 192 191 191 191 189 190 191 191 192 193 192 193 192 192 190 192 191 192 191 191 191 192 191 191 193 
68 69 67 66 65 65 63 63 63 62 61 61 60 62 62 62 62 63 62 63 64 65 65 67 68 75 83 95 108 124 137 152 165 176 184 189 190 190 192 192 191 192 192 191 191 192 192 193 193 192 192 192 192 190 191 190 190 190 190 190 190 190 189 190 
67 68 67 67 66 66 64 64 63 63 62 62 61 63 62 62 62 63 62 62 64 67 71 78 85 96 107 120 133 148 159 172 180 185 190 191 189 190 191 191 190 192 192 190 192 193 192 192 193 192 192 192 191 190 190 190 190 191 190 190 191 190 190 190 
65 66 66 66 65 65 64 65 64 64 63 63 62 64 63 64 63 64 66 69 75 84 92 102 111 123 132 146 158 172 179 186 189 189 189 189 188 189 190 189 188 190 191 190 192 194 193 192 193 193 192 191 190 189 188 188 189 190 191 191 191 190 190 190 
63 64 63 64 64 64 64 65 66 66 65 65 64 64 64 66 69 74 81 88 97 108 117 128 137 149 158 169 177 185 188 190 190 190 190 190 189 189 190 189 187 189 190 190 192 194 193 193 192 192 191 191 190 189 188 188 188 190 191 191 191 191 190 190 
65 64 63 64 63 63 63 65 66 69 68 71 72 76 80 87 92 99 107 114 123 134 142 154 163 173 179 186 188 191 191 191 191 190 190 191 191 190 190 189 188 189 191 192 193 194 192 192 192 191 190 191 190 189 189 190 190 192 192 192 191 191 190 189 
71 70 69 71 71 71 73 77 79 84 88 93 97 102 106 113 118 125 133 140 149 159 167 175 183 187 188 191 191 191 191 191 190 189 189 190 191 190 190 189 188 189 190 191 193 193 191 191 191 190 190 191 190 189 190 191 191 192 194 194 192 191 191 189 
94 94 93 95 96 96 98 101 104 109 113 118 123 129 133 140 145 152 160 167 175 183 186 188 190 191 190 192 192 193 192 191 191 190 189 191 192 192 191 190 189 189 190 191 191 192 190 191 192 191 190 191 191 189 189 190 191 191 193 194 192 190 190 188 
121 120 120 121 121 122 124 127 128 134 137 142 148 154 158 165 170 176 182 186 188 191 190 189 190 191 191 193 194 194 192 192 191 190 190 193 193 193 193 193 190 191 192 191 191 192 190 191 192 192 192 193 193 191 191 192 192 191 192 192 191 190 190 189 
145 146 146 148 148 149 150 152 153 158 162 167 172 179 183 187 189 191 192 193 192 194 192 190 190 191 190 192 194 194 192 192 191 189 190 192 192 192 192 193 191 192 194 192 192 192 190 190 193 192 192 193 193 191 191 192 192 191 192 191 191 190 190 190 
169 170 171 172 174 175 177 178 180 183 186 187 190 193 193 192 192 192 192 192 191 194 192 190 190 192 191 192 194 193 192 191 191 189 190 191 191 191 192 192 192 193 194 193 193 193 192 192 193 194 193 195 194 192 191 191 190 190 191 190 190 189 189 190 
188 189 190 191 192 193 192 192 191 192 192 191 192 194 193 192 192 192 191 191 191 194 192 190 190 193 191 192 195 195 193 192 192 189 189 191 190 190 192 192 192 194 195 193 193 194 193 193 195 195 194 195 193 192 190 191 190 190 189 189 190 189 190 191 
188 190 190 191 192 193 192 192 191 192 191 190 191 192 193 190 190 190 189 188 189 193 192 191 191 193 191 192 196 194 193 194 193 189 190 190 188 189 191 192 192 195 197 195 195 195 193 192 195 196 196 196 195 192 191 190 189 190 189 188 189 190 191 193 

66 65 66 64 63 64 64 63 64 64 64 65 65 65 65 64 65 64 64 63 62 59 59 60 61 61 62 62 61 61 62 64 64 64 64 63 63 63 62 61 60 61 60 61 62 62 61 60 60 59 60 62 63 63 64 64 63 75 100 127 153 179 195 196 
67 65 66 65 63 63 63 62 64 63 63 64 64 64 65 64 64 63 64 63 63 61 61 62 63 64 64 63 63 62 62 64 64 64 63 63 63 64 63 62 62 61 61 61 61 62 61 61 61 60 60 62 63 64 66 66 65 75 100 126 152 178 193 195 
68 67 67 66 65 64 64 63 64 63 64 65 64 64 64 64 64 63 63 62 61 60 61 62 62 63 64 63 63 63 62 63 63 62 63 63 63 64 64 62 62 61 61 61 62 63 63 63 62 61 62 63 63 64 66 65 64 75 99 125 152 178 193 194 
66 65 66 66 66 65 65 64 64 63 64 65 64 64 64 64 63 63 63 62 61 60 61 61 62 63 64 63 63 64 63 63 62 62 63 64 64 65 64 63 62 61 61 62 63 64 64 64 62 62 63 64 64 65 67 65 64 76 101 126 152 178 192 193 
65 64 65 65 65 65 65 65 64 64 64 64 63 64 64 63 63 63 62 61 61 59 61 62 62 63 63 64 64 64 62 63 61 61 61 64 64 64 64 64 63 62 62 62 62 63 63 63 62 61 61 63 62 64 66 65 64 77 103 128 154 180 193 193 
64 64 66 66 66 65 66 65 65 66 65 65 64 64 64 63 63 63 62 61 60 59 61 61 61 63 63 62 63 63 61 62 62 61 61 63 64 64 64 65 65 63 63 63 63 64 64 65 63 63 63 63 62 64 65 64 64 78 104 129 155 181 193 193 
63 63 65 65 65 65 66 65 65 66 65 64 64 64 63 64 64 63 62 61 61 60 61 62 61 62 63 61 63 63 61 61 61 60 60 62 64 63 64 64 64 63 63 64 64 64 64 65 63 63 63 63 62 64 64 63 64 81 107 133 158 183 192 192 
61 62 63 63 63 65 65 65 66 67 65 64 64 64 64 64 64 63 62 63 63 62 63 63 62 62 62 61 63 63 62 62 62 62 62 63 65 63 64 65 65 64 64 64 63 63 63 64 61 61 61 61 61 63 64 63 66 84 111 136 161 185 193 192 
62 62 63 63 62 63 64 65 66 66 64 64 64 63 64 65 65 64 63 64 64 63 64 65 64 64 63 62 63 63 62 62 63 61 61 62 64 62 64 65 65 63 64 64 63 63 64 65 62 62 63 61 61 62 63 63 67 87 113 139 164 186 192 192 
62 62 62 63 62 63 64 64 65 65 64 64 64 63 63 64 64 64 62 64 65 64 65 67 66 65 64 62 63 62 62 62 64 62 62 62 64 63 64 64 64 63 63 63 63 63 64 65 63 64 64 62 62 62 62 62 68 90 117 142 167 187 191 191 
62 62 62 62 62 62 63 63 64 64 64 64 63 62 63 64 64 64 63 65 66 66 66 68 66 66 64 64 64 64 65 65 65 63 62 61 63 63 64 64 64 63 62 62 63 63 64 64 63 62 63 62 62 62 62 61 69 93 119 145 170 188 190 189 
62 61 61 62 62 62 63 64 65 64 65 65 65 64 65 64 65 65 64 65 66 65 66 67 66 65 63 63 63 64 65 65 64 65 63 63 63 64 65 65 63 63 62 62 63 63 64 63 63 62 63 62 63 63 62 61 71 96 123 148 173 189 190 189 
62 61 60 61 62 62 64 64 64 62 64 63 64 63 65 64 66 65 64 65 65 64 65 66 65 64 64 64 63 63 64 64 63 63 62 61 62 63 64 63 63 62 62 62 62 63 63 62 63 63 63 64 64 62 62 62 74 100 127 152 178 190 190 188 
62 62 62 63 64 64 63 63 63 61 63 63 65 64 66 64 66 65 64 64 65 63 65 65 64 63 63 63 62 62 64 64 63 63 63 62 63 64 65 63 64 63 63 63 63 63 62 61 62 62 62 63 64 63 63 63 79 105 132 158 183 191 190 188 
63 63 62 62 63 64 64 64 64 63 63 63 64 65 66 66 66 65 65 64 64 63 64 63 63 62 63 63 62 63 64 64 62 62 62 61 62 64 64 64 65 64 65 64 64 64 64 63 64 64 64 65 65 64 65 66 85 110 137 162 185 190 190 189 
63 62 62 62 63 63 63 63 62 60 61 62 63 64 66 65 66 65 65 64 64 63 63 62 63 62 63 63 63 62 64 62 61 61 62 63 64 64 64 64 65 64 64 65 64 63 63 62 63 64 65 65 65 64 65 70 93 119 146 171 190 192 191 190 
63 63 63 63 64 63 63 62 62 60 60 61 63 63 65 65 65 64 65 63 63 62 62 62 63 62 64 65 65 63 65 63 61 63 63 63 64 65 64 64 65 64 64 65 63 63 63 62 62 63 63 64 64 63 65 75 99 126 153 177 192 193 192 192 
64 64 65 64 65 64 64 63 62 61 62 62 63 63 64 64 64 64 64 63 62 62 63 62 64 64 64 64 65 64 65 63 62 63 63 63 64 64 64 64 66 65 65 64 63 62 63 63 62 64 64 64 63 63 66 81 106 134 161 184 194 194 193 193 
64 64 64 63 64 63 63 63 63 62 62 62 63 62 64 63 64 63 64 62 62 62 62 63 64 64 64 65 64 63 63 62 61 62 62 63 64 64 64 64 65 64 64 64 63 62 63 63 63 64 64 65 63 63 69 89 114 141 167 188 193 194 194 195 
64 64 64 63 64 62 62 62 63 61 63 62 63 62 64 63 64 64 65 64 64 63 63 63 64 64 64 65 65 64 63 63 62 63 63 64 65 66 66 65 66 66 65 65 64 63 62 61 61 62 62 64 63 64 75 98 123 150 175 191 193 193 194 195 
65 65 64 64 65 63 64 64 64 63 64 63 64 63 65 63 64 64 63 62 62 61 61 62 62 64 64 64 64 64 63 63 64 64 64 65 65 66 67 66 66 66 66 65 64 64 63 62 62 62 62 63 63 65 82 107 132 158 181 191 192 193 194 194 
64 65 65 65 65 64 63 63 63 62 63 63 63 63 65 63 65 64 64 63 63 62 62 62 63 65 64 64 64 62 62 63 65 64 64 64 64 65 65 65 66 66 65 65 64 64 63 63 63 63 64 64 63 68 89 114 140 166 186 193 193 194 195 196 
64 65 64 65 64 63 62 62 63 62 64 64 64 64 66 64 64 64 63 63 63 63 63 64 64 64 65 64 63 63 64 63 64 64 64 64 65 66 65 66 65 66 65 67 65 64 63 63 63 63 64 64 65 76 100 126 151 174 189 192 193 195 195 196 
62 62 63 62 62 62 61 61 61 61 62 64 64 64 66 65 65 65 65 64 64 63 63 64 64 65 66 65 65 65 66 66 66 66 66 64 65 65 65 66 66 66 65 66 65 64 63 63 63 63 64 63 68 84 110 134 160 182 191 193 194 195 195 196 
62 62 63 62 63 63 62 61 61 60 61 63 63 63 65 64 64 65 64 63 63 62 63 64 64 65 66 64 64 64 66 65 66 66 66 63 64 64 64 64 65 65 64 64 63 63 63 62 63 63 62 63 72 92 120 145 170 188 194 194 194 196 195 196 
62 63 63 63 63 63 62 61 62 61 62 63 63 63 65 64 65 65 64 63 63 63 65 66 66 65 66 64 64 63 66 65 66 65 65 63 63 63 63 64 65 65 64 64 63 62 62 62 63 63 62 66 80 103 131 156 178 191 193 193 194 195 195 195 
61 62 62 63 63 64 63 62 63 62 62 63 63 62 64 64 65 64 64 63 63 62 64 65 65 64 66 65 64 63 66 64 64 64 64 63 64 64 65 65 66 65 64 63 63 63 63 63 64 63 64 72 92 117 144 168 185 192 193 192 192 193 193 193 
61 61 62 63 62 64 62 62 63 63 62 62 62 61 62 63 64 64 64 63 62 62 64 65 65 64 65 63 62 62 64 63 64 63 64 64 64 64 66 66 66 66 64 62 63 63 63 62 63 62 67 80 103 129 156 176 188 192 191 190 190 191 191 191 
62 63 63 64 63 64 63 63 64 64 63 63 63 62 62 63 64 63 63 62 61 61 63 63 63 63 64 62 62 63 64 63 65 64 64 65 65 64 66 65 65 65 64 63 64 64 63 63 64 65 74 92 118 144 169 184 191 192 191 188 189 190 189 190 
63 64 63 64 63 64 62 63 65 65 64 64 64 62 62 63 64 63 63 63 62 61 63 63 63 62 63 62 62 63 64 64 64 63 63 64 64 64 64 64 64 65 63 63 64 64 63 64 66 70 85 107 133 159 180 190 193 192 190 188 189 189 190 190 
63 63 62 63 63 63 62 63 64 64 64 64 64 62 62 62 63 63 64 64 63 63 64 64 62 63 63 64 63 65 65 65 64 64 63 63 63 62 63 63 63 64 63 63 64 64 63 65 68 77 97 122 149 173 187 193 193 191 190 190 190 190 190 190 
65 64 63 61 62 61 61 62 63 64 65 65 65 64 63 63 63 62 63 64 65 64 65 64 62 63 63 63 64 66 65 66 65 64 63 64 63 62 63 64 63 64 64 63 64 64 63 65 72 87 110 137 162 182 192 194 193 193 191 191 190 191 190 191 
65 64 63 61 62 61 61 63 64 64 65 65 65 65 64 64 64 64 65 66 66 64 63 63 61 62 63 65 65 67 67 67 65 65 64 63 62 61 62 62 62 63 64 63 64 64 65 69 82 102 126 152 175 189 193 194 193 192 191 192 191 191 191 191 
66 65 63 62 64 62 62 64 65 64 66 65 65 64 62 62 62 62 64 66 66 66 65 65 62 63 63 65 65 65 64 65 63 63 63 62 61 61 62 63 63 63 63 63 63 64 67 76 94 117 142 165 182 190 192 193 192 192 191 192 191 191 191 192 
64 63 63 62 63 62 63 63 63 63 64 64 65 64 63 63 63 62 63 65 65 65 65 64 63 64 64 65 65 65 65 65 64 64 64 63 62 63 63 63 64 64 63 63 64 65 73 87 108 133 157 176 187 191 191 191 190 191 190 191 191 191 190 192 
63 62 62 62 62 62 62 63 63 63 63 64 64 63 62 63 62 62 63 64 64 64 64 64 62 63 64 64 64 64 64 64 63 64 64 63 63 63 64 64 64 63 63 62 64 69 83 102 127 151 171 185 191 191 191 191 190 190 189 190 189 190 190 191 
62 63 63 63 64 63 63 63 63 63 63 63 63 63 62 63 63 63 63 64 63 62 63 63 62 63 63 63 62 63 64 63 62 63 64 62 63 63 63 62 64 63 63 64 67 77 96 120 145 166 181 189 190 189 189 189 188 188 188 190 189 191 190 192 
63 63 63 63 63 63 63 63 62 63 61 62 63 62 61 62 62 62 62 63 63 62 63 63 62 62 63 63 63 63 64 63 62 63 64 62 63 63 63 62 63 62 63 66 75 90 113 140 162 178 189 192 190 190 189 189 188 188 189 190 189 191 191 192 
62 62 62 63 63 62 62 63 61 62 60 60 60 62 61 63 63 63 62 62 62 61 62 63 61 62 63 64 63 65 65 64 63 62 63 61 62 62 63 63 64 62 64 73 87 107 132 157 173 185 190 191 190 190 190 190 188 188 189 190 190 192 192 192 
63 63 63 64 63 63 62 63 61 62 61 63 62 63 63 63 63 64 63 62 62 62 61 62 61 62 63 64 64 65 65 64 64 62 63 62 63 62 62 62 62 63 72 86 105 129 153 171 183 189 191 192 191 191 192 192 190 190 191 190 190 190 190 190 
64 64 64 64 64 63 62 62 61 62 62 62 63 64 64 64 64 64 63 63 64 63 62 63 62 63 63 65 65 65 64 63 63 61 62 62 64 62 62 62 65 72 86 106 128 151 168 182 187 190 191 191 191 191 192 191 190 190 191 190 190 191 191 191 
64 64 64 64 64 63 63 62 62 63 62 62 63 63 63 63 63 63 63 63 64 64 64 64 62 63 63 65 65 66 65 64 63 61 61 61 62 61 62 64 72 85 104 127 151 169 181 189 191 191 191 191 192 192 193 192 192 192 192 191 191 191 190 189 
64 64 64 64 64 64 64 63 64 64 63 63 63 63 65 64 63 63 63 62 64 65 65 65 64 64 64 65 65 67 65 65 64 63 61 62 62 61 63 71 84 102 127 151 169 183 190 192 191 191 190 191 192 192 194 193 194 193 193 191 191 190 189 189 
65 65 66 65 64 64 64 63 65 65 64 64 64 64 64 64 64 65 64 64 66 66 65 65 64 64 63 65 65 67 64 64 62 62 60 61 63 65 73 86 103 126 150 169 182 191 194 194 193 193 193 192 192 193 194 194 195 194 194 191 190 189 189 188 
63 64 64 64 63 63 63 63 65 66 66 64 64 62 62 62 63 63 63 64 65 66 65 65 65 65 64 65 65 65 63 62 61 61 59 62 66 75 87 106 128 150 168 181 190 193 194 194 195 193 194 192 192 192 193 193 193 192 192 191 190 191 191 191 
63 63 63 63 62 63 64 64 65 66 65 63 62 61 61 61 63 63 64 63 65 65 64 64 64 64 64 65 64 64 63 61 60 61 61 68 77 91 108 130 150 167 181 189 192 192 194 194 194 193 193 191 191 192 192 193 193 193 192 192 191 191 191 191 
63 64 63 63 62 63 62 64 65 66 65 65 63 62 62 62 62 63 64 64 64 65 63 63 64 64 64 66 65 64 63 62 61 65 71 82 97 114 134 154 169 180 188 191 191 191 193 193 193 194 194 193 192 193 192 192 192 192 191 191 190 191 191 191 
63 62 62 63 62 62 62 64 64 64 64 64 63 61 61 61 62 63 64 66 65 65 63 63 63 63 63 66 65 64 63 62 65 73 85 101 121 141 160 174 183 188 191 190 190 189 193 193 193 194 195 193 192 193 192 192 191 192 191 192 191 191 191 191 
64 64 63 64 63 63 62 64 64 63 63 63 62 61 60 62 62 62 64 65 64 65 64 63 63 63 65 65 64 65 67 70 78 91 107 127 147 163 177 186 190 191 191 190 190 190 192 193 193 193 194 193 192 192 192 191 190 190 190 191 191 191 191 192 
66 65 65 65 65 64 63 64 64 63 62 63 62 61 61 62 62 63 65 66 65 65 66 65 64 63 65 65 66 70 77 85 99 115 133 151 169 180 189 192 192 191 191 190 189 191 192 192 192 192 193 193 192 192 192 191 190 190 191 192 192 191 191 191 
67 67 66 66 66 65 64 64 63 62 61 62 62 62 62 62 62 62 63 64 64 65 65 65 64 63 65 68 75 85 98 110 126 142 158 171 183 189 194 193 193 191 190 189 188 189 191 192 192 193 194 193 193 192 193 191 191 190 190 191 191 190 191 190 
67 66 66 65 65 64 63 62 61 61 61 61 60 61 61 61 62 63 63 63 64 65 66 66 65 67 73 80 92 108 122 136 151 164 175 184 189 192 195 193 193 192 191 189 189 191 192 192 192 192 192 191 192 190 191 190 191 190 191 191 191 190 190 191 
67 68 67 66 65 64 63 62 62 61 61 61 60 62 62 62 61 63 62 62 64 66 68 71 75 82 92 103 116 132 146 159 172 180 187 190 191 191 193 192 192 192 192 190 191 192 192 192 192 192 192 191 192 191 190 190 190 189 189 190 190 190 189 190 
66 67 67 66 64 64 63 63 62 62 62 63 61 63 63 62 62 64 62 64 67 71 78 86 95 105 117 128 142 156 167 177 184 187 190 191 190 190 192 191 191 192 192 191 193 193 193 192 192 192 191 191 191 191 190 190 190 190 190 190 191 190 190 190 
64 66 65 65 64 65 64 64 64 64 63 63 62 63 63 63 64 67 69 74 83 91 101 111 121 132 142 155 166 177 182 187 189 189 189 190 189 189 191 190 190 192 192 191 193 194 193 192 193 192 191 190 191 189 188 188 189 190 190 190 191 191 190 190 
63 64 63 64 64 65 64 65 66 66 65 65 65 66 67 71 75 82 89 98 108 117 126 137 147 158 168 176 183 188 188 189 189 189 189 190 189 189 191 190 189 191 192 191 194 195 193 192 192 192 191 191 190 190 188 188 188 189 190 190 191 191 190 190 
64 65 64 64 63 64 65 67 69 72 73 75 78 82 87 94 100 108 115 123 133 142 152 162 171 179 186 190 190 192 191 189 189 189 189 190 190 190 191 190 189 191 192 191 193 194 192 191 192 191 191 191 191 191 190 190 190 191 191 191 191 191 191 190 
73 75 75 76 77 78 81 84 88 93 96 100 104 109 113 121 127 134 141 150 159 167 175 181 186 189 192 193 192 193 192 190 189 189 189 190 190 189 190 190 189 190 192 191 193 193 191 191 192 190 191 192 191 190 191 191 191 191 193 193 192 192 192 190 
98 99 99 100 102 103 106 109 113 119 122 126 131 136 139 146 152 160 167 174 181 187 188 190 190 191 192 193 193 193 193 191 190 190 190 191 192 191 192 191 190 190 191 190 192 192 190 191 192 190 190 192 191 190 190 191 190 191 192 192 190 190 190 188 
125 124 125 125 127 128 131 134 137 142 146 150 155 162 165 172 177 182 185 189 190 192 190 189 189 190 192 194 194 195 193 191 190 189 190 191 193 192 193 192 191 191 192 191 191 191 190 190 192 191 192 193 192 192 191 193 192 191 192 193 191 191 191 190 
150 150 151 152 154 154 156 159 161 167 171 175 179 184 187 190 190 191 191 191 191 193 192 190 190 191 190 192 194 195 193 192 191 189 190 191 192 192 193 192 191 191 193 191 192 192 190 190 192 191 191 193 193 192 192 194 193 193 192 192 191 191 191 191 
174 174 175 176 179 181 182 184 185 188 190 192 194 195 194 193 192 192 191 191 191 193 191 190 190 191 190 192 194 194 192 192 191 189 190 191 191 191 192 192 191 192 194 192 193 193 192 192 194 194 194 195 194 193 192 192 192 192 191 191 190 190 190 190 
188 189 189 190 191 192 192 192 192 193 192 193 194 194 194 192 191 191 190 190 190 193 191 191 190 192 190 191 194 194 191 192 191 189 190 191 191 191 192 192 191 192 194 192 192 193 192 192 194 195 194 195 193 193 192 192 191 192 190 190 190 190 190 190 
189 189 189 189 191 192 191 192 191 191 190 191 192 193 194 191 191 190 189 188 189 193 192 191 191 193 189 191 193 194 192 193 192 190 190 191 189 189 190 190 190 192 194 192 192 193 193 193 195 196 196 196 194 195 193 192 192 193 191 190 191 191 192 193 

66 65 66 63 63 64 63 63 65 65 65 66 66 65 63 63 64 63 63 63 63 60 61 62 63 63 63 63 62 62 63 64 65 65 63 62 62 62 61 61 61 61 61 63 63 62 60 60 59 59 60 63 63 63 64 64 63 79 104 130 156 182 192 194 
66 65 66 64 63 64 63 62 64 63 63 64 64 64 63 63 63 63 63 64 63 61 61 63 63 64 63 63 62 62 62 64 64 64 63 63 63 63 62 62 62 62 62 63 63 63 62 61 60 60 61 62 63 64 65 65 64 79 104 130 155 181 191 193 
66 66 66 65 65 64 63 63 64 63 64 65 64 64 63 63 64 63 62 63 62 60 61 62 62 63 63 62 62 62 62 64 64 63 63 64 63 64 63 62 62 62 62 63 63 63 63 63 61 61 62 63 63 64 65 65 65 80 105 131 157 182 191 193 
66 66 66 66 66 65 63 64 64 64 64 65 65 64 63 63 64 63 63 62 62 60 61 61 62 62 63 63 63 62 62 63 63 62 62 63 63 64 63 63 62 62 61 63 63 64 64 64 62 61 63 64 64 66 66 64 65 81 107 133 158 182 191 192 
66 66 66 66 66 65 64 64 63 64 64 65 64 64 63 63 64 62 62 62 62 59 61 61 62 63 63 63 63 63 61 63 62 61 62 63 64 64 63 63 62 61 61 62 62 63 63 64 61 60 61 62 62 64 65 64 66 84 110 136 161 184 191 192 
66 66 66 66 66 65 65 65 65 66 66 65 65 64 63 63 64 63 62 62 61 59 60 61 61 62 62 61 61 61 60 62 62 61 62 63 64 63 64 65 64 63 63 62 61 62 63 65 63 62 62 63 62 63 63 63 66 85 112 138 164 185 192 192 
65 65 65 65 65 65 65 65 65 67 66 65 65 64 63 63 64 62 62 62 62 60 62 62 62 62 63 61 62 62 61 61 61 60 61 62 63 62 63 63 63 62 62 62 61 62 62 64 62 62 62 62 62 63 63 62 68 89 116 142 167 187 191 191 
63 63 64 64 63 64 65 65 66 67 66 65 65 64 64 64 64 63 62 63 63 62 63 64 63 63 63 62 62 62 61 61 62 61 61 62 64 62 63 64 64 62 63 62 61 62 61 63 60 60 61 61 61 63 63 63 70 93 119 145 170 189 191 191 
62 62 62 62 62 63 64 65 65 67 65 64 64 63 64 65 65 64 63 64 64 63 64 64 63 64 64 63 63 63 62 62 62 61 61 62 63 62 63 64 63 62 63 62 61 61 61 63 61 60 61 61 60 61 62 63 72 95 122 147 171 188 190 190 
61 61 62 62 62 63 64 64 65 65 64 64 64 63 63 64 65 64 63 65 64 64 65 66 65 65 65 63 63 62 62 62 62 61 61 61 62 62 64 64 63 62 62 62 61 61 61 63 61 62 63 62 62 62 62 62 72 97 124 149 174 189 189 189 
61 60 61 60 61 61 62 63 63 63 63 63 63 63 64 64 65 64 64 65 65 65 66 67 67 66 66 65 64 64 64 64 63 62 61 60 61 62 63 63 62 62 60 60 60 61 61 62 61 61 62 62 62 62 63 63 75 101 128 153 177 190 189 188 
60 60 60 60 61 62 63 64 64 63 64 64 64 64 65 65 66 65 64 65 65 65 65 66 65 64 63 64 63 65 65 65 64 64 62 62 62 63 64 63 63 62 61 61 61 61 62 61 61 62 63 63 64 63 64 64 79 105 131 156 180 189 189 188 
60 60 60 60 61 62 63 63 63 62 62 62 63 63 64 64 66 65 64 65 65 63 63 64 63 63 63 63 63 64 65 64 63 63 62 61 61 63 63 62 62 62 61 61 61 61 61 61 62 62 63 64 64 62 63 65 83 109 136 160 182 190 189 187 
61 62 61 62 63 64 63 63 62 61 62 62 64 64 64 64 65 65 64 64 64 63 63 63 62 62 63 62 62 63 64 64 63 64 63 62 62 64 64 62 63 63 61 61 62 62 60 61 61 62 63 64 65 63 64 68 88 114 142 166 187 191 190 188 
62 62 62 61 62 64 64 64 63 63 62 63 65 65 65 64 64 64 64 63 63 62 62 61 61 61 62 62 63 64 66 65 63 63 63 62 63 64 64 63 63 63 62 63 63 63 62 63 63 63 64 65 66 65 66 72 94 120 147 171 189 191 190 189 
62 62 62 62 63 64 63 63 62 61 61 61 63 62 63 63 63 63 64 65 63 63 63 61 61 60 61 62 62 63 65 63 62 63 64 64 65 65 64 63 64 63 63 64 63 63 62 62 62 63 64 65 66 65 66 77 102 127 154 178 191 192 191 190 
62 62 62 61 63 64 64 63 63 61 60 61 61 61 62 63 63 63 65 64 63 62 63 61 63 62 63 64 64 63 65 64 63 64 65 64 65 65 64 63 64 63 63 63 62 63 62 62 62 63 63 64 64 64 68 82 107 133 160 182 192 192 192 192 
63 64 64 63 65 65 64 64 64 63 62 63 63 61 62 63 62 63 65 64 63 63 63 62 64 64 64 65 65 64 66 65 63 64 64 64 65 65 65 65 65 64 63 63 62 63 63 63 62 63 63 64 64 64 70 89 114 141 167 188 193 193 193 193 
63 63 64 62 64 64 64 64 65 63 63 63 63 61 62 62 62 63 64 63 63 63 63 63 64 64 64 65 65 65 65 64 63 63 63 64 65 64 64 64 63 63 62 63 62 63 63 64 64 63 63 64 63 64 74 97 121 148 174 190 192 194 194 194 
63 63 63 63 64 63 64 64 65 63 64 63 62 60 62 62 63 64 66 65 65 64 63 62 63 63 63 65 65 65 65 65 63 63 64 65 65 65 65 65 64 64 64 63 63 63 62 62 62 61 62 63 61 64 80 105 131 158 182 193 193 194 194 195 
64 64 64 64 65 64 65 65 66 64 65 64 64 62 63 62 64 63 64 63 63 61 61 61 62 63 64 65 65 66 65 65 65 64 63 64 64 64 65 65 64 64 64 63 64 64 64 63 64 62 62 63 62 68 88 114 139 165 186 193 192 193 194 194 
64 65 65 65 64 64 63 64 64 63 64 64 64 62 63 62 63 62 63 63 63 62 62 62 62 64 64 65 65 65 65 65 65 63 62 62 63 63 64 65 65 65 65 64 64 64 63 64 64 64 63 63 63 72 97 122 149 173 190 194 193 195 195 196 
63 63 64 64 64 63 63 63 64 63 65 65 65 64 64 62 63 61 61 61 62 61 62 63 63 64 65 64 64 65 64 64 64 63 61 62 62 63 64 65 65 65 64 65 65 64 63 64 64 64 64 64 67 81 108 133 159 181 192 193 194 196 197 198 
62 62 62 62 61 62 62 62 62 62 63 64 64 63 65 63 63 63 63 62 62 61 62 62 63 64 66 65 65 65 66 65 65 64 63 62 63 63 65 65 66 66 65 66 64 63 62 62 63 63 64 65 73 91 119 144 168 186 193 193 194 195 195 196 
62 62 63 61 61 62 62 61 62 61 62 63 63 63 64 63 63 63 62 61 61 61 62 63 65 65 66 65 65 64 65 64 65 64 64 62 62 63 64 65 66 66 65 65 63 62 62 62 64 63 64 67 81 102 129 155 177 190 193 193 194 195 195 195 
63 63 63 62 62 63 62 62 63 63 62 63 63 62 64 63 63 63 62 61 62 61 63 64 65 66 66 64 64 62 64 63 64 63 64 62 62 63 64 64 66 66 64 65 64 62 62 63 63 63 64 72 90 113 141 165 183 191 193 193 194 195 194 195 
60 61 62 62 63 64 64 63 64 63 62 62 62 62 63 63 63 64 64 62 62 60 63 64 65 64 66 64 63 62 63 62 63 62 64 63 64 64 65 65 66 65 64 64 64 63 63 62 63 63 67 80 103 128 153 175 187 191 192 191 192 193 193 192 
61 61 61 61 61 63 62 62 63 62 61 61 61 60 61 62 63 64 64 63 62 62 63 64 65 65 66 64 63 61 63 62 63 63 65 65 65 65 67 66 66 65 64 63 64 63 64 64 65 64 72 90 115 140 165 183 190 191 191 190 190 191 191 190 
62 63 63 63 63 64 63 63 64 63 63 63 62 61 62 62 63 63 63 63 62 62 63 64 64 63 64 63 62 61 63 63 64 64 66 66 65 65 66 64 65 65 64 63 65 64 65 64 65 67 80 102 128 154 176 188 192 191 190 189 190 190 191 190 
63 63 62 63 63 63 62 64 65 64 64 63 63 61 62 63 63 63 63 63 62 61 62 63 63 63 63 62 61 62 63 63 64 63 64 65 65 65 66 64 64 64 63 62 64 64 65 65 67 74 92 116 143 168 185 192 193 192 190 190 190 190 191 191 
62 62 62 62 63 63 62 63 64 63 63 63 63 61 60 62 62 63 63 65 63 63 63 64 63 63 63 64 63 63 64 65 64 64 64 64 64 63 64 63 62 63 62 61 64 64 65 66 72 83 106 132 157 179 191 193 192 191 190 190 191 192 192 192 
64 63 62 61 61 61 61 62 64 64 64 64 64 63 61 63 63 63 63 65 65 64 64 63 62 63 63 64 64 65 64 65 65 64 63 64 63 63 64 64 63 64 64 63 64 65 65 69 79 96 120 146 169 186 193 193 193 192 190 191 191 191 191 192 
65 64 63 62 62 62 62 63 64 64 64 65 65 65 64 64 64 64 64 66 65 64 62 62 60 61 62 64 64 65 65 66 64 64 63 63 62 62 62 63 63 64 64 63 64 64 66 73 89 111 136 160 180 191 193 192 191 190 189 190 191 191 192 193 
64 64 63 62 63 63 63 64 65 65 64 64 64 63 62 62 62 63 64 66 66 65 64 64 62 63 64 65 65 65 64 65 63 62 62 62 61 61 62 63 63 64 64 63 63 65 70 82 103 127 151 172 186 191 191 190 190 190 189 191 191 192 192 194 
63 63 63 63 63 63 64 63 64 64 63 64 65 64 63 64 63 63 64 66 66 65 65 65 63 64 65 66 66 66 65 65 63 63 64 63 62 62 63 63 64 64 65 64 64 68 78 95 119 145 166 182 190 191 189 189 188 189 188 190 190 191 191 193 
62 61 62 62 61 62 63 62 63 63 63 64 65 64 64 64 63 63 64 65 65 65 65 64 62 63 64 66 65 66 65 65 63 63 64 63 62 63 64 64 65 64 65 64 66 74 91 112 137 160 177 188 191 190 189 189 188 188 187 189 188 190 190 192 
62 63 63 63 63 64 63 62 63 63 62 64 65 65 64 65 63 64 64 64 64 64 63 63 61 62 63 63 63 64 65 64 62 64 65 63 63 62 62 62 63 62 63 64 71 84 105 131 154 173 186 190 190 189 188 188 187 187 188 190 189 190 191 192 
62 63 63 64 64 64 63 62 63 63 61 62 63 63 62 64 62 63 63 64 63 64 64 64 62 63 63 63 63 64 64 64 62 63 64 62 62 62 62 61 63 62 64 69 81 99 124 149 169 183 190 192 190 189 188 188 188 188 189 190 190 191 191 192 
62 63 63 64 64 63 62 61 61 61 59 61 61 62 62 63 62 63 62 62 63 63 63 63 61 62 62 63 63 64 65 64 63 63 64 62 63 63 62 62 63 62 66 77 95 117 143 165 180 188 192 192 191 191 190 190 188 187 188 189 189 190 192 192 
62 63 63 64 64 64 62 62 61 61 61 62 62 63 63 63 63 64 63 63 62 63 62 62 60 61 62 64 64 67 66 65 64 63 63 62 63 62 62 62 63 65 76 92 114 138 160 177 187 190 191 191 191 191 191 191 189 187 189 189 188 189 190 189 
64 65 65 65 65 63 62 61 60 61 61 61 62 64 64 63 64 65 64 63 64 63 63 63 61 62 63 64 65 67 66 64 63 62 62 62 63 63 62 63 67 76 91 113 136 157 174 186 190 190 192 192 192 192 192 191 190 189 189 188 188 188 188 188 
63 64 64 64 65 64 63 62 61 61 61 61 62 63 64 62 63 63 63 63 65 65 64 64 62 63 64 65 66 68 67 65 64 62 60 61 61 61 64 68 77 91 112 135 157 173 184 190 191 191 192 193 193 193 193 192 191 190 190 189 189 189 189 189 
64 64 64 64 65 64 63 63 63 63 63 63 63 64 65 63 63 63 63 62 64 64 65 65 63 63 64 65 66 69 68 66 65 63 61 62 63 62 67 76 90 110 134 156 173 184 190 192 192 191 192 192 193 192 193 192 192 191 191 189 189 188 188 188 
65 66 66 65 65 64 64 63 64 64 65 64 64 65 65 64 65 65 64 64 65 65 64 64 63 64 65 66 67 69 67 65 63 63 61 62 65 69 79 94 113 135 157 173 184 190 192 192 192 192 193 192 192 192 193 192 193 193 192 190 189 189 187 188 
64 65 65 64 64 63 63 63 64 65 65 64 63 63 63 62 63 63 63 63 65 64 65 64 64 65 65 66 66 67 65 63 62 61 60 64 70 81 96 116 137 157 173 184 190 191 193 193 194 193 194 193 192 192 193 192 193 193 191 190 190 191 190 191 
64 64 64 64 64 64 64 64 65 66 65 63 62 61 61 61 63 63 64 64 64 64 64 63 63 64 64 65 65 65 64 62 61 62 64 72 84 99 118 139 158 174 185 190 193 192 193 193 193 193 192 191 191 191 192 193 193 193 192 191 191 192 191 192 
64 65 65 64 63 64 63 64 65 66 65 65 63 63 63 62 63 63 64 64 63 64 63 63 63 64 64 66 65 64 63 61 62 67 76 90 107 125 144 161 174 184 190 192 192 192 193 193 192 193 192 191 191 192 191 192 192 192 191 191 190 191 191 191 
64 63 64 64 63 63 63 64 64 64 64 63 62 61 62 63 64 63 65 65 64 64 64 63 64 64 64 66 64 63 63 63 69 79 93 110 131 150 167 178 187 191 192 191 192 192 194 193 192 193 193 191 190 191 191 192 191 192 191 191 190 191 191 192 
64 63 63 63 63 63 63 64 65 64 64 63 63 61 61 62 64 62 65 66 64 64 65 64 64 64 65 64 63 64 68 73 84 99 116 136 155 169 181 188 190 191 192 192 192 192 193 194 193 193 193 191 190 191 192 192 191 192 191 191 191 191 191 192 
65 64 64 63 63 63 63 64 64 63 63 63 62 61 62 63 64 63 65 65 65 64 66 64 64 64 65 64 67 73 81 92 107 124 142 160 174 183 191 192 191 191 192 192 192 193 193 193 191 193 192 191 191 192 192 192 191 191 191 191 191 191 191 191 
67 66 65 64 63 63 63 63 63 62 62 62 62 62 63 63 63 62 63 63 64 64 66 66 65 65 68 72 79 91 104 118 134 149 165 177 186 190 194 192 192 191 191 190 190 191 192 193 193 193 193 191 191 191 191 191 191 190 190 191 191 191 191 191 
67 66 65 64 63 63 62 62 62 61 62 61 61 62 62 62 63 63 63 63 64 65 66 67 68 72 80 89 101 116 129 143 158 169 179 186 189 191 194 192 192 191 191 190 190 191 192 193 193 193 192 190 191 190 189 190 191 190 190 191 191 191 191 192 
68 67 66 64 63 63 61 61 61 61 62 62 62 63 63 62 62 63 62 63 64 67 70 75 80 91 101 113 126 140 153 166 176 182 188 190 190 191 193 192 192 191 192 190 191 193 193 192 192 192 191 191 192 191 190 190 190 189 189 190 190 190 190 191 
66 67 66 64 64 64 62 62 62 61 62 63 62 63 64 63 62 63 64 65 70 76 84 92 103 115 127 139 153 164 173 181 185 187 190 190 190 190 192 191 191 191 192 192 194 195 194 192 192 191 190 190 191 190 189 189 189 189 189 190 191 191 192 192 
63 65 64 63 63 64 63 63 63 62 62 62 61 63 63 65 66 70 75 81 90 99 109 118 129 141 152 164 174 182 185 188 188 188 189 190 189 189 191 190 189 190 191 191 194 195 194 192 192 191 190 190 190 189 187 187 187 188 188 190 191 192 192 192 
62 63 63 63 64 64 64 64 65 64 64 66 68 70 73 77 83 91 99 108 117 125 134 144 154 165 175 182 187 189 189 188 188 188 190 190 190 190 191 190 189 190 191 192 194 196 194 192 191 191 190 190 190 191 188 188 187 188 189 190 190 192 191 191 
61 62 63 64 65 67 69 72 73 75 77 80 84 89 94 101 108 115 124 133 142 150 159 168 177 184 189 192 192 191 191 189 189 189 191 190 191 191 192 190 189 190 192 192 194 195 193 192 191 190 191 191 191 192 190 189 189 190 190 191 190 192 191 190 
76 77 78 81 84 87 91 95 96 100 103 106 110 116 120 128 135 141 150 159 167 174 181 185 189 191 193 194 192 193 192 190 190 190 191 190 191 191 192 190 190 190 192 192 194 194 192 191 190 189 190 191 190 190 190 189 190 190 191 192 191 193 193 192 
100 102 103 106 109 112 116 120 122 126 130 133 137 143 146 154 160 167 175 182 186 189 190 191 191 192 193 193 192 193 192 191 191 191 191 191 192 192 194 192 191 192 193 191 193 194 191 191 191 190 190 191 190 190 190 191 191 191 192 193 191 192 191 190 
129 129 130 132 135 137 141 144 146 150 153 157 162 168 172 178 182 186 189 191 191 192 190 190 190 192 193 194 193 194 193 191 191 191 192 192 194 193 195 194 192 192 193 191 192 193 191 191 192 191 192 192 191 192 192 193 193 193 193 193 192 192 192 192 
154 154 156 159 161 162 167 170 171 175 178 181 183 187 189 192 191 192 192 192 191 193 192 191 192 192 192 194 194 194 193 193 192 192 192 192 193 192 194 194 193 193 194 192 192 193 191 192 192 192 191 193 192 192 192 194 194 194 194 193 192 193 192 192 
179 179 180 181 183 184 187 188 189 191 191 192 193 194 194 194 193 193 193 192 192 194 192 191 192 193 191 193 193 192 191 191 192 191 191 191 192 191 192 194 193 193 194 193 192 194 192 192 193 194 194 195 193 193 192 192 192 193 193 192 192 192 191 191 
189 189 189 189 190 190 191 191 191 192 191 192 192 193 193 193 192 193 192 191 191 193 191 191 192 193 191 192 193 192 191 191 192 190 190 191 191 191 192 194 193 194 194 193 192 194 192 193 194 195 195 195 193 194 193 193 193 194 192 192 191 191 190 190 
189 188 188 188 189 190 190 191 189 190 188 189 189 191 193 192 192 192 191 190 192 194 193 193 194 194 191 192 192 192 191 192 193 191 190 190 190 190 190 192 192 193 193 193 191 193 192 193 194 196 196 196 194 196 193 192 192 193 191 190 191 192 191 191 

64 63 64 61 61 63 63 63 64 65 65 67 66 65 64 63 63 63 64 63 63 61 62 64 66 64 64 63 62 62 62 64 65 66 64 64 63 62 61 61 61 62 63 64 64 63 62 61 60 59 60 62 64 63 64 66 69 89 116 141 165 186 191 191 
65 63 64 62 62 62 63 63 64 64 64 65 65 63 63 62 63 63 64 64 63 62 63 64 66 65 64 64 63 62 61 64 64 64 63 64 63 64 62 63 63 63 64 65 64 63 63 62 61 61 61 63 63 64 65 66 70 89 115 141 165 186 191 191 
64 63 64 63 63 63 64 64 64 64 64 65 64 64 63 63 64 63 64 63 62 61 62 63 64 64 64 63 63 62 62 64 64 64 63 64 63 63 62 62 63 62 63 64 63 62 63 62 62 61 62 62 63 63 65 66 70 90 116 142 166 186 191 191 
65 64 65 65 65 65 64 65 64 65 65 66 65 64 63 63 64 64 65 64 63 62 62 63 64 64 64 63 63 62 62 63 64 64 64 64 63 63 62 62 62 62 62 63 63 62 63 63 62 62 64 63 64 65 66 65 71 91 117 143 167 187 190 190 
66 65 66 66 66 65 65 66 65 65 65 65 64 63 62 63 64 64 64 62 62 61 62 63 64 64 64 63 63 62 61 63 63 63 63 64 64 63 62 62 62 61 62 62 62 62 63 62 61 61 62 61 62 63 64 64 71 94 120 146 171 189 191 191 
65 65 66 65 65 65 65 65 66 67 66 65 64 63 61 63 64 64 64 64 62 61 62 62 63 63 63 62 62 62 61 62 63 63 63 63 64 62 62 63 64 62 63 62 61 61 61 62 62 62 62 62 62 62 62 62 72 95 122 148 173 190 192 192 
65 66 66 65 65 65 65 66 66 68 66 65 65 64 62 64 64 63 62 63 63 62 63 64 63 63 64 62 62 62 62 62 64 63 63 63 64 61 61 62 63 62 62 61 60 59 60 61 60 61 62 62 62 62 62 61 72 97 125 151 176 191 191 190 
64 65 65 64 64 64 64 65 66 68 66 65 65 63 62 64 64 62 62 63 63 63 64 65 65 64 65 63 63 63 63 63 64 64 63 63 65 62 62 63 63 62 63 62 60 60 60 61 60 60 61 61 61 62 62 61 74 100 127 153 179 192 192 191 
63 64 64 64 63 63 63 64 65 67 65 64 64 63 63 64 63 62 63 64 64 64 65 65 65 65 65 64 64 64 64 64 64 63 62 62 64 62 63 63 63 62 63 62 60 60 60 61 60 60 61 61 61 61 61 62 76 103 130 156 180 192 192 192 
62 63 63 63 63 63 64 64 64 65 64 63 64 62 62 64 63 62 62 64 65 64 66 67 67 66 66 65 65 65 65 64 64 63 62 62 63 62 63 64 63 62 62 61 60 60 60 61 61 62 64 63 63 62 62 63 78 104 131 157 181 190 190 190 
62 62 62 61 62 61 63 63 63 63 64 63 64 64 64 64 65 63 63 64 65 65 66 68 68 67 67 67 66 66 67 66 65 64 62 61 61 62 63 62 62 62 61 61 60 60 61 61 61 62 63 63 63 63 63 66 82 108 135 160 182 191 191 190 
61 61 61 61 62 62 63 64 64 63 64 64 64 64 64 64 65 64 65 65 65 64 66 66 67 66 66 66 65 65 66 66 65 65 64 62 62 63 63 61 61 62 61 61 62 62 62 62 62 63 64 64 64 64 64 68 89 114 140 165 185 190 190 189 
61 61 61 60 62 62 63 63 63 62 63 63 64 63 64 64 65 64 65 65 65 63 64 65 65 64 65 65 64 64 66 66 65 65 64 62 61 62 62 60 61 62 61 62 62 62 62 61 62 63 64 64 64 63 64 71 93 118 145 168 186 189 189 187 
61 61 61 61 63 63 64 64 64 63 63 62 64 64 64 64 65 64 64 64 64 63 64 64 65 64 65 64 62 63 65 65 64 66 65 63 62 63 63 61 62 63 62 62 63 63 61 61 62 62 63 64 65 64 65 74 98 123 150 173 189 190 189 187 
61 61 60 61 62 64 64 64 64 64 63 64 65 64 65 65 65 64 64 63 62 62 63 63 64 63 64 64 63 64 66 65 64 65 65 63 63 63 64 62 63 63 62 63 63 64 63 63 63 63 64 64 65 64 67 79 105 130 156 178 190 190 190 189 
62 62 61 61 62 63 63 63 63 62 61 62 63 62 63 64 64 64 65 65 64 64 64 63 63 62 63 63 63 63 65 64 64 65 66 65 65 64 64 64 64 64 64 64 63 64 62 62 62 62 63 64 65 64 69 86 112 137 164 183 191 191 190 189 
62 61 61 61 63 63 63 64 63 62 61 62 62 61 62 63 63 63 65 64 63 64 65 63 64 63 64 64 64 65 66 65 64 65 66 64 65 65 65 64 64 63 63 64 62 63 63 62 62 62 62 64 64 64 72 91 116 142 168 185 191 192 191 191 
62 62 62 62 64 64 64 64 64 63 62 63 62 60 62 63 62 64 66 64 63 64 65 64 64 64 64 64 65 65 66 65 63 64 64 64 65 65 66 66 65 64 64 64 63 64 63 63 62 62 63 64 65 65 76 98 123 149 174 190 192 193 192 192 
62 62 63 62 64 64 64 64 64 63 63 64 63 61 62 62 62 63 65 64 64 64 64 63 63 64 63 64 65 65 65 65 63 63 64 65 65 65 64 65 64 63 63 64 63 64 64 64 63 62 63 64 64 67 82 107 131 157 180 191 192 193 193 193 
62 63 63 62 65 64 64 64 66 63 64 64 63 61 62 62 63 64 66 66 66 65 65 63 63 62 62 63 64 65 64 64 63 63 65 65 65 66 65 64 63 63 63 63 64 64 63 62 62 61 62 63 64 69 89 114 139 166 186 192 192 193 192 193 
62 63 63 64 66 66 66 66 67 65 66 66 65 63 64 62 63 63 64 64 64 63 62 62 63 63 63 64 64 65 65 65 64 64 64 65 64 65 64 64 63 62 63 63 64 64 65 63 64 62 63 63 65 74 97 122 148 172 188 192 192 193 193 194 
63 63 63 64 65 64 64 64 65 63 65 66 65 63 64 62 63 63 63 63 64 63 62 62 62 63 63 63 64 64 63 64 64 64 63 63 63 63 62 64 63 63 64 64 64 64 64 64 64 63 63 62 66 81 106 132 159 181 192 193 193 193 193 194 
63 62 63 63 64 63 64 64 66 64 66 67 66 65 65 62 63 62 62 62 63 63 63 63 63 64 64 63 63 63 63 63 64 64 62 62 62 62 62 63 63 63 64 64 64 64 63 63 64 63 63 64 72 90 117 143 169 186 193 193 193 194 195 196 
63 61 62 61 62 61 62 63 64 63 65 66 65 64 65 63 63 63 64 63 63 62 63 63 64 64 65 64 64 64 65 64 66 65 64 63 63 63 63 63 64 65 65 65 64 63 63 62 63 63 64 67 80 101 128 153 177 190 194 193 193 193 194 194 
62 61 61 61 62 61 62 63 63 62 64 64 63 63 64 62 62 63 62 61 62 61 62 63 64 65 67 64 65 64 64 64 65 65 64 62 62 62 62 64 66 66 66 66 65 63 63 63 63 64 65 71 89 112 140 165 184 193 194 193 193 194 194 194 
64 63 63 62 62 62 63 64 64 63 64 63 63 63 64 62 62 63 62 61 62 62 64 64 65 66 67 63 64 63 64 63 65 64 64 62 63 63 63 63 65 66 65 65 65 63 63 63 63 64 67 78 100 124 151 174 188 193 194 194 194 194 194 194 
61 62 62 62 63 64 65 64 65 63 63 63 62 63 64 64 63 63 63 62 61 61 64 64 65 66 67 64 63 62 63 62 64 63 64 63 64 64 64 64 65 65 64 64 65 64 63 63 64 65 71 88 113 137 162 181 190 192 193 193 192 193 193 193 
61 62 61 62 62 63 63 63 64 62 62 62 61 61 62 62 62 64 64 64 63 62 64 64 65 65 66 63 62 61 62 62 63 63 64 64 64 64 65 65 64 65 64 63 64 65 65 65 65 67 79 99 124 150 173 187 192 193 193 192 191 191 190 190 
62 63 63 63 64 64 64 64 65 63 63 62 62 61 62 62 63 63 63 63 63 63 64 65 65 65 64 63 61 61 62 63 63 64 65 65 64 64 65 63 63 64 64 62 65 65 65 65 67 73 89 112 138 161 181 190 192 191 191 190 190 191 191 191 
62 63 63 63 64 64 63 64 65 63 63 62 62 61 62 63 63 64 64 64 62 62 63 64 64 64 63 62 60 61 61 62 62 62 63 64 64 64 65 64 62 64 62 61 63 65 65 65 70 81 101 126 152 174 188 192 192 192 191 190 191 190 191 191 
62 62 62 62 63 63 63 63 64 63 62 62 62 61 60 62 63 64 64 65 63 64 63 64 64 64 62 63 61 61 62 63 62 63 63 63 63 63 64 63 61 62 61 60 63 65 65 68 77 93 116 141 165 183 191 192 192 191 190 190 191 191 191 191 
64 63 63 61 63 62 62 62 64 63 64 64 64 62 61 62 63 64 64 65 65 63 64 64 63 63 63 63 62 63 62 63 62 62 62 63 63 63 65 64 63 63 63 61 63 64 67 72 86 106 130 154 175 189 192 193 192 192 191 191 191 191 191 191 
64 64 63 62 63 62 62 62 64 63 64 64 65 64 63 64 65 65 65 65 65 63 63 63 62 62 62 64 63 63 64 64 63 63 63 62 62 62 63 63 62 63 63 62 62 64 68 78 97 122 146 168 184 192 192 192 191 190 189 190 190 190 191 192 
63 63 63 62 63 63 63 63 65 64 64 64 65 63 62 63 63 63 64 65 65 64 64 63 63 63 63 64 64 63 63 63 62 61 62 61 61 61 63 63 64 63 63 61 61 64 74 89 111 137 159 177 188 192 190 190 190 191 190 191 191 190 190 191 
63 64 63 62 63 64 63 63 65 64 63 64 65 64 63 63 64 63 64 65 66 65 65 65 64 64 64 65 65 64 64 64 62 62 63 61 62 62 63 62 64 62 63 62 63 69 84 104 128 153 172 185 190 190 189 188 189 190 190 191 191 191 190 192 
62 62 62 62 62 62 62 61 63 63 63 65 66 64 64 64 63 63 63 64 66 65 65 65 63 63 63 65 65 65 65 65 62 62 64 62 62 63 64 64 65 63 64 64 68 78 98 121 145 167 181 189 190 190 189 189 189 190 190 190 189 189 189 191 
61 62 63 63 63 64 63 62 64 64 63 64 66 64 64 65 63 63 63 64 64 65 65 64 62 62 62 63 63 64 65 64 62 63 64 62 63 62 62 62 62 61 63 67 76 91 115 139 161 178 188 191 190 189 189 189 189 189 190 191 190 190 190 191 
61 62 62 63 63 63 63 61 63 63 61 63 64 63 62 64 62 62 62 63 63 65 65 65 63 63 63 63 64 65 65 64 63 63 64 62 63 63 62 62 63 62 66 74 87 108 134 157 174 185 190 191 189 188 188 188 189 189 191 191 190 190 190 191 
60 62 62 64 64 63 62 61 61 61 60 61 62 62 63 64 63 63 62 62 62 64 64 64 62 62 62 63 64 66 66 65 63 63 63 62 62 62 61 62 62 63 71 85 104 129 153 172 183 189 190 191 190 190 189 190 189 189 190 191 190 191 191 191 
60 61 62 64 64 64 63 62 61 62 61 62 63 64 64 64 64 64 63 62 62 63 63 63 61 62 63 63 65 67 66 65 64 63 62 62 63 62 61 62 64 69 83 102 124 148 168 181 188 190 190 190 191 190 191 191 190 188 190 190 189 189 190 188 
62 63 64 65 65 64 63 62 62 62 62 62 63 64 64 64 65 65 64 63 63 63 64 64 63 63 64 64 65 66 65 64 63 62 62 63 63 62 62 64 70 82 100 123 145 165 180 188 190 191 191 191 192 191 191 191 190 189 190 189 189 189 189 188 
61 62 63 65 66 65 64 63 62 61 62 62 62 62 64 63 63 63 63 63 63 63 64 64 63 63 64 64 65 68 66 64 64 62 60 61 61 61 64 71 82 100 122 145 163 178 187 190 191 191 191 192 193 192 192 191 190 190 190 189 189 189 189 188 
61 62 63 64 65 65 64 64 64 63 64 64 63 64 65 63 63 64 63 62 63 64 65 64 64 64 64 64 65 68 66 65 63 63 60 62 63 65 71 83 99 120 144 164 178 187 191 191 191 191 191 192 193 192 192 192 191 190 191 189 189 189 189 188 
62 63 64 64 65 64 64 64 65 65 66 65 64 65 66 65 65 65 65 63 64 65 64 64 64 64 64 65 65 68 66 65 63 63 61 64 68 75 87 104 123 145 164 178 186 190 192 191 192 193 193 192 193 192 192 192 192 192 191 190 189 189 188 188 
61 62 63 64 65 64 64 64 65 65 66 65 64 64 64 63 64 64 64 63 64 64 64 64 64 64 63 65 64 66 65 64 62 63 62 67 77 89 106 127 148 165 178 186 191 191 192 193 194 193 194 192 192 191 191 191 192 191 190 189 190 190 190 191 
61 62 62 63 64 64 65 65 65 65 64 63 62 62 63 62 63 63 64 63 63 64 62 61 62 63 63 65 64 65 64 63 61 64 67 77 92 110 130 149 166 178 187 191 193 192 194 193 193 193 193 191 191 191 190 191 191 191 191 190 190 190 191 190 
62 62 63 63 63 63 64 64 65 66 65 64 63 63 63 64 64 64 64 63 63 64 63 63 63 64 63 65 64 64 64 63 66 72 83 98 117 136 155 169 180 187 191 191 191 192 194 193 192 193 192 190 190 191 190 190 191 191 191 190 191 191 191 190 
62 62 63 63 64 63 64 64 64 64 63 62 62 62 62 63 65 64 65 65 64 65 64 63 63 63 63 65 65 64 66 68 75 87 103 121 142 159 174 183 189 191 192 190 191 191 194 193 193 194 193 190 189 191 190 190 190 191 190 191 190 190 190 190 
63 62 62 63 64 64 64 65 65 64 64 63 62 61 61 63 64 63 65 65 64 64 65 64 63 63 64 64 65 67 73 80 93 108 127 145 163 175 186 190 191 191 192 191 191 192 194 193 193 193 193 191 190 191 191 191 190 191 190 190 190 190 191 190 
64 63 63 63 63 64 64 65 65 64 63 63 62 61 62 63 64 63 64 65 64 64 65 64 63 64 66 67 72 80 90 102 118 134 151 166 180 187 193 193 192 192 193 192 192 193 194 193 191 193 193 191 190 191 191 191 191 191 190 190 190 190 190 189 
64 63 63 63 63 64 65 65 65 64 64 63 63 63 63 63 63 63 62 63 64 64 66 66 66 67 72 78 88 100 114 128 144 159 172 181 189 192 195 193 193 192 192 190 190 191 192 192 192 193 193 191 190 190 190 191 190 190 189 189 189 190 191 191 
65 64 64 63 63 64 64 64 64 62 63 62 62 64 64 63 63 64 62 63 63 64 66 68 71 79 88 98 111 126 139 153 166 175 183 187 190 191 193 192 193 192 192 190 190 191 192 193 193 193 192 191 191 190 190 191 190 189 188 189 189 190 190 191 
66 66 65 63 64 64 64 63 63 62 63 63 64 65 65 64 63 63 62 63 64 67 73 79 88 100 112 123 136 150 161 173 180 185 189 190 190 191 193 192 192 192 193 191 191 193 193 193 192 193 191 191 191 191 190 191 189 188 188 188 188 190 190 191 
64 65 65 63 64 64 63 62 62 62 62 63 64 65 65 63 62 64 65 68 74 82 90 101 112 125 137 149 162 172 179 185 188 189 191 190 190 190 191 190 191 192 193 192 193 195 194 194 193 193 191 191 190 190 189 190 189 188 188 189 189 191 191 192 
63 64 64 63 64 64 64 63 64 63 63 63 63 66 66 68 70 76 82 89 97 108 118 127 138 151 162 172 180 185 187 189 189 189 190 190 189 188 190 189 189 190 191 191 193 195 194 194 193 193 191 190 190 189 188 188 187 188 188 189 190 192 192 193 
62 63 64 63 64 65 65 64 66 66 68 71 73 77 81 86 92 101 108 116 124 133 143 152 163 174 182 186 189 190 189 188 189 189 190 189 189 188 190 189 190 191 192 192 193 195 194 194 192 192 191 191 190 191 190 189 188 188 188 189 189 191 191 191 
67 68 69 70 72 73 75 77 79 83 86 90 94 99 103 111 116 125 133 141 149 158 167 175 182 188 191 193 192 191 191 190 190 189 190 189 190 190 191 190 190 192 193 192 194 196 193 193 192 191 190 190 190 191 190 189 189 190 189 190 190 192 192 192 
87 88 90 93 95 97 100 103 105 109 112 116 120 125 130 137 143 151 159 167 174 181 185 189 191 193 193 193 193 193 192 191 191 191 190 189 190 190 192 191 191 192 193 192 194 194 192 192 192 191 191 191 190 190 189 189 189 190 191 192 192 194 194 194 
113 113 115 117 121 123 126 129 131 135 139 142 147 152 156 163 170 176 182 187 188 190 191 191 191 193 193 193 192 193 192 191 191 191 190 190 191 190 193 193 192 193 194 192 193 193 191 191 191 190 191 191 190 190 190 190 190 191 192 192 191 193 192 192 
139 139 140 142 145 147 150 153 155 160 163 167 171 176 179 184 187 190 192 192 191 192 190 191 192 193 193 194 193 194 193 191 191 191 191 191 193 193 195 195 193 193 194 192 192 192 191 191 192 192 192 191 191 191 191 192 192 192 193 193 191 193 193 193 
166 165 167 169 171 172 176 178 178 182 184 186 188 191 191 192 192 192 192 191 191 192 191 191 192 193 192 193 193 194 193 192 192 192 191 192 193 192 194 194 193 193 195 193 192 193 192 192 193 192 192 192 191 191 191 193 193 194 194 194 193 195 194 194 
186 185 186 187 188 188 190 191 190 192 192 192 193 194 194 194 194 193 193 192 192 193 191 191 192 193 192 192 192 193 191 191 193 192 191 193 193 192 193 194 193 193 194 193 191 191 192 192 194 195 195 194 192 191 190 191 192 193 194 193 193 193 193 193 
191 189 189 189 189 189 190 191 190 193 192 192 192 193 192 193 193 192 192 191 191 192 191 190 191 192 191 192 193 193 191 190 192 191 191 192 193 191 192 193 192 193 194 192 190 192 192 193 194 196 195 194 191 191 190 191 192 193 193 192 192 192 192 191 
190 188 188 189 188 188 189 190 188 191 189 189 190 192 192 192 192 192 192 191 192 194 193 192 193 193 190 191 192 192 191 191 194 193 192 193 193 191 191 193 192 192 193 192 190 192 192 194 195 197 196 194 192 192 191 190 191 193 192 192 192 193 193 193 

62 62 63 62 63 64 64 64 66 66 65 67 66 63 63 64 64 64 65 63 62 60 61 62 64 63 64 63 63 62 63 64 64 65 63 62 62 62 61 61 62 61 62 63 64 63 63 62 61 60 59 61 62 62 63 66 76 100 126 151 174 188 188 188 
62 62 63 63 63 63 64 64 65 65 64 65 64 62 62 63 63 64 64 64 63 62 62 63 65 64 64 63 63 61 62 63 62 64 63 63 62 64 62 63 64 63 63 63 63 63 63 62 62 62 60 62 62 63 64 66 75 100 125 150 174 189 189 190 
63 63 63 64 64 64 64 65 65 65 65 66 64 62 62 63 64 64 65 65 63 61 62 63 64 63 63 63 62 62 62 64 63 64 63 63 63 64 63 63 64 63 62 63 62 62 63 62 62 62 61 62 62 62 63 65 75 100 125 151 175 189 189 190 
64 64 64 65 65 65 65 66 65 65 65 65 64 63 63 64 65 65 65 65 64 62 63 64 64 63 63 62 62 61 61 63 63 64 64 64 63 62 62 62 63 63 62 63 63 63 64 65 63 63 62 63 63 64 64 65 75 100 125 150 175 189 190 190 
65 65 65 65 66 66 66 67 66 66 65 65 64 63 62 64 65 65 64 64 63 62 62 64 65 64 64 63 62 62 62 63 64 64 64 63 63 62 61 61 63 62 62 62 62 62 63 63 61 62 61 61 62 63 63 63 75 100 126 151 177 190 190 190 
65 65 65 65 64 64 65 65 65 67 66 65 64 64 63 64 65 65 64 64 64 62 63 64 63 63 63 61 61 60 61 61 63 63 64 63 65 63 63 63 65 63 63 63 61 61 61 62 62 63 62 62 61 62 62 63 76 102 128 154 179 192 192 192 
66 66 66 64 64 64 65 66 66 68 66 65 65 65 64 66 67 65 63 64 64 62 63 65 64 63 64 62 62 62 63 63 64 64 65 63 64 62 62 61 63 61 62 62 61 60 61 62 62 62 62 62 61 61 61 63 79 105 133 158 181 192 192 191 
65 65 65 64 63 63 64 64 65 66 66 65 65 65 64 65 66 64 63 64 64 64 64 66 65 64 65 64 63 63 63 62 64 63 63 62 64 62 61 61 63 61 62 62 62 60 61 61 60 61 62 61 61 62 62 65 82 107 135 161 184 193 194 192 
64 64 64 63 63 62 62 64 64 66 66 65 65 64 64 64 64 63 63 63 64 63 63 64 64 64 65 65 65 64 64 63 63 61 62 61 64 62 63 62 63 61 62 62 61 60 60 60 60 60 61 60 60 60 61 66 85 112 139 165 186 193 193 192 
63 63 63 62 62 62 62 63 64 64 64 64 64 64 64 65 65 64 63 64 65 64 65 67 66 65 66 66 65 64 65 63 63 62 62 62 63 63 63 62 62 62 62 62 61 61 61 62 62 62 63 62 62 62 62 69 90 116 143 169 187 192 192 191 
63 62 62 61 61 61 62 63 63 63 63 63 64 64 65 65 66 65 64 64 66 65 66 68 68 67 68 68 67 66 67 66 64 63 63 61 61 62 62 61 61 62 61 61 61 61 61 62 62 62 63 62 62 62 63 71 94 120 147 172 189 192 192 190 
62 61 60 60 61 61 62 63 63 62 63 63 64 64 64 64 65 65 65 64 65 65 66 66 67 66 67 67 66 66 66 65 64 63 64 62 62 62 62 60 61 62 62 63 63 63 62 62 62 63 64 63 64 63 65 74 99 125 151 175 190 191 191 190 
61 61 60 60 62 62 63 63 63 61 62 62 64 64 64 64 66 64 64 64 65 63 64 65 66 65 65 65 65 64 66 66 65 66 66 63 61 62 61 60 61 63 62 63 64 63 63 63 63 63 64 63 64 62 65 78 103 130 156 177 190 190 189 188 
61 61 60 60 62 63 63 63 63 61 61 62 64 64 64 65 66 65 64 64 64 63 64 65 65 64 65 63 63 64 65 66 66 67 66 64 63 64 63 62 63 64 63 63 63 63 61 61 63 63 64 63 64 63 67 82 108 134 161 180 191 191 189 188 
61 61 60 60 62 63 63 63 63 63 62 63 65 64 65 65 65 64 64 64 63 63 63 62 63 63 63 63 63 64 66 66 66 67 66 65 63 64 64 64 64 64 64 64 64 64 63 62 63 63 63 63 64 62 69 87 113 139 165 183 191 191 191 191 
61 61 61 60 62 63 63 63 63 62 61 62 64 62 63 64 64 64 65 65 64 64 64 63 62 62 62 62 62 63 64 64 64 65 67 65 65 65 65 65 64 65 64 65 64 64 63 62 63 63 64 64 65 64 74 94 121 147 172 186 191 191 190 190 
61 61 61 61 63 64 64 63 63 63 62 63 63 62 62 63 64 64 65 64 63 63 63 63 63 63 62 63 64 64 65 65 65 65 66 65 66 66 65 65 65 64 64 64 63 63 63 62 62 62 63 63 64 64 77 100 125 152 175 188 190 191 190 191 
61 61 61 61 63 64 64 64 64 63 63 64 63 61 62 63 63 64 66 65 65 64 64 64 64 64 63 64 65 64 64 64 63 63 64 65 66 66 66 67 66 64 64 64 63 64 64 63 63 63 64 64 64 67 84 108 133 159 181 191 191 192 191 192 
62 62 63 61 63 64 63 63 65 63 63 65 64 62 62 62 63 64 65 65 65 64 64 63 64 64 63 65 65 65 64 64 62 63 64 65 66 66 64 65 64 62 62 64 63 64 65 65 65 64 64 64 65 72 91 117 143 168 186 192 191 192 192 193 
62 63 63 61 64 64 63 63 66 64 65 66 64 62 63 62 64 64 66 67 67 65 65 64 63 63 62 64 64 64 64 65 63 63 64 65 65 66 64 64 63 62 62 62 63 63 63 63 64 63 64 64 66 77 99 126 152 176 190 192 192 192 191 192 
62 63 63 63 65 65 64 65 67 65 67 68 66 64 65 64 64 64 65 65 65 64 64 63 63 63 63 64 64 65 65 66 64 64 63 64 63 65 63 63 62 61 62 62 63 63 64 63 65 63 63 63 68 83 107 133 160 182 192 192 192 192 192 193 
64 64 64 63 64 64 63 64 66 64 66 67 66 64 65 63 63 63 64 64 64 64 63 63 63 63 62 63 64 64 63 65 64 64 63 63 62 63 62 63 63 62 63 62 63 63 63 63 65 64 64 64 72 91 117 143 170 189 194 193 193 193 192 193 
63 63 63 63 64 63 64 64 66 65 67 67 67 65 65 63 64 63 64 63 63 63 64 63 63 64 63 62 63 64 63 64 64 64 62 63 61 62 61 62 62 62 62 62 62 62 62 62 64 64 64 66 79 101 127 153 178 191 194 193 193 194 194 196 
63 62 62 61 61 61 63 64 65 65 66 66 66 64 65 64 64 64 65 64 63 63 64 63 64 64 65 63 64 64 64 64 65 65 63 63 62 63 62 63 63 63 64 64 63 63 62 61 63 63 65 71 88 112 138 163 183 193 194 193 193 194 194 194 
62 62 61 61 61 61 63 64 65 64 65 64 64 63 64 63 62 63 63 62 62 62 63 63 65 66 67 64 66 65 64 64 65 64 64 63 62 62 61 63 64 65 65 66 64 63 63 61 63 63 66 76 99 123 150 173 189 193 193 192 193 193 194 194 
64 63 63 62 62 61 63 64 65 64 65 63 64 63 64 63 63 63 62 61 61 61 63 63 64 66 67 63 65 64 64 64 65 65 64 63 63 63 62 63 64 65 65 66 65 64 63 63 63 66 71 87 111 135 160 179 190 192 193 192 193 193 193 193 
61 61 61 61 61 61 63 63 65 64 64 64 64 64 65 64 64 64 63 63 63 63 64 65 66 67 67 64 64 63 63 63 63 63 64 64 65 65 65 65 65 65 64 65 65 65 64 63 64 68 77 98 124 148 170 185 191 191 192 192 192 192 193 193 
62 62 62 61 61 62 62 63 64 63 63 63 63 63 63 64 63 64 64 64 64 63 64 65 65 65 65 64 63 62 62 62 63 63 65 64 65 66 66 65 65 65 64 64 65 65 65 64 66 72 87 110 136 159 179 189 192 192 192 191 191 191 191 191 
62 63 63 62 63 62 63 62 64 63 64 63 63 63 63 64 63 63 63 64 63 63 65 66 65 65 64 62 61 61 62 63 63 64 65 64 64 65 66 63 64 64 64 62 64 65 65 64 69 80 98 122 149 170 185 191 192 191 191 190 190 191 191 192 
62 63 63 62 63 63 62 62 63 62 63 62 63 63 63 64 64 64 63 64 63 62 63 64 63 62 63 62 60 61 62 62 62 63 63 64 64 66 66 64 64 64 62 61 63 64 64 65 73 90 111 137 162 180 189 192 192 192 191 190 190 190 190 192 
61 62 62 61 63 63 63 63 64 62 62 62 62 61 61 63 63 64 64 64 63 63 63 64 64 63 62 62 61 61 62 62 62 63 64 63 64 64 65 63 63 63 62 60 63 63 64 68 82 102 126 152 173 186 192 193 192 192 191 190 190 191 191 191 
63 63 63 61 63 63 63 63 64 63 63 63 62 62 60 62 63 63 63 63 63 62 62 62 62 61 62 62 62 63 63 64 63 63 63 64 63 63 64 63 63 63 63 61 63 63 67 74 92 115 140 163 180 190 192 193 193 193 191 191 190 190 190 191 
63 64 63 61 63 63 63 63 65 63 63 63 63 62 62 63 64 63 63 63 63 62 62 62 62 61 62 63 63 63 65 64 63 64 64 63 62 62 63 62 62 62 62 61 62 63 71 83 105 131 154 173 186 191 191 192 191 191 190 190 190 190 190 191 
63 63 62 61 63 64 64 65 66 65 64 63 63 62 61 62 62 63 63 63 64 63 63 62 62 61 62 63 64 64 65 65 64 63 64 63 63 62 63 63 63 62 63 61 62 67 80 97 122 147 167 181 188 190 189 190 190 191 190 190 190 190 190 191 
63 63 63 62 63 64 64 64 65 64 63 63 64 62 62 63 63 63 64 64 64 65 64 64 64 63 63 65 65 64 66 66 64 64 66 64 64 63 64 62 63 62 63 61 65 74 92 114 139 162 178 186 189 189 188 188 189 190 190 191 190 191 190 192 
62 62 62 61 62 62 62 62 64 63 63 64 65 63 63 64 62 62 63 64 65 65 65 64 63 62 62 65 65 66 67 67 65 65 66 64 64 63 64 63 63 62 64 64 71 86 109 132 155 173 184 188 189 189 189 190 190 190 190 190 189 190 190 192 
63 64 63 63 63 63 63 63 65 64 63 64 65 63 63 65 62 62 63 64 64 65 65 64 63 63 63 64 64 65 67 66 64 65 66 64 64 63 62 62 62 61 64 69 81 101 127 151 170 183 189 190 189 188 188 190 190 190 190 191 190 190 191 193 
63 63 63 63 63 63 63 62 64 64 62 63 64 63 63 65 62 62 63 64 64 66 66 65 64 63 64 65 65 66 67 66 65 66 65 64 64 63 63 62 63 63 69 79 96 120 145 166 181 188 189 189 189 188 189 190 190 190 191 191 190 190 190 191 
62 63 63 64 64 63 62 61 62 62 61 62 62 63 63 64 62 61 62 62 63 65 65 65 64 63 64 65 65 66 67 66 64 65 64 63 63 63 62 62 63 66 77 93 115 141 163 178 188 190 188 189 189 189 190 191 191 189 190 190 190 190 191 191 
62 63 63 64 64 63 63 63 62 63 63 63 63 64 65 65 64 63 63 62 62 64 65 64 64 63 64 65 65 67 67 66 64 64 63 62 63 63 62 64 67 76 92 112 136 159 176 186 190 190 188 189 190 190 191 192 191 189 189 189 188 188 188 188 
64 64 65 65 65 64 64 63 63 63 64 63 63 64 65 65 64 64 64 62 63 64 64 64 64 64 65 65 65 66 65 64 64 63 62 63 63 63 64 68 77 92 111 135 156 174 186 191 192 191 189 189 191 191 191 192 191 189 190 189 189 187 188 187 
63 64 64 65 66 64 63 63 62 62 63 63 63 63 64 63 63 63 63 62 63 64 64 64 64 63 64 64 65 67 66 65 64 63 61 62 62 64 69 79 93 113 135 156 172 185 191 192 192 192 190 190 192 192 192 193 191 190 190 188 188 187 187 186 
62 63 64 65 66 65 65 65 65 64 65 64 63 64 65 63 64 64 63 61 63 63 64 64 65 63 63 64 64 66 65 65 64 63 60 62 64 68 79 93 111 133 155 172 183 191 194 193 192 192 191 191 193 192 192 193 191 190 191 189 189 189 188 187 
63 64 65 65 66 66 66 66 66 65 66 64 63 64 65 64 65 66 65 64 65 65 64 64 64 63 63 64 65 67 66 65 64 63 61 64 70 80 95 116 136 156 173 183 189 192 193 192 192 193 193 192 193 192 192 192 192 191 192 190 190 189 188 187 
62 63 64 64 66 66 66 66 66 65 65 64 63 63 63 63 64 65 65 63 64 64 64 63 64 63 62 63 64 65 65 64 63 64 64 71 82 97 117 139 158 173 183 188 191 191 193 193 194 193 193 192 192 191 191 191 191 191 191 190 191 191 190 190 
61 63 63 64 66 66 66 66 65 64 64 63 62 62 63 63 64 65 65 64 63 63 62 62 62 62 62 64 64 65 64 63 63 67 72 85 101 120 140 159 174 184 191 192 193 192 194 193 193 193 193 191 191 190 190 190 190 191 191 190 191 191 191 191 
61 62 63 63 64 65 66 66 65 65 64 63 63 63 63 64 65 65 65 64 63 64 63 62 62 63 63 64 64 65 65 66 70 80 91 107 128 146 163 176 185 190 192 191 192 192 193 192 192 192 192 190 189 188 188 189 190 191 192 191 192 192 191 191 
63 63 63 63 64 64 64 64 64 64 63 63 63 62 63 64 65 64 65 65 63 63 63 62 62 62 63 65 65 67 70 74 83 99 114 132 152 168 179 187 191 192 192 191 192 192 194 193 193 192 191 189 188 188 188 189 190 191 191 191 191 190 190 190 
64 63 64 63 64 64 64 64 65 64 63 63 63 62 62 64 64 62 64 64 63 63 63 62 62 62 63 65 67 73 80 89 104 122 139 156 171 182 188 191 192 191 192 191 193 193 195 193 192 191 191 188 188 188 189 189 190 191 191 191 191 191 191 191 
65 63 64 63 63 64 64 65 65 65 64 64 64 63 63 63 63 62 63 64 63 63 63 63 62 64 67 72 79 90 102 114 130 146 162 174 185 190 193 192 192 193 194 194 194 194 195 193 190 191 191 188 189 190 190 190 191 191 190 191 190 190 190 190 
65 64 64 63 63 64 65 64 65 65 65 65 65 64 63 63 62 62 62 63 63 64 65 65 66 70 77 86 97 112 126 140 155 169 179 185 191 192 194 192 192 191 192 191 191 192 193 192 190 191 190 189 189 189 189 190 190 190 189 190 190 191 191 192 
66 65 65 63 64 64 64 64 64 63 64 64 64 65 64 63 63 63 62 63 63 64 67 71 76 86 97 109 122 137 150 163 174 182 187 189 191 191 192 190 191 190 191 191 192 192 193 192 190 190 189 188 189 190 189 190 190 189 188 190 189 190 190 192 
66 66 65 64 64 65 64 63 63 63 63 64 64 66 65 64 63 63 63 64 67 71 79 87 96 110 123 134 147 161 171 180 186 189 190 191 190 191 192 191 191 191 192 192 193 194 192 191 189 190 189 189 190 191 190 191 189 189 188 189 189 191 191 192 
64 65 64 64 64 65 64 63 63 63 63 64 64 66 64 64 64 67 69 74 81 90 99 110 122 135 148 159 170 179 184 189 190 191 192 191 191 191 192 190 191 191 192 192 193 195 192 192 191 191 189 191 190 191 189 189 188 189 188 189 190 191 192 193 
63 64 64 63 64 65 64 63 63 62 62 63 65 69 70 74 77 84 90 98 106 116 126 136 147 159 169 178 184 188 188 191 190 191 191 191 189 190 191 190 190 191 191 191 193 195 193 193 192 191 189 191 190 190 189 188 187 188 188 188 190 192 192 193 
61 62 63 63 64 66 67 67 70 71 72 75 79 85 89 96 102 111 117 125 134 142 151 160 170 179 186 188 190 192 190 190 190 190 191 190 189 190 191 190 191 192 192 192 194 196 193 193 192 192 190 191 190 191 190 188 188 189 188 189 189 191 190 191 
71 73 74 76 77 80 83 85 88 92 95 99 103 109 114 120 127 136 143 152 160 167 174 180 185 188 192 192 192 193 193 192 192 191 191 190 190 191 193 192 192 193 194 193 195 196 193 192 192 191 191 191 190 191 190 188 188 190 189 190 191 193 191 192 
97 98 100 102 104 106 109 111 113 117 121 125 129 135 140 146 154 162 168 176 182 186 188 191 192 192 192 193 193 194 194 192 192 191 191 190 191 191 193 192 192 193 194 193 194 195 193 192 192 191 192 191 190 191 190 188 189 191 191 192 193 195 193 194 
124 124 125 126 129 131 134 137 139 143 147 151 155 161 166 171 178 183 187 190 191 192 191 191 191 192 193 193 193 194 194 192 192 191 190 190 192 191 194 193 193 194 195 193 194 194 192 191 191 191 192 191 191 191 190 190 190 192 192 192 192 193 191 191 
150 150 151 152 154 156 159 162 163 168 171 174 178 182 184 187 190 191 192 192 192 193 191 192 192 193 193 194 194 194 195 191 192 191 191 191 194 193 195 195 193 194 195 193 192 193 191 190 191 192 193 192 191 191 191 192 192 193 193 193 192 193 192 193 
177 176 177 179 181 181 183 184 183 186 187 188 189 192 191 191 192 191 191 191 191 192 191 191 192 192 192 193 193 193 194 192 192 191 192 191 193 192 194 194 193 193 195 193 192 192 191 191 191 192 193 192 192 192 192 193 192 194 194 194 194 195 194 194 
192 191 191 191 192 192 192 192 190 191 190 191 191 193 192 192 192 190 191 190 191 192 192 191 192 192 191 192 192 192 191 190 191 191 191 191 193 192 193 194 193 193 194 193 190 191 191 192 193 195 195 194 192 192 191 192 192 194 194 193 193 194 193 194 
191 189 189 190 191 190 191 192 190 192 190 190 191 193 192 191 192 190 191 190 190 191 191 190 191 191 190 191 191 191 191 189 192 191 191 191 192 191 192 194 193 193 194 193 189 191 191 192 193 196 196 194 192 192 191 191 192 193 192 192 191 193 192 192 
191 189 189 191 191 191 191 192 189 190 189 189 189 191 191 191 192 191 192 190 191 193 191 189 191 190 189 190 190 190 190 190 192 192 191 191 192 191 191 193 193 193 192 192 188 190 191 193 193 196 196 194 192 194 192 191 191 193 192 191 192 195 194 194 

62 63 63 62 63 64 64 64 66 66 66 67 65 62 62 62 62 63 63 64 62 61 62 63 64 64 65 65 66 64 64 63 62 62 62 61 62 61 61 62 63 62 64 64 65 65 64 63 63 63 61 62 63 62 62 69 84 109 135 160 178 188 188 188 
63 62 63 62 63 62 63 63 64 65 65 66 64 62 61 62 62 63 63 65 63 62 62 63 64 64 65 65 66 63 63 63 62 63 63 62 62 62 62 63 64 64 64 64 64 64 63 63 63 63 62 62 63 63 64 70 85 109 134 159 179 189 189 189 
64 63 63 63 63 62 63 63 64 65 65 66 64 63 62 63 64 65 64 65 64 62 62 63 63 63 64 64 64 62 62 62 62 63 63 62 63 63 63 64 65 64 64 63 63 63 63 63 63 63 62 62 63 63 63 70 85 110 135 161 180 190 190 190 
66 65 65 64 65 64 63 64 64 64 64 65 65 64 63 65 66 66 66 66 65 63 63 64 64 64 64 64 63 62 62 62 63 64 64 63 63 62 62 63 64 64 63 63 62 63 64 65 64 65 64 63 64 65 65 70 86 111 136 162 182 191 191 192 
67 66 65 65 65 63 63 63 63 64 64 65 64 64 63 64 65 65 65 65 64 63 62 64 64 64 64 64 63 61 62 62 63 64 64 62 63 62 61 62 64 63 62 62 61 62 63 63 61 63 62 63 63 65 64 69 86 111 136 163 184 192 191 192 
66 65 65 63 63 62 61 62 62 64 64 64 64 64 63 64 65 65 64 65 65 63 64 64 65 64 64 63 62 60 61 61 64 65 65 63 65 63 63 63 65 63 62 62 61 61 62 63 62 63 63 63 63 63 63 69 87 112 139 165 186 193 193 194 
66 67 66 63 64 63 62 63 63 64 64 63 64 65 64 65 66 65 64 64 65 63 64 66 66 64 65 63 63 62 63 63 65 65 65 63 64 62 62 62 64 61 61 62 61 61 62 63 61 62 62 62 61 62 62 68 89 115 142 168 188 193 193 193 
66 66 65 63 63 63 62 63 63 64 64 63 63 63 63 63 64 63 63 64 65 65 65 67 67 66 67 66 65 64 64 63 65 64 64 62 64 62 61 61 62 61 62 63 62 62 62 62 60 61 61 60 62 62 62 69 91 116 144 170 189 194 194 193 
64 65 64 63 62 62 62 63 62 64 63 63 62 62 62 62 62 62 63 63 64 64 65 66 67 66 67 67 67 65 66 64 64 63 64 62 64 63 62 60 62 60 61 62 62 62 62 61 60 59 59 59 59 60 60 70 94 120 148 174 190 193 193 192 
63 63 63 62 62 63 63 63 62 63 63 62 62 63 63 63 64 64 64 65 66 65 67 68 68 66 68 67 67 66 66 65 64 62 63 62 63 62 61 61 61 61 61 62 63 63 62 62 62 61 61 61 61 61 63 74 98 124 151 176 190 192 192 191 
63 62 62 61 62 63 64 64 63 63 63 63 63 64 64 64 66 66 65 65 66 65 67 68 69 68 69 69 68 67 67 66 65 63 62 60 60 61 60 60 61 61 61 63 64 64 63 62 62 61 61 61 61 62 65 77 103 129 155 179 191 192 191 190 
61 61 60 61 61 62 63 63 63 63 63 64 64 64 65 64 65 66 66 66 66 66 66 67 68 67 68 68 67 66 66 65 64 63 63 61 61 61 60 59 61 62 62 63 64 64 64 63 63 63 63 64 64 63 68 82 108 134 160 181 191 190 190 189 
61 61 60 61 62 62 63 63 62 62 63 63 65 65 65 64 65 65 65 65 65 64 65 64 65 64 65 65 65 64 66 66 65 65 65 63 61 62 61 60 62 63 62 64 64 65 64 64 65 64 64 64 64 62 70 88 114 140 166 184 191 190 189 188 
61 60 60 60 62 62 63 63 62 62 63 64 65 66 65 65 66 66 66 65 65 64 64 64 64 63 64 63 63 64 65 65 66 66 65 63 62 63 62 63 63 64 63 64 63 64 63 63 64 64 64 64 65 63 73 93 119 145 171 186 192 191 191 189 
61 61 60 60 61 62 63 63 63 64 64 64 66 65 65 65 65 64 65 64 63 64 63 62 63 63 62 63 64 64 66 66 66 66 66 64 63 64 63 64 64 64 63 65 64 64 64 64 64 64 64 63 63 63 75 98 125 151 176 189 193 193 193 192 
62 62 62 62 63 63 62 62 62 62 62 63 64 64 64 64 63 63 64 64 63 64 64 63 62 62 61 61 62 63 65 65 66 66 66 65 65 65 64 65 64 64 64 65 64 65 64 63 64 64 64 64 64 66 81 106 132 158 181 191 192 192 192 192 
62 62 62 62 63 63 63 62 62 62 62 63 63 63 63 62 62 63 63 63 63 64 63 62 62 61 60 62 63 64 66 67 66 66 66 66 65 66 65 65 64 64 64 65 64 65 64 64 63 62 62 62 63 67 85 111 137 163 183 190 190 192 192 193 
62 63 62 62 64 64 63 63 63 62 62 63 62 62 63 63 62 63 64 63 64 64 64 63 63 63 62 63 64 65 65 66 65 65 65 66 66 66 65 66 64 63 63 64 63 64 64 64 63 62 63 63 65 72 93 119 144 168 186 191 191 192 192 193 
62 63 63 62 64 64 62 62 63 62 62 64 64 62 63 62 62 62 63 63 64 64 64 63 63 63 62 63 64 64 65 65 64 65 65 65 66 66 64 64 63 62 62 63 64 65 64 65 65 64 64 65 67 79 101 127 152 176 189 192 191 192 192 193 
62 63 63 62 64 64 63 63 64 62 64 65 64 63 63 62 63 63 65 65 66 64 65 64 63 63 62 63 63 64 64 65 64 64 65 65 65 65 64 63 61 61 61 61 62 64 64 65 66 65 65 65 70 84 109 135 161 182 191 191 190 191 190 191 
61 62 62 63 65 65 64 65 66 64 66 67 66 64 64 63 64 63 65 64 65 64 64 64 63 63 62 63 63 64 64 65 64 63 63 64 64 65 64 63 62 61 61 61 62 63 64 65 67 66 65 65 73 92 117 142 169 187 192 192 192 192 191 193 
63 63 63 63 65 64 64 65 66 64 66 67 66 65 65 64 65 64 65 64 65 64 64 64 63 63 63 62 63 64 63 64 64 63 63 64 63 63 62 63 62 62 62 61 62 63 63 65 68 66 66 68 80 101 126 152 177 191 194 193 193 193 192 192 
62 61 62 63 64 65 65 65 67 66 67 68 68 66 67 65 65 64 64 64 63 64 64 64 64 65 63 62 63 64 63 64 64 63 62 62 61 62 61 62 62 62 62 61 62 63 63 64 67 66 66 72 88 111 137 161 183 193 192 192 193 193 193 194 
63 62 62 61 62 63 64 66 67 66 67 67 66 65 66 65 65 65 66 64 64 65 65 64 65 65 64 62 64 64 63 64 65 63 63 63 62 62 62 63 62 62 63 63 63 63 63 63 65 65 68 78 98 122 148 170 187 194 194 193 193 193 193 193 
62 62 62 62 62 63 64 65 66 65 66 65 65 64 66 65 65 65 65 63 64 64 65 64 65 66 65 64 65 64 63 64 65 63 63 63 63 62 62 63 64 64 65 65 65 64 64 64 65 65 71 87 109 134 159 179 190 194 193 193 193 193 192 192 
64 63 63 62 62 62 64 65 67 65 66 65 65 64 66 65 65 65 65 64 64 64 64 63 64 66 65 63 65 63 63 64 65 64 64 64 64 63 62 63 63 64 65 65 65 66 65 64 66 68 77 97 121 145 168 183 190 191 192 191 192 192 191 192 
61 62 61 60 61 61 63 63 65 64 65 65 65 65 67 66 65 66 65 65 65 65 65 65 65 67 66 64 65 63 62 63 64 63 65 64 64 65 65 64 64 64 65 65 66 66 66 65 67 72 86 110 136 158 177 188 191 191 191 191 191 191 191 191 
62 62 62 61 61 61 62 62 64 63 64 63 64 64 66 65 65 66 66 66 66 65 65 65 65 65 65 64 64 62 62 63 64 63 65 65 66 66 66 65 65 64 64 64 65 66 66 65 70 79 97 122 147 168 184 190 191 192 192 191 191 191 190 191 
61 62 62 61 62 61 62 62 64 63 65 64 64 64 65 65 64 64 64 65 64 64 66 66 65 65 65 64 63 62 63 64 63 64 66 65 65 65 66 64 63 63 63 62 64 66 66 67 74 89 109 134 159 177 187 191 191 191 190 190 190 190 189 190 
61 63 62 61 63 63 63 62 64 63 63 63 64 65 65 65 64 64 63 64 63 63 63 64 63 64 64 63 61 60 62 62 62 63 64 64 64 66 67 65 64 64 62 60 63 65 64 68 81 100 122 148 170 184 191 192 192 191 190 189 190 189 189 190 
61 62 62 61 63 64 63 63 64 64 63 63 63 63 62 63 63 63 63 64 63 63 64 65 66 65 64 64 62 61 63 63 63 63 64 63 64 65 66 64 63 63 61 59 62 63 65 73 91 113 137 162 181 189 194 194 193 193 192 190 190 190 190 190 
63 63 63 62 64 65 64 64 65 64 64 64 63 62 61 61 62 62 62 62 62 62 63 64 64 64 63 63 62 62 63 64 64 64 64 64 64 64 65 63 62 62 62 60 62 64 69 82 103 128 151 172 185 191 192 193 193 193 191 190 189 190 189 190 
63 65 64 62 64 65 64 64 65 64 64 63 63 62 62 62 63 63 63 63 62 62 62 63 64 63 62 63 62 62 64 65 65 65 65 64 62 63 63 62 61 61 61 60 61 65 76 93 117 144 165 181 189 191 192 192 192 191 190 189 189 189 189 190 
64 64 64 63 63 65 65 65 66 65 64 64 64 62 62 62 62 63 63 62 63 63 63 63 64 63 61 62 63 63 65 66 65 65 65 64 64 63 64 64 63 62 63 61 63 71 87 108 133 158 175 186 189 189 189 191 191 191 190 190 189 189 189 191 
64 65 64 63 63 64 63 63 64 64 64 64 65 62 62 62 62 63 64 64 64 65 65 65 65 64 62 63 63 64 66 68 66 66 66 66 65 64 64 63 62 61 62 63 68 81 102 125 150 172 184 189 190 189 188 190 191 192 191 191 190 191 191 192 
64 64 64 62 62 62 61 61 63 63 63 64 65 63 64 64 63 62 63 63 64 65 65 65 64 62 61 62 63 64 66 68 66 66 67 66 65 63 64 62 63 61 64 67 78 96 120 144 165 181 188 190 189 189 188 190 190 191 190 191 190 190 190 193 
65 65 64 63 62 62 62 62 63 64 63 64 65 64 64 65 63 62 63 63 64 65 66 65 64 63 61 63 63 64 65 67 65 65 66 65 64 63 62 61 61 60 66 74 90 113 139 160 177 187 190 191 189 189 189 190 190 191 191 192 191 191 191 193 
64 64 64 63 63 62 62 62 62 63 63 64 64 65 64 65 63 62 63 63 64 65 67 66 64 63 62 63 63 64 65 66 64 65 65 64 64 63 63 62 63 65 75 88 109 133 156 173 185 189 188 189 189 188 188 190 190 191 191 192 191 190 191 192 
62 63 64 63 63 63 62 61 61 62 61 62 62 63 64 64 63 63 63 62 63 64 65 65 65 64 63 63 63 64 65 65 64 63 63 62 62 62 61 61 64 70 84 104 129 153 172 184 190 190 189 190 190 189 190 191 190 189 190 190 190 190 191 191 
61 62 63 63 63 63 63 62 62 63 63 63 63 65 65 66 65 65 64 63 63 63 64 64 63 63 63 63 63 65 64 64 63 64 63 62 62 62 61 64 71 82 102 125 149 169 183 189 191 190 188 189 190 190 191 191 190 188 189 190 189 190 190 190 
62 64 64 64 64 63 63 63 62 63 63 62 62 64 64 65 64 65 64 62 62 63 63 63 64 63 64 64 64 65 64 63 63 63 62 63 63 65 66 73 84 102 123 146 166 181 189 191 191 190 188 188 190 190 190 191 190 189 190 189 189 189 190 189 
61 62 63 63 65 64 63 63 62 62 63 62 61 62 63 63 63 64 63 61 62 63 63 63 64 63 64 64 64 66 65 64 64 63 61 62 63 67 74 86 103 124 145 165 178 188 192 191 191 191 189 189 191 192 192 192 191 189 189 189 188 189 189 189 
60 62 62 63 64 65 65 65 65 65 65 64 62 63 64 63 64 65 63 61 62 62 63 63 64 64 64 64 64 66 65 64 64 63 61 63 67 74 87 104 123 144 163 177 187 192 194 192 191 191 191 190 192 193 192 192 191 190 190 190 190 190 190 188 
62 63 63 63 65 65 65 66 66 65 65 64 63 64 64 64 64 66 65 64 64 64 64 63 63 63 64 64 65 67 66 65 64 63 62 67 76 89 107 128 148 165 179 188 191 192 193 192 191 192 192 191 192 193 192 192 192 192 191 190 190 190 189 188 
62 64 64 64 66 66 66 67 66 65 64 64 63 63 63 63 63 65 64 63 64 64 64 63 64 64 63 64 65 66 66 64 64 64 66 77 91 109 130 151 167 179 187 190 192 192 193 192 193 192 192 191 192 191 191 191 191 192 192 191 191 191 190 189 
62 63 63 63 65 66 65 67 66 65 64 63 62 63 62 63 63 64 64 63 63 64 63 63 63 64 64 65 65 66 65 65 66 71 78 93 112 131 151 167 179 187 192 192 193 193 193 192 192 193 192 192 192 191 191 191 191 192 192 191 191 191 189 190 
62 62 63 62 64 65 66 66 66 66 64 63 63 64 63 65 65 65 65 64 64 64 63 63 63 64 64 66 65 66 68 70 76 87 100 118 138 155 170 182 187 191 192 192 193 193 193 192 192 192 192 190 191 189 188 189 190 191 192 192 191 191 190 190 
64 63 63 63 63 64 64 65 64 64 63 63 63 63 63 65 65 64 65 64 63 64 64 63 63 64 63 66 66 70 75 83 94 109 125 143 160 174 184 190 191 192 192 192 193 193 194 193 192 192 192 190 189 188 188 189 190 191 192 191 191 190 190 191 
64 63 63 62 63 63 64 64 65 65 64 64 64 63 63 64 64 63 63 63 62 63 63 63 62 63 65 68 71 80 89 102 115 134 149 165 177 185 190 191 190 191 192 192 194 193 194 193 191 191 191 189 189 188 188 189 190 191 192 192 191 191 191 192 
65 62 62 61 61 62 63 64 66 66 65 65 64 63 63 64 64 63 63 63 63 63 64 63 64 67 72 79 88 100 113 127 141 158 171 181 188 191 192 191 191 192 194 195 195 194 194 192 190 191 191 190 190 190 190 190 191 191 191 191 191 191 192 192 
64 62 62 60 61 62 63 64 66 66 65 65 65 64 64 63 63 63 63 64 64 64 67 68 71 78 87 98 109 123 137 151 165 177 184 190 193 193 194 192 191 192 192 191 192 192 192 191 190 191 190 189 189 189 189 190 190 190 190 191 191 192 193 194 
65 63 62 61 61 61 62 63 64 64 65 65 65 65 65 64 63 63 64 64 65 67 72 78 86 97 110 121 134 147 159 171 180 186 189 191 192 191 192 190 190 190 191 191 193 192 192 191 189 189 189 188 189 190 190 191 190 190 190 190 191 192 193 194 
65 63 62 61 61 62 63 63 63 64 64 65 65 66 65 64 62 64 66 69 73 79 88 97 109 121 135 147 158 169 177 183 187 190 190 191 191 191 193 191 191 192 193 192 193 193 192 190 189 191 189 189 190 192 190 191 190 189 189 189 190 192 193 194 
62 62 62 61 61 62 62 62 62 63 63 64 64 66 66 66 67 73 78 84 92 101 111 122 134 147 160 170 178 184 187 190 191 191 192 192 191 191 193 191 192 192 192 192 193 194 192 192 190 191 190 191 191 192 190 190 189 189 189 190 191 193 193 194 
62 62 62 61 61 62 62 62 62 63 64 66 69 73 76 81 85 94 101 110 118 127 136 147 157 168 177 184 186 189 189 190 191 191 191 191 190 190 192 190 191 191 191 191 193 194 192 192 191 191 190 191 191 191 189 188 187 188 188 189 190 192 192 193 
66 67 68 67 67 69 70 70 73 77 79 83 89 96 100 106 113 122 128 136 145 153 160 169 176 182 187 190 191 192 191 191 192 191 191 191 190 191 192 191 193 192 192 192 193 195 193 193 191 192 191 192 192 192 190 188 188 189 188 189 190 191 190 191 
81 82 84 86 87 90 92 94 97 102 105 109 114 119 124 131 138 147 155 163 170 176 180 184 187 188 191 192 192 193 193 192 193 192 192 191 192 192 194 192 193 193 192 192 194 195 193 193 192 191 192 192 192 193 190 188 188 190 189 190 191 192 191 191 
106 108 110 112 113 116 118 120 122 126 130 134 139 145 150 157 164 171 176 183 187 190 190 192 191 191 191 193 193 194 194 193 193 193 192 191 192 192 194 192 193 193 192 193 194 194 193 192 191 191 193 192 192 191 190 188 188 191 191 192 192 194 192 193 
134 134 135 136 138 141 144 147 149 154 157 161 166 172 175 180 185 187 189 192 192 192 192 192 191 192 191 192 192 194 194 193 193 192 191 190 192 191 194 193 193 194 194 193 193 193 191 191 191 191 193 192 192 191 191 190 190 192 191 192 191 192 191 192 
159 159 161 162 164 167 169 172 174 178 181 183 186 188 190 191 193 192 192 192 192 193 192 192 192 192 192 194 193 194 194 192 193 192 191 190 193 192 194 194 193 194 194 193 192 192 191 190 191 192 193 192 192 191 191 191 192 193 192 193 192 193 192 193 
181 180 181 184 185 186 188 189 188 191 192 192 193 193 192 192 192 191 191 191 191 191 190 192 193 193 193 194 192 193 193 191 192 192 192 190 192 191 192 192 192 193 194 193 191 192 191 191 191 192 193 191 191 191 191 192 192 194 193 194 194 194 194 194 
191 191 190 191 191 191 190 191 190 191 191 193 194 195 194 193 192 190 190 189 190 191 190 191 192 192 192 192 190 191 190 190 191 192 191 191 192 191 192 193 192 193 193 193 189 191 191 192 193 195 195 192 191 191 190 191 192 193 193 193 192 193 193 193 
191 190 189 189 189 190 190 192 191 193 192 193 193 194 193 192 192 190 191 190 190 191 189 189 191 191 191 191 190 189 190 189 191 192 192 191 192 191 192 193 192 192 193 192 188 190 191 192 193 196 195 192 191 191 190 190 192 192 192 193 191 192 191 191 
191 190 190 191 190 190 190 191 189 191 190 191 192 194 193 193 192 191 192 190 191 192 189 189 191 190 190 190 188 189 189 189 191 193 193 192 192 192 191 193 192 191 190 190 186 189 191 194 194 196 196 193 191 192 191 190 192 192 192 192 192 193 192 192 

65 64 65 63 64 64 65 65 67 68 67 67 65 62 61 62 63 63 64 65 64 63 63 63 63 63 64 64 66 65 63 63 62 61 60 61 61 62 63 62 63 63 64 64 64 64 64 63 63 63 62 61 62 61 61 72 93 118 144 171 184 189 190 190 
65 64 64 63 63 63 64 63 65 65 65 65 64 61 61 62 62 64 65 66 64 63 63 62 62 63 63 64 65 64 63 63 63 62 61 62 62 62 64 64 65 65 65 64 63 63 63 62 62 63 62 62 63 62 63 74 94 118 144 170 185 190 190 190 
65 64 64 63 63 62 63 63 64 65 64 64 64 62 62 63 64 65 65 67 66 64 63 63 62 63 63 64 64 63 63 63 63 63 62 62 62 62 63 64 65 65 65 63 63 62 62 62 62 63 62 62 63 62 63 73 94 119 145 171 186 190 190 190 
67 65 65 64 64 63 63 63 63 63 63 64 64 63 63 64 66 66 66 68 66 65 64 64 63 63 63 64 63 63 63 62 63 63 63 62 63 61 63 64 65 65 65 64 63 63 63 64 64 65 64 64 64 64 64 74 95 120 145 171 186 190 190 190 
67 66 65 64 64 63 63 62 62 63 62 62 63 63 63 64 65 65 65 66 65 64 63 65 64 64 64 64 63 62 63 63 64 64 64 62 63 61 61 63 64 64 64 63 62 61 61 63 62 64 64 63 63 64 64 74 96 121 147 172 187 190 190 190 
65 65 64 62 61 61 61 60 61 62 62 62 63 63 62 64 64 64 64 65 65 64 63 65 64 63 64 63 62 61 62 62 64 65 65 63 64 62 62 63 64 64 64 63 61 61 61 62 62 63 63 62 62 62 64 74 98 123 149 174 190 191 192 192 
66 66 65 62 62 62 62 63 63 63 63 63 64 65 64 65 65 64 63 65 65 64 64 66 65 64 65 63 62 62 64 63 65 66 66 63 64 61 61 61 63 62 62 62 62 61 62 63 62 62 62 62 61 61 63 75 99 125 152 176 190 192 192 192 
66 65 65 63 63 62 63 62 62 63 63 63 64 64 63 64 63 63 63 64 64 64 64 66 66 66 66 65 64 63 64 62 64 64 63 62 64 61 60 60 61 61 63 64 63 62 63 62 61 61 62 61 62 63 65 77 101 126 153 177 191 193 194 193 
65 64 64 63 62 62 62 62 62 63 63 63 63 62 62 62 62 61 62 64 63 64 65 65 65 65 66 66 66 64 65 64 63 63 64 62 63 62 61 60 61 61 62 63 63 62 62 61 61 60 61 59 60 61 65 79 105 131 158 180 192 193 193 192 
64 64 64 63 63 64 64 63 62 62 62 63 63 64 64 64 63 64 64 65 65 65 65 66 66 65 66 66 66 65 65 64 62 61 62 61 62 62 62 60 61 61 62 62 63 63 63 61 62 61 61 61 61 62 69 84 109 135 161 181 192 192 192 191 
64 63 63 63 62 63 64 63 62 62 62 63 64 65 65 65 65 65 65 66 65 65 65 66 67 67 68 68 68 66 66 65 63 62 62 61 61 62 61 61 61 62 62 63 63 63 63 62 62 62 62 61 62 62 70 87 113 139 165 183 191 192 192 191 
62 62 63 63 62 63 62 62 62 62 62 63 64 64 64 64 64 64 65 65 65 65 65 65 66 66 68 68 67 65 65 63 62 61 62 61 61 62 62 61 61 62 62 63 63 63 63 62 63 63 64 63 64 63 73 92 118 143 170 185 191 191 192 191 
62 63 62 62 62 62 61 61 62 62 62 63 64 63 64 63 63 64 64 65 65 64 63 63 64 64 65 66 66 65 65 65 64 64 64 63 62 63 62 62 62 63 62 63 63 63 63 63 64 64 63 63 63 63 76 98 125 151 175 188 191 191 191 190 
61 61 61 61 61 62 62 62 62 62 62 62 63 64 64 64 65 65 65 64 64 64 63 62 64 63 65 64 64 64 64 64 64 65 64 63 62 63 63 63 62 63 62 62 62 63 62 63 64 64 63 63 64 65 80 103 129 154 178 187 191 192 192 191 
60 61 61 60 60 61 61 62 63 63 63 63 63 63 63 63 63 63 64 63 63 64 63 61 63 63 64 64 64 64 65 65 66 66 65 64 63 64 63 64 63 63 62 63 62 63 63 63 64 64 63 62 63 66 83 108 134 160 182 190 191 193 193 193 
64 64 63 62 63 63 61 62 63 62 62 63 63 62 63 63 62 63 64 64 64 64 64 62 62 63 63 62 63 64 64 64 65 66 66 64 63 64 63 64 63 63 63 64 62 64 63 63 63 64 64 64 64 71 91 117 142 167 185 190 190 191 191 192 
63 63 63 61 62 62 62 62 62 61 62 62 62 62 62 62 62 63 64 64 64 64 64 62 62 62 61 62 64 64 65 67 66 66 66 65 64 65 64 65 64 63 63 64 63 64 63 63 63 63 63 63 64 74 97 123 148 173 187 190 189 191 191 192 
62 62 62 61 62 63 63 63 63 62 61 62 61 62 62 63 62 63 64 64 64 64 65 64 64 64 62 62 63 64 65 66 65 65 65 65 65 66 65 65 63 62 62 63 62 64 63 63 63 63 64 64 67 80 104 130 155 178 190 191 190 191 191 192 
62 63 63 62 63 64 63 63 63 62 62 64 64 63 63 63 62 63 63 63 64 64 65 64 64 64 62 62 63 64 65 66 65 65 64 64 64 65 63 64 63 62 62 64 64 65 64 64 64 64 64 65 70 87 111 138 163 184 192 192 191 191 191 192 
62 62 63 62 64 64 63 63 64 63 64 65 65 63 63 62 63 63 64 64 64 64 65 65 65 64 62 62 62 64 64 66 65 65 64 64 64 64 63 63 61 60 61 61 63 64 64 64 65 65 64 66 75 94 119 146 171 188 193 191 191 191 190 191 
60 61 61 62 65 65 64 65 65 64 65 67 66 64 64 63 63 62 63 63 64 63 64 65 64 64 62 62 62 64 64 66 64 64 62 63 63 64 62 62 61 61 61 61 63 64 64 64 66 65 64 67 80 102 127 153 178 191 193 193 193 192 192 193 
61 62 62 64 65 65 64 64 65 63 65 67 66 65 65 65 64 64 64 63 63 63 64 64 64 63 62 62 61 63 63 64 64 64 62 63 62 62 61 62 61 61 62 61 63 64 63 63 65 65 65 71 88 112 137 162 184 193 195 194 194 193 192 192 
61 61 63 63 65 65 65 64 66 65 66 68 68 67 66 65 64 64 63 63 62 63 64 64 64 65 63 62 62 63 63 63 64 64 62 62 61 61 60 62 61 62 62 61 62 63 62 62 65 65 67 77 98 122 147 170 187 193 193 193 193 193 193 193 
63 63 62 62 62 63 64 65 66 65 66 66 66 65 66 64 64 64 65 64 64 65 65 65 65 65 64 63 63 64 63 63 64 64 62 63 62 62 61 62 61 62 62 61 62 63 62 61 64 65 72 88 111 135 159 179 190 194 194 193 193 192 192 192 
64 64 63 62 63 62 63 64 65 64 65 65 65 65 65 65 64 65 65 64 64 65 65 64 65 66 66 64 65 64 64 64 64 63 63 63 63 62 62 63 63 64 65 64 64 64 62 62 64 67 78 98 122 147 170 184 192 193 193 192 192 191 191 190 
64 64 64 63 62 62 63 64 65 63 65 64 64 65 67 66 65 66 66 64 64 65 65 64 64 65 65 63 65 64 63 64 65 65 65 65 64 63 62 63 63 64 65 64 65 65 63 63 65 71 86 110 135 158 177 188 191 192 192 191 191 190 190 190 
63 63 63 62 61 60 62 62 64 64 65 65 65 65 67 66 65 66 66 65 65 66 66 65 65 66 66 64 65 63 63 64 64 64 65 64 64 64 65 63 64 64 64 63 65 65 64 64 68 78 97 122 147 168 183 189 190 190 191 191 190 190 190 190 
64 64 64 63 63 61 62 62 63 63 64 64 64 65 66 67 65 67 66 66 66 66 66 64 64 64 64 63 64 63 63 63 63 63 66 65 66 65 66 64 64 64 64 63 64 65 65 66 73 87 109 136 160 178 189 192 192 192 192 191 191 190 190 191 
62 63 64 63 63 62 63 62 63 62 64 64 64 65 65 66 65 66 66 66 65 65 66 65 64 65 64 64 64 62 63 63 63 63 66 65 65 65 66 64 63 63 64 62 64 65 65 68 80 98 121 147 169 184 190 192 192 192 191 191 191 190 191 192 
62 63 63 62 64 63 63 62 63 62 63 63 64 65 66 66 65 65 64 64 63 64 64 63 64 64 63 63 62 61 62 62 62 63 64 65 65 66 67 64 63 62 61 60 62 64 65 71 88 110 134 160 179 189 192 193 192 192 191 192 191 190 190 191 
63 63 63 62 64 64 64 64 64 64 63 64 64 64 63 65 63 64 63 63 62 63 64 64 66 66 64 63 62 60 62 61 62 63 64 63 64 65 66 64 63 62 61 60 62 64 69 79 101 125 149 172 187 192 194 194 193 193 192 192 191 190 190 191 
63 64 64 62 64 65 64 65 65 64 63 63 62 63 62 63 63 63 62 62 62 62 63 64 66 64 63 62 61 60 62 62 62 63 63 63 64 64 65 63 62 62 62 61 63 67 75 90 114 140 162 181 191 194 194 194 193 193 191 191 190 190 189 190 
64 65 64 62 64 65 64 65 65 64 63 63 63 62 62 63 63 63 63 62 62 63 63 64 66 65 62 63 62 61 63 64 64 64 64 63 62 62 63 62 62 62 62 60 63 70 84 103 129 155 174 187 193 193 193 192 191 191 190 190 189 188 189 190 
65 66 65 64 64 65 64 64 65 64 63 63 64 63 63 63 63 62 62 61 62 63 64 64 65 64 62 63 62 63 64 65 65 65 64 63 63 63 64 63 64 63 64 64 68 79 98 120 145 168 182 190 192 192 190 190 190 190 189 189 189 188 188 190 
66 67 66 64 64 64 62 63 63 63 63 64 64 63 63 63 63 62 63 63 64 64 65 66 66 65 63 63 63 63 65 67 66 66 65 65 63 62 62 62 62 62 65 67 76 92 115 138 161 180 189 192 192 191 191 190 190 190 189 190 189 190 190 191 
66 66 65 63 63 62 61 61 62 62 63 63 64 63 64 63 64 62 62 63 63 64 66 65 64 63 61 63 63 64 66 68 66 66 66 65 63 62 62 62 62 62 67 74 87 107 133 154 173 185 190 191 191 190 190 190 190 191 190 190 190 190 190 193 
66 66 66 64 63 62 62 62 63 63 63 64 64 64 64 64 63 61 62 63 64 65 66 66 65 64 63 64 65 65 66 68 66 66 66 65 63 62 62 61 61 63 72 83 102 126 151 169 182 189 191 192 191 190 190 190 190 191 190 191 192 191 191 194 
65 66 66 64 63 62 62 62 62 63 63 63 63 64 64 64 63 62 62 63 63 64 66 66 66 65 65 65 65 65 66 67 65 65 65 65 64 63 63 63 65 70 84 101 124 147 168 180 188 190 189 190 190 190 190 191 191 192 191 192 192 192 192 193 
65 65 66 64 64 63 63 62 62 63 63 62 62 63 63 63 63 62 62 63 63 64 65 66 66 65 65 66 65 65 65 66 64 64 64 63 63 63 62 63 68 78 96 118 143 164 180 187 191 191 190 191 192 191 191 191 191 190 191 191 191 192 192 193 
63 64 65 64 64 64 64 64 63 64 64 62 63 64 64 65 64 64 63 63 63 63 64 64 65 65 65 65 65 65 65 65 64 65 64 64 64 64 64 69 79 94 116 139 161 178 187 190 191 190 189 190 192 192 192 192 190 190 190 191 191 192 192 192 
63 65 65 64 64 64 64 63 63 64 64 63 62 64 63 64 63 64 63 62 63 63 64 64 65 65 66 65 65 66 65 64 63 64 63 63 63 67 70 80 95 116 138 159 176 187 192 192 192 191 190 190 191 191 191 191 191 190 190 191 191 191 191 190 
63 65 65 64 66 65 64 64 64 63 63 62 62 63 63 63 63 63 62 62 63 64 64 64 65 64 65 65 65 65 64 63 63 63 62 63 65 72 81 96 117 138 158 174 186 191 193 191 191 191 189 190 192 192 193 193 192 191 190 190 190 190 190 190 
62 64 64 63 65 65 65 65 66 65 65 64 63 63 63 63 63 64 63 63 63 64 64 64 65 65 65 65 64 65 64 64 63 62 62 66 71 83 98 117 137 157 171 183 189 192 192 192 191 191 191 191 192 193 192 192 190 191 190 190 191 191 190 189 
63 64 64 64 65 66 66 66 66 65 64 63 63 64 63 64 64 65 65 64 64 64 64 63 64 64 64 64 64 65 64 64 63 64 65 73 84 100 119 140 160 174 183 190 192 191 192 192 191 192 191 191 192 193 192 191 191 192 191 191 191 191 190 190 
63 65 64 64 66 67 66 67 66 64 63 63 63 63 63 63 63 64 64 63 63 63 63 63 63 64 63 63 63 65 64 64 64 67 73 85 102 122 143 161 176 185 189 192 192 191 192 192 192 192 192 191 191 191 191 190 191 192 191 191 192 191 190 190 
61 63 63 64 66 67 67 68 66 64 63 62 63 63 63 64 64 64 65 64 63 63 63 62 63 64 63 64 63 65 65 66 70 78 89 105 125 144 161 174 184 189 192 193 193 193 193 192 192 193 192 192 192 190 190 190 190 191 191 191 191 191 189 191 
62 63 63 64 64 66 67 67 66 65 64 62 64 64 63 65 66 66 66 65 63 63 63 63 63 64 63 64 63 66 70 75 83 97 113 131 149 165 178 185 189 192 193 193 194 194 193 192 191 192 191 191 190 188 187 189 190 191 192 192 192 191 190 191 
63 62 63 64 64 66 66 66 65 64 63 63 64 64 65 66 66 65 66 64 63 63 63 63 62 63 62 65 66 72 81 92 104 121 139 154 169 180 187 190 190 192 193 194 195 195 194 193 192 192 191 190 189 188 188 190 191 191 192 192 192 191 191 192 
63 63 63 63 64 65 66 66 66 65 64 64 64 63 64 65 64 63 64 63 61 63 63 63 61 63 65 70 75 86 98 112 126 144 160 173 183 189 191 190 190 191 193 194 196 195 195 193 191 191 191 189 189 188 188 189 191 192 193 192 192 192 192 193 
64 62 62 61 62 63 65 65 66 66 65 64 65 63 63 64 63 62 63 64 62 63 64 64 65 71 77 88 97 110 124 139 152 167 178 186 190 192 192 191 191 192 194 195 196 195 194 193 190 190 190 189 189 189 190 191 191 191 192 192 192 192 192 193 
65 62 62 61 62 63 65 65 67 66 66 65 65 64 64 64 63 62 64 64 63 65 68 71 76 86 96 108 120 134 147 161 172 182 187 192 193 193 194 193 191 192 192 192 193 193 192 191 190 190 189 188 188 189 189 190 191 190 191 191 192 193 194 195 
64 62 62 61 61 62 65 65 65 65 65 64 64 64 65 64 63 63 64 65 66 70 77 86 95 109 121 134 145 158 168 178 184 189 190 192 191 191 191 190 190 190 192 192 194 193 192 191 190 190 189 189 189 190 190 191 191 190 190 191 192 193 194 195 
65 63 62 61 62 63 65 64 65 65 65 64 64 65 64 64 63 66 69 74 79 88 97 108 120 135 147 159 168 177 182 187 189 191 190 192 191 191 192 191 190 191 192 192 193 194 192 191 190 190 190 190 190 191 190 190 189 189 189 190 191 193 193 195 
61 61 61 61 62 64 65 64 64 64 63 63 65 67 68 71 73 79 86 93 102 113 122 134 146 159 170 179 184 188 189 191 192 192 192 193 191 191 192 191 190 190 190 191 192 193 192 192 191 191 190 191 192 192 191 190 189 189 188 190 191 192 193 194 
61 62 62 62 63 64 65 65 66 68 68 71 74 80 84 91 95 104 112 120 127 138 147 157 167 177 183 187 188 191 189 191 191 191 191 192 190 190 192 190 190 189 189 190 192 194 194 193 192 191 190 192 191 191 190 188 187 188 187 188 190 192 192 193 
70 72 72 72 72 75 76 78 80 85 88 93 98 105 110 116 122 131 138 146 154 163 169 176 182 186 189 190 190 192 191 192 193 192 192 192 191 191 192 191 192 190 190 192 193 195 194 194 192 192 192 192 192 192 190 188 188 188 188 189 190 191 190 191 
91 93 94 96 97 100 102 105 107 112 114 118 123 129 134 141 148 156 164 171 177 183 185 187 188 189 190 191 191 193 193 193 194 193 192 192 192 193 193 192 192 191 191 192 194 195 194 194 192 192 192 193 192 192 190 187 187 189 189 190 191 192 190 191 
118 119 121 123 124 126 127 130 132 137 140 145 149 155 160 167 173 179 184 188 190 191 190 191 190 190 190 190 191 193 193 193 194 193 191 191 192 193 193 192 193 192 191 192 194 194 193 193 193 192 194 193 192 191 189 187 188 191 190 191 192 193 192 192 
145 145 146 147 148 150 152 155 157 163 166 171 175 180 183 186 189 191 192 193 193 192 192 192 191 191 190 190 191 193 193 193 195 193 190 190 192 191 193 193 193 193 194 194 194 194 193 193 193 193 194 193 192 191 190 189 190 192 190 191 191 192 191 192 
171 171 172 173 174 176 177 179 180 184 185 187 189 192 192 191 192 191 191 191 192 192 192 192 192 192 192 192 192 193 194 192 194 193 191 191 193 192 193 194 193 194 193 194 193 193 192 191 192 193 194 192 192 191 190 189 191 193 192 193 192 193 191 193 
187 186 187 190 190 191 191 191 190 191 191 192 192 193 193 192 192 191 191 190 191 191 191 192 193 192 192 192 191 191 192 191 193 193 192 191 193 192 192 192 192 194 193 193 191 192 191 192 192 193 194 192 191 191 191 190 192 194 193 194 194 194 193 194 
191 191 191 192 191 191 190 190 189 191 191 192 193 195 194 192 192 190 190 189 190 190 190 191 192 191 191 191 189 189 190 190 192 192 191 190 192 192 192 193 193 194 192 193 190 191 191 193 193 195 195 193 191 191 190 190 191 192 192 193 192 192 192 192 
190 190 189 190 189 190 190 190 190 192 192 192 193 194 193 191 191 189 190 188 189 190 189 189 191 191 190 190 189 189 190 190 192 192 192 191 192 191 192 193 193 193 193 192 189 191 191 192 193 195 195 193 191 191 190 190 192 192 192 193 191 191 191 191 
190 190 189 191 190 190 190 190 189 191 192 191 193 194 193 192 192 191 191 189 190 190 187 188 191 190 190 190 188 188 189 189 192 193 193 192 193 193 192 193 193 193 191 191 188 190 190 193 193 194 195 193 190 191 190 189 191 192 192 194 193 192 192 191 

65 64 64 63 63 64 66 65 66 66 65 64 62 62 61 62 63 64 63 64 63 61 61 61 60 60 62 62 64 64 63 62 61 59 61 61 61 61 63 61 62 62 63 62 63 63 63 62 62 63 62 62 63 61 67 84 111 136 161 182 190 189 190 190 
66 64 65 63 62 61 63 62 63 64 63 63 62 61 61 62 63 64 64 65 64 62 61 61 60 60 61 63 64 63 63 62 61 61 62 62 62 61 63 62 63 64 64 63 63 62 62 61 62 63 63 63 64 62 68 85 110 135 161 181 190 190 190 190 
66 65 65 64 62 62 63 62 63 63 63 63 62 61 62 63 64 65 65 66 65 63 63 62 61 61 62 63 63 63 63 62 62 62 62 62 62 61 63 63 64 64 64 63 63 62 62 62 63 64 63 63 64 62 68 84 110 135 160 181 190 190 190 190 
67 65 66 65 64 63 63 62 62 62 62 62 62 62 62 64 65 66 66 67 66 65 63 64 62 62 62 64 63 63 64 62 63 62 63 62 62 61 62 63 64 65 65 64 63 63 64 64 66 66 65 65 65 64 69 85 109 135 159 180 190 190 190 191 
66 64 65 64 63 62 62 61 62 61 60 61 61 61 62 64 64 65 64 65 64 64 63 64 63 62 62 63 63 62 64 63 64 64 64 63 63 61 61 62 64 65 65 65 64 63 63 64 65 65 64 63 64 63 69 84 109 135 160 180 190 190 190 190 
65 63 64 62 61 61 60 59 61 61 60 61 62 62 62 63 64 64 63 64 64 64 64 65 64 63 64 64 63 62 63 63 65 65 65 64 64 61 61 62 64 64 64 65 63 63 63 63 63 64 63 63 63 62 69 85 109 135 161 180 191 191 192 192 
65 64 64 63 62 63 63 62 63 62 61 62 62 63 64 65 64 64 63 64 64 64 64 66 65 64 65 65 64 63 65 64 66 66 66 64 64 61 61 61 62 62 63 64 63 63 64 64 63 63 63 62 61 62 69 85 110 136 162 182 191 192 193 192 
64 63 63 62 62 63 63 62 62 62 61 61 62 62 63 64 63 63 62 63 63 64 64 66 66 65 66 66 66 65 65 63 64 64 64 63 64 61 60 59 61 60 62 64 64 63 64 63 62 62 63 61 62 62 70 86 111 136 164 182 192 193 194 193 
64 64 64 63 62 62 62 62 62 62 62 62 62 61 62 62 61 61 62 63 63 64 65 65 66 65 66 66 67 65 65 64 64 63 64 63 64 62 61 60 61 60 61 63 64 63 65 63 62 61 61 60 60 61 70 89 115 141 168 186 193 194 194 193 
64 64 64 64 63 64 64 63 62 62 61 62 62 62 63 63 62 63 64 65 65 65 66 66 66 66 67 66 67 65 65 64 63 62 63 62 63 61 61 60 60 59 61 62 64 64 65 64 63 61 61 61 61 61 73 93 120 145 172 186 192 193 193 192 
64 64 64 64 63 64 65 64 63 62 62 62 63 64 64 65 64 64 64 65 65 65 66 66 67 66 67 66 67 65 66 65 64 62 62 62 62 62 62 61 61 61 62 64 65 65 65 64 64 63 63 61 62 63 76 97 124 149 174 187 191 192 193 192 
62 62 62 64 62 63 64 63 62 63 62 63 64 63 64 64 64 64 65 65 66 66 66 66 67 66 67 66 66 65 64 62 62 61 62 62 62 62 62 61 62 62 62 64 64 64 65 64 65 64 64 63 63 64 80 102 128 153 177 187 191 191 192 191 
62 63 63 64 63 63 63 63 63 63 62 63 64 63 64 63 63 64 64 65 66 65 65 65 65 65 66 65 65 64 64 64 64 64 64 63 62 63 63 62 62 63 63 65 64 65 65 65 65 64 64 63 63 67 85 109 135 161 182 190 191 192 191 191 
62 62 61 63 63 63 64 64 64 63 62 62 63 64 65 65 65 65 65 65 65 65 64 64 65 65 65 64 64 63 64 63 65 64 63 63 62 62 63 63 63 64 64 65 64 64 64 64 65 65 64 63 64 69 90 114 140 164 184 188 191 192 192 191 
60 61 61 62 62 63 63 63 63 63 62 62 62 62 63 64 65 64 65 64 64 65 64 64 65 65 64 64 64 64 64 65 65 65 64 64 62 63 63 64 64 65 65 66 63 64 64 63 64 64 64 62 64 72 95 120 146 169 186 189 191 192 193 193 
63 64 64 64 64 64 63 63 63 62 62 62 62 63 64 64 64 65 65 64 64 65 64 64 64 64 64 63 64 64 64 64 65 65 64 63 63 63 63 64 63 64 64 65 64 64 64 62 63 63 64 64 67 78 102 127 153 176 189 190 190 191 192 191 
64 64 64 64 65 65 64 63 62 62 61 62 62 63 63 63 63 64 64 63 63 65 63 63 63 63 62 63 64 65 65 66 65 65 65 65 64 64 64 65 64 64 65 65 64 64 64 63 63 63 63 63 67 82 107 133 159 180 190 190 190 191 191 191 
64 64 64 63 65 65 65 64 63 62 61 62 62 63 64 64 64 64 64 64 64 65 66 65 65 64 63 63 63 65 65 66 65 65 64 65 65 66 64 64 63 62 63 64 64 64 64 63 63 64 64 65 72 89 115 141 166 184 191 191 190 190 190 191 
64 64 64 63 64 65 64 63 63 63 62 63 64 65 65 65 65 65 64 63 64 65 65 65 64 64 63 62 63 64 64 65 65 65 65 65 65 65 64 63 63 62 63 64 64 65 64 63 64 65 65 67 78 97 123 149 173 189 194 192 191 191 190 191 
65 65 65 64 64 65 64 63 64 63 64 65 66 65 66 64 64 64 64 64 64 65 65 66 64 64 62 61 62 64 64 65 65 66 65 65 66 65 64 63 62 61 62 62 63 65 64 64 65 65 64 69 83 104 129 156 179 192 194 192 191 190 189 190 
63 63 63 63 65 65 65 65 66 65 65 67 66 65 65 64 64 64 64 63 64 64 64 65 64 63 61 61 61 63 63 64 64 65 63 65 65 65 64 63 62 61 61 61 63 64 64 65 66 66 65 72 89 113 138 164 185 194 195 194 194 192 191 192 
64 64 64 64 66 66 65 65 66 64 65 67 67 66 67 66 66 65 65 64 64 64 64 64 63 62 61 60 60 62 62 63 64 65 63 65 64 64 62 62 61 62 62 61 63 64 64 64 66 65 68 79 99 124 149 172 188 195 195 195 195 193 193 192 
64 63 64 64 65 66 66 65 66 65 66 68 68 67 67 66 65 65 64 64 63 64 64 63 63 63 61 61 61 62 62 63 63 64 63 64 63 63 62 63 62 62 62 61 63 64 64 63 65 66 72 87 110 135 158 178 190 194 194 194 194 194 193 193 
65 64 64 63 64 65 65 65 66 65 65 66 66 65 66 65 65 65 65 65 65 65 65 64 64 64 63 62 63 64 63 63 64 64 63 64 64 63 63 63 62 62 63 62 63 64 63 63 64 66 78 97 122 147 169 184 192 194 194 194 194 193 193 193 
65 65 64 64 64 64 64 65 66 64 65 66 66 66 66 66 65 65 65 64 65 65 65 64 64 64 64 63 64 63 63 63 63 64 63 63 63 62 62 63 63 64 65 64 65 65 64 63 65 71 87 110 135 160 179 188 192 193 193 193 193 192 191 191 
65 65 64 63 63 62 63 64 64 63 64 64 65 66 68 68 67 66 66 65 65 65 66 64 64 64 64 62 64 64 64 64 65 66 65 65 65 63 62 63 62 63 65 64 66 66 64 63 67 76 97 121 147 169 184 190 191 192 192 192 192 191 190 191 
64 63 63 62 61 60 62 62 63 64 64 65 66 67 67 68 66 66 65 65 66 67 67 65 65 66 65 63 65 65 64 64 65 65 65 64 65 64 64 64 63 63 64 64 66 66 65 65 72 86 109 134 159 178 188 191 192 192 192 192 191 191 190 191 
64 64 64 63 63 62 63 62 63 64 64 65 66 67 68 68 66 66 66 66 65 65 66 64 63 63 63 62 63 64 63 63 64 64 64 64 65 65 65 64 63 63 64 64 65 66 65 67 77 95 119 146 169 184 191 192 193 192 192 192 192 192 191 193 
62 63 64 62 63 61 62 61 62 63 64 65 65 66 66 67 65 65 65 65 63 65 65 64 63 64 63 62 62 63 63 63 63 64 64 64 65 64 65 64 62 62 63 62 65 66 66 72 88 109 133 158 178 187 191 193 193 192 191 192 192 191 191 192 
63 63 64 63 64 63 63 62 62 62 63 65 65 67 66 67 64 64 63 63 62 63 64 62 62 63 62 62 62 62 62 62 62 63 63 64 65 65 65 64 62 62 61 61 63 64 67 77 97 121 146 169 184 190 191 193 193 193 192 193 192 191 192 193 
63 63 63 62 64 64 63 63 63 63 63 65 65 66 65 65 63 63 63 63 61 63 64 63 65 65 63 63 62 61 62 62 62 63 63 63 64 65 65 64 63 62 61 61 63 66 73 87 111 136 160 180 190 192 193 194 193 193 193 193 192 191 191 191 
63 64 64 62 64 64 64 64 64 63 63 64 64 64 64 63 62 62 62 61 61 62 62 63 65 64 62 62 61 60 62 62 62 63 63 63 64 65 64 63 62 61 62 61 64 69 82 100 126 151 172 187 193 194 193 194 193 193 192 192 190 190 190 191 
63 64 64 62 63 64 63 64 64 63 63 64 63 63 63 63 63 63 63 62 61 62 63 64 66 65 63 63 62 62 63 64 64 65 64 64 63 63 64 63 62 61 62 62 66 76 95 116 143 166 183 191 194 193 192 193 193 193 192 192 190 189 189 189 
64 65 65 64 65 65 64 64 65 63 64 65 65 65 65 64 64 62 62 61 62 62 63 64 65 64 62 62 62 62 64 65 65 65 64 63 63 63 63 63 64 63 64 67 74 87 110 133 156 176 188 192 193 192 191 192 192 192 191 191 190 189 189 190 
64 65 65 64 63 63 62 62 62 62 64 64 65 64 65 63 64 62 63 63 63 63 64 65 66 64 63 62 62 62 64 66 66 66 65 65 64 63 62 62 63 62 66 72 85 103 130 151 171 185 191 192 192 192 192 192 192 193 191 190 190 190 190 192 
65 65 65 63 63 62 62 62 62 62 63 63 64 64 65 64 64 62 62 62 62 63 64 65 64 62 61 61 62 62 64 66 65 65 65 65 63 62 62 62 62 62 70 81 98 120 147 166 181 189 192 192 191 192 192 193 192 193 191 191 191 191 191 193 
64 65 65 64 62 62 63 63 63 63 63 63 63 63 64 64 64 62 62 62 63 64 66 66 65 64 63 63 63 64 65 66 65 65 64 64 62 61 62 62 63 66 78 94 116 140 163 178 188 191 192 191 191 192 192 192 193 194 192 192 194 193 192 195 
65 65 65 63 63 62 63 63 63 64 64 63 63 65 65 64 64 63 63 63 63 63 66 66 65 65 64 63 63 63 65 65 65 64 64 64 63 62 63 64 68 77 93 114 138 160 177 186 191 191 190 190 191 191 192 192 194 194 192 193 194 192 192 193 
65 65 66 63 63 63 63 63 63 64 64 62 61 63 63 63 64 62 63 63 64 63 65 65 65 65 65 64 64 64 65 65 64 64 64 63 62 62 63 66 74 88 110 132 156 174 187 191 193 193 192 191 191 192 193 192 193 193 192 192 193 192 192 193 
64 64 65 63 63 64 65 65 65 65 64 63 62 64 64 65 65 64 63 63 63 63 64 64 64 64 64 64 64 64 64 64 64 64 64 63 63 64 67 74 88 107 130 152 171 185 191 193 193 193 192 192 193 193 194 192 192 193 192 192 193 193 193 193 
63 64 64 63 64 65 65 65 66 65 65 63 63 64 63 64 63 63 62 63 63 63 64 64 65 65 66 65 64 64 64 63 63 63 63 63 64 69 76 88 107 129 151 169 183 191 194 193 193 193 191 191 192 193 192 192 191 191 191 192 192 192 192 192 
62 64 64 63 65 65 64 65 65 64 63 62 62 63 63 63 63 63 62 63 63 63 63 63 64 64 64 64 63 63 63 62 62 62 61 63 67 77 90 108 129 151 167 180 188 192 193 192 192 193 191 191 192 193 194 192 192 191 190 190 190 190 191 190 
61 63 62 62 64 65 65 65 66 64 63 62 62 62 62 63 63 63 63 62 63 64 64 64 66 65 64 64 62 63 62 62 61 61 63 68 77 91 110 129 149 166 177 186 190 192 192 192 191 192 191 192 193 194 193 192 190 191 190 190 191 192 191 190 
60 62 61 61 64 65 66 66 65 64 62 61 61 62 62 63 63 64 64 63 63 63 63 64 65 65 63 63 62 63 62 62 63 65 69 79 93 112 132 152 168 180 185 191 192 192 192 193 192 193 191 191 192 193 193 191 191 191 191 191 193 193 192 191 
61 62 62 62 65 66 66 67 65 64 62 61 61 62 63 63 63 64 64 62 63 63 63 64 64 64 62 63 62 63 62 63 66 72 81 97 115 135 155 170 182 188 191 192 192 192 192 192 192 192 191 191 191 191 191 190 190 191 191 191 193 192 192 191 
60 61 61 63 65 66 67 67 65 64 63 62 62 62 62 63 63 63 64 63 62 63 63 64 64 65 63 64 62 63 64 68 75 86 101 120 139 156 172 182 187 191 192 193 193 193 193 192 192 193 193 192 192 191 191 191 191 192 192 191 193 192 191 192 
61 62 62 63 64 66 67 66 65 65 64 62 63 64 64 65 65 65 65 63 62 63 63 63 63 63 63 64 64 68 73 82 94 109 128 146 162 175 185 190 191 193 194 194 194 194 193 192 192 193 192 191 191 189 189 190 190 192 193 193 194 193 193 193 
62 62 62 63 64 65 66 66 64 64 64 64 65 65 65 65 65 64 64 63 62 63 62 62 61 62 63 66 71 79 90 103 117 134 152 166 177 185 190 192 191 193 194 194 195 195 194 193 193 192 192 191 190 188 189 190 191 192 193 193 193 193 193 193 
62 62 62 63 63 64 66 66 66 65 65 65 66 65 65 65 63 63 63 62 61 62 62 62 61 64 68 76 86 97 111 126 140 155 171 181 187 192 193 192 190 191 193 194 195 194 194 192 191 190 191 189 189 188 189 189 191 192 193 193 193 192 193 193 
62 61 61 61 62 63 65 65 66 66 65 65 65 64 62 63 62 61 62 63 62 62 64 65 68 75 86 97 109 123 138 152 163 175 185 190 191 193 193 192 191 192 193 194 196 195 194 192 191 190 191 190 190 190 191 191 191 191 192 192 192 192 193 193 
63 62 61 60 60 62 64 64 66 66 66 65 65 63 63 62 62 62 63 64 64 66 70 75 83 94 107 120 133 147 160 171 180 186 190 193 192 193 194 193 192 192 192 192 194 193 192 192 190 189 189 189 189 189 190 190 190 190 191 191 191 192 193 194 
63 61 61 60 60 61 64 64 65 65 65 64 64 63 63 62 62 63 66 68 72 77 86 95 107 119 134 146 158 169 178 185 188 191 191 193 192 192 192 191 191 191 192 192 194 193 192 191 189 188 189 188 189 189 191 191 191 190 190 190 191 192 193 194 
63 62 61 61 61 62 65 65 66 66 65 63 63 62 62 64 65 69 76 81 90 99 110 121 134 147 160 170 178 185 188 190 191 192 192 193 192 192 193 191 191 191 193 192 193 193 192 192 189 189 189 189 189 190 190 190 189 189 189 190 190 191 192 193 
61 62 61 62 62 64 64 64 65 65 64 65 66 69 72 76 81 89 97 105 114 125 135 146 159 169 180 185 188 191 191 192 191 192 191 193 192 192 193 192 191 192 191 191 192 193 192 192 191 190 190 191 191 190 190 190 189 189 189 189 189 191 191 191 
68 68 68 68 68 69 71 72 73 74 76 78 82 88 94 100 106 116 124 131 140 150 159 169 178 184 188 190 191 192 191 192 191 191 191 192 190 192 193 192 192 191 191 191 192 193 194 193 192 192 191 192 191 191 190 188 187 188 188 188 189 190 190 191 
82 83 83 83 83 85 87 89 93 97 99 103 108 114 120 127 133 143 150 156 165 174 178 183 188 190 191 191 192 193 192 194 193 192 191 191 190 192 192 192 193 191 191 192 193 194 194 194 192 192 192 192 192 191 189 187 188 189 188 189 189 190 189 190 
107 109 109 109 110 112 113 116 119 124 127 130 135 141 147 153 159 168 174 179 184 188 189 190 190 191 191 191 191 193 193 193 193 192 191 191 191 193 193 193 193 192 190 192 193 193 194 194 193 193 193 193 192 191 188 187 187 190 189 190 190 191 189 190 
134 135 136 136 136 137 138 140 144 149 152 157 161 167 173 177 182 187 189 190 192 192 191 191 190 190 189 190 191 193 193 194 194 192 190 190 191 192 193 193 193 192 190 192 193 193 193 194 194 194 194 194 192 191 189 188 189 192 190 191 191 191 190 191 
161 161 160 160 160 162 163 166 169 174 177 181 183 187 189 189 192 192 192 192 192 192 192 192 191 191 190 190 191 193 194 194 195 193 190 190 191 190 191 192 193 192 192 193 193 192 193 193 194 194 195 194 193 191 190 189 190 192 191 191 191 191 190 191 
180 180 180 180 180 182 183 184 186 190 190 192 193 195 194 192 193 191 191 190 192 191 192 192 192 192 192 192 193 193 194 193 195 192 190 190 192 191 192 193 192 192 192 192 192 191 191 191 193 193 194 193 192 191 190 190 191 193 192 193 192 191 191 191 
192 191 191 192 192 192 191 191 189 191 191 193 193 195 194 192 192 190 190 189 191 190 191 192 193 192 192 191 191 191 192 192 194 192 191 190 191 190 191 191 191 192 191 192 191 191 191 191 192 193 194 193 191 191 190 190 192 193 193 194 193 192 192 192 
192 191 191 192 192 191 190 191 189 190 191 192 193 195 194 191 191 189 189 187 189 189 190 191 192 191 191 191 190 190 191 192 193 191 192 190 190 190 191 191 191 192 191 192 189 191 191 193 193 194 195 192 191 191 189 189 191 192 192 193 192 192 192 191 
191 190 189 191 190 190 190 191 189 191 191 192 193 195 193 191 191 188 188 187 188 189 189 190 192 191 191 190 190 189 191 191 193 191 192 191 191 190 191 191 191 191 191 191 189 190 191 192 192 193 193 191 189 190 189 189 191 191 192 193 191 191 191 190 
191 190 190 192 191 190 190 191 189 191 192 191 193 195 194 192 192 191 190 187 189 189 187 188 191 190 190 190 189 188 190 191 193 192 193 191 191 192 192 192 191 192 190 190 188 191 192 194 192 193 193 190 188 190 189 189 191 191 193 194 193 192 193 191 

66 64 66 64 64 63 65 64 65 64 64 63 62 62 62 63 64 65 63 64 62 60 59 58 59 60 62 63 66 66 65 62 62 59 59 59 60 59 62 61 61 62 63 62 62 63 62 61 62 63 64 64 66 64 74 93 119 145 171 186 191 192 191 191 
66 65 66 64 63 62 63 60 62 62 62 62 61 61 61 62 64 65 64 65 63 61 59 58 59 59 61 63 65 65 65 63 62 61 61 60 61 60 62 62 62 63 64 63 62 62 61 60 61 63 63 64 65 64 74 94 119 145 170 186 192 192 191 192 
67 66 66 65 63 63 63 61 62 62 61 61 61 61 62 63 64 65 65 65 64 62 61 61 60 61 61 63 64 64 65 63 63 62 62 60 62 61 63 63 64 64 64 63 63 63 62 61 62 63 63 64 65 64 74 94 119 145 169 185 191 192 191 192 
67 66 67 65 64 63 62 60 61 61 60 61 62 61 62 63 65 65 65 66 65 64 62 62 60 61 62 64 64 64 65 62 63 62 63 62 63 62 64 64 65 65 66 64 65 65 63 63 64 64 64 65 65 65 74 94 118 145 169 185 191 192 191 192 
66 65 65 64 63 62 61 59 60 59 58 59 60 60 61 63 64 64 64 65 65 63 62 62 61 61 61 63 63 63 65 63 64 64 64 63 64 62 62 63 65 65 65 64 65 64 63 63 64 64 64 63 64 63 74 93 119 146 170 186 192 192 190 192 
65 64 64 63 61 61 60 58 59 59 58 59 60 60 61 62 63 63 64 64 65 64 63 63 63 63 63 64 63 62 63 63 64 65 66 64 65 63 63 63 64 65 65 65 64 64 63 63 63 63 62 62 62 62 74 95 119 146 170 186 191 192 192 192 
65 64 64 63 62 63 62 62 62 61 60 61 62 62 63 63 64 64 65 66 66 65 65 65 64 64 64 63 63 63 64 63 65 65 66 65 65 63 63 62 63 63 64 65 65 64 65 64 63 62 62 61 62 62 74 96 121 148 173 187 192 192 192 192 
63 62 63 62 62 62 63 62 61 60 60 61 62 62 63 63 63 63 64 65 65 64 65 65 64 64 65 64 64 64 64 63 64 64 64 64 64 61 61 61 62 61 64 65 65 64 65 63 62 62 62 62 63 64 78 99 124 149 174 187 191 192 193 193 
63 62 63 63 62 63 63 62 61 61 60 61 61 61 62 63 61 62 63 64 64 65 65 65 65 66 65 65 65 64 64 65 64 64 65 63 63 62 61 60 61 60 62 64 64 64 65 63 62 61 61 60 61 64 79 102 128 153 177 189 192 192 192 192 
64 64 64 65 64 64 64 63 62 61 61 62 62 62 63 64 62 64 65 66 66 66 66 65 65 65 65 64 65 63 63 63 62 61 63 62 62 61 61 60 60 60 62 63 65 65 66 64 63 62 61 61 62 66 83 107 132 157 180 189 191 192 193 193 
63 63 64 65 64 64 64 63 61 61 61 62 63 64 64 65 64 65 65 67 66 66 66 66 65 65 65 64 65 63 64 64 63 61 63 62 62 62 62 61 61 61 63 64 64 65 65 64 63 63 63 62 63 68 87 111 137 162 182 190 192 192 192 193 
62 62 63 64 63 63 63 62 60 61 61 62 63 63 64 63 63 64 64 65 66 66 66 66 66 65 65 64 65 63 63 62 62 60 61 62 62 63 63 62 62 62 63 64 64 64 65 64 64 64 64 63 64 70 92 115 140 166 184 189 191 192 192 193 
63 63 63 64 62 62 62 62 62 61 62 62 63 63 63 62 62 63 63 64 65 66 65 65 65 64 64 63 64 63 63 63 64 62 63 64 63 64 64 63 63 63 63 64 63 64 65 64 64 64 63 62 64 72 96 121 147 173 189 191 192 192 191 191 
63 64 63 64 63 63 63 63 63 62 62 62 63 64 65 64 64 66 65 65 66 65 64 64 64 63 64 63 64 63 63 63 63 62 62 63 63 63 64 64 64 64 64 65 63 63 64 63 63 63 63 62 65 76 101 125 151 174 189 190 192 192 192 193 
61 63 63 63 62 63 63 63 63 63 63 62 63 63 63 63 64 64 64 64 65 65 64 64 65 65 65 64 65 65 64 64 65 63 62 64 63 64 63 65 65 65 65 66 64 63 63 62 62 62 63 62 67 81 106 131 157 178 190 190 192 192 193 193 
64 65 65 65 64 64 64 64 64 64 64 63 63 63 64 63 63 64 64 64 64 65 65 64 64 65 65 64 65 66 65 64 64 63 62 62 62 63 63 64 64 64 65 65 64 63 63 62 62 62 63 63 70 87 113 138 164 182 190 189 191 190 191 191 
65 65 66 65 64 65 65 64 64 65 64 64 63 64 64 63 62 63 62 62 63 64 63 63 64 64 64 65 66 67 66 66 65 65 63 64 63 63 63 64 64 64 65 65 64 63 63 62 62 62 62 63 73 93 119 145 170 186 190 190 190 189 190 190 
66 66 66 65 64 66 66 65 65 65 64 64 63 64 64 64 63 64 63 63 64 65 65 65 65 65 64 65 65 66 66 66 65 65 63 64 64 64 62 63 62 62 63 63 63 62 62 61 62 62 63 66 78 100 126 152 176 188 191 190 190 189 190 191 
64 64 64 63 62 64 64 63 64 65 64 65 65 65 65 65 63 63 63 63 63 64 65 66 66 65 64 64 64 65 65 66 65 65 65 65 64 64 63 63 63 63 63 63 64 64 62 62 64 64 64 70 85 108 134 161 182 192 193 191 191 190 190 190 
65 63 64 64 62 63 64 63 64 65 65 66 66 65 65 65 64 64 63 64 63 64 65 66 65 64 63 63 63 65 65 66 66 65 64 64 64 63 63 63 62 62 62 61 62 64 63 63 65 65 65 74 92 116 141 168 186 193 193 191 190 190 189 190 
65 63 64 63 62 63 63 63 64 65 65 66 66 64 64 64 63 63 63 64 63 63 64 65 64 63 62 61 61 63 63 65 65 65 63 64 64 64 63 63 62 62 61 61 62 64 63 64 65 65 66 79 99 124 149 174 189 194 194 194 193 192 191 191 
64 64 64 64 64 64 64 63 64 64 64 66 67 66 66 66 65 63 64 64 62 63 65 64 63 63 61 60 60 62 62 63 64 64 63 64 64 63 63 63 62 62 62 61 62 64 63 64 65 66 71 88 111 135 159 180 190 193 195 194 194 194 193 192 
63 63 64 64 64 64 64 62 64 64 65 66 67 66 66 66 65 64 64 63 62 63 64 64 63 63 61 61 61 62 62 63 63 63 63 64 64 63 64 64 63 63 63 62 63 65 64 64 65 68 78 98 121 146 168 184 190 193 194 194 194 194 193 192 
65 65 65 64 63 64 63 63 64 64 64 65 66 65 65 65 65 64 65 64 64 65 66 64 63 63 62 61 62 63 62 63 63 62 62 63 63 63 64 64 63 62 62 61 63 64 64 64 65 71 87 109 134 159 178 187 191 193 194 195 195 194 193 192 
65 66 66 64 64 64 63 63 65 65 64 66 66 65 65 66 65 65 65 64 65 65 66 65 64 64 63 62 63 63 62 62 63 62 62 63 63 63 64 64 63 63 64 63 64 64 64 64 67 77 97 123 148 170 185 190 192 193 193 194 194 192 191 191 
63 64 64 63 63 63 63 63 64 64 64 65 65 65 66 67 67 66 66 65 65 65 66 65 64 64 64 62 63 63 63 63 64 64 65 65 65 64 64 63 62 62 64 63 65 65 65 65 71 86 109 136 160 179 190 191 191 192 192 192 192 191 190 191 
64 63 64 62 61 61 61 62 64 65 65 66 65 65 65 67 66 66 66 66 66 66 67 65 65 65 64 62 64 64 63 63 64 64 65 65 65 65 65 64 64 63 64 62 65 65 65 68 79 97 122 148 171 185 192 193 193 192 192 192 192 190 189 190 
64 64 65 63 63 62 62 62 63 65 65 66 66 66 66 67 66 65 65 66 65 65 65 64 62 62 63 62 63 64 64 62 63 63 63 64 65 64 65 65 64 63 64 63 65 65 65 71 87 107 133 159 180 190 194 193 193 192 191 191 192 191 191 193 
63 63 64 62 62 61 61 61 62 63 64 66 65 65 65 66 64 64 64 65 63 64 65 64 62 63 63 62 62 63 63 62 63 64 64 65 65 65 65 64 63 63 64 62 65 65 68 77 97 120 145 169 185 192 194 194 194 193 191 191 191 191 191 193 
64 64 64 63 63 62 62 62 62 62 63 65 65 66 65 65 63 63 63 63 62 63 64 62 62 62 63 62 62 62 63 62 63 64 64 65 65 65 65 64 63 62 62 62 64 65 71 85 108 132 157 178 189 192 192 193 193 193 192 192 192 191 191 192 
65 64 64 63 63 62 63 62 63 63 64 65 65 65 65 64 62 61 62 63 62 63 64 64 64 65 64 64 63 63 63 63 63 64 64 64 65 65 65 64 64 63 63 63 66 69 80 98 123 147 170 185 192 193 194 193 193 193 193 193 192 191 190 190 
64 64 64 62 63 63 63 62 63 62 63 63 64 64 63 63 61 61 61 61 60 62 63 63 64 64 63 63 62 61 63 62 62 63 64 64 65 64 64 62 62 61 62 63 69 76 92 113 138 161 180 190 194 194 194 193 193 193 192 192 191 191 190 190 
64 65 64 62 63 64 63 63 64 62 63 63 63 63 63 63 62 61 62 61 61 63 64 63 65 65 63 64 64 63 64 65 65 65 65 65 64 63 63 62 62 61 63 65 73 85 106 129 154 174 188 193 194 193 193 193 193 193 192 192 191 189 188 188 
64 66 66 64 65 65 64 64 64 63 63 63 64 64 64 63 63 61 62 61 61 62 63 63 64 64 63 63 63 63 64 65 65 65 64 64 63 63 62 62 62 62 65 70 83 100 123 147 168 183 191 194 193 192 192 191 191 192 191 191 191 189 189 190 
64 65 66 64 63 62 62 61 62 61 63 63 63 63 63 63 63 62 63 63 63 64 65 65 65 65 63 63 63 63 64 65 66 66 65 65 64 62 62 61 62 62 68 78 96 118 143 163 181 190 193 192 192 192 192 192 192 193 191 191 191 191 190 192 
64 64 64 63 62 62 62 61 62 62 62 62 62 63 64 63 64 63 63 62 62 63 64 64 64 63 61 62 61 62 64 65 65 65 65 64 63 61 61 60 61 64 75 89 111 134 158 175 187 192 192 193 192 192 192 192 193 193 191 192 192 192 191 194 
64 64 65 64 63 64 64 65 64 64 64 64 62 63 64 64 64 63 63 63 63 63 65 65 65 65 64 63 63 63 64 64 64 64 64 63 62 60 61 61 65 73 87 106 130 153 172 184 191 193 192 192 190 192 192 192 192 194 191 192 194 192 192 194 
64 64 65 64 63 63 64 64 63 64 64 63 62 64 64 64 65 64 64 63 63 62 64 64 64 64 63 62 61 62 63 63 63 64 64 64 63 61 62 64 72 85 105 128 152 170 184 190 193 192 192 192 191 192 192 192 193 194 191 192 193 191 191 193 
66 66 66 64 64 64 64 65 64 65 64 63 61 63 63 62 63 63 63 63 63 63 64 64 64 64 64 64 63 62 63 63 63 64 64 63 63 62 65 70 82 100 125 147 168 182 190 192 193 192 192 192 192 193 194 193 193 193 191 192 192 191 191 192 
64 65 65 64 64 65 66 66 66 66 65 63 62 64 64 64 64 64 63 62 62 62 62 61 63 62 63 64 63 63 63 64 63 64 64 63 64 65 71 82 100 121 145 165 181 190 193 193 193 192 193 194 193 194 195 193 192 192 191 192 192 192 192 193 
64 65 65 64 65 66 66 66 65 66 65 64 63 64 63 63 63 62 62 62 62 62 62 61 62 62 63 63 64 63 64 64 63 64 64 64 66 74 84 100 121 144 163 180 190 195 195 194 193 192 192 192 192 194 194 192 191 191 190 191 191 192 192 192 
64 65 65 64 65 65 65 65 65 65 64 62 62 63 62 62 62 62 62 63 63 63 62 61 62 62 62 63 64 64 63 64 63 63 63 66 72 85 100 120 143 162 176 187 192 194 193 192 192 192 191 192 193 194 195 193 192 191 189 190 190 191 191 191 
63 64 64 63 64 64 65 65 65 64 63 62 62 62 61 62 61 62 62 63 64 64 63 63 64 63 63 63 63 63 63 63 63 64 67 75 86 103 123 142 161 175 183 189 192 192 192 192 192 192 191 192 192 194 194 192 190 190 190 190 191 192 192 192 
61 62 62 62 64 65 66 66 65 63 62 60 61 62 61 62 62 63 64 64 63 63 63 63 64 64 63 63 62 63 62 63 65 69 76 89 105 125 145 162 176 186 188 191 192 192 192 193 192 192 191 191 192 192 192 191 190 190 190 190 192 193 192 193 
62 63 62 63 65 66 66 66 65 64 63 61 61 62 62 62 63 64 64 64 63 63 63 63 63 63 63 62 62 63 63 66 71 79 92 109 128 148 166 177 186 190 191 192 192 192 192 192 192 192 190 191 191 191 191 190 190 191 190 191 192 192 192 192 
61 62 62 63 64 65 66 67 64 64 63 61 62 62 61 62 63 63 64 64 63 63 63 64 63 65 63 63 61 63 67 73 83 97 115 134 152 167 179 185 189 191 191 192 192 192 192 192 192 192 192 193 193 191 191 191 190 191 190 191 192 192 192 193 
62 63 63 63 64 66 66 66 64 65 64 62 63 64 63 64 64 64 64 63 61 62 62 62 62 63 62 64 65 70 79 91 104 122 142 158 172 182 188 191 191 192 192 194 194 193 193 192 192 192 191 191 191 189 189 190 190 191 192 193 193 193 193 194 
62 62 62 62 63 65 66 66 64 64 64 63 64 65 65 64 64 64 64 63 61 61 61 61 61 63 65 70 75 85 99 115 129 147 163 175 183 189 190 191 191 191 192 194 194 194 194 193 192 192 192 191 191 189 190 190 191 191 192 192 193 193 194 195 
63 63 63 62 62 64 65 65 65 65 65 65 65 64 64 64 63 62 63 62 60 61 61 62 64 69 75 85 95 108 123 140 152 168 181 188 191 193 192 191 190 191 192 194 194 194 193 192 191 190 191 190 190 189 190 190 191 192 193 193 194 193 194 195 
62 61 61 61 61 62 63 64 65 66 65 65 65 63 62 62 61 60 61 62 61 64 67 70 75 85 96 109 120 134 148 163 172 183 190 193 192 193 192 191 190 192 192 193 194 193 193 193 190 190 191 190 191 190 191 191 191 191 192 192 193 192 193 194 
63 62 62 61 61 62 63 63 65 65 64 64 64 63 62 62 61 60 62 64 65 70 77 85 94 107 120 133 145 159 170 180 185 190 192 193 193 193 194 192 191 191 191 191 192 192 192 192 190 189 190 189 189 190 191 190 191 191 192 191 192 192 192 193 
63 62 61 61 60 61 62 63 64 64 64 63 63 62 61 61 61 63 68 73 78 87 97 108 120 134 147 159 169 179 184 189 189 192 192 194 193 193 193 191 189 190 191 190 192 192 192 191 189 188 189 189 189 191 191 190 191 191 191 191 192 192 193 193 
63 63 62 61 61 62 63 64 65 65 65 63 64 64 64 66 70 75 83 91 101 112 124 136 148 160 171 180 184 189 190 191 190 191 192 194 194 194 194 192 190 190 191 191 192 192 192 191 189 189 190 189 189 190 190 189 190 190 191 191 191 191 190 190 
61 61 62 62 62 64 64 65 67 68 69 70 73 76 80 85 92 99 108 117 127 138 150 161 170 179 186 189 190 192 191 191 190 190 190 193 192 194 195 193 192 192 191 190 192 192 192 191 190 190 191 191 191 191 191 190 189 190 190 191 190 191 190 190 
71 72 72 73 73 75 76 78 80 82 86 89 93 99 105 111 118 126 134 143 152 161 170 179 184 188 190 191 191 192 191 192 190 190 190 192 191 194 195 193 192 191 191 191 193 193 194 192 191 191 191 191 191 191 190 189 189 190 189 190 190 190 189 190 
91 93 93 93 93 96 98 101 105 109 111 114 119 125 132 137 145 153 160 167 175 182 186 189 190 191 191 191 191 192 192 193 192 191 191 192 191 193 193 192 193 191 191 193 194 194 195 193 191 191 191 191 191 191 189 188 189 190 190 191 191 191 190 190 
116 118 118 118 119 123 124 128 131 136 138 141 146 152 159 164 171 177 182 186 190 192 192 193 191 190 190 190 190 192 192 192 192 191 191 192 192 193 194 193 194 192 191 192 194 193 194 193 193 192 192 192 192 191 190 188 188 191 190 191 190 191 189 189 
142 144 145 145 146 148 149 153 156 160 163 167 171 175 180 184 188 191 193 193 194 193 192 191 190 189 189 189 190 192 192 192 193 192 190 191 192 193 193 193 194 192 190 191 193 193 193 193 193 192 193 193 192 192 190 189 190 192 191 192 191 192 191 191 
169 170 169 168 169 172 173 176 179 182 184 185 188 190 191 191 192 192 192 193 193 193 193 193 191 191 190 190 191 192 193 193 194 192 191 191 192 191 192 192 193 192 191 193 193 193 193 193 193 193 194 193 192 191 190 189 190 191 190 191 190 190 190 190 
184 185 185 184 185 187 188 189 190 193 192 192 193 194 193 191 192 191 191 192 193 193 194 193 192 192 192 192 192 192 193 192 194 192 191 191 193 192 192 193 193 192 191 192 191 191 191 191 192 192 193 193 192 191 191 190 191 192 192 192 191 191 191 190 
188 189 189 190 191 192 191 192 190 191 192 192 192 194 193 191 192 190 191 191 193 192 193 193 193 191 191 191 190 191 192 191 193 192 192 191 192 192 192 191 192 193 191 191 191 191 190 191 192 192 194 193 192 191 191 190 192 192 192 193 191 190 191 190 
188 189 189 190 191 191 191 192 190 191 192 192 192 194 193 190 190 189 189 188 190 191 191 191 192 190 191 191 191 190 191 192 193 192 192 191 191 192 192 192 193 193 191 191 190 191 191 193 193 194 194 192 192 192 191 190 192 191 192 193 192 191 192 191 
188 188 187 190 190 191 191 192 190 192 192 192 192 195 193 191 190 188 188 187 189 190 191 190 192 191 191 191 190 189 191 192 193 192 193 191 191 191 192 192 192 193 192 191 189 190 191 192 192 194 194 192 191 191 190 190 192 190 191 193 191 191 192 191 
188 189 188 191 191 191 191 192 190 192 193 193 193 195 194 192 191 190 190 187 189 190 188 189 191 189 189 190 189 188 190 192 193 193 194 192 191 192 192 193 192 193 191 190 189 191 191 193 192 193 193 191 191 192 190 191 193 191 192 195 193 192 194 192 

66 65 65 65 64 63 66 64 64 63 63 62 62 63 62 62 63 64 62 64 64 61 60 60 58 59 62 64 67 67 66 64 63 60 61 61 61 60 63 62 61 63 64 62 62 63 61 60 62 64 65 66 68 72 86 110 135 160 181 191 192 192 191 191 
67 66 67 66 64 63 63 61 62 61 61 61 61 62 61 62 63 64 62 64 64 62 60 60 58 59 61 65 66 66 67 65 64 62 63 62 63 62 63 63 62 64 64 63 63 64 62 61 62 63 64 65 67 71 86 111 135 161 181 192 192 193 192 192 
67 66 67 66 64 63 63 60 60 60 60 60 61 61 62 62 64 64 63 65 65 63 62 62 60 61 62 64 65 65 66 64 63 62 63 62 63 62 64 63 63 64 65 64 64 64 62 61 62 63 64 65 67 71 86 110 135 160 180 191 192 192 192 192 
66 66 66 66 65 63 62 59 60 60 59 59 61 61 61 62 64 64 64 65 66 65 62 62 61 61 63 65 65 66 67 63 63 63 63 63 65 64 65 65 64 65 66 64 65 65 64 62 64 65 65 65 67 71 85 109 134 160 179 191 192 192 192 193 
66 65 65 65 63 62 61 59 59 58 57 58 59 60 61 62 63 63 63 64 65 64 63 63 62 62 63 64 64 64 65 64 64 65 65 64 66 65 65 66 65 66 66 65 65 65 64 64 65 65 64 63 65 69 84 110 135 161 181 192 193 193 192 193 
65 64 64 63 61 61 60 58 59 59 58 58 60 60 61 61 63 63 64 65 66 65 64 64 63 64 64 64 64 63 64 63 64 66 65 65 66 65 64 65 65 65 66 66 65 65 65 65 65 64 62 62 62 67 84 109 134 160 180 191 192 192 193 193 
64 64 64 63 63 63 62 61 61 60 59 59 62 61 62 62 63 63 64 66 66 66 66 66 65 65 65 63 63 63 63 63 64 65 65 65 65 64 64 64 64 64 66 66 65 66 66 65 64 63 62 61 62 67 84 109 134 160 180 191 192 192 193 193 
62 62 63 63 63 63 63 62 62 61 61 61 63 62 62 63 62 63 64 65 65 65 66 65 64 65 65 64 65 64 64 64 64 65 65 65 65 63 63 63 63 63 65 65 65 65 66 65 64 63 62 62 63 69 87 112 136 161 182 190 192 192 193 193 
65 64 64 64 63 63 63 62 62 62 61 62 62 61 61 62 61 62 63 64 64 65 67 66 67 67 67 65 66 64 63 64 64 64 64 64 64 63 62 63 62 62 64 65 65 65 66 64 63 62 61 61 62 69 89 114 138 164 183 190 191 192 192 192 
64 65 65 66 65 66 65 64 62 62 62 62 62 62 62 63 62 63 65 65 65 66 66 65 65 66 66 64 65 63 63 63 62 62 63 62 61 61 62 61 61 61 63 63 64 65 66 64 64 62 62 63 63 71 94 117 142 167 184 189 191 192 193 193 
64 65 65 66 66 66 65 64 62 63 62 62 63 63 63 64 63 63 64 65 65 65 66 66 66 65 65 63 64 63 63 63 63 61 62 62 62 62 63 62 62 62 63 63 64 65 65 64 64 63 63 63 65 76 99 123 148 172 187 190 192 192 192 193 
62 63 64 65 65 65 64 64 62 62 63 62 63 62 63 63 63 63 64 65 65 65 66 66 66 65 66 64 65 63 63 63 62 60 61 62 62 63 64 63 63 62 62 63 63 63 65 64 63 64 64 64 67 79 104 127 152 176 189 190 192 192 192 193 
64 65 64 65 64 64 63 63 62 62 62 61 61 61 62 62 62 63 63 64 65 65 65 65 65 65 65 64 65 63 62 63 63 61 62 62 62 63 65 65 64 63 64 64 63 63 64 64 64 64 64 63 67 82 108 132 159 181 192 192 193 193 192 192 
64 65 64 65 65 65 65 65 64 63 62 61 61 63 64 64 64 65 64 64 65 64 63 64 64 64 64 63 64 63 62 63 63 62 61 61 62 63 64 64 64 63 63 64 63 63 63 64 64 63 64 64 69 86 113 137 164 183 192 191 193 193 193 193 
62 63 63 63 63 63 63 64 63 63 63 62 62 63 63 64 63 63 63 63 64 65 65 65 65 66 66 66 66 66 64 64 64 63 62 62 63 64 63 64 65 64 64 65 63 62 62 63 62 63 64 65 73 93 119 144 169 185 192 191 192 192 192 192 
64 65 65 65 64 65 65 65 64 65 64 63 62 63 63 64 63 64 64 64 64 66 65 66 66 66 66 67 67 67 66 66 64 63 62 62 63 63 63 65 65 65 65 65 64 63 62 62 62 63 64 67 77 98 124 149 172 186 191 190 191 190 191 190 
65 65 65 65 63 64 65 65 64 65 64 63 62 63 63 63 61 63 62 62 63 65 64 65 65 66 65 67 67 67 67 67 65 65 64 63 63 63 62 64 64 64 65 64 64 63 61 61 62 62 63 68 82 105 130 156 178 188 190 189 190 189 189 189 
65 65 65 64 64 65 66 66 65 67 64 64 63 64 63 64 63 64 63 64 64 65 65 66 66 66 65 65 65 66 66 67 66 66 64 64 63 63 61 62 62 62 62 63 62 62 60 61 62 62 63 72 88 112 138 163 182 189 190 189 189 188 190 190 
63 62 63 62 61 63 64 64 64 65 64 65 64 64 64 65 63 63 63 63 63 65 65 67 67 66 64 65 65 65 66 66 66 66 65 64 63 62 62 62 62 63 64 63 63 64 61 62 64 64 66 78 96 120 146 170 185 191 192 190 189 189 189 188 
64 62 63 63 62 63 65 64 64 65 65 65 65 64 64 64 63 64 64 64 64 65 65 67 66 65 63 63 63 64 65 66 66 65 64 63 63 61 62 62 62 62 63 62 62 64 62 63 65 65 68 82 103 127 152 175 188 192 193 191 190 189 189 189 
64 63 63 63 62 63 64 63 63 64 64 64 65 63 63 63 61 62 62 63 63 64 64 66 64 64 62 62 61 62 63 64 65 64 63 62 62 62 62 62 62 62 61 61 62 63 62 64 65 66 72 90 112 137 161 181 191 193 194 194 193 191 191 190 
63 63 63 63 63 64 64 63 64 64 64 65 66 65 65 65 63 63 63 64 63 64 65 65 64 64 62 61 61 61 62 63 64 63 63 62 63 61 62 63 62 62 62 62 62 64 63 65 65 68 78 99 123 147 170 185 191 193 196 195 195 194 194 193 
63 63 64 64 63 64 64 63 63 64 64 66 66 66 66 65 63 62 62 62 62 64 64 64 64 64 62 62 62 61 62 62 62 62 62 62 63 62 64 65 64 64 64 63 63 65 64 66 67 73 88 111 134 158 177 187 191 194 196 196 195 194 193 191 
65 65 66 65 64 64 65 63 64 65 65 65 66 66 65 65 64 62 63 63 64 64 66 64 63 63 62 61 62 62 62 62 62 61 61 61 62 63 65 65 64 63 62 62 62 63 64 65 68 78 98 122 147 169 184 190 192 194 196 196 196 195 193 192 
66 66 66 65 65 65 64 64 65 65 65 66 67 67 66 66 65 63 64 63 63 64 65 64 64 64 63 62 62 61 61 61 62 62 62 63 64 64 65 65 64 63 63 62 64 64 65 66 73 88 111 136 160 179 189 191 192 194 194 195 194 192 191 190 
64 64 65 64 64 65 64 64 65 65 65 67 66 67 67 67 66 66 65 63 64 64 65 64 65 64 63 62 63 62 62 62 63 63 64 65 65 64 64 64 63 62 63 62 64 65 65 68 78 97 122 148 170 185 191 191 192 193 193 193 193 192 190 190 
65 64 65 64 63 63 63 63 65 66 65 66 66 66 66 66 66 66 65 64 64 64 65 64 64 64 63 62 63 63 63 63 64 64 64 64 64 64 65 64 63 62 63 61 64 65 67 73 90 110 136 160 180 189 192 192 192 192 192 192 191 190 188 188 
64 64 65 64 63 63 62 63 64 65 65 66 65 64 64 65 64 65 65 65 65 64 64 63 63 62 63 62 62 63 63 62 63 63 63 63 64 64 64 63 62 62 62 62 64 65 68 78 97 119 145 169 185 191 192 192 192 191 190 191 192 191 190 192 
64 64 65 63 63 62 62 61 62 64 64 65 64 63 63 64 63 64 65 65 63 64 64 63 63 63 63 62 62 62 63 62 64 64 64 64 65 64 64 63 62 61 62 61 64 66 72 87 110 133 158 178 189 192 193 193 193 191 190 190 190 190 189 192 
65 64 64 63 63 62 62 62 62 63 63 64 63 64 63 63 62 63 63 64 63 63 64 63 62 63 63 62 62 62 63 63 64 64 65 65 65 65 64 63 61 60 60 61 64 68 78 97 121 144 167 183 190 191 192 192 191 191 191 191 191 190 189 191 
66 65 65 63 63 62 62 62 62 63 63 64 64 64 63 63 62 61 63 64 63 64 65 64 64 65 64 63 62 62 62 63 63 64 65 64 66 66 64 63 62 61 61 62 68 75 90 112 137 159 178 189 193 192 192 192 192 192 192 192 191 191 190 190 
65 65 64 63 63 62 62 62 61 61 62 62 63 63 63 63 62 61 62 63 62 63 65 64 64 65 63 62 62 61 61 61 62 63 64 64 66 65 64 62 61 60 61 64 73 85 105 128 152 171 185 192 194 194 193 193 191 192 191 192 191 191 190 191 
65 65 64 64 64 64 64 63 63 62 62 64 64 64 64 64 63 62 63 63 63 64 66 65 65 66 64 64 64 62 63 63 64 64 65 64 65 64 63 62 61 61 64 69 81 98 121 145 167 183 192 196 195 194 193 192 191 192 192 192 191 190 189 190 
64 65 65 64 65 65 63 63 63 62 62 63 65 65 64 63 63 62 62 63 63 63 64 64 64 65 64 63 63 62 63 63 63 63 63 63 64 63 62 62 62 63 68 77 95 115 139 160 178 188 193 195 194 192 191 190 189 190 190 191 192 191 191 191 
64 65 65 65 64 63 62 61 61 61 62 64 64 64 64 63 63 63 63 64 64 65 65 65 65 66 64 63 63 62 63 63 64 63 63 63 63 62 62 61 62 65 75 88 111 134 157 174 187 192 194 194 193 192 192 191 191 192 191 191 192 192 191 193 
64 63 64 64 63 62 62 62 61 61 62 63 64 64 65 64 65 64 64 64 64 64 64 64 64 64 62 62 63 62 63 63 63 63 63 63 62 60 61 60 63 70 85 103 128 150 170 182 190 193 194 194 192 192 192 191 191 192 190 192 192 192 191 192 
63 63 64 64 63 63 64 64 63 63 64 64 63 64 64 64 64 64 64 64 64 64 65 64 65 65 64 63 63 62 63 63 63 63 63 63 62 61 62 63 68 81 100 122 147 166 180 188 191 192 193 193 190 192 191 189 190 193 191 191 193 192 191 192 
64 64 65 64 63 62 63 62 62 63 64 62 62 64 63 64 65 65 64 63 62 61 62 62 63 63 63 61 61 61 62 62 63 63 63 64 63 61 64 68 78 96 119 143 165 180 189 192 192 192 192 192 190 192 191 190 191 193 191 192 193 191 191 191 
66 65 66 64 64 64 64 63 63 63 64 62 61 63 62 63 64 64 64 64 63 62 63 63 63 63 63 63 63 62 62 63 63 63 64 64 63 64 69 76 92 113 138 160 178 187 192 192 191 191 193 193 192 193 193 192 192 193 192 192 192 190 190 190 
64 65 65 64 65 65 65 65 64 64 64 62 62 63 62 63 64 64 63 63 62 61 61 61 61 61 62 62 63 63 63 65 64 65 65 65 66 69 78 91 111 134 157 175 187 192 193 192 191 191 193 194 193 194 194 191 191 192 191 192 192 191 191 191 
63 65 65 64 65 65 65 64 64 64 63 62 62 63 62 63 63 63 62 63 63 62 62 61 61 61 62 62 64 64 64 64 64 64 64 66 70 80 93 111 133 155 172 186 193 195 194 193 191 191 192 193 192 194 194 192 191 191 190 190 191 192 192 192 
62 63 64 64 66 65 65 65 64 63 62 60 60 61 61 62 62 63 63 65 64 63 62 61 60 61 62 62 64 64 64 64 64 65 66 72 80 95 112 132 153 170 181 190 193 193 192 192 192 191 192 193 194 195 195 193 192 191 190 190 191 191 191 192 
61 62 62 63 65 64 65 64 63 62 62 60 61 61 61 61 61 61 62 64 64 64 64 63 63 63 63 63 63 64 64 64 65 68 74 84 98 117 136 153 169 180 186 190 192 192 192 192 192 191 192 193 194 195 195 193 191 191 190 190 191 192 192 192 
60 61 61 62 64 65 66 65 64 62 61 59 60 61 61 62 62 62 63 64 63 63 63 63 63 64 63 63 63 63 62 64 69 76 87 102 120 139 156 170 181 187 188 191 192 192 192 193 192 192 191 192 192 193 193 191 191 190 189 190 192 193 193 194 
61 62 63 63 64 65 66 66 64 63 62 60 61 62 62 63 63 63 63 63 62 62 62 63 63 64 63 62 62 63 65 69 79 90 106 124 144 160 174 182 188 191 190 192 193 193 192 192 192 191 191 192 193 192 192 191 191 191 190 192 193 194 193 195 
61 62 62 63 64 64 66 66 65 64 64 62 62 62 62 63 63 63 64 63 62 62 62 63 63 65 63 63 62 66 71 82 96 112 131 149 165 176 185 188 190 190 190 191 192 192 192 192 192 192 192 193 193 193 192 191 191 191 191 192 193 193 193 195 
63 64 64 64 64 65 65 65 64 64 64 63 63 64 64 64 64 64 63 62 60 61 62 63 63 64 63 65 68 76 87 102 119 136 155 170 180 187 190 190 190 190 190 193 193 193 192 192 192 192 192 192 192 192 192 191 191 191 192 193 193 194 194 195 
62 62 62 63 63 65 65 65 64 65 64 64 64 65 65 65 65 64 63 61 60 60 60 61 62 65 68 74 83 95 109 127 143 158 172 181 186 189 190 190 190 190 190 193 193 193 192 193 192 192 193 193 192 192 192 192 192 192 192 192 193 194 194 196 
61 61 61 62 62 63 64 65 65 66 66 65 65 65 65 64 63 63 63 61 60 61 62 64 68 75 83 93 105 119 135 151 164 176 185 190 192 192 192 191 190 190 191 193 193 193 193 193 192 191 193 193 192 191 192 192 192 193 194 194 195 194 194 194 
61 60 60 61 61 61 62 64 64 66 64 64 64 63 62 62 62 61 62 62 63 66 71 76 84 96 107 119 132 145 157 170 178 186 191 193 191 193 192 191 190 191 190 192 193 193 193 193 192 191 192 192 191 191 192 191 192 191 192 192 192 192 193 193 
62 62 62 61 61 61 63 63 65 65 64 63 63 62 62 62 62 62 64 66 70 77 87 96 107 120 132 145 156 167 176 184 187 190 191 193 192 193 193 192 191 191 191 191 193 192 192 193 192 191 192 191 191 191 192 192 191 191 192 192 191 192 192 192 
62 61 61 60 60 60 62 63 65 64 64 63 62 61 62 63 65 69 75 81 90 100 110 122 134 146 158 168 177 183 186 189 189 190 190 192 192 193 192 192 191 191 192 191 193 193 193 193 191 191 191 191 191 191 192 191 192 192 192 192 192 191 191 192 
63 62 62 61 61 62 64 64 66 65 66 65 66 67 70 74 79 86 95 104 115 127 138 150 161 171 179 185 188 190 189 190 188 190 191 193 193 194 194 192 191 191 192 192 192 193 193 192 191 191 191 191 191 191 191 190 190 191 191 192 191 190 189 189 
67 67 68 68 68 69 69 70 72 72 74 77 80 85 92 98 104 112 121 130 141 152 163 172 180 185 189 190 191 191 189 190 189 189 190 192 191 193 193 192 192 192 192 192 192 192 193 192 191 191 192 192 192 192 191 191 189 191 190 191 190 190 189 190 
82 83 84 84 85 86 87 88 91 92 97 100 105 111 119 124 131 140 148 156 164 173 179 185 188 190 191 191 190 191 190 190 189 188 189 191 191 193 193 192 192 192 192 192 193 193 194 192 192 193 192 192 193 192 191 190 189 190 190 190 190 190 189 190 
107 109 109 109 110 112 112 114 116 119 122 125 130 137 145 150 158 166 172 177 183 187 190 191 191 191 191 190 191 191 191 190 190 189 189 190 190 191 192 192 193 192 192 193 193 194 194 192 192 192 192 192 193 192 190 188 188 190 189 191 191 191 190 191 
132 134 134 134 135 138 139 141 143 146 149 152 157 164 171 175 181 185 188 189 191 192 192 192 191 191 191 190 190 191 190 190 190 190 189 191 192 193 193 193 194 192 191 192 193 192 193 192 193 192 192 193 193 191 190 188 188 190 190 190 190 191 190 190 
158 160 160 160 161 163 163 165 168 171 174 176 179 183 187 189 192 194 194 193 193 191 191 191 189 189 190 189 190 191 191 191 191 191 190 190 191 193 193 194 195 193 192 192 193 193 194 193 194 192 193 192 193 192 190 189 190 190 190 191 191 192 191 192 
180 181 180 179 180 182 183 184 186 188 189 189 191 193 193 192 193 192 192 192 192 191 192 191 191 191 191 190 191 191 191 192 192 191 190 190 192 192 192 193 194 193 192 193 193 193 193 193 193 192 193 192 192 192 191 189 190 190 189 189 190 190 191 191 
190 191 190 190 190 191 191 192 192 193 192 191 192 193 193 191 191 191 191 191 192 192 192 192 193 192 192 191 192 192 192 192 194 193 191 191 193 193 193 194 194 193 192 192 192 192 192 192 193 192 193 192 193 192 191 190 191 190 190 190 190 190 192 191 
188 189 189 190 190 192 191 192 190 192 192 192 192 193 192 190 190 190 191 190 192 192 192 192 193 191 191 191 190 190 191 191 193 193 193 192 193 193 193 193 193 193 192 192 192 192 191 192 192 192 193 192 191 191 191 191 192 191 192 192 191 191 192 190 
189 189 189 190 190 191 190 191 189 191 193 193 192 194 193 190 190 189 190 188 190 191 191 191 192 191 191 191 191 191 192 193 193 193 193 192 193 193 193 193 193 192 192 192 191 192 192 193 193 193 193 192 192 192 191 190 192 190 191 192 192 191 193 192 
189 189 189 191 190 191 191 192 189 191 192 192 192 194 192 190 189 188 189 188 189 190 191 191 192 191 192 191 191 190 192 192 193 193 194 193 193 193 193 193 193 192 192 191 190 191 191 192 192 192 193 192 191 192 191 190 192 190 191 192 192 191 193 191 
188 188 188 190 190 190 190 192 189 191 193 192 192 193 193 190 190 190 190 187 188 190 189 190 192 190 191 191 190 190 192 193 193 194 195 194 194 194 194 193 193 192 191 191 190 191 191 193 193 193 193 192 191 192 190 191 193 191 193 195 194 192 194 192 

64 64 66 65 66 65 66 64 65 63 64 62 62 63 62 62 64 64 64 66 65 63 62 60 58 59 61 62 64 67 66 64 64 62 63 63 62 62 64 64 62 64 63 61 60 61 60 61 62 63 66 67 68 78 98 122 146 172 186 192 192 192 191 192 
65 65 67 66 65 64 64 62 63 62 62 61 62 62 62 63 65 64 64 66 64 63 61 60 58 58 60 62 64 65 66 65 64 64 64 64 64 64 65 65 63 65 64 62 62 63 61 62 62 63 65 66 67 78 97 122 146 171 186 192 192 192 191 192 
66 66 67 66 65 65 64 62 62 61 60 60 61 61 62 62 64 64 64 66 66 65 63 62 60 60 61 62 63 65 66 65 64 64 64 64 64 64 65 65 64 65 65 63 63 63 61 61 63 63 64 66 67 77 96 121 145 170 184 191 191 191 191 191 
65 65 66 66 65 64 63 61 61 61 60 60 62 62 62 63 64 64 64 66 65 65 63 62 60 61 62 63 65 66 66 64 64 64 64 64 65 65 65 65 65 66 67 64 64 64 63 62 64 64 65 66 66 76 95 120 144 169 183 189 189 190 189 191 
65 64 65 65 63 63 62 60 61 60 59 59 60 61 62 63 63 63 63 65 64 64 64 64 62 62 62 62 64 65 66 65 66 65 66 66 67 65 65 66 65 66 67 65 66 65 64 64 66 65 65 64 64 74 93 119 145 170 184 191 190 191 190 191 
65 64 64 63 61 61 61 60 61 60 59 59 61 61 62 63 63 63 63 65 65 65 65 64 63 63 63 62 64 64 64 65 65 65 65 66 66 65 64 65 65 65 68 67 67 66 65 64 65 64 64 63 63 73 93 119 144 170 184 190 190 190 191 191 
64 63 63 62 61 61 62 61 62 61 61 61 63 63 63 64 62 62 63 65 66 66 67 66 65 65 65 63 64 64 64 64 65 65 65 65 65 63 63 63 63 64 67 66 66 66 67 65 65 64 63 63 64 73 95 121 146 171 186 191 191 191 191 191 
62 61 61 61 61 61 62 62 62 63 63 64 65 65 64 65 62 62 62 64 64 64 66 65 64 64 65 64 65 65 64 65 64 64 64 64 63 62 62 62 62 63 65 65 66 66 67 65 65 63 63 62 65 75 99 125 150 174 188 191 191 191 191 191 
64 63 62 62 61 61 62 63 63 64 63 65 65 63 63 64 61 61 62 63 64 64 66 65 65 67 67 65 66 65 63 64 63 63 64 63 63 62 62 63 62 62 64 65 65 66 67 65 64 63 62 62 66 78 102 128 153 176 189 192 191 192 191 191 
63 63 63 63 63 63 64 64 64 65 64 65 64 63 63 64 62 63 63 64 65 64 65 64 64 65 65 64 65 62 61 63 61 62 63 62 62 61 62 62 61 61 63 63 63 65 66 64 64 63 63 63 68 82 107 132 157 179 190 191 192 192 192 192 
63 63 63 63 63 63 63 63 63 64 63 64 65 64 64 64 62 62 63 63 64 64 65 65 65 66 65 64 64 62 62 63 62 63 64 64 62 63 64 62 62 61 63 63 63 64 65 64 64 64 64 64 71 87 113 138 163 183 192 191 193 192 192 192 
62 62 62 63 62 62 63 63 63 63 63 63 63 62 63 62 62 62 63 63 64 64 65 65 65 65 65 64 65 64 63 64 63 62 62 63 63 64 65 65 64 63 63 64 62 62 63 63 63 64 65 65 72 90 117 140 166 184 192 190 192 192 192 193 
64 64 63 63 62 62 62 62 62 61 62 62 62 61 62 62 61 62 62 62 64 65 65 65 66 66 66 65 66 65 64 65 64 63 63 63 63 64 66 66 66 64 65 64 62 62 63 63 63 63 64 65 74 94 121 145 171 187 193 192 193 193 192 192 
65 65 64 64 64 64 64 64 63 62 62 61 62 63 64 64 63 63 63 63 64 64 64 65 65 66 65 65 65 65 64 65 64 63 62 62 63 63 64 64 65 64 64 64 63 61 62 63 63 63 65 66 77 99 126 150 174 188 192 191 193 192 192 193 
63 64 63 63 63 62 62 62 62 61 61 61 63 63 63 64 63 63 63 63 64 65 65 66 67 67 67 68 68 68 66 66 64 63 61 61 63 64 63 65 66 65 63 64 63 61 61 62 62 62 64 68 82 105 132 156 178 189 191 190 190 190 190 191 
63 64 65 65 64 65 65 65 64 64 62 62 62 63 62 64 64 65 64 64 65 65 65 66 67 67 67 68 68 69 67 67 64 63 61 61 62 63 64 65 66 65 65 65 63 62 61 61 61 62 65 72 88 111 136 160 179 188 190 189 189 189 189 189 
64 65 65 66 64 65 66 65 64 66 64 63 62 63 63 64 62 64 64 63 63 64 64 65 66 67 67 68 67 67 66 66 63 63 62 61 62 62 62 64 64 64 64 63 62 61 60 60 62 63 65 76 95 118 143 167 184 189 190 189 188 187 187 186 
65 65 65 65 64 66 67 67 66 67 64 63 63 63 62 64 63 64 64 65 64 65 65 66 66 66 66 66 65 65 65 65 63 64 63 62 62 62 60 62 62 62 62 62 61 61 59 60 63 64 67 81 101 125 150 172 186 189 189 188 188 187 187 187 
63 62 63 63 61 63 65 64 65 66 64 64 64 63 62 64 63 64 64 64 64 65 65 66 67 66 64 65 64 64 64 65 63 64 64 63 62 62 61 62 62 63 64 63 62 62 60 61 63 65 71 88 110 133 158 178 188 190 191 189 188 187 187 186 
64 63 64 64 62 64 66 64 65 66 65 65 65 64 63 64 63 64 63 64 64 64 64 66 65 64 63 63 63 63 64 65 64 63 63 62 62 60 62 62 62 63 64 62 61 62 60 61 64 67 75 95 118 141 165 182 189 191 192 191 190 189 189 187 
66 64 65 64 63 63 65 63 64 65 64 65 65 64 64 63 61 61 62 62 62 63 63 65 64 64 63 63 61 61 62 62 63 63 62 62 62 61 62 62 62 62 62 61 61 62 61 63 64 69 80 103 126 151 172 186 190 192 193 192 191 190 189 187 
66 65 65 64 64 63 63 62 63 64 63 65 66 66 65 65 63 62 62 62 62 63 63 64 64 63 62 62 61 61 61 61 63 63 63 63 63 61 63 62 62 61 62 62 61 63 63 64 64 73 88 113 136 160 179 189 191 192 195 194 194 194 193 191 
65 64 65 64 63 63 63 62 63 63 64 64 65 65 65 64 62 62 62 61 62 63 63 64 63 63 62 62 60 61 61 61 61 62 62 63 64 64 65 65 64 63 64 63 63 64 64 65 67 80 99 124 148 170 183 190 190 193 195 195 195 195 193 191 
67 67 66 66 65 64 65 63 64 64 64 64 66 66 65 64 63 61 61 62 62 63 64 64 63 62 62 61 61 62 62 60 61 61 61 61 63 63 64 64 64 62 62 62 61 63 64 65 71 88 110 136 160 178 188 191 192 194 195 195 195 194 193 191 
66 67 66 65 65 64 64 64 64 64 64 65 66 66 65 65 63 61 62 61 62 62 64 63 64 63 63 61 60 61 61 60 61 62 62 62 64 64 64 64 63 62 62 62 62 63 65 68 78 99 123 148 171 186 191 192 192 193 194 193 193 192 191 190 
64 64 65 64 64 64 64 64 64 64 64 65 65 66 65 65 64 63 62 62 62 62 63 63 64 63 63 62 62 63 63 62 63 63 63 63 64 64 64 63 62 62 62 62 63 64 65 71 87 110 136 160 180 190 193 192 193 194 195 194 194 193 191 191 
64 64 65 64 64 64 64 64 66 66 64 65 65 65 64 65 65 64 63 62 62 62 63 63 63 62 62 61 62 64 63 62 64 63 62 63 64 64 65 64 64 63 62 61 63 64 68 79 99 123 149 170 186 192 192 192 194 193 193 192 192 190 189 189 
64 64 64 64 63 64 63 63 65 66 64 65 65 64 63 65 64 63 63 63 63 62 62 62 62 62 63 62 63 64 63 62 63 62 61 62 63 63 63 62 62 61 62 61 64 65 71 86 109 133 158 178 189 192 193 193 193 192 191 191 192 191 190 192 
63 64 64 64 63 63 62 62 63 64 63 64 63 63 62 64 63 63 63 64 62 63 63 62 62 63 63 62 62 63 63 62 64 64 63 64 65 64 64 63 62 61 62 61 65 68 79 98 123 146 169 184 192 193 194 194 194 193 191 191 191 191 189 192 
64 64 64 63 62 62 62 62 63 63 63 63 63 63 62 64 62 62 63 64 63 63 64 63 63 63 63 62 63 64 63 63 64 64 64 64 65 64 63 62 60 60 61 62 67 73 89 110 135 157 177 188 192 192 192 193 193 193 193 193 192 191 190 191 
65 65 65 63 62 62 62 62 62 63 63 64 64 64 63 64 62 61 62 63 63 64 65 64 63 64 63 62 61 62 61 62 63 64 64 65 66 65 63 62 62 61 62 64 73 83 103 126 150 168 184 191 193 192 192 192 192 192 192 193 192 191 190 191 
65 64 64 62 62 61 60 60 60 60 61 62 63 64 63 63 62 60 61 63 63 64 66 65 65 64 64 63 62 61 61 61 62 62 63 64 65 64 63 61 61 60 63 68 81 97 120 142 163 178 189 192 193 193 193 192 191 192 192 192 192 192 191 192 
65 64 64 63 63 62 62 62 62 61 62 64 64 65 64 64 62 61 62 64 64 65 67 66 66 66 65 64 65 63 63 63 63 63 64 65 65 64 63 62 62 61 67 75 92 112 138 158 177 187 193 194 194 193 192 191 191 192 192 192 192 191 190 190 
64 65 65 64 65 64 63 62 62 61 62 63 65 65 64 64 63 62 62 64 64 64 65 64 65 64 64 64 64 62 63 62 62 62 63 63 64 63 63 62 62 64 72 85 107 130 154 172 186 192 194 193 193 192 191 189 188 190 190 192 193 192 192 191 
64 64 65 64 64 62 61 61 61 61 62 64 64 64 64 63 63 63 64 65 66 65 66 65 66 65 65 65 64 63 63 62 62 62 62 63 63 62 63 62 64 69 82 100 125 149 170 183 191 194 194 193 192 193 191 189 190 191 190 192 193 193 192 194 
63 63 64 64 64 62 62 61 61 61 63 64 64 64 64 64 65 65 65 65 65 64 64 64 64 63 64 64 64 63 64 62 62 62 62 62 62 61 62 62 66 77 95 116 142 164 180 188 193 194 194 194 193 193 192 190 191 192 191 192 193 192 191 192 
63 63 64 65 64 65 65 64 63 64 64 65 64 64 64 64 64 65 65 65 65 64 64 64 64 64 64 65 64 64 64 63 63 64 63 63 63 61 64 67 75 91 112 135 159 176 187 192 193 194 194 193 192 193 192 190 191 193 191 192 193 191 191 192 
63 64 65 65 65 64 64 63 62 63 64 63 63 64 63 64 65 65 65 64 63 61 62 62 63 63 64 63 63 63 64 64 64 64 63 64 63 63 67 74 87 109 132 155 174 187 193 194 193 194 195 193 192 194 193 191 192 193 191 193 193 191 190 192 
66 65 66 65 66 65 65 64 63 64 64 63 63 63 62 63 63 63 63 63 63 62 63 63 63 63 63 63 63 63 64 64 64 65 65 64 64 66 74 86 105 129 152 171 185 192 195 193 192 193 194 194 193 195 194 193 193 194 192 193 193 190 190 190 
64 65 65 65 66 67 66 66 65 65 64 63 63 63 62 62 62 62 62 62 62 61 62 61 62 61 62 63 64 64 65 66 66 65 66 66 68 75 88 105 128 150 169 183 190 194 194 193 192 193 194 195 194 195 195 192 192 193 192 192 192 191 190 190 
62 64 65 65 67 67 66 65 64 64 63 63 64 64 62 62 62 61 61 63 64 63 63 62 62 61 63 62 64 64 65 66 66 65 66 69 76 89 106 127 148 167 181 191 194 195 194 193 192 193 194 194 194 195 195 193 192 192 191 190 191 191 190 190 
62 63 64 64 66 66 65 65 64 63 62 62 62 62 61 60 61 61 62 64 65 63 63 61 61 61 62 61 64 64 64 65 65 66 70 77 89 107 127 147 166 180 188 193 194 193 193 193 192 192 193 195 194 195 196 194 193 193 191 191 191 190 190 190 
62 62 63 64 65 65 65 64 62 61 62 61 62 62 61 60 60 60 63 65 65 65 65 63 63 62 62 62 63 63 63 65 68 72 81 94 110 130 150 165 179 187 191 193 193 192 192 192 192 192 193 194 194 194 195 193 191 191 191 191 191 191 190 190 
59 61 62 63 64 65 65 65 62 62 61 60 61 61 61 61 62 62 63 65 65 64 63 63 63 63 63 62 62 62 63 68 75 85 98 116 134 152 168 178 186 190 190 192 192 191 191 192 192 192 192 193 193 192 193 192 191 191 190 190 191 191 191 192 
60 62 62 63 63 64 65 64 63 62 63 61 62 63 63 63 64 64 65 64 64 63 62 62 62 63 62 61 62 64 68 76 89 103 121 139 157 170 181 186 190 191 191 193 193 193 192 192 192 192 191 192 193 192 192 192 192 192 191 192 193 192 192 194 
61 62 62 64 63 63 64 64 63 63 64 62 62 62 63 63 64 64 65 65 64 63 63 63 63 64 62 63 65 70 79 92 109 126 145 161 175 183 188 190 191 191 191 192 193 193 193 193 193 193 192 193 193 192 192 190 191 191 190 192 194 192 193 194 
63 64 64 66 65 65 64 63 62 63 64 63 64 64 64 64 65 64 63 62 61 61 62 62 62 64 64 69 75 85 99 117 135 151 168 179 186 189 191 190 189 190 190 192 194 194 194 194 193 192 192 191 191 191 191 190 191 191 191 191 193 193 193 194 
62 63 63 65 64 65 64 64 63 64 64 65 65 65 64 64 64 64 62 61 60 60 60 62 64 68 73 82 93 107 124 141 157 170 181 186 189 190 190 189 189 189 190 192 193 194 194 194 194 193 192 192 192 192 192 192 192 192 192 192 193 193 193 194 
62 63 63 64 64 64 63 64 64 65 66 66 65 65 64 63 63 63 63 62 61 63 65 69 75 84 93 105 119 133 149 164 175 183 189 191 192 191 191 191 190 190 191 192 194 194 194 194 193 191 192 192 191 192 193 192 193 193 194 193 194 194 194 194 
62 62 62 64 63 64 63 64 63 65 64 64 63 62 60 61 61 61 62 64 66 71 79 86 95 107 118 131 144 157 168 179 184 188 191 191 190 191 191 191 190 191 191 191 193 193 194 194 193 191 191 191 190 190 192 191 191 191 191 191 191 191 191 191 
64 64 64 64 64 64 64 63 64 64 64 64 63 63 61 62 62 64 68 73 78 88 98 108 120 133 144 157 167 177 184 189 189 190 191 191 190 192 192 191 191 191 191 191 193 193 193 193 193 190 191 191 190 191 193 192 192 192 192 191 190 191 190 190 
63 62 62 62 62 62 63 64 64 64 63 63 63 63 64 68 71 76 84 93 102 113 124 134 146 159 169 178 184 189 190 191 189 190 190 191 190 192 191 192 191 191 193 192 193 193 193 193 192 191 190 191 191 192 192 192 191 191 191 191 190 190 189 190 
64 64 63 62 63 63 65 66 68 68 69 69 71 74 78 84 91 98 108 118 128 140 152 161 171 180 186 190 192 192 191 191 189 190 190 192 191 192 192 192 190 191 192 192 192 193 193 193 191 191 190 190 190 191 190 190 189 190 190 191 190 189 188 188 
74 74 75 74 75 76 77 78 80 81 83 86 91 96 103 111 118 125 134 144 154 164 174 180 185 189 191 191 192 192 190 190 189 189 189 191 190 192 192 191 190 190 191 192 192 193 194 193 192 192 192 191 192 192 191 190 189 190 189 190 188 188 187 188 
93 95 95 95 96 97 100 102 105 106 110 112 117 124 131 138 145 152 160 168 175 181 187 189 190 191 191 191 191 191 190 191 189 189 189 191 190 191 191 191 191 191 192 193 193 193 194 193 192 193 192 192 193 193 191 190 189 190 189 190 189 189 188 189 
118 120 120 120 122 124 125 128 131 132 135 137 143 150 157 163 170 175 179 184 188 190 192 192 191 191 192 190 191 190 190 190 190 189 189 190 190 191 191 192 192 191 192 193 193 193 194 193 192 193 192 192 193 193 191 189 189 190 189 190 190 190 189 190 
143 145 145 145 147 150 152 154 157 159 162 164 168 174 179 183 187 189 190 191 192 191 193 192 191 191 191 189 189 189 189 190 189 189 189 190 190 192 191 192 193 192 191 192 193 192 194 193 194 193 192 192 192 191 190 189 189 190 189 190 190 191 190 191 
169 170 170 171 172 174 176 177 179 181 182 183 185 189 191 192 194 195 194 193 192 191 191 190 190 189 189 188 188 188 190 190 190 190 190 190 191 192 191 192 194 192 192 193 194 194 194 193 194 192 192 191 192 192 191 190 191 190 190 190 190 191 192 192 
184 185 185 185 186 188 189 190 191 192 192 191 192 194 194 192 193 193 192 191 192 191 191 191 191 191 191 190 190 189 191 191 191 191 190 190 191 192 191 193 194 192 192 193 194 194 194 193 194 192 191 191 191 191 191 190 191 190 189 189 189 190 191 191 
190 190 190 190 190 191 192 192 192 193 192 191 192 193 192 191 191 190 191 191 193 193 193 192 192 191 192 190 190 190 191 191 193 192 192 191 193 193 192 193 194 191 191 191 192 193 193 193 193 192 192 191 192 192 192 191 192 190 190 190 189 190 192 192 
189 189 189 190 190 191 191 192 191 191 192 192 191 191 191 189 189 189 191 190 193 193 194 193 194 192 191 190 190 189 191 191 192 192 192 191 193 193 193 193 193 192 191 191 192 193 192 193 192 192 192 191 190 191 191 191 192 191 192 191 190 191 193 191 
188 188 188 190 190 190 191 192 191 192 193 192 191 192 191 189 189 188 189 189 191 192 193 192 193 191 192 191 191 191 192 192 193 193 192 192 194 193 193 193 192 191 190 191 192 193 193 193 192 192 192 191 191 193 192 192 192 191 191 192 192 192 193 192 
188 187 188 190 190 190 191 192 190 192 193 192 191 192 191 188 187 186 187 188 190 192 194 193 193 192 192 191 191 190 192 192 193 192 192 193 194 194 194 194 193 191 191 191 191 192 192 193 192 192 192 191 191 192 192 191 192 191 191 191 192 192 193 192 
188 187 187 189 189 189 190 192 190 192 193 192 190 191 190 188 188 187 188 188 189 191 193 193 193 192 192 191 190 190 192 191 193 193 193 194 195 194 194 194 192 191 190 191 191 192 192 194 192 192 192 192 191 192 191 191 192 191 193 194 194 194 195 193 

63 63 65 64 65 64 65 64 64 63 63 62 63 63 62 62 63 63 63 65 65 63 61 59 58 59 61 63 65 66 66 65 65 64 64 64 63 63 65 64 64 64 64 63 63 64 64 64 64 65 66 67 73 88 113 137 161 182 191 191 192 192 190 191 
64 64 65 65 64 64 63 61 62 62 62 61 62 63 63 62 63 63 62 64 64 62 61 60 58 58 61 62 64 64 65 64 64 65 65 65 64 65 65 65 64 65 64 64 64 65 64 64 64 65 66 67 73 88 112 137 161 182 191 192 192 193 192 192 
64 65 66 66 65 65 64 61 61 61 60 60 61 62 62 62 63 63 63 64 64 63 61 60 59 60 61 62 64 64 64 64 64 65 65 65 65 65 65 65 64 65 65 65 64 65 64 64 64 65 65 66 72 87 111 137 161 181 190 191 191 192 192 193 
63 64 65 65 65 64 63 61 61 61 60 60 61 62 62 62 63 63 63 63 64 63 62 61 60 60 62 63 65 65 65 64 64 64 65 65 65 65 65 66 65 65 67 65 65 65 65 64 64 65 65 65 71 86 110 135 159 180 189 189 190 191 191 192 
63 63 64 64 64 63 62 60 60 60 59 59 60 61 61 63 64 63 62 63 63 63 63 62 61 61 62 61 63 63 64 63 64 65 66 66 67 66 66 66 65 65 67 66 66 66 66 65 65 66 64 64 69 84 108 134 159 180 190 191 191 192 191 192 
64 63 64 64 62 61 61 60 61 61 59 59 60 61 62 62 64 63 63 63 65 64 65 64 63 63 63 62 63 63 63 63 64 65 65 65 66 65 64 65 64 64 67 67 66 66 66 64 65 65 63 63 68 84 108 135 160 181 191 192 192 192 192 192 
64 63 62 62 61 62 62 62 62 62 61 62 62 63 63 63 63 63 64 64 66 66 67 66 65 65 65 63 63 63 63 63 64 64 64 64 64 63 63 64 63 64 67 67 66 67 67 65 65 65 63 62 69 84 109 135 161 182 192 193 193 193 192 192 
62 61 61 61 61 61 62 63 63 65 63 64 64 64 64 64 63 62 63 63 65 65 67 65 64 64 65 63 64 65 64 64 63 63 63 63 63 62 62 62 62 62 65 65 65 65 66 64 64 63 62 62 70 86 112 138 163 183 193 193 193 192 191 190 
63 62 61 61 61 62 62 64 65 66 64 65 64 64 64 64 62 62 63 63 64 65 67 66 66 67 67 65 66 65 63 64 63 64 63 63 62 62 62 62 62 62 65 65 65 66 66 64 63 63 61 62 71 88 114 140 165 184 193 194 193 193 192 190 
62 62 62 62 62 62 63 65 65 66 65 65 64 64 63 64 62 63 63 63 64 64 65 65 65 66 66 65 64 63 62 63 62 63 63 63 62 61 62 62 62 61 64 63 63 64 65 64 64 63 62 64 74 93 119 145 169 185 192 193 193 193 193 192 
62 62 62 62 62 62 63 64 64 65 65 65 64 64 64 64 62 62 62 62 63 63 65 65 65 66 66 65 64 63 62 63 63 63 64 64 62 62 63 62 62 62 64 63 63 64 64 64 64 64 63 66 78 98 125 150 173 188 193 192 193 192 191 191 
62 61 62 62 62 62 63 63 63 62 63 63 62 62 62 62 62 61 61 61 63 62 64 64 64 65 66 64 65 65 63 65 64 63 63 64 63 64 64 64 63 63 63 63 63 62 63 63 62 63 64 68 80 103 130 154 175 189 192 190 191 191 190 191 
64 63 63 62 63 62 62 62 61 61 62 62 62 62 62 62 62 62 62 62 63 63 64 65 66 66 66 64 66 65 64 65 65 63 63 63 63 64 65 65 66 64 65 64 63 62 63 63 63 63 64 69 83 107 133 158 178 190 192 192 192 192 191 191 
65 65 65 65 65 64 64 63 62 61 61 61 62 63 63 64 63 63 62 62 62 63 63 65 65 66 65 65 65 66 64 65 65 63 62 62 63 63 64 64 65 64 64 64 63 62 62 63 63 63 64 72 88 113 139 164 182 191 192 191 192 191 191 192 
65 65 65 65 65 64 63 62 61 61 60 60 62 63 63 64 63 63 62 62 63 64 64 65 66 67 67 67 67 68 65 66 64 63 61 61 62 64 64 64 65 65 65 65 64 62 61 61 61 62 65 74 94 119 145 169 185 191 191 190 191 190 190 190 
65 66 66 67 66 67 66 65 63 63 61 61 61 62 62 64 64 65 64 63 64 65 64 66 66 67 66 68 68 68 66 67 64 62 61 62 62 63 64 65 66 66 66 65 64 62 61 60 61 61 66 78 100 124 150 172 186 190 190 189 190 189 189 189 
66 66 67 67 66 67 67 66 65 66 63 62 62 63 62 64 63 65 64 63 63 64 63 65 66 67 67 68 67 67 65 65 62 62 62 62 62 63 62 63 64 65 65 64 63 62 60 60 62 62 67 83 106 130 155 176 188 189 189 188 189 187 187 187 
67 66 67 67 66 67 68 67 66 67 63 63 63 64 63 64 63 64 64 64 63 64 64 65 65 66 66 68 66 67 65 64 62 63 63 63 62 62 61 62 62 64 64 63 62 62 60 60 62 64 71 90 114 138 163 181 189 189 189 187 188 186 187 186 
64 63 64 64 62 64 65 64 64 66 64 64 63 63 62 64 63 64 64 64 63 64 64 65 65 66 65 67 66 65 64 64 62 63 64 64 63 63 63 62 62 64 65 63 63 63 60 61 63 67 78 100 125 149 172 186 191 190 191 188 188 187 187 185 
65 63 64 65 63 64 67 65 65 66 65 64 64 65 64 64 63 64 63 64 63 64 63 65 64 65 64 66 65 65 65 65 63 62 63 63 63 62 63 63 63 63 64 62 62 63 61 62 66 71 85 109 133 155 176 188 190 191 191 189 189 188 187 186 
68 65 65 64 62 62 65 63 64 65 64 64 65 65 64 63 62 62 62 62 62 63 63 65 64 65 65 65 64 64 63 62 62 62 62 62 63 62 63 62 63 62 62 61 61 62 62 64 67 76 93 118 142 164 181 190 190 191 192 190 190 189 188 186 
67 65 65 63 62 62 64 62 63 64 63 63 65 65 65 64 63 62 63 63 63 63 64 64 63 64 63 63 62 63 63 63 63 63 63 63 63 62 64 63 63 62 62 62 61 62 63 64 69 83 102 128 152 172 186 192 190 192 194 192 193 193 193 191 
65 64 64 63 62 62 64 63 64 64 63 62 63 64 64 64 63 63 63 62 63 63 64 64 63 63 62 62 61 62 61 61 62 62 63 63 65 64 67 66 65 64 64 63 62 64 65 67 74 92 113 139 162 179 188 191 190 193 195 194 195 195 193 192 
67 65 65 65 64 64 65 64 65 64 63 63 64 65 64 64 63 63 63 63 63 63 63 62 62 62 62 61 61 62 62 61 62 61 61 61 62 62 64 65 64 63 62 62 61 62 63 68 79 100 124 149 170 184 189 190 190 192 194 194 195 195 193 192 
66 65 64 64 64 64 64 64 65 64 63 63 64 65 64 64 63 63 63 63 63 63 63 62 62 62 62 61 60 61 61 60 62 62 62 63 64 63 64 64 63 62 62 62 63 63 66 73 89 112 137 161 180 189 191 190 191 192 193 193 193 193 191 191 
63 63 64 63 63 64 64 64 65 65 64 64 64 65 63 64 64 64 63 63 63 63 63 63 63 63 62 61 62 63 62 62 64 64 63 64 64 63 63 63 62 61 62 62 63 63 68 78 97 123 149 170 186 192 192 191 192 193 194 194 194 194 192 193 
64 64 64 64 64 64 64 65 66 66 64 65 64 64 63 64 65 65 64 64 63 63 62 63 63 63 62 62 61 62 61 62 63 63 62 63 64 63 64 63 63 62 62 61 64 65 73 88 111 137 162 180 191 193 192 191 194 193 193 192 193 191 189 189 
63 64 64 64 63 64 63 64 65 66 65 66 66 65 63 64 64 64 63 64 63 62 62 63 63 64 64 63 62 64 62 62 63 64 62 63 63 63 62 61 61 61 61 61 65 67 79 98 123 147 170 184 192 192 191 191 193 192 191 191 192 191 190 192 
63 64 64 64 63 63 62 63 63 65 65 66 65 65 63 64 63 64 63 64 63 64 64 64 64 65 64 63 63 64 63 63 65 65 64 65 65 64 63 61 61 60 60 61 67 73 89 111 137 159 179 188 193 193 192 192 194 193 191 190 191 190 189 191 
64 64 65 64 63 63 63 63 63 65 65 65 64 65 62 63 62 62 63 64 64 64 65 64 63 64 64 63 63 64 63 64 65 66 65 65 65 65 63 61 62 61 61 63 71 81 101 124 149 168 184 189 193 192 191 191 193 192 193 192 192 191 190 190 
65 64 64 63 63 63 63 63 63 63 64 65 65 64 63 64 62 61 63 65 64 64 65 64 63 65 64 63 62 63 62 64 65 65 65 65 66 65 64 62 62 61 62 67 80 94 118 142 164 179 189 191 192 191 191 191 192 192 192 192 191 191 190 190 
64 64 64 63 63 62 61 61 61 61 62 63 65 64 64 64 62 61 62 64 64 65 66 65 64 64 63 63 63 63 63 64 64 64 65 65 65 64 63 61 61 60 64 73 91 109 136 157 175 185 192 192 192 191 191 190 190 190 191 192 191 192 191 191 
65 64 64 64 64 63 63 63 62 61 62 64 65 65 64 65 63 62 63 64 64 65 66 65 64 65 64 64 65 64 64 64 64 64 65 65 66 64 63 62 62 62 70 83 104 126 152 170 185 191 194 193 193 192 192 191 191 192 192 192 191 191 190 190 
63 63 64 64 65 65 64 63 63 61 61 63 65 65 64 64 63 62 63 64 64 64 64 64 64 64 64 64 65 63 64 63 63 62 64 63 64 63 64 63 64 68 79 96 121 144 167 181 190 193 194 193 192 191 190 189 189 190 191 193 192 192 192 191 
62 63 64 63 64 63 62 61 62 61 61 64 64 63 64 64 64 64 64 64 65 65 65 65 65 65 64 64 64 63 63 62 62 62 62 62 64 62 63 64 67 75 92 113 139 161 180 189 193 193 193 191 191 191 190 189 191 192 191 193 193 192 192 192 
61 62 63 64 64 63 63 62 62 62 62 63 64 64 64 65 65 66 66 65 65 65 64 64 64 63 63 63 63 62 63 61 62 62 62 62 63 62 64 66 74 87 108 131 155 174 186 191 193 193 193 192 192 193 192 191 192 193 192 193 193 192 191 192 
62 62 63 64 64 64 64 64 63 64 64 64 63 64 63 64 64 66 66 65 65 65 64 64 64 64 64 63 62 62 63 62 63 64 63 63 63 63 68 74 87 107 129 151 171 184 190 192 192 192 192 191 191 193 192 192 193 194 192 192 192 191 190 191 
62 63 64 64 64 64 63 63 63 64 64 63 63 63 63 64 65 66 66 65 64 62 62 62 63 62 63 62 61 62 63 62 64 64 64 64 64 67 74 85 103 126 148 168 182 191 193 193 191 192 192 191 191 193 193 192 193 194 192 193 192 190 191 191 
64 64 64 64 65 64 63 64 63 63 63 63 62 63 63 63 64 63 64 64 63 62 63 63 63 63 63 62 61 62 62 63 64 65 65 65 67 73 84 101 122 145 166 181 190 194 195 193 191 192 193 192 192 194 194 194 195 195 193 193 192 190 191 191 
63 63 63 64 66 65 65 66 65 64 65 64 64 64 63 63 63 62 62 63 62 61 62 62 62 61 62 61 62 62 63 64 65 65 67 69 74 85 102 122 144 164 180 190 194 194 194 193 192 193 195 195 194 195 195 194 193 193 192 192 191 190 191 191 
61 62 63 64 66 66 64 65 64 64 64 64 65 64 63 62 62 61 61 63 63 62 63 62 62 61 62 61 63 63 64 65 65 66 69 76 86 103 122 143 163 178 188 195 195 194 195 193 191 192 194 193 193 195 195 194 194 193 192 190 191 191 191 191 
61 62 62 62 65 65 64 65 64 62 63 63 62 62 60 60 61 61 62 64 64 63 63 62 61 62 61 61 63 63 64 64 66 69 76 87 103 123 143 161 177 186 192 195 194 193 193 193 191 193 195 195 194 195 195 194 193 193 192 191 191 191 191 191 
60 61 61 62 64 64 64 64 63 61 62 62 62 61 61 60 60 60 62 63 63 63 64 63 63 63 62 62 63 62 64 67 71 79 92 106 125 144 163 176 186 191 193 194 194 193 193 193 192 193 195 194 195 194 195 193 193 192 192 190 191 192 192 192 
58 60 61 61 63 64 64 64 62 61 62 61 61 61 61 60 61 61 63 64 64 63 63 63 63 64 63 63 63 63 67 73 83 95 112 129 148 164 177 185 190 193 192 193 194 193 192 192 192 192 193 193 194 193 193 192 191 190 190 190 191 191 193 193 
60 61 62 62 63 63 63 63 61 61 62 61 60 62 62 61 63 63 64 64 64 63 63 63 63 64 63 64 65 69 76 87 101 117 135 151 167 177 185 189 191 192 193 193 194 193 192 192 191 191 192 192 193 193 194 193 193 192 191 191 193 192 193 194 
62 63 63 63 63 63 63 63 62 62 63 62 61 61 62 61 62 63 64 64 63 63 63 64 64 65 65 68 72 80 92 106 124 141 158 170 181 186 189 191 191 191 191 192 193 193 193 192 192 192 192 193 193 192 193 191 191 190 190 191 193 192 194 195 
63 65 65 66 65 63 62 61 61 62 63 63 63 64 65 63 64 63 62 61 61 61 62 63 64 67 70 77 87 99 115 132 150 164 177 184 189 189 189 189 189 189 190 191 192 193 194 193 193 191 191 191 192 192 193 192 192 191 191 191 193 192 193 194 
62 64 63 65 64 63 62 62 62 63 64 65 64 65 64 63 63 63 61 60 60 59 61 65 68 75 84 95 109 124 140 155 169 178 185 188 190 189 188 189 189 189 190 190 192 192 192 192 192 191 191 192 192 192 193 192 193 192 191 191 193 192 193 193 
62 63 63 65 64 62 61 62 62 64 66 66 65 65 64 63 63 63 62 62 64 66 71 77 85 95 107 120 135 149 163 175 183 188 190 190 190 189 189 190 190 190 191 191 192 192 192 192 192 190 191 191 191 192 193 192 193 193 194 193 194 192 193 192 
62 63 63 64 63 63 61 62 62 64 64 65 64 63 61 61 61 62 63 67 71 78 88 97 107 120 133 144 158 169 178 184 188 190 190 190 189 190 189 190 190 190 191 191 192 192 193 193 192 190 190 190 189 190 192 190 191 191 192 191 191 191 191 191 
63 63 63 64 63 63 62 63 64 65 64 65 63 63 61 64 66 70 74 82 90 99 111 122 133 145 158 168 178 185 189 191 191 191 190 190 189 190 190 190 190 190 191 191 193 192 193 192 191 190 191 191 190 191 193 192 192 192 193 192 191 191 190 189 
62 62 61 61 61 61 62 64 65 66 66 66 67 69 70 75 81 88 97 107 116 127 138 147 158 168 178 184 189 192 192 191 189 190 190 190 190 191 190 191 191 191 192 191 193 192 192 191 190 190 190 191 191 192 192 192 191 191 192 191 191 190 190 189 
70 70 69 68 68 68 69 71 73 74 77 78 81 85 91 98 105 113 124 133 143 155 165 172 179 185 189 191 193 193 192 192 189 190 190 191 190 191 191 191 190 191 192 192 192 192 193 191 190 190 190 190 191 191 191 191 190 191 191 191 190 189 187 187 
86 85 85 84 85 85 86 88 91 93 97 101 105 111 117 124 132 140 149 159 167 175 182 185 187 189 190 190 192 192 191 191 189 190 190 191 190 191 190 190 190 190 191 192 192 193 193 192 191 192 191 192 193 192 191 191 190 190 190 189 189 188 187 187 
109 110 110 109 111 112 113 115 118 119 124 127 131 138 145 150 158 165 172 178 183 187 190 190 190 190 190 191 192 192 192 192 190 190 191 191 190 191 191 191 190 190 191 192 191 192 192 192 191 193 192 193 193 194 192 191 190 191 189 190 190 189 188 188 
134 135 135 135 136 138 140 142 144 145 149 152 157 164 170 174 179 182 186 188 190 191 192 191 190 190 190 190 191 191 191 192 190 190 190 190 190 191 190 191 191 191 191 192 191 192 192 192 191 192 191 191 193 193 191 190 190 191 189 190 190 189 188 189 
159 160 160 161 162 165 166 168 169 170 174 175 178 183 187 188 190 191 191 191 191 191 192 191 191 190 190 189 189 189 190 191 190 190 190 190 190 192 191 191 192 192 191 191 191 192 192 192 193 192 191 190 190 190 190 189 190 190 189 190 190 190 189 190 
178 179 179 180 182 184 185 186 187 187 188 188 189 192 193 193 193 193 192 191 191 190 191 190 190 189 189 188 188 188 190 190 190 191 191 190 191 192 191 191 192 192 192 191 192 193 193 192 193 192 191 190 191 191 191 191 191 190 190 190 190 191 192 192 
188 189 189 190 191 193 194 194 194 193 193 191 192 193 193 192 192 191 191 190 190 190 191 191 192 191 192 191 190 189 190 190 190 191 191 190 191 192 191 191 192 192 191 191 192 193 193 192 192 191 190 189 190 191 191 191 191 190 191 190 190 191 192 191 
189 189 189 189 189 191 192 193 193 193 192 191 191 192 191 191 191 191 191 191 191 192 193 192 194 192 193 191 190 189 190 189 191 191 191 190 191 192 191 192 192 191 191 191 191 193 193 192 192 192 191 190 191 191 191 191 191 189 191 190 190 191 193 192 
188 188 188 189 189 190 191 192 191 191 191 191 190 191 190 189 190 190 191 191 193 193 194 193 195 193 193 192 191 190 191 190 191 191 190 190 192 192 191 191 192 192 191 190 192 193 193 193 193 192 191 190 190 190 190 190 191 189 191 191 190 191 193 191 
188 187 187 189 190 189 191 192 191 192 193 192 190 191 190 189 189 189 190 190 192 193 194 193 195 193 193 193 193 191 192 191 191 191 191 191 192 192 192 192 192 191 191 192 192 193 194 193 193 193 192 191 192 192 191 191 191 190 192 192 193 193 195 193 
187 187 187 189 190 190 191 192 190 192 193 192 191 192 190 188 188 188 189 190 192 194 194 194 195 193 194 194 193 191 192 191 192 191 191 192 193 193 193 193 193 192 192 192 192 192 193 193 192 193 193 191 191 191 191 190 190 190 192 193 194 194 195 193 
186 186 186 188 189 188 190 192 190 192 193 191 189 190 188 186 187 188 190 190 192 194 195 195 195 193 193 193 192 191 193 192 192 191 191 193 194 193 194 194 193 192 191 192 192 192 193 194 193 194 193 192 191 191 190 190 191 190 193 194 195 195 197 195 

63 63 64 63 64 63 64 64 65 63 63 62 62 62 62 62 63 63 63 65 65 64 63 61 59 61 62 64 66 66 65 65 66 66 65 65 65 64 65 65 64 64 63 62 62 63 64 64 65 65 67 67 79 98 123 146 169 185 191 192 194 194 192 193 
63 63 64 63 63 63 63 62 64 63 63 62 62 63 63 62 63 62 62 64 64 63 62 61 60 61 62 64 65 65 65 65 65 66 66 66 67 66 66 66 65 65 63 63 63 64 64 65 64 64 66 67 78 99 123 147 171 186 192 193 194 194 193 193 
63 63 64 64 64 64 64 62 63 62 62 61 61 61 62 61 62 62 62 64 64 64 63 62 61 62 63 63 65 64 64 64 65 66 66 66 66 66 66 66 66 65 65 63 64 64 64 64 65 65 66 67 78 99 122 147 172 187 191 192 193 193 193 193 
61 62 63 63 64 63 63 62 62 62 62 62 62 62 62 63 63 63 63 64 64 64 63 61 61 61 62 63 66 65 66 65 65 65 66 66 67 66 67 67 66 65 66 64 64 65 64 64 64 64 64 65 76 97 121 146 170 185 190 190 191 192 192 192 
61 62 63 63 63 62 62 61 62 61 61 60 61 61 61 62 63 63 62 64 64 63 64 63 62 62 63 62 64 64 65 64 65 65 66 66 67 66 66 67 66 65 66 66 65 65 65 64 64 65 64 64 74 95 118 145 170 185 190 192 192 193 193 193 
62 62 63 63 62 62 62 62 62 62 61 60 61 61 61 62 63 63 63 64 66 65 65 64 63 63 63 62 63 64 64 63 64 66 66 66 67 66 65 66 65 64 67 66 66 66 66 64 63 64 62 64 74 96 119 147 171 186 191 193 192 193 194 194 
62 63 62 62 62 62 62 62 62 62 61 62 62 62 62 63 63 64 65 66 67 67 67 66 65 64 64 63 62 64 63 63 64 66 65 65 65 63 64 65 64 64 68 67 66 67 67 65 64 64 62 64 76 96 121 148 172 186 192 194 193 193 194 194 
62 62 62 62 62 61 62 63 63 63 63 64 64 64 64 65 63 63 63 64 66 66 66 65 64 64 64 63 63 65 64 64 64 65 64 64 63 63 62 64 63 64 66 66 66 66 66 64 63 62 61 65 78 99 125 152 173 187 191 192 192 193 193 192 
63 62 62 61 62 62 62 64 65 65 65 65 64 64 63 64 62 63 63 63 65 65 66 66 66 66 67 65 64 65 64 64 64 66 64 64 63 62 62 63 63 64 67 67 66 66 66 63 63 62 61 65 80 102 127 155 176 189 193 194 194 194 193 193 
62 62 62 62 63 63 64 66 66 66 66 66 64 64 64 64 63 64 63 63 64 64 64 64 64 64 64 64 63 63 63 64 63 65 64 64 62 61 63 63 63 63 65 63 63 64 64 63 64 63 61 69 84 108 134 160 179 190 192 192 193 193 193 193 
62 62 62 61 62 62 62 63 64 64 65 66 64 64 65 64 63 63 63 62 63 63 64 64 65 65 66 65 64 64 63 64 64 65 64 64 62 62 63 63 63 64 65 63 63 64 63 63 64 62 62 70 87 112 138 164 182 192 193 192 193 192 191 191 
63 62 62 62 62 62 62 63 63 63 64 63 62 63 63 62 62 62 62 61 62 62 63 63 64 65 65 65 66 65 64 66 65 65 63 64 63 63 64 64 64 63 64 62 63 62 61 61 62 61 63 73 90 117 143 166 182 191 191 190 191 191 190 190 
64 63 63 62 62 61 61 61 61 61 62 63 62 63 64 63 63 63 62 62 62 63 64 64 66 66 65 65 66 65 65 66 66 64 63 63 63 63 65 66 65 64 65 62 62 61 61 61 62 62 64 75 94 120 146 170 185 192 192 192 192 192 191 192 
67 66 65 64 64 62 62 61 61 60 61 61 62 63 64 64 63 63 62 62 62 62 63 63 65 65 64 65 66 66 65 66 65 64 63 63 63 64 65 65 65 64 64 62 62 61 61 62 62 62 66 79 99 125 151 174 186 191 191 191 191 191 191 192 
67 66 66 64 63 62 62 60 60 59 60 60 62 63 63 64 63 62 63 62 63 64 63 64 66 67 67 68 68 68 66 66 64 63 61 62 63 65 65 66 66 66 65 65 64 62 61 62 61 61 67 83 105 131 156 177 188 191 190 190 190 190 190 190 
67 66 67 66 66 65 65 64 63 62 61 61 62 62 62 64 64 64 64 64 63 64 64 64 65 67 66 68 68 68 65 66 63 62 61 62 62 64 64 67 66 67 66 65 63 62 60 60 61 62 72 90 113 138 163 180 188 190 190 189 189 189 189 189 
67 66 67 66 66 65 66 65 64 65 63 62 62 63 62 63 63 63 64 63 63 64 64 64 64 66 66 67 67 67 64 64 61 61 60 62 61 63 63 64 64 66 65 64 63 62 60 61 62 64 75 96 121 145 168 184 189 190 189 188 188 188 188 189 
67 66 67 66 66 66 67 66 65 66 63 62 63 63 62 63 62 63 64 64 63 63 62 63 63 65 65 66 66 66 64 63 61 61 61 62 61 62 61 62 63 65 64 63 62 62 59 60 63 66 81 105 129 153 175 187 189 189 188 186 187 186 187 187 
64 63 64 64 63 64 65 64 63 65 63 63 63 63 61 63 62 63 64 64 64 64 63 64 64 64 64 66 65 65 63 64 62 62 63 63 61 61 61 62 63 65 64 63 62 62 58 60 63 71 89 115 140 163 182 190 191 190 190 187 187 187 187 185 
64 62 64 64 63 64 66 64 64 65 64 63 64 63 62 62 62 63 63 63 62 62 62 64 64 65 64 65 65 65 64 65 63 62 62 62 60 59 61 62 62 64 64 61 61 61 59 61 67 78 98 125 149 170 186 192 191 190 190 188 188 187 187 185 
67 64 64 63 61 62 63 62 62 63 62 62 63 64 63 62 60 60 61 61 60 62 62 64 64 65 65 65 64 64 63 63 63 62 62 61 62 61 62 63 63 63 62 61 61 61 60 64 70 84 106 134 157 176 188 191 189 189 190 188 189 188 188 186 
66 64 64 63 61 62 63 62 62 63 62 62 64 64 64 63 62 61 62 61 61 62 62 63 64 65 64 65 64 64 64 64 64 62 63 62 62 62 63 64 64 63 61 61 59 60 60 65 74 93 117 143 165 181 189 191 190 190 192 191 191 191 191 189 
63 62 63 62 61 62 63 62 63 64 62 62 62 62 63 62 62 62 62 61 61 62 63 63 63 64 63 63 63 63 63 63 63 62 62 63 65 64 67 66 66 63 62 61 60 61 63 70 82 104 128 153 174 185 190 191 190 191 193 192 192 193 192 189 
66 65 64 64 64 64 65 65 65 65 64 62 62 63 63 62 62 62 62 61 61 62 62 61 62 63 63 62 63 64 63 62 63 61 60 61 63 63 65 65 64 62 61 60 60 61 65 74 91 115 139 162 180 187 190 191 190 191 193 192 192 192 192 190 
65 65 64 64 64 64 64 65 65 65 63 62 62 63 63 62 63 63 63 62 62 63 63 62 62 63 63 62 62 63 62 61 63 63 62 64 64 64 65 65 64 62 61 61 61 63 69 82 102 127 151 171 184 189 191 190 191 191 193 192 192 192 191 190 
62 64 64 64 65 65 64 65 66 66 65 64 62 63 61 61 62 63 63 62 62 63 62 61 62 63 62 62 62 64 62 62 64 63 63 64 64 63 64 63 62 62 61 60 61 64 73 90 113 139 162 179 190 192 192 192 192 193 193 192 193 192 192 192 
63 64 64 64 65 65 65 66 67 67 65 64 62 62 61 62 64 65 64 63 63 63 61 61 62 63 62 62 62 63 61 62 64 63 63 64 63 63 64 63 64 62 61 60 63 68 81 102 127 151 173 186 192 193 193 192 193 192 192 191 191 190 189 189 
63 65 64 63 63 64 63 64 66 67 66 65 64 63 62 62 63 64 63 64 64 63 62 63 63 64 65 64 63 64 63 63 64 65 63 63 62 63 62 61 61 60 60 60 65 72 89 113 139 161 180 189 192 192 192 191 192 192 191 190 190 189 189 190 
63 64 64 63 63 63 63 63 64 66 65 65 64 63 61 62 63 64 64 65 64 64 63 64 64 65 65 64 64 64 63 63 65 65 65 65 64 64 63 61 61 61 60 61 69 80 101 127 152 171 186 191 193 193 193 192 192 192 190 189 189 189 188 189 
64 64 64 63 62 63 63 63 63 65 65 65 64 64 62 62 63 63 63 64 64 64 63 64 63 64 64 64 64 64 64 64 65 65 66 65 65 64 64 62 62 61 62 65 77 92 115 140 162 178 190 192 192 192 191 191 191 191 190 190 190 190 188 188 
64 65 64 63 62 63 63 63 63 64 64 64 65 64 64 64 64 63 64 64 64 64 64 64 64 64 65 64 64 64 64 64 65 65 66 65 65 65 64 62 62 61 64 71 88 107 133 155 175 185 191 191 191 191 191 190 190 191 190 189 189 189 187 187 
64 64 63 63 62 62 61 62 61 62 62 63 64 64 64 64 64 62 63 63 64 64 65 65 65 64 65 64 64 64 64 63 64 64 65 65 66 64 64 61 61 61 69 80 102 124 150 168 183 189 193 191 191 191 190 190 189 190 190 189 189 190 189 190 
64 64 63 63 63 63 62 63 62 62 62 64 64 64 64 65 64 63 64 64 64 65 65 65 65 64 65 65 65 65 64 63 63 62 64 65 66 64 65 62 63 66 77 93 118 141 165 179 189 192 193 192 191 191 191 189 190 191 191 191 190 190 190 189 
63 64 64 63 65 64 62 63 62 62 61 63 63 63 63 64 64 63 63 63 64 63 64 63 63 63 64 64 65 64 65 63 63 62 63 64 65 64 65 64 67 74 91 110 135 158 178 188 193 194 193 191 189 190 189 188 188 190 191 192 192 192 191 191 
63 64 64 64 65 63 61 62 62 61 61 63 62 62 62 64 63 63 64 64 65 65 65 64 65 64 64 65 65 64 64 63 63 62 62 62 63 62 64 67 73 86 106 127 152 172 186 192 194 193 192 191 190 191 190 189 190 192 191 193 192 192 192 192 
63 63 63 64 65 63 62 62 61 62 61 63 62 63 62 64 65 66 66 66 66 65 64 63 64 63 64 64 64 64 64 63 63 62 62 62 63 63 67 73 85 103 125 146 167 182 190 192 193 193 192 191 191 191 191 190 191 192 192 193 192 192 192 192 
63 64 64 65 65 64 63 64 63 63 63 63 62 62 61 63 63 65 66 66 65 65 63 63 64 64 65 65 64 64 64 64 64 65 63 63 64 66 73 84 101 123 145 164 179 189 193 193 191 191 191 190 190 191 191 190 191 193 192 193 192 191 191 190 
63 64 64 65 66 64 63 64 63 63 63 63 62 62 61 62 63 65 66 65 64 63 62 62 63 62 64 64 63 64 64 64 65 66 63 65 67 73 84 101 120 143 163 178 187 194 194 192 191 192 192 191 191 192 192 191 192 193 192 194 192 191 192 192 
64 64 64 65 66 64 64 64 63 63 63 63 62 62 62 63 63 64 64 64 63 63 63 63 64 63 64 64 63 64 63 64 65 66 65 68 73 82 98 117 138 159 176 187 192 195 195 193 191 192 192 192 192 193 193 193 194 194 193 193 192 191 192 192 
63 64 63 65 66 65 66 66 65 64 65 64 64 64 63 63 63 63 63 63 62 61 61 62 62 62 63 63 63 64 64 65 66 67 69 76 85 99 117 139 158 174 186 193 195 195 195 193 191 192 193 194 193 194 194 193 192 193 192 192 192 191 192 192 
62 62 63 64 66 66 66 66 65 64 64 65 64 63 62 62 62 61 62 63 62 61 62 62 62 62 62 62 63 63 64 65 66 70 75 87 101 119 138 158 172 183 190 196 195 194 195 193 191 192 193 193 193 194 195 194 194 193 192 192 192 192 192 192 
62 62 63 64 66 66 66 67 65 64 64 64 62 62 61 61 61 61 62 63 63 62 62 61 61 62 62 62 64 64 64 65 68 75 87 103 122 141 158 173 183 189 193 195 195 194 194 193 192 193 194 194 194 195 195 194 194 193 192 192 192 192 192 193 
62 62 63 64 66 65 66 65 64 62 63 63 63 62 61 61 61 60 62 63 63 63 63 63 63 64 63 63 64 64 66 70 78 90 106 123 143 160 173 183 189 191 193 194 195 194 195 195 194 194 195 194 194 193 194 193 193 192 192 192 192 192 192 192 
61 62 63 64 65 64 65 65 63 62 62 61 61 61 61 61 62 62 63 64 63 62 62 63 63 63 63 64 65 66 72 80 93 109 127 145 162 176 184 190 192 193 193 193 194 193 193 193 193 192 192 193 194 192 192 193 192 190 191 191 191 191 192 192 
62 62 63 64 64 64 65 64 63 62 63 61 61 62 62 62 63 63 64 65 64 63 62 62 63 64 65 68 71 76 87 99 114 132 149 163 177 185 189 192 192 192 193 193 194 193 193 192 193 192 192 193 194 193 193 193 193 192 191 192 193 191 192 192 
64 65 65 65 64 63 63 63 62 62 63 62 61 61 62 62 63 63 64 65 63 63 64 64 64 67 69 75 82 92 107 121 138 155 168 178 186 190 192 192 192 191 191 191 192 193 193 192 193 192 191 193 194 192 191 191 190 189 189 191 192 191 193 194 
65 66 66 67 65 63 61 61 60 62 63 64 64 64 64 65 65 64 63 63 62 62 64 66 69 74 80 89 101 115 132 148 162 175 183 187 190 190 190 190 190 189 190 190 191 192 192 192 192 191 190 191 192 191 192 191 191 190 190 190 192 191 192 193 
63 65 65 66 65 64 61 61 61 63 64 65 65 65 64 64 64 63 62 62 62 62 67 72 79 88 99 110 125 140 155 168 178 186 188 188 190 189 189 189 190 189 188 189 190 190 191 191 191 191 190 191 192 192 192 192 192 191 191 191 192 192 192 193 
63 65 64 65 64 63 61 62 61 63 64 65 64 64 63 63 63 64 64 66 68 74 82 90 100 111 124 136 150 164 175 183 188 191 191 190 191 191 190 191 192 191 190 190 191 191 191 191 191 191 191 191 192 192 193 192 193 193 193 193 194 194 193 194 
65 65 64 65 64 63 61 61 61 63 62 64 63 64 62 64 64 66 70 76 82 91 103 113 124 137 148 158 170 179 185 188 189 190 189 189 190 191 190 191 191 191 190 190 191 191 191 191 191 190 190 189 190 190 191 191 191 191 192 190 191 192 192 192 
64 64 64 64 64 64 62 62 62 63 62 65 66 68 67 72 74 79 86 95 104 116 128 139 150 160 170 178 185 190 192 192 191 191 190 189 189 190 189 189 191 190 191 191 192 191 191 191 190 190 190 190 191 192 193 193 192 193 193 191 191 191 190 190 
63 63 62 62 63 63 64 66 67 69 68 71 75 79 81 88 93 101 110 121 131 142 153 161 170 179 184 188 191 193 192 191 189 190 189 188 189 190 189 190 191 190 191 191 192 192 192 190 189 190 189 191 192 193 193 193 192 193 193 192 190 191 190 189 
75 75 74 73 74 74 76 78 80 83 85 89 94 100 106 113 120 128 138 148 157 168 176 181 185 189 190 191 192 193 192 191 188 189 188 189 189 190 190 190 190 190 191 192 192 193 192 191 190 190 189 190 190 191 191 191 190 192 191 191 190 189 188 188 
95 95 95 94 95 96 98 101 105 108 112 117 122 128 133 140 147 154 162 171 178 184 188 189 189 189 189 189 191 191 191 191 189 189 189 189 188 189 188 188 189 189 190 191 191 192 192 191 191 192 191 192 193 193 192 191 190 190 189 189 188 189 187 188 
119 120 120 119 120 122 124 127 131 134 139 143 148 154 160 165 171 175 180 185 189 190 192 191 189 189 189 189 190 191 191 192 191 191 191 190 189 189 188 188 189 189 190 191 191 192 191 191 191 193 192 193 193 194 193 192 191 191 190 190 190 190 189 189 
145 145 145 145 146 149 152 154 158 161 164 167 172 177 181 183 187 187 189 190 191 191 192 190 189 188 188 188 189 191 191 191 191 190 190 190 190 190 190 190 191 191 191 191 191 192 192 191 192 193 192 192 193 193 192 190 190 190 190 191 191 190 189 189 
170 170 171 171 172 174 176 177 179 181 183 184 187 190 191 191 192 191 190 190 191 191 192 191 191 189 189 188 188 189 190 191 190 191 190 189 190 191 190 190 191 192 191 191 191 192 191 191 192 192 192 191 191 191 191 189 189 189 189 190 191 191 191 191 
185 185 185 185 186 188 190 190 192 193 192 191 192 193 193 193 192 192 191 190 191 191 191 190 192 189 189 188 188 188 189 190 190 192 191 190 191 192 190 190 191 192 192 191 192 193 192 192 193 193 192 191 192 193 193 191 191 189 190 190 191 192 193 191 
190 190 191 190 191 193 194 193 194 194 192 191 192 193 192 192 191 191 190 189 190 191 191 191 193 192 192 191 190 189 190 190 190 192 192 190 191 193 191 190 192 192 191 191 193 193 192 192 192 191 191 190 190 192 192 191 191 190 191 191 191 192 193 191 
190 191 191 191 191 192 193 192 193 193 192 190 191 191 190 190 190 190 191 190 191 193 193 192 194 192 192 191 190 188 189 188 190 191 191 190 192 192 191 191 192 191 191 191 192 193 193 192 192 192 191 190 191 191 191 190 190 189 191 191 192 192 194 192 
189 189 189 190 190 191 191 191 191 192 192 191 190 190 189 188 189 191 192 191 193 194 193 192 194 192 192 192 190 189 190 189 189 191 190 190 191 192 191 190 192 192 191 191 193 193 193 193 192 192 191 190 190 190 191 190 191 190 192 191 191 192 194 191 
188 188 188 189 190 190 191 192 192 192 194 192 191 191 191 189 190 191 192 192 193 194 193 193 194 192 193 193 191 190 191 189 189 191 191 192 193 192 191 191 192 192 192 192 193 193 193 194 193 193 193 191 192 192 192 191 192 191 193 193 194 195 196 194 
187 187 187 189 190 190 191 193 192 193 195 193 191 192 191 188 189 190 191 192 194 194 194 193 194 192 193 193 192 190 191 190 190 191 191 192 194 193 192 192 193 192 192 193 193 193 194 193 192 193 192 191 191 191 191 190 191 191 194 194 196 196 197 195 
186 186 186 189 189 189 190 193 192 193 195 192 190 191 190 187 188 189 191 192 194 195 195 194 194 192 192 192 191 190 192 190 190 191 191 192 193 192 192 192 192 192 192 193 193 193 193 194 192 194 193 191 191 191 190 189 190 190 194 195 196 196 197 196 

64 63 64 62 64 65 66 66 67 65 64 63 62 62 63 63 63 63 63 64 65 64 64 62 61 62 63 63 64 65 63 64 65 66 65 66 66 66 66 66 65 64 63 62 62 63 65 65 65 64 65 70 87 112 137 160 179 189 190 191 193 193 192 192 
63 63 64 63 64 63 65 64 66 65 64 63 63 63 63 63 62 62 62 64 64 64 64 63 61 62 63 64 65 65 64 64 64 66 66 67 67 67 67 66 66 64 63 63 63 63 65 65 65 64 65 70 86 112 137 162 181 191 192 192 192 193 192 192 
63 63 64 63 64 64 65 64 65 64 63 62 62 62 62 62 62 62 62 64 65 65 65 63 62 63 64 63 65 64 63 64 65 65 66 66 66 66 66 66 66 64 64 63 63 63 64 65 66 66 66 71 87 112 137 162 182 192 192 192 192 193 192 192 
61 62 62 63 63 63 64 64 64 63 63 62 63 63 63 63 62 62 62 64 64 64 64 62 62 62 64 64 66 65 65 65 65 64 65 65 65 64 65 65 65 64 65 64 63 63 64 65 64 65 65 69 85 111 135 161 180 190 190 190 191 191 191 191 
62 62 62 63 64 62 63 63 64 63 63 62 62 62 62 63 62 61 62 63 64 64 64 63 63 63 65 63 65 65 64 64 65 64 65 65 66 65 65 65 65 64 65 64 64 64 65 65 65 65 65 69 85 110 134 160 180 189 190 192 192 193 193 193 
62 63 62 63 63 62 62 63 64 64 63 62 63 63 62 63 63 63 63 64 65 65 65 64 64 63 64 63 64 64 64 63 64 64 64 64 65 64 64 65 65 64 66 66 65 65 65 65 64 64 63 70 84 111 135 162 181 191 191 193 193 194 196 195 
63 63 62 62 63 62 62 64 64 64 63 63 64 63 63 63 63 63 64 64 66 66 66 66 65 65 65 63 63 63 63 63 64 64 64 63 63 62 63 65 65 64 67 66 66 67 67 65 65 64 62 70 87 112 136 163 182 190 192 194 194 195 196 195 
63 63 62 62 62 62 62 63 64 65 64 65 65 65 64 64 63 63 62 63 64 64 64 65 64 64 65 65 64 64 63 64 63 65 63 63 63 63 63 64 64 64 66 66 66 66 66 64 62 61 60 70 88 114 139 165 182 189 191 193 193 194 195 194 
63 63 62 61 61 61 62 64 66 66 66 66 65 64 64 63 63 63 63 63 64 64 64 65 65 66 67 66 65 65 64 64 64 65 64 63 63 62 63 64 64 64 66 66 66 66 65 63 62 61 61 72 91 116 142 167 184 191 193 194 195 195 195 194 
63 63 62 62 62 63 63 65 66 67 66 66 64 64 64 63 63 64 63 63 64 63 63 64 64 65 65 65 64 63 63 64 64 65 64 64 63 62 63 64 64 63 65 63 63 63 63 63 63 61 63 75 96 121 148 172 186 192 193 193 193 194 194 193 
63 62 62 61 61 61 62 63 64 65 65 65 64 64 65 63 62 63 62 62 62 62 63 64 65 66 67 66 65 64 63 65 65 65 65 65 63 62 64 63 63 63 64 62 64 63 63 62 63 61 64 77 99 124 151 174 188 192 193 193 193 192 191 190 
63 62 62 62 62 62 63 63 64 64 64 64 63 63 64 63 64 63 62 62 61 60 62 62 63 65 67 67 67 66 65 66 66 66 65 65 64 63 63 63 63 62 63 62 63 61 60 61 61 60 66 81 104 129 155 176 187 190 191 190 190 190 190 188 
64 63 63 62 62 61 62 62 62 62 63 63 63 63 64 64 64 64 63 62 61 61 62 62 64 66 66 66 66 66 65 66 66 65 63 64 63 63 64 64 64 63 64 62 62 61 60 61 61 61 68 84 107 133 158 178 188 191 192 191 191 192 191 190 
68 66 65 64 64 63 63 62 61 61 61 62 62 63 64 64 64 63 63 62 61 61 62 63 64 65 64 65 65 66 65 66 66 65 64 64 64 63 64 64 64 63 64 62 63 62 61 62 62 63 71 90 113 139 163 181 189 191 191 191 190 191 190 190 
67 66 65 64 65 64 63 62 60 59 60 60 62 63 64 64 63 63 63 62 62 63 63 64 65 67 66 66 66 67 65 66 64 64 63 63 63 64 65 65 65 65 65 66 65 64 62 62 61 64 75 95 120 145 167 183 189 190 190 190 189 190 189 189 
67 66 66 66 68 66 66 64 62 61 60 61 61 62 63 64 65 65 65 64 63 62 62 63 64 65 64 65 66 66 64 66 63 63 62 63 63 64 65 66 65 67 67 66 65 65 62 61 62 66 80 103 128 152 173 186 189 190 190 189 189 189 188 188 
66 66 66 67 68 66 66 65 63 62 61 62 61 62 62 63 62 63 64 63 63 63 62 62 63 64 63 64 64 64 62 63 61 61 61 62 62 64 64 65 64 66 66 65 64 64 61 62 64 69 86 111 135 158 177 188 189 191 190 189 189 189 188 188 
67 67 67 67 68 67 67 65 63 62 61 61 62 63 62 62 62 63 63 64 63 63 62 62 62 63 63 64 63 64 62 63 61 62 62 63 62 63 62 63 63 66 65 65 64 64 60 61 65 74 94 120 144 166 182 189 189 190 189 187 187 187 187 186 
65 64 65 65 66 65 66 64 63 62 62 62 63 63 63 63 63 63 63 64 64 63 62 63 63 63 62 64 62 62 61 62 60 61 62 62 61 62 62 63 63 65 65 63 62 62 59 61 66 79 103 130 154 174 187 190 190 190 190 188 188 187 187 185 
66 64 65 65 65 65 66 64 63 63 62 62 63 63 62 62 62 62 62 63 62 62 61 63 63 64 63 64 63 63 62 63 62 61 62 62 61 60 61 62 62 63 63 62 61 62 59 63 72 87 112 140 163 180 190 192 191 191 191 189 189 189 188 186 
67 65 66 64 64 64 64 62 62 62 61 62 63 64 63 62 61 60 60 61 61 62 62 64 64 65 64 65 62 61 62 61 61 61 62 61 62 62 63 62 62 62 61 60 60 61 60 66 78 97 122 149 170 183 190 191 190 191 192 190 190 190 190 188 
67 66 66 63 63 63 63 62 62 62 61 62 64 65 65 64 63 62 62 61 62 63 63 64 65 65 64 65 63 63 62 63 63 62 63 62 62 62 63 63 63 62 61 61 59 61 62 70 84 107 133 158 177 187 191 190 190 191 192 191 192 193 192 191 
65 64 64 63 63 64 65 64 65 64 63 62 62 63 63 62 62 63 63 61 63 63 63 63 64 64 63 63 62 62 62 62 63 62 63 63 64 63 65 65 65 63 62 61 60 62 66 76 94 119 145 167 183 189 191 191 190 191 194 192 192 193 192 191 
66 65 65 64 65 65 66 66 66 65 63 62 62 63 64 63 63 63 63 61 62 63 62 62 63 64 64 63 63 63 62 62 63 62 61 61 62 62 64 64 64 62 61 61 60 62 69 83 105 131 155 174 186 189 191 192 191 193 194 192 192 193 192 191 
65 65 64 65 66 65 65 65 65 63 63 63 63 64 65 64 65 65 64 63 64 63 63 62 63 63 63 62 61 62 62 61 63 63 62 63 63 63 64 64 63 62 61 61 60 64 75 93 117 144 165 180 188 189 190 190 190 192 193 191 191 192 191 190 
63 65 64 65 65 65 64 65 65 65 65 64 63 64 64 64 64 65 64 63 63 63 62 62 63 63 63 62 62 64 63 63 64 63 63 63 62 62 63 63 63 63 62 62 62 68 82 102 127 154 174 185 191 191 191 191 191 193 193 192 192 192 191 190 
63 64 64 65 66 66 65 67 66 65 65 65 63 64 64 64 65 66 64 64 64 63 62 62 63 64 64 62 62 63 62 63 64 63 62 62 62 62 63 63 63 62 61 61 65 73 91 114 141 164 182 190 193 192 192 191 192 193 193 191 190 189 188 187 
64 65 65 65 65 65 64 65 64 65 65 64 64 65 64 64 65 66 65 64 64 64 63 64 65 66 65 64 63 64 64 64 64 65 64 62 62 62 61 60 60 60 60 62 69 82 103 127 152 172 185 190 192 192 192 192 193 193 191 190 190 189 188 189 
63 64 64 64 64 64 62 63 62 64 64 65 64 65 63 64 64 65 65 65 65 65 64 65 65 66 65 64 63 64 64 65 66 66 65 64 63 62 62 60 61 60 61 65 77 93 118 142 165 180 190 192 193 193 193 193 193 193 191 190 190 189 188 189 
64 64 64 64 63 63 63 63 62 64 64 65 64 64 62 63 62 64 64 65 64 65 64 64 64 65 64 64 64 65 65 65 66 66 65 64 64 64 63 62 62 61 64 71 87 107 133 155 174 185 192 192 193 193 192 192 192 192 191 191 191 190 189 189 
64 64 63 64 63 64 64 64 63 64 63 64 64 64 62 63 63 63 64 65 65 65 65 65 65 65 64 64 63 64 64 64 66 66 65 64 64 64 64 61 61 61 67 78 100 122 149 168 184 190 193 192 192 192 192 193 192 192 191 190 190 189 188 188 
64 64 63 64 63 63 63 63 61 63 62 63 64 64 62 63 63 62 63 64 64 64 65 65 64 64 64 63 62 63 63 63 64 64 65 64 65 64 64 62 63 65 76 93 117 140 165 179 189 192 193 192 191 191 191 192 191 191 190 190 190 190 190 191 
64 63 63 64 63 64 63 64 63 64 62 64 64 64 63 64 63 62 63 64 64 65 65 65 64 64 64 64 64 64 63 62 63 62 63 65 65 65 65 64 67 72 88 108 133 156 177 186 192 194 193 191 191 192 191 191 191 192 191 191 191 190 190 190 
65 64 64 64 64 65 64 65 63 63 62 63 63 63 63 63 63 62 63 63 64 64 64 64 63 63 63 64 64 64 64 62 62 61 62 63 65 65 67 69 74 84 105 127 150 170 187 191 193 194 193 191 189 190 189 189 189 191 191 192 191 192 191 191 
65 64 64 64 65 65 63 65 63 63 61 63 62 62 63 64 63 63 64 63 64 64 64 64 64 63 64 64 64 64 64 62 62 61 61 62 63 63 67 73 83 99 122 144 164 180 191 193 193 193 192 190 190 191 191 191 191 193 192 193 192 192 192 192 
65 64 64 65 65 64 64 65 63 63 62 62 62 63 63 64 65 65 66 65 65 63 63 63 63 63 64 65 65 64 64 63 62 61 60 61 62 64 71 82 97 118 141 161 177 188 193 193 193 193 192 191 191 191 191 192 192 192 192 193 192 192 192 192 
65 65 64 64 65 64 64 65 63 64 63 63 62 63 62 63 64 65 66 65 65 64 63 63 65 64 65 66 66 65 66 65 65 64 62 62 64 70 80 96 115 137 158 174 184 191 193 193 192 192 191 191 190 191 192 192 192 193 193 193 192 191 191 191 
64 64 64 65 65 64 64 64 63 64 63 63 62 63 62 62 63 64 65 65 65 63 62 62 63 63 65 65 65 66 67 66 66 66 63 65 69 79 95 115 135 156 173 184 190 194 194 192 192 192 192 192 191 192 192 192 193 193 193 194 193 192 193 193 
64 64 63 64 65 64 65 65 64 64 63 63 63 64 64 64 63 63 64 64 63 62 63 63 64 64 65 64 64 66 66 66 67 67 67 71 79 93 111 132 152 169 182 189 192 194 194 193 192 192 192 192 192 192 193 193 194 194 193 194 193 193 193 194 
63 63 63 64 65 64 65 66 65 65 65 65 65 65 64 63 63 62 62 63 63 62 62 63 62 63 64 63 64 65 66 67 68 71 74 83 95 113 133 153 169 181 189 193 194 194 194 193 192 192 192 193 193 193 193 193 193 193 192 193 193 193 193 193 
61 62 62 63 65 64 65 65 65 64 65 65 65 64 63 62 62 61 62 63 63 62 63 63 62 63 63 63 63 65 66 67 71 77 85 99 116 135 153 169 181 187 192 195 194 193 194 192 190 191 192 192 192 193 193 193 194 193 193 193 193 193 193 193 
61 62 62 63 65 65 65 66 65 63 64 64 62 62 62 61 61 60 61 63 62 62 62 62 61 62 62 63 63 64 66 68 75 86 100 118 138 156 171 182 188 192 193 195 194 194 194 193 192 193 194 192 193 193 193 193 195 195 194 194 194 193 193 193 
62 62 63 63 65 64 65 65 64 62 63 63 62 62 63 62 62 61 61 62 62 62 62 63 62 63 63 63 64 66 70 77 89 104 122 140 158 172 182 187 191 192 193 194 194 194 195 195 194 194 195 194 194 193 194 193 194 194 194 193 193 192 192 192 
62 63 63 63 64 63 63 64 63 61 62 61 61 61 61 62 63 62 62 64 62 61 61 62 61 63 63 65 67 72 81 92 108 126 144 160 174 183 189 192 193 194 193 193 194 194 194 193 194 193 193 193 194 193 193 193 194 193 193 192 193 191 191 192 
61 63 63 63 63 63 63 64 63 62 62 61 60 62 62 63 64 63 63 64 63 62 63 63 63 66 67 72 78 87 99 114 130 148 163 174 184 189 191 192 192 193 192 192 193 194 194 194 195 193 193 193 193 193 194 193 194 193 192 193 193 191 192 191 
64 65 65 64 64 63 62 63 62 61 61 61 60 61 62 62 63 63 63 64 63 63 64 65 66 71 75 84 94 107 122 137 153 167 177 184 189 191 191 192 192 192 191 191 192 194 195 195 196 194 193 193 194 192 192 192 192 191 191 192 193 191 192 193 
65 66 66 66 65 63 61 61 61 62 62 63 63 64 64 65 64 63 62 63 62 63 67 71 75 82 91 102 116 132 148 162 175 183 187 190 190 188 188 189 189 189 190 190 192 193 193 194 194 192 191 192 192 191 192 192 192 191 190 190 192 191 191 192 
64 65 65 65 64 63 61 61 62 63 62 64 64 64 62 63 62 61 60 62 64 68 74 83 91 101 113 125 140 155 168 178 186 189 190 189 189 188 188 189 189 189 189 189 191 192 192 192 192 191 190 191 191 191 192 192 192 192 191 192 193 191 191 192 
64 65 64 65 64 63 61 62 62 63 63 65 63 63 62 62 61 63 64 70 76 84 94 105 115 126 139 150 163 175 184 187 191 191 189 188 190 189 189 190 191 190 190 191 192 192 192 192 192 190 191 191 191 191 192 192 193 193 193 193 193 193 193 193 
65 65 65 65 64 63 61 62 62 64 62 64 63 64 62 65 67 72 76 85 94 105 118 129 140 150 161 169 179 185 189 189 190 190 188 188 189 189 188 190 191 189 190 191 192 191 193 192 191 190 189 189 190 190 190 191 191 192 192 191 191 192 192 193 
65 65 64 64 64 63 62 63 64 66 66 69 70 73 73 78 83 90 97 109 120 131 143 154 163 172 179 185 189 192 193 192 191 191 190 188 188 189 188 189 190 190 191 191 192 192 192 191 191 190 190 191 191 191 191 192 191 192 192 191 190 191 191 191 
69 68 67 66 67 68 69 71 74 77 77 81 85 89 92 100 106 115 125 136 146 157 166 173 179 185 188 190 192 193 192 191 190 191 189 188 189 190 189 191 192 190 191 192 193 193 192 190 190 190 189 191 192 193 192 193 191 192 191 191 190 191 190 191 
86 85 84 83 83 83 86 88 92 96 99 103 108 114 119 127 134 143 153 162 171 179 184 186 189 190 190 191 193 193 192 192 190 189 189 189 189 190 189 190 191 190 191 192 192 193 193 191 191 192 189 192 192 191 191 191 190 191 190 190 189 189 189 190 
112 111 110 108 109 109 112 115 119 123 127 131 136 142 146 154 160 167 175 181 185 190 191 190 190 189 188 189 191 191 192 192 191 190 190 190 188 188 187 188 188 188 190 190 191 193 193 191 193 194 191 193 194 193 192 191 190 190 188 189 188 188 187 189 
137 136 135 134 134 135 138 141 145 149 153 158 163 168 172 176 180 184 188 190 192 193 192 190 190 189 188 189 191 192 193 194 193 192 191 191 189 189 188 188 188 189 190 191 190 192 191 191 192 193 192 194 195 195 194 192 190 190 189 189 189 188 188 188 
162 161 160 160 160 162 165 168 170 173 177 179 182 186 188 190 191 191 192 192 192 192 192 190 189 188 187 187 190 191 192 193 192 191 190 190 190 191 190 190 190 191 190 191 190 192 191 191 192 193 192 193 193 193 193 191 191 191 190 190 191 190 189 189 
182 181 182 181 181 182 184 185 187 188 190 190 192 194 193 193 192 192 191 191 191 191 191 190 191 189 188 188 190 190 192 193 192 191 191 190 190 190 189 189 189 190 190 190 190 192 192 192 193 193 192 191 191 191 192 189 190 190 190 191 192 191 191 191 
192 191 191 191 191 192 194 193 194 194 193 192 193 194 193 194 192 192 191 190 191 191 191 190 192 190 189 189 189 190 191 192 192 192 191 191 190 191 189 189 189 190 190 191 191 193 193 194 193 193 193 191 192 193 193 191 191 190 190 190 191 192 192 192 
193 193 193 193 192 193 193 193 193 193 192 191 192 193 192 192 191 192 191 189 191 192 191 191 194 192 192 191 191 191 192 192 192 193 191 190 191 191 190 190 190 191 191 192 192 193 193 193 192 192 191 191 191 193 193 192 192 191 192 192 193 193 193 193 
193 193 193 193 192 191 193 192 193 193 192 191 191 191 191 191 190 190 191 190 192 193 193 192 194 192 192 191 190 189 190 189 191 191 191 190 191 191 190 190 190 190 191 191 192 193 194 193 193 193 192 191 191 191 191 191 191 190 191 192 193 194 195 194 
193 193 193 192 191 190 191 190 192 192 192 191 190 189 189 189 189 191 192 191 193 193 192 192 194 193 193 193 191 191 191 190 190 190 189 189 191 190 190 190 190 190 191 191 193 194 194 194 193 193 192 190 190 191 191 191 191 190 192 192 192 194 195 193 
194 192 192 192 191 190 191 192 192 192 194 192 191 191 191 189 190 191 192 192 193 193 193 193 194 193 194 194 192 191 191 189 189 190 189 190 192 191 191 191 190 191 192 193 194 195 195 194 193 194 193 191 192 192 192 191 192 192 193 193 195 195 195 194 
193 192 192 192 191 190 191 192 193 193 195 193 192 191 190 188 190 190 191 192 194 193 194 194 195 193 194 194 193 191 191 189 189 190 190 190 192 192 191 192 192 191 193 193 194 194 194 193 192 192 191 190 191 190 191 190 191 193 195 195 197 197 196 195 
192 190 189 190 190 189 191 193 193 192 194 192 190 190 190 187 189 190 191 192 193 194 195 195 194 193 194 194 192 191 191 189 188 188 188 190 192 192 192 193 192 191 192 193 193 194 194 194 193 193 192 190 189 189 190 189 190 191 194 194 197 197 197 195 

64 64 64 62 63 63 64 64 66 65 64 63 63 63 63 63 64 64 64 64 64 64 63 61 61 63 63 63 65 66 64 64 66 67 66 67 67 66 65 64 65 63 62 63 64 63 66 65 64 62 63 73 95 120 146 169 183 189 190 191 193 193 191 192 
63 63 63 62 62 62 63 63 65 65 65 63 63 64 64 63 63 64 64 64 64 65 63 62 61 63 63 64 65 66 64 64 65 67 66 66 67 66 65 65 66 64 63 64 65 63 65 65 63 62 63 73 95 122 147 172 186 191 192 192 192 193 191 191 
63 63 64 62 63 63 64 64 65 65 65 63 63 63 63 62 62 62 63 64 64 65 65 63 62 63 64 64 65 66 64 64 65 66 65 66 66 65 65 65 66 65 64 64 65 63 65 65 64 63 65 75 96 123 148 172 187 193 192 193 192 192 191 191 
61 62 62 62 63 63 64 64 65 65 65 64 64 64 63 62 62 62 63 64 64 64 64 62 62 62 63 64 66 66 65 65 65 65 64 65 65 64 64 65 66 64 65 65 64 62 64 64 62 63 65 75 97 123 148 172 186 191 191 192 191 191 190 190 
61 62 62 62 63 63 63 64 65 65 64 63 63 63 63 62 62 61 62 63 65 65 66 64 63 63 64 63 65 66 65 64 65 65 64 65 65 63 64 64 65 64 65 65 64 63 63 63 62 63 66 77 98 124 149 172 187 192 192 193 192 193 192 192 
61 62 61 62 62 63 63 65 65 66 65 63 63 62 62 62 62 62 62 63 66 66 66 66 65 64 64 63 64 64 65 64 64 64 64 63 65 63 64 65 65 64 67 66 65 64 64 63 62 63 66 78 99 126 151 175 188 193 193 194 194 194 195 195 
62 63 62 62 62 63 64 65 66 66 65 64 64 63 63 62 63 62 63 63 66 66 66 66 66 65 64 64 63 63 64 64 64 64 64 62 64 62 63 64 65 63 67 66 65 65 66 64 63 63 67 80 101 127 152 175 188 193 193 195 195 195 196 196 
62 62 61 61 61 62 63 65 65 66 65 65 64 64 64 64 63 63 62 62 64 64 64 65 65 65 64 65 64 64 63 64 63 64 63 63 63 62 62 63 63 62 65 65 65 64 64 62 62 61 65 79 103 129 154 176 187 190 192 194 195 196 197 196 
61 61 60 61 61 62 63 64 66 66 65 65 65 64 64 63 64 63 63 62 64 64 65 65 65 66 66 65 64 63 63 63 63 65 64 63 64 62 62 62 63 62 65 65 65 65 64 62 61 60 66 81 106 132 158 178 190 192 194 195 196 197 197 197 
61 61 61 61 61 63 64 65 66 67 67 67 65 65 65 64 63 63 63 63 63 63 63 63 64 64 63 64 62 61 62 63 63 65 65 64 64 62 63 63 63 62 63 62 62 62 62 62 62 61 68 85 110 136 162 181 190 192 193 193 194 195 195 195 
62 61 61 61 61 62 63 64 64 65 66 66 64 65 65 63 63 63 63 62 62 62 63 62 64 65 65 65 64 63 63 65 65 66 66 65 64 62 63 62 62 62 63 62 63 62 62 62 63 62 70 88 114 139 165 182 191 192 193 192 193 193 192 191 
61 61 61 61 61 62 62 63 63 64 64 64 63 63 64 62 62 62 62 61 61 60 62 61 63 64 64 65 64 64 64 66 66 66 65 66 64 63 63 62 62 62 63 62 63 62 61 61 61 62 73 93 119 144 168 183 189 189 190 189 190 191 190 189 
62 62 62 62 62 62 62 62 62 63 64 64 63 64 64 63 63 63 63 62 61 61 62 61 63 64 64 63 64 64 64 65 66 65 64 65 64 63 63 63 63 63 64 63 63 62 61 61 61 64 76 97 122 148 171 185 189 190 191 190 191 191 191 190 
67 65 65 64 63 63 63 63 61 61 62 62 62 63 63 62 62 62 63 61 61 61 62 61 63 63 63 64 64 65 64 66 66 65 64 65 64 63 64 64 63 63 64 63 62 63 62 62 62 67 79 102 128 153 174 187 189 190 190 190 190 191 190 190 
67 66 66 65 65 64 63 62 60 59 60 61 61 63 64 63 63 63 64 62 62 62 63 62 64 65 65 66 66 67 65 66 65 64 63 64 64 64 65 66 65 66 66 66 65 65 63 63 63 70 85 109 134 158 176 187 190 190 190 190 190 190 190 189 
68 67 67 67 67 65 64 63 61 59 59 60 61 62 64 64 64 64 65 63 63 62 62 62 63 63 63 64 64 66 64 65 63 63 62 64 63 63 64 65 64 66 67 66 65 65 63 62 63 72 91 116 142 165 181 189 189 190 190 189 189 190 189 189 
68 67 67 67 68 66 65 64 62 61 61 62 61 62 63 63 63 64 64 62 62 63 62 61 62 63 63 63 64 64 62 63 61 61 61 63 62 63 64 65 64 66 66 65 64 64 61 62 66 77 98 124 149 170 184 190 190 191 191 191 190 191 190 189 
70 69 69 68 68 66 65 63 61 60 60 60 61 63 63 63 63 63 63 62 62 62 61 61 62 62 62 63 63 64 62 63 61 62 63 63 63 63 64 63 64 66 66 65 64 64 61 63 70 84 108 134 158 177 188 190 189 191 190 190 189 190 189 188 
68 67 67 67 67 65 65 63 62 61 61 62 63 64 63 64 63 63 63 62 62 63 62 63 63 63 62 63 62 62 61 63 61 62 63 63 62 63 63 63 63 65 65 64 63 63 60 63 73 91 118 144 167 183 191 190 190 190 191 189 190 190 189 188 
67 65 66 66 66 65 66 63 63 63 62 62 63 63 62 62 62 62 61 61 61 61 61 63 63 63 62 63 62 62 62 63 63 63 64 64 63 62 63 62 62 63 63 62 62 62 61 66 80 100 128 154 175 187 193 192 190 190 191 190 190 190 190 189 
67 65 66 65 64 64 64 62 62 62 62 62 63 64 63 62 61 61 60 60 60 61 61 63 64 64 63 64 62 62 61 62 61 62 63 64 64 64 64 63 63 63 62 61 61 62 63 72 88 111 138 162 179 188 191 190 189 190 191 191 190 192 192 191 
67 66 66 64 63 63 63 61 62 61 61 61 62 64 64 63 63 62 61 60 61 62 62 64 64 64 63 64 63 62 62 63 62 62 63 63 63 63 64 63 62 62 61 61 60 62 66 78 97 122 148 169 183 189 190 189 188 189 190 191 191 193 193 193 
64 63 64 63 63 64 64 64 65 63 61 62 60 61 62 62 62 64 64 62 63 64 63 63 63 64 63 63 62 63 62 63 64 63 63 64 64 64 66 65 64 62 61 61 61 63 71 85 107 133 158 176 187 189 189 190 189 190 191 191 191 193 193 193 
64 63 63 63 65 65 65 66 65 63 61 61 60 60 62 62 62 64 64 62 62 63 61 61 62 64 63 63 63 64 62 62 63 62 62 62 63 63 64 64 64 63 61 61 61 64 75 94 119 145 167 182 188 189 189 191 190 191 192 191 190 192 192 192 
64 64 64 64 66 65 64 64 64 61 61 61 60 61 63 63 64 65 65 64 64 63 63 62 62 63 63 62 60 62 61 61 61 63 62 63 63 63 64 64 63 63 62 61 62 69 83 105 131 156 175 186 189 188 189 189 190 191 192 191 191 192 192 191 
63 64 64 65 66 65 64 65 64 62 62 62 60 62 62 63 64 65 65 64 64 64 63 62 61 62 62 62 61 63 63 63 63 64 63 64 63 63 64 63 63 63 63 63 66 76 94 117 142 166 183 190 192 191 191 191 192 192 193 192 191 191 191 190 
63 64 64 65 67 66 66 66 65 64 63 63 62 63 63 64 65 66 66 66 65 64 63 63 62 63 63 62 61 63 63 63 64 65 63 64 63 63 64 63 64 63 62 64 70 84 105 130 154 174 187 192 193 193 193 192 194 194 194 192 191 190 189 188 
64 65 64 65 66 65 64 65 63 63 63 63 63 65 64 64 65 65 64 65 64 64 64 64 64 65 64 63 62 63 63 63 64 65 64 63 62 62 61 60 61 61 62 67 78 95 118 143 166 181 190 193 193 192 193 192 193 194 192 191 191 190 189 189 
63 64 64 65 64 64 63 63 62 64 64 64 65 66 64 64 65 65 65 65 65 65 65 66 64 65 64 64 62 64 64 65 65 66 65 65 64 63 62 61 61 60 64 72 88 109 135 157 176 187 193 194 195 194 194 193 194 194 193 192 192 190 190 189 
65 65 65 65 64 64 64 63 63 65 65 65 65 66 63 63 63 64 64 65 65 66 65 65 64 65 64 65 64 66 65 65 65 65 64 64 64 63 62 62 62 62 69 81 100 123 149 167 182 189 193 193 194 194 193 192 193 193 193 193 193 192 191 190 
65 65 65 65 64 65 65 64 63 66 65 65 66 65 63 63 63 63 64 64 65 66 65 66 65 66 65 65 64 66 65 65 65 65 63 64 63 63 63 62 63 64 75 91 114 137 162 176 187 191 192 192 192 192 192 192 193 193 193 192 193 191 191 189 
64 64 64 64 63 64 63 63 62 64 63 64 65 65 63 63 63 62 63 63 63 64 64 64 64 64 64 64 63 65 64 64 63 64 63 64 64 63 63 63 65 71 88 108 131 154 175 184 191 194 193 192 192 193 192 192 192 193 192 192 193 192 192 191 
64 64 64 64 63 64 63 64 63 65 64 64 64 65 63 64 63 62 62 63 63 63 64 64 64 64 64 64 63 65 64 64 63 63 63 64 64 64 65 67 72 82 103 125 147 166 184 189 191 193 193 191 191 193 193 193 193 194 193 193 193 192 191 190 
65 65 65 65 65 65 64 65 64 65 64 64 63 63 62 63 62 62 62 62 62 63 63 63 63 63 63 63 63 64 63 63 63 63 62 64 64 64 67 74 83 98 120 142 161 177 190 192 192 194 192 190 189 191 190 191 192 193 193 194 193 192 191 190 
64 64 64 64 64 64 63 64 63 64 62 63 62 62 62 64 63 62 63 62 62 63 64 64 63 63 63 63 63 63 64 64 64 63 62 63 63 64 70 81 95 115 138 158 173 185 192 193 192 193 192 190 190 192 192 193 194 194 194 194 193 192 192 191 
64 64 63 64 64 63 63 64 63 64 63 63 62 64 63 64 65 64 65 64 64 63 63 63 63 62 63 63 63 63 63 64 63 63 62 62 63 67 77 94 112 134 156 172 182 189 194 194 193 193 191 190 191 191 193 194 194 195 195 194 193 192 192 191 
64 64 63 63 64 63 64 65 63 65 64 63 63 64 62 63 64 64 65 65 65 65 64 65 65 64 64 64 63 64 65 66 66 65 64 65 68 76 91 112 132 153 170 181 187 191 193 193 192 192 191 191 191 191 193 195 195 195 195 195 193 192 192 191 
63 63 63 64 65 64 64 65 63 65 65 64 63 64 63 63 64 65 66 66 65 64 64 63 64 63 64 64 64 64 66 66 67 67 65 69 76 89 108 131 151 169 181 188 190 193 193 193 192 192 191 192 192 192 194 195 195 195 195 196 194 193 194 193 
64 64 63 63 64 63 64 65 64 64 65 64 64 65 65 64 65 64 65 64 64 63 63 63 64 63 64 64 64 64 66 67 68 70 72 78 90 107 127 149 166 178 187 191 192 194 194 194 193 193 192 192 193 193 195 196 196 195 195 195 194 194 195 194 
63 62 62 63 65 65 65 66 66 66 66 66 66 66 66 64 65 64 63 63 63 61 62 63 62 62 64 63 63 64 66 68 71 76 83 95 111 129 149 167 180 187 192 194 193 194 195 193 192 192 192 193 193 194 195 195 196 195 194 195 194 195 195 195 
62 62 63 63 65 65 65 65 67 66 66 67 67 66 65 64 64 62 62 63 63 61 62 63 62 62 63 63 63 65 67 71 77 87 99 115 134 152 167 180 187 191 194 195 194 193 194 192 191 192 193 192 193 195 195 195 196 195 194 195 195 195 195 195 
62 63 63 63 65 66 65 66 66 65 65 67 65 64 63 62 62 61 61 62 61 60 61 62 61 62 63 63 64 66 69 75 86 100 117 136 155 170 181 188 191 192 194 194 194 194 194 192 191 193 194 192 193 194 194 193 196 195 194 194 194 194 193 194 
63 63 63 63 64 64 64 65 65 64 64 65 64 64 64 64 64 63 62 62 61 60 61 62 62 63 63 64 67 71 79 89 104 121 140 157 172 182 188 191 192 193 194 194 194 194 194 194 193 194 195 193 193 193 193 193 194 193 192 192 192 192 192 192 
62 63 62 62 62 63 62 63 63 63 62 63 63 63 62 63 64 63 63 64 62 61 62 63 62 65 66 69 74 82 93 108 124 143 160 173 183 189 193 193 193 193 194 193 194 194 193 193 193 192 193 192 193 192 193 192 194 192 192 192 192 191 191 191 
62 63 62 62 62 62 62 63 62 63 63 63 63 63 63 63 64 63 64 65 63 62 63 63 63 68 72 81 90 102 116 131 146 161 174 182 188 191 193 192 192 192 192 192 193 194 194 194 194 192 192 191 192 191 192 192 193 191 191 191 191 189 189 189 
65 65 64 64 64 63 62 63 61 62 62 62 61 62 61 62 63 63 63 65 63 64 65 67 70 78 86 98 111 125 140 154 166 177 184 188 191 191 191 191 190 191 191 191 193 194 194 194 195 192 191 191 191 191 191 191 192 191 190 191 191 190 190 191 
66 66 65 65 64 63 61 62 61 62 63 64 64 64 64 64 65 64 64 66 66 67 73 77 83 94 106 120 135 151 164 175 183 188 190 191 191 189 190 190 189 191 191 191 194 194 194 194 194 190 190 190 190 190 192 191 192 191 190 191 192 191 191 192 
65 65 64 65 64 63 62 63 62 63 63 64 63 63 61 62 61 62 63 68 72 77 86 95 104 116 130 143 157 170 180 186 191 192 192 190 191 190 189 189 189 189 190 191 193 193 193 193 193 190 189 189 191 191 192 192 193 192 192 193 194 192 192 193 
64 65 64 66 65 64 62 63 62 64 63 65 63 63 62 63 63 68 71 79 88 97 109 120 130 142 155 165 177 186 191 193 193 192 190 189 190 190 189 190 191 190 191 192 193 192 192 192 191 189 190 189 190 191 192 192 193 193 193 193 194 194 194 195 
66 66 66 66 65 64 62 63 63 64 64 67 66 68 68 70 74 81 88 100 110 122 135 146 155 164 174 179 186 191 194 193 192 191 189 189 190 190 189 190 191 190 191 192 193 192 193 192 191 189 190 188 190 190 191 191 191 193 193 193 194 194 194 195 
64 64 65 66 67 67 67 68 69 71 72 76 78 82 84 90 95 104 113 125 136 148 159 169 176 182 187 190 193 195 195 193 192 191 190 189 189 189 188 189 190 189 191 191 192 192 192 191 190 190 190 191 191 191 191 191 191 192 192 191 191 192 191 191 
74 74 74 74 76 78 79 80 83 86 88 94 98 104 107 115 120 130 139 150 160 169 177 182 186 189 192 193 194 195 195 193 192 192 190 189 189 190 189 190 190 189 189 190 190 191 191 190 190 191 191 192 193 193 192 192 191 190 190 190 190 191 191 191 
96 96 96 96 97 98 100 102 106 110 114 120 124 131 135 142 149 157 166 174 180 186 189 190 191 192 192 193 193 194 194 193 191 190 189 189 189 190 189 190 190 189 189 190 190 191 192 191 191 191 190 192 192 191 191 191 189 190 189 189 189 189 189 190 
122 121 121 120 121 122 126 129 133 138 142 148 152 158 161 168 172 177 183 188 190 192 193 191 190 189 189 190 192 192 193 193 193 191 191 190 189 189 188 188 187 186 187 188 189 191 192 191 192 192 191 193 193 193 191 191 190 190 188 189 188 188 188 189 
147 147 146 146 147 148 151 155 159 163 167 171 174 178 180 184 186 189 191 193 193 194 192 191 190 190 189 191 193 193 195 196 195 193 192 191 190 189 188 188 188 188 188 189 189 191 190 190 191 192 192 194 195 195 194 192 191 190 188 189 189 188 188 188 
173 172 171 170 171 171 174 177 180 183 185 187 189 190 191 192 192 192 192 192 192 192 191 189 189 188 187 188 190 191 193 194 193 193 192 191 191 191 190 190 190 190 190 190 190 191 191 191 191 192 191 192 193 194 193 192 192 191 190 190 191 190 189 190 
188 187 187 186 186 186 188 189 191 192 192 193 193 193 192 193 191 191 190 191 192 192 192 191 191 188 187 188 189 189 192 193 193 192 193 191 191 190 190 189 189 190 190 190 190 191 191 191 191 191 190 190 191 192 192 191 191 190 190 191 192 191 191 192 
193 192 192 192 192 192 193 192 193 193 192 192 192 192 192 193 191 191 191 190 191 192 192 191 192 189 189 189 189 189 191 192 193 193 193 192 191 191 189 188 188 190 190 190 190 192 191 192 192 192 192 191 192 194 194 192 192 190 189 190 190 191 192 192 
194 193 194 193 193 193 194 192 192 192 191 191 191 191 191 191 191 191 191 190 191 192 191 192 193 192 191 192 191 191 192 192 192 194 193 191 191 191 189 188 189 191 191 192 191 193 192 191 191 191 191 190 192 193 194 192 193 191 191 192 192 192 193 192 
193 192 193 193 192 191 193 192 192 193 192 191 191 191 191 192 191 191 191 190 192 193 193 193 194 192 192 191 190 189 190 189 190 192 191 191 191 190 188 188 189 189 190 191 191 193 193 192 192 193 192 190 191 192 192 191 191 190 191 192 192 193 194 193 
193 191 192 192 190 190 191 190 191 192 192 192 191 191 191 191 191 191 192 192 194 194 194 194 195 193 193 193 192 191 191 190 190 191 190 190 190 189 188 188 188 189 189 190 191 193 193 193 192 192 191 189 190 191 191 191 191 190 191 192 192 193 194 192 
192 190 191 193 192 191 192 192 192 192 193 192 191 192 192 191 192 193 193 192 194 194 194 194 195 193 193 193 191 190 190 189 188 190 189 190 191 191 190 190 189 190 191 192 192 194 194 194 194 194 192 191 192 191 191 191 191 191 193 193 194 195 195 193 
191 190 190 192 192 192 192 193 193 194 195 194 193 193 192 190 191 192 192 193 194 194 194 194 194 193 193 193 192 190 190 189 189 189 189 190 191 190 190 191 190 191 192 192 193 194 194 193 192 192 190 190 190 190 190 190 191 192 195 196 197 197 197 195 
190 189 189 191 191 190 192 193 193 193 195 194 192 193 192 190 191 191 192 193 195 195 196 195 194 192 191 191 189 189 189 187 187 187 187 189 190 190 191 192 190 190 191 192 192 194 195 194 193 193 190 189 188 187 189 188 189 190 194 194 196 197 198 196 

65 64 65 63 62 62 64 63 64 64 64 63 64 64 64 65 64 64 64 63 64 64 63 62 62 63 63 63 64 66 64 64 65 65 64 64 65 64 64 63 64 62 64 65 67 65 66 64 63 61 68 83 110 134 160 178 187 189 191 192 193 193 191 191 
64 63 63 62 62 61 62 62 63 63 64 63 64 64 64 64 63 62 63 63 64 65 64 63 62 63 63 64 65 67 65 65 64 64 63 64 65 64 65 64 65 63 64 65 66 64 66 64 62 62 68 84 110 135 162 181 190 192 193 193 193 193 191 191 
64 64 64 63 62 62 63 62 63 64 64 63 64 63 64 63 62 61 62 63 64 65 65 64 63 64 64 64 65 66 64 65 64 64 63 64 64 64 64 64 65 64 65 65 66 65 66 64 63 63 70 86 111 137 162 181 191 193 193 194 194 193 191 191 
61 62 61 62 62 62 62 62 63 63 63 63 64 63 63 62 61 61 62 63 64 65 65 63 63 63 64 65 66 67 66 66 64 63 62 63 63 63 65 64 65 64 66 66 66 64 65 64 63 63 71 86 112 138 164 182 192 193 193 193 193 192 191 191 
60 62 61 62 62 62 61 62 63 63 62 62 62 62 62 61 61 60 62 63 65 65 66 64 63 63 64 64 65 66 64 64 63 62 62 62 63 63 64 64 64 63 65 65 65 64 64 63 62 63 72 87 114 140 165 182 192 193 193 194 194 193 193 193 
60 62 61 62 62 63 63 64 64 65 64 63 62 61 61 61 61 61 63 64 66 67 67 66 65 63 64 64 64 65 65 64 63 63 62 62 63 63 64 64 65 64 65 65 64 64 64 63 62 62 71 88 114 141 167 184 194 193 194 194 195 194 195 195 
62 63 62 63 63 64 64 65 65 65 63 63 63 62 62 62 63 63 64 64 67 66 66 65 65 64 64 63 64 64 64 64 63 63 63 62 63 63 64 64 65 64 66 66 65 65 65 64 63 64 73 91 116 143 167 184 193 193 194 195 196 195 196 195 
62 62 61 62 63 64 64 65 65 65 63 63 63 63 63 63 63 63 64 64 65 65 64 64 64 64 64 64 64 64 64 64 64 64 63 63 64 63 63 63 64 63 65 64 64 64 63 62 61 63 73 92 119 145 169 184 192 191 193 194 195 195 197 195 
62 62 62 62 63 63 64 65 65 65 64 64 64 63 64 63 64 63 64 63 64 64 65 64 65 64 64 63 63 63 63 63 64 65 64 63 63 62 62 61 63 62 64 64 65 64 64 62 61 64 75 95 122 148 171 185 192 192 194 195 196 196 197 196 
62 62 62 63 63 64 64 65 66 66 66 66 65 65 64 64 64 64 63 63 63 64 63 63 64 63 63 63 62 62 63 64 63 64 64 62 62 62 62 62 63 62 63 62 62 62 62 62 62 65 78 100 126 152 174 187 192 192 193 193 194 194 195 194 
63 63 62 63 63 63 63 64 64 64 65 65 64 65 65 64 64 64 63 62 61 62 63 62 63 64 63 63 63 63 64 65 65 64 64 63 62 62 63 62 63 62 63 62 64 63 62 62 62 67 81 104 130 156 175 188 192 192 194 193 193 193 193 191 
61 62 62 63 63 63 63 64 64 64 64 64 63 64 64 63 63 62 61 61 60 60 62 62 63 64 64 64 64 64 64 65 65 65 64 64 63 61 61 61 61 61 62 61 63 62 61 62 63 69 84 109 135 160 178 188 190 190 191 190 191 191 190 189 
62 62 62 63 63 63 62 63 63 63 64 65 64 64 64 63 64 63 62 62 60 61 62 62 63 64 63 63 63 63 64 65 65 64 63 63 62 62 63 63 62 63 63 63 63 63 62 62 64 71 87 113 138 162 180 189 190 190 191 190 190 191 191 190 
66 65 65 65 64 64 64 64 63 62 63 63 61 62 63 62 62 62 62 61 60 61 61 62 63 64 62 63 64 64 64 65 64 63 63 64 64 64 65 65 63 64 64 63 63 63 62 62 65 74 91 118 143 166 182 190 190 190 190 190 190 191 190 190 
67 66 66 66 65 65 64 63 61 60 61 62 61 62 64 63 63 63 63 61 61 61 62 62 63 65 64 65 65 67 65 66 65 64 64 65 64 64 66 66 65 66 67 66 66 66 63 63 67 79 98 124 149 170 183 189 190 191 191 191 191 191 191 191 
67 66 66 66 66 65 64 63 61 60 60 61 61 62 63 63 63 63 63 62 61 62 62 62 63 64 63 64 65 66 64 65 64 64 64 66 64 65 66 65 64 66 66 66 65 66 63 63 70 84 106 132 156 175 187 190 191 191 190 189 190 189 190 190 
66 66 66 66 66 65 64 64 62 61 61 62 61 62 62 62 62 63 62 61 61 62 61 61 62 63 62 63 64 65 63 64 63 62 63 66 64 65 66 66 65 67 67 66 65 64 62 64 73 89 113 139 162 178 188 191 191 192 191 191 192 192 192 193 
68 66 67 67 67 65 64 62 60 60 61 61 61 62 63 63 62 63 63 61 61 62 62 62 62 63 62 63 63 64 63 64 62 63 64 65 64 65 65 64 64 66 66 66 65 64 62 66 77 96 122 149 170 184 191 191 191 191 190 190 191 191 192 192 
67 66 66 66 66 65 64 62 61 61 61 62 63 64 64 64 63 63 63 62 62 63 63 64 63 63 62 63 63 63 63 64 63 63 65 65 64 65 65 63 63 65 64 65 64 63 62 69 83 105 132 157 176 187 192 190 191 191 191 190 192 192 193 193 
65 64 65 65 64 64 64 63 62 62 61 61 62 63 63 63 63 63 62 62 61 63 63 63 63 64 62 63 63 64 64 65 65 64 66 65 65 65 64 63 62 63 62 62 63 62 64 74 91 114 142 166 182 190 193 192 191 191 190 190 191 192 193 194 
64 64 64 63 63 63 64 62 62 61 61 62 63 64 64 63 61 62 61 61 61 63 63 64 64 64 62 63 62 63 63 65 64 64 65 65 65 65 65 64 63 63 61 62 63 64 68 82 102 126 151 173 185 190 191 190 190 190 191 191 192 194 195 196 
66 65 65 63 63 63 63 61 62 62 61 61 62 63 64 64 63 63 63 63 63 64 64 65 64 64 62 63 62 63 64 65 64 64 65 64 64 65 65 64 63 63 61 62 62 65 73 90 112 137 160 177 187 189 189 189 189 189 190 191 192 194 195 196 
64 64 64 62 63 64 63 63 64 63 61 61 61 61 63 63 63 64 65 64 64 65 65 64 63 64 63 63 63 64 65 65 65 65 65 65 64 65 66 65 64 64 62 61 63 68 81 100 124 149 170 183 189 189 189 190 190 190 192 191 192 193 195 195 
64 64 63 62 64 64 64 64 65 63 61 60 59 60 62 62 63 64 65 63 63 63 62 61 62 64 63 64 64 65 64 65 64 64 64 64 63 64 65 64 64 64 63 62 64 71 87 110 136 159 177 186 189 189 190 191 191 191 192 191 191 192 193 193 
65 65 65 64 65 64 63 64 64 63 62 61 60 61 62 62 64 66 66 65 65 64 63 63 63 63 63 62 61 62 62 62 62 64 63 63 63 63 64 65 65 65 64 63 67 78 98 123 148 169 183 189 189 188 189 190 191 191 192 192 191 191 192 191 
65 66 66 65 65 64 63 64 64 63 63 62 60 61 62 62 64 66 66 66 66 65 64 62 62 62 63 62 61 63 63 64 64 66 64 64 63 63 63 64 64 64 65 67 73 87 110 135 157 176 188 191 192 191 192 191 191 192 192 192 191 191 190 190 
65 66 65 65 66 65 64 65 64 63 63 63 62 63 63 63 65 66 66 66 66 65 64 64 63 64 64 63 61 63 63 64 65 66 65 64 63 63 63 64 65 64 65 70 80 98 123 147 168 182 191 194 193 193 194 193 193 194 194 192 191 190 189 189 
66 67 67 66 65 65 64 63 63 63 64 63 63 64 62 63 64 65 65 65 66 65 64 65 64 65 64 63 61 63 63 64 64 66 65 64 62 62 61 61 62 63 67 75 91 112 136 159 177 186 191 193 192 192 193 191 192 193 192 191 190 189 189 189 
66 66 66 66 65 64 64 62 62 64 64 64 64 64 63 63 64 64 65 65 66 66 66 66 65 65 64 63 61 64 64 65 65 67 66 65 63 62 62 62 62 64 71 84 103 127 151 170 183 190 192 194 193 193 193 192 192 192 192 192 191 190 189 189 
66 66 66 65 64 64 63 63 62 64 65 65 65 64 62 62 63 64 64 64 65 65 65 65 65 64 64 64 63 65 65 65 65 66 65 65 64 63 63 63 64 68 78 96 117 141 163 178 187 191 192 193 193 193 191 191 191 192 192 193 193 191 191 190 
65 65 65 65 64 65 64 63 63 65 64 64 64 63 62 62 63 63 64 64 65 65 65 66 65 65 65 65 64 66 65 65 65 65 64 64 64 64 63 64 67 73 89 109 131 154 173 183 190 192 191 192 192 192 191 192 192 192 192 192 192 191 191 189 
64 64 64 64 64 64 63 63 62 63 62 63 63 62 62 63 63 62 64 62 63 63 64 64 63 63 64 63 62 64 64 63 64 65 63 64 64 64 64 67 73 85 105 126 148 167 182 188 191 194 193 192 192 192 191 192 192 192 191 192 193 191 191 191 
63 63 63 64 63 64 64 65 64 64 63 64 63 63 64 65 64 62 62 62 62 62 64 64 63 63 63 63 62 64 63 63 63 63 62 64 64 63 66 73 82 98 121 143 161 176 188 191 191 193 193 192 192 193 193 193 193 193 193 193 194 192 192 191 
63 64 63 64 64 65 64 65 65 64 63 63 63 62 63 64 63 61 62 61 61 62 63 63 62 62 62 62 62 63 63 63 64 64 62 63 63 64 70 82 96 115 140 160 173 184 191 191 190 193 192 191 191 192 191 192 193 193 193 193 193 192 192 192 
64 64 63 64 63 65 63 65 64 64 62 63 62 62 63 65 63 62 63 61 61 62 63 63 62 62 62 61 61 62 63 63 64 64 62 63 63 66 76 93 111 133 157 173 182 188 192 191 190 191 191 190 190 192 193 194 195 195 194 193 193 192 192 192 
64 63 62 63 63 63 63 64 63 64 62 62 62 63 64 66 65 64 64 62 62 62 64 63 63 62 62 61 61 62 62 63 63 63 62 63 66 73 88 109 130 152 171 182 187 191 192 192 191 191 191 191 191 191 193 194 194 194 194 193 193 192 192 193 
63 63 62 62 63 63 63 65 65 66 64 64 63 63 62 64 64 63 63 64 63 64 64 65 64 64 63 62 63 63 64 65 65 65 64 67 73 85 104 128 148 167 181 189 190 192 192 192 191 191 190 191 191 191 193 195 195 194 195 194 193 193 193 192 
62 62 62 62 63 63 63 65 65 66 64 63 63 63 62 63 64 64 65 65 64 64 64 64 64 63 64 63 63 63 64 65 66 67 68 75 86 103 125 148 166 179 188 191 191 192 192 191 191 190 190 191 191 191 193 194 194 194 194 195 193 193 194 193 
63 63 62 62 63 63 63 64 64 64 63 64 64 64 64 64 64 64 64 64 64 64 64 64 64 64 64 63 63 64 65 67 69 73 79 91 106 124 145 164 177 184 190 192 191 192 192 192 192 191 191 192 192 192 194 194 195 194 194 194 193 194 195 194 
63 62 63 63 64 64 65 65 65 65 64 64 65 65 65 65 65 64 63 64 63 62 62 63 63 63 64 63 64 65 66 70 76 83 94 111 129 147 165 178 186 189 192 193 193 192 193 191 191 190 191 192 192 193 194 194 195 194 194 194 194 194 195 195 
62 62 63 62 64 64 65 65 66 65 65 65 65 64 64 64 63 63 63 64 63 62 63 64 63 63 64 63 63 66 69 75 85 99 114 133 151 167 179 187 190 191 193 193 192 192 192 190 190 190 191 191 192 193 194 195 196 195 194 195 195 195 196 195 
63 63 64 64 65 65 65 64 65 63 63 64 64 63 63 63 63 63 62 63 62 62 62 62 62 63 63 64 65 70 76 86 99 117 134 154 170 181 188 192 191 191 192 192 192 192 193 191 191 191 192 190 191 192 193 193 195 194 193 194 194 194 194 195 
64 64 64 63 64 64 64 64 64 63 63 64 64 63 63 63 63 63 62 62 61 61 62 63 63 64 65 67 71 79 91 104 121 140 157 172 183 189 192 192 191 191 192 192 192 193 193 193 193 192 193 192 192 192 193 193 194 193 192 192 192 192 192 193 
63 63 63 62 63 62 62 62 63 62 62 62 62 62 61 63 64 63 63 63 62 62 62 63 64 67 70 75 83 94 109 124 141 159 173 182 190 193 194 194 192 192 192 191 192 193 193 193 193 192 192 191 192 192 192 193 194 192 192 192 192 191 192 192 
62 63 62 62 63 63 62 63 62 63 62 63 63 62 62 62 63 62 62 63 62 62 64 65 68 75 81 92 103 118 133 147 161 175 184 188 193 193 193 192 192 192 192 191 193 193 193 194 194 192 192 191 192 191 192 192 193 191 191 191 191 189 190 189 
65 66 65 65 65 64 63 63 62 62 62 63 62 62 61 62 62 61 62 63 63 65 68 72 79 88 99 113 126 142 157 168 178 186 190 191 193 192 192 192 191 190 190 190 193 193 193 194 195 191 192 191 192 190 191 191 192 190 190 190 190 190 191 191 
65 65 64 65 64 63 62 63 62 63 63 64 64 64 63 64 64 63 65 67 70 74 83 89 98 109 123 136 151 164 176 183 189 192 193 192 192 191 191 191 190 190 191 191 193 193 193 193 193 189 190 190 191 190 192 192 192 191 191 191 192 191 192 193 
64 64 64 64 64 63 62 62 61 62 62 63 63 64 63 63 63 65 68 75 81 90 101 110 121 133 147 157 170 180 188 190 193 193 192 191 192 192 191 191 191 190 191 192 193 192 192 191 191 188 189 189 191 191 193 193 193 192 192 192 193 193 193 193 
63 64 64 66 65 65 63 63 63 63 63 66 66 68 68 70 71 76 82 92 102 113 126 137 147 157 169 176 185 191 194 193 193 191 190 189 191 191 190 191 191 191 191 193 194 192 192 191 190 188 190 189 190 190 192 192 193 193 193 193 194 194 193 194 
65 65 65 65 64 63 63 65 66 68 69 73 74 77 79 84 87 96 103 116 127 138 151 161 169 175 183 186 190 193 194 192 191 190 189 189 190 191 190 190 190 190 190 192 192 191 192 190 189 188 189 189 190 190 191 191 192 194 194 193 194 195 194 195 
68 69 69 70 71 71 73 75 78 80 82 87 91 96 100 107 112 121 129 141 152 162 173 180 185 188 192 191 194 194 194 192 191 190 189 189 190 190 188 188 189 189 190 192 192 191 191 190 189 190 191 191 191 192 191 191 191 193 193 192 193 193 192 192 
84 84 85 85 86 87 90 92 97 101 104 111 115 121 124 132 136 146 153 163 172 178 184 188 190 191 193 192 193 194 194 192 192 191 190 190 190 191 189 190 190 189 189 190 190 190 190 189 189 190 191 192 193 193 192 191 191 192 191 190 191 191 190 191 
112 111 111 111 112 113 115 118 122 126 130 137 141 147 151 157 162 169 175 181 187 190 192 192 192 191 192 191 193 193 194 192 191 190 190 190 190 191 190 190 190 189 190 190 190 190 190 189 191 191 191 192 191 190 190 190 190 191 190 190 190 189 189 190 
137 136 136 135 136 137 140 143 148 153 158 163 167 171 173 177 180 184 188 191 192 193 192 191 190 190 190 190 191 192 194 193 194 192 191 191 191 190 190 188 188 187 188 187 189 189 190 189 191 192 192 193 192 191 191 190 190 191 189 189 189 189 189 189 
162 161 161 161 162 163 165 168 171 174 177 181 184 186 187 188 189 191 192 193 193 193 192 191 191 190 189 190 192 193 195 196 196 194 193 192 191 191 190 189 189 189 189 189 189 190 189 189 191 191 191 193 193 192 192 191 190 190 189 189 190 189 189 189 
182 181 180 180 180 181 183 184 186 188 190 192 193 193 192 192 191 191 192 191 191 192 191 190 190 189 187 188 190 191 194 195 195 194 193 193 193 193 192 192 191 191 191 190 190 190 189 189 190 190 190 190 191 191 191 190 191 191 190 191 191 191 190 191 
193 191 191 191 190 190 192 191 192 192 192 193 194 194 193 193 191 190 190 190 192 193 191 192 192 189 188 190 190 191 193 195 195 194 194 193 192 192 191 190 190 190 191 191 190 191 190 190 190 190 190 189 190 190 190 189 190 190 190 192 192 192 192 192 
192 191 192 191 191 191 193 192 192 192 191 191 192 192 192 192 190 190 191 190 192 194 192 192 192 190 189 190 190 191 193 194 195 195 194 193 192 192 191 189 189 190 190 190 190 192 191 192 192 193 193 191 191 192 192 191 191 190 190 191 192 192 192 193 
194 193 193 194 193 192 193 192 191 191 191 191 191 191 192 191 191 191 191 190 192 193 192 192 194 192 192 192 192 192 193 193 194 196 195 193 192 192 190 189 190 192 191 191 191 192 192 192 191 192 192 191 191 193 192 191 192 191 191 192 193 193 193 193 
193 191 192 194 192 192 194 192 191 193 192 191 191 191 192 191 191 191 191 190 192 193 193 193 194 192 192 191 191 190 191 190 192 193 193 191 191 190 189 188 189 190 190 190 191 192 193 192 192 193 193 191 191 192 191 191 191 191 191 192 193 193 194 194 
192 191 192 193 192 191 192 192 191 193 193 193 192 192 192 191 191 192 193 192 194 194 193 193 193 192 192 193 193 193 192 191 191 192 191 190 190 190 189 188 189 189 190 190 190 192 193 193 193 193 192 191 191 191 191 191 191 190 191 192 192 193 194 193 
192 191 192 194 193 193 193 193 192 193 194 193 191 192 192 191 192 193 193 192 193 194 193 193 194 193 192 192 191 191 190 189 189 190 189 189 189 190 190 190 190 191 191 191 192 193 194 193 194 194 192 192 191 190 190 191 191 191 193 193 194 194 195 194 
191 191 192 194 194 193 194 194 193 194 196 195 193 193 193 191 193 193 193 192 193 193 192 193 194 193 192 192 192 190 190 189 189 190 189 189 189 189 189 190 190 191 192 191 192 193 193 192 193 192 190 190 190 189 190 190 191 192 194 195 196 196 197 195 
190 189 190 193 194 193 193 194 193 193 195 194 192 192 192 191 192 192 192 192 193 193 193 193 192 191 191 191 190 190 189 188 186 187 186 188 188 190 190 191 191 191 192 191 192 194 194 193 194 193 190 189 189 187 189 189 189 190 193 194 196 196 197 196 

65 64 65 63 63 62 62 62 63 63 63 62 63 62 61 62 63 62 63 62 62 64 64 63 64 64 63 62 63 64 63 63 64 65 64 64 66 64 63 62 62 61 63 65 66 64 65 63 61 65 77 98 124 149 170 184 188 189 190 191 191 191 191 190 
64 64 64 63 62 62 62 61 62 62 63 62 63 62 62 63 62 62 63 63 63 65 65 64 63 63 62 62 63 64 64 65 65 65 64 65 65 65 64 63 64 63 64 65 66 64 65 63 61 65 77 98 124 151 172 186 191 191 192 191 191 191 191 190 
65 64 64 64 62 62 62 62 63 63 64 62 63 62 62 62 61 61 63 64 64 66 67 65 65 64 63 63 64 64 64 65 64 64 64 64 64 64 64 63 64 63 65 66 67 65 66 64 62 66 79 100 126 152 173 187 192 192 192 193 192 191 191 190 
62 63 62 63 62 62 62 62 63 63 63 62 63 62 62 61 61 61 63 64 65 66 66 64 64 64 63 64 64 65 65 66 65 64 64 64 64 64 65 64 65 65 65 66 66 65 65 64 63 68 81 102 127 154 174 187 192 192 192 192 192 191 191 190 
62 63 62 63 62 62 62 63 63 63 63 62 62 61 61 61 61 60 63 64 65 66 66 65 64 64 63 63 63 64 64 65 64 64 63 63 63 64 65 64 65 65 65 66 66 64 65 64 63 68 82 103 129 155 175 187 193 193 193 194 194 192 192 192 
61 62 62 63 62 64 64 66 66 66 64 63 63 61 62 62 62 62 64 66 67 68 67 66 65 64 63 63 63 64 64 65 64 64 64 64 64 65 66 66 67 66 66 67 66 65 65 65 63 68 82 103 129 156 177 189 194 193 193 194 195 194 195 195 
63 64 63 64 63 65 65 66 67 66 64 63 63 62 63 62 63 63 65 66 67 67 66 66 65 65 64 64 64 64 64 64 64 63 64 63 64 65 66 66 67 66 66 67 67 66 66 66 64 69 84 107 132 159 178 189 193 193 193 195 196 194 196 196 
63 63 62 63 63 64 64 66 65 65 64 64 64 63 64 64 64 64 65 65 66 66 64 64 65 64 64 64 64 63 64 64 65 64 64 64 65 65 65 66 67 65 65 65 65 64 63 63 63 69 84 108 134 160 179 189 191 191 193 194 196 196 197 197 
63 63 63 63 63 63 63 64 65 65 64 64 65 63 64 64 64 63 64 64 64 65 65 64 64 64 64 63 63 63 63 63 64 64 64 64 64 64 64 64 65 63 64 64 64 63 63 63 63 71 88 113 139 164 181 190 192 192 193 194 196 196 197 196 
63 63 63 63 62 64 64 65 67 67 66 66 66 64 65 65 64 63 63 64 64 65 64 63 63 62 62 62 63 62 63 64 63 63 64 62 63 63 64 64 65 63 63 63 63 62 62 63 64 73 91 117 143 167 183 191 192 192 193 193 194 195 195 195 
64 64 63 63 63 63 63 65 65 66 66 65 65 65 65 64 63 62 63 62 62 63 63 62 64 64 63 63 64 63 64 65 64 64 64 63 62 63 64 64 65 64 63 63 63 62 62 63 66 77 96 122 148 170 184 191 192 192 193 193 194 194 194 193 
62 62 62 62 62 63 63 65 65 65 65 65 65 65 65 64 63 61 62 61 61 62 63 62 64 63 63 63 64 63 64 65 65 65 64 64 63 62 62 63 63 63 63 62 62 62 61 63 68 80 101 127 153 172 186 190 191 190 192 191 192 192 193 191 
62 62 62 62 62 63 63 65 65 65 65 65 65 65 64 63 63 61 62 61 60 62 63 62 63 63 62 62 63 63 64 65 64 64 64 63 63 63 64 64 64 64 64 63 63 63 61 64 71 84 107 133 157 175 187 190 191 191 191 191 192 191 191 191 
65 64 63 63 63 63 64 66 65 65 65 65 63 64 63 62 62 62 62 61 61 62 62 62 63 63 62 63 63 64 64 65 64 63 63 63 64 64 64 66 65 65 64 64 63 64 62 66 74 88 111 137 160 178 188 190 191 190 190 190 191 191 192 191 
65 64 64 64 65 64 64 64 63 63 63 63 63 63 64 63 63 62 62 61 61 61 63 62 63 64 64 64 65 66 65 66 65 64 64 65 65 65 66 66 66 66 66 66 65 65 64 68 77 94 118 143 165 180 188 189 191 190 189 190 191 191 191 191 
66 64 64 64 65 64 64 63 63 62 62 63 63 63 64 64 63 63 63 62 61 62 62 62 63 63 62 63 63 65 64 64 64 64 64 65 65 65 65 65 64 66 66 67 65 65 63 69 81 100 125 151 170 184 190 189 190 190 188 189 190 190 190 190 
66 65 65 66 65 64 64 63 62 62 63 64 63 63 62 63 62 63 62 61 61 62 62 62 62 63 62 63 63 64 63 64 63 62 63 64 64 64 66 65 65 66 66 66 65 63 63 71 85 106 133 158 175 186 190 190 191 191 190 190 191 191 192 193 
67 66 67 67 66 64 64 63 61 61 62 62 62 62 62 62 62 63 63 62 62 63 62 62 62 62 61 62 62 63 62 63 62 62 63 63 63 64 65 64 64 65 65 66 65 63 64 73 90 113 140 164 181 189 191 190 191 190 190 191 192 192 193 194 
67 66 67 67 65 65 64 63 62 62 63 63 64 64 64 64 63 63 63 63 63 64 64 64 64 63 62 62 62 62 63 64 63 63 65 64 63 64 64 63 63 65 64 65 63 64 66 78 97 122 148 170 184 190 192 191 191 191 191 192 193 193 194 194 
65 65 65 65 65 64 64 63 63 63 63 63 64 63 63 63 62 62 62 62 62 63 63 63 63 63 61 62 62 62 63 65 64 64 65 64 64 64 64 62 62 63 62 63 63 64 70 85 106 131 157 177 188 192 193 192 192 191 191 192 192 193 194 195 
64 64 65 64 64 64 64 63 63 63 64 64 64 64 63 63 61 61 62 62 62 63 63 64 63 63 61 61 61 61 63 65 64 64 65 64 65 65 65 65 64 64 62 63 63 67 76 95 118 143 165 182 189 191 191 191 191 191 192 193 193 194 195 196 
66 65 65 64 64 64 64 63 64 64 64 64 64 64 64 64 63 63 63 64 63 64 64 64 63 62 61 62 61 61 63 64 62 63 64 63 64 66 66 65 64 64 62 63 63 71 83 105 128 152 172 184 188 189 189 190 190 190 191 192 192 193 194 194 
64 64 64 63 64 64 64 64 65 65 64 65 64 63 64 64 64 64 65 65 64 65 65 63 62 63 62 62 62 63 64 64 64 64 64 64 65 66 66 66 65 64 62 62 65 76 93 117 142 164 180 187 189 189 189 191 191 191 192 192 192 193 193 193 
64 64 64 63 64 64 64 65 66 65 64 64 62 62 63 63 63 64 64 63 62 62 62 61 61 63 62 64 63 63 63 63 63 63 63 62 63 64 66 65 65 64 63 64 69 82 103 128 153 172 185 190 189 189 190 191 191 192 192 192 191 191 192 192 
65 65 65 65 66 65 64 65 65 64 63 63 62 63 64 64 65 65 65 64 64 63 63 63 63 64 63 63 61 61 62 61 61 62 61 61 63 64 66 67 67 65 66 67 74 91 115 141 164 181 189 191 189 189 190 191 191 192 193 193 191 191 191 190 
66 67 66 65 66 65 64 64 64 63 64 63 62 63 64 63 64 65 65 65 65 64 64 63 62 63 64 63 62 62 62 63 63 63 62 61 62 62 64 65 65 65 67 72 83 103 129 153 173 186 193 193 191 191 191 192 192 192 194 194 192 190 190 188 
66 67 66 66 65 65 65 65 64 64 64 63 62 63 64 64 65 65 65 65 65 64 64 64 64 64 65 65 63 64 64 64 65 64 63 62 62 62 63 64 65 65 69 78 93 116 141 164 180 190 194 194 194 193 194 193 193 193 194 193 191 190 189 188 
67 68 67 66 65 64 64 64 64 64 64 63 63 64 63 63 63 64 64 64 65 64 64 64 64 64 64 65 63 63 64 64 64 63 62 61 61 60 61 62 63 66 74 88 106 131 154 173 186 191 193 194 193 192 193 192 191 193 193 191 190 190 189 189 
65 66 67 66 65 65 64 63 63 64 63 63 63 63 62 63 63 63 64 65 66 66 65 65 64 64 64 64 62 64 65 65 65 64 63 62 62 61 61 63 64 70 81 99 120 145 166 181 189 193 193 194 193 193 192 192 191 192 193 193 192 191 190 189 
66 66 66 65 64 63 63 62 62 64 64 63 63 62 62 63 62 63 65 64 65 65 64 64 64 63 63 65 64 65 65 65 64 64 63 62 62 61 61 63 66 75 91 113 135 158 175 185 190 192 192 194 192 192 191 191 190 192 192 193 193 192 191 192 
65 65 66 65 64 64 64 63 63 64 63 62 63 62 62 63 63 63 64 63 64 65 64 65 65 65 64 65 64 65 65 64 64 64 63 63 63 63 63 67 73 84 105 126 148 167 180 186 190 191 191 193 191 191 192 192 191 192 192 192 192 192 192 192 
64 64 64 65 63 64 63 63 62 63 61 62 62 61 62 63 63 63 64 62 63 64 64 63 63 63 63 63 62 63 63 62 62 64 63 63 63 63 65 72 81 99 122 144 162 177 186 189 190 192 191 192 191 191 191 192 192 193 192 192 193 193 192 193 
62 63 62 64 64 64 64 65 64 63 62 63 62 62 64 64 63 62 62 62 62 62 63 63 63 63 64 63 62 63 62 62 62 63 62 63 63 64 70 80 94 114 139 158 172 183 189 190 190 193 192 191 190 192 192 193 193 194 193 193 194 194 193 193 
62 63 62 63 63 64 63 65 64 64 63 63 63 63 64 64 62 62 62 61 61 62 63 62 62 63 63 62 62 63 61 61 62 62 60 62 64 67 77 94 112 134 157 172 180 187 190 190 190 192 191 191 190 191 191 193 193 194 193 193 194 193 193 194 
63 63 62 63 63 64 63 65 64 64 62 63 63 63 64 64 62 61 62 61 61 62 63 62 61 62 62 61 61 62 61 62 63 63 62 64 67 73 88 109 129 151 170 180 185 188 190 191 191 192 192 192 190 191 193 194 194 196 194 193 194 193 193 194 
63 62 61 62 62 62 63 64 63 64 62 63 63 63 63 64 64 63 63 63 63 63 64 63 63 62 62 62 62 62 62 62 62 62 62 66 72 84 103 126 147 167 180 187 189 191 191 193 192 192 192 192 190 190 192 193 193 195 194 193 193 193 193 194 
64 62 62 62 62 63 64 65 65 66 65 65 65 64 63 63 63 62 63 63 63 63 64 64 64 63 63 63 64 64 64 64 64 64 66 72 84 100 121 145 163 177 186 190 189 191 192 193 192 193 192 192 190 190 192 193 194 194 194 194 194 193 194 194 
63 62 62 62 63 64 65 66 66 67 64 64 64 64 63 63 63 63 64 63 64 63 63 63 64 63 63 63 64 64 64 65 65 68 74 85 101 120 142 163 176 184 190 191 189 190 191 192 192 192 192 192 191 191 192 192 193 192 193 194 194 193 194 194 
64 63 63 63 64 64 65 65 65 65 64 65 65 65 65 65 64 64 65 64 64 64 64 64 64 63 63 63 63 64 67 69 72 79 90 105 123 142 161 175 183 187 191 190 189 191 191 192 192 192 192 192 192 191 192 192 193 192 193 193 194 194 195 194 
64 63 63 63 64 64 65 65 66 66 65 64 65 65 65 64 65 64 64 64 64 63 64 64 64 64 64 64 64 66 70 75 83 94 108 126 145 161 176 186 189 190 192 192 191 192 192 191 190 191 190 191 191 192 192 193 194 193 193 194 194 194 194 193 
63 63 64 63 65 66 66 65 67 67 66 66 65 65 64 64 63 64 64 64 64 64 64 64 63 64 64 64 65 70 76 85 98 114 130 148 165 177 186 191 191 191 192 192 191 192 192 191 190 191 191 191 192 192 193 193 195 194 194 195 195 194 195 194 
64 64 66 65 66 66 65 64 65 64 64 64 64 64 64 64 63 64 63 64 63 63 63 63 62 63 65 66 70 78 88 101 117 135 151 167 180 188 192 193 192 191 191 191 191 192 191 191 191 191 191 190 191 192 192 191 194 193 193 194 195 194 194 194 
65 65 65 64 65 64 63 63 64 63 64 64 64 64 64 65 65 65 64 64 63 63 63 63 63 65 68 73 81 92 107 123 140 157 171 181 189 192 193 192 191 191 192 191 192 192 192 192 193 192 192 191 191 191 192 191 193 192 191 192 192 192 191 192 
65 65 64 64 63 62 62 62 63 63 63 63 63 63 63 64 65 65 64 64 63 63 63 64 66 72 78 87 98 112 128 143 159 173 182 188 192 194 194 193 192 191 191 190 191 191 192 192 194 192 192 191 192 191 192 192 193 191 191 192 191 191 191 191 
63 64 63 63 63 63 62 63 63 63 64 64 65 64 64 64 64 63 62 62 62 63 65 68 74 84 94 107 121 136 150 163 174 184 190 192 194 194 193 192 191 191 191 190 191 192 192 193 194 192 191 190 191 189 190 190 191 190 191 191 190 190 190 189 
65 66 65 65 65 64 62 63 62 63 63 64 64 64 62 63 63 62 63 64 66 69 74 80 90 102 116 130 145 158 170 179 185 191 193 193 194 193 192 192 191 190 190 189 191 192 192 193 195 191 191 190 191 190 190 190 191 189 190 190 190 190 190 190 
64 64 63 63 63 62 62 63 63 63 64 64 64 64 63 64 65 65 68 72 77 83 94 102 114 127 141 152 166 176 184 189 192 194 193 193 193 192 192 191 191 191 191 191 193 193 193 193 193 190 190 190 191 189 191 191 191 190 191 190 191 191 192 192 
63 64 63 63 64 63 62 63 63 63 63 63 65 65 66 68 70 72 78 85 95 105 117 127 139 151 162 171 180 187 191 192 193 193 192 192 193 193 192 193 192 191 191 192 193 193 193 192 192 189 190 189 191 191 192 193 193 192 192 193 193 193 193 193 
63 64 64 64 65 64 62 63 65 66 66 69 72 74 76 79 83 88 96 107 119 130 143 152 162 170 179 184 189 193 194 193 191 191 189 190 192 193 192 192 192 191 191 194 195 193 193 192 190 189 190 189 191 191 192 192 192 193 193 192 193 194 193 194 
69 70 70 69 69 69 68 70 73 74 77 81 83 88 91 97 104 112 121 134 145 156 167 174 180 184 188 189 191 193 193 192 190 189 188 189 190 192 191 192 192 191 191 193 194 192 193 191 190 189 190 190 191 192 192 192 192 193 192 192 192 194 193 194 
79 79 80 81 81 81 83 84 88 90 93 100 105 112 118 125 131 138 146 157 167 176 183 188 191 191 192 192 193 193 193 192 191 190 189 189 189 191 190 190 191 190 191 192 193 192 192 191 190 191 191 192 193 193 192 192 191 192 191 191 191 192 191 192 
100 100 101 102 102 103 105 107 112 115 119 126 132 138 143 150 154 161 166 174 181 187 189 191 192 192 191 192 192 193 193 192 191 191 189 190 190 191 191 192 192 190 190 190 190 189 190 189 190 191 192 192 193 193 192 192 192 193 191 191 190 191 190 190 
126 126 127 127 128 128 130 132 137 142 146 153 157 162 165 171 174 179 183 187 190 192 192 192 191 190 190 191 192 193 193 192 191 191 190 191 191 192 192 192 192 190 190 190 189 188 189 189 191 192 192 192 191 190 190 190 190 191 191 191 190 190 189 190 
152 151 152 151 151 152 156 158 163 167 170 174 177 180 182 185 186 188 189 192 192 193 193 192 191 190 189 190 191 192 193 192 193 192 191 191 191 191 191 191 190 189 189 188 188 188 190 189 192 192 192 193 192 191 190 191 190 191 191 191 190 190 189 189 
173 172 172 171 172 173 175 177 180 183 184 188 190 190 190 191 190 191 191 192 193 194 192 192 191 190 189 191 192 193 194 195 195 194 192 192 192 191 191 191 191 191 191 190 189 190 190 190 192 193 193 193 193 192 191 191 190 191 190 191 190 189 189 189 
188 186 186 185 185 186 188 189 191 193 193 194 194 193 191 191 190 191 192 192 193 193 192 192 191 190 189 189 190 191 193 194 194 193 192 192 193 192 193 193 192 192 191 190 190 190 191 190 192 191 192 191 192 191 191 191 191 191 191 192 192 191 191 192 
193 191 191 189 190 190 191 191 192 193 193 193 195 194 193 192 191 191 190 191 193 194 193 194 192 190 189 190 190 191 193 194 194 194 193 193 192 192 191 190 190 190 191 191 191 192 192 192 192 192 191 191 191 191 191 190 190 190 190 192 193 192 192 193 
193 191 191 190 190 190 192 191 192 192 192 191 193 193 193 191 190 190 190 191 194 195 193 194 193 191 190 191 190 192 193 195 195 195 194 193 192 192 191 189 190 190 190 191 192 192 193 193 193 193 193 192 193 193 193 192 192 191 190 191 192 191 191 193 
194 192 193 193 192 192 193 192 192 192 192 192 192 193 193 191 191 192 191 191 194 194 192 193 193 191 191 191 191 193 194 195 196 197 195 194 193 192 190 190 191 192 192 192 192 192 192 192 192 193 193 192 192 193 193 191 192 191 191 192 193 192 192 193 
193 191 193 193 192 192 194 192 192 193 193 192 192 193 193 191 191 191 191 191 194 194 194 193 192 190 191 190 190 191 192 192 194 195 194 193 192 192 190 189 190 190 191 191 191 191 192 191 192 193 192 191 191 192 192 192 192 192 191 192 192 193 194 194 
192 191 192 193 191 191 193 192 192 193 193 193 193 193 193 192 191 191 192 191 194 194 193 192 191 190 191 192 192 193 193 192 193 194 193 192 192 191 189 189 190 190 190 190 190 191 192 192 192 192 191 191 191 191 191 192 192 191 192 193 192 192 193 193 
194 193 193 195 193 193 193 193 192 193 193 193 192 193 193 191 192 192 192 191 193 193 192 191 191 190 191 191 191 191 191 189 190 191 190 190 190 190 190 190 190 191 191 190 191 192 193 192 193 193 191 191 191 190 191 192 192 192 192 193 193 194 194 195 
194 193 194 195 194 194 194 194 193 194 195 195 193 194 193 192 192 192 192 191 191 191 191 191 190 190 191 191 191 191 190 189 189 191 190 189 189 189 189 190 190 191 192 191 191 193 193 191 192 191 189 190 190 189 190 191 192 192 193 194 194 196 196 196 
192 191 192 194 194 194 194 194 193 193 194 194 193 193 192 192 192 191 192 192 192 193 192 191 189 190 190 191 189 190 190 187 186 188 187 186 187 188 189 190 190 190 191 190 191 194 194 192 193 192 189 189 190 187 190 191 191 190 192 192 194 196 197 197 

62 63 64 64 63 63 62 61 61 62 64 64 65 64 63 63 63 62 63 62 62 63 63 63 64 64 63 63 62 63 63 63 63 63 62 61 63 63 63 62 63 62 64 66 67 65 65 63 64 73 89 116 142 165 182 191 189 190 190 190 189 190 190 189 
63 64 64 64 64 63 63 61 61 62 63 62 64 64 64 64 63 62 63 63 63 65 64 62 63 63 62 62 62 63 63 64 64 64 63 62 63 64 64 63 63 63 64 65 65 64 64 62 64 74 90 116 142 165 182 192 190 191 191 191 190 190 190 189 
64 65 65 64 63 62 62 62 62 63 64 63 65 64 63 63 62 61 63 64 64 66 65 64 64 64 62 63 63 63 63 64 63 64 63 62 63 64 64 63 64 64 64 66 67 65 65 63 65 75 93 118 144 167 183 192 191 192 192 192 191 191 190 189 
64 65 64 64 63 63 63 63 63 63 63 62 64 63 63 62 62 61 63 64 65 66 66 65 64 64 63 64 64 64 64 65 64 64 63 63 62 63 64 63 65 65 65 66 66 64 65 63 66 76 94 120 146 168 184 193 192 192 192 192 192 191 190 189 
64 65 64 64 63 63 62 63 63 64 63 63 63 63 62 62 61 61 63 64 66 68 67 65 64 64 63 62 62 63 62 64 64 64 63 64 63 64 64 64 65 65 65 65 65 63 64 63 67 77 97 123 149 169 185 192 192 192 193 193 194 192 192 192 
64 64 64 64 63 64 64 65 65 66 64 63 63 63 63 63 62 62 65 66 67 68 68 66 64 63 63 62 63 63 63 64 64 64 64 64 64 65 65 65 66 66 65 65 65 63 63 63 68 77 98 123 148 169 186 192 193 194 194 194 196 193 193 193 
65 65 64 64 64 65 64 66 66 66 65 65 64 63 63 63 63 63 65 65 66 67 67 66 65 64 64 63 63 63 63 63 63 62 63 63 64 65 66 66 67 66 65 66 66 64 65 65 69 79 101 126 151 172 187 192 193 194 194 195 196 194 194 194 
63 63 62 63 63 64 64 66 66 66 65 65 64 63 64 64 63 63 64 64 65 65 66 66 66 65 64 63 63 63 63 64 64 64 64 64 65 65 66 66 66 65 64 64 64 63 63 63 68 80 101 127 153 173 187 192 192 192 194 195 196 196 196 195 
63 63 62 63 63 64 63 65 65 66 64 65 65 63 64 65 63 62 64 63 64 65 66 65 65 64 64 62 62 62 62 63 64 63 63 64 64 65 65 64 64 63 63 63 63 62 63 63 70 83 105 131 157 176 188 191 191 191 193 194 194 195 195 194 
64 63 62 62 62 63 64 65 66 66 64 65 65 64 64 64 63 61 63 63 63 64 65 65 65 64 63 62 62 61 63 63 63 63 63 63 63 65 65 64 64 63 64 63 63 62 63 64 71 87 110 136 160 178 188 192 192 192 194 194 193 194 193 193 
65 64 63 63 62 62 62 64 64 65 64 65 64 63 63 63 62 61 62 61 62 63 64 64 65 65 64 63 64 63 64 65 64 64 64 63 64 65 65 65 65 64 64 63 63 63 63 66 74 91 115 141 165 181 189 192 192 191 193 193 193 193 193 192 
62 62 61 61 61 62 62 64 65 65 63 63 63 62 62 63 62 60 61 61 61 62 64 64 65 65 64 63 64 64 64 65 66 66 65 65 64 64 63 64 64 64 63 63 63 63 62 67 77 95 119 146 168 183 190 191 191 190 192 192 192 192 192 191 
62 62 61 61 61 63 63 64 65 65 63 63 62 62 62 62 62 61 62 61 61 62 63 63 64 64 63 63 63 64 64 65 65 65 65 64 64 65 65 65 66 65 64 64 64 63 62 69 81 99 125 151 171 184 191 191 191 191 191 191 191 191 191 190 
64 63 63 62 62 62 63 65 64 64 64 63 61 62 62 62 61 62 62 61 61 62 63 64 64 64 63 63 63 64 65 65 65 65 65 64 65 65 65 66 66 66 64 65 65 64 64 73 85 105 130 154 172 186 190 191 192 191 190 191 191 191 191 191 
64 64 64 64 64 63 63 64 63 63 63 63 62 62 62 62 62 62 62 61 61 62 63 64 64 63 63 64 64 66 66 67 66 65 65 65 65 65 66 65 66 66 64 66 65 65 66 76 89 111 137 159 176 187 190 189 191 191 190 191 192 191 192 192 
65 64 64 64 64 63 63 62 62 62 62 63 62 62 63 63 63 64 63 62 62 63 63 63 64 63 62 63 63 64 64 65 65 65 65 65 65 65 65 64 65 66 65 66 65 66 67 78 94 117 142 165 179 188 190 189 191 190 189 190 191 190 190 191 
65 64 64 64 64 63 62 63 63 63 64 65 64 63 63 64 62 64 63 62 62 63 62 63 64 63 62 63 62 63 63 65 64 63 64 64 64 65 66 65 65 66 65 65 64 65 69 82 101 125 150 170 183 189 190 190 191 190 190 191 191 190 191 191 
66 67 67 68 65 64 63 62 61 62 64 64 63 63 64 63 62 63 63 62 63 63 63 63 64 63 62 62 62 63 63 64 62 62 63 63 63 64 65 63 64 65 65 66 65 66 72 86 107 132 156 174 186 190 190 190 192 191 191 192 192 192 192 193 
66 66 66 67 65 64 64 63 62 63 64 64 65 65 64 64 63 63 62 63 63 64 65 64 65 64 62 62 63 62 63 64 63 62 64 63 63 65 65 64 64 65 64 65 65 68 76 92 115 141 163 179 188 190 190 191 192 192 191 192 193 193 193 194 
64 64 65 65 64 64 64 63 63 64 65 64 64 65 65 64 63 63 63 63 63 64 64 63 64 63 61 61 62 61 62 64 63 63 64 63 64 65 65 63 63 63 63 64 65 72 83 102 125 149 169 183 189 190 191 191 192 192 191 192 192 193 194 195 
63 64 64 64 63 64 64 64 64 65 66 65 65 66 65 64 63 62 63 63 63 64 64 64 64 64 61 61 61 61 62 63 62 63 63 63 64 65 65 64 63 63 62 63 66 76 91 113 137 160 176 186 189 189 189 191 191 191 192 193 193 194 195 196 
64 64 65 64 63 63 63 63 64 65 66 65 65 66 64 64 63 63 64 64 64 65 65 65 64 64 62 62 61 61 62 63 62 63 63 62 64 66 65 65 64 64 63 65 70 82 100 124 146 167 180 187 188 189 189 190 191 192 191 193 193 194 194 196 
62 62 62 62 62 63 63 63 65 65 66 66 66 66 66 66 65 65 66 67 65 66 66 65 63 64 63 63 62 63 64 64 63 64 64 63 64 66 66 66 64 64 62 65 72 89 110 135 157 176 186 189 188 189 189 191 191 192 192 193 192 193 194 194 
63 63 62 62 63 62 63 63 64 65 65 65 64 65 65 66 65 66 66 65 64 63 63 62 62 62 62 63 62 62 63 63 61 62 62 61 62 64 65 65 64 64 64 68 79 97 121 146 167 182 190 191 189 190 190 192 192 192 192 192 191 192 192 192 
64 64 64 64 64 63 63 63 64 64 64 64 64 64 65 65 66 66 67 66 65 64 64 64 63 63 63 64 61 61 62 61 60 62 61 61 62 63 64 65 65 65 68 74 86 107 133 156 175 188 192 193 191 191 191 193 192 192 193 193 191 191 191 190 
64 65 64 64 64 63 62 63 63 63 64 64 64 64 65 66 67 66 67 67 66 64 64 63 62 63 64 64 63 62 63 63 63 63 62 61 62 62 63 64 65 66 71 83 99 121 147 167 182 191 195 194 193 192 191 192 192 192 194 194 192 191 190 188 
66 66 65 65 64 63 63 63 63 63 64 64 64 64 65 66 67 66 67 66 65 63 64 64 63 64 64 65 63 63 64 64 64 63 63 61 62 62 63 64 66 69 78 92 111 134 158 175 188 194 196 196 195 193 193 192 192 192 193 193 191 190 190 189 
67 68 67 66 65 64 63 62 62 64 64 63 64 64 63 64 65 65 65 65 66 65 64 64 64 64 63 64 62 63 64 64 64 63 63 61 61 60 61 62 66 73 86 106 128 151 170 184 191 194 195 196 194 192 192 192 190 192 192 192 190 190 189 189 
68 68 68 67 65 65 64 63 63 64 63 63 63 64 63 64 64 64 65 66 66 66 66 65 64 64 63 64 62 64 65 65 65 65 63 62 62 61 61 64 69 79 97 119 142 163 180 188 193 195 194 195 195 192 191 191 191 192 193 194 193 192 191 191 
67 68 67 66 64 64 63 63 63 64 64 63 63 63 63 64 64 64 65 65 65 66 65 64 64 64 63 64 63 64 65 65 65 64 63 61 61 60 61 65 74 88 109 134 156 174 186 191 193 194 193 194 193 191 190 190 190 192 193 195 194 194 193 194 
67 67 67 67 65 65 65 63 63 64 62 62 63 62 62 63 63 63 63 63 64 65 65 65 65 64 63 63 63 64 64 63 63 64 62 62 63 63 66 73 85 102 124 147 165 180 188 190 192 192 192 193 193 191 191 192 192 193 193 194 194 194 193 194 
65 65 65 66 65 65 65 64 63 63 61 60 61 62 62 62 62 62 63 63 64 65 65 64 64 64 63 62 62 63 63 61 62 64 62 62 62 64 69 80 96 117 141 161 176 186 190 190 192 193 192 192 192 191 191 192 193 194 194 195 195 195 194 195 
64 64 64 65 65 65 65 66 64 63 61 61 62 62 63 64 63 62 62 62 62 63 64 63 62 63 63 62 62 63 62 62 63 64 61 62 63 66 76 93 111 133 157 172 181 188 191 190 192 193 192 192 192 192 192 193 194 194 194 195 196 195 194 194 
63 63 62 64 63 64 64 65 64 64 62 62 61 61 62 62 62 62 62 62 61 62 63 62 62 63 62 61 62 63 61 62 63 63 61 63 67 73 88 109 130 151 171 181 186 190 190 190 191 192 192 192 192 191 192 193 194 194 194 195 194 194 193 194 
63 63 62 64 63 64 63 64 64 64 62 62 62 62 62 63 63 61 62 61 61 62 63 61 61 62 60 59 60 62 61 62 63 64 63 67 74 84 103 125 146 166 181 186 189 190 189 190 191 192 192 192 191 190 192 193 194 195 194 194 194 194 193 194 
64 63 62 63 62 62 62 63 63 64 62 63 63 62 62 64 63 62 63 63 62 63 64 62 61 61 60 60 61 62 63 63 63 64 66 73 83 98 119 141 160 176 187 191 191 191 190 192 192 192 192 193 191 191 192 193 194 194 194 193 193 192 192 193 
63 62 62 62 62 62 63 64 65 67 65 65 65 64 63 64 63 62 64 62 62 62 63 62 62 61 61 61 62 63 64 65 65 67 73 83 99 117 138 158 173 183 190 191 190 191 191 193 193 193 193 194 192 191 192 194 194 193 193 193 192 192 192 192 
62 62 62 63 63 64 65 65 65 67 64 65 65 64 63 64 63 62 64 62 62 62 63 62 63 62 62 62 63 63 65 67 68 75 85 98 117 136 156 171 182 187 191 191 190 190 190 192 192 192 192 193 192 191 192 192 193 192 193 192 192 191 192 192 
63 63 63 64 64 65 65 65 65 66 65 65 66 66 65 65 64 63 63 62 62 63 64 63 63 62 62 62 63 65 69 73 79 90 105 120 139 156 170 180 186 189 191 191 190 191 190 192 191 192 191 192 191 191 191 192 193 192 193 192 193 191 192 191 
64 63 64 63 64 65 66 65 66 67 65 65 67 67 65 65 65 64 63 63 63 63 63 63 63 63 63 63 66 69 76 84 96 110 126 142 159 172 182 188 190 190 191 192 191 191 191 191 190 191 190 191 191 192 192 193 194 193 193 193 192 191 191 190 
63 63 64 63 64 65 66 65 67 68 67 67 67 67 65 64 64 64 63 64 64 64 64 64 63 63 65 65 70 76 87 99 116 132 148 162 174 183 189 191 192 192 192 192 191 191 191 191 191 192 191 192 192 191 192 193 194 193 194 194 193 192 192 192 
64 65 66 65 65 66 64 63 64 64 64 64 64 65 64 63 64 64 63 64 64 64 64 64 62 64 67 70 78 90 104 119 137 154 168 178 186 190 192 192 191 191 191 191 191 192 191 191 191 191 191 190 191 190 191 191 193 192 193 193 193 192 191 191 
65 65 65 64 63 63 62 62 64 64 65 65 65 64 63 64 65 65 64 65 64 64 64 64 65 69 75 82 94 108 126 142 159 174 184 189 193 193 193 191 191 191 190 191 191 191 191 192 192 192 192 191 191 190 191 191 192 191 191 191 191 191 191 191 
64 64 64 63 62 62 61 61 63 63 64 65 65 64 63 64 65 65 64 65 64 65 66 69 73 81 90 101 116 131 147 161 174 184 191 194 195 195 194 192 191 190 190 189 190 191 191 193 194 192 193 192 192 191 192 191 192 190 190 191 191 191 191 191 
62 63 63 63 62 63 61 61 62 63 64 65 65 64 63 64 63 62 62 63 65 68 73 78 86 98 110 124 139 154 166 176 185 192 195 195 195 194 193 191 191 191 190 190 191 191 191 193 194 192 192 191 191 190 190 189 191 189 190 190 190 190 191 191 
63 64 64 64 65 65 63 63 63 64 64 64 64 64 62 62 64 64 67 70 74 79 86 95 105 119 132 147 160 172 181 187 191 194 195 194 195 193 191 191 190 189 190 189 192 192 192 194 195 191 192 190 191 190 190 189 190 189 190 189 190 190 191 191 
61 62 62 63 63 64 63 65 65 65 65 65 65 65 65 67 70 71 76 82 90 98 110 120 131 144 156 167 177 185 190 193 194 195 194 194 193 192 191 191 190 191 191 192 194 193 193 193 193 190 190 190 191 190 192 191 192 190 191 191 191 191 192 192 
60 62 62 62 63 63 62 63 64 65 65 66 69 72 74 76 81 84 91 101 111 123 135 145 154 165 173 180 186 191 192 193 193 192 191 192 193 193 192 193 192 192 192 193 194 194 194 194 192 190 191 190 191 192 193 193 193 192 192 193 192 192 193 192 
64 66 67 68 69 69 68 68 70 73 74 77 81 85 88 92 99 106 114 126 137 147 158 167 172 179 185 188 190 193 193 192 191 190 189 190 191 191 190 192 192 191 192 195 195 194 193 192 190 189 190 189 190 191 192 193 193 193 192 192 192 192 192 192 
76 78 78 78 79 78 78 80 84 87 91 95 98 104 109 114 122 131 140 151 161 169 177 183 185 188 190 190 191 192 192 191 190 188 188 189 190 191 191 191 191 190 191 193 193 193 194 192 191 190 191 190 191 193 193 193 193 193 192 192 192 193 193 193 
92 93 94 95 96 95 97 99 104 108 113 118 123 131 136 142 148 156 160 169 177 183 188 191 191 192 192 191 192 192 192 192 191 190 189 190 189 191 190 191 190 189 190 192 192 192 193 192 191 192 192 192 193 194 193 193 193 193 191 192 192 191 191 191 
118 119 121 121 122 121 122 123 129 133 139 145 149 155 159 164 167 174 177 183 187 190 190 191 190 191 191 191 192 192 192 191 191 190 189 190 191 192 192 193 192 190 189 190 189 189 190 190 191 192 193 193 193 194 193 193 192 192 191 191 191 190 190 191 
145 145 147 147 148 147 148 149 154 158 163 168 170 174 177 180 182 186 187 189 191 192 191 190 190 190 191 191 192 192 193 192 192 191 191 193 192 192 193 193 191 190 190 189 189 188 189 190 191 192 192 193 192 191 190 191 191 192 191 191 191 190 190 191 
167 166 167 167 167 166 169 170 174 176 180 183 184 186 187 188 188 190 190 190 191 193 192 191 191 190 190 191 192 192 193 193 193 192 193 193 192 193 193 193 191 190 189 188 188 188 190 190 192 192 192 193 192 192 191 192 191 192 192 192 192 191 191 191 
182 182 182 183 184 184 184 185 186 187 189 190 191 191 191 191 190 191 192 193 194 195 193 192 192 191 190 192 193 193 194 194 194 193 193 193 192 192 192 193 191 191 190 190 189 189 190 190 192 192 192 192 192 191 191 192 191 192 191 192 192 191 190 190 
192 192 192 191 191 191 191 192 191 191 191 191 191 190 190 191 190 191 193 193 194 194 193 192 191 191 190 191 192 191 192 193 193 192 192 193 192 192 193 193 192 193 192 191 190 190 190 190 191 190 190 190 191 191 191 192 192 193 192 193 192 192 191 192 
193 192 192 191 191 191 192 192 191 191 191 191 192 192 192 192 190 190 191 193 194 195 194 194 193 191 190 191 191 191 192 194 195 194 194 195 193 192 192 191 190 192 192 192 192 192 192 191 191 190 189 189 190 190 191 192 192 193 192 193 193 192 192 193 
192 191 191 191 190 191 192 191 190 190 190 190 191 191 192 191 190 190 191 193 194 195 193 194 192 191 191 191 191 192 193 194 195 195 194 194 192 192 191 190 190 191 191 191 191 191 192 192 192 192 191 190 192 192 192 193 193 193 192 193 193 192 192 194 
194 193 194 194 193 193 193 192 191 191 191 191 192 193 193 192 192 192 192 193 195 194 193 193 192 191 191 191 192 192 193 194 196 195 194 193 191 191 190 190 191 193 193 193 192 192 191 191 191 192 190 190 191 192 192 192 193 193 191 192 192 192 191 193 
193 191 192 193 192 191 192 192 191 191 192 192 192 193 193 192 192 191 191 192 194 193 193 192 191 189 190 190 190 191 192 192 194 194 193 192 191 190 190 190 191 192 192 192 191 191 191 191 191 193 191 191 191 193 191 192 193 192 190 191 192 192 192 194 
193 191 192 193 192 191 192 192 191 192 192 193 193 194 194 192 192 191 190 191 193 192 192 192 190 189 191 191 192 193 193 192 194 194 193 192 191 190 190 190 190 191 191 190 190 191 191 191 192 193 190 191 191 191 190 192 191 191 190 191 191 192 193 194 
194 193 193 195 193 193 193 192 191 192 192 193 192 193 192 191 192 191 190 189 191 190 191 191 190 190 191 191 192 192 191 190 190 190 189 189 189 189 190 191 191 191 191 190 190 191 191 191 193 193 191 191 191 190 190 191 191 190 190 191 192 192 193 194 
195 194 194 195 195 195 193 194 193 193 193 194 193 193 192 191 192 191 190 189 190 190 191 191 191 190 192 192 192 191 190 189 189 190 189 189 188 188 189 191 191 192 192 190 190 191 191 190 192 192 190 190 190 189 189 190 190 190 190 191 192 194 194 195 
193 192 192 194 194 194 193 194 193 192 192 193 192 191 191 191 190 189 189 189 190 190 192 191 190 190 192 192 190 191 189 187 186 188 187 187 188 189 190 191 191 191 191 188 189 191 191 191 193 192 190 191 191 188 189 190 189 188 189 190 192 195 196 198 

62 63 64 65 63 62 61 60 59 61 64 63 65 64 63 63 64 61 63 62 61 62 62 62 62 62 61 61 61 62 64 64 64 64 62 62 63 63 63 62 63 63 64 66 68 67 66 62 69 83 103 129 156 174 186 192 192 192 191 191 188 189 188 187 
64 65 65 65 64 63 62 61 60 61 63 62 64 64 64 64 64 62 63 63 62 63 63 62 61 61 60 60 60 62 64 65 64 65 64 63 64 65 65 64 64 64 64 66 67 67 65 63 69 84 104 130 156 175 187 193 192 192 192 192 190 189 189 188 
64 65 65 65 63 62 61 60 60 62 63 62 64 64 63 63 63 62 63 64 63 65 65 63 62 62 60 61 61 62 63 64 64 65 64 63 64 64 64 64 65 65 65 67 68 67 66 64 70 85 107 132 159 177 188 193 193 193 193 193 191 190 190 189 
64 65 65 65 63 63 62 62 62 63 63 62 63 63 63 63 63 62 63 64 64 66 66 65 64 63 62 63 62 63 64 65 64 65 64 64 63 64 65 64 66 66 66 66 67 66 66 64 72 85 108 134 160 178 190 194 193 194 193 192 191 191 191 190 
62 64 64 64 63 63 61 62 62 63 62 62 61 62 62 62 62 62 63 64 64 67 67 65 64 64 61 61 60 61 62 63 63 64 64 65 63 64 65 65 65 65 65 66 67 65 66 66 74 89 113 138 163 179 191 193 193 194 193 194 193 191 191 190 
62 64 64 64 63 65 64 65 65 65 63 63 62 62 63 64 63 63 64 65 65 67 68 66 64 63 63 62 62 62 63 64 64 65 65 65 64 66 66 66 66 66 65 66 67 65 65 67 76 90 115 140 163 180 192 193 194 195 195 194 194 192 192 192 
62 63 63 63 63 64 64 65 65 66 65 65 63 63 63 64 63 63 64 64 65 67 67 66 66 65 64 63 64 63 64 63 64 63 64 64 64 65 66 65 66 66 65 66 67 65 66 70 79 93 119 144 166 182 193 194 194 195 194 193 194 193 192 193 
60 61 61 63 64 65 64 66 65 66 65 65 64 63 63 64 63 62 63 62 63 64 65 65 66 65 64 63 63 63 63 64 64 64 64 65 64 65 65 65 65 65 64 64 65 64 64 69 79 95 121 146 167 183 193 193 193 194 194 193 194 194 193 194 
60 61 62 63 63 65 64 65 65 65 63 65 64 63 63 64 63 61 63 61 62 63 65 64 65 64 64 62 62 62 62 62 63 63 64 65 64 66 66 64 64 63 64 63 64 63 64 70 82 100 126 152 172 186 193 193 192 192 193 193 193 193 192 192 
62 61 61 62 62 64 64 66 66 66 64 65 64 63 63 64 62 61 62 61 61 63 64 64 64 64 63 62 62 62 63 63 63 63 64 63 63 65 65 64 64 64 64 63 64 63 64 70 83 103 129 155 174 187 192 193 192 192 193 193 193 193 193 192 
63 63 62 62 62 62 62 64 64 65 63 65 64 63 63 64 62 61 62 61 61 63 64 63 64 64 64 63 63 63 63 64 63 64 64 63 63 65 65 65 65 65 64 64 63 63 65 73 86 108 134 159 178 190 193 193 191 191 191 192 193 193 193 193 
61 62 61 62 62 63 61 63 64 64 61 62 61 61 61 62 61 60 61 61 61 63 64 64 65 65 64 63 63 62 63 64 64 65 65 64 64 65 64 65 66 65 64 64 63 63 65 75 91 114 139 164 181 191 192 192 191 190 191 192 192 192 193 192 
62 63 62 61 61 62 61 63 64 64 61 62 61 61 61 62 62 61 62 62 62 63 64 64 64 64 63 63 63 63 64 64 64 65 65 64 65 66 66 67 67 66 65 64 64 64 66 78 96 119 145 168 183 192 192 192 192 190 190 191 191 190 191 191 
64 63 62 62 62 62 62 64 64 64 62 62 61 61 61 62 61 61 62 62 62 64 64 65 65 64 63 63 63 64 65 65 64 65 64 63 64 65 65 66 67 66 64 65 64 64 69 83 100 123 148 170 183 192 192 191 192 190 189 191 191 191 191 192 
65 65 64 63 62 62 61 62 62 63 62 63 62 62 62 63 62 63 63 62 63 64 64 64 65 64 64 64 65 65 66 66 66 65 65 64 65 65 65 65 66 66 64 65 64 65 72 88 107 131 156 174 186 192 192 191 192 191 190 191 192 191 192 193 
65 65 64 63 62 62 61 61 62 62 62 63 62 62 62 63 63 64 64 63 63 64 64 64 65 63 62 63 63 63 64 65 65 64 65 64 64 64 65 64 65 65 64 65 64 66 74 91 112 137 161 178 188 192 192 191 192 191 189 190 190 189 189 191 
65 64 65 64 62 61 61 62 62 64 64 65 64 63 64 64 64 64 65 63 64 65 64 64 65 63 62 63 63 63 63 65 64 63 64 64 64 65 65 64 65 64 64 63 64 67 77 95 119 144 166 181 189 191 192 192 192 191 190 191 191 190 190 191 
67 67 67 67 64 63 62 62 61 64 64 64 64 63 63 63 63 64 64 62 63 64 63 64 65 63 62 63 63 63 63 64 62 62 63 62 63 64 64 62 63 63 63 64 66 71 84 103 127 150 170 183 190 191 191 192 192 192 191 193 192 191 192 192 
66 66 66 66 63 63 62 61 61 63 65 64 64 64 64 63 63 64 64 63 64 65 65 65 65 65 63 63 63 63 63 64 63 63 64 63 63 64 64 62 63 63 64 65 67 76 91 112 136 159 176 187 191 191 192 192 193 192 192 193 193 192 193 194 
63 64 64 65 63 63 63 62 62 64 65 64 64 64 65 64 64 64 64 63 63 64 66 65 65 65 63 62 63 63 63 64 63 63 63 63 63 64 64 63 63 63 63 66 71 82 100 122 146 166 180 189 191 192 192 193 192 191 191 192 192 192 193 194 
62 63 63 64 62 63 64 64 64 66 66 65 65 65 64 64 63 63 63 62 63 64 65 65 65 65 63 63 62 63 63 64 63 63 63 62 63 63 63 63 63 63 63 67 73 89 110 134 156 174 184 189 190 191 190 191 190 190 191 193 193 194 195 195 
63 63 63 64 62 62 63 63 63 65 66 65 65 65 64 64 64 64 64 65 64 65 66 65 64 64 63 63 62 63 64 64 62 63 62 61 63 65 64 64 64 64 64 70 79 97 119 143 162 178 186 190 189 190 190 191 190 191 191 193 193 194 194 195 
62 61 61 61 61 61 62 62 64 65 65 65 66 66 66 66 67 66 66 67 65 66 67 66 64 65 64 64 63 64 65 64 62 64 63 62 63 65 65 65 64 64 65 72 84 105 129 154 171 185 190 191 190 191 191 192 191 191 191 192 192 193 194 194 
62 62 61 61 61 61 62 63 64 65 65 65 65 65 65 66 66 65 66 65 64 63 63 63 62 62 62 63 62 62 63 63 61 62 61 61 62 64 64 65 64 65 69 78 92 115 140 161 177 189 192 192 191 191 191 191 191 190 191 191 191 191 192 192 
63 63 63 62 63 62 63 63 64 65 64 63 63 63 63 64 65 65 66 66 65 64 64 64 63 63 63 63 61 62 62 61 60 62 61 61 63 64 64 66 65 67 75 85 102 126 150 169 183 191 193 193 191 191 191 192 191 191 192 192 192 191 191 191 
64 64 64 63 63 62 62 62 63 64 63 62 63 63 64 64 66 65 66 66 65 63 64 62 62 62 62 62 61 61 62 62 62 63 63 63 63 64 64 66 66 70 81 97 117 140 163 178 188 193 194 194 193 192 191 191 191 191 193 193 193 191 191 190 
65 65 65 65 63 63 63 62 62 63 63 62 63 63 64 65 66 65 67 65 64 63 63 63 63 63 63 63 62 62 63 63 64 64 63 62 63 62 63 66 69 77 91 110 131 154 174 186 192 195 196 196 195 193 192 191 190 190 191 192 192 190 190 190 
67 67 67 65 64 63 63 62 62 64 64 62 63 63 63 63 64 64 65 65 65 65 64 63 63 63 62 63 62 62 63 64 64 64 63 62 62 61 62 65 72 84 102 124 146 166 181 190 193 195 196 196 194 192 191 190 189 190 191 192 191 191 190 190 
67 68 68 66 64 65 64 62 62 64 63 61 63 62 63 63 65 64 66 65 66 65 65 64 64 65 63 64 63 64 63 64 65 64 63 62 62 62 63 69 78 93 113 138 158 176 188 193 195 195 195 195 195 192 190 190 189 191 193 194 193 193 192 192 
67 68 68 66 64 64 63 62 63 64 63 62 63 63 63 64 65 65 65 65 66 65 65 64 64 64 63 64 63 64 64 64 65 64 63 62 62 63 66 74 87 106 128 152 170 184 191 194 194 195 194 195 194 192 189 189 189 190 192 194 194 195 194 194 
67 68 68 67 64 65 64 62 63 64 63 62 63 62 63 63 64 64 64 63 64 64 64 65 65 65 64 65 63 65 64 63 63 64 61 62 64 67 73 85 102 121 143 163 177 186 190 191 192 193 192 194 193 192 191 191 190 191 193 194 194 196 195 195 
65 66 66 65 64 65 64 63 63 63 61 61 61 62 63 62 63 62 62 62 64 64 65 65 65 65 64 63 63 63 63 62 62 63 61 62 65 70 79 95 115 136 157 173 182 188 190 190 192 193 192 193 192 191 191 192 192 193 194 194 195 196 196 196 
65 65 65 66 65 64 64 64 63 63 62 61 62 62 63 64 64 62 62 61 62 62 64 63 63 64 64 62 62 63 62 62 63 64 61 63 68 75 90 110 132 152 171 181 187 190 191 191 192 193 192 192 192 191 191 192 193 193 194 195 196 196 196 196 
62 63 63 64 63 64 63 63 64 64 62 62 62 61 62 63 63 62 62 61 61 62 63 62 63 64 63 62 62 62 62 62 63 64 62 66 74 86 105 128 150 168 182 187 190 191 190 190 191 191 191 192 192 191 192 192 193 193 194 194 194 195 194 195 
62 64 63 64 64 64 62 63 63 64 62 63 63 63 63 63 63 61 62 62 61 62 64 61 61 62 61 60 60 61 61 62 63 65 66 72 84 100 121 144 163 178 187 190 190 191 189 190 191 191 191 191 191 190 192 192 193 193 193 192 193 193 194 195 
63 63 63 64 63 63 62 62 63 63 61 63 63 63 62 65 63 62 64 64 63 64 65 63 62 63 61 61 62 62 62 63 63 68 73 83 98 116 137 157 173 184 190 192 191 192 190 192 192 192 192 192 191 191 192 192 193 193 192 191 192 192 191 193 
64 64 64 64 63 64 63 63 64 65 64 64 65 64 62 64 63 62 64 64 62 63 65 63 62 62 61 61 62 62 63 66 69 75 85 100 117 136 155 172 182 188 192 192 191 192 191 193 192 193 193 193 191 191 192 192 193 192 192 192 191 191 191 192 
63 63 63 64 64 65 64 65 64 65 62 63 64 63 63 64 63 62 64 63 63 64 64 63 63 62 62 62 62 63 67 71 75 87 102 118 137 156 170 181 187 190 191 191 190 191 190 192 192 192 192 193 191 191 192 192 193 192 192 191 191 189 190 190 
65 65 65 65 65 65 65 65 64 65 63 64 65 65 64 65 64 63 64 64 64 64 65 64 63 62 62 62 63 67 74 81 92 107 124 141 157 172 181 187 189 190 190 190 190 192 191 193 192 192 191 193 191 191 192 192 193 193 192 191 191 190 190 189 
65 64 65 64 65 65 66 65 66 65 64 64 65 64 64 65 65 64 64 64 64 65 65 65 64 64 65 65 70 75 86 97 112 127 144 160 172 183 189 192 192 191 190 191 190 191 190 192 190 191 190 192 191 193 193 194 194 194 193 193 191 190 189 188 
64 64 65 65 65 67 66 66 67 67 66 65 65 64 64 64 64 63 63 64 64 64 65 65 63 64 68 70 77 87 102 116 134 149 164 174 182 188 193 193 192 192 191 191 190 191 191 191 191 192 192 192 192 192 193 194 195 194 194 194 192 191 191 191 
64 65 66 65 65 66 65 64 65 65 64 64 64 64 63 64 64 65 65 66 66 65 65 65 65 68 74 81 92 106 122 138 154 168 178 185 189 192 194 192 191 190 190 189 190 190 191 191 191 191 191 191 192 191 192 192 193 193 193 194 193 192 191 190 
65 65 66 65 64 64 63 63 64 66 65 65 65 64 63 64 65 65 65 67 66 66 68 69 73 78 87 97 111 127 144 159 173 182 188 191 192 192 192 192 191 190 190 190 190 190 191 191 191 190 191 191 191 190 191 191 191 191 191 191 191 191 191 191 
63 64 65 64 63 64 62 62 63 65 65 65 65 64 63 63 64 64 64 66 67 70 74 79 85 96 107 121 135 149 163 174 183 189 193 193 193 193 193 192 191 190 190 190 190 190 191 192 192 191 192 191 192 191 192 192 191 190 191 191 191 191 192 192 
63 64 64 64 63 64 62 62 63 64 65 66 66 65 64 64 64 64 65 68 71 78 84 93 103 116 130 144 157 168 178 184 189 194 195 194 195 194 193 192 192 190 190 190 191 191 191 192 192 190 191 191 192 190 191 190 190 188 190 190 191 191 192 191 
64 64 64 65 64 64 63 63 63 64 65 65 65 65 65 65 68 70 75 79 86 94 104 114 126 140 153 165 174 182 187 191 193 195 195 194 195 193 192 192 191 190 190 190 191 191 192 192 192 189 190 189 190 189 190 189 189 188 190 189 190 190 192 191 
63 63 63 64 64 64 63 64 64 65 66 67 68 70 73 74 79 82 88 95 105 115 129 140 150 162 172 179 186 190 192 193 193 193 193 193 193 192 192 193 192 192 192 193 194 194 193 193 192 189 190 190 191 190 191 191 191 190 191 190 190 191 193 191 
62 62 63 63 64 66 66 67 68 69 72 74 78 83 87 90 95 101 109 119 130 141 152 161 168 177 183 187 191 193 193 192 192 191 191 192 193 194 193 194 193 192 192 194 194 194 194 193 192 190 190 189 191 192 193 193 194 192 192 192 191 192 193 192 
71 73 74 74 76 76 75 76 79 81 85 90 95 101 107 112 118 126 134 144 154 162 171 177 181 185 190 190 192 193 193 192 191 190 190 191 192 192 192 193 192 192 192 195 194 194 193 192 191 190 190 189 191 191 193 193 194 193 192 191 191 191 191 191 
88 89 90 89 91 91 91 93 97 100 106 112 117 124 131 136 143 150 157 165 173 179 186 189 189 190 191 190 190 191 192 191 190 189 189 190 191 192 192 192 192 191 192 194 194 194 193 192 192 191 191 190 191 193 193 194 194 193 192 192 192 192 193 192 
109 109 111 111 113 113 115 117 121 124 130 137 143 151 157 162 166 171 174 180 184 188 190 191 191 190 191 190 191 191 191 191 191 190 189 190 191 192 191 192 191 191 191 193 193 193 193 193 192 192 192 192 192 194 193 193 194 193 193 193 193 192 192 192 
135 135 137 137 139 139 141 142 147 150 155 162 166 172 175 179 180 184 186 189 191 191 190 190 190 189 191 191 191 192 192 191 191 191 191 192 193 193 193 193 192 191 191 191 190 190 190 191 191 192 192 193 193 194 194 194 194 194 193 192 192 192 191 192 
162 162 163 163 164 162 164 165 168 170 174 179 181 184 186 189 189 190 190 191 191 191 190 190 190 189 191 191 192 192 192 191 192 192 192 193 193 193 193 194 193 192 192 191 190 189 190 190 191 192 192 192 191 191 190 191 192 192 193 193 193 193 192 192 
178 177 178 177 178 177 179 181 183 184 186 188 189 191 191 192 190 190 190 191 192 193 192 191 190 190 191 191 192 192 193 192 193 193 193 194 193 194 194 194 193 192 191 190 190 189 190 191 192 192 192 192 192 192 191 192 192 192 193 193 194 194 194 194 
187 187 188 188 189 189 190 190 190 189 190 190 190 191 191 191 190 191 191 193 194 194 192 192 191 191 192 193 193 193 193 193 194 194 193 194 193 193 193 194 193 193 192 191 190 190 190 191 192 193 193 192 193 191 190 191 191 191 192 193 193 193 192 192 
192 192 192 191 192 192 192 192 192 191 190 190 190 190 190 190 189 190 191 192 194 194 193 192 192 191 191 193 193 193 193 193 193 194 193 194 192 192 193 194 194 195 193 192 191 191 191 190 191 192 192 191 192 191 190 191 192 192 192 193 193 193 192 193 
192 192 192 191 192 192 192 192 191 190 189 190 190 191 191 190 189 189 190 192 194 195 194 195 193 192 192 193 192 192 193 194 195 196 195 195 193 193 192 192 192 193 193 192 192 192 192 192 192 192 191 190 191 190 190 191 192 192 192 194 193 193 192 194 
191 191 191 191 192 192 193 192 190 189 189 190 190 192 191 190 189 190 190 192 194 194 193 194 192 192 192 192 192 193 193 194 195 195 194 193 192 192 191 191 192 192 191 191 191 192 192 192 192 193 192 191 193 193 192 193 193 192 192 193 192 192 191 193 
192 192 192 193 194 194 194 193 190 190 190 190 191 194 193 192 192 192 191 192 193 193 192 193 193 192 192 192 192 193 193 194 195 195 194 193 191 191 190 191 192 193 192 192 192 192 192 192 192 192 191 191 192 193 192 192 194 193 193 193 192 192 191 192 
191 190 191 193 193 193 194 193 190 191 191 192 193 194 193 192 191 191 191 191 193 193 193 192 192 190 191 190 191 191 192 192 194 194 193 192 190 190 189 190 191 192 191 191 191 191 191 191 191 192 191 191 191 193 192 193 194 194 192 192 192 191 191 192 
190 189 191 193 192 192 193 192 189 190 191 192 193 194 194 192 191 190 190 190 192 192 192 192 191 190 191 192 192 192 193 191 193 193 193 192 191 191 190 190 191 191 191 190 190 191 190 191 191 192 191 191 191 192 191 193 193 193 192 193 192 192 192 192 
190 189 191 193 193 193 193 191 190 190 191 192 192 193 193 192 191 191 190 189 190 190 190 191 191 190 191 192 192 191 191 190 190 190 189 189 189 189 189 190 191 191 191 190 190 191 191 191 191 192 191 192 192 191 191 191 191 191 191 191 192 192 193 193 
190 190 192 194 194 194 193 192 191 191 192 194 193 193 193 192 191 190 189 188 189 190 190 191 191 190 191 192 191 190 190 189 189 190 190 189 188 188 189 191 191 192 191 190 190 191 190 191 191 192 191 192 191 191 191 191 190 191 191 192 193 193 194 194 
189 189 191 193 193 194 192 192 190 190 191 193 192 191 192 191 189 189 190 188 189 190 190 191 190 191 192 193 191 190 189 188 187 188 188 188 187 187 189 190 190 190 190 189 189 191 191 192 192 192 191 193 192 190 190 190 189 189 189 191 193 194 195 196 

61 62 63 65 64 63 62 61 60 61 63 62 64 64 64 64 65 63 64 63 61 62 64 63 64 64 62 61 60 60 62 64 63 63 61 61 62 63 63 63 63 64 64 66 67 66 63 66 78 98 124 150 171 184 191 192 191 191 190 189 187 189 188 188 
63 63 64 65 63 63 62 61 60 60 62 61 63 64 65 65 66 63 64 63 61 63 64 63 63 62 60 60 59 60 62 64 64 64 63 62 63 65 64 64 63 63 64 65 66 66 64 67 79 99 125 151 172 184 191 191 191 191 192 191 189 190 190 189 
64 64 64 64 62 62 61 60 60 61 62 61 62 63 64 64 65 63 64 64 63 65 65 64 63 63 62 61 61 61 62 63 64 64 63 63 63 65 64 64 64 64 65 66 67 67 65 68 81 101 127 153 173 185 191 191 192 192 192 192 191 190 190 189 
65 65 65 65 63 63 62 61 61 62 62 61 62 63 64 64 64 63 64 64 63 65 67 66 66 65 63 63 62 62 63 65 65 66 64 64 63 64 64 65 65 65 65 65 67 66 65 70 83 102 127 154 172 184 191 191 191 193 193 192 191 190 190 189 
62 63 64 64 63 62 61 61 61 62 61 61 61 62 62 64 64 64 64 65 64 66 66 66 65 65 64 62 61 61 61 62 63 65 65 65 64 65 64 64 64 64 64 64 66 65 65 72 86 106 133 158 175 185 190 189 190 192 192 192 192 190 190 189 
62 63 64 63 63 64 63 63 63 63 62 62 61 63 63 64 64 64 65 66 65 67 67 66 64 64 64 63 62 63 63 63 64 66 66 66 65 66 66 65 65 65 65 65 66 65 66 74 88 107 133 158 174 185 191 190 193 194 194 193 194 191 191 190 
61 62 63 62 63 64 63 64 63 64 62 63 62 63 63 64 63 64 65 66 65 67 67 66 65 66 65 64 64 63 64 63 64 64 65 65 65 66 66 65 66 66 65 66 68 66 68 77 92 111 138 161 176 187 193 192 193 195 194 192 193 191 190 190 
60 61 62 62 64 65 64 65 64 64 63 64 63 63 63 64 63 63 64 64 64 64 65 65 65 65 65 63 63 63 63 63 64 64 65 65 65 66 65 65 66 65 65 65 66 64 68 78 93 114 140 164 178 188 192 192 192 194 193 192 192 192 191 191 
59 60 61 61 63 65 64 64 64 64 61 63 63 63 63 64 63 62 63 63 62 63 64 64 64 65 64 63 63 63 63 63 63 64 64 65 64 66 66 65 65 64 65 64 65 64 68 79 96 120 147 169 183 192 193 192 192 192 192 192 191 191 190 190 
62 61 61 61 61 63 64 65 64 64 61 63 62 63 62 64 62 61 62 62 62 63 64 64 64 64 64 63 64 64 65 64 63 64 64 63 63 66 65 65 66 65 65 65 65 64 69 81 99 124 150 171 186 193 193 193 193 192 193 193 192 192 191 191 
64 63 62 61 61 62 62 64 64 64 62 63 62 63 62 64 63 61 62 61 61 62 64 63 64 65 65 64 65 65 65 64 63 63 63 63 63 66 66 67 67 66 65 64 64 64 71 84 103 129 155 175 189 194 193 193 191 190 191 192 192 192 192 193 
64 64 63 62 62 63 62 64 64 64 61 62 61 61 61 63 62 60 61 60 60 61 63 63 64 65 65 64 65 65 64 64 64 65 64 64 64 66 64 66 66 66 64 64 63 65 72 87 108 134 159 178 190 194 192 191 191 190 191 193 193 192 193 193 
64 64 63 62 61 62 61 63 65 64 61 62 61 62 62 64 63 61 61 61 60 62 64 64 64 65 64 64 64 65 65 65 65 65 65 65 66 67 67 67 68 67 65 64 63 65 73 91 114 140 164 183 192 194 192 191 191 190 190 191 192 191 191 191 
66 65 64 62 62 62 61 64 65 64 63 63 62 61 61 63 63 62 62 63 62 63 65 65 65 65 65 64 64 64 65 64 64 64 64 63 65 65 65 66 67 66 64 65 65 67 77 97 119 144 167 183 191 193 192 191 191 190 190 192 192 191 192 193 
66 65 65 63 63 62 62 62 64 64 63 63 63 62 62 64 63 63 63 63 63 64 64 65 66 65 64 64 64 64 65 65 66 65 64 64 65 65 64 66 66 65 64 65 64 69 81 102 126 151 171 185 192 193 192 191 192 191 191 192 192 192 192 193 
65 65 65 64 63 63 62 62 63 64 63 63 63 62 62 63 63 64 64 64 64 64 64 65 66 64 62 62 62 62 64 64 64 64 64 64 65 65 64 64 65 64 64 66 65 71 85 107 132 157 176 189 192 192 191 191 192 192 190 191 190 189 189 191 
66 65 65 64 62 61 61 61 63 64 65 65 64 63 63 63 63 64 64 64 64 65 65 65 66 64 62 63 62 63 64 64 64 63 63 63 64 64 64 64 65 64 64 65 67 75 90 113 140 163 179 190 192 191 191 192 193 192 191 191 190 189 189 190 
67 66 66 66 64 63 63 62 62 64 65 64 64 62 62 62 62 63 64 63 64 65 66 66 66 64 63 62 62 63 63 64 63 61 61 61 62 63 63 62 64 63 64 66 71 81 99 122 147 168 182 190 192 191 191 193 193 193 191 192 192 190 190 192 
64 65 66 66 64 64 63 62 61 64 65 64 64 64 64 63 63 63 64 63 64 66 67 66 66 65 62 62 63 63 63 64 63 63 62 62 63 63 63 62 63 63 63 67 74 88 108 132 155 174 185 191 192 191 191 193 194 193 192 192 192 190 191 193 
64 64 64 64 63 63 63 62 63 64 66 65 65 65 64 64 64 63 64 63 64 66 67 66 65 65 63 62 64 64 64 64 64 63 62 62 63 63 62 62 63 63 63 70 80 97 118 144 164 180 188 193 192 192 191 193 192 191 190 191 191 190 191 192 
63 63 63 63 63 64 64 64 64 65 66 65 65 66 64 64 64 63 64 64 64 65 67 66 65 65 63 63 64 65 65 65 64 64 62 61 63 63 62 62 63 62 63 71 84 106 129 154 172 186 190 193 192 192 191 193 191 190 191 192 191 192 193 194 
63 63 63 64 64 64 64 64 64 66 66 66 66 66 64 65 65 64 65 66 65 66 67 65 64 64 63 63 63 64 65 64 63 64 62 61 63 64 63 64 64 64 66 77 92 115 139 162 177 188 190 193 192 193 191 193 191 191 191 192 191 192 192 193 
62 62 61 62 62 62 63 63 64 66 66 66 68 67 66 66 67 65 66 67 66 66 67 65 64 64 64 64 64 65 65 64 63 64 62 62 63 64 63 65 64 65 69 81 98 125 149 170 184 193 193 194 193 193 192 192 191 190 191 191 191 191 193 193 
63 62 61 61 62 61 62 63 64 66 66 66 67 67 65 66 66 65 65 65 64 64 63 62 62 62 63 64 63 63 65 63 62 63 62 61 62 62 63 64 64 68 75 90 110 135 158 176 187 193 193 194 192 192 192 191 190 190 190 190 190 190 191 191 
63 63 62 63 63 62 63 63 63 66 65 64 65 65 63 64 65 65 66 66 65 64 63 63 63 63 64 64 63 63 64 63 62 63 62 61 62 63 64 65 67 72 85 101 122 146 167 181 190 194 194 194 193 192 193 192 191 191 192 191 192 190 190 190 
64 64 63 63 62 61 62 62 62 64 64 63 64 64 64 64 65 65 66 66 65 63 63 62 63 63 63 63 63 62 63 63 63 62 62 61 61 62 63 66 70 79 95 115 137 158 177 187 192 194 194 194 193 192 191 191 190 191 192 192 193 191 191 190 
66 66 65 64 62 61 62 61 62 64 63 62 63 63 64 64 66 65 65 64 63 62 62 61 62 63 63 63 63 61 63 63 63 62 62 61 61 61 63 67 75 88 107 129 151 168 184 191 194 195 196 195 194 193 192 190 189 189 190 191 192 190 190 190 
67 67 67 64 62 62 62 61 63 64 64 62 62 62 63 64 65 65 66 65 64 63 63 62 63 63 62 63 63 62 64 64 65 63 63 61 61 60 63 69 81 98 120 143 164 177 188 192 193 193 195 195 193 193 191 190 189 190 190 191 191 190 190 191 
67 67 68 65 63 64 63 62 63 64 63 61 61 61 62 63 65 65 66 65 64 64 64 63 64 65 64 65 64 64 65 65 65 63 62 61 61 63 67 76 91 111 133 156 173 184 191 193 194 194 195 195 194 192 190 190 189 190 191 192 192 192 191 192 
67 67 67 65 63 63 63 62 62 63 63 62 61 61 63 64 65 65 65 64 64 64 64 63 64 64 63 64 64 63 64 65 64 64 63 62 63 66 73 85 104 125 147 168 182 189 193 194 194 195 195 195 194 192 189 189 188 189 189 191 192 193 193 195 
66 66 67 65 63 63 63 62 63 63 62 62 62 61 63 64 65 64 64 62 63 64 64 64 65 65 64 64 64 64 64 63 63 64 62 63 68 74 84 101 122 141 161 176 186 191 192 191 193 193 193 194 193 192 191 191 190 191 191 192 192 193 193 195 
64 64 64 64 64 64 64 63 63 63 62 62 62 62 63 63 63 63 64 62 64 65 65 65 66 65 64 64 64 63 63 63 62 63 62 64 70 80 95 115 136 155 172 183 190 192 192 191 192 192 192 193 192 190 190 191 191 192 192 193 193 194 194 195 
64 64 64 65 64 64 64 64 63 63 62 62 62 63 64 64 64 62 62 61 62 63 64 63 64 64 63 63 63 63 63 62 62 63 63 67 77 90 109 131 152 168 182 188 192 193 193 192 194 193 192 192 192 190 190 191 192 192 193 194 194 194 194 195 
63 63 63 63 63 64 63 63 64 63 61 61 62 62 63 64 64 62 63 61 62 63 63 62 63 64 62 62 63 62 61 61 62 63 65 73 87 104 126 148 167 180 189 192 193 192 191 191 192 192 192 192 192 191 191 191 192 193 192 194 193 194 193 194 
63 63 63 64 64 65 64 64 65 65 62 63 63 63 63 64 64 63 63 62 62 63 63 61 62 62 61 61 62 62 62 61 62 66 72 83 101 121 142 162 177 186 192 192 192 192 190 191 192 191 191 191 191 189 191 190 192 193 192 192 193 193 193 194 
64 64 63 64 63 64 63 63 64 64 61 63 64 64 64 65 64 63 64 64 63 64 64 62 62 63 62 63 63 63 64 64 66 74 83 98 117 137 155 171 182 189 193 192 192 192 190 191 192 192 192 193 191 190 191 190 191 191 191 190 191 192 191 193 
64 64 65 65 64 65 64 63 64 65 63 64 66 64 63 65 64 63 64 64 62 63 63 61 60 61 61 62 62 64 67 70 75 86 100 116 136 155 170 182 188 192 193 192 191 191 190 192 192 193 193 194 192 191 191 190 191 190 190 190 190 191 191 192 
63 64 64 66 65 66 65 65 65 65 62 63 64 63 62 64 63 62 63 63 63 63 63 61 61 61 62 62 64 67 73 79 88 104 120 136 155 171 181 188 190 192 192 191 190 191 189 191 192 192 192 193 191 190 190 190 190 190 190 189 190 190 190 191 
64 65 65 67 66 67 66 66 65 65 62 63 64 64 63 65 63 63 64 64 64 64 65 63 62 62 63 63 67 73 84 95 108 125 142 157 171 181 187 190 190 190 191 190 190 191 190 191 190 191 190 191 190 189 189 189 190 190 191 189 190 190 190 190 
64 64 65 66 65 66 66 65 64 64 62 63 64 64 63 65 63 63 64 64 64 65 65 64 63 65 67 69 77 87 101 114 130 145 160 172 181 188 192 193 192 192 191 191 191 190 189 190 189 190 189 191 190 191 190 191 191 191 191 191 190 190 189 188 
63 64 64 66 65 67 67 66 65 65 64 63 63 62 62 62 62 63 63 64 64 65 66 66 65 68 74 78 89 103 120 135 151 164 175 182 187 190 194 194 192 192 192 190 190 190 190 190 190 191 191 191 191 190 190 192 192 191 192 192 191 191 191 191 
63 65 65 66 66 67 65 64 63 63 62 61 61 61 62 62 63 64 64 66 66 67 68 70 71 77 85 95 109 125 141 155 168 178 185 189 192 193 194 193 192 191 190 190 190 189 190 190 190 190 190 190 191 190 190 191 190 190 192 193 192 193 192 191 
64 65 65 65 64 65 63 63 63 64 63 62 62 62 61 62 63 64 65 66 67 69 73 78 83 92 103 115 130 146 160 172 182 187 191 193 192 193 193 193 192 191 190 190 189 188 190 190 191 190 191 190 191 190 190 191 190 190 191 192 192 193 193 191 
63 64 65 65 64 65 64 63 64 64 63 64 63 63 62 62 63 65 66 68 72 78 83 91 100 112 126 140 153 166 176 183 188 191 193 193 194 194 194 193 192 191 190 190 189 189 190 191 192 191 192 192 193 191 192 191 190 189 190 192 192 193 194 193 
63 64 65 65 64 65 63 63 63 64 63 64 64 63 63 64 65 68 71 76 82 91 99 111 122 135 148 161 170 179 185 189 192 194 195 194 195 195 193 193 192 190 190 190 189 190 191 191 192 191 192 192 193 191 192 191 191 189 190 191 192 193 194 194 
63 64 65 65 65 65 64 63 63 64 64 65 67 67 68 71 74 79 85 92 101 112 122 134 145 156 166 175 182 187 191 192 192 193 193 193 194 194 192 193 192 190 190 190 190 190 191 191 192 190 191 191 192 190 190 189 189 187 190 189 190 192 193 193 
62 63 63 64 64 64 65 66 68 69 71 72 75 78 82 86 90 96 103 112 122 134 147 156 166 174 181 185 189 191 192 192 193 193 193 192 193 191 191 193 192 191 192 193 192 193 193 191 191 190 190 191 193 191 192 191 191 189 191 190 190 191 193 192 
67 68 69 69 70 71 73 74 77 78 81 85 91 95 102 107 113 120 129 138 148 158 167 174 179 185 188 190 191 192 193 192 191 190 190 190 192 192 192 194 193 192 193 193 192 193 193 191 190 189 190 191 193 193 193 193 193 191 192 191 191 192 192 192 
82 84 85 84 86 86 87 88 92 95 100 105 113 119 126 133 138 145 153 161 168 175 181 185 187 189 191 191 190 192 193 192 191 190 190 190 191 191 192 193 192 191 193 194 193 193 192 190 190 190 189 190 192 192 193 194 194 193 192 191 189 190 190 189 
104 105 106 105 107 107 108 110 116 119 125 130 137 144 151 157 161 166 172 177 182 186 190 191 191 191 191 190 190 191 192 191 191 189 190 190 191 191 192 192 192 190 192 193 193 193 193 191 191 191 191 191 192 193 193 194 193 192 192 191 190 192 193 192 
131 131 131 130 132 131 133 135 140 144 149 155 161 167 172 177 180 182 184 187 188 190 191 191 191 191 190 190 190 191 192 192 192 191 191 192 192 192 192 192 191 190 191 192 192 193 192 191 191 192 191 191 192 194 193 194 193 193 192 192 192 194 193 193 
157 157 157 155 157 156 158 159 164 166 170 174 179 183 185 188 189 191 191 192 192 192 190 190 190 189 190 190 190 191 192 192 191 191 192 193 193 194 194 194 193 192 192 191 191 190 190 190 191 192 192 192 192 194 194 194 194 194 193 192 193 193 193 193 
179 178 178 176 176 174 175 176 180 182 185 186 189 190 191 193 192 192 191 192 192 191 190 190 189 188 189 190 191 191 193 192 193 193 193 194 194 194 194 194 193 192 192 192 190 190 190 190 190 192 191 191 190 190 190 191 192 192 192 192 193 193 194 193 
190 188 188 187 185 184 187 187 189 190 192 191 191 192 191 191 191 191 190 191 192 193 192 190 190 189 190 190 191 192 192 191 193 193 193 194 194 195 195 195 193 193 192 191 190 190 191 191 191 192 191 191 191 190 190 190 191 191 193 192 194 194 195 194 
193 192 192 191 190 190 191 191 191 191 192 191 191 192 191 191 191 191 191 192 194 193 192 191 191 190 191 191 191 192 192 192 193 193 193 194 193 193 193 194 193 194 193 192 190 190 190 191 192 192 192 191 191 189 189 190 190 191 192 193 193 193 192 191 
192 191 192 191 191 191 192 192 192 192 192 191 191 190 190 189 189 190 191 192 193 193 193 192 191 191 191 191 192 193 192 192 192 192 192 193 191 191 192 193 193 194 193 192 191 191 192 191 192 192 191 190 191 189 190 190 191 192 193 193 193 193 192 192 
191 191 191 191 191 191 192 192 191 191 191 191 191 191 191 190 188 189 190 191 193 194 194 195 193 193 193 192 192 193 192 192 194 193 193 194 192 192 191 192 191 193 192 192 191 193 193 193 194 194 191 191 190 189 189 190 191 191 192 193 194 193 192 192 
189 189 190 191 191 192 193 193 191 191 191 191 191 192 192 190 188 189 190 190 192 192 193 193 192 192 192 191 191 192 191 192 193 192 192 192 191 192 192 191 192 192 191 191 192 193 194 194 194 194 193 192 192 191 191 191 192 192 193 193 193 193 192 192 
190 191 191 192 193 192 193 193 191 191 192 192 192 194 193 192 192 191 190 191 192 191 192 193 192 191 191 190 190 191 191 192 193 192 192 192 190 190 190 191 192 192 192 191 192 193 193 193 194 193 192 191 191 191 191 192 193 194 194 194 193 192 191 191 
189 190 190 192 193 192 193 193 191 192 194 193 193 194 193 191 190 190 190 191 192 192 192 191 190 189 189 189 190 191 192 192 194 193 191 191 190 190 190 191 191 192 192 191 192 192 192 192 192 193 192 191 191 192 192 193 194 195 194 193 193 193 192 192 
190 190 191 193 192 192 192 192 191 191 192 192 192 194 193 191 191 190 189 190 191 191 190 190 190 189 190 191 191 192 192 192 193 193 192 191 192 191 191 191 192 192 192 191 192 192 192 192 192 192 192 192 191 192 191 192 193 194 193 193 192 192 192 193 
191 191 192 192 192 191 191 191 190 191 192 192 191 192 192 190 190 189 189 188 189 189 189 189 189 189 190 191 192 192 192 191 190 190 189 189 189 190 190 191 192 192 192 191 191 191 191 191 191 191 192 192 191 191 191 191 193 193 193 192 192 192 192 193 
192 192 192 192 193 192 191 191 191 191 192 192 191 191 191 190 190 189 189 188 189 189 189 189 189 190 190 192 192 192 192 192 190 191 190 189 189 189 190 191 192 192 192 192 191 192 191 191 191 192 192 192 191 191 191 191 192 193 192 192 193 193 192 193 
190 190 191 191 191 191 190 190 190 190 191 191 189 189 189 188 187 188 189 188 188 189 189 189 189 191 192 194 193 193 192 191 189 190 189 188 188 189 190 191 191 191 190 191 191 191 191 192 191 192 192 193 192 192 191 191 191 192 191 192 193 193 193 195 

61 61 62 64 63 63 61 61 61 61 63 63 63 63 64 65 66 63 63 62 59 62 63 63 64 64 62 62 61 60 62 63 63 64 63 63 65 66 64 64 63 63 62 64 65 65 67 76 93 118 144 164 182 190 192 192 192 191 189 188 186 188 188 189 
62 62 63 64 63 63 62 62 61 61 62 62 62 63 64 66 66 64 63 63 61 62 63 63 63 63 61 61 59 59 62 63 63 66 65 64 65 66 64 64 63 62 61 63 64 64 68 77 95 119 146 166 183 191 192 191 192 191 191 190 189 189 189 189 
63 63 64 64 62 62 61 61 61 62 62 62 62 63 63 64 65 64 64 65 63 64 64 64 63 63 62 61 61 61 62 64 64 66 65 65 66 67 65 65 64 64 63 64 66 65 69 79 97 121 147 168 184 191 193 192 192 192 192 191 190 190 190 190 
65 65 65 65 63 63 62 62 62 63 63 63 62 63 64 64 65 64 64 65 64 65 65 66 65 64 63 63 61 61 63 65 65 68 66 66 66 66 64 65 65 64 63 64 65 65 70 80 98 122 147 168 183 190 192 191 191 192 192 191 191 191 191 190 
63 64 64 65 64 64 62 63 64 63 63 62 61 61 62 63 64 64 64 65 64 65 65 65 64 65 63 62 60 60 61 62 64 67 67 67 65 66 64 64 64 64 64 64 65 65 71 82 102 127 152 172 185 190 191 189 190 192 193 192 193 192 191 191 
62 63 64 64 64 65 64 64 65 64 63 63 62 63 64 65 64 65 65 66 65 65 65 64 63 64 64 63 62 63 63 63 64 67 67 68 66 67 66 66 65 65 64 65 66 65 71 84 104 129 154 174 185 190 191 190 192 194 195 194 195 193 192 192 
61 62 63 63 64 65 65 65 65 64 64 64 63 63 64 64 64 65 65 65 66 66 66 65 65 65 65 64 64 64 63 63 64 65 65 66 65 66 66 66 66 65 65 65 67 66 74 89 108 133 157 176 186 191 192 192 193 194 194 193 194 193 192 192 
60 61 62 62 65 66 65 66 66 65 64 65 63 63 64 64 63 64 65 64 65 65 65 65 65 65 66 64 63 63 63 63 63 64 64 65 65 66 65 65 66 65 65 65 66 66 75 91 110 135 159 177 187 192 192 192 192 193 193 192 193 193 192 193 
60 61 62 62 64 66 65 65 65 64 62 63 63 63 64 64 63 63 63 62 63 64 64 64 65 65 65 64 63 64 63 63 63 64 63 65 64 66 65 65 65 65 65 65 65 67 76 93 115 140 164 181 191 194 193 193 192 191 192 192 192 192 191 191 
63 63 63 61 63 64 65 66 65 64 62 63 62 63 63 64 62 62 62 62 62 63 65 65 65 65 66 64 64 65 64 64 63 64 63 64 63 65 65 66 66 66 66 65 66 69 78 95 118 143 165 182 191 194 193 194 193 192 192 192 192 191 191 191 
65 64 64 62 63 63 64 65 65 65 62 62 62 63 63 65 63 62 62 62 62 63 64 64 65 65 66 65 65 65 64 63 63 63 63 63 63 65 65 67 66 66 65 65 65 69 81 99 123 148 169 184 193 194 193 193 192 190 190 191 191 191 192 192 
65 66 65 63 63 64 63 64 65 64 61 60 60 61 61 64 62 61 61 61 60 62 63 64 65 65 66 66 65 65 65 64 64 65 64 64 64 66 65 67 67 67 66 66 64 70 82 102 126 153 172 186 193 193 192 191 190 189 190 192 191 191 191 191 
65 65 65 63 63 64 63 64 65 63 61 61 61 62 62 65 64 62 61 61 61 62 63 64 65 65 66 66 65 65 65 64 64 66 65 65 65 66 65 67 67 67 64 65 64 72 85 107 132 157 176 189 194 193 192 191 190 190 190 191 191 190 191 190 
66 65 64 62 62 62 63 64 65 64 62 62 62 62 62 64 63 63 62 62 62 63 64 66 66 65 66 65 64 64 65 64 64 65 64 64 65 65 64 66 67 66 64 65 66 75 89 113 137 161 178 190 193 193 192 191 191 190 190 192 192 191 191 191 
65 64 64 63 63 63 62 63 64 63 61 62 62 62 63 65 64 63 63 63 63 63 64 65 66 65 64 65 64 63 65 65 65 65 65 64 65 65 64 66 66 65 63 64 66 77 94 119 143 167 181 191 193 193 192 191 192 191 191 192 192 191 191 192 
66 65 65 64 63 62 62 62 63 62 62 63 62 62 62 63 63 64 65 64 64 65 65 65 66 64 62 62 61 61 63 63 64 65 64 64 66 65 64 65 65 64 63 66 70 81 99 126 150 171 185 193 193 193 192 192 192 193 191 193 192 189 188 189 
66 64 64 64 63 61 62 62 63 63 65 65 65 64 64 64 64 64 65 64 66 66 66 66 66 64 63 63 62 62 63 64 64 64 63 63 64 64 64 64 64 63 62 65 73 87 107 134 157 176 187 193 193 193 192 192 193 193 192 193 191 189 188 188 
67 66 66 66 64 63 62 62 62 64 64 64 64 63 63 63 63 63 64 63 65 66 67 67 67 64 62 62 62 62 63 64 63 63 62 61 63 63 63 63 64 63 63 68 78 94 117 143 164 180 189 192 192 192 192 193 194 194 192 193 192 190 189 190 
65 65 66 66 64 64 63 62 62 63 65 64 64 64 64 63 64 63 63 63 65 66 68 67 67 65 62 61 62 63 63 64 64 64 62 61 63 63 62 63 64 62 63 71 83 103 127 152 171 186 191 193 192 192 192 194 195 194 193 193 191 189 188 189 
64 64 65 65 63 63 64 63 63 65 66 65 65 65 65 64 65 64 63 63 64 66 68 67 66 65 63 62 63 63 64 64 64 63 62 61 63 63 62 63 63 62 64 76 91 114 139 163 179 190 193 193 192 192 192 193 194 193 192 192 191 189 190 191 
64 63 64 64 63 64 65 65 64 66 67 65 65 66 65 64 66 64 64 64 64 65 67 67 66 66 64 63 63 64 65 64 64 64 62 60 62 62 61 62 63 63 67 80 98 124 149 170 184 193 192 192 192 192 192 193 193 192 192 192 191 191 192 193 
63 62 63 64 63 64 65 65 64 66 67 66 66 66 65 65 66 65 64 65 64 64 66 66 65 65 64 63 62 64 65 64 63 64 62 60 62 63 63 64 65 66 73 88 108 135 158 177 187 194 193 194 193 193 192 192 192 192 191 192 191 191 192 193 
61 60 60 62 62 63 64 64 65 66 67 67 68 68 66 66 67 66 66 66 64 64 65 64 63 65 64 63 63 64 65 63 62 63 62 61 63 64 64 65 65 69 78 95 116 144 166 182 191 197 195 195 194 193 192 191 191 190 190 191 191 190 191 192 
63 61 61 62 62 61 63 64 64 66 67 67 68 67 65 66 67 66 66 66 63 63 62 61 62 63 62 63 63 63 64 63 61 62 61 60 62 63 63 64 67 74 87 106 129 154 173 186 192 195 194 194 193 192 191 189 189 189 190 190 191 190 191 192 
62 61 61 62 62 62 63 62 63 65 65 65 66 65 63 64 65 65 66 66 64 64 63 62 63 64 64 63 63 63 64 62 62 62 62 60 62 64 64 66 71 81 99 119 142 163 179 187 192 194 194 195 193 193 192 191 190 190 191 191 191 190 191 190 
62 61 61 62 62 62 63 62 62 64 65 65 66 64 64 64 65 64 66 65 63 62 62 61 62 63 63 62 62 62 63 63 62 62 62 60 61 62 64 68 77 91 112 135 156 173 186 191 193 195 195 194 193 193 191 190 190 190 191 192 193 191 191 190 
64 63 63 63 61 62 62 61 62 64 63 63 64 63 63 65 65 65 66 64 62 62 61 60 61 62 61 62 62 61 63 63 63 62 62 60 61 62 64 72 84 102 125 148 167 181 190 193 194 195 195 194 194 194 191 190 189 189 189 191 192 190 190 190 
64 64 65 63 61 62 62 61 62 64 63 62 63 63 64 65 66 66 66 65 63 63 62 62 63 63 62 63 63 62 64 64 64 63 62 60 61 62 67 77 94 115 139 161 177 186 191 193 193 193 195 195 194 194 191 192 190 191 190 192 191 191 191 191 
65 65 66 65 63 64 63 61 62 63 63 62 62 62 63 64 65 65 65 65 63 63 63 63 63 65 64 64 64 64 64 64 64 63 62 62 63 67 74 89 108 130 152 172 183 189 193 193 194 195 196 196 195 193 191 192 191 191 192 193 192 192 192 193 
66 66 66 65 63 63 63 61 61 62 62 62 62 62 63 64 64 65 65 65 63 63 63 63 63 64 63 64 64 64 64 64 63 63 62 62 66 73 84 102 124 144 163 180 188 192 193 194 194 196 196 195 195 194 190 190 190 190 190 192 193 193 193 195 
66 67 67 66 64 64 63 62 62 63 62 62 62 62 63 63 64 64 63 63 63 64 64 64 65 65 64 66 65 65 64 64 63 63 63 66 74 86 101 120 141 158 173 184 189 191 192 192 193 194 194 194 194 193 191 191 191 192 191 192 192 194 194 195 
65 65 65 65 64 64 64 64 64 64 63 64 63 63 63 63 62 62 63 62 63 64 65 65 66 66 65 66 65 65 64 63 61 63 64 70 81 97 115 135 155 169 180 187 191 191 191 190 192 193 193 193 193 191 190 191 191 192 192 193 194 194 194 195 
66 65 65 65 65 64 65 64 64 65 64 64 64 64 63 63 62 61 62 62 62 63 64 64 64 65 64 65 64 64 63 62 62 65 69 78 93 111 131 150 168 179 187 190 192 192 193 192 193 193 193 191 191 190 189 190 191 192 193 194 194 194 194 194 
64 63 63 64 63 63 64 63 65 65 63 63 64 63 63 63 63 62 62 62 62 63 63 63 64 64 63 63 63 62 61 62 63 68 75 88 106 127 147 166 180 187 191 192 192 192 191 191 193 193 193 192 192 190 190 190 191 192 192 193 193 193 192 193 
63 63 63 64 64 65 64 64 67 67 64 65 65 64 62 63 63 62 62 62 62 62 63 61 62 63 62 62 62 61 63 64 67 75 87 102 123 143 161 176 185 190 192 191 191 192 191 191 193 192 192 191 191 189 190 190 191 192 192 192 192 192 192 193 
64 63 63 64 64 64 63 63 65 65 63 65 66 65 63 65 64 62 63 63 62 63 63 62 63 64 63 63 63 63 66 69 75 88 103 119 139 156 170 181 187 191 193 192 192 192 190 191 192 192 193 192 191 191 190 190 191 191 191 190 191 191 190 191 
65 64 65 65 64 64 64 62 64 64 63 64 66 65 63 65 64 62 63 64 63 62 63 61 61 62 62 62 63 66 72 79 90 105 121 138 156 171 182 189 192 193 193 192 191 192 190 192 193 193 193 193 191 190 190 190 191 191 190 190 190 190 190 191 
64 64 65 66 66 66 65 64 64 63 62 64 64 64 63 64 62 62 62 62 62 62 63 61 61 62 62 63 67 73 83 93 106 124 141 155 171 182 187 191 192 192 192 191 190 192 190 192 192 193 192 193 191 190 190 190 190 190 190 189 190 190 190 191 
65 65 65 67 67 66 66 65 64 64 63 64 65 65 64 65 63 62 63 64 63 63 64 63 62 63 65 68 74 85 100 113 129 146 161 171 181 188 191 191 190 190 191 190 190 191 190 191 191 192 191 192 191 191 190 190 191 191 191 190 191 190 189 190 
64 64 65 66 65 65 65 64 64 64 64 65 66 65 65 65 63 62 63 63 63 64 65 64 63 67 71 77 88 103 119 133 149 163 174 181 187 191 192 192 192 191 191 191 191 191 191 191 190 191 191 192 191 192 191 191 191 191 191 191 191 190 189 189 
62 64 64 66 65 66 66 65 65 65 66 65 65 65 65 63 63 63 62 63 63 64 66 67 68 74 83 91 106 123 140 153 168 177 184 187 191 192 193 193 192 192 191 190 190 191 191 192 192 192 192 192 192 191 191 192 191 190 191 191 191 191 191 190 
63 65 65 66 65 67 64 65 65 65 64 64 63 63 63 62 63 64 63 64 66 68 71 75 79 88 100 111 128 144 159 168 180 185 189 191 193 193 193 192 192 190 191 190 190 190 192 192 192 192 192 192 193 191 190 191 190 189 191 192 192 193 192 191 
64 65 65 65 64 65 63 63 63 64 63 64 63 63 62 63 63 64 64 66 70 75 82 88 97 109 123 135 150 164 173 180 187 190 192 192 193 193 193 192 192 191 190 190 190 189 191 191 191 191 192 192 192 191 191 191 189 189 191 191 192 193 194 192 
63 64 64 64 64 65 64 64 64 64 63 64 64 64 63 64 65 68 70 75 81 89 98 108 119 132 146 158 169 179 184 187 190 191 192 192 193 194 193 192 192 191 191 191 191 190 192 192 191 192 193 192 192 192 191 190 189 188 189 191 192 194 195 195 
63 64 64 64 63 65 63 63 64 65 64 64 66 66 66 69 73 76 81 89 97 108 119 132 143 155 167 176 182 188 190 190 191 192 193 194 194 194 193 193 192 191 190 191 190 190 191 191 191 191 191 191 192 191 191 190 189 188 190 191 193 194 196 196 
63 64 64 64 64 65 64 64 66 68 68 69 72 73 75 80 85 91 100 110 121 132 144 154 163 172 180 185 188 192 191 191 191 191 192 192 193 193 192 192 192 191 191 191 191 191 192 190 190 190 191 191 192 191 190 189 189 188 190 191 192 193 194 194 
67 68 69 68 68 69 70 71 75 77 80 82 87 90 94 100 107 113 122 132 142 153 163 171 177 184 189 190 191 193 191 192 191 192 192 192 192 191 191 192 192 192 192 193 192 192 192 190 190 190 190 191 192 192 191 191 191 190 191 191 191 192 194 193 
77 78 79 78 80 82 83 85 90 93 97 101 107 112 119 125 132 140 147 157 165 173 180 185 187 191 192 193 192 193 192 191 190 190 190 190 191 191 191 192 192 192 192 193 192 193 192 191 190 190 190 191 192 193 192 192 192 191 191 192 191 192 193 192 
97 99 100 98 100 102 103 104 110 114 119 125 131 136 144 149 155 161 167 174 179 183 188 190 189 191 192 192 190 192 192 191 190 190 190 190 190 190 191 193 193 191 192 193 192 192 191 190 189 190 189 191 192 193 192 194 193 192 192 192 190 190 191 189 
125 125 126 125 127 128 129 130 135 139 144 150 155 160 166 169 173 177 181 184 187 189 192 192 191 191 191 190 189 190 191 190 190 189 190 189 190 191 192 193 193 192 193 193 193 193 193 191 191 192 191 192 193 194 193 194 193 191 191 191 190 191 192 191 
152 151 152 151 152 152 153 154 158 161 165 170 174 179 182 185 187 188 189 190 190 190 190 190 190 190 191 191 190 191 192 191 191 191 191 191 191 192 193 193 192 191 192 192 192 192 191 191 190 192 190 192 193 194 193 194 193 193 192 193 191 192 193 191 
171 171 172 170 173 172 172 172 175 177 180 184 187 189 190 192 192 193 193 192 192 191 190 190 190 190 190 191 191 191 192 192 190 190 191 192 192 194 195 195 194 193 192 192 192 192 191 190 190 190 190 191 193 194 194 194 194 193 192 192 191 192 192 192 
188 188 188 187 186 184 184 183 185 187 189 191 192 193 191 192 192 193 192 192 191 190 189 189 189 188 190 190 190 191 193 192 192 192 192 192 192 194 194 195 193 193 194 194 191 192 190 190 189 190 190 191 191 191 190 192 192 192 192 193 192 193 193 192 
194 193 193 192 191 189 190 190 191 191 193 192 192 193 192 192 191 191 190 191 191 191 190 190 190 190 190 191 191 192 191 191 191 192 192 193 193 195 195 196 194 195 194 193 192 192 191 191 190 191 190 190 190 190 190 190 191 191 192 192 193 193 194 193 
193 192 192 191 191 190 190 191 190 191 192 192 192 192 192 191 191 192 191 191 192 192 191 190 191 192 192 193 194 193 192 192 191 192 192 193 192 193 192 194 193 194 193 193 191 191 191 191 191 191 190 190 190 190 189 190 191 191 192 193 192 192 191 190 
192 192 192 192 192 191 192 192 193 192 192 192 191 190 190 190 190 191 191 191 192 192 192 191 192 192 192 193 193 193 191 191 191 191 191 191 190 191 190 192 192 194 193 193 192 192 191 191 191 191 190 190 190 190 190 191 191 192 193 192 193 192 192 191 
192 192 192 191 192 191 192 192 192 192 192 192 191 191 191 189 188 189 189 189 191 192 192 193 192 193 193 192 192 193 191 191 192 192 192 192 190 191 190 191 191 193 192 192 191 192 191 192 192 192 190 190 190 189 189 190 191 192 193 193 194 192 191 191 
190 191 191 191 192 193 193 193 192 191 192 192 191 193 192 189 188 189 189 189 190 191 191 192 191 192 192 191 191 192 190 190 191 191 190 192 190 191 191 191 191 193 192 192 192 192 191 192 191 191 190 191 192 192 192 192 193 193 193 193 193 192 191 191 
191 192 192 192 193 192 192 192 191 191 192 192 193 194 193 191 191 190 189 189 191 190 191 192 191 191 190 190 190 191 190 191 192 191 191 191 190 190 189 190 191 193 193 192 191 192 191 191 191 191 190 191 192 193 193 193 194 194 194 194 194 192 191 190 
191 192 192 193 193 192 192 192 191 192 193 193 193 194 192 191 190 190 189 190 191 190 190 191 189 188 188 188 188 190 191 192 193 192 190 191 190 189 189 191 191 192 193 192 191 192 191 190 190 190 190 190 191 193 193 192 194 194 193 193 193 192 191 191 
191 192 192 192 191 191 191 191 190 191 192 191 192 194 193 191 190 189 188 188 190 190 190 191 190 189 190 190 190 192 192 192 193 192 192 191 192 191 191 192 192 193 192 192 191 191 191 190 189 190 190 191 192 193 192 192 193 194 193 193 193 192 191 191 
190 191 191 191 191 191 191 191 190 191 191 191 191 192 192 191 191 190 189 189 189 188 189 189 189 189 190 191 191 192 192 192 191 191 190 190 190 190 191 192 192 192 192 191 191 191 190 190 190 190 191 192 192 193 193 192 193 193 193 192 192 193 192 193 
190 191 191 191 191 191 190 190 191 191 191 191 190 191 191 191 190 189 189 188 189 189 190 190 189 190 190 192 192 192 193 194 193 192 192 191 190 191 191 192 192 192 192 191 190 191 190 190 190 191 192 192 193 193 192 191 193 193 192 192 193 193 192 192 
189 189 189 189 190 191 191 192 192 191 190 190 188 189 190 190 188 188 189 188 189 189 190 190 189 191 192 193 193 194 194 193 192 192 192 189 190 190 190 190 191 191 190 190 190 190 189 190 190 191 192 193 193 193 192 191 192 192 191 191 192 192 193 194 

62 63 63 65 64 64 63 63 61 62 64 63 64 65 65 65 67 65 64 63 61 62 62 63 64 63 63 63 62 62 62 62 62 63 62 63 64 66 64 64 63 63 61 63 64 68 77 91 115 140 160 175 187 189 191 191 191 191 190 190 189 189 189 189 
63 63 63 65 64 64 63 63 62 62 63 63 64 65 65 66 66 64 64 63 62 63 63 64 64 63 63 63 62 62 63 63 63 65 64 64 65 66 64 64 63 62 61 62 64 69 78 92 116 141 162 177 189 190 191 191 192 192 192 192 191 190 189 189 
64 63 64 64 63 62 62 62 62 63 63 63 63 65 64 65 66 64 64 64 64 64 64 64 63 63 63 63 63 63 63 63 64 65 64 65 65 66 64 65 63 63 62 63 64 69 79 93 118 142 163 178 189 191 192 191 192 193 193 192 191 190 190 189 
65 64 65 65 64 63 63 63 63 64 64 65 64 65 65 65 65 64 64 64 64 65 65 65 65 64 64 65 64 64 64 65 65 66 65 65 65 65 65 65 64 63 62 62 63 68 79 93 118 143 163 179 189 190 192 191 191 193 193 192 191 191 190 190 
63 64 64 65 65 64 62 63 63 63 63 64 63 63 63 64 64 64 63 64 64 64 64 64 63 64 63 63 62 62 62 63 64 66 66 66 65 65 63 63 63 62 62 62 63 68 80 96 121 147 168 183 191 192 192 191 190 192 192 192 192 191 191 190 
62 63 64 64 64 64 63 63 64 64 63 64 64 64 65 65 64 64 64 64 64 65 64 64 64 64 64 64 63 63 63 64 65 66 66 67 66 66 65 64 64 62 63 62 64 69 80 98 123 148 169 184 191 192 192 191 192 193 194 193 193 192 191 191 
62 62 63 63 64 64 63 64 64 63 63 65 63 64 65 65 64 65 65 65 65 65 64 64 64 64 65 64 64 64 63 64 64 65 64 65 64 64 64 64 64 63 64 63 65 69 82 102 126 152 172 185 191 193 193 193 192 193 193 191 192 193 192 192 
60 61 62 62 65 65 64 65 64 63 63 64 63 63 64 64 64 65 65 64 65 64 64 64 65 64 65 64 63 64 63 63 64 65 64 64 64 64 63 63 63 62 62 63 63 69 83 104 128 154 173 187 192 194 193 193 192 192 191 191 192 192 192 192 
60 62 62 62 65 65 64 64 63 63 61 62 62 62 63 64 63 64 64 63 63 64 64 64 65 66 66 65 64 65 64 63 63 64 64 64 63 64 63 63 62 62 63 64 65 71 86 107 133 157 177 189 194 195 194 194 193 192 192 191 191 192 191 191 
63 63 63 61 63 64 64 64 64 62 60 61 61 62 63 64 64 63 63 62 63 63 65 65 65 65 66 66 65 66 66 65 63 64 63 63 63 65 64 64 63 63 63 63 66 74 89 111 136 159 177 189 193 194 194 195 194 192 192 192 191 191 191 190 
65 64 64 62 63 63 63 64 63 63 61 61 60 62 62 64 64 63 63 63 63 63 64 64 64 64 66 65 65 66 66 64 63 63 63 63 63 64 64 65 64 64 64 63 66 76 93 116 141 163 180 190 194 194 194 194 192 191 191 191 191 191 191 191 
66 65 65 64 63 63 63 62 63 62 59 60 59 61 61 63 63 62 62 62 61 62 64 64 65 65 66 66 65 65 65 64 64 65 64 64 65 65 64 65 64 64 63 63 66 77 95 119 144 166 181 190 192 193 192 192 191 190 190 190 190 190 190 189 
67 66 66 64 63 63 63 62 63 62 59 60 59 61 62 65 64 63 62 62 61 62 64 64 65 65 66 66 65 64 65 64 64 65 65 65 65 66 65 66 65 65 63 64 69 82 100 125 149 169 183 191 192 193 192 191 190 190 191 191 191 190 190 189 
67 65 65 63 63 62 62 62 62 61 59 60 60 61 62 65 63 63 63 63 63 64 65 65 66 65 65 65 65 64 65 64 64 65 64 65 66 65 65 65 65 64 63 65 72 86 106 132 153 172 184 190 191 192 191 191 190 190 190 192 191 190 190 190 
66 65 65 64 63 62 62 61 61 60 59 61 61 62 63 65 63 64 64 64 64 65 65 65 66 65 64 64 64 63 64 65 65 65 64 64 65 65 64 65 66 65 64 67 75 90 112 137 159 177 187 191 192 192 191 191 191 191 192 192 192 191 191 191 
65 64 64 64 63 62 61 60 60 60 59 61 61 61 63 64 63 63 64 64 64 65 66 65 66 64 63 62 62 62 63 64 65 65 65 65 66 65 64 65 65 64 63 70 79 97 120 145 165 181 189 192 192 193 191 192 192 193 192 193 191 189 188 188 
65 64 64 64 63 61 61 61 60 60 61 62 62 62 64 65 64 64 65 64 64 65 66 65 66 64 63 62 63 63 64 65 65 64 64 65 65 65 64 63 63 63 64 73 86 105 129 154 171 185 191 193 193 193 192 192 193 193 193 193 192 189 188 187 
65 65 65 65 64 63 61 61 60 60 61 62 62 62 64 64 63 63 63 62 64 65 67 67 67 65 63 62 63 63 63 65 65 64 63 63 64 63 62 63 64 63 66 77 92 113 139 162 177 189 192 192 192 193 191 192 193 194 192 193 191 189 188 189 
63 64 65 65 64 63 62 61 60 61 62 62 62 63 65 64 65 63 63 62 64 66 68 67 67 64 63 60 62 62 63 64 66 64 64 63 63 63 62 62 64 64 69 82 99 123 149 170 184 193 194 193 192 192 191 193 193 194 192 192 191 189 188 189 
65 64 65 64 63 63 62 62 62 63 64 63 64 64 65 65 66 64 64 62 63 65 67 67 67 65 63 61 62 62 63 64 66 65 64 63 64 63 62 63 63 65 72 89 108 135 160 179 189 196 195 193 192 192 191 192 192 192 190 191 190 189 189 191 
65 64 64 63 63 64 64 64 64 64 65 64 64 65 64 64 66 65 65 64 65 66 67 67 67 66 64 63 64 64 64 65 65 65 63 62 62 62 61 62 64 68 77 96 118 145 167 184 192 196 194 193 192 192 191 192 192 192 190 191 191 192 192 194 
64 64 63 63 63 63 63 64 63 65 66 65 66 65 64 64 66 65 66 66 65 66 67 66 66 66 64 63 63 65 65 64 64 65 63 61 62 63 63 64 66 73 85 105 129 155 175 188 193 196 194 193 193 193 191 192 191 192 190 192 192 192 192 194 
63 62 61 62 62 63 63 64 64 66 66 66 67 66 64 64 66 66 67 67 65 65 66 64 64 64 64 63 63 64 65 64 63 64 63 61 63 64 64 65 69 78 93 115 138 162 179 190 194 197 196 195 194 193 192 191 191 190 190 191 192 191 193 194 
63 62 61 62 61 62 62 63 64 67 66 66 67 66 63 64 66 66 67 67 65 65 64 63 63 63 63 63 63 64 65 63 62 63 62 61 63 64 63 66 73 85 103 127 150 171 184 191 193 195 195 194 193 193 192 190 190 190 190 191 191 191 192 193 
62 62 62 62 62 62 62 62 63 65 65 65 65 64 61 62 63 64 66 66 65 65 65 63 62 63 64 64 64 64 64 63 62 63 62 61 63 64 64 69 79 94 116 139 161 176 187 190 192 193 194 194 193 193 192 191 191 191 191 191 192 191 192 191 
61 61 61 62 62 62 62 62 62 65 65 65 65 64 62 63 64 64 65 65 64 64 64 63 62 63 63 62 63 63 64 63 62 63 63 62 63 65 68 76 90 108 131 153 171 183 191 192 192 194 194 193 193 194 192 191 191 191 191 192 192 191 191 190 
62 62 62 62 61 61 62 61 62 64 63 63 64 63 63 64 64 64 65 64 63 63 63 62 62 62 61 62 62 62 63 63 63 63 64 62 63 66 71 83 101 121 144 164 178 186 191 192 192 193 194 193 194 195 193 192 191 190 189 190 191 190 190 191 
64 64 64 63 61 62 62 61 62 63 62 63 63 63 63 65 65 65 66 65 64 64 64 64 64 64 63 63 63 62 63 64 64 64 64 62 64 69 78 92 114 136 157 173 185 189 191 191 192 192 193 193 194 194 192 192 191 191 190 190 190 190 190 191 
64 64 65 64 62 63 62 61 61 63 62 63 63 62 63 64 64 65 65 65 63 63 64 64 64 65 64 64 64 64 64 64 64 64 64 64 68 76 88 107 130 150 168 181 188 191 193 193 194 194 194 194 194 194 192 193 192 192 191 192 192 192 192 193 
65 65 65 65 63 64 63 62 62 62 62 63 62 63 63 64 65 66 66 65 63 63 63 63 64 65 64 65 64 63 63 64 63 63 64 67 75 87 103 123 146 163 177 187 191 192 193 193 194 195 195 194 195 194 192 192 192 191 190 192 191 192 192 193 
66 66 67 66 64 64 63 62 61 63 62 62 62 62 62 62 64 64 64 64 64 63 63 64 65 65 65 66 65 64 63 63 62 64 67 73 86 102 120 140 160 172 181 188 191 191 192 192 193 193 193 193 194 193 192 193 193 192 191 192 192 193 193 194 
65 65 66 66 64 64 64 63 63 65 64 63 62 62 61 61 63 63 63 63 63 63 64 64 67 67 66 66 66 64 64 63 62 65 71 81 97 117 136 155 171 180 186 190 192 192 192 191 192 193 193 193 193 192 191 192 192 192 192 194 193 193 193 194 
67 66 66 66 64 64 64 63 64 66 64 64 64 64 62 63 64 62 63 63 62 62 63 64 64 65 64 65 64 64 64 64 65 71 80 94 113 133 152 168 180 186 190 192 193 193 194 193 194 194 192 191 193 191 191 192 193 192 193 194 194 193 194 194 
67 65 66 66 64 63 64 63 64 65 63 63 63 62 61 63 64 62 63 62 61 62 63 63 64 64 63 64 63 62 64 66 70 79 91 108 128 148 165 178 186 190 192 192 193 193 193 192 193 193 192 192 193 192 191 192 193 192 193 193 193 192 192 192 
64 64 64 65 64 64 63 63 65 66 64 64 64 63 61 63 64 62 62 62 61 62 63 62 63 63 62 63 63 64 68 72 79 91 107 124 144 162 175 184 189 190 191 191 192 193 192 191 192 192 191 192 192 191 191 191 192 192 193 193 193 192 192 192 
64 64 64 65 63 63 63 62 64 65 63 64 66 65 63 65 64 62 62 63 61 62 63 62 63 64 63 64 65 68 75 81 93 109 125 141 158 172 180 187 189 191 192 192 192 193 192 192 193 193 193 194 193 192 191 191 191 191 191 191 191 190 190 191 
65 65 66 66 64 64 63 61 63 64 63 64 66 66 64 66 65 63 63 64 62 63 63 62 62 63 64 65 68 75 85 96 111 128 144 158 171 180 186 191 191 192 192 192 191 192 191 192 193 194 193 193 192 190 189 190 190 190 190 191 191 190 191 191 
63 64 65 67 66 65 64 62 62 63 62 64 65 64 63 64 62 61 62 63 62 63 64 62 62 64 66 69 75 86 100 114 130 148 161 171 180 186 189 191 189 190 191 190 190 192 190 191 192 193 192 193 191 190 189 190 190 190 190 189 190 189 189 190 
63 65 65 68 66 65 65 64 63 63 63 64 64 65 64 64 63 62 62 64 63 64 64 63 63 67 71 77 88 103 120 134 150 165 175 182 187 190 191 190 189 189 189 188 188 190 190 190 191 192 192 192 191 191 190 190 191 191 190 189 189 189 188 189 
63 64 64 67 65 65 65 64 63 63 64 65 66 66 66 65 63 63 63 63 63 65 66 66 68 75 83 92 107 124 140 153 168 178 184 188 191 192 192 192 190 190 189 189 189 190 190 190 190 192 191 192 191 191 190 191 191 191 191 190 190 189 189 188 
62 63 64 66 65 66 65 65 64 65 65 65 65 65 64 63 63 63 63 63 64 66 69 73 78 87 99 111 127 144 159 170 181 187 189 191 192 191 192 192 191 190 190 189 189 189 190 191 191 192 192 192 192 191 191 192 191 190 191 191 190 190 190 189 
63 64 64 65 64 65 63 64 64 65 64 64 63 63 62 62 63 64 64 66 70 74 79 86 93 105 118 131 147 162 172 180 187 191 192 193 193 192 192 192 191 189 189 189 188 188 191 190 191 192 192 192 193 191 191 192 190 190 191 191 190 191 191 190 
63 64 64 64 63 64 63 63 64 65 64 65 64 63 62 63 65 67 70 73 79 86 95 104 115 128 141 152 165 176 181 186 191 192 192 193 193 193 192 192 192 190 189 189 188 187 190 190 190 191 191 191 192 191 191 192 190 190 191 191 191 192 193 191 
62 63 63 63 64 65 64 64 65 66 64 65 66 66 66 69 72 76 81 87 95 105 116 128 140 151 162 171 179 186 188 190 191 192 192 193 194 193 193 193 192 190 191 191 190 190 191 191 190 191 191 191 192 192 191 191 189 189 191 191 192 194 195 194 
63 63 64 64 63 65 63 63 65 67 67 68 72 73 73 79 85 90 97 107 117 128 140 152 161 171 178 184 187 191 191 191 191 192 192 193 194 193 193 193 193 191 191 191 189 189 190 190 190 191 191 192 192 192 191 190 190 189 190 191 192 193 195 196 
68 69 69 69 69 70 69 69 72 75 76 79 84 85 89 96 103 111 120 131 142 153 163 171 177 183 186 188 190 192 191 191 191 192 192 192 193 193 192 193 193 191 191 192 191 191 191 190 189 190 191 192 192 192 190 189 189 188 189 190 191 192 194 194 
78 78 79 79 79 80 81 82 86 89 93 96 103 108 113 121 129 136 143 154 161 170 178 184 186 190 192 191 192 193 191 191 192 191 192 192 192 191 191 192 192 191 191 192 191 191 191 190 189 191 191 192 192 192 191 191 191 190 190 191 191 192 194 193 
92 93 94 94 95 98 100 101 106 110 115 120 128 133 140 147 153 159 165 173 178 183 188 191 191 194 194 194 193 194 192 191 191 191 191 191 191 191 191 192 191 190 191 192 191 192 192 191 191 192 192 193 193 194 193 192 192 191 191 192 191 192 194 193 
118 119 121 120 122 123 125 126 131 135 141 147 152 157 162 167 170 175 179 184 186 189 191 192 191 192 194 192 191 192 192 191 191 191 191 190 191 190 191 192 191 190 191 192 190 191 191 190 191 192 191 193 194 194 193 194 193 191 191 192 190 191 192 190 
145 145 146 146 148 149 150 152 156 159 164 168 171 175 180 182 184 187 188 189 189 190 192 192 191 192 193 191 190 191 192 190 191 191 192 191 191 190 191 191 191 190 191 191 191 193 192 192 193 193 193 194 194 194 193 194 193 191 192 192 191 192 193 191 
166 166 167 166 167 167 169 170 173 177 181 183 186 189 191 192 192 192 191 191 189 189 189 190 190 192 194 192 190 191 191 190 191 191 192 191 192 191 192 191 190 189 191 190 190 192 192 191 192 193 192 192 193 194 193 194 193 192 192 193 192 192 193 192 
181 180 181 180 182 182 183 184 185 188 190 191 193 194 193 193 193 193 193 192 190 189 189 189 190 191 193 192 191 192 192 191 191 191 192 192 193 193 194 193 191 191 192 191 191 193 192 192 191 192 192 192 193 194 193 193 193 192 191 191 191 192 192 192 
192 191 191 190 190 188 189 189 190 192 193 192 193 194 192 193 193 193 192 191 190 189 188 189 190 190 192 191 191 192 193 192 192 192 193 193 193 193 193 193 192 192 193 193 191 193 191 190 190 192 191 191 191 191 190 190 191 190 190 191 192 191 192 192 
193 191 192 191 190 189 190 190 191 192 193 192 192 193 192 192 193 192 191 191 190 189 189 189 191 191 192 192 192 192 192 192 192 192 193 194 194 195 194 195 193 194 194 194 192 193 191 191 191 191 191 191 190 190 189 189 191 190 191 191 194 193 193 194 
192 191 192 191 191 190 190 190 189 190 191 191 191 192 192 193 192 192 192 192 192 191 191 190 191 192 193 193 194 193 191 192 192 192 193 193 192 193 192 193 192 194 193 194 192 192 190 190 190 191 190 190 190 190 189 189 191 191 191 192 192 191 191 191 
192 192 192 192 192 192 192 191 191 190 191 191 190 190 191 191 191 191 191 191 191 191 191 190 191 192 192 193 194 193 191 192 192 192 192 192 191 192 190 192 192 195 194 194 193 192 191 191 190 190 190 190 190 189 190 189 191 191 192 192 193 192 191 191 
192 192 193 192 192 192 192 192 191 190 190 191 190 191 191 191 189 189 190 189 190 191 191 191 192 193 193 193 194 193 191 192 193 192 193 193 191 192 191 192 191 195 193 194 191 192 190 191 191 191 190 190 190 190 189 190 191 193 193 194 194 192 191 190 
191 193 193 194 195 194 193 193 190 190 191 192 191 192 192 191 189 189 189 189 189 189 190 190 190 191 191 191 191 191 189 190 191 191 191 193 191 192 191 192 191 195 193 193 192 193 191 191 190 190 190 190 191 192 192 191 192 192 192 192 193 192 191 191 
192 194 193 194 195 194 192 192 189 190 190 192 191 193 193 193 191 190 189 189 189 189 190 190 190 191 190 191 191 191 190 191 191 191 191 192 190 190 189 190 190 192 191 191 191 192 190 190 190 189 189 190 191 192 193 193 193 193 193 193 192 191 190 189 
192 193 193 194 194 193 192 193 191 192 192 193 192 193 193 193 191 190 189 189 190 190 190 190 190 188 188 189 189 190 191 192 192 192 191 192 191 191 190 192 190 192 191 191 190 192 191 190 190 189 189 189 190 192 193 191 192 193 192 192 192 192 190 190 
192 192 192 192 192 191 191 192 190 191 191 191 191 193 193 193 191 190 188 187 189 189 190 190 190 189 189 190 190 191 192 193 192 192 192 192 192 193 192 192 191 192 192 192 191 191 190 190 189 190 190 190 191 193 193 192 192 193 192 192 192 192 190 190 
191 191 191 192 192 192 191 192 191 190 190 191 190 192 193 192 191 190 188 188 188 188 190 190 189 190 189 190 190 191 192 193 191 191 191 190 190 191 191 191 191 192 191 191 191 191 189 190 189 189 191 191 190 192 192 191 191 192 192 191 192 192 191 191 
190 190 190 190 191 192 191 192 192 191 190 190 189 191 192 192 191 190 189 188 189 189 190 190 190 191 190 191 191 192 193 195 193 193 192 191 191 192 191 192 191 192 191 191 190 190 189 190 190 190 191 191 190 191 191 190 191 192 192 192 193 191 190 190 
189 189 189 189 190 191 191 193 193 191 189 190 188 189 191 190 189 189 188 187 188 189 190 190 190 191 191 191 191 192 193 194 192 192 192 190 190 192 192 192 192 193 191 192 190 190 188 191 190 191 192 192 191 191 191 189 191 192 191 191 192 191 191 191 

63 63 64 64 64 64 63 63 62 62 62 61 63 63 64 64 66 63 62 63 63 63 63 64 62 61 62 62 62 61 61 61 61 63 63 64 66 66 64 64 63 64 63 64 69 79 93 113 138 157 172 182 188 189 190 189 191 191 190 190 189 188 188 188 
62 62 63 64 63 64 63 62 62 62 62 62 62 63 64 64 65 63 62 63 63 64 65 65 64 62 62 62 61 61 62 62 61 64 64 64 65 66 64 64 63 62 62 63 69 80 94 113 139 158 173 184 190 190 191 191 192 192 192 192 191 189 189 189 
64 63 64 63 62 63 62 62 62 62 62 62 63 62 63 63 65 63 63 64 64 65 65 65 63 63 63 63 63 63 64 63 63 64 64 64 65 66 64 65 63 63 63 63 69 80 95 114 140 159 174 185 190 190 192 191 192 192 192 191 191 190 189 189 
64 63 64 65 63 63 63 63 64 64 64 64 64 63 64 64 65 64 64 64 65 65 66 66 64 63 63 64 64 64 65 65 64 66 65 64 65 66 65 65 64 63 63 62 67 79 94 114 140 160 174 185 190 190 192 191 191 192 192 192 191 190 190 190 
63 62 64 65 65 64 63 63 64 63 63 63 62 61 62 63 64 64 64 65 65 65 65 65 64 64 64 63 62 62 63 63 63 65 65 64 65 65 64 64 63 62 63 62 68 79 95 116 141 162 177 188 192 192 193 192 191 192 192 192 191 191 190 191 
62 62 63 64 65 65 64 64 64 63 63 64 63 62 64 63 64 64 64 64 65 65 64 65 64 65 65 65 64 64 64 65 64 66 66 64 64 65 64 64 64 63 63 63 68 79 95 118 143 164 179 190 192 192 193 192 191 193 193 192 193 192 192 192 
62 62 63 63 65 65 65 65 65 63 64 64 63 63 64 64 65 66 66 66 66 65 64 63 64 64 65 65 64 64 64 65 64 65 65 64 63 64 63 64 64 64 65 64 69 80 97 121 146 167 182 190 191 192 193 192 192 192 192 191 193 194 193 193 
60 61 62 63 66 66 65 66 65 63 64 64 63 63 64 64 64 65 66 65 65 64 63 63 64 65 65 64 63 63 63 64 64 66 65 64 64 64 62 63 64 62 63 63 68 79 98 123 148 168 183 191 191 193 194 193 193 192 191 191 192 193 193 193 
60 61 63 63 65 66 65 64 63 62 62 62 62 63 63 63 63 64 64 64 64 63 64 64 65 66 66 66 64 64 63 64 63 65 64 64 63 63 62 62 63 62 63 65 70 82 102 128 152 171 185 192 192 194 195 194 194 193 192 192 193 193 193 193 
62 62 63 61 64 64 64 64 63 62 61 61 61 63 63 64 64 64 64 62 63 62 63 63 65 65 66 66 65 65 65 65 64 64 64 63 62 64 63 63 63 63 62 65 72 85 106 132 154 171 183 190 191 193 195 195 195 192 193 192 193 192 192 191 
64 64 64 62 63 63 64 64 64 63 61 62 61 63 63 65 64 63 63 63 63 62 63 63 64 64 65 65 64 65 64 64 63 63 63 63 62 63 63 64 64 64 63 66 74 88 111 137 159 175 186 190 192 193 195 194 194 192 192 191 192 192 192 192 
64 65 65 63 63 64 63 63 63 62 61 61 61 63 62 64 63 62 61 61 60 61 63 63 64 65 66 65 64 64 63 63 63 64 64 64 64 64 64 65 65 64 63 67 75 92 114 140 161 177 186 190 191 192 193 193 192 191 191 190 191 190 190 189 
66 66 66 65 64 64 64 62 63 62 60 61 62 64 64 66 64 62 61 62 61 62 64 64 64 64 65 65 64 63 63 63 62 63 64 65 64 64 64 64 64 65 65 71 81 99 122 147 166 180 188 191 192 192 192 191 191 191 192 191 192 191 190 189 
66 65 65 63 63 63 63 63 63 61 60 62 62 63 63 66 64 63 62 64 63 63 64 64 65 65 64 65 64 62 63 62 62 63 64 64 65 65 64 65 64 64 65 73 84 103 127 151 168 181 188 191 192 193 192 192 191 191 191 192 192 191 190 190 
65 64 64 63 63 63 62 61 61 61 60 63 64 65 64 66 64 63 64 64 64 64 65 64 65 65 64 64 63 62 62 63 63 64 65 65 65 64 63 65 65 65 68 76 88 108 133 155 172 185 190 191 193 193 192 192 192 193 192 193 193 192 190 191 
64 64 64 64 63 62 61 60 59 60 60 62 63 64 64 65 63 63 64 64 64 65 66 65 65 65 63 62 62 60 61 62 63 65 65 65 66 65 63 64 63 65 69 80 95 117 141 162 177 188 191 192 192 193 191 192 193 194 192 193 192 190 188 188 
64 63 63 64 63 61 61 61 60 61 61 63 63 64 64 65 64 64 64 64 64 65 66 65 66 65 63 63 63 62 63 64 64 65 65 65 65 65 62 62 62 64 71 85 103 127 150 169 181 190 191 192 193 193 192 192 194 194 193 193 193 190 188 188 
63 63 63 64 63 62 61 61 61 61 61 62 62 62 64 64 64 63 64 63 64 66 66 66 67 65 63 63 63 62 63 65 65 66 65 65 65 64 63 63 63 66 74 90 109 134 157 175 185 191 191 190 191 192 192 193 194 194 192 192 192 190 188 189 
62 62 63 63 62 62 61 61 61 61 61 62 63 64 65 65 64 64 63 62 63 65 67 67 68 66 63 61 61 61 63 64 66 66 66 64 64 63 62 62 63 68 78 96 118 145 166 182 190 194 192 191 191 192 191 193 194 194 192 192 191 189 188 188 
64 63 63 63 63 63 63 62 63 63 63 63 63 63 64 64 65 64 63 63 63 65 66 67 67 66 63 62 62 62 63 65 66 66 66 65 65 63 62 62 63 71 83 105 128 154 174 188 193 195 193 192 191 192 191 192 192 191 189 190 190 189 189 190 
64 63 63 63 63 64 64 65 65 64 64 64 63 63 64 64 66 65 65 65 64 65 66 66 66 66 64 63 64 64 64 66 66 67 65 64 64 63 61 63 67 76 91 114 137 162 179 191 194 195 192 191 192 192 192 192 192 191 190 191 191 191 192 193 
64 62 62 62 63 64 64 65 65 65 64 64 64 64 63 64 66 66 66 66 66 65 66 65 65 65 63 62 63 64 64 64 65 66 64 63 64 63 63 66 72 82 100 124 147 169 185 193 195 195 193 193 193 193 192 193 192 191 190 191 191 191 192 193 
62 61 61 62 62 64 64 64 64 65 64 65 65 64 63 63 65 66 66 67 66 64 64 63 63 64 63 62 63 64 64 64 64 65 64 63 64 63 64 69 77 91 112 136 157 176 188 194 195 196 195 195 194 194 192 192 192 190 189 191 191 191 192 193 
63 62 62 62 62 63 64 64 64 65 65 65 65 64 62 62 64 65 66 67 66 65 64 63 62 63 63 63 64 65 65 64 64 64 64 63 64 65 67 73 85 102 124 147 166 182 190 193 193 194 195 194 194 194 192 190 191 189 189 190 191 191 192 193 
63 62 63 63 63 63 64 63 63 64 64 63 64 63 61 62 63 63 65 66 66 65 65 63 62 63 63 62 64 65 64 64 63 64 63 62 64 66 70 79 96 115 138 159 176 186 192 193 193 193 195 194 194 194 193 191 192 192 191 192 192 191 192 192 
63 61 62 63 62 63 63 62 62 63 62 63 64 63 62 63 63 63 64 64 64 64 64 63 62 63 62 61 63 64 64 64 64 64 64 63 65 70 77 89 108 129 151 169 182 189 193 192 192 193 195 194 194 195 194 191 192 192 191 192 193 192 191 192 
64 62 63 62 61 62 63 62 62 63 62 62 63 62 62 63 63 64 64 63 63 63 63 62 62 62 61 61 62 63 63 64 64 64 64 64 68 74 85 101 122 142 161 175 185 190 192 192 192 192 194 193 194 196 195 193 192 191 190 190 191 191 191 192 
63 63 64 62 62 63 63 62 62 62 61 62 62 62 63 65 64 65 65 64 62 63 63 63 64 64 63 62 63 63 64 64 64 63 64 64 71 80 95 114 136 155 171 182 188 190 190 190 190 191 193 193 194 196 194 193 192 192 191 191 192 191 191 192 
63 64 64 63 63 64 63 61 62 62 62 62 62 62 62 64 64 64 64 63 61 61 62 63 63 65 65 64 64 63 64 63 64 63 65 68 77 90 108 129 150 166 178 186 189 190 190 191 191 193 193 193 194 194 193 194 192 192 191 192 192 193 193 194 
64 64 64 64 63 64 64 62 62 62 62 63 61 62 63 64 64 66 66 65 62 61 61 62 63 64 64 65 63 63 63 63 63 64 68 75 89 106 125 146 164 175 184 189 189 190 191 191 192 193 193 193 194 195 193 193 192 191 190 191 192 193 193 194 
63 64 65 64 62 63 63 61 62 63 63 63 61 60 61 62 63 64 65 64 62 61 61 63 64 65 66 67 65 64 63 63 63 66 73 85 103 122 142 161 175 182 187 189 189 189 190 190 191 192 192 192 193 194 193 193 192 191 190 191 191 192 192 194 
64 64 65 64 63 63 63 62 63 64 65 65 64 62 62 62 62 63 64 62 61 61 62 63 65 66 66 67 66 64 64 64 66 72 82 97 118 138 156 172 184 187 190 191 191 190 191 190 191 192 191 191 192 193 192 192 192 192 191 191 192 191 192 192 
66 65 65 64 63 62 62 61 63 65 66 66 65 64 63 63 63 63 63 63 61 61 63 63 64 64 64 66 64 63 65 67 71 81 96 114 135 154 170 181 189 190 191 192 192 191 192 191 191 192 192 191 192 192 192 192 193 192 191 192 193 192 192 193 
66 64 64 64 63 61 62 61 63 64 65 66 66 64 63 64 63 62 63 62 61 62 63 63 65 64 63 64 63 63 67 73 80 94 111 130 149 166 179 187 193 193 193 193 193 192 192 191 192 193 192 192 193 193 192 192 193 192 191 192 192 191 191 191 
64 63 63 63 63 62 61 61 64 66 65 66 67 65 63 64 63 61 62 61 61 61 63 62 64 64 64 65 65 67 74 82 94 111 129 145 163 176 184 190 193 192 192 193 192 192 192 191 191 192 191 192 193 192 192 192 192 192 191 191 191 191 191 191 
64 63 63 64 63 62 62 62 64 65 65 67 68 68 65 66 65 62 62 63 61 62 63 63 63 64 65 67 69 74 85 97 112 130 147 161 173 182 187 191 192 192 192 192 192 193 193 192 193 194 193 193 193 193 191 191 191 191 191 191 191 191 191 191 
64 64 65 65 64 63 61 61 62 63 64 66 67 67 65 66 64 63 62 65 63 64 65 64 63 65 68 72 77 88 102 116 133 150 164 174 182 187 191 193 192 193 192 193 191 192 192 192 193 194 193 193 192 191 190 190 190 190 190 191 191 191 192 192 
64 64 65 66 65 63 62 61 62 63 63 65 65 65 63 64 62 62 62 64 63 65 65 65 65 69 74 80 89 104 120 135 151 167 176 183 187 191 192 193 191 192 191 191 190 192 191 192 192 194 192 193 191 191 190 189 189 189 189 189 190 190 190 191 
65 65 66 67 65 64 63 62 62 62 63 64 64 65 64 64 62 62 63 65 65 66 67 67 69 76 84 93 107 124 140 155 169 180 186 189 192 193 193 193 191 190 189 189 188 189 190 191 191 193 192 193 192 192 191 190 190 190 189 189 190 190 190 190 
64 64 65 66 65 63 63 62 62 62 64 65 65 65 65 64 62 62 63 65 65 68 71 74 78 89 100 112 128 146 159 170 181 187 190 192 192 193 193 193 191 191 190 189 189 189 190 191 190 191 191 192 192 192 192 191 191 190 190 190 190 191 190 190 
62 63 63 65 64 64 63 63 63 63 64 65 65 64 63 63 62 63 65 67 70 74 80 86 94 107 120 133 148 163 173 181 189 192 192 193 192 192 192 193 191 190 190 189 188 188 189 189 189 190 191 191 192 192 192 192 191 190 190 190 190 191 191 191 
62 64 64 65 64 65 63 64 64 64 64 65 64 63 62 64 64 66 70 74 79 85 94 103 114 128 140 152 164 175 181 186 191 192 192 193 193 192 192 192 191 189 189 189 188 187 189 189 189 190 191 191 193 192 193 193 191 190 191 191 190 192 192 192 
62 63 63 64 63 64 63 63 64 65 64 65 66 66 66 69 72 75 80 85 92 101 114 124 137 150 161 169 179 186 187 189 191 191 191 192 193 193 192 192 193 190 190 190 188 187 190 189 189 190 191 191 193 193 193 193 191 190 192 191 191 193 193 192 
60 61 62 63 63 65 64 64 66 68 69 70 73 73 74 79 84 89 96 104 113 125 137 148 159 169 177 182 187 191 190 190 191 191 190 192 192 192 192 192 192 191 191 192 191 191 192 191 190 190 190 191 191 192 192 192 190 190 192 192 193 194 195 194 
66 67 68 68 68 70 69 69 72 75 77 79 85 86 87 95 102 109 117 128 137 148 159 167 176 182 186 189 191 192 190 191 191 191 191 192 193 193 192 193 193 191 192 192 190 190 192 191 191 192 191 192 191 192 191 191 190 190 191 192 193 194 195 195 
78 79 80 80 80 80 80 80 83 87 90 94 101 104 108 117 124 132 141 151 159 169 176 181 186 189 190 190 191 191 190 190 191 191 191 191 192 192 192 192 193 191 192 193 192 192 192 191 191 191 191 193 192 192 191 190 189 189 190 191 192 192 194 193 
93 93 94 95 94 95 96 97 101 106 112 117 125 129 135 143 149 155 161 169 175 181 186 189 190 192 192 191 191 192 190 190 191 191 191 191 191 191 191 192 192 190 192 192 191 192 193 191 191 191 190 192 191 192 191 191 191 190 190 191 192 192 194 193 
113 114 115 114 116 119 120 122 127 131 137 143 149 152 158 163 167 173 178 183 187 190 191 193 192 193 194 194 192 192 190 190 190 191 191 191 191 190 190 190 189 189 190 191 190 192 192 191 191 191 191 192 192 193 192 193 192 191 191 192 191 192 194 194 
140 141 142 141 143 145 146 148 152 154 159 165 169 172 176 179 181 184 187 189 190 191 191 192 191 192 193 193 191 191 191 190 190 191 192 191 191 190 190 191 190 189 191 190 189 192 192 191 191 192 191 192 193 194 192 194 192 191 191 192 190 191 193 191 
161 161 162 162 164 165 167 169 171 173 177 181 183 185 188 189 189 190 192 191 191 190 191 192 191 191 193 191 189 190 191 190 190 191 192 191 191 191 191 191 189 189 190 191 191 193 193 192 192 192 192 193 193 194 192 193 191 190 190 191 190 192 193 192 
178 178 178 177 178 179 180 182 184 186 189 191 192 193 194 194 193 193 193 192 190 188 189 190 190 191 193 193 190 191 191 190 190 191 191 192 192 191 192 191 189 189 191 190 190 193 192 191 192 192 192 193 193 194 192 193 191 190 190 191 190 192 193 192 
188 186 187 186 187 188 190 191 192 193 193 194 194 194 193 194 193 193 193 192 191 189 188 189 190 190 192 192 191 191 192 191 190 191 192 192 193 192 193 192 191 191 192 191 191 193 192 191 192 192 192 192 194 194 193 192 191 190 189 190 190 191 192 191 
194 192 192 191 190 189 190 191 191 193 194 194 194 194 192 193 194 193 192 192 191 188 188 189 189 189 191 191 191 192 193 193 193 192 192 192 192 192 192 192 191 192 193 194 192 193 192 190 191 192 192 192 192 191 190 189 189 189 189 190 190 191 192 192 
194 191 192 191 189 189 191 191 191 193 193 193 193 192 191 193 193 192 192 192 190 188 188 189 190 190 192 191 192 192 192 193 193 193 193 194 194 194 193 193 192 193 194 194 193 193 191 191 191 192 192 192 191 190 189 188 189 189 189 190 191 191 193 193 
193 191 191 191 190 189 190 190 190 192 192 192 192 192 192 193 192 192 192 192 191 189 189 189 190 191 193 193 193 193 192 192 193 193 192 193 193 192 191 191 192 193 193 194 193 192 190 190 191 191 192 191 191 190 189 188 190 189 190 190 190 190 190 190 
192 191 192 192 192 191 192 191 191 191 191 191 191 191 191 191 191 190 190 190 190 189 189 189 190 191 192 192 193 193 192 193 193 193 193 193 192 192 190 191 191 193 193 194 192 192 191 191 191 191 191 191 190 190 190 189 190 190 191 190 191 190 190 189 
192 192 193 193 192 192 192 192 190 191 191 191 191 191 192 191 190 190 190 189 190 189 190 191 192 192 192 192 193 193 192 194 194 194 193 194 192 192 191 192 191 193 193 193 191 192 190 191 191 192 191 191 190 190 189 189 190 191 192 192 193 191 190 189 
193 194 194 195 195 194 194 193 191 191 191 191 191 193 193 192 191 190 190 189 190 189 190 190 190 191 191 191 191 191 190 191 192 192 193 194 193 193 192 192 191 193 193 193 192 193 191 191 191 190 190 191 191 192 192 190 191 191 191 191 191 191 190 190 
193 194 194 195 194 193 192 191 189 190 190 191 191 193 193 192 191 191 190 190 190 190 191 191 191 190 189 190 191 190 190 192 192 192 193 193 193 192 191 191 189 191 191 191 190 192 191 190 190 190 190 191 191 193 193 193 192 192 192 192 191 191 190 189 
193 194 194 195 194 193 192 192 190 192 192 192 192 193 193 193 191 191 190 189 191 191 191 191 191 190 188 189 189 190 191 193 193 194 193 194 193 192 191 192 189 190 191 191 190 192 192 191 190 189 189 189 190 192 193 192 192 193 193 193 192 192 190 190 
192 193 193 192 191 191 191 191 190 191 190 191 190 194 194 193 191 191 190 189 191 191 192 191 191 191 189 190 191 192 193 194 193 193 193 193 193 193 191 192 190 190 191 192 191 192 192 191 190 190 190 191 191 192 193 193 193 194 194 194 193 192 191 190 
191 192 192 191 191 191 191 191 190 190 190 191 190 193 193 192 191 191 190 189 190 190 191 191 190 191 190 190 191 192 192 193 193 192 191 191 191 192 191 191 190 190 191 191 191 192 192 191 190 189 191 191 191 192 194 192 192 193 193 192 191 192 191 191 
190 190 190 190 191 190 190 190 190 190 190 191 190 191 192 192 190 191 190 189 190 191 191 191 191 192 190 191 192 194 194 196 194 194 192 191 191 192 191 192 191 190 190 191 191 192 191 191 191 190 191 192 191 192 193 193 193 195 194 193 192 191 189 189 
190 189 189 189 190 190 191 192 192 191 191 191 189 191 192 192 190 191 190 188 189 190 190 190 191 192 191 192 193 195 195 196 194 193 190 189 189 191 191 192 192 192 190 192 191 192 192 192 191 190 192 192 191 192 193 192 193 194 194 192 192 190 189 189 

63 64 64 64 64 65 64 63 63 63 64 62 63 63 64 64 65 64 62 63 63 64 64 64 63 63 63 63 63 62 62 60 61 63 62 64 66 67 63 63 62 62 60 67 77 91 112 138 159 174 185 190 189 189 191 188 190 190 190 190 190 189 189 189 
62 62 63 64 63 64 63 63 63 62 63 62 63 63 63 63 64 63 63 63 63 65 65 65 64 63 62 63 62 63 63 62 62 64 63 64 65 66 63 63 62 61 61 67 77 92 113 139 160 175 186 191 191 190 191 190 191 192 191 191 191 189 189 189 
64 63 63 64 63 63 63 63 63 63 64 63 63 62 62 62 64 63 64 65 65 66 65 65 64 64 64 65 65 65 65 64 63 64 63 64 65 66 64 64 63 63 62 67 78 93 114 140 161 175 186 191 190 190 191 190 192 192 192 191 191 190 189 190 
64 63 64 65 64 64 64 64 64 64 65 64 64 63 63 63 65 64 64 65 65 65 65 65 64 63 63 64 65 66 67 66 65 66 65 64 65 66 65 65 64 63 62 66 77 92 113 139 160 175 186 191 190 190 191 190 191 192 192 192 191 190 190 190 
64 63 64 66 66 65 64 65 65 64 64 65 63 62 63 63 64 65 65 66 66 66 65 65 63 63 62 63 62 63 64 64 64 65 64 64 64 65 64 63 63 63 63 67 77 92 114 139 161 177 188 193 192 192 192 191 191 192 192 192 192 192 192 192 
63 62 63 65 65 64 65 64 65 64 64 64 64 63 63 63 63 64 65 66 66 66 65 66 65 65 64 65 64 64 65 66 65 66 65 65 64 65 64 64 64 63 63 67 77 93 115 141 162 178 188 193 192 192 193 192 191 193 193 193 193 193 193 193 
64 63 65 65 66 66 66 65 65 64 64 64 64 63 64 64 65 65 66 67 67 65 64 65 64 65 65 65 64 63 63 65 64 65 64 64 63 64 64 64 64 64 63 68 78 94 117 143 163 180 190 193 192 193 193 192 192 192 193 192 194 195 195 195 
62 62 63 64 66 65 66 66 65 64 64 65 64 64 65 65 65 66 66 66 67 66 65 66 66 65 65 64 62 62 62 63 64 65 64 64 64 64 63 63 63 62 62 67 77 94 117 144 164 181 189 193 193 194 194 193 192 192 192 193 194 194 195 194 
62 62 63 63 65 65 65 64 63 62 62 64 64 64 64 65 64 64 64 65 66 66 67 66 67 67 66 66 64 63 62 63 63 64 64 64 62 63 62 62 62 62 63 69 80 98 122 148 167 182 190 191 192 193 193 193 193 192 193 192 194 194 195 194 
62 62 63 62 64 63 64 64 63 62 62 62 63 64 65 65 65 64 64 63 65 65 66 65 66 66 67 66 66 65 64 64 63 63 63 63 62 63 63 63 63 62 63 70 82 101 126 152 169 181 188 190 191 193 194 194 194 192 193 192 192 192 193 191 
64 64 64 63 64 64 65 64 64 63 62 62 62 63 64 65 65 63 63 63 64 63 64 64 65 64 64 64 64 64 63 64 63 62 62 62 61 62 63 63 64 64 66 73 86 106 132 155 172 183 189 190 191 193 194 194 193 192 192 191 191 192 193 193 
65 64 65 63 64 63 64 63 63 63 62 63 63 64 64 65 64 62 61 61 61 63 64 64 65 65 65 65 64 64 63 63 63 63 63 64 63 62 63 63 63 63 66 75 89 110 136 158 173 184 187 188 190 191 192 192 192 191 192 191 191 191 191 191 
67 67 67 65 65 64 65 62 62 62 62 62 63 64 64 65 64 62 61 61 61 62 63 64 64 63 64 64 63 62 63 63 63 63 64 64 63 62 63 63 62 64 69 80 96 119 144 163 177 186 188 189 191 192 192 192 191 191 192 191 192 192 192 191 
66 65 66 64 64 63 64 62 62 61 61 62 63 64 64 66 65 64 62 62 62 62 63 64 65 63 63 64 63 62 63 63 62 63 64 65 65 64 64 64 64 65 72 85 101 125 149 167 179 188 189 190 192 193 192 192 192 191 191 192 192 192 191 191 
65 63 65 63 63 63 64 62 62 61 61 62 63 64 64 65 64 63 63 63 63 63 64 64 64 64 63 63 62 62 63 63 64 65 66 66 65 64 63 63 63 66 75 89 106 131 154 170 181 190 189 190 192 192 191 191 191 193 192 193 194 193 192 193 
64 64 64 63 62 61 61 59 59 60 60 61 63 64 64 65 63 63 63 63 63 64 65 65 65 64 63 62 61 61 62 62 64 66 66 66 66 65 63 63 64 68 78 95 115 140 160 175 184 191 190 190 192 192 191 191 192 193 192 193 193 191 190 190 
63 63 63 63 63 61 62 60 60 60 60 61 62 63 64 65 64 64 64 64 63 64 65 65 64 64 64 63 63 63 65 64 65 66 66 65 66 65 62 62 65 72 84 104 125 149 167 181 187 192 191 191 192 193 192 192 192 193 192 192 193 191 190 189 
62 62 63 63 63 62 62 61 61 61 60 61 61 62 63 64 64 64 64 64 64 65 66 66 66 65 64 63 63 63 64 64 65 66 66 65 65 64 62 63 67 75 88 109 131 154 171 184 189 191 190 190 191 192 192 192 193 193 191 191 192 190 189 190 
62 62 63 63 63 62 62 61 61 62 61 61 62 63 64 64 64 64 63 63 63 65 67 67 66 64 63 61 62 62 64 64 65 66 65 64 64 63 62 64 69 79 94 116 139 162 177 188 191 193 190 190 191 192 192 192 193 193 191 190 191 189 188 189 
64 64 64 64 64 64 64 63 63 63 62 62 62 62 63 63 65 64 64 64 64 64 66 66 65 65 63 62 63 62 64 64 65 66 66 65 65 64 63 66 72 85 102 126 149 169 182 191 193 193 191 190 190 191 191 192 192 191 189 189 190 189 189 191 
65 64 64 64 65 65 66 65 65 64 63 62 63 63 63 64 66 66 66 66 65 65 65 65 64 64 63 63 64 64 65 65 66 66 65 65 64 64 64 69 78 92 111 135 155 174 185 192 193 193 191 191 191 191 191 192 192 191 189 189 191 191 191 193 
65 64 64 63 64 65 66 65 65 64 64 63 63 63 63 63 65 65 66 67 66 65 66 65 63 63 62 62 63 64 64 64 64 65 64 63 64 64 67 74 84 100 121 144 162 178 188 193 193 194 192 192 192 192 192 192 192 191 190 190 191 191 192 193 
63 62 63 63 64 66 66 65 64 64 63 63 65 64 63 63 65 65 66 67 65 63 63 62 61 63 63 63 63 65 64 64 64 65 64 64 64 65 69 79 93 111 133 154 170 184 190 193 194 195 193 193 192 192 191 191 192 190 190 191 191 192 193 194 
63 62 63 63 63 65 66 64 64 65 65 64 65 64 62 62 64 65 66 68 65 64 63 62 60 63 63 64 64 66 65 65 65 65 64 64 65 68 74 86 104 124 145 164 178 187 190 192 193 193 194 194 193 193 191 189 190 189 189 191 192 193 194 194 
64 64 64 64 64 64 64 63 63 64 64 65 66 65 62 63 63 64 64 66 65 64 64 63 62 63 63 63 65 66 66 65 65 65 64 62 64 70 79 94 116 137 157 172 184 189 191 192 192 192 194 194 194 194 193 191 191 191 191 192 192 192 193 193 
63 62 62 63 62 63 64 62 62 63 63 65 65 65 63 64 63 63 64 65 63 64 64 64 62 63 63 64 64 66 66 67 66 66 65 64 68 76 89 106 129 150 166 179 187 190 191 192 192 192 194 194 193 194 193 191 191 192 191 192 193 193 192 192 
64 62 62 62 61 61 63 62 62 63 62 64 64 64 62 63 62 63 63 64 63 63 62 63 62 63 62 63 63 65 64 65 65 65 65 67 74 86 101 120 143 160 174 183 188 189 190 191 191 191 193 193 193 194 194 192 192 192 190 191 191 192 191 192 
64 63 63 62 61 62 63 63 62 63 63 64 63 63 63 65 63 64 64 64 62 63 63 63 63 63 63 63 63 64 65 65 65 65 67 71 81 97 115 135 157 171 181 187 190 189 189 190 190 190 192 192 193 194 194 193 193 193 191 191 192 191 190 192 
64 64 63 63 63 63 64 63 63 63 62 63 63 63 63 65 64 64 64 63 61 61 62 63 63 64 64 64 63 63 64 64 64 66 70 78 91 109 129 149 168 179 186 189 189 189 189 189 190 191 191 191 192 192 193 193 193 193 192 191 191 191 191 192 
64 63 63 63 63 63 64 64 63 62 62 63 62 62 64 65 64 66 66 64 62 61 61 61 62 62 63 63 62 62 63 63 64 68 77 89 108 127 146 165 178 184 189 191 190 190 190 190 191 191 191 190 191 192 192 192 193 193 191 191 192 192 191 193 
64 64 64 64 64 64 64 63 63 64 63 64 62 61 62 63 63 64 66 64 63 62 62 62 63 63 64 66 65 63 63 64 67 73 87 103 124 143 161 175 185 187 190 191 190 190 191 191 191 191 190 190 191 192 192 192 193 193 191 191 191 190 190 192 
63 64 64 65 64 64 64 63 65 65 66 66 65 63 64 64 63 64 66 64 63 63 63 63 65 64 65 66 65 64 66 68 74 85 100 119 139 157 171 182 189 190 192 192 191 191 191 190 191 191 190 191 191 192 191 192 192 192 191 192 191 190 190 190 
65 64 65 65 64 63 63 63 64 66 67 68 67 65 64 64 64 64 65 64 63 63 64 64 64 64 64 65 65 65 69 74 83 97 116 135 155 170 181 187 192 191 191 192 191 190 191 190 191 192 191 190 192 192 192 192 193 192 191 191 191 190 190 190 
65 63 64 64 62 61 62 61 64 65 67 68 68 66 65 64 64 63 64 63 62 63 64 63 64 63 63 65 66 68 75 85 96 114 134 152 168 180 187 191 193 193 193 193 192 191 192 191 192 193 193 192 193 194 193 193 193 193 191 191 191 190 189 190 
64 62 63 63 62 61 60 61 64 65 66 68 68 65 63 63 62 61 62 62 62 62 64 63 65 64 65 68 71 76 87 100 115 133 152 166 178 185 189 191 193 192 193 193 192 191 192 190 192 193 193 193 194 194 193 193 193 193 192 192 191 190 190 189 
63 62 63 63 62 61 61 61 63 65 67 69 70 68 66 65 64 61 61 62 61 62 63 63 64 64 68 73 78 88 103 118 135 153 168 177 184 189 191 192 192 193 193 193 192 192 193 191 193 195 194 194 195 194 192 192 192 192 192 192 191 190 190 189 
64 63 64 64 62 60 60 59 62 64 66 68 69 68 66 65 64 62 62 63 62 63 63 65 66 69 76 84 92 106 123 138 153 168 179 185 188 190 192 192 192 193 194 193 192 192 192 191 192 194 194 193 193 193 191 191 191 191 191 191 191 191 191 190 
63 62 64 65 62 61 61 60 62 64 65 67 67 66 64 63 62 60 60 62 62 63 65 68 71 77 86 97 109 126 142 156 170 181 187 190 191 192 192 193 192 193 193 192 192 193 192 191 192 193 193 193 193 192 191 191 190 190 190 191 191 191 191 191 
64 63 64 65 63 61 61 61 62 63 64 66 66 65 63 63 62 61 61 64 65 66 70 74 79 90 101 114 128 145 160 171 182 188 191 192 192 193 193 192 191 191 191 190 190 190 191 190 190 192 192 192 193 192 191 190 190 190 191 191 191 191 191 190 
63 63 64 65 63 61 61 61 61 63 65 67 67 67 65 64 63 62 63 65 68 72 78 85 93 108 121 135 149 163 173 181 187 191 192 193 192 193 193 193 192 192 191 190 190 190 190 190 190 191 191 191 191 192 191 190 190 189 190 189 191 191 191 191 
61 61 62 63 62 62 62 62 63 64 66 67 66 65 64 64 65 67 70 73 78 84 93 103 115 129 143 155 166 176 181 186 190 192 192 193 194 193 192 193 192 191 190 190 189 188 189 188 188 190 191 190 191 191 191 190 190 189 190 189 190 191 192 192 
62 63 62 63 63 63 62 62 63 64 64 66 65 65 65 68 71 74 80 85 92 100 112 123 136 149 159 169 176 183 186 188 191 192 192 193 195 194 192 193 192 191 191 190 189 189 190 189 189 191 191 190 191 191 190 190 190 189 190 190 191 192 193 193 
61 62 62 62 63 63 62 62 63 65 66 69 71 73 73 79 83 88 95 102 111 121 135 144 157 167 175 180 186 189 189 189 191 192 192 193 194 194 193 193 193 191 190 190 189 188 190 189 190 191 191 190 191 190 190 190 190 189 191 191 192 193 194 192 
64 66 66 67 68 69 69 68 70 74 76 79 83 86 87 94 100 107 116 124 134 144 155 164 174 180 185 188 190 192 190 190 191 192 192 193 194 193 192 193 192 191 192 192 191 191 191 191 190 191 191 191 190 190 190 189 189 189 191 191 193 194 195 195 
75 76 77 77 78 80 80 78 82 86 89 93 99 103 104 114 123 131 140 150 157 165 173 179 186 188 191 192 192 192 192 192 193 193 192 193 193 192 192 193 192 191 192 192 189 189 190 190 190 192 191 192 191 191 190 190 189 189 191 193 194 194 196 196 
92 94 95 95 95 96 95 95 98 103 107 113 120 125 128 137 144 152 159 167 174 180 184 187 189 190 191 190 191 192 191 191 193 192 192 192 192 192 191 192 192 192 191 192 191 190 191 191 191 191 192 193 191 191 190 189 189 190 191 193 193 193 195 195 
111 113 114 114 115 116 117 117 122 127 133 139 146 150 153 160 165 170 175 182 185 188 190 190 190 191 192 191 192 193 191 191 193 193 192 192 192 191 190 190 191 190 190 191 190 190 191 190 190 191 191 192 191 192 191 191 190 190 191 193 193 193 194 194 
136 139 139 139 140 142 143 143 148 152 156 161 167 168 171 176 179 183 187 190 191 192 191 191 192 193 194 194 193 193 191 190 191 192 192 192 191 189 189 189 189 189 190 190 190 191 191 190 190 191 191 193 193 194 193 193 192 192 192 193 193 193 194 194 
158 160 161 160 162 163 163 164 167 170 173 177 181 182 184 187 187 189 191 192 192 191 191 191 192 192 194 193 192 192 191 190 191 192 192 191 190 189 190 190 189 189 190 190 189 190 191 189 190 191 191 192 194 194 193 193 192 191 192 193 192 192 193 191 
175 176 176 176 177 178 179 180 182 183 185 188 189 190 191 191 191 191 192 192 192 191 191 190 191 191 193 192 191 191 191 190 191 192 192 191 191 191 192 191 190 190 191 190 190 191 192 191 191 192 193 193 195 194 192 192 191 190 190 192 191 191 192 191 
187 187 187 186 187 187 188 189 190 192 193 194 194 194 193 193 193 192 193 192 191 190 190 190 191 191 193 193 191 192 192 191 191 192 192 192 191 190 192 191 189 189 191 190 190 192 191 190 191 192 192 193 195 195 193 193 191 190 191 191 191 192 192 191 
192 191 191 191 191 192 192 192 192 193 193 194 194 193 192 193 193 192 193 192 191 190 190 190 192 191 192 193 192 192 192 191 191 191 191 191 191 191 193 192 190 191 192 190 190 192 192 190 191 192 193 193 195 194 193 191 191 190 189 190 190 191 191 190 
193 191 191 191 190 190 190 191 190 192 193 193 193 193 192 193 193 192 192 192 191 190 189 190 190 190 191 191 191 192 194 194 193 192 191 191 192 191 193 193 191 191 193 192 191 192 191 190 191 192 193 193 193 192 191 189 189 189 189 190 190 190 190 190 
192 190 191 191 190 190 191 191 191 192 193 192 192 192 191 192 192 192 192 191 190 189 189 189 190 191 191 191 191 192 193 193 194 193 192 193 193 193 193 193 191 192 193 192 191 192 190 190 191 192 192 192 191 191 189 188 189 189 189 190 190 190 190 190 
191 190 191 191 191 191 191 191 190 192 192 193 193 192 192 192 192 192 192 192 191 190 190 190 191 191 192 191 192 192 192 193 193 192 191 192 192 191 191 191 190 192 192 193 191 191 189 190 190 190 190 190 189 190 190 189 191 191 190 191 190 189 189 188 
190 190 192 192 192 192 192 190 190 191 191 190 191 191 191 191 191 190 190 190 190 189 189 189 190 190 190 191 192 191 192 193 193 192 192 193 192 192 191 191 190 192 192 193 192 192 190 191 190 189 189 189 188 189 190 189 191 191 191 191 191 189 189 188 
190 190 191 192 192 192 193 191 190 192 192 191 191 192 192 191 191 190 190 189 189 189 190 190 190 190 190 191 192 191 192 193 193 192 192 193 191 191 191 191 190 193 193 193 191 192 189 189 189 189 188 189 188 188 189 189 191 192 192 192 192 190 188 187 
191 192 193 194 195 195 195 194 192 192 192 192 192 193 193 192 192 190 190 189 190 189 190 190 190 189 189 189 190 189 190 191 192 191 192 194 192 192 192 191 190 193 192 192 192 192 190 190 189 189 188 188 188 189 189 189 191 192 191 191 191 190 188 188 
192 193 193 194 194 194 193 192 191 192 192 192 192 194 193 193 192 191 190 190 190 190 191 191 190 189 188 190 190 190 190 192 192 192 192 193 192 192 191 190 189 191 192 191 191 191 190 189 189 189 188 188 189 190 191 191 192 192 192 191 190 189 188 188 
193 193 193 193 193 193 193 193 193 193 192 192 193 194 194 194 193 191 190 189 190 190 190 190 190 188 187 188 189 190 191 193 193 193 194 194 193 192 191 191 189 191 192 191 191 192 192 190 190 189 188 188 189 190 190 190 191 192 192 192 191 190 189 189 
194 193 192 192 191 191 192 193 192 193 192 193 192 194 194 195 193 192 190 189 190 191 191 190 190 190 189 190 191 192 193 194 193 193 193 193 193 192 190 191 190 190 191 191 190 192 192 191 190 189 189 189 190 191 191 191 192 192 192 192 192 191 190 190 
193 193 193 193 192 191 192 192 192 192 191 192 191 193 193 194 192 192 190 190 190 191 191 191 191 191 190 190 191 193 193 193 193 193 193 192 193 193 191 191 190 190 190 190 191 192 192 192 191 190 191 191 191 192 193 192 192 192 192 191 191 191 190 191 
191 190 191 191 190 190 191 191 192 192 191 191 190 192 192 193 191 192 191 189 190 191 191 191 191 192 190 191 193 194 195 195 194 194 193 191 192 193 190 191 190 190 190 190 190 192 192 192 192 191 191 191 192 192 192 193 193 193 193 192 191 190 190 191 
191 190 190 191 190 191 192 192 193 193 191 191 190 191 192 193 192 191 190 189 190 191 191 190 190 191 191 191 193 196 196 195 194 194 191 190 191 193 191 191 191 190 189 190 191 192 192 193 192 191 191 192 192 192 193 193 194 194 194 192 191 191 190 191 

63 63 64 64 64 65 64 64 64 64 64 64 65 63 63 63 63 62 61 63 64 65 64 64 63 62 62 62 63 62 61 60 61 63 64 65 67 68 65 65 64 63 66 77 91 112 139 161 176 186 190 189 188 188 190 188 191 191 191 191 191 189 189 189 
61 61 62 63 64 64 64 63 64 63 64 64 65 63 62 62 62 61 61 63 64 66 65 65 64 62 62 62 62 62 63 61 62 64 64 65 66 66 64 64 63 62 66 76 92 112 140 161 177 186 191 191 190 190 191 190 191 191 191 191 191 190 189 190 
63 62 62 63 63 63 64 63 65 64 65 65 66 63 62 62 62 62 63 65 65 66 65 65 63 62 62 64 64 65 65 63 63 63 64 64 65 66 64 64 63 63 66 76 92 113 140 161 177 186 191 191 191 190 192 191 192 192 191 191 191 191 191 192 
63 62 62 64 64 63 65 64 66 65 66 66 66 64 63 63 64 64 64 65 66 66 65 64 63 61 62 63 65 65 66 65 64 64 64 64 65 66 66 65 64 63 67 75 91 112 139 160 177 186 191 191 192 192 193 192 193 192 191 191 191 191 191 192 
63 63 63 66 66 64 65 65 66 65 66 66 65 63 63 63 63 64 64 65 66 66 64 64 63 61 61 63 62 64 65 65 64 64 63 63 63 64 64 64 64 63 68 77 92 112 140 159 176 187 193 193 194 195 195 193 192 192 190 191 191 192 193 194 
62 62 62 65 65 64 64 65 65 65 66 66 66 64 64 64 63 64 65 65 66 66 65 65 64 63 63 64 64 64 65 66 64 64 64 63 62 63 63 63 63 62 67 76 92 113 141 160 177 188 193 194 195 195 195 194 192 192 190 191 192 193 194 196 
65 64 65 66 66 65 66 65 65 65 66 66 66 65 64 64 65 65 66 66 67 65 63 63 63 63 64 64 64 64 64 65 65 64 63 63 61 62 62 62 63 63 67 77 92 113 140 161 177 188 193 193 193 195 195 194 192 192 191 191 193 194 195 197 
63 63 64 65 66 65 65 65 65 65 65 66 65 65 65 65 64 65 65 65 67 65 65 64 65 64 64 63 63 62 63 64 65 65 63 63 62 62 62 62 63 62 67 77 91 114 141 161 177 188 191 192 193 195 195 194 192 191 191 191 192 193 194 194 
63 64 64 65 66 65 64 64 64 64 65 65 65 65 64 64 63 63 64 64 66 66 66 66 66 66 66 65 63 63 62 63 64 64 63 63 61 61 61 60 61 62 67 79 95 118 144 164 178 188 190 190 191 192 193 193 192 192 192 191 193 194 195 194 
63 64 64 64 66 65 65 64 64 64 64 63 64 64 65 64 63 63 63 63 65 65 66 65 66 65 66 66 65 64 63 64 64 63 62 62 61 61 61 61 62 63 68 80 98 123 148 168 179 187 187 188 189 191 193 194 193 192 193 192 192 192 192 191 
64 65 65 64 66 65 65 64 64 63 62 63 63 63 63 64 63 62 63 62 64 64 65 64 65 64 65 65 65 64 63 64 64 63 62 62 60 61 62 62 63 65 71 85 103 128 151 170 180 187 187 188 190 192 193 195 194 192 192 191 191 191 192 191 
64 65 65 64 65 64 64 63 63 62 62 63 63 64 64 65 62 62 61 61 63 65 65 65 66 65 65 65 64 64 63 63 64 63 63 64 63 62 63 63 63 67 74 88 107 133 155 171 181 187 186 187 190 191 193 194 193 191 192 190 190 190 190 189 
68 67 67 65 65 64 64 62 62 62 62 62 63 65 65 65 63 63 61 60 62 63 63 64 65 63 64 64 63 63 63 63 63 63 64 64 62 62 63 62 63 69 79 95 116 141 161 175 183 188 187 188 191 192 193 193 192 191 192 191 191 192 192 190 
66 65 66 64 64 64 64 62 61 61 61 62 63 64 64 65 64 63 61 60 62 62 61 63 65 63 64 65 64 63 63 63 63 64 65 65 65 64 64 63 65 73 84 101 123 147 165 178 184 188 187 188 192 193 194 194 193 191 191 191 191 190 190 190 
64 63 64 63 62 62 63 61 61 61 61 62 63 64 64 65 64 63 62 62 63 64 63 64 64 63 63 64 63 63 64 64 64 66 66 66 65 64 64 63 66 75 88 106 129 151 169 180 187 190 189 189 192 192 192 192 192 191 191 192 192 192 191 192 
63 62 63 62 61 61 61 59 59 60 61 62 63 65 64 65 64 63 63 63 63 64 64 64 64 64 63 63 62 62 63 63 64 67 67 66 66 65 64 64 69 79 94 115 139 159 174 184 188 190 189 190 192 193 191 191 191 192 191 191 192 191 189 189 
62 61 62 62 62 61 62 61 60 60 60 61 62 64 64 66 65 65 64 64 63 63 63 64 63 63 63 63 63 62 64 64 65 66 67 66 65 65 63 65 72 84 101 126 148 167 180 188 189 191 190 190 192 193 192 191 192 192 191 191 193 191 190 189 
59 59 60 62 62 62 62 61 60 61 60 61 62 62 63 64 65 64 64 64 64 65 65 64 64 64 63 62 63 62 64 65 65 67 67 66 64 64 63 66 74 88 106 131 152 170 182 189 189 190 189 189 190 191 191 191 191 191 191 191 192 190 189 188 
60 60 61 62 62 62 62 61 61 61 60 61 62 63 63 64 65 64 64 64 64 65 66 65 65 64 63 61 62 62 64 64 65 65 66 64 63 63 64 70 79 95 115 139 158 175 186 192 191 192 190 189 190 191 191 191 192 192 191 190 191 189 189 189 
62 61 62 63 63 64 64 63 62 62 61 61 62 62 63 63 65 64 64 64 63 63 64 65 65 66 64 63 63 62 63 64 66 65 66 65 65 65 67 75 85 103 126 149 166 181 189 192 190 191 189 188 189 191 192 192 193 192 190 189 191 190 189 190 
65 63 64 64 64 64 65 65 64 64 63 63 62 62 62 62 65 65 65 66 65 65 65 65 65 65 63 63 64 63 64 65 65 65 66 65 64 65 70 79 93 112 135 156 170 183 190 192 191 192 190 189 189 190 191 192 193 192 191 190 191 191 191 192 
66 64 64 63 63 64 65 65 65 65 65 64 63 63 62 61 64 64 65 66 66 65 65 64 63 64 63 62 63 64 65 65 65 65 65 64 65 68 75 87 103 122 144 162 175 185 190 191 191 192 191 189 190 191 191 192 193 193 191 191 192 191 191 192 
64 63 63 63 63 64 64 64 64 64 64 64 64 64 62 62 64 65 65 67 65 63 63 63 62 64 64 64 64 65 64 65 64 65 65 65 67 72 81 96 114 135 155 171 181 189 192 192 193 194 193 191 191 191 192 192 193 192 192 192 192 192 193 194 
64 63 64 64 63 64 64 64 64 66 66 66 66 64 62 62 64 65 66 68 66 65 63 63 62 63 63 65 65 67 65 66 64 65 65 66 71 79 89 106 127 146 164 178 186 190 191 191 192 193 193 193 192 192 191 190 191 191 191 192 193 193 193 193 
65 65 65 64 63 63 63 62 63 65 67 67 67 66 63 63 64 64 65 67 66 66 66 64 62 63 63 64 65 67 66 66 65 65 66 66 73 84 97 116 139 157 171 182 187 189 189 190 191 192 193 193 193 192 192 190 191 192 192 193 192 193 193 192 
63 62 63 63 62 62 63 62 62 64 65 67 66 67 64 64 63 64 63 65 64 64 64 64 62 63 62 63 64 66 66 67 66 67 68 71 80 93 109 129 151 166 177 185 188 189 190 191 192 193 194 193 193 194 194 192 193 193 193 192 193 193 192 192 
63 62 63 62 62 62 63 62 62 64 65 66 66 66 64 64 62 63 62 64 63 63 63 63 62 63 62 63 64 65 64 65 65 66 71 77 89 105 124 143 162 174 182 186 189 189 189 191 192 192 193 193 193 194 194 193 193 193 192 191 191 191 191 191 
63 62 63 63 62 62 63 63 63 64 65 66 65 66 65 65 63 63 62 62 62 63 64 64 63 63 63 62 63 63 64 65 66 69 76 85 101 119 139 157 173 182 187 189 190 189 189 191 191 191 192 192 193 193 193 193 194 193 192 191 191 191 190 191 
63 64 63 64 64 64 64 64 64 64 64 65 64 65 65 65 63 63 62 62 61 62 63 64 63 65 64 63 63 62 62 64 68 73 84 96 113 132 151 167 180 186 189 189 188 189 189 190 192 192 191 190 191 191 192 194 194 193 192 191 191 191 191 192 
64 64 63 63 64 64 65 65 65 64 64 65 63 64 65 65 63 65 64 63 62 61 61 62 61 62 63 62 61 61 62 64 70 79 94 110 129 148 165 178 186 189 191 190 189 190 190 191 192 192 191 189 190 191 192 193 194 193 192 191 191 191 190 192 
64 64 64 64 64 65 65 65 65 65 65 65 64 62 63 63 62 64 64 64 63 62 62 63 63 64 65 65 64 63 64 68 76 89 107 125 145 162 175 184 189 190 190 190 190 191 191 192 191 191 189 189 190 190 191 192 193 192 191 191 190 190 190 192 
63 65 65 66 65 65 64 64 65 66 66 67 65 63 64 63 62 63 65 63 64 63 64 63 64 64 65 65 65 66 70 77 89 104 124 142 159 173 181 187 191 191 191 191 190 191 191 191 190 191 190 189 190 191 191 192 192 192 191 191 191 191 191 191 
65 65 65 65 65 64 63 63 65 66 68 68 67 64 64 62 63 63 64 64 64 63 64 64 65 64 65 66 67 70 78 88 103 120 140 157 171 181 186 188 191 191 191 192 190 190 191 190 191 192 191 190 191 191 192 192 192 191 190 190 190 190 191 191 
65 64 64 64 63 62 62 62 64 66 68 69 68 65 64 63 63 63 64 64 63 63 64 64 64 63 65 68 72 78 91 104 120 138 156 170 181 187 189 191 193 193 193 194 192 192 192 190 190 192 192 191 193 193 193 192 193 192 191 191 190 190 190 191 
63 63 63 64 62 61 60 61 63 65 67 69 68 65 63 61 61 60 62 62 62 63 65 64 66 66 70 75 82 91 107 122 139 156 171 181 186 189 190 191 192 193 193 194 192 192 192 190 191 192 193 193 195 195 194 193 194 192 192 192 191 190 191 190 
63 63 63 64 63 61 61 61 63 65 68 69 69 67 64 63 63 60 61 62 62 62 64 65 67 69 75 84 94 107 126 141 158 171 182 188 190 191 192 193 193 194 195 195 193 193 193 191 192 194 194 194 196 195 193 193 193 192 192 192 191 190 191 190 
64 64 64 65 63 60 60 61 62 64 67 69 68 67 65 64 63 62 62 63 62 64 66 70 74 79 89 100 113 127 145 159 173 182 188 191 191 190 191 192 192 194 194 194 193 193 193 192 193 194 194 193 194 193 192 192 192 192 192 193 192 191 191 191 
65 64 64 65 62 61 61 61 63 65 67 67 67 65 63 62 61 60 60 62 63 67 71 77 83 92 104 118 131 147 162 173 182 188 191 192 191 192 193 193 193 194 193 193 193 192 192 192 192 193 194 193 193 192 191 191 192 192 192 193 192 191 192 192 
66 65 65 65 63 61 61 61 62 64 66 67 66 64 63 62 61 61 62 66 69 74 80 88 96 109 122 136 150 164 175 182 189 192 193 194 192 193 193 192 191 191 190 190 190 190 191 191 191 192 193 193 192 192 191 191 191 192 192 192 192 191 192 191 
64 64 64 65 62 61 62 61 63 65 67 67 67 66 64 64 64 65 69 73 78 85 94 104 115 129 143 155 166 177 183 187 191 192 191 192 192 192 193 193 191 191 190 190 189 189 191 191 190 192 192 191 191 191 191 190 191 191 191 191 191 191 191 191 
63 62 63 63 61 61 61 62 64 65 68 68 69 68 67 69 72 74 80 86 93 101 113 124 137 151 162 171 179 185 187 189 192 192 192 192 192 193 192 192 191 190 189 189 189 188 189 188 188 190 191 190 191 190 191 190 190 190 191 190 190 191 191 191 
63 63 63 62 61 62 62 62 65 67 69 70 71 73 73 77 82 87 95 102 111 122 135 145 157 167 174 180 185 189 189 190 192 193 192 193 194 193 193 193 192 191 190 190 189 189 190 189 189 190 191 190 191 191 191 190 191 190 191 190 190 191 192 191 
67 67 68 67 67 67 67 67 69 72 76 78 83 86 87 93 100 105 115 125 134 144 156 162 173 180 185 187 190 191 191 191 193 193 192 193 194 193 193 193 192 190 190 190 189 189 190 189 189 190 190 190 191 190 190 190 190 189 191 190 191 191 192 191 
77 78 78 77 78 78 78 77 81 85 90 93 100 105 106 115 123 129 138 148 155 163 172 177 185 188 191 191 193 192 192 191 193 192 192 193 193 191 192 192 191 190 191 192 191 191 191 189 189 190 189 190 190 190 190 190 190 189 191 191 192 191 192 192 
92 93 94 93 93 95 94 93 97 102 107 112 121 126 129 138 146 152 158 166 172 178 184 188 192 193 194 194 194 193 193 193 195 194 194 194 194 192 192 192 192 191 193 192 191 190 190 189 189 190 190 191 190 190 190 189 189 189 191 193 193 193 195 194 
114 116 116 116 116 117 116 116 119 124 130 135 143 148 150 157 163 168 173 180 184 188 191 193 194 194 193 192 193 192 192 193 195 194 194 194 193 192 192 192 192 192 192 192 191 190 191 191 190 190 191 191 190 190 189 189 189 189 191 193 193 192 194 193 
139 140 141 141 142 142 142 141 144 148 153 157 164 168 169 174 179 181 184 189 191 192 193 193 193 193 194 193 193 193 192 192 194 193 193 193 193 192 191 191 191 191 191 191 190 190 190 190 189 190 190 191 190 191 190 190 190 189 190 192 192 192 194 193 
157 160 160 160 162 163 162 162 165 168 171 176 180 181 182 184 187 189 190 192 193 192 192 193 193 194 195 195 194 193 191 190 192 193 193 193 192 191 190 191 190 191 192 191 190 191 191 190 189 190 191 192 191 193 192 193 192 191 191 192 192 192 193 193 
173 175 175 175 177 178 177 177 179 181 183 186 188 189 189 189 190 191 191 191 192 191 191 192 193 194 195 194 192 191 190 190 191 192 193 192 191 191 191 192 191 191 192 190 189 190 190 190 190 191 192 193 193 194 192 192 190 190 190 192 191 191 192 191 
185 186 186 185 187 188 187 188 189 189 190 192 191 191 191 190 191 191 191 191 191 190 191 191 192 192 193 192 191 190 190 190 191 192 192 192 191 191 191 192 191 191 191 190 190 191 191 192 192 193 194 194 194 194 192 191 190 189 189 190 190 190 190 190 
191 191 191 190 190 191 190 191 192 193 193 194 193 193 192 191 191 192 191 191 191 190 190 190 191 191 193 192 191 191 191 190 191 191 191 192 191 190 191 191 189 190 191 190 189 191 191 190 191 192 193 194 194 194 192 191 190 190 189 190 190 190 191 191 
190 190 190 189 189 190 191 192 191 193 193 193 192 193 192 192 191 191 191 191 190 190 190 190 191 191 192 193 192 191 191 191 191 191 191 191 192 191 192 192 190 190 191 190 190 191 191 191 192 192 193 193 194 193 192 190 190 189 189 189 189 189 189 190 
191 190 190 189 189 189 190 191 190 192 192 192 191 192 192 192 191 191 191 191 190 190 189 190 190 191 191 191 191 192 192 193 192 191 191 191 192 191 192 192 190 190 192 192 190 192 191 191 192 192 193 193 193 193 191 190 190 189 189 190 190 189 189 189 
190 189 189 189 189 189 190 191 190 191 191 191 190 191 191 192 191 191 191 191 190 190 189 190 191 191 191 191 192 192 192 193 193 192 191 193 193 191 191 192 190 191 192 193 191 192 190 191 192 192 192 192 192 192 190 189 190 190 189 190 190 190 190 190 
190 189 190 191 190 191 191 191 190 192 191 192 192 192 191 192 191 192 192 192 191 192 191 191 191 192 192 192 193 193 192 193 194 192 191 192 192 191 190 191 190 191 191 192 191 192 190 190 190 190 190 190 191 192 191 190 192 191 190 191 190 190 190 190 
189 189 190 191 191 192 192 191 189 190 189 189 189 190 190 191 191 190 190 190 191 190 190 190 191 191 190 191 193 192 192 194 193 192 192 193 192 192 191 191 191 191 192 194 193 193 191 191 191 190 190 189 189 191 190 190 191 191 190 190 190 190 189 189 
189 190 191 191 191 193 193 192 191 192 191 191 191 192 192 192 191 190 190 190 190 190 190 190 191 190 190 191 192 191 192 194 193 192 193 193 192 192 192 192 191 192 193 193 192 192 190 189 189 190 189 189 189 190 189 189 191 193 192 193 192 190 189 188 
192 192 193 193 194 195 195 194 192 192 190 191 192 193 193 193 192 191 191 191 192 191 191 191 191 190 190 190 190 190 190 192 193 192 193 194 192 193 192 191 190 192 191 192 191 191 189 189 189 190 189 188 189 191 190 190 191 192 192 192 192 190 189 188 
193 193 193 194 194 194 193 192 191 191 190 191 192 194 193 193 192 191 191 191 192 192 192 191 191 190 190 191 191 191 192 193 193 193 194 194 193 193 191 191 190 191 191 191 190 191 190 189 189 190 189 189 190 191 191 191 192 193 193 192 191 190 188 187 
193 194 193 193 193 193 193 192 192 193 191 192 193 195 194 194 193 191 190 189 191 191 191 191 191 190 190 191 191 191 192 193 193 194 194 195 193 193 191 192 190 191 191 191 190 192 191 190 190 190 189 189 190 190 190 190 191 192 193 193 192 190 188 188 
193 193 192 191 191 191 192 193 192 193 191 192 193 195 194 195 193 192 191 190 191 191 191 191 192 191 191 192 192 192 192 193 192 192 193 193 193 193 191 191 191 190 190 190 189 191 191 191 191 191 190 190 191 190 190 190 191 192 193 193 193 191 190 189 
193 193 192 192 192 192 192 192 192 193 191 192 193 194 194 194 193 192 190 190 191 191 192 192 192 192 192 192 192 192 192 192 192 192 192 192 193 193 191 191 190 190 190 190 190 192 192 193 193 192 191 191 192 191 192 192 191 191 192 192 191 191 190 191 
191 190 190 190 190 190 191 191 191 193 191 192 193 194 194 194 193 192 191 189 190 191 191 191 192 192 192 192 193 193 194 193 192 192 192 191 193 192 191 191 191 190 190 190 191 193 193 194 194 192 191 191 191 190 190 191 191 191 192 192 191 191 190 191 
191 189 189 189 189 190 192 193 193 195 192 192 194 194 194 195 194 192 190 189 190 190 191 191 191 192 192 192 192 194 194 192 191 192 190 189 192 193 192 191 192 190 189 189 191 193 194 195 194 192 191 191 191 190 190 191 192 192 192 192 191 191 191 192 

63 64 64 65 65 67 66 64 64 64 64 63 65 63 63 62 64 63 63 64 66 65 64 64 63 62 62 62 62 62 61 60 62 63 63 64 65 65 64 64 64 69 78 94 113 139 160 176 188 193 191 190 189 187 188 187 190 190 192 192 193 191 191 190 
62 62 63 64 65 66 65 64 64 63 63 63 64 62 62 61 63 62 63 64 65 66 65 65 64 63 62 63 62 63 63 61 62 63 63 64 64 64 63 64 64 68 78 93 113 139 161 176 188 193 192 191 191 189 189 189 190 190 191 192 191 191 191 191 
62 62 62 64 64 65 65 64 65 64 64 64 65 63 62 61 63 63 63 65 67 67 65 65 64 62 63 64 64 64 64 63 63 62 62 63 63 64 63 64 63 68 78 93 113 139 161 176 188 192 193 191 192 190 190 190 191 191 191 192 192 192 192 193 
62 61 62 64 65 65 66 66 66 65 65 64 65 63 63 63 64 65 64 65 67 67 65 65 64 62 62 64 64 65 66 64 64 64 63 63 63 64 64 65 64 69 78 92 112 138 160 175 187 191 192 192 193 192 192 192 193 191 191 192 191 191 192 193 
62 62 62 65 65 65 65 66 65 65 65 66 65 64 63 64 64 65 65 66 68 68 66 66 65 62 61 62 62 64 65 65 65 64 63 63 62 62 64 64 63 68 78 92 112 137 159 174 187 192 194 194 195 194 194 193 192 191 190 191 191 193 193 195 
63 62 62 65 64 63 64 65 64 65 65 66 65 64 64 64 64 64 65 65 67 67 66 67 66 63 63 64 63 64 65 65 66 65 64 63 62 62 62 63 63 68 78 92 113 138 160 175 187 192 194 193 195 195 195 194 192 191 190 190 191 193 194 196 
64 64 64 66 65 64 65 65 65 66 66 66 66 65 65 65 65 65 65 66 67 65 65 65 65 63 63 64 63 63 64 65 65 65 64 63 61 61 62 62 63 68 78 93 113 138 160 175 186 191 193 193 193 194 195 193 192 192 191 191 192 194 195 196 
62 62 63 66 65 64 64 65 64 64 66 66 65 65 65 66 65 65 65 65 66 65 66 65 65 64 63 62 62 61 62 64 66 66 65 64 62 62 62 62 63 68 78 92 112 137 159 175 185 191 192 193 193 194 195 194 191 191 191 190 192 193 194 195 
62 62 63 65 65 63 64 64 63 63 65 65 65 65 64 64 63 63 63 64 65 66 66 66 66 66 65 64 63 62 62 64 65 66 65 64 62 61 60 60 62 68 78 95 116 140 161 176 185 191 191 191 191 192 193 193 191 192 193 191 193 194 194 193 
62 62 63 64 64 63 64 63 63 63 64 63 63 63 63 63 63 63 64 63 65 65 65 65 66 66 66 65 65 63 63 64 64 64 64 63 61 62 61 60 63 69 79 97 120 144 164 179 186 189 188 189 190 192 194 194 193 192 193 191 192 191 192 190 
62 62 63 63 64 63 63 63 62 62 62 63 62 63 62 64 62 62 63 62 63 63 64 64 65 65 65 65 65 63 63 64 64 63 63 63 61 62 62 61 65 72 83 101 124 147 166 179 186 188 188 190 191 192 194 195 193 192 193 191 191 191 192 190 
62 62 63 62 63 63 63 62 62 62 62 63 63 64 64 64 62 62 62 62 63 65 65 65 66 66 65 65 64 63 62 63 64 64 64 65 64 63 63 62 65 73 86 105 129 151 169 181 187 189 187 189 191 193 194 194 193 191 192 191 191 190 191 189 
67 67 66 64 63 64 63 62 61 62 62 62 63 64 64 64 62 62 62 61 63 64 64 64 64 63 63 64 63 62 62 62 62 64 64 64 64 63 63 63 69 78 93 114 139 158 174 184 187 189 188 189 192 194 194 194 193 192 192 191 191 191 191 189 
66 65 66 64 63 63 63 61 62 62 62 63 64 64 64 65 64 63 63 62 63 63 63 63 64 63 63 64 63 62 62 62 62 64 65 65 65 65 63 65 71 83 100 122 145 164 178 186 188 189 188 189 192 194 194 194 193 190 190 190 190 190 190 190 
65 64 64 63 63 63 63 61 61 62 62 64 65 65 64 65 64 62 63 63 63 64 64 64 64 63 62 63 62 62 62 63 63 65 66 66 65 64 63 66 74 87 106 129 151 168 181 188 189 190 190 190 192 193 192 192 192 191 191 191 192 191 192 192 
63 62 63 62 61 61 61 60 60 61 62 63 64 65 64 65 64 63 63 64 64 65 65 64 63 63 62 62 61 61 62 62 63 66 66 66 66 65 65 69 79 95 115 139 160 175 185 189 189 191 191 190 192 193 191 191 191 190 190 191 192 190 189 189 
60 60 61 62 62 62 62 60 61 61 61 61 63 64 64 65 65 64 64 64 64 63 64 63 62 62 62 62 62 63 63 63 64 66 66 65 64 64 64 71 84 103 126 150 168 181 189 192 190 191 191 189 191 191 191 190 191 190 190 191 192 191 190 189 
57 58 59 61 62 62 62 61 62 62 61 61 63 63 63 64 65 64 65 65 65 64 64 63 63 63 63 63 63 62 63 64 65 66 66 65 64 63 66 75 88 108 131 155 171 183 191 193 190 190 190 188 188 189 189 188 190 189 190 190 192 189 189 188 
57 58 59 60 61 62 62 61 61 62 61 61 62 63 62 64 64 64 64 65 64 64 65 63 63 63 63 62 62 62 63 64 65 64 65 64 62 63 69 80 95 116 140 161 175 186 192 193 191 191 190 188 188 189 189 190 191 190 190 190 192 190 190 190 
59 59 59 61 61 63 63 62 62 62 61 61 61 62 61 62 63 64 64 65 64 63 64 63 64 65 65 64 65 63 64 65 66 65 66 65 65 67 75 87 104 126 150 169 181 190 193 193 190 190 189 188 188 190 190 191 192 191 190 189 191 189 189 189 
62 61 62 63 64 64 65 65 64 64 63 63 62 61 61 61 63 64 65 67 66 65 64 63 63 64 64 64 65 64 64 65 65 64 65 64 65 69 79 93 112 134 156 172 182 189 192 192 191 191 190 188 188 189 190 191 192 191 190 190 191 190 190 191 
64 63 63 63 63 64 64 65 64 64 64 64 63 62 61 60 63 64 65 67 67 65 65 63 62 63 63 63 64 63 63 64 64 63 64 65 68 76 88 104 124 145 163 177 184 189 191 191 190 191 191 189 189 191 191 192 193 193 191 190 191 190 190 191 
63 62 63 63 63 64 64 63 63 64 63 63 64 63 61 60 63 64 65 67 66 64 63 63 61 64 65 65 65 65 63 65 63 64 65 67 72 82 96 116 136 156 172 182 188 190 191 192 192 192 192 191 191 192 192 193 194 193 192 192 192 192 192 193 
64 64 65 64 64 65 65 64 64 66 66 65 65 64 63 62 64 65 66 68 67 65 63 63 62 63 64 66 66 66 65 66 64 65 66 70 79 92 108 129 150 165 177 186 189 190 189 191 192 193 193 193 193 193 192 192 193 192 192 192 192 192 191 191 
66 66 66 65 64 64 64 63 63 65 66 66 66 66 64 62 63 64 64 66 66 65 64 63 62 62 63 64 65 66 65 65 64 65 68 74 85 101 119 140 161 174 182 187 188 188 189 190 191 193 194 194 194 193 193 192 193 192 192 192 192 192 192 191 
64 64 64 63 63 63 63 63 63 64 65 65 65 66 65 64 63 64 63 64 64 63 63 64 62 63 64 65 65 66 66 67 67 70 74 83 97 115 134 154 171 180 185 188 188 187 189 191 191 193 194 193 193 194 194 193 193 193 192 192 192 192 192 192 
64 63 64 63 63 63 64 64 64 65 66 66 65 66 64 63 62 62 62 62 62 61 62 63 62 64 64 65 66 66 65 66 68 72 80 92 108 128 147 165 179 185 187 187 187 187 189 191 192 193 194 193 194 194 195 193 193 192 191 190 190 191 190 192 
64 64 63 63 63 63 64 65 65 65 65 65 65 66 65 65 63 62 62 62 62 62 63 63 63 64 64 64 65 65 65 67 72 78 90 104 123 142 161 176 186 189 189 188 187 187 188 190 191 192 193 192 193 193 193 192 192 192 191 189 190 190 190 191 
63 64 63 63 65 65 65 66 65 64 64 64 64 65 64 63 62 62 61 61 61 61 62 63 63 65 65 64 64 63 64 68 75 86 101 117 136 154 170 181 189 190 191 188 187 187 189 190 191 192 191 191 191 191 192 192 191 191 190 189 189 191 191 192 
63 63 63 63 64 65 66 66 66 64 64 64 63 64 65 64 64 65 64 63 62 61 60 62 61 63 64 63 62 63 66 72 83 97 115 133 152 167 179 187 191 192 191 189 188 189 190 191 191 191 190 189 190 190 192 192 191 191 190 189 190 191 190 192 
62 63 63 64 65 66 66 66 66 65 65 65 65 63 64 63 63 64 64 63 62 61 61 61 62 64 66 65 65 66 70 79 92 109 129 147 164 176 184 189 191 191 191 190 190 191 191 192 191 190 189 188 189 190 192 192 191 191 190 189 189 190 189 190 
61 64 64 66 65 66 64 64 64 64 65 65 65 63 64 63 63 63 65 64 63 63 63 62 63 64 65 65 67 72 80 92 109 127 146 162 174 182 186 189 191 190 191 191 191 191 192 191 190 189 188 188 189 190 191 192 192 191 191 190 190 190 190 190 
62 65 64 65 65 65 63 62 63 65 66 67 66 64 64 62 63 64 66 64 65 63 64 63 63 64 66 69 73 81 93 108 125 143 160 173 181 186 188 189 190 190 191 191 190 191 191 190 190 190 189 188 190 191 192 192 193 191 190 190 189 189 190 190 
63 64 64 65 64 63 62 62 63 64 67 67 66 63 63 62 63 63 65 64 64 63 64 63 64 66 69 76 84 95 110 126 143 159 174 182 187 190 190 191 192 193 193 194 192 192 192 190 190 190 191 190 192 193 194 193 194 192 191 190 190 190 190 191 
63 63 63 64 63 61 60 60 61 63 67 67 67 64 63 61 61 60 63 63 63 64 65 65 69 72 79 89 100 112 129 144 159 173 183 188 190 191 190 191 192 193 193 193 192 191 192 190 190 191 192 192 193 194 194 193 194 193 192 192 191 191 191 190 
63 64 64 64 62 61 60 60 61 63 66 67 67 65 63 62 63 61 63 64 64 65 67 69 74 80 90 103 116 131 147 161 174 183 189 192 192 192 192 193 193 194 194 193 191 191 192 190 191 193 193 193 194 194 193 193 193 192 192 192 192 191 192 191 
64 64 63 64 62 60 59 60 62 64 67 68 68 66 64 64 64 63 63 66 66 69 73 79 86 96 109 123 137 150 165 175 183 189 192 193 191 191 192 192 192 194 193 192 192 191 192 191 192 193 194 193 193 193 192 191 192 191 192 193 193 192 193 192 
65 64 65 65 62 61 61 62 63 66 68 67 67 65 63 62 63 63 64 68 71 77 83 93 102 115 128 143 155 167 177 184 189 192 193 194 192 193 194 194 193 194 193 191 191 191 191 191 192 193 194 194 193 193 192 191 191 192 192 193 193 193 193 193 
66 65 65 65 63 61 61 62 62 64 66 66 65 64 63 63 64 66 71 77 82 90 98 109 119 133 146 158 169 178 184 188 191 193 194 195 193 194 194 193 191 192 190 189 190 190 191 191 192 192 193 193 192 192 191 191 192 192 193 193 193 192 193 192 
64 64 64 64 62 62 62 62 63 65 66 66 67 67 66 69 73 76 82 89 96 105 116 129 141 154 164 173 179 184 186 189 191 191 192 193 192 193 194 194 192 193 190 189 189 190 190 191 191 192 192 191 191 190 191 190 191 192 192 192 192 192 192 192 
64 63 63 63 62 61 61 63 65 68 70 72 73 74 75 79 84 90 98 107 115 126 138 149 161 171 179 184 187 189 189 190 191 192 192 192 192 193 193 193 192 192 190 189 189 190 188 188 190 191 191 191 191 190 191 191 191 192 192 191 191 191 191 190 
69 68 68 67 66 67 67 67 70 73 76 79 82 85 86 93 100 107 117 127 135 146 157 165 175 181 186 188 189 190 189 190 192 193 193 193 193 193 193 193 192 192 190 190 189 190 190 190 191 191 191 192 192 191 192 191 191 192 192 192 191 191 191 191 
78 78 78 77 77 77 77 77 80 84 89 93 99 104 106 115 123 130 140 150 156 164 173 177 185 188 190 190 191 190 190 191 194 193 193 193 193 192 192 192 192 191 190 191 190 191 190 191 191 192 191 191 192 190 191 190 190 190 192 191 191 191 190 189 
92 92 93 92 92 92 93 93 96 102 108 113 122 128 131 141 147 152 160 167 171 178 183 186 191 192 192 192 193 192 192 192 195 193 193 193 192 191 191 192 192 191 191 192 191 192 190 190 190 191 190 191 191 190 190 190 191 190 191 191 191 190 189 189 
113 114 114 114 114 115 115 114 118 124 130 137 145 150 153 160 165 169 174 180 182 187 190 191 193 193 193 193 194 193 194 193 196 195 194 194 193 191 191 192 192 191 192 192 191 192 191 191 191 191 190 192 191 191 191 190 190 190 191 192 192 191 192 191 
140 141 141 141 142 142 142 141 143 147 151 157 163 168 170 175 177 181 184 188 189 192 193 193 193 193 192 192 192 192 192 192 195 194 194 194 194 192 191 192 192 192 191 192 191 191 191 192 191 190 191 191 190 190 190 189 190 190 190 192 192 191 192 192 
160 161 161 162 162 162 163 162 163 166 170 174 180 182 184 186 188 189 191 192 194 193 194 193 193 193 193 192 193 192 192 191 194 193 193 193 193 191 191 191 191 191 191 191 191 191 190 191 191 190 190 191 190 191 190 190 190 189 189 190 190 190 191 191 
174 176 176 177 177 178 177 177 178 180 182 186 190 190 190 191 190 191 192 192 193 192 192 192 193 193 194 193 193 192 191 190 193 193 193 194 193 191 190 191 190 190 191 191 190 191 191 191 191 191 191 191 190 192 192 192 192 191 190 191 190 190 191 192 
185 186 186 186 188 188 188 188 189 189 190 192 193 193 192 191 190 191 191 190 192 192 192 192 194 193 194 193 191 190 189 189 191 192 192 193 192 191 191 192 190 191 191 190 189 191 191 191 192 192 193 192 191 193 191 191 189 190 189 190 190 191 191 191 
190 191 191 191 193 193 192 192 192 191 192 193 192 192 192 191 191 191 191 190 192 191 191 191 192 191 192 191 191 191 190 189 191 192 191 192 192 191 191 192 190 191 190 189 189 191 191 192 192 193 194 193 192 192 190 189 189 189 189 190 189 190 189 190 
191 192 191 191 191 192 190 191 192 192 193 194 193 193 193 192 191 192 191 190 190 191 190 190 192 191 192 192 191 192 191 191 191 192 191 192 191 190 191 191 189 190 190 189 189 191 192 192 193 194 195 194 193 193 190 189 188 188 188 189 189 189 190 190 
192 192 191 190 190 190 190 192 192 192 192 192 191 192 192 192 191 191 190 190 190 190 190 190 192 191 191 192 191 191 191 191 191 192 190 192 192 190 191 192 190 190 190 189 189 191 192 192 193 194 194 193 193 192 190 188 188 189 188 189 189 189 189 190 
192 192 191 190 190 190 190 191 191 191 191 191 190 192 192 192 192 191 190 190 190 190 190 191 191 191 191 191 191 192 192 193 192 192 190 191 192 190 191 192 190 190 191 190 190 191 191 192 192 192 193 193 192 191 189 188 188 189 188 190 190 189 189 189 
192 190 191 190 189 190 190 190 190 190 190 189 189 190 191 192 192 191 191 191 190 190 190 190 191 191 190 191 192 192 192 193 193 192 190 192 192 189 190 191 190 190 191 191 191 192 191 192 193 192 192 192 192 192 191 189 190 189 189 189 190 189 189 189 
190 190 190 190 190 191 191 191 191 191 190 189 190 190 191 192 192 192 193 193 192 192 192 191 191 191 190 191 191 192 192 193 194 192 191 191 191 190 191 190 190 190 191 191 192 192 191 191 191 190 190 190 192 192 191 191 191 190 189 190 191 190 190 190 
190 190 191 190 190 191 192 190 189 190 189 188 189 190 190 191 192 191 191 192 192 192 192 190 190 189 189 190 192 192 193 194 194 192 191 192 191 191 190 190 190 190 191 192 193 193 192 192 192 191 190 189 190 191 191 191 192 191 190 190 191 189 189 190 
189 189 190 190 190 192 193 191 191 192 190 189 190 191 191 192 193 192 193 192 192 192 192 191 191 190 189 190 192 192 193 195 194 192 193 193 192 191 192 191 190 191 192 192 192 192 192 191 191 190 190 189 190 190 190 190 191 192 191 192 191 191 189 189 
190 190 191 190 191 192 193 192 192 192 190 189 191 191 192 193 193 192 193 192 193 192 193 192 192 190 190 189 191 190 192 193 193 192 193 194 193 193 193 191 190 190 190 191 191 192 192 191 191 191 190 188 190 190 190 190 191 191 191 191 190 189 188 188 
191 191 191 192 192 193 193 192 192 192 190 191 192 192 193 193 193 192 193 192 193 192 193 192 192 190 191 191 192 192 194 195 194 193 194 194 193 193 191 190 189 189 189 191 191 192 192 191 191 191 190 189 189 189 189 191 191 192 192 191 190 189 188 188 
192 192 192 192 192 192 192 192 192 193 191 192 193 194 194 194 193 192 191 190 192 191 191 192 192 191 191 192 193 192 194 195 194 194 195 195 194 194 191 191 190 190 190 191 190 192 193 192 192 192 190 189 189 188 188 190 191 191 192 192 191 189 189 188 
193 192 191 190 190 191 192 192 193 194 191 192 193 194 194 194 193 192 191 190 191 191 191 191 192 191 192 193 193 193 193 193 192 193 194 194 194 194 192 192 190 189 190 190 190 193 193 193 193 192 190 190 190 189 189 190 191 191 193 193 192 191 190 189 
193 192 192 191 191 191 191 191 191 192 191 192 194 194 193 193 193 191 191 190 191 191 191 191 192 192 192 193 193 193 193 192 191 192 192 192 193 193 191 191 190 189 191 191 191 193 194 193 194 193 191 191 191 190 189 191 191 191 192 192 192 191 191 191 
192 192 191 191 191 191 191 190 191 193 191 192 194 195 194 194 193 192 191 190 190 191 190 190 191 192 192 194 194 194 194 192 190 192 191 191 192 192 190 191 191 189 191 191 191 194 194 194 194 194 192 192 191 190 189 191 191 191 192 193 192 191 192 193 
192 191 191 189 189 190 190 190 191 193 191 192 195 195 194 194 194 191 191 189 190 190 190 189 190 191 191 192 193 194 193 192 189 191 190 190 193 195 194 193 193 191 191 190 191 194 195 194 194 193 191 191 191 190 188 190 190 190 191 192 192 192 192 194 

62 62 62 63 62 64 65 64 65 65 64 62 64 63 62 62 64 62 61 64 64 64 63 64 62 61 61 62 62 62 62 62 62 63 64 65 66 66 65 64 69 78 93 113 139 159 176 186 193 192 192 190 189 188 188 187 189 190 191 192 192 192 192 192 
61 61 61 62 62 64 65 65 64 64 63 61 62 61 61 62 63 62 62 64 64 65 65 65 63 61 61 62 62 63 63 62 61 62 63 64 64 65 64 64 69 79 93 113 139 159 176 186 193 191 192 190 191 189 190 189 190 190 190 191 191 191 191 192 
61 62 62 63 63 64 64 64 65 65 64 63 63 62 61 61 63 62 63 64 65 66 65 65 63 61 61 64 63 64 65 64 62 63 63 63 63 64 64 64 69 79 93 114 139 159 176 187 193 191 192 191 191 190 190 189 191 191 191 192 192 193 193 195 
61 62 62 63 63 65 65 66 66 66 64 63 63 62 62 64 64 65 64 65 66 67 66 65 64 62 62 64 64 65 66 64 63 63 62 62 62 64 64 65 70 80 94 114 139 159 176 186 193 192 193 191 193 192 192 191 193 191 192 192 192 192 193 193 
61 62 62 63 64 65 65 66 66 66 65 65 63 63 63 64 64 66 65 66 67 67 66 66 65 62 62 63 62 63 65 64 63 63 62 62 62 63 64 65 69 80 94 114 138 158 175 185 192 192 194 193 195 194 194 193 193 192 191 191 192 193 194 196 
61 62 62 64 65 64 64 65 64 65 65 65 64 64 64 65 64 65 65 65 66 67 67 66 66 63 64 64 63 64 65 64 64 63 63 62 61 63 63 64 69 80 94 114 139 159 176 186 193 192 194 194 195 194 195 194 193 192 192 191 192 194 194 196 
63 65 65 66 66 65 65 65 64 66 66 66 66 66 64 65 65 65 65 65 66 65 65 65 65 64 64 64 64 63 64 64 65 65 64 63 62 62 63 63 69 80 93 114 139 158 175 186 192 192 194 195 194 193 194 193 193 193 193 192 193 194 195 197 
62 63 63 65 65 65 65 65 64 65 66 66 66 66 65 66 64 64 64 64 65 65 65 66 66 65 64 63 62 62 62 64 65 65 64 64 63 63 64 63 69 80 94 114 139 159 176 186 193 193 194 195 195 194 195 194 193 192 192 191 192 192 193 194 
62 63 63 64 64 64 64 64 63 65 66 65 66 66 64 63 62 61 62 63 64 65 66 66 67 66 65 64 63 62 62 63 65 66 65 65 63 62 62 63 70 81 96 118 142 161 177 188 192 193 192 193 192 191 193 193 191 193 193 192 193 193 193 193 
62 63 63 65 65 65 65 65 64 65 66 65 65 64 63 62 62 61 62 62 64 64 65 65 66 66 66 65 64 63 62 63 65 65 64 64 62 63 62 64 72 84 99 122 146 164 179 188 192 191 190 191 191 191 193 193 192 192 193 191 192 191 192 191 
63 63 63 64 64 64 65 64 64 65 64 64 65 64 63 63 62 60 61 62 62 63 63 63 66 65 65 64 64 62 61 63 65 64 64 65 63 63 64 65 74 87 102 126 149 167 180 188 190 190 189 191 192 193 193 194 192 192 192 191 191 191 192 191 
63 63 63 62 63 63 63 64 64 64 64 64 65 65 64 63 62 61 62 62 63 65 64 65 67 66 65 65 64 63 62 63 64 64 64 65 63 64 64 67 76 89 107 132 154 171 184 189 190 190 188 190 193 193 193 194 192 191 191 191 191 190 190 188 
67 67 66 64 64 64 63 63 63 64 63 64 66 65 64 64 63 61 61 61 63 63 63 64 65 64 64 64 63 61 61 62 63 64 65 65 64 64 64 69 81 96 116 141 160 174 185 189 188 189 188 190 193 194 194 194 192 191 192 192 191 191 191 189 
67 65 65 63 63 63 63 63 64 64 63 64 66 65 64 65 64 62 63 62 63 62 62 63 65 64 65 64 63 61 61 62 63 64 65 66 65 66 67 73 85 102 123 147 165 178 187 189 189 189 189 191 194 195 195 194 193 190 190 190 190 189 189 189 
66 64 64 63 63 63 63 63 63 64 63 64 66 66 65 65 64 62 63 63 64 64 64 64 64 64 63 64 62 62 62 63 64 66 67 67 65 65 67 75 88 107 130 153 170 181 189 191 191 192 192 192 194 194 193 192 192 190 190 191 191 190 191 190 
64 63 63 61 61 62 62 62 62 64 63 64 66 66 65 64 65 63 64 65 65 65 65 64 63 63 63 63 61 62 63 62 64 66 66 65 65 65 70 80 96 117 141 162 176 186 191 193 191 192 193 192 193 194 192 191 191 190 190 190 191 189 189 189 
62 61 62 62 61 62 62 61 62 63 63 63 64 65 64 65 65 65 64 65 65 64 64 64 63 63 63 63 62 63 64 64 65 66 66 65 65 65 72 85 102 126 150 169 181 189 192 192 191 191 192 191 191 192 191 190 191 190 190 190 191 189 189 189 
60 59 60 61 61 62 63 63 63 64 63 63 63 64 63 63 65 65 65 66 66 65 64 63 63 63 63 63 63 63 64 64 65 66 66 64 65 68 76 91 109 132 155 173 184 191 193 193 191 191 191 190 191 190 190 189 190 189 189 189 191 188 188 188 
58 59 60 62 62 63 64 63 63 64 63 63 63 64 63 64 64 65 65 66 65 64 64 63 63 63 62 63 62 62 64 64 65 65 65 63 65 69 81 97 117 141 161 176 186 191 193 193 191 191 192 190 190 190 190 190 191 190 190 190 191 190 190 190 
59 59 60 62 62 63 63 63 63 63 62 62 62 62 62 62 63 64 64 64 64 64 63 63 64 65 65 65 65 64 64 64 65 65 65 65 69 76 89 108 128 150 168 181 188 191 192 191 190 190 189 188 188 189 190 190 191 191 190 189 191 189 189 189 
61 61 63 65 64 65 65 64 64 64 63 63 62 62 62 61 63 65 65 66 65 65 64 64 63 64 64 64 64 63 63 63 64 64 65 66 71 80 95 116 136 155 171 182 187 189 190 191 190 190 189 188 188 189 190 190 192 191 191 190 191 189 189 189 
62 62 63 65 64 65 65 64 64 63 63 63 63 62 62 61 63 64 65 66 66 64 63 62 61 62 62 62 63 62 62 63 64 64 66 70 78 90 107 129 148 164 177 186 188 189 190 190 190 191 191 191 191 191 192 192 193 192 192 190 192 190 190 190 
62 62 63 64 64 64 64 62 62 62 62 62 63 62 62 61 62 64 64 65 64 63 62 62 61 64 64 65 64 65 64 64 64 65 68 74 84 98 117 139 158 172 182 188 189 190 191 192 192 192 192 191 191 191 193 193 194 193 194 192 192 191 191 191 
65 64 65 65 64 64 64 62 62 63 63 63 64 63 63 62 63 65 66 67 66 64 63 63 61 63 63 64 64 65 65 65 65 67 71 81 95 112 130 152 168 178 185 189 189 190 190 192 193 193 193 193 193 192 192 192 193 193 193 192 192 191 190 189 
66 66 66 66 64 63 64 62 62 63 64 65 65 65 64 63 63 65 65 67 66 64 62 62 60 61 61 63 63 65 65 65 66 70 77 88 104 123 142 161 175 184 187 190 189 189 190 191 193 193 194 193 193 192 193 192 193 193 194 193 192 191 191 191 
66 65 65 64 63 62 62 62 62 63 63 64 64 65 64 64 63 64 63 64 63 62 62 63 61 62 63 64 64 66 66 69 70 77 86 100 118 138 155 171 182 187 189 190 189 189 191 192 193 193 194 193 193 193 194 193 194 194 193 192 192 192 192 193 
67 65 65 63 63 62 63 63 64 64 65 65 64 65 64 64 62 63 62 64 62 62 61 63 61 63 64 65 64 65 66 69 73 82 96 112 131 150 167 179 187 189 188 188 188 189 190 193 193 193 193 192 193 193 194 193 192 192 190 190 190 191 191 192 
66 65 65 64 63 62 63 64 63 64 64 64 63 65 65 65 64 64 63 64 62 62 62 63 61 62 63 63 63 65 68 73 81 93 109 126 146 163 177 186 191 191 189 189 189 188 189 192 192 192 193 193 192 193 193 193 193 193 191 189 190 190 190 191 
65 65 64 64 64 64 65 65 63 63 62 62 62 64 64 64 63 64 62 62 62 62 62 64 63 64 65 64 64 66 70 79 90 105 123 140 157 171 182 188 191 191 190 189 189 188 189 190 191 191 191 190 190 190 192 192 192 191 190 188 189 190 190 192 
64 64 64 64 64 65 66 66 65 64 64 63 63 64 64 65 64 65 64 63 62 61 60 62 61 62 63 64 65 70 77 89 103 120 139 155 170 180 188 192 192 192 191 189 189 190 190 192 192 191 190 190 190 191 192 192 192 190 189 188 190 190 191 192 
64 64 64 64 65 66 66 66 65 65 65 65 65 64 64 64 64 64 65 64 63 61 61 61 62 63 66 68 72 78 87 99 116 134 151 166 178 186 190 192 192 192 191 191 191 191 192 192 191 190 190 189 190 191 192 191 191 190 189 189 189 190 190 191 
62 64 64 66 65 66 65 65 65 65 65 66 66 64 65 64 63 63 65 63 64 62 62 62 62 64 68 72 78 89 101 116 133 151 165 176 184 188 189 191 192 192 192 192 191 191 191 191 190 190 189 189 189 190 191 190 191 191 191 191 191 190 190 191 
62 65 65 66 66 66 64 64 65 66 67 67 67 65 65 63 63 64 65 64 65 63 63 63 64 67 72 80 90 102 116 132 147 163 175 182 187 189 188 190 191 191 192 192 191 190 191 190 190 189 189 188 189 189 191 189 190 190 189 189 190 190 190 191 
62 64 64 65 64 65 63 64 65 66 68 68 68 65 65 64 64 64 66 65 64 63 64 65 67 72 81 91 103 119 134 150 163 176 183 188 190 191 191 192 193 194 194 194 192 192 192 191 190 190 191 190 191 192 193 190 192 190 189 190 191 190 191 192 
63 64 64 64 63 63 62 62 64 65 68 69 68 65 64 63 62 62 65 65 64 65 68 70 76 85 96 108 122 137 151 164 175 184 189 191 191 191 191 192 193 194 194 194 192 191 191 190 190 190 192 191 192 193 193 191 192 191 191 191 192 191 192 191 
64 65 65 65 63 63 61 62 64 65 68 68 68 65 64 63 63 62 64 66 67 70 75 79 87 98 111 125 140 153 165 176 184 189 192 193 191 192 191 192 193 194 194 193 192 191 192 190 191 191 193 191 193 193 193 192 193 191 191 191 192 191 192 191 
65 65 65 64 62 61 60 62 64 66 68 68 67 66 65 64 64 65 67 71 73 78 85 94 104 117 131 145 158 169 179 186 190 192 193 192 190 191 192 192 192 193 193 192 192 192 193 192 192 192 193 191 193 193 193 192 193 192 192 192 193 191 192 191 
67 66 65 64 62 61 62 63 65 66 68 67 66 64 63 64 65 68 72 78 83 91 100 112 124 138 151 162 172 181 187 191 193 193 193 193 191 193 194 194 193 194 193 192 192 192 193 192 193 193 195 194 194 193 193 192 193 192 193 193 193 192 193 192 
69 67 67 66 63 61 62 62 63 65 65 66 65 66 65 68 71 76 82 91 98 109 119 132 143 156 167 174 181 187 190 191 193 193 193 193 192 193 194 192 191 192 190 190 192 192 193 193 194 194 194 193 193 192 192 192 192 193 194 194 194 193 193 192 
68 66 66 65 63 61 62 62 64 67 68 70 71 73 74 79 84 90 98 109 117 129 140 151 161 171 179 184 187 189 190 191 191 191 191 191 190 192 193 193 192 193 190 190 190 191 192 193 193 193 193 191 191 191 191 191 191 191 192 191 191 191 191 191 
71 69 69 68 67 66 67 68 71 74 77 80 84 86 88 95 102 109 119 130 138 149 159 168 176 183 188 191 191 191 191 191 192 192 192 192 192 193 193 192 192 192 191 190 190 190 189 189 191 192 192 192 192 191 191 191 190 191 192 191 191 191 190 190 
79 79 80 78 78 78 78 78 81 85 88 92 98 103 105 114 122 130 140 150 157 166 173 180 186 189 191 193 191 192 192 192 193 193 192 193 192 193 193 193 192 192 191 190 190 191 192 192 193 194 193 192 192 191 191 190 190 190 191 191 191 191 191 191 
94 95 95 94 94 93 94 93 96 102 107 112 121 127 130 139 146 151 159 167 172 178 183 186 190 191 192 192 192 191 192 192 194 193 193 193 192 192 192 191 190 191 191 191 191 192 192 192 192 193 192 191 192 190 190 190 189 189 191 191 192 192 191 191 
112 114 114 114 113 113 114 113 118 125 131 138 148 153 155 162 166 169 174 180 183 187 189 190 192 191 193 193 193 192 193 192 194 193 193 193 192 190 190 190 190 191 191 192 191 192 191 191 190 191 190 190 191 190 190 190 191 190 191 191 191 191 191 190 
139 140 141 140 140 140 140 139 142 147 153 158 165 170 171 176 178 180 184 187 189 191 192 193 193 193 194 194 193 193 194 193 195 195 195 194 193 191 190 190 190 191 192 193 193 194 193 192 192 192 191 191 192 191 191 191 190 191 192 194 194 194 193 192 
161 162 162 162 162 163 162 161 162 165 169 173 178 181 182 184 185 187 189 190 192 192 193 193 194 193 193 192 191 191 192 191 194 193 194 193 193 190 191 191 191 192 192 192 192 192 192 192 192 191 191 191 191 191 191 191 191 191 192 194 194 194 193 193 
176 177 177 178 177 177 178 177 177 179 182 185 189 191 191 190 190 190 191 191 193 193 194 193 194 193 193 192 191 191 191 190 193 193 194 193 192 190 190 189 189 191 192 192 192 192 191 191 190 189 189 190 190 191 191 191 191 191 191 192 192 192 192 192 
185 186 186 187 188 188 187 187 187 187 189 191 193 192 192 190 190 190 191 191 193 192 193 192 194 193 193 192 191 190 190 190 192 193 194 194 192 190 190 191 190 192 193 192 192 192 191 191 190 189 189 189 189 191 191 192 192 192 191 191 191 191 191 192 
190 191 191 191 193 194 192 193 192 191 191 192 191 192 192 190 190 191 191 190 192 191 192 192 194 193 193 192 190 189 189 188 189 191 192 192 191 190 190 191 190 192 193 191 191 192 192 191 191 191 191 191 190 191 191 191 190 191 190 191 190 191 191 192 
190 191 190 191 193 193 192 192 191 190 191 192 191 191 192 190 190 191 191 190 192 191 192 191 192 191 191 190 190 189 189 189 189 191 190 191 191 190 190 191 191 192 192 190 190 191 191 191 191 191 192 191 190 191 191 190 189 190 189 189 189 189 189 190 
191 192 191 190 191 191 190 191 191 190 191 192 191 192 192 191 191 192 191 190 191 191 190 190 192 190 190 190 189 190 190 190 190 191 190 191 190 189 190 191 190 191 191 190 191 192 192 192 192 192 192 192 191 191 190 189 188 189 189 190 189 189 190 190 
191 191 190 190 190 191 190 191 191 190 190 192 190 191 191 191 190 191 190 190 191 190 190 190 190 189 189 190 189 190 190 190 191 191 189 190 191 190 190 192 191 191 191 190 190 191 192 192 193 192 192 192 192 191 190 189 189 189 190 190 190 190 190 190 
192 192 192 190 190 191 190 191 191 190 190 191 190 192 193 192 191 191 190 190 191 191 190 190 190 189 189 190 190 191 192 192 192 191 190 190 191 190 190 191 191 190 191 190 191 191 191 192 192 191 191 192 191 192 190 190 190 190 190 191 191 190 190 190 
192 191 191 190 190 190 190 191 191 190 190 190 189 190 191 191 190 190 190 190 191 191 190 190 190 190 189 190 190 192 193 194 193 192 190 191 191 189 190 191 190 190 190 190 191 192 192 193 193 191 191 191 192 192 191 190 191 190 190 190 190 190 190 189 
190 190 190 190 190 191 192 192 192 192 191 191 190 191 191 191 191 191 191 191 192 192 191 191 190 189 188 190 190 192 193 194 194 192 191 191 191 189 190 190 190 189 190 191 191 192 191 191 191 190 190 190 191 192 192 192 191 190 190 191 191 191 191 191 
190 190 190 190 191 191 192 191 191 190 189 189 189 191 191 191 191 190 190 191 192 192 192 191 190 189 189 190 192 192 193 195 193 191 191 191 191 190 190 190 189 189 191 193 193 193 192 192 191 190 190 190 191 192 192 192 192 191 190 190 191 191 190 192 
188 189 190 189 190 192 193 192 192 192 190 189 190 191 192 192 193 191 191 191 192 192 192 192 191 190 189 190 192 192 194 195 194 192 192 192 191 191 191 190 190 190 192 193 193 192 192 191 190 190 190 189 190 191 190 191 192 192 191 191 191 191 190 191 
189 188 189 188 190 192 193 193 193 193 190 189 191 192 191 192 193 191 191 192 194 193 194 193 192 191 190 190 191 191 192 192 192 190 191 191 192 192 192 191 190 190 190 191 191 192 192 190 190 190 190 189 191 191 191 191 192 192 192 191 191 190 189 190 
189 190 190 190 191 192 193 193 194 193 191 191 192 192 192 192 193 192 192 193 194 193 194 194 193 191 191 191 192 191 193 194 193 191 192 192 192 192 191 191 190 190 191 192 192 193 192 190 191 191 190 190 191 190 190 191 193 193 193 192 192 191 189 190 
191 191 190 190 191 192 192 191 193 192 191 192 194 193 193 193 193 191 191 192 193 192 192 193 193 192 191 192 192 192 193 193 193 191 192 192 192 191 191 191 190 190 192 192 192 194 193 191 192 192 191 190 192 191 189 191 193 193 194 194 193 191 189 190 
191 190 189 189 189 190 191 192 194 194 192 192 194 193 193 193 192 192 192 192 193 192 191 192 192 192 192 193 193 193 193 194 193 192 193 193 193 192 192 191 191 190 191 191 191 193 194 192 193 192 191 190 192 190 190 191 193 193 194 194 193 191 190 190 
191 190 189 189 189 189 189 190 192 193 192 193 195 194 193 193 193 192 193 192 192 192 191 191 192 192 192 194 193 193 193 192 191 191 191 192 192 192 192 191 191 190 191 190 191 194 194 193 194 194 192 192 194 192 191 192 193 192 193 194 193 191 191 191 
190 190 190 189 189 189 189 189 191 193 192 193 194 193 193 193 193 193 193 192 191 192 190 190 191 192 191 194 194 194 194 193 192 192 192 192 191 191 190 190 190 190 191 191 191 194 195 194 194 194 192 192 193 192 190 192 192 191 192 194 193 192 192 192 
189 189 188 187 186 187 188 188 190 193 193 193 195 195 194 194 194 193 193 191 191 191 189 189 190 191 191 194 195 195 193 193 191 192 192 192 193 193 193 192 193 190 190 189 190 193 195 194 194 194 191 192 193 192 190 191 191 191 191 194 193 193 192 193 

61 61 61 63 62 63 65 65 65 66 65 64 65 64 62 63 65 64 64 65 64 64 64 63 63 63 62 62 63 63 63 63 64 64 66 66 66 66 64 68 78 92 113 138 160 175 187 191 192 191 191 189 190 189 188 188 190 190 191 193 193 193 193 193 
61 61 61 63 63 64 65 65 65 65 64 63 64 64 62 64 66 65 65 65 64 65 64 64 64 63 63 63 63 63 64 63 64 64 65 65 65 65 64 68 79 94 114 139 160 175 187 192 193 192 192 190 191 191 190 190 190 190 190 191 191 192 192 193 
61 61 61 63 63 63 64 65 65 66 65 64 64 64 62 64 65 65 65 65 65 65 64 64 65 63 63 64 64 64 64 64 64 64 65 65 64 64 63 68 79 94 114 140 161 176 188 192 194 192 193 191 192 191 191 191 192 191 191 192 192 193 194 195 
61 62 61 63 63 64 64 65 66 66 64 64 63 63 63 65 66 66 66 66 65 66 65 65 65 64 64 64 64 64 65 63 63 63 64 64 64 64 64 69 80 94 114 139 160 175 187 192 193 193 193 191 193 192 192 192 194 192 192 191 191 192 193 194 
60 62 62 63 64 65 64 66 66 66 65 65 64 64 64 65 66 67 66 66 67 66 65 66 66 63 63 63 62 62 64 63 63 63 63 63 63 64 64 70 80 94 115 140 159 173 186 190 193 192 194 193 194 194 193 193 193 191 191 190 191 193 194 195 
61 63 62 64 64 64 63 64 65 66 65 66 65 65 65 66 65 66 65 65 66 67 66 66 67 64 64 65 64 64 65 64 64 64 64 63 63 64 64 70 80 95 115 140 160 174 187 191 194 193 195 194 195 194 194 193 193 191 191 190 191 193 193 195 
63 64 64 66 65 65 64 64 65 66 66 66 67 66 65 65 65 65 65 65 66 66 65 64 65 64 64 64 64 63 63 63 64 64 64 64 63 63 64 68 79 94 113 138 160 174 186 191 193 192 194 194 193 192 193 192 193 193 192 191 192 193 194 195 
61 62 62 64 64 64 65 65 65 66 66 66 66 67 65 66 65 64 64 64 65 66 65 65 66 64 64 64 64 63 63 64 64 64 64 64 63 64 66 70 81 95 115 139 159 174 186 191 193 194 194 194 193 192 192 192 192 192 191 190 191 191 191 192 
61 62 62 64 63 64 64 64 63 65 66 65 66 67 65 64 63 62 62 63 65 66 66 66 66 65 65 64 65 64 63 64 65 65 65 64 63 63 65 71 83 98 119 142 162 176 187 192 193 193 193 193 191 190 191 192 191 192 192 190 191 191 191 190 
62 63 63 65 64 64 64 64 64 66 66 65 66 66 64 63 63 61 62 63 64 65 65 64 65 65 65 65 65 64 64 64 65 65 65 64 63 62 66 72 85 102 123 145 164 178 188 192 193 193 191 192 191 190 191 192 191 193 192 190 191 190 189 189 
61 62 62 64 64 64 65 64 63 65 64 64 65 65 64 64 64 61 61 62 62 63 63 63 64 64 64 65 65 63 63 64 65 64 65 64 63 63 68 75 88 106 127 148 167 180 187 191 191 192 191 193 192 192 192 192 191 191 192 190 190 190 190 189 
62 62 62 62 63 63 64 64 63 64 64 64 65 65 64 63 63 61 61 61 63 64 65 65 66 65 65 65 65 63 63 63 64 64 64 64 64 65 70 78 92 111 133 153 170 182 189 190 191 192 190 192 193 193 192 193 191 190 191 191 190 190 190 188 
66 65 65 64 64 64 63 63 63 64 64 63 65 64 64 63 63 61 61 61 62 62 63 63 64 63 64 64 63 62 62 62 64 65 65 64 64 65 71 82 98 118 140 159 174 183 189 189 189 191 189 191 193 194 193 193 192 191 192 191 190 190 191 188 
66 65 64 63 64 63 63 63 64 64 64 64 66 65 65 64 64 62 62 62 62 62 62 62 64 64 64 65 64 62 62 63 64 65 66 65 65 68 75 86 103 125 147 164 178 186 189 189 189 190 190 192 194 194 194 193 192 189 190 190 189 188 189 188 
64 63 63 62 64 64 64 64 64 63 63 63 65 65 65 64 65 62 63 63 63 63 63 63 63 63 63 64 63 62 63 63 65 66 66 66 66 70 77 90 109 131 152 169 181 188 191 191 190 191 191 192 194 194 193 193 192 189 190 190 190 189 191 189 
62 62 61 61 63 63 63 64 64 63 63 63 64 64 64 64 65 63 64 64 64 63 63 63 62 63 62 62 62 62 63 63 64 65 65 64 67 72 82 98 119 141 161 176 186 190 192 191 191 191 192 192 193 193 193 191 191 189 190 190 191 190 190 189 
61 61 61 62 62 63 63 63 63 63 63 62 64 64 64 64 65 64 64 65 64 63 63 63 61 62 62 63 63 64 64 64 66 66 65 65 69 74 87 105 127 150 168 182 189 191 191 191 190 190 191 191 192 192 192 191 191 190 190 190 191 190 190 189 
59 60 60 62 63 63 64 64 63 63 63 62 63 63 63 63 64 64 65 65 65 64 64 63 62 62 62 63 63 63 64 63 64 64 65 66 71 79 92 112 133 155 172 185 191 193 192 192 191 190 192 192 192 191 190 189 189 188 190 190 191 189 189 189 
59 60 61 64 64 65 65 64 63 64 63 62 63 63 63 63 64 65 65 65 64 64 64 63 62 62 62 62 63 63 64 63 65 63 65 66 74 83 100 121 143 162 177 187 192 192 192 192 191 191 192 191 191 190 190 189 190 189 191 190 192 192 192 192 
61 62 63 64 64 65 65 63 63 63 62 62 62 61 62 62 62 63 63 64 64 64 64 65 65 66 65 65 65 64 64 63 65 63 66 70 80 92 110 132 153 169 182 191 193 192 192 192 191 191 191 190 190 189 190 190 191 190 191 190 192 191 191 191 
64 64 66 67 67 66 66 64 63 63 63 63 63 62 62 61 63 64 64 65 65 65 65 65 65 65 64 64 65 63 64 63 64 64 68 74 85 99 118 140 159 173 183 190 190 190 191 192 191 191 191 190 189 189 190 190 191 190 191 190 192 191 192 192 
66 65 66 68 67 66 66 64 64 63 64 64 64 63 62 61 62 63 64 64 64 64 64 64 64 64 64 63 63 63 63 63 64 65 71 80 94 111 132 152 169 180 187 191 191 190 191 192 191 192 192 192 191 190 191 191 191 191 192 190 193 192 192 192 
66 66 67 68 67 66 64 62 62 62 62 63 64 63 62 62 63 63 63 63 63 63 63 64 64 66 66 65 65 65 65 65 66 69 77 87 104 122 142 160 175 184 189 191 190 191 192 193 193 193 192 191 191 190 192 191 192 193 193 192 194 193 193 193 
67 66 67 66 66 65 64 62 62 63 63 64 64 64 63 62 64 64 65 66 65 65 64 65 64 65 65 65 65 65 65 66 68 74 83 98 116 136 153 170 182 187 189 191 190 190 191 192 193 193 192 192 192 191 192 191 192 193 193 192 193 192 191 191 
67 66 66 66 65 63 63 62 62 64 65 65 66 66 64 63 64 65 64 66 65 64 63 63 62 62 62 63 63 64 66 68 72 81 93 108 128 147 163 177 186 189 190 190 189 189 190 191 192 192 193 192 192 191 191 191 192 192 193 193 193 192 192 192 
67 66 65 64 63 62 63 63 63 64 64 65 65 66 65 64 63 63 63 64 64 63 63 65 63 64 64 65 64 65 68 73 79 90 105 122 141 159 173 183 190 191 191 190 190 189 190 191 192 192 192 191 191 190 191 191 193 193 192 191 192 191 191 192 
66 64 64 63 63 62 63 64 64 65 65 66 65 66 65 64 63 64 62 64 63 63 62 64 62 64 64 65 65 66 70 77 86 101 119 135 153 169 179 186 190 190 189 189 189 189 190 192 193 192 191 190 190 190 191 191 192 191 191 190 190 190 190 191 
65 63 63 63 63 62 63 65 65 65 65 66 65 66 65 65 64 64 63 65 64 64 62 64 62 62 63 64 64 68 75 85 98 115 134 150 166 179 186 191 193 191 190 189 189 188 189 190 191 191 192 191 190 190 191 192 193 192 191 189 189 189 189 190 
64 63 63 63 63 64 65 65 64 64 64 64 64 65 65 64 63 64 63 64 63 64 63 64 63 64 64 65 67 73 82 96 110 129 148 162 174 184 188 191 192 191 191 190 190 189 190 191 191 191 191 189 189 188 190 191 191 190 190 188 189 189 189 190 
65 64 64 64 64 65 66 66 65 65 65 64 64 65 65 65 64 64 63 63 63 63 62 63 62 63 65 68 72 80 93 108 125 144 161 172 182 188 190 192 192 191 191 190 190 191 191 192 192 191 190 189 190 189 192 191 192 190 190 189 189 189 190 191 
63 63 64 65 64 66 66 66 65 66 66 66 66 65 65 64 64 64 64 64 64 62 62 62 62 65 70 75 83 94 107 123 139 158 171 180 187 191 190 191 191 190 191 191 192 192 192 193 192 190 190 189 190 190 191 191 191 190 191 190 190 191 191 191 
61 64 64 65 65 66 66 66 65 66 65 65 65 64 64 63 63 63 64 64 66 64 63 64 66 69 76 84 95 109 124 140 155 170 180 185 190 191 189 190 191 191 192 192 191 191 192 191 191 191 191 190 190 190 190 190 191 191 191 191 191 192 192 192 
61 64 64 66 65 67 65 65 65 66 66 66 66 64 64 63 64 63 65 65 66 65 65 67 71 77 86 98 111 125 140 156 168 179 185 188 189 190 187 189 190 191 191 192 191 191 192 191 192 191 190 189 189 189 190 190 190 189 190 190 190 191 192 191 
62 65 65 66 64 65 64 66 66 67 68 68 67 64 64 63 64 64 65 65 66 65 68 72 79 87 100 114 128 143 157 169 179 187 190 191 192 191 190 192 192 193 193 193 192 192 192 190 191 190 191 190 191 191 192 191 191 190 190 191 191 192 193 193 
62 64 64 64 63 63 63 64 66 67 69 68 67 64 64 62 63 63 66 68 70 72 77 82 92 104 118 132 147 160 171 179 186 191 192 193 191 191 190 191 191 192 193 193 192 191 191 190 190 190 192 191 192 192 193 192 192 191 192 192 192 191 192 191 
64 65 65 65 63 63 62 63 65 66 68 66 65 63 63 60 64 65 69 73 78 82 89 97 108 122 135 149 162 172 180 186 190 193 194 193 191 192 191 192 193 193 193 193 191 191 192 190 191 191 192 191 193 193 194 193 194 192 193 192 192 191 192 191 
66 65 65 65 63 62 62 63 65 66 68 66 66 65 65 64 69 72 77 83 88 95 105 115 128 141 154 164 174 181 187 190 193 193 193 192 190 190 191 192 192 193 192 191 191 192 193 191 192 191 193 191 193 193 194 194 194 193 194 193 193 191 192 190 
68 66 66 65 62 62 63 64 65 66 68 66 67 66 68 70 75 81 87 95 103 112 124 136 148 160 170 177 184 187 191 192 193 192 192 192 191 192 193 193 193 193 193 192 193 193 193 192 193 192 194 193 194 193 194 193 194 194 195 195 194 193 193 192 
68 66 67 66 64 62 63 64 66 68 70 71 71 73 75 79 86 93 102 113 122 132 144 155 165 174 181 185 188 189 191 191 192 191 192 192 191 192 193 192 191 191 190 190 192 193 194 193 194 193 194 193 193 191 191 192 193 194 196 196 195 194 193 192 
72 71 71 70 69 68 68 70 72 75 77 80 82 85 88 95 103 111 122 133 142 151 161 170 178 184 188 190 190 189 190 190 191 190 191 191 190 192 192 193 192 193 192 191 191 192 193 193 194 194 194 191 191 190 191 191 192 193 194 194 193 193 193 192 
80 80 80 79 79 78 79 81 84 88 92 96 100 104 108 117 125 133 143 153 159 166 174 181 187 190 193 193 192 191 191 191 191 192 192 191 191 192 193 192 192 192 192 190 190 192 191 190 193 194 193 192 192 190 190 191 191 192 193 194 192 193 192 191 
94 95 95 93 93 94 93 95 98 103 107 113 119 125 129 138 145 152 160 168 173 179 184 188 191 192 193 194 193 192 192 192 193 193 193 193 192 193 193 193 192 193 192 190 190 192 192 192 193 195 194 192 192 191 190 191 191 192 193 194 192 193 193 193 
114 115 116 114 114 114 114 115 119 125 131 137 144 149 152 159 164 167 173 180 183 187 189 191 193 192 193 193 192 190 191 192 194 194 194 193 192 191 191 192 191 192 192 191 191 192 192 192 193 194 193 191 192 190 189 190 190 190 192 193 192 193 192 192 
139 141 141 140 140 140 139 138 142 147 152 157 165 169 171 176 178 180 183 188 189 190 191 192 192 191 193 194 193 192 193 192 194 194 193 192 191 189 189 191 190 192 193 192 191 191 190 189 190 191 190 189 191 191 190 191 191 190 191 192 191 191 191 190 
161 162 162 161 161 161 160 159 161 164 168 173 179 181 183 186 186 187 188 191 192 192 192 193 193 192 193 194 193 193 193 193 195 195 194 192 192 189 189 190 189 191 192 192 191 193 192 191 190 190 190 191 192 192 191 191 191 191 192 193 193 193 192 192 
179 179 179 178 177 177 177 175 175 177 179 183 187 189 190 190 189 189 189 191 192 192 193 194 194 193 193 192 191 191 192 191 194 194 194 193 192 189 190 191 190 192 192 191 191 191 190 191 190 190 190 190 191 190 190 190 191 192 192 193 194 194 193 193 
189 189 189 189 188 188 188 187 186 187 188 190 192 192 192 191 191 190 191 191 194 193 194 193 194 192 193 192 192 190 191 190 192 193 193 192 191 189 189 189 189 192 192 192 192 192 190 190 189 188 189 189 190 190 191 190 191 191 192 193 193 193 192 192 
193 193 193 193 194 193 192 191 191 190 189 191 192 191 191 190 190 190 191 191 193 192 193 192 193 192 193 192 192 190 191 190 193 194 194 193 191 189 190 191 191 193 193 192 191 191 190 190 189 188 189 189 190 190 191 191 192 193 192 192 192 192 191 191 
191 193 192 192 193 193 191 191 191 190 190 191 191 191 191 189 190 190 190 190 192 191 193 192 194 192 193 191 190 188 188 188 190 192 193 192 192 190 191 192 192 193 193 191 191 191 191 191 191 190 192 191 191 190 191 190 190 192 191 192 192 193 192 193 
192 193 192 192 193 192 191 191 191 190 190 191 190 191 191 189 189 190 190 189 191 191 193 191 193 192 192 190 190 189 189 188 190 192 191 192 191 190 191 192 193 194 193 191 190 189 190 191 191 190 192 191 190 190 191 189 190 191 191 192 191 191 190 191 
190 191 191 191 192 191 190 190 190 190 190 191 190 191 191 190 190 190 189 190 191 192 192 191 193 191 190 190 190 189 190 190 191 192 191 191 191 190 191 192 192 193 192 191 190 190 192 192 192 190 192 191 190 190 190 188 189 190 190 192 191 191 191 191 
190 191 190 190 191 191 190 191 190 190 189 191 189 191 191 191 189 190 189 189 190 191 191 191 191 190 190 190 189 190 191 190 192 192 190 190 192 190 191 193 193 192 192 191 190 191 192 192 192 191 192 191 191 190 190 189 189 189 190 191 190 191 191 192 
191 193 192 191 191 192 190 191 190 189 189 191 189 191 192 191 190 191 189 190 191 192 192 192 191 190 189 189 189 190 190 190 191 191 189 190 192 190 190 192 192 190 191 190 190 191 192 192 192 190 191 191 191 191 191 190 189 189 190 191 191 191 190 190 
191 192 192 191 191 191 191 191 191 189 189 190 189 190 191 191 189 190 189 190 191 193 192 192 192 190 189 190 189 190 191 192 192 191 189 190 190 189 189 191 190 189 190 191 191 191 192 192 192 191 191 191 191 192 193 191 191 190 190 190 190 190 190 189 
188 190 190 191 191 192 192 193 192 192 191 191 190 191 191 192 190 191 191 191 192 193 192 191 190 189 188 189 190 190 192 192 192 191 190 190 191 190 190 191 190 189 191 192 192 193 192 192 191 189 190 191 192 192 193 192 191 191 190 190 191 192 191 191 
190 191 191 191 192 192 193 192 192 191 190 190 189 190 191 192 190 190 190 191 191 192 192 191 189 189 189 190 191 192 193 193 192 190 190 189 190 189 189 190 190 189 191 193 194 194 194 193 192 190 191 191 191 192 193 192 191 191 190 189 191 192 191 192 
189 190 190 190 191 192 193 192 193 192 190 190 191 191 192 192 191 190 190 191 191 192 192 191 190 189 189 190 191 191 193 193 192 190 191 190 190 190 191 190 190 190 191 192 193 193 192 191 190 190 191 190 190 191 191 191 190 192 191 190 191 192 191 192 
188 188 189 189 190 191 192 192 193 192 190 190 192 191 191 192 191 190 190 191 191 192 192 192 191 190 190 190 191 191 193 192 192 189 190 190 191 191 192 192 191 191 191 192 193 193 192 191 191 190 191 191 192 192 192 191 192 192 192 191 191 191 190 191 
189 189 189 189 191 192 192 192 194 193 191 192 193 192 192 193 192 191 192 192 191 192 192 192 191 190 190 192 193 193 195 194 193 190 191 190 190 191 192 192 191 192 192 193 194 194 192 191 191 190 191 191 192 191 191 190 191 192 192 192 192 191 190 191 
190 190 189 189 191 192 192 192 194 192 191 192 193 193 193 194 192 190 191 191 190 191 191 192 191 192 192 193 194 193 194 194 192 191 190 190 190 191 191 192 191 192 192 192 193 194 193 191 191 191 190 190 192 191 189 190 192 192 193 193 193 191 190 190 
190 189 188 188 190 191 192 192 195 195 193 193 194 193 193 193 192 191 192 191 191 191 191 191 191 192 192 194 194 194 194 194 192 191 191 192 192 193 193 193 192 191 192 192 192 194 193 191 191 191 190 190 192 191 190 190 192 192 193 194 193 191 190 189 
190 189 188 188 189 190 190 190 192 194 192 193 194 193 192 193 193 192 192 192 191 191 190 191 191 191 191 193 193 193 193 193 191 190 191 191 192 193 193 193 192 191 192 191 191 194 193 192 193 192 191 192 194 193 191 192 192 191 192 194 193 192 191 190 
189 189 189 188 189 190 189 190 192 194 193 193 194 194 192 193 193 192 193 192 191 191 190 190 190 191 190 194 194 194 194 194 191 191 191 191 191 192 191 192 192 191 192 192 191 193 194 192 193 193 192 192 193 192 190 190 190 190 191 194 193 193 192 192 
188 188 187 187 187 189 189 190 191 194 193 193 195 195 193 193 193 192 192 191 190 191 190 189 190 191 190 193 194 194 193 193 190 191 191 192 193 195 194 193 193 190 191 190 189 192 193 192 193 193 191 192 192 193 190 191 190 190 190 194 193 193 193 193 

60 60 61 62 61 62 64 63 63 65 64 63 65 64 62 63 64 63 64 65 65 65 65 65 65 64 63 63 63 62 63 64 64 65 66 67 67 67 72 81 96 116 143 162 178 187 193 190 192 190 190 188 189 188 187 188 189 190 192 193 194 193 193 193 
61 60 61 62 63 63 65 64 64 65 63 63 64 64 62 64 65 64 64 65 64 65 65 65 65 64 63 63 63 63 63 62 63 63 65 66 66 67 71 81 97 116 142 162 177 187 193 191 193 191 190 189 190 189 188 189 190 189 191 192 192 193 193 193 
60 61 61 63 63 63 64 63 64 65 64 65 65 64 63 63 64 64 64 64 65 65 65 65 65 64 64 64 64 63 63 63 63 64 65 65 65 66 70 81 96 116 142 161 177 187 193 192 193 191 191 190 191 190 190 190 191 190 191 192 193 194 194 195 
60 61 62 62 63 64 64 64 65 66 64 64 64 65 64 65 66 66 66 65 66 67 66 66 67 65 65 65 64 63 64 63 63 64 64 64 65 66 71 81 96 116 141 161 176 186 193 193 194 193 193 191 192 192 192 192 193 191 192 192 192 193 193 193 
60 61 61 63 63 64 64 64 65 66 65 65 64 65 64 64 65 66 65 65 67 66 65 66 67 65 65 65 64 63 64 63 63 64 64 64 65 66 70 81 96 114 140 160 174 183 191 191 192 192 193 191 193 193 193 193 193 191 190 190 191 192 194 194 
61 62 62 64 64 64 63 64 64 65 65 66 65 66 65 65 66 66 65 64 66 66 65 65 66 64 65 65 64 63 64 62 63 64 64 64 64 65 69 81 96 115 139 159 174 183 190 191 192 191 193 192 193 192 194 194 193 191 190 189 190 191 192 193 
62 64 64 65 64 64 63 63 64 66 66 66 66 66 65 65 65 65 65 65 66 66 64 63 64 63 64 64 63 63 63 63 65 65 65 65 64 65 70 80 95 114 138 158 173 183 190 191 192 191 193 192 192 192 193 193 193 193 192 190 190 191 191 192 
62 63 63 64 64 64 64 65 65 66 66 65 66 66 64 65 66 65 65 65 66 65 64 64 64 63 63 64 64 64 64 64 65 65 65 64 63 66 72 83 98 118 140 159 173 183 190 191 193 192 193 193 192 192 193 193 193 192 191 190 190 189 190 190 
61 63 63 64 64 65 64 64 64 65 66 64 64 65 63 62 63 63 62 63 65 65 64 64 64 63 64 64 64 64 64 64 66 66 65 64 63 65 73 84 102 122 143 162 177 185 191 192 192 192 193 193 191 191 192 193 192 193 192 190 190 189 189 189 
62 64 64 65 64 64 63 64 64 65 66 65 65 64 62 62 63 62 63 64 64 64 64 64 64 64 64 64 64 63 63 64 66 66 65 64 63 66 76 87 105 127 147 164 179 187 192 193 193 192 192 192 192 191 192 192 192 192 192 190 190 189 189 188 
62 62 63 63 64 64 65 64 64 64 64 64 64 65 63 63 63 61 61 63 63 63 63 63 64 64 64 65 65 63 64 65 66 65 65 65 65 70 80 92 110 132 151 167 181 188 192 192 192 192 192 193 192 192 192 192 192 192 192 191 190 189 189 188 
61 62 61 61 62 63 63 63 63 63 63 63 64 65 64 62 62 61 61 62 63 64 64 64 66 66 65 66 65 63 64 64 65 65 65 64 66 73 83 97 115 137 155 171 183 189 192 191 191 192 191 192 193 193 193 193 191 190 190 189 189 189 189 187 
63 63 63 62 62 63 62 62 62 62 62 62 64 64 64 63 63 60 61 61 62 62 63 63 65 65 65 65 65 62 62 63 64 65 65 65 68 75 85 100 122 144 161 175 185 189 190 190 190 191 190 192 193 193 193 193 191 190 191 189 189 189 189 187 
65 64 62 61 62 62 62 62 64 63 62 64 66 64 64 64 63 61 62 62 62 62 61 61 63 64 64 65 65 62 62 63 64 65 66 66 70 79 90 107 127 149 165 177 187 190 190 190 190 190 190 191 193 193 193 193 191 188 189 189 189 187 188 187 
63 62 62 62 63 63 63 63 62 62 62 63 66 65 65 64 64 61 62 63 63 62 62 62 63 63 63 65 64 63 63 64 65 65 66 68 73 82 95 113 134 154 170 182 190 191 191 191 190 191 192 192 193 193 193 192 191 189 190 190 190 189 190 188 
62 61 61 61 62 63 62 63 63 63 62 63 65 64 63 63 63 62 63 64 63 63 62 61 61 63 62 63 63 62 62 64 65 65 65 68 75 86 101 122 143 162 176 187 193 193 192 193 192 192 192 192 192 193 192 191 191 190 190 190 191 189 189 188 
62 62 62 63 63 63 63 63 63 64 63 63 65 64 63 64 64 63 63 64 64 62 62 62 61 62 62 63 63 63 63 65 65 64 65 70 78 89 108 129 150 168 182 190 194 193 192 193 191 191 192 191 191 192 192 191 192 191 191 191 191 189 189 189 
61 62 62 63 63 64 64 65 64 65 64 65 65 65 63 63 64 64 64 65 65 64 63 62 62 62 62 62 62 62 62 63 64 64 66 73 83 96 116 137 156 172 184 192 195 194 194 193 192 190 192 191 191 190 189 188 189 188 189 190 190 188 189 188 
60 62 62 65 65 66 65 66 64 65 65 65 65 65 63 63 63 63 63 65 65 64 63 63 63 63 63 62 63 63 63 63 65 64 68 75 87 103 124 145 163 177 187 193 195 193 194 193 191 191 193 191 191 190 190 189 190 189 190 190 191 191 192 193 
61 62 63 65 65 65 65 65 64 64 64 64 63 63 62 62 62 63 63 64 64 64 64 64 65 66 65 64 64 64 63 63 66 67 73 82 97 113 134 153 170 181 189 193 193 193 193 192 191 191 192 191 191 190 190 190 190 190 190 189 190 190 191 191 
64 64 66 67 67 66 66 65 65 65 65 65 64 63 63 62 62 64 65 65 66 66 66 66 66 66 65 64 64 63 63 63 67 70 79 89 105 122 142 160 174 183 188 192 191 191 192 192 191 191 192 190 190 190 191 190 191 190 190 189 190 190 190 191 
64 64 65 66 67 66 65 64 64 64 65 65 65 63 62 61 61 63 65 65 66 66 65 64 65 65 64 63 63 62 63 64 69 75 86 99 117 136 154 169 182 188 190 193 192 191 192 193 192 191 192 192 191 191 192 191 191 191 191 189 190 190 191 191 
64 65 65 66 66 64 64 62 63 63 63 64 64 62 61 60 60 62 64 63 64 64 64 64 65 66 65 64 64 64 65 68 74 82 96 110 129 147 163 175 185 189 190 192 191 191 192 193 193 192 192 192 192 192 194 193 193 193 193 192 192 191 191 190 
65 64 65 65 64 63 62 61 62 62 63 63 63 62 62 61 62 63 65 65 66 65 65 64 64 64 64 64 64 64 66 71 78 90 105 122 142 159 172 183 189 190 189 191 190 191 192 193 192 192 191 191 192 192 193 194 194 194 194 193 192 191 189 189 
65 65 65 64 64 62 61 61 62 63 64 64 64 64 63 62 63 64 65 65 66 65 63 63 62 62 61 62 62 65 69 77 85 100 116 134 152 169 179 187 191 192 191 191 191 190 191 192 192 191 192 191 191 191 192 192 194 193 193 192 192 190 190 190 
65 64 64 63 62 61 61 62 63 63 64 64 64 64 64 63 62 62 62 63 63 64 63 64 63 62 62 63 63 67 74 84 95 111 129 146 163 177 186 190 192 192 191 191 191 191 191 192 192 191 191 190 191 190 192 193 194 193 193 192 192 191 191 192 
63 63 63 63 63 62 62 64 65 65 65 66 65 65 65 64 63 63 62 63 62 63 62 63 62 62 62 65 66 71 81 92 105 123 142 157 172 183 188 191 192 191 190 190 191 191 192 193 193 192 191 191 191 190 191 191 192 191 190 190 190 190 191 191 
62 61 62 62 62 62 63 63 64 65 65 65 65 65 65 65 64 64 63 65 64 65 63 64 62 62 63 67 70 77 90 103 119 137 154 168 180 188 192 193 193 192 190 189 190 190 191 191 192 192 192 191 191 191 191 192 192 191 190 189 189 189 190 191 
63 62 62 62 62 63 64 64 64 65 65 65 64 64 64 64 63 63 63 64 63 64 63 64 63 64 67 72 77 87 101 117 134 152 168 178 186 191 191 191 192 190 191 190 191 191 192 192 193 192 192 192 191 191 191 191 190 189 189 188 189 189 191 191 
63 62 63 64 63 65 66 66 66 66 65 65 64 64 65 64 63 64 63 64 63 63 62 64 64 66 72 80 88 100 116 132 148 165 178 184 189 191 191 191 192 191 191 190 191 192 193 194 194 192 192 192 192 191 192 192 191 189 189 189 190 190 191 192 
62 62 63 64 64 65 65 65 64 66 66 66 66 65 65 64 64 64 64 65 64 62 62 64 67 73 82 92 103 116 132 147 162 177 184 188 192 192 190 191 191 190 191 191 192 192 193 193 193 192 192 191 192 191 192 191 190 189 190 190 190 191 192 192 
62 63 63 64 64 65 65 65 64 65 65 65 65 64 64 63 63 63 64 64 65 64 66 69 74 82 93 105 119 133 148 162 174 184 189 191 193 192 190 190 191 191 192 192 191 191 192 191 192 191 192 191 191 191 191 191 192 191 191 191 191 191 192 192 
62 64 64 66 65 66 64 65 65 66 66 66 65 64 64 63 64 64 65 66 67 67 72 77 83 95 107 121 135 150 162 175 183 190 192 192 191 190 188 189 190 190 192 192 192 192 193 192 192 191 191 190 190 191 192 192 192 191 191 191 192 192 193 193 
63 65 65 65 64 65 64 66 66 67 67 66 64 63 64 63 64 64 66 68 70 73 80 87 96 109 124 137 152 164 175 183 189 193 192 192 191 190 190 191 191 193 194 193 192 192 192 191 191 190 191 190 191 192 193 192 192 191 191 192 192 193 193 193 
63 64 64 64 63 64 64 65 66 66 67 66 65 64 64 63 66 67 71 75 79 84 93 101 113 128 142 154 168 177 183 188 192 193 193 193 192 191 191 191 191 192 192 192 191 191 192 190 189 190 191 191 192 193 193 192 193 192 192 193 193 193 193 192 
65 65 65 65 63 64 64 65 66 66 66 63 63 64 64 64 70 74 79 86 93 100 111 119 131 146 158 168 178 184 187 191 193 193 193 194 191 191 191 192 192 193 193 193 192 191 192 190 190 190 191 190 192 193 194 194 195 193 194 193 193 192 192 191 
66 65 65 65 63 63 64 65 66 66 68 66 67 69 71 72 79 85 92 101 108 117 129 139 149 162 172 179 186 189 191 193 193 193 192 192 190 190 191 192 192 192 192 192 192 192 193 192 192 191 192 191 192 193 194 193 194 194 195 194 194 193 193 191 
69 67 67 66 64 64 67 67 69 70 72 72 73 76 80 84 91 100 108 119 127 136 147 156 166 176 183 187 190 191 192 192 193 192 192 192 190 191 192 192 192 193 192 192 193 193 193 192 192 192 193 193 193 192 193 192 193 194 195 196 195 194 192 191 
74 72 72 72 70 70 72 73 75 77 80 82 84 88 92 98 107 117 127 139 147 156 165 172 178 185 190 191 192 192 191 191 191 191 192 192 191 192 192 191 190 191 190 191 192 194 195 195 195 194 194 193 192 191 191 192 193 195 196 196 195 194 193 192 
84 82 82 82 80 79 81 83 85 89 92 96 100 105 111 119 127 137 147 157 164 171 178 183 187 191 192 192 191 190 190 191 191 191 191 191 189 190 191 191 191 192 192 191 192 193 194 194 196 195 194 192 191 189 191 192 192 194 195 195 193 193 191 190 
97 96 96 96 95 95 96 98 102 107 112 117 123 128 133 141 147 155 162 171 175 181 185 189 190 192 194 194 192 192 192 192 192 192 191 192 190 191 192 191 190 192 191 190 191 193 193 193 195 195 195 194 193 191 191 192 191 193 194 194 192 192 191 190 
117 116 116 116 114 115 115 117 121 126 131 138 144 150 153 160 164 170 175 182 185 188 190 192 192 193 194 194 192 193 192 193 193 193 193 193 192 192 192 192 191 192 191 189 190 192 192 193 195 196 194 193 192 191 191 192 192 193 193 193 192 192 191 191 
141 141 141 141 140 140 139 140 144 148 153 159 165 169 171 176 178 180 183 188 190 191 192 193 193 192 193 193 192 192 192 193 194 194 193 193 192 190 191 192 191 192 193 192 192 193 193 193 194 194 193 192 192 191 191 192 191 191 192 192 191 192 191 191 
162 162 162 161 159 159 159 158 162 164 169 174 181 184 185 188 188 188 189 192 192 193 192 193 193 193 193 194 193 192 193 193 194 194 193 191 190 189 189 190 190 191 192 192 192 192 191 190 190 190 190 190 191 191 192 193 193 192 192 192 190 190 189 189 
178 178 178 177 176 175 175 174 176 177 180 184 188 190 192 192 191 191 190 191 192 192 192 193 193 193 193 194 192 192 193 192 193 194 193 191 191 189 189 191 190 191 192 192 193 194 193 191 191 190 190 191 193 193 192 192 192 191 192 192 192 192 192 191 
190 190 189 188 187 187 186 185 185 184 186 188 191 193 194 193 192 191 190 191 192 192 193 194 194 193 193 192 190 190 191 191 193 193 193 192 192 189 190 191 190 191 192 192 192 193 191 191 191 190 190 190 191 190 190 190 191 191 191 191 193 193 192 192 
196 195 194 194 192 191 192 192 191 189 190 190 191 191 193 192 192 191 191 191 193 192 193 194 194 192 193 192 190 189 190 190 192 192 193 192 191 188 189 190 189 191 193 193 193 194 191 190 190 188 189 189 190 190 190 189 190 191 191 191 192 193 191 192 
195 194 193 193 193 192 191 191 190 188 188 188 189 190 191 191 191 191 191 191 192 191 192 192 193 191 192 191 190 190 191 191 192 193 194 193 192 190 191 191 191 192 193 192 192 192 191 190 190 188 189 189 189 189 190 189 190 191 191 190 191 191 190 191 
192 193 192 192 193 192 192 192 191 190 189 189 189 190 190 190 191 191 191 190 191 190 192 192 193 192 192 191 189 188 189 189 190 192 193 192 192 191 191 192 192 193 193 191 191 191 191 191 191 190 192 191 190 189 190 188 189 190 190 190 190 191 191 192 
193 193 192 193 194 193 192 193 191 190 190 190 189 190 191 190 190 191 190 189 191 190 192 191 192 192 192 190 190 190 190 190 190 191 192 192 191 190 191 192 192 193 192 190 190 189 190 191 191 190 192 191 189 189 190 188 189 190 190 190 190 190 189 190 
191 193 191 192 193 192 190 191 191 190 190 190 189 190 190 189 189 192 190 190 191 191 191 191 191 191 191 191 190 191 190 190 190 191 190 191 190 190 190 192 192 193 193 191 191 190 191 192 192 190 191 191 190 190 190 188 188 190 189 190 189 190 189 190 
191 193 192 191 193 192 190 191 191 189 189 190 188 190 190 190 188 191 189 190 190 190 190 190 190 190 190 190 190 191 190 190 191 191 190 190 191 191 191 193 193 192 192 191 190 190 192 192 192 191 191 191 190 190 190 189 188 189 189 190 190 190 190 190 
192 194 193 192 193 193 191 191 191 189 189 191 189 191 191 191 189 191 190 191 191 191 191 191 190 191 190 190 190 190 189 189 189 190 189 189 191 190 190 191 192 190 191 191 191 191 192 193 193 191 191 192 191 191 192 191 190 190 189 190 190 189 189 190 
193 194 194 193 193 192 191 192 191 189 189 190 188 190 190 190 189 190 189 191 191 192 191 192 191 191 190 191 190 191 190 191 191 191 189 189 190 189 189 190 191 190 191 191 191 191 192 193 193 192 191 192 192 193 193 192 190 190 189 189 190 190 190 190 
191 193 193 192 192 192 191 192 192 191 190 191 190 191 191 192 190 191 191 192 192 193 191 191 190 190 190 191 190 191 191 191 191 190 190 190 191 190 190 191 191 190 191 193 193 193 193 192 193 191 191 193 193 193 194 192 190 190 189 189 190 191 190 191 
192 193 193 193 193 193 193 192 192 191 190 190 190 191 191 192 190 190 190 191 191 192 191 192 190 190 190 191 191 191 192 191 192 190 190 189 190 189 189 189 190 189 191 193 194 194 194 194 193 192 192 193 193 193 193 192 190 190 189 188 190 191 191 192 
191 192 192 192 193 193 193 192 193 192 191 191 192 191 191 192 191 190 190 191 192 192 192 192 191 190 191 191 191 192 193 192 192 191 191 191 191 191 191 191 191 190 192 193 194 193 194 193 193 193 194 193 193 193 192 191 190 192 190 189 191 191 190 191 
189 190 190 189 191 192 192 192 194 193 191 191 192 191 191 191 190 190 191 191 192 193 192 192 191 191 192 192 192 192 193 191 192 190 191 190 191 191 193 193 192 191 192 192 194 194 193 192 192 191 193 193 194 193 192 191 190 192 191 190 192 191 190 191 
190 190 190 190 191 192 192 192 194 193 191 192 193 192 192 192 191 190 192 192 192 192 191 191 190 189 191 192 193 193 195 193 193 190 191 190 191 191 192 192 191 191 192 193 195 195 193 192 192 191 192 193 193 192 191 190 191 192 192 192 192 191 190 191 
190 190 190 189 191 192 192 192 193 192 191 192 193 192 193 192 190 189 190 190 191 192 191 192 191 192 192 194 194 194 194 193 192 190 190 189 191 191 192 192 192 191 191 192 193 194 193 192 192 191 191 191 192 191 190 190 191 192 192 192 192 190 189 189 
189 189 188 188 189 191 191 192 194 194 193 193 194 193 193 191 190 190 191 191 191 192 191 192 192 192 192 194 193 193 194 193 192 191 191 192 193 193 194 194 193 192 192 192 192 194 193 192 192 191 191 191 192 191 190 190 191 191 193 193 192 191 190 189 
189 188 188 187 188 189 189 190 192 193 192 193 194 193 192 192 191 191 192 192 191 192 191 191 190 191 191 193 193 193 193 193 190 189 190 191 191 192 193 193 192 191 192 191 192 194 193 192 193 192 190 192 193 192 190 191 191 190 191 193 192 191 190 190 
189 189 188 188 188 189 189 190 191 192 192 193 194 194 193 192 192 191 192 192 191 192 191 190 190 191 190 193 193 194 193 194 191 190 190 192 191 192 192 192 192 191 191 191 191 192 193 192 193 193 191 192 192 192 189 191 190 190 190 192 192 191 191 190 
186 187 187 185 186 188 188 189 190 193 192 193 195 195 193 192 192 191 191 191 191 192 191 191 191 192 191 193 193 193 191 193 190 190 191 192 193 194 194 194 194 191 192 190 189 191 192 192 193 193 190 191 191 191 188 190 189 189 189 192 191 191 190 190 

61 60 61 61 60 62 64 63 63 66 65 64 65 66 63 64 65 63 65 66 65 64 65 63 63 63 62 62 63 63 64 64 64 64 65 65 65 71 80 95 115 141 163 177 188 192 193 190 191 190 190 189 189 189 187 189 190 191 191 194 193 192 192 193 
62 61 62 63 62 63 65 65 64 66 65 63 64 64 62 64 65 64 65 65 64 64 64 63 64 63 62 63 63 63 64 62 62 63 65 65 66 72 81 97 117 142 163 178 187 191 192 190 191 191 191 189 190 189 188 190 191 190 191 193 193 192 192 193 
61 61 62 63 62 63 64 64 64 65 64 63 63 64 63 63 64 64 64 64 64 64 64 63 64 63 62 63 64 63 64 63 63 63 65 65 65 71 81 97 117 142 163 177 187 191 192 191 192 191 191 189 191 190 189 190 191 190 191 193 194 194 194 195 
60 61 62 62 62 64 64 64 64 65 63 63 63 64 64 64 66 66 66 65 65 66 65 64 66 65 63 64 64 62 63 62 62 63 65 64 65 71 80 97 117 142 162 177 186 190 192 192 192 192 193 190 192 191 191 192 193 191 192 193 193 193 194 194 
60 61 62 62 63 64 64 64 64 65 64 63 63 64 64 64 65 66 65 64 65 66 65 65 66 65 64 64 62 61 63 61 62 63 64 64 67 72 81 98 118 140 162 177 185 189 191 190 191 191 192 191 192 192 192 193 193 191 192 192 192 193 194 194 
61 62 63 64 64 65 64 64 64 64 64 64 64 65 65 66 66 66 65 64 64 65 65 65 66 64 64 64 63 61 63 61 62 63 64 64 67 72 82 99 118 141 161 175 184 188 190 190 192 190 192 191 192 191 192 193 193 191 191 191 192 192 193 193 
62 64 64 64 64 64 63 63 64 64 65 65 65 65 65 66 65 65 65 65 65 66 64 64 65 64 63 63 62 60 61 61 63 63 65 64 67 73 84 99 119 141 160 174 184 188 190 191 192 191 193 191 191 190 192 192 193 192 192 191 191 191 192 192 
62 63 63 64 64 64 64 65 65 65 65 65 66 66 65 67 67 66 65 66 65 65 65 65 64 63 63 63 61 61 62 62 63 63 64 64 68 75 87 103 123 144 161 175 184 188 190 191 192 192 194 193 192 192 193 193 194 193 192 191 190 189 190 189 
62 63 63 64 64 64 64 64 64 64 65 64 63 64 63 64 64 64 63 64 64 65 65 65 65 64 64 63 62 62 63 63 65 65 66 64 69 77 89 106 128 148 164 177 186 190 190 192 193 192 193 193 192 192 193 193 193 194 193 191 189 189 188 187 
63 63 63 64 63 64 63 64 65 66 66 65 65 64 63 64 64 63 63 64 64 64 65 65 65 65 64 64 64 62 63 64 65 65 66 66 70 79 94 110 132 152 167 178 187 190 190 191 192 192 193 193 192 192 192 192 192 192 192 190 189 189 188 188 
63 63 63 63 63 63 64 64 65 65 65 64 65 65 63 64 64 63 63 64 64 63 64 64 65 64 64 64 64 62 63 64 65 65 66 67 73 83 98 116 136 156 170 180 188 192 191 191 192 192 192 193 193 192 191 191 191 191 191 191 190 189 189 187 
60 61 61 61 62 63 63 63 64 64 64 63 65 64 64 63 63 62 62 63 64 64 64 65 66 65 65 65 64 62 63 63 64 65 66 68 75 86 101 121 141 159 173 183 189 191 191 191 191 192 192 193 194 193 192 192 191 190 191 190 190 190 190 188 
62 62 61 61 62 62 62 62 62 62 63 63 65 64 64 63 63 61 63 63 63 63 64 64 65 65 65 65 64 61 61 62 64 65 67 70 78 90 106 125 146 164 176 185 190 190 189 189 189 191 191 192 193 193 191 191 191 190 191 190 190 190 190 188 
64 63 62 61 62 62 62 62 64 64 64 65 67 65 64 64 64 62 63 64 63 63 63 63 63 64 64 64 63 61 61 62 63 64 67 73 82 96 113 133 151 167 179 186 189 189 188 189 189 190 190 192 192 192 191 191 190 188 190 190 190 189 189 188 
62 62 61 61 63 63 62 62 62 61 62 63 66 65 65 64 64 62 62 63 63 63 62 63 62 63 63 64 63 61 61 63 63 64 68 75 85 100 118 139 157 172 182 190 193 191 191 192 191 191 192 192 192 192 191 191 191 190 191 191 191 190 190 188 
61 61 61 62 63 63 63 63 63 63 63 63 64 64 63 63 62 61 63 63 63 63 62 62 61 62 61 62 62 61 61 63 63 65 69 77 89 106 126 146 164 178 187 192 194 192 191 192 192 192 193 193 193 193 192 191 191 191 191 191 192 190 190 189 
62 63 63 64 63 63 63 63 63 63 63 63 65 64 64 64 64 62 63 63 62 62 61 61 61 62 61 62 62 63 63 64 65 66 72 82 95 113 134 153 169 182 189 194 194 193 192 193 193 192 193 192 192 193 192 191 192 191 191 191 192 190 189 189 
64 64 64 65 66 65 65 66 65 65 65 64 64 64 64 64 63 63 63 64 63 63 62 62 62 62 62 62 63 63 64 64 66 68 76 87 103 121 142 160 174 184 191 194 196 195 194 194 194 192 193 192 192 191 190 189 190 189 189 191 191 190 190 190 
63 64 65 66 67 67 66 66 65 65 65 65 65 65 64 64 63 63 63 63 62 62 62 62 62 62 62 62 63 63 64 64 68 72 81 92 111 129 149 165 179 188 192 195 196 193 194 193 192 192 193 192 192 191 191 190 190 190 190 191 192 193 193 194 
64 65 65 67 66 66 66 66 65 65 65 64 64 63 63 63 62 63 63 64 63 63 63 63 64 65 64 63 64 63 64 64 70 77 88 101 121 139 157 171 183 189 192 193 193 192 192 191 192 192 193 192 192 190 191 190 190 190 190 190 192 192 192 193 
65 65 66 67 67 66 66 64 65 65 65 65 64 64 64 64 63 65 65 65 64 65 64 64 65 66 65 64 63 62 64 66 74 83 97 111 130 147 163 176 186 190 191 193 193 191 193 193 192 191 192 191 191 190 191 189 189 189 189 189 191 191 191 192 
65 65 66 66 67 66 65 64 64 64 65 65 65 64 63 62 62 64 65 65 65 65 64 64 64 66 65 63 62 62 64 69 79 90 106 122 141 158 172 182 190 193 192 194 193 191 192 193 192 191 192 192 192 191 192 191 190 190 191 190 191 192 192 192 
63 63 64 65 65 64 64 62 63 63 64 64 64 63 62 61 60 62 63 63 63 64 63 62 63 64 63 62 62 64 69 75 86 101 118 133 151 167 177 184 190 192 191 193 192 191 192 193 192 192 192 191 192 191 193 192 192 192 193 192 193 192 191 191 
63 63 63 63 64 63 63 62 63 63 63 63 63 62 62 61 62 63 64 64 65 64 63 63 63 63 63 63 63 66 73 83 95 111 128 145 161 175 183 189 191 191 189 192 192 192 193 194 193 192 192 192 192 192 193 193 193 194 194 193 193 192 190 190 
62 63 64 64 64 63 62 61 63 63 64 64 64 63 63 62 62 63 64 64 64 63 62 61 61 61 60 62 64 70 80 93 105 123 140 155 170 181 187 190 192 191 191 192 193 192 194 194 193 192 192 191 191 191 192 192 193 194 193 193 192 191 190 191 
63 63 63 63 63 63 62 63 64 64 64 64 64 63 63 63 62 62 63 62 62 63 62 63 62 61 62 65 68 76 89 102 117 134 152 166 177 187 191 192 192 192 191 191 192 192 193 193 193 191 190 190 191 190 192 193 193 193 193 193 193 192 191 192 
64 63 64 64 63 64 63 64 65 64 64 65 63 64 65 64 63 64 63 63 62 63 62 62 61 62 64 70 75 86 100 115 130 148 163 174 183 189 191 191 191 190 189 190 192 193 193 193 193 191 190 190 190 190 191 191 191 191 191 191 191 191 191 191 
64 62 63 63 63 62 62 63 64 64 64 65 64 64 65 65 64 65 64 66 65 65 63 64 63 65 69 77 84 96 112 128 143 159 172 181 188 192 193 193 192 191 190 190 191 192 192 192 192 191 191 191 191 191 191 191 191 191 190 190 190 190 190 192 
65 63 63 63 63 63 63 63 63 64 64 65 64 64 64 64 63 64 64 65 64 65 63 65 66 71 77 87 96 110 126 141 156 171 181 186 191 193 191 191 192 191 191 191 192 192 193 192 192 191 191 191 191 190 191 190 190 190 190 189 189 190 190 191 
65 63 64 64 63 63 65 65 64 64 65 64 64 64 64 65 64 64 64 65 63 64 64 67 71 77 88 100 111 125 142 156 168 180 187 189 192 193 191 192 193 192 191 191 192 192 192 192 193 191 191 192 192 192 191 191 191 190 190 190 190 190 191 190 
63 63 63 64 63 63 64 64 62 64 64 65 65 65 65 65 64 64 65 66 65 65 67 72 79 89 102 115 128 142 156 168 178 187 190 191 193 192 191 192 192 191 191 192 192 192 192 192 191 191 193 192 193 193 192 191 190 189 190 190 190 191 191 190 
63 64 63 63 63 63 64 64 63 64 65 65 65 64 64 64 64 64 65 66 68 69 74 82 91 102 116 130 143 156 168 177 184 190 191 192 194 193 192 192 193 192 192 192 191 190 191 190 191 191 192 192 192 192 192 191 191 191 191 192 192 192 192 191 
63 64 64 64 63 64 64 65 65 65 65 65 64 64 65 65 65 66 67 70 73 77 85 94 103 117 132 146 159 170 178 185 189 192 192 192 192 192 190 191 192 191 192 191 191 191 192 191 191 191 192 190 191 192 192 192 192 192 191 191 192 192 192 192 
63 65 65 65 63 64 63 64 65 65 65 65 64 64 65 66 68 70 73 78 83 88 98 108 119 134 148 160 171 180 185 190 192 194 193 193 193 191 192 192 192 192 193 192 191 191 192 190 191 190 191 190 191 192 193 193 192 191 190 191 192 192 192 192 
63 64 64 64 63 63 63 64 65 66 66 64 65 66 67 69 74 77 83 91 97 104 116 125 137 152 164 174 182 188 189 191 192 193 192 194 192 193 193 193 192 192 192 191 191 190 191 189 190 190 190 190 192 193 194 193 193 192 191 192 192 192 191 191 
65 65 65 65 64 64 64 65 66 66 67 66 68 70 73 75 83 89 97 106 115 123 134 144 154 166 175 183 188 191 190 192 192 193 193 194 192 193 192 193 192 192 192 192 191 191 192 191 191 191 191 190 192 193 194 194 194 194 193 192 193 192 191 191 
65 65 64 65 65 66 68 69 71 72 73 73 76 80 84 88 96 104 113 124 133 142 153 161 169 179 186 189 191 192 192 192 192 193 192 193 191 192 193 193 193 193 193 192 192 192 193 191 192 191 191 191 192 194 194 194 195 194 193 192 192 192 191 190 
72 71 71 71 70 71 75 77 79 81 83 84 88 93 97 104 113 122 133 144 152 160 168 175 181 188 192 193 192 192 192 192 192 192 192 193 191 192 193 193 193 194 193 193 193 193 193 192 192 192 192 193 193 194 194 194 194 194 194 194 193 192 191 190 
84 81 81 81 81 82 85 88 91 93 96 99 104 110 116 124 132 141 151 162 169 175 182 186 188 192 195 194 193 192 191 190 190 190 191 192 191 193 194 194 193 193 192 192 192 194 194 194 194 194 194 193 193 193 193 193 194 195 196 195 194 194 192 191 
100 97 96 95 95 96 99 103 107 111 114 120 125 132 137 145 152 159 167 176 180 185 189 192 193 195 195 193 192 190 189 189 190 190 191 192 191 191 191 192 191 193 193 192 193 194 194 194 195 195 194 193 192 191 192 192 193 194 195 195 193 193 192 191 
118 116 116 115 116 117 120 124 128 133 137 143 148 152 156 163 167 172 178 185 187 190 192 194 193 195 196 195 193 192 190 190 190 191 191 192 192 192 192 191 190 192 192 191 192 193 193 193 195 196 194 194 193 192 192 193 193 193 194 194 192 193 192 191 
142 141 140 140 140 140 142 144 147 151 155 160 165 169 172 178 180 183 187 191 192 194 193 194 193 194 195 195 193 193 191 191 191 192 191 192 191 192 191 191 190 191 192 191 190 193 192 193 195 196 194 194 193 192 191 193 192 193 193 194 192 193 192 192 
161 160 160 160 159 160 161 162 164 168 172 176 181 183 185 188 188 189 190 192 193 194 193 194 193 192 193 193 193 191 190 190 191 191 191 192 192 192 191 192 190 192 193 192 192 193 192 193 195 195 193 193 193 192 191 193 192 191 192 192 192 193 193 192 
176 176 175 175 174 175 175 175 177 180 183 186 191 192 192 193 191 191 190 192 192 193 192 193 192 192 192 193 192 192 191 191 191 192 192 191 191 191 190 190 190 191 191 191 192 192 191 191 192 192 190 191 192 191 191 193 192 191 191 192 191 191 192 191 
187 186 186 186 185 185 185 185 185 186 188 191 194 194 194 194 192 191 190 191 192 193 192 194 193 192 192 193 191 192 191 190 191 192 191 190 191 191 191 192 191 192 192 192 192 194 192 192 193 192 191 192 193 192 191 192 192 191 191 192 192 193 193 194 
194 193 193 192 191 191 191 190 189 188 189 191 192 193 194 193 192 191 190 191 192 192 193 194 193 192 191 191 190 190 190 190 192 192 191 191 192 190 191 192 191 192 192 191 192 193 191 191 192 192 191 191 191 191 190 190 191 192 191 191 192 193 193 194 
195 193 192 192 190 190 190 190 190 189 190 190 191 192 193 192 192 190 190 191 192 192 193 193 193 191 192 191 190 189 190 189 191 191 192 192 191 189 190 190 189 191 192 192 193 194 191 191 192 190 190 190 191 190 190 190 190 192 191 191 192 194 193 194 
195 193 193 192 191 190 190 190 189 187 188 189 189 190 191 191 191 190 190 190 191 190 192 192 192 192 192 191 190 190 191 190 192 192 192 192 191 189 190 190 189 191 190 190 191 192 191 191 191 190 190 190 190 189 189 189 190 192 191 191 192 193 191 193 
193 193 192 192 193 191 191 190 189 188 189 189 189 190 191 191 192 192 192 191 192 191 192 193 193 192 193 192 191 190 190 190 191 191 192 192 191 190 192 191 190 191 191 190 190 191 191 191 191 191 191 190 190 189 190 189 189 191 190 191 191 192 191 194 
192 193 192 193 194 193 192 192 191 190 190 190 189 191 191 190 190 191 191 190 192 191 192 192 193 193 193 192 191 191 191 190 191 191 192 192 191 191 191 191 190 191 191 189 189 189 190 190 190 189 190 189 189 189 190 188 190 191 191 191 191 191 190 191 
191 192 191 192 192 191 190 190 190 189 190 190 190 191 191 190 191 192 191 191 191 190 191 191 191 192 192 191 191 191 191 191 190 190 190 190 190 191 192 192 192 192 192 190 190 190 191 191 191 190 191 190 189 189 189 188 188 190 189 191 190 190 190 191 
193 194 193 193 194 193 191 191 190 188 189 191 190 191 191 191 190 192 190 190 191 190 190 191 191 192 192 191 191 192 191 190 190 190 190 190 191 191 192 193 194 193 192 191 190 190 191 191 191 190 191 191 190 190 190 189 189 190 189 191 191 190 190 191 
194 195 194 194 195 193 192 192 191 188 190 191 190 192 193 192 191 192 191 192 192 191 192 192 191 192 191 191 190 191 190 190 190 190 189 189 191 191 192 192 193 192 193 191 191 191 192 192 193 191 191 192 190 191 191 190 190 190 189 190 190 189 190 190 
194 195 194 193 194 192 191 192 192 189 190 191 190 191 191 191 190 190 189 190 190 191 191 192 191 191 191 191 190 191 191 191 190 190 189 189 190 190 191 191 192 191 192 192 192 191 192 192 192 192 191 192 191 192 192 192 190 190 189 189 191 190 191 190 
193 194 194 193 193 192 191 191 192 190 190 191 191 191 192 192 191 190 190 191 191 191 190 191 189 190 190 191 190 191 191 192 191 191 191 191 191 191 191 191 192 191 192 194 193 193 193 192 192 192 191 193 192 192 193 192 189 190 189 189 190 191 191 191 
194 195 195 194 194 193 192 192 192 191 190 191 191 192 193 193 191 191 190 191 191 191 191 192 190 190 191 192 191 192 192 192 192 192 192 191 191 190 190 189 190 190 192 193 194 194 193 192 192 191 191 192 192 192 192 191 190 190 189 189 191 191 191 192 
192 193 193 192 192 191 191 191 192 191 191 191 192 191 192 192 191 190 190 191 191 192 192 192 190 190 191 192 191 192 193 193 193 193 193 192 192 191 191 190 191 190 191 192 194 193 193 193 192 192 192 193 192 192 192 191 189 190 189 188 189 190 189 191 
190 190 190 190 191 191 191 191 193 192 191 191 192 192 192 192 191 190 190 190 190 191 191 192 191 191 192 193 193 193 194 192 192 191 192 191 192 191 192 191 191 191 191 192 194 194 193 192 192 190 191 193 193 192 192 191 190 190 189 189 190 191 190 192 
192 191 191 191 191 191 192 191 193 191 191 192 193 192 193 192 191 190 191 191 191 192 191 191 190 190 191 192 193 193 195 193 193 191 192 192 192 191 191 190 190 191 192 193 195 195 193 192 192 190 191 192 193 192 191 190 190 190 190 191 191 191 190 192 
192 191 190 190 190 191 191 191 192 191 190 192 193 192 193 192 191 191 192 191 191 192 192 193 192 192 193 194 194 194 195 193 193 192 191 190 191 189 190 190 190 190 192 192 193 194 193 191 191 190 190 191 192 191 190 189 191 191 190 192 192 190 190 191 
190 188 189 189 189 191 191 191 192 192 192 193 194 192 193 191 190 191 192 191 192 193 192 193 192 192 192 193 193 194 195 194 194 192 192 192 192 192 192 192 191 191 192 192 193 194 193 191 191 190 190 191 193 192 191 191 191 191 192 192 192 191 190 190 
189 189 189 188 189 191 190 190 191 192 191 193 193 193 193 192 191 192 193 192 192 193 191 191 191 192 191 192 193 193 193 193 192 191 191 192 191 192 192 192 191 191 192 192 191 193 191 190 190 190 189 191 193 193 191 191 191 190 190 192 192 191 191 191 
189 189 189 189 190 191 189 190 190 191 191 193 193 193 193 192 191 192 193 192 192 193 192 191 192 192 190 192 192 193 193 194 193 192 192 193 192 192 191 192 191 191 192 192 190 191 190 189 189 190 189 191 193 193 191 192 191 189 190 192 192 191 191 191 
187 188 188 187 189 191 189 189 190 191 192 194 195 195 194 192 192 192 193 191 192 193 192 192 192 193 190 191 192 193 192 194 193 192 193 194 193 193 193 194 193 192 192 191 188 190 190 189 189 190 188 191 192 193 191 191 190 189 189 191 190 190 190 189 

62 61 61 61 59 59 62 62 62 66 66 66 68 67 64 65 65 62 65 65 65 64 65 63 63 62 62 63 64 63 62 63 62 63 64 68 73 84 99 119 141 160 176 186 192 191 192 190 190 189 190 189 189 190 189 191 192 192 192 193 192 190 190 189 
63 61 62 63 61 61 64 64 64 67 66 65 66 66 64 65 65 64 65 65 64 64 65 63 63 62 63 64 64 63 63 61 61 63 64 68 75 86 100 121 142 161 176 187 192 191 192 190 190 190 190 189 190 190 190 191 191 192 192 193 192 191 191 190 
62 61 62 63 61 62 63 63 63 66 65 65 65 65 64 64 65 64 64 64 63 64 64 63 63 63 63 64 64 63 63 62 61 63 65 69 75 85 100 120 141 161 177 187 192 191 192 190 190 189 189 189 190 191 190 192 192 191 191 193 193 192 192 192 
62 62 62 62 61 62 63 63 63 64 64 63 64 64 65 65 66 65 66 65 65 65 65 63 64 64 63 64 63 62 62 61 60 62 64 68 75 86 100 120 141 160 176 187 191 191 193 191 192 191 191 191 192 192 192 193 193 192 192 193 192 192 192 192 
62 62 63 63 62 63 64 64 63 64 64 63 63 64 64 64 65 65 65 65 65 65 63 64 64 63 63 64 62 61 63 61 60 63 64 69 78 89 103 123 143 160 177 187 191 189 191 189 189 189 189 190 192 192 192 193 193 192 191 192 192 192 193 193 
62 63 63 64 64 65 64 63 63 64 64 63 64 64 64 64 65 66 65 64 65 66 64 65 65 64 64 64 62 61 62 60 61 63 65 70 78 89 104 125 144 161 176 185 189 188 189 190 190 190 190 191 191 191 192 193 193 192 191 191 192 191 192 192 
63 64 64 64 64 64 62 63 63 64 64 64 64 64 63 64 64 65 65 65 65 66 64 65 65 64 64 64 62 61 61 62 63 63 65 70 79 89 105 125 145 161 175 184 189 188 190 190 191 191 191 191 191 191 191 192 193 192 191 190 190 189 190 191 
63 64 63 63 63 64 63 63 64 65 65 65 65 65 64 65 64 65 65 66 66 66 65 65 64 64 63 63 62 61 62 62 62 63 64 70 79 92 109 130 149 164 176 184 188 189 190 191 192 192 192 191 191 191 192 193 194 193 192 191 190 189 189 188 
63 63 64 63 63 63 62 63 63 64 64 64 64 64 62 63 63 64 64 65 65 65 65 65 65 64 64 64 63 62 62 63 65 65 67 71 82 94 112 133 153 168 179 186 191 190 191 192 192 191 192 192 191 192 193 193 193 194 192 191 189 188 187 187 
64 64 65 64 63 64 62 63 64 66 66 66 65 65 63 63 64 63 64 64 64 65 65 65 65 65 64 64 64 62 63 64 66 65 68 74 83 97 117 137 156 171 181 187 191 191 191 192 193 192 193 193 192 192 192 191 192 192 191 190 189 189 188 188 
64 64 64 63 63 64 63 63 64 65 65 66 66 65 64 64 64 63 64 65 65 64 65 64 65 64 63 64 64 63 63 65 66 65 69 76 87 102 124 142 159 174 184 189 193 194 193 192 192 193 193 193 193 192 191 191 191 191 191 190 190 189 189 188 
62 62 62 62 62 64 63 62 63 63 63 65 66 66 65 64 64 62 63 63 63 64 64 64 65 65 63 64 64 62 63 64 65 66 71 78 91 107 127 147 163 177 186 192 194 194 193 192 192 192 193 194 194 194 193 192 191 190 191 190 190 190 190 189 
62 62 62 62 63 64 63 62 62 62 63 64 66 65 66 65 65 63 64 64 62 63 64 64 65 65 64 65 64 62 63 64 65 67 75 83 96 113 132 151 167 180 188 192 193 192 190 190 190 191 192 193 193 192 191 190 190 190 191 190 190 191 191 190 
63 63 63 62 63 63 63 62 63 63 63 64 67 65 66 66 65 63 64 64 63 63 63 63 63 64 62 64 63 61 62 63 64 67 77 87 101 120 139 156 170 182 188 190 191 191 189 189 190 190 191 192 191 190 190 190 190 189 190 190 190 190 190 189 
62 63 62 63 64 64 63 62 62 61 61 62 65 65 65 65 64 63 64 64 63 63 63 63 63 64 63 64 63 62 62 63 64 69 79 91 107 125 144 161 174 184 190 192 193 192 191 192 191 191 192 192 191 191 191 190 190 190 191 191 190 190 190 188 
62 63 63 63 63 64 63 63 62 63 63 63 65 64 64 64 63 62 63 63 62 63 61 62 62 63 63 64 62 62 62 63 65 72 81 94 112 131 150 166 179 188 192 193 194 193 192 192 192 191 192 192 191 191 192 191 191 191 191 191 191 191 190 190 
63 64 64 65 64 64 63 63 62 64 63 64 65 65 64 65 64 63 63 64 63 62 61 62 62 63 62 63 62 62 63 65 68 75 87 102 119 138 157 171 182 189 192 193 194 192 192 192 192 191 192 192 192 192 192 191 191 191 191 192 192 191 191 191 
66 66 67 67 66 66 65 64 64 64 64 64 65 65 64 64 63 62 62 64 63 63 63 63 63 63 62 63 62 62 63 66 71 79 91 108 127 145 163 176 185 190 193 194 195 194 193 193 192 191 192 192 192 192 191 190 189 190 189 190 191 191 190 191 
66 66 67 68 66 66 65 64 64 65 65 65 65 64 64 63 62 62 61 63 62 62 63 63 63 64 63 62 62 62 64 67 76 85 99 115 136 152 168 180 189 192 194 195 196 194 193 192 191 190 191 191 191 191 191 190 189 189 189 191 192 193 194 195 
67 66 67 68 67 66 66 65 64 64 65 64 65 63 63 63 62 62 62 63 62 63 63 63 64 65 64 62 63 63 66 71 81 93 108 125 145 161 174 184 191 193 193 194 194 192 192 190 191 190 191 191 192 190 190 189 189 189 189 190 191 192 192 194 
66 66 67 67 67 66 65 64 64 64 65 64 64 63 63 63 63 63 64 64 63 64 64 64 65 66 64 63 62 64 68 76 89 103 120 136 154 168 179 186 192 192 192 194 193 191 192 191 190 190 191 191 192 190 190 189 188 188 189 189 190 192 192 193 
66 65 66 66 68 66 66 64 65 64 64 65 64 62 63 62 61 63 64 63 62 64 64 64 64 66 64 63 64 67 73 83 97 113 131 146 163 175 183 189 194 193 193 194 193 191 192 191 191 191 191 190 191 189 190 189 188 188 190 189 190 192 192 193 
64 64 65 65 66 65 64 63 64 64 64 64 63 61 61 61 61 62 64 62 62 63 63 62 64 65 63 64 66 72 81 93 108 126 143 157 171 180 186 188 192 192 192 194 193 192 193 193 192 191 191 191 191 190 191 191 190 191 192 191 192 192 191 192 
64 63 63 63 65 63 64 63 64 63 63 63 62 61 61 60 61 63 64 63 63 64 64 63 63 63 64 66 70 78 90 104 119 137 153 167 177 185 189 190 191 191 191 193 193 193 193 193 192 192 192 191 192 190 192 192 191 192 193 193 193 193 191 191 
62 63 63 63 64 63 63 63 65 64 64 65 64 62 62 62 62 63 64 64 64 64 63 62 61 62 63 69 75 87 101 116 131 148 163 174 183 188 190 190 191 191 192 193 193 192 193 193 192 191 191 190 191 190 191 191 192 192 193 193 193 192 192 192 
63 63 63 63 63 63 63 63 65 64 64 65 64 63 64 63 62 63 63 63 63 64 63 63 63 64 68 75 85 97 112 128 142 157 172 180 186 191 192 190 191 192 192 192 193 193 192 192 192 190 190 190 191 190 191 192 193 193 193 193 193 192 191 191 
63 62 63 63 62 63 62 63 64 64 64 65 64 65 65 64 63 64 63 64 64 65 63 65 65 68 73 84 94 108 124 139 153 168 180 186 190 192 191 190 190 191 191 192 193 193 192 192 192 189 189 190 190 190 190 191 192 191 192 192 192 191 191 191 
63 61 62 62 62 62 62 63 63 64 64 65 65 65 65 65 63 64 64 66 66 67 65 68 69 74 82 95 106 120 137 151 163 176 185 189 192 193 192 192 191 191 191 191 192 192 192 191 191 189 190 190 191 191 191 191 191 190 191 192 191 191 191 191 
64 62 63 63 63 63 63 63 63 64 64 65 65 65 65 65 64 65 65 66 65 68 67 72 76 84 94 109 120 135 150 163 173 184 190 192 193 193 191 191 190 191 191 192 193 193 193 192 192 190 191 191 192 191 191 190 192 191 191 191 191 190 191 191 
65 63 64 63 63 63 65 65 64 65 64 65 65 65 65 65 63 64 64 65 66 69 72 79 86 95 109 124 136 149 164 174 181 189 192 192 193 193 191 192 192 192 192 192 193 193 194 193 193 191 192 192 192 192 192 192 192 191 192 192 192 191 192 192 
63 62 63 63 63 63 65 64 63 65 65 65 66 65 65 65 63 63 65 68 71 75 81 90 99 110 124 139 151 164 175 182 187 192 192 192 194 193 191 193 193 192 193 193 193 193 193 192 192 192 193 192 193 193 192 191 191 190 191 192 192 193 194 193 
65 64 64 63 63 63 64 65 65 65 65 66 65 64 64 64 64 64 68 73 78 84 93 103 113 125 140 154 165 175 183 187 189 193 192 192 194 194 192 193 194 193 193 193 192 191 192 191 192 192 193 193 193 192 193 191 191 191 193 193 193 194 194 194 
65 65 65 65 63 64 65 66 66 66 66 66 65 65 66 67 68 70 75 82 88 96 107 118 128 141 155 167 176 183 188 189 190 193 192 192 193 193 191 192 193 192 193 194 192 192 194 192 192 193 194 193 194 193 194 192 192 192 192 192 193 194 194 195 
65 65 65 65 63 64 65 66 66 67 67 68 67 68 71 74 76 80 85 94 102 110 123 134 144 156 168 177 183 188 191 191 191 193 191 192 193 192 192 193 194 193 194 194 192 192 193 190 191 191 191 191 192 193 194 193 192 192 192 192 193 193 194 194 
64 64 64 64 62 63 64 65 67 69 70 71 73 74 78 82 88 93 102 111 120 128 141 150 159 170 180 185 188 191 191 190 190 191 191 192 192 193 193 193 193 192 193 193 191 191 192 189 190 191 190 190 193 193 194 193 193 192 192 192 192 192 192 192 
70 69 69 69 69 69 70 71 73 75 76 78 81 84 89 93 103 111 120 130 140 148 157 165 171 179 186 189 190 192 191 191 191 192 192 193 192 192 192 192 193 193 193 194 193 192 193 191 191 191 190 189 192 192 193 194 194 194 193 192 192 192 191 191 
74 74 73 74 74 76 79 81 83 86 88 89 94 99 104 110 120 129 139 149 157 164 172 178 182 187 191 191 191 192 191 191 192 192 191 192 191 191 192 192 192 192 193 193 193 193 195 192 191 191 190 190 192 194 195 195 195 195 193 192 192 191 191 191 
85 84 84 84 84 85 89 92 96 99 102 105 111 116 122 130 139 146 156 165 171 176 182 185 188 191 193 193 192 193 192 192 193 193 192 193 191 192 192 192 192 193 193 194 193 193 193 192 191 191 190 190 192 193 193 193 194 194 194 193 192 191 190 190 
102 100 99 100 100 101 105 109 113 116 120 124 130 136 142 149 157 163 171 179 184 186 190 191 192 193 196 194 194 194 192 192 192 191 191 192 191 192 192 192 192 192 192 193 192 193 194 193 193 194 193 192 192 192 192 192 193 194 194 193 193 192 191 191 
123 120 120 119 120 121 125 129 133 137 141 146 150 156 159 165 170 174 180 187 189 190 193 193 192 193 194 193 193 192 192 192 193 193 192 194 192 191 190 191 190 192 192 193 192 193 193 193 193 194 193 192 192 192 192 192 193 194 193 193 192 192 191 190 
144 142 141 141 141 142 145 150 153 157 159 163 167 170 173 178 180 182 186 191 191 192 193 193 192 193 195 195 194 194 192 191 192 193 192 194 193 193 192 191 190 191 192 191 191 192 192 192 193 194 194 193 193 193 192 193 192 192 193 193 192 192 192 192 
163 161 161 161 160 160 162 164 166 170 171 176 179 181 183 188 189 189 191 194 193 193 192 193 192 193 194 195 195 195 193 193 193 194 193 194 193 193 191 191 189 191 191 191 190 191 191 191 193 194 193 193 192 192 190 191 191 191 191 193 191 192 193 192 
177 176 175 176 175 176 176 178 180 182 183 186 190 190 190 192 192 192 191 194 193 193 193 194 193 194 194 194 194 194 192 192 192 193 192 194 193 192 191 191 190 191 192 191 191 192 191 191 193 194 193 192 193 192 191 192 191 190 191 192 192 193 194 194 
187 186 185 187 185 186 186 186 187 189 190 191 194 193 192 192 190 191 190 192 193 193 192 194 193 193 193 194 193 193 192 192 193 194 193 193 193 192 190 191 190 191 191 191 191 191 190 191 192 192 191 192 192 192 190 192 191 190 190 192 191 193 193 193 
192 192 191 192 191 191 191 191 191 190 190 191 193 192 193 193 192 192 191 193 194 194 193 195 194 194 193 194 193 193 192 192 192 192 191 191 191 191 191 191 191 192 193 192 192 193 192 192 193 193 193 194 193 192 190 191 190 190 191 192 192 195 196 196 
194 193 193 193 191 191 190 190 189 188 189 190 192 192 193 193 193 192 191 193 194 193 193 195 194 194 194 193 192 192 192 192 193 192 192 191 191 190 191 191 190 191 192 191 191 192 190 191 193 193 193 193 192 191 190 190 190 190 190 192 192 194 195 196 
195 194 193 193 192 190 191 190 190 189 190 190 192 192 192 192 192 190 190 192 193 192 193 195 194 192 193 193 192 191 191 190 191 191 191 190 191 189 190 190 190 191 192 191 192 192 190 190 192 192 192 192 192 190 191 190 191 191 192 192 193 195 195 196 
195 194 193 193 192 191 190 189 189 187 188 188 190 190 192 191 192 190 190 191 192 191 192 193 192 192 193 192 191 191 192 191 192 191 192 190 190 190 191 191 190 191 190 190 190 191 190 190 191 191 191 191 191 189 190 189 190 191 191 192 193 193 193 195 
192 192 192 192 192 191 191 190 189 188 188 188 190 191 192 193 194 192 192 192 192 191 192 192 192 192 193 193 192 191 192 190 191 190 192 190 191 191 192 192 191 191 191 190 189 190 191 190 191 191 191 191 191 190 191 190 190 191 191 192 192 193 192 194 
193 193 193 193 194 193 192 191 190 189 189 189 190 191 191 191 192 191 191 191 191 190 192 191 192 193 193 192 192 191 191 191 191 191 192 192 192 192 192 191 191 190 190 189 188 189 190 190 190 189 190 190 190 190 191 190 190 191 191 192 191 191 191 192 
191 192 191 191 192 191 190 191 190 190 190 190 190 192 191 191 192 191 191 191 191 190 191 190 190 192 192 191 192 191 190 190 190 190 191 190 190 191 192 193 192 192 192 191 190 190 191 191 190 190 191 191 190 190 190 189 189 190 190 192 191 191 191 192 
191 192 192 192 193 192 191 191 190 189 190 191 191 192 192 191 191 191 190 190 190 189 190 190 190 192 192 191 191 191 190 189 191 191 191 190 191 192 192 193 194 193 192 192 190 190 191 191 191 191 192 192 192 191 192 190 190 189 189 192 192 191 192 193 
194 194 193 193 194 193 192 192 191 189 190 192 191 193 193 192 191 191 190 191 191 190 191 191 190 192 191 190 190 190 189 190 191 191 192 191 192 192 192 192 193 192 193 192 192 191 192 192 193 192 192 193 192 192 193 191 190 189 189 190 190 190 191 191 
195 195 194 193 194 192 192 192 192 190 192 192 191 192 192 191 190 190 189 190 190 190 190 192 190 191 191 190 188 189 189 190 191 191 191 191 191 191 192 192 193 193 193 193 192 191 191 191 193 192 192 193 192 192 193 192 190 190 190 190 191 191 192 193 
194 194 194 193 193 192 191 192 192 191 192 193 193 193 193 192 190 190 189 191 191 191 190 192 189 190 190 189 188 189 190 190 191 191 191 191 192 191 191 192 193 193 193 194 193 193 192 192 193 192 192 194 193 193 194 193 191 191 190 190 191 192 193 193 
194 195 195 195 195 193 193 193 192 191 192 192 192 193 193 193 191 190 189 190 190 190 190 192 190 190 190 190 188 190 190 190 192 192 192 191 192 191 191 191 192 192 193 194 194 194 193 192 193 192 192 194 193 193 194 193 190 191 191 190 192 193 193 193 
193 194 193 193 194 193 192 193 193 192 192 192 193 192 193 193 191 190 190 191 191 191 190 192 189 189 190 191 190 191 192 192 192 192 192 192 192 192 193 193 193 192 193 193 194 193 193 192 192 192 192 193 193 193 193 192 190 191 190 189 190 191 191 192 
191 192 191 192 193 193 192 193 194 192 192 192 193 192 192 192 191 191 190 191 190 191 190 191 190 192 192 193 192 192 193 191 191 191 191 191 192 191 192 192 192 193 194 194 194 194 192 191 191 191 192 194 194 193 193 192 191 191 191 190 192 192 192 194 
192 191 191 192 192 192 193 193 194 192 192 192 193 192 193 192 191 191 191 192 191 192 190 191 190 191 192 192 193 193 194 192 192 191 191 191 192 192 192 192 192 193 194 194 195 195 193 191 191 190 191 193 194 194 193 191 191 191 191 191 192 192 191 193 
190 190 189 190 191 193 193 193 193 191 191 192 193 192 193 192 191 192 192 192 191 192 190 192 192 193 194 195 194 194 194 192 193 191 191 190 191 190 191 192 191 192 193 192 193 194 192 191 190 190 190 192 193 193 192 191 191 191 191 191 192 191 191 192 
188 188 188 189 190 191 192 191 192 192 192 193 194 192 193 192 191 192 193 192 191 193 190 192 192 193 193 194 194 194 194 193 193 191 191 191 192 192 192 193 192 193 192 192 192 193 191 190 190 190 189 191 193 193 193 192 191 191 191 192 192 192 191 191 
188 188 188 189 190 191 191 191 191 191 191 193 193 193 193 192 192 193 193 192 191 193 191 192 192 193 192 193 193 193 193 193 192 191 191 192 192 192 192 192 191 192 192 191 191 192 190 190 189 189 188 191 193 194 193 193 191 190 190 191 191 190 190 190 
187 188 188 189 190 191 190 190 190 190 190 193 193 193 194 192 191 192 193 192 192 193 191 191 192 192 191 193 193 194 193 193 193 192 191 193 192 193 192 193 192 192 191 191 190 191 190 190 189 189 188 190 192 194 192 193 191 190 190 191 191 190 190 189 
185 186 188 188 190 192 189 189 189 189 190 194 194 194 194 193 192 193 193 192 191 193 191 192 193 194 192 193 193 193 192 193 194 192 192 194 193 193 193 193 193 192 191 190 189 190 190 190 189 190 188 190 192 194 192 192 190 189 189 191 189 189 188 187 

62 61 62 61 60 61 63 61 62 64 66 65 68 67 66 65 65 64 65 66 66 65 65 63 63 63 63 63 65 63 62 62 62 62 68 77 88 104 123 144 160 174 185 191 191 191 192 191 189 189 188 188 188 190 189 191 192 192 191 193 191 189 189 188 
63 61 62 62 62 62 64 62 64 65 65 64 67 66 65 66 66 65 66 66 65 65 64 63 63 63 64 63 65 63 62 60 62 63 68 79 90 106 125 146 161 175 186 192 191 191 192 190 189 190 189 189 189 190 190 191 191 192 192 193 192 190 190 189 
62 61 62 62 62 62 64 62 64 64 65 64 66 65 65 65 65 65 65 64 64 65 63 63 64 63 63 63 64 62 61 60 61 62 69 79 90 106 124 145 161 175 187 192 192 191 192 191 190 190 189 190 190 191 190 191 191 190 190 193 192 191 191 191 
63 61 62 63 62 62 64 62 62 62 63 63 64 65 65 64 65 65 66 65 65 66 64 63 64 64 63 64 64 62 61 60 60 62 68 78 90 105 124 145 161 175 186 192 191 191 193 191 192 191 191 191 192 192 191 192 191 190 190 192 192 191 191 191 
63 62 62 63 63 63 65 64 64 64 64 63 63 64 64 63 64 65 65 65 66 66 64 64 64 64 63 63 62 61 61 60 60 62 68 79 92 107 127 149 163 176 187 192 190 190 191 190 189 189 189 191 192 193 192 192 191 190 189 191 191 191 192 192 
62 62 63 64 63 65 65 65 65 64 64 63 63 63 64 63 64 65 65 65 66 67 64 65 65 65 64 64 62 61 61 60 61 63 69 79 92 108 127 150 164 177 187 192 190 189 191 190 191 190 191 191 192 192 192 192 190 190 190 190 191 191 191 191 
62 63 63 64 64 64 65 65 65 64 65 64 63 63 62 62 63 64 65 65 66 67 65 65 65 64 63 63 62 60 60 61 62 64 70 80 93 108 128 150 165 176 186 190 189 189 191 191 192 191 191 191 191 191 191 190 190 189 189 189 189 189 189 190 
62 62 62 63 63 64 65 66 66 66 65 64 64 64 63 64 64 66 65 66 67 67 66 65 65 64 63 62 61 61 61 62 63 66 71 81 95 112 132 154 169 179 187 190 189 189 191 191 192 191 191 191 191 190 192 192 191 191 191 189 189 188 188 187 
62 62 62 63 63 64 64 65 65 65 64 64 62 62 62 62 64 65 65 66 67 66 66 66 65 64 64 62 62 61 62 62 64 68 76 84 99 117 137 156 173 182 189 191 191 190 191 192 192 191 192 193 191 191 193 192 191 192 191 189 188 188 187 186 
63 63 64 64 64 64 63 64 64 64 64 64 62 62 63 63 64 64 65 65 65 65 65 65 66 65 64 64 63 62 63 64 65 70 78 87 102 121 142 159 175 184 190 190 191 191 191 191 192 192 193 193 192 192 191 191 191 191 190 188 188 188 187 187 
62 62 62 62 63 64 63 64 64 63 63 64 63 63 63 64 64 65 65 65 65 65 65 64 65 64 63 64 64 62 63 64 66 71 80 91 107 126 148 164 177 186 191 191 193 193 193 192 193 192 193 193 193 192 191 191 191 190 191 190 189 188 189 187 
60 61 61 61 62 63 62 62 62 62 62 63 63 63 64 64 64 64 64 64 64 64 64 64 65 65 64 64 64 62 63 63 65 72 83 94 113 132 152 167 180 189 192 192 194 194 192 192 192 191 192 193 193 193 193 193 191 190 191 190 190 190 191 189 
61 62 62 62 62 63 62 62 61 60 60 61 62 62 64 64 64 64 65 64 63 63 63 63 64 65 65 66 65 63 63 62 66 74 86 99 119 138 156 170 181 190 192 192 193 192 190 191 191 191 192 192 192 192 191 190 191 190 190 191 191 191 191 191 
63 64 63 63 64 64 62 62 63 62 62 63 64 62 64 65 64 64 64 63 62 62 62 63 63 64 64 65 64 62 62 63 67 77 89 105 124 143 161 174 183 190 192 190 191 191 189 190 191 190 190 190 189 189 189 189 189 189 190 191 192 191 192 191 
62 63 62 63 64 65 63 63 63 61 61 62 63 63 64 65 64 64 63 63 63 62 61 63 63 64 64 65 64 62 61 64 70 81 94 111 131 149 166 178 186 190 191 191 192 191 191 192 192 190 190 190 188 189 189 190 190 190 191 192 193 192 193 192 
63 64 64 64 64 65 64 64 64 63 63 63 64 63 63 64 63 63 63 63 62 61 61 62 63 64 64 65 63 62 63 66 73 85 99 117 137 155 169 180 189 192 192 192 193 191 190 192 191 190 190 190 188 190 190 190 191 191 191 192 192 192 192 192 
64 65 65 66 65 65 64 64 64 64 63 64 65 65 64 65 64 63 63 63 63 62 62 62 63 63 63 64 62 62 64 71 79 91 106 125 143 160 175 184 190 192 191 192 193 191 191 192 192 191 191 191 190 190 190 190 190 191 191 192 193 192 192 192 
66 67 67 67 67 66 65 64 64 64 63 64 65 65 64 65 63 62 62 64 63 63 63 63 64 64 63 63 62 63 66 74 85 97 113 132 150 166 179 187 191 191 192 193 194 193 193 193 192 191 191 191 189 189 189 189 189 189 189 190 191 191 191 192 
66 67 67 67 66 66 64 63 63 63 62 63 65 64 64 64 63 62 62 63 63 63 63 62 63 64 63 62 64 65 70 79 92 105 122 139 158 171 182 188 192 192 193 195 196 195 194 192 191 190 189 189 190 190 190 189 189 188 188 190 191 192 193 194 
66 66 67 67 67 65 65 64 63 64 64 65 65 65 64 64 63 63 64 64 63 64 64 63 64 65 63 62 65 69 75 85 101 115 132 149 166 176 184 188 192 192 193 195 195 194 193 191 191 190 190 191 192 191 191 190 189 189 189 190 190 192 192 193 
66 66 66 66 66 64 64 63 63 64 64 64 65 64 64 64 63 64 64 64 63 64 64 64 64 65 64 64 68 73 81 93 110 126 144 159 173 181 187 190 192 192 193 195 194 193 193 192 191 191 191 191 192 190 191 189 188 188 188 189 190 192 192 194 
65 65 65 65 66 65 65 64 65 65 65 65 65 63 63 62 62 63 65 64 63 64 64 63 64 66 66 67 73 80 91 104 121 137 154 167 178 186 189 190 193 194 194 195 194 193 193 191 191 191 190 190 191 190 191 190 189 189 189 190 190 192 192 194 
63 63 64 64 65 64 64 64 66 66 66 65 64 63 62 62 62 63 64 62 62 63 63 62 64 66 67 71 79 89 101 116 133 150 165 175 183 188 190 190 192 194 194 195 194 193 193 191 191 190 190 190 191 191 192 191 190 191 191 192 192 193 192 192 
62 62 62 62 64 64 65 65 67 66 66 65 64 63 62 61 62 63 64 63 63 64 64 63 65 68 71 77 87 99 113 129 145 161 173 182 186 190 191 192 193 194 194 194 193 193 193 191 191 191 191 191 192 192 192 192 192 193 193 194 193 194 193 192 
61 63 63 63 65 65 64 65 66 65 65 65 65 64 63 62 62 63 63 63 63 65 64 64 67 70 75 85 96 110 126 142 156 171 181 187 190 192 193 192 193 194 194 194 193 192 192 191 191 191 191 191 192 191 192 191 191 191 192 193 193 193 192 192 
61 62 63 63 64 65 64 65 67 66 66 66 65 64 64 63 62 62 64 62 64 65 66 67 71 76 84 95 108 121 138 153 166 177 186 189 191 193 193 192 193 194 193 192 192 191 190 190 190 189 189 191 191 191 192 193 192 192 193 194 193 192 191 191 
61 62 62 64 64 65 64 65 66 66 66 66 65 65 65 63 62 63 63 63 64 67 68 71 76 84 93 106 118 133 149 163 173 183 189 191 192 192 192 192 192 193 193 193 193 192 191 190 190 188 188 190 191 190 191 191 191 191 192 193 193 192 191 191 
61 61 62 63 63 63 63 63 64 64 65 66 66 65 64 62 61 62 63 64 67 70 72 78 86 94 105 119 131 144 159 171 179 186 191 192 193 193 193 193 193 193 193 192 192 192 191 190 190 188 189 190 191 191 190 190 190 189 191 192 191 192 192 192 
64 63 64 64 64 64 64 64 65 65 66 67 67 66 65 64 62 63 65 66 69 75 79 87 97 107 119 133 144 157 169 178 184 190 193 193 193 193 191 191 191 191 192 192 192 193 191 191 191 189 190 191 192 191 191 190 190 190 191 192 191 192 192 192 
65 63 63 63 63 63 65 65 65 66 67 67 66 65 65 63 62 63 66 70 75 82 89 98 109 120 134 147 158 168 178 183 187 190 191 191 192 192 191 192 192 192 192 192 193 193 192 192 192 190 191 191 192 192 191 191 191 190 192 192 192 193 194 193 
64 63 63 63 63 63 64 65 65 66 67 68 67 67 66 65 64 66 71 77 84 93 102 113 124 136 148 161 170 178 184 188 189 191 191 191 192 191 191 192 192 192 192 193 193 193 193 191 191 191 192 192 192 192 192 191 190 190 192 192 192 194 194 193 
65 64 64 63 62 62 63 64 65 65 67 68 67 67 67 67 68 73 79 88 97 106 118 128 140 151 163 172 180 185 188 189 190 191 191 191 193 193 192 192 193 192 192 193 192 192 192 191 191 191 192 192 193 193 193 192 191 191 193 193 193 194 195 193 
65 65 64 63 62 63 63 65 66 66 69 70 70 70 74 75 77 84 92 102 111 122 134 144 154 165 175 182 186 189 190 190 190 192 192 192 192 192 191 191 192 191 193 194 193 193 194 192 192 193 194 193 194 195 195 194 193 193 193 192 193 194 194 194 
63 63 63 63 62 62 64 67 68 70 73 76 76 78 82 86 90 98 106 117 126 137 148 158 166 174 182 186 189 191 191 190 190 192 191 192 193 192 192 192 194 193 194 194 193 192 194 191 191 191 191 191 193 194 195 194 193 193 193 193 193 194 194 193 
69 69 68 68 66 67 68 71 74 77 81 83 86 89 95 100 108 115 125 135 144 153 162 170 176 183 188 190 191 191 190 190 190 191 192 193 193 193 194 193 193 192 193 193 192 192 193 190 189 190 189 190 192 193 194 195 194 194 193 193 192 193 192 191 
78 77 77 78 78 77 80 82 84 87 92 94 99 104 111 117 126 135 144 153 161 167 174 179 183 186 190 192 191 191 191 191 191 192 192 193 192 192 192 192 193 193 194 194 192 193 194 191 190 191 189 189 191 193 194 194 195 194 193 193 192 192 191 190 
87 86 86 88 89 90 94 97 100 103 107 111 117 123 130 137 145 152 161 168 174 178 184 187 188 189 192 192 191 191 191 192 192 192 192 193 191 192 193 193 193 193 194 193 193 193 193 191 190 191 190 190 192 194 194 194 195 194 193 193 191 192 191 192 
103 102 102 104 104 106 111 114 117 122 126 130 137 143 149 156 163 167 174 179 184 185 189 190 190 191 193 193 192 193 192 192 192 193 192 194 192 192 193 193 193 193 193 193 193 193 192 191 189 190 190 190 190 192 192 192 194 194 193 194 193 192 191 191 
125 123 122 124 125 126 130 134 137 141 146 150 156 162 166 170 177 178 183 188 191 190 192 192 192 192 195 195 194 193 192 192 191 191 191 193 191 192 192 192 192 193 193 193 192 192 192 191 190 192 192 191 190 192 191 191 193 194 194 194 193 193 192 192 
145 143 142 143 145 146 150 154 157 160 163 167 171 176 177 181 184 185 187 192 191 191 193 193 192 193 194 193 193 192 191 191 192 193 193 194 192 191 190 191 190 193 193 193 192 192 192 191 191 192 193 192 191 192 191 191 193 193 193 193 192 192 191 192 
162 160 159 161 161 162 165 170 172 174 176 179 182 185 185 188 188 187 188 192 191 191 192 193 193 194 194 194 193 192 190 190 191 192 193 195 193 192 192 191 190 192 192 192 191 192 191 191 191 192 193 192 193 193 191 192 192 192 193 194 193 193 193 193 
177 175 175 176 176 176 178 180 180 183 184 187 188 190 189 191 191 190 190 193 192 192 192 193 193 195 195 195 195 194 192 192 193 194 194 195 194 192 192 191 190 191 192 191 191 191 191 190 190 192 192 192 191 192 190 191 191 192 192 194 193 193 193 193 
185 184 184 186 185 186 187 188 188 189 189 191 192 192 191 191 190 190 189 193 193 193 193 195 194 195 195 195 194 193 191 192 193 193 193 194 193 192 192 191 190 191 192 191 192 192 191 191 191 192 192 192 193 193 191 192 192 191 192 193 192 193 194 193 
190 190 189 191 190 192 192 192 190 191 190 191 191 191 190 190 189 190 189 192 193 194 193 195 195 196 195 195 194 193 192 192 194 194 193 194 193 192 191 191 190 191 191 191 192 192 190 191 192 192 192 194 194 193 191 192 191 190 190 192 190 191 192 192 
191 191 190 193 191 192 192 192 190 190 190 190 192 191 192 191 191 192 191 193 194 194 193 195 195 196 196 196 195 195 193 193 193 192 192 191 191 191 192 192 192 192 192 192 193 193 191 192 193 193 193 195 194 193 191 191 190 190 190 192 191 193 194 195 
192 192 192 192 191 191 190 190 189 189 189 191 192 192 192 192 192 192 192 193 194 193 193 195 194 195 195 195 194 195 194 194 195 193 192 192 192 190 190 190 190 191 191 192 192 193 191 192 194 194 194 194 193 191 190 190 189 190 190 190 191 193 193 194 
194 193 192 192 191 190 190 190 190 189 189 190 191 191 191 191 191 190 190 193 193 193 193 194 193 193 193 194 194 193 193 192 193 191 191 191 191 190 190 189 190 191 191 192 192 193 191 191 193 194 193 193 193 191 190 190 190 190 190 191 192 194 194 195 
195 195 193 192 191 190 189 189 189 189 189 190 191 191 191 191 191 190 190 193 192 191 192 193 191 192 193 193 194 193 193 192 193 191 192 191 191 191 191 190 190 190 189 190 191 191 190 191 192 193 193 193 192 191 190 189 189 191 191 192 192 193 193 194 
193 193 192 191 191 190 189 189 189 189 188 189 190 191 191 192 192 191 192 193 192 192 192 193 192 193 194 194 194 193 193 192 193 191 192 192 192 192 193 191 191 190 190 190 189 190 190 190 191 192 192 192 191 190 190 189 190 191 192 193 193 194 194 194 
194 194 193 192 193 192 191 191 190 189 189 190 190 191 190 190 190 190 190 191 191 191 192 192 192 193 193 193 193 192 192 192 193 192 194 194 194 194 194 192 191 190 190 190 189 189 189 190 190 191 191 191 190 190 190 189 190 191 192 194 194 193 192 192 
192 192 191 190 191 191 191 191 191 190 190 191 191 192 191 191 191 191 191 192 191 191 192 191 191 193 192 192 192 192 190 190 191 191 192 193 193 194 194 194 193 192 192 191 190 189 190 190 190 191 192 192 191 191 190 189 190 190 191 193 193 193 193 193 
193 193 193 192 192 192 191 191 190 189 190 191 191 193 192 191 191 191 190 190 190 190 191 191 192 194 193 192 192 192 190 190 191 192 193 193 193 194 194 193 194 193 193 193 191 190 191 191 191 191 193 192 192 192 192 190 191 190 190 192 193 192 192 192 
195 194 194 193 194 194 194 194 192 190 191 192 191 193 193 192 192 192 190 191 191 191 192 193 192 193 192 191 190 190 189 189 191 191 191 192 193 193 194 194 194 193 194 193 193 192 192 191 192 191 192 192 192 192 193 191 191 189 189 191 191 191 192 192 
195 196 194 194 195 194 194 194 193 192 192 193 192 193 193 192 191 191 190 191 191 190 191 192 191 192 191 190 188 189 188 188 190 190 191 191 192 191 192 192 194 194 194 194 193 191 192 191 192 192 192 193 193 193 193 192 190 190 189 190 192 192 193 193 
194 195 194 194 193 193 191 193 193 192 193 195 193 194 194 193 192 192 191 192 192 191 191 192 190 191 191 190 188 189 188 188 190 190 190 190 191 191 192 192 193 194 194 195 195 193 193 192 193 192 192 193 193 194 194 193 191 191 190 190 192 192 193 192 
194 196 194 196 195 194 193 194 194 192 193 194 193 193 194 193 192 191 190 191 190 190 190 191 190 191 191 190 189 189 189 189 191 191 191 190 192 191 191 191 193 193 194 195 195 194 194 192 192 191 191 192 193 194 194 194 191 192 191 191 192 192 192 190 
193 194 193 195 195 194 193 195 195 194 194 194 194 193 193 193 192 191 191 192 191 191 191 191 190 190 191 190 189 190 191 190 191 190 191 191 192 191 192 193 193 192 194 193 194 193 193 191 191 191 191 192 192 193 194 193 191 192 192 191 191 192 191 190 
191 192 192 193 193 193 192 193 194 193 194 194 193 193 193 192 191 192 192 191 190 190 190 190 190 192 193 192 192 192 192 191 191 191 192 191 192 191 191 191 192 192 194 193 194 193 192 191 191 191 192 193 193 193 193 193 191 192 192 191 192 193 192 192 
193 192 192 192 192 192 192 193 193 193 193 193 193 192 192 191 191 192 192 191 191 191 190 190 190 192 193 193 193 193 193 192 192 192 192 191 192 192 191 192 192 192 194 193 194 194 193 191 192 191 191 192 193 193 193 193 191 192 192 191 191 192 191 191 
191 190 190 191 191 193 193 193 192 192 192 192 192 192 193 192 192 193 192 191 190 191 190 191 192 193 195 195 194 194 194 193 192 192 191 191 191 191 191 191 191 191 192 192 192 192 191 190 190 190 190 191 192 193 192 192 191 191 191 191 191 191 190 191 
190 189 190 191 191 192 192 192 192 192 193 193 193 192 192 191 191 192 192 192 191 192 190 192 193 194 194 194 194 194 194 192 192 192 191 191 192 192 191 192 192 192 191 191 191 191 190 189 189 190 189 190 192 193 192 192 191 191 191 191 192 192 192 192 
190 189 189 190 190 191 191 191 190 190 191 192 192 192 192 191 192 193 192 192 191 191 191 192 193 194 193 194 193 193 193 192 192 192 192 192 192 193 192 192 191 192 191 191 191 191 190 190 189 190 189 190 192 193 191 192 191 191 190 190 190 191 190 191 
189 189 189 190 190 191 190 190 189 190 191 193 193 192 192 192 191 192 192 191 191 192 191 193 194 194 193 193 193 193 193 193 192 192 191 192 192 194 192 193 192 192 191 191 189 190 190 189 188 190 189 189 191 193 191 192 191 191 190 190 190 190 190 191 
186 188 189 190 191 193 190 189 189 189 190 193 193 193 193 192 192 192 192 191 190 192 192 193 194 194 193 193 193 192 192 192 193 192 191 193 193 193 193 194 192 191 190 190 189 190 190 190 188 190 189 190 192 193 191 191 190 189 188 189 189 189 188 189 

61 59 61 61 61 61 62 61 62 63 64 64 66 65 64 64 64 63 64 65 66 66 65 64 63 62 62 63 63 62 62 62 61 66 77 91 107 128 149 165 175 185 190 191 191 192 192 192 190 191 190 189 190 190 189 190 190 190 191 191 190 189 188 187 
63 61 62 62 61 62 63 62 64 64 64 64 65 64 64 64 65 64 65 66 66 66 65 64 63 63 62 63 63 62 62 60 60 66 76 92 109 130 150 167 176 185 191 191 190 191 192 191 190 190 189 190 190 190 189 190 189 190 191 192 191 190 189 189 
63 61 62 63 62 62 63 63 64 64 64 64 64 63 64 63 64 63 64 64 64 65 64 63 63 62 62 63 63 61 60 59 60 66 77 93 109 129 149 166 175 185 190 191 190 191 192 192 191 190 190 190 191 191 190 190 189 189 189 191 191 191 191 191 
63 62 63 63 63 62 63 62 62 62 62 62 63 64 64 63 64 64 65 65 65 66 64 63 63 63 61 62 62 61 61 60 61 67 78 94 110 130 149 166 175 184 190 191 190 191 194 193 192 192 191 191 192 192 191 191 190 188 189 191 190 190 190 190 
63 62 62 62 61 62 63 63 63 63 63 62 63 63 63 62 63 64 64 64 65 65 63 63 63 63 62 62 62 61 61 59 62 68 79 96 113 132 152 169 177 186 191 191 190 190 192 191 190 190 190 190 192 193 192 192 190 189 189 191 191 191 191 191 
63 62 62 63 62 63 63 63 63 63 62 61 61 62 62 62 63 65 64 65 65 65 63 64 64 64 63 63 62 61 61 60 64 70 81 98 115 133 152 169 179 186 190 191 189 189 191 192 191 190 190 191 191 192 193 192 190 190 189 190 191 190 191 191 
64 63 63 64 64 63 63 63 63 63 63 62 61 61 61 61 62 64 63 64 65 64 63 64 65 64 63 63 62 60 60 60 66 72 83 99 117 134 153 169 179 186 189 189 189 189 191 193 193 192 192 192 191 192 193 191 191 189 188 188 189 188 189 189 
63 63 62 62 62 61 63 63 63 64 63 62 62 62 62 62 62 64 64 65 66 65 65 65 64 64 63 61 60 60 60 61 67 75 86 102 120 138 156 172 182 188 190 189 189 190 191 192 192 192 192 192 191 192 193 192 191 191 191 189 189 188 189 188 
63 63 63 63 62 62 62 63 63 63 63 62 60 60 60 61 62 64 64 65 66 66 65 65 65 65 64 62 61 60 60 62 69 79 91 106 125 143 159 174 184 189 190 190 190 190 190 192 192 192 193 193 192 193 194 192 191 191 190 189 189 188 188 188 
65 65 65 64 64 63 63 64 63 63 63 62 60 61 61 62 63 64 64 65 65 65 65 65 66 65 64 63 62 60 61 64 71 81 94 109 128 147 163 176 186 191 190 190 191 190 190 191 192 192 193 193 193 193 193 192 191 190 189 188 188 188 189 190 
66 65 65 63 64 63 63 64 64 63 64 64 62 62 62 63 63 64 65 65 66 66 65 65 66 65 64 63 63 61 61 65 72 83 97 114 132 152 168 179 187 192 191 191 193 193 192 192 192 191 193 193 194 194 193 192 192 190 190 190 189 189 190 189 
62 63 63 62 62 63 62 62 61 61 62 63 63 63 63 63 63 63 65 65 65 65 64 64 65 65 64 64 63 62 63 68 75 88 102 118 137 157 170 181 188 193 192 192 194 193 192 191 191 191 192 193 194 195 194 193 192 191 190 190 189 190 191 190 
63 64 64 63 63 64 62 62 61 60 61 62 62 62 63 63 64 64 65 66 65 65 64 65 66 67 66 66 65 63 64 70 78 91 108 124 143 161 173 182 189 193 192 193 194 193 191 191 191 191 192 192 194 194 192 191 192 190 190 190 191 191 191 191 
64 65 65 64 64 64 62 62 62 62 62 63 63 62 63 63 63 63 64 64 63 64 63 64 65 66 65 65 64 62 64 71 80 94 111 130 149 165 177 186 190 193 193 192 193 192 191 190 190 190 190 190 191 191 190 190 190 189 190 191 191 191 191 191 
65 65 65 65 63 64 62 62 61 61 61 62 63 62 63 63 63 63 64 64 64 64 63 64 65 66 65 66 64 63 66 74 84 100 118 137 155 169 180 188 191 192 192 192 193 193 192 193 192 191 191 191 190 190 190 190 191 191 192 192 193 192 192 191 
65 65 65 65 63 63 62 61 62 63 62 64 64 63 62 63 63 62 63 63 63 63 63 64 65 65 65 65 65 65 71 79 91 107 124 142 160 173 182 189 192 193 193 194 194 193 192 193 192 192 191 191 190 190 190 190 190 190 191 191 193 192 192 192 
66 67 66 66 64 63 62 62 62 64 63 65 65 64 63 64 64 63 63 64 64 63 63 64 65 65 65 65 65 67 74 85 98 114 132 150 166 177 186 191 192 192 193 194 194 193 193 194 193 193 192 191 191 190 190 189 190 189 191 192 193 192 192 192 
68 68 68 68 66 65 63 63 62 64 63 65 65 65 64 64 64 63 62 64 63 63 63 63 64 64 64 65 67 72 80 92 106 122 138 156 171 181 188 192 192 192 193 194 195 194 194 194 193 192 191 191 190 190 190 190 189 189 190 191 192 192 192 192 
67 67 67 67 65 64 63 62 62 63 62 64 65 64 64 64 63 62 63 64 63 63 63 63 64 65 65 66 71 77 87 100 116 132 147 162 176 183 188 191 192 192 193 196 197 195 194 193 192 190 189 190 191 191 191 190 190 189 188 190 191 192 193 194 
65 66 66 66 64 63 62 62 62 64 64 66 66 66 65 65 64 64 64 65 63 63 63 62 63 64 65 67 75 84 96 109 127 142 156 169 181 185 188 189 191 192 194 195 196 195 193 191 191 189 189 190 192 191 191 191 189 188 188 190 190 191 191 192 
65 65 65 65 64 63 62 62 62 64 64 65 65 65 64 64 64 64 64 65 64 64 63 63 63 66 68 72 80 91 103 118 135 151 166 176 185 188 189 189 192 192 194 195 194 193 193 190 190 189 189 190 192 191 191 191 189 189 189 191 190 191 191 192 
64 63 64 63 63 63 63 63 64 65 65 65 65 64 63 63 62 64 65 65 64 65 64 63 64 68 71 78 89 101 114 129 146 161 174 182 187 189 189 190 193 194 195 196 195 193 193 190 190 188 188 189 191 190 191 191 190 190 190 191 190 191 191 191 
60 61 61 61 61 62 62 63 65 66 66 66 65 64 63 63 62 64 65 65 64 64 63 63 65 71 77 87 98 111 126 142 157 171 182 186 189 189 189 189 192 194 195 195 194 193 192 189 189 188 188 189 191 190 192 193 191 192 192 193 191 191 190 190 
60 60 60 60 61 61 62 63 65 66 66 66 65 64 63 62 62 63 64 64 64 65 65 66 70 76 85 97 110 124 140 154 167 179 187 190 190 190 191 191 192 194 194 194 193 192 192 190 190 190 189 190 191 191 192 193 192 193 194 194 193 193 191 190 
61 62 62 63 64 63 63 64 65 64 65 66 65 64 64 63 62 63 64 64 64 66 68 71 76 85 95 108 120 135 151 164 175 185 191 192 192 191 192 191 192 194 194 194 193 192 191 190 189 190 189 190 191 191 191 191 191 192 193 193 193 193 192 191 
61 62 62 63 63 64 63 64 65 64 65 65 65 63 64 63 62 63 64 64 66 69 72 77 86 95 107 120 133 146 162 173 182 188 192 192 191 192 192 191 192 193 193 192 193 192 191 191 190 189 189 191 191 192 192 193 192 193 194 194 193 192 191 190 
62 63 62 64 63 63 62 63 64 65 65 66 65 65 64 63 62 63 64 64 67 73 78 86 96 107 118 132 144 157 170 180 185 190 192 192 191 191 192 191 191 193 193 192 193 192 190 191 190 189 189 191 191 192 191 192 191 193 193 194 193 192 192 190 
63 63 63 63 63 62 61 62 62 63 64 65 64 64 64 62 61 64 66 68 73 81 88 97 109 120 132 145 157 168 178 184 188 191 191 191 191 191 192 192 192 192 192 192 192 192 191 191 190 189 189 190 191 193 191 191 191 191 191 192 192 192 192 191 
65 64 64 64 63 63 63 63 64 65 65 66 65 65 65 65 64 68 71 75 81 91 99 110 122 134 145 158 167 177 183 187 189 191 191 192 192 192 191 190 191 191 191 191 192 192 191 191 190 190 191 192 192 194 192 192 192 192 192 193 193 193 193 193 
64 63 63 62 62 63 64 65 65 66 66 66 65 64 65 66 67 72 79 86 93 104 113 124 135 146 159 170 178 184 188 189 190 190 190 191 190 191 191 192 192 192 192 192 193 192 192 193 192 191 192 193 193 194 193 192 193 193 193 193 193 193 194 194 
63 63 63 63 63 63 63 64 65 66 67 68 69 69 70 73 74 80 88 97 105 117 128 139 150 161 171 180 185 189 191 191 190 190 190 191 191 191 191 191 192 191 192 192 192 191 192 191 191 191 193 193 193 194 193 192 192 192 193 193 192 194 194 194 
65 64 64 62 62 62 63 64 66 67 70 72 74 74 77 81 85 93 102 112 122 133 144 153 163 172 181 185 189 191 191 190 190 190 191 191 192 192 191 191 192 192 192 193 192 191 192 191 191 191 193 193 193 194 195 193 193 194 194 194 194 195 194 194 
65 64 65 65 66 67 69 70 73 74 77 80 82 83 88 94 98 107 117 128 137 149 160 168 174 181 187 189 190 192 191 190 190 191 192 192 192 192 190 190 192 192 193 194 194 193 195 192 193 193 194 194 194 195 196 194 193 194 194 193 194 195 194 194 
68 68 69 70 71 72 75 76 79 82 85 90 93 96 102 110 114 123 133 144 152 163 172 178 181 186 189 190 190 192 191 190 190 191 191 191 192 192 191 191 193 193 195 195 194 193 195 192 192 192 192 192 193 194 195 194 193 194 194 193 193 194 193 192 
79 79 79 81 81 82 84 85 89 93 98 103 109 113 119 126 133 140 150 158 166 173 181 185 187 189 192 191 191 192 191 191 190 191 191 192 192 193 193 193 193 192 194 193 192 192 194 190 190 190 189 189 191 193 194 194 194 194 194 194 193 193 192 191 
92 91 92 94 96 97 100 102 105 109 114 119 125 130 137 144 150 158 165 172 178 183 187 188 189 190 192 192 192 193 192 192 191 192 192 193 192 192 193 193 194 193 195 194 193 193 193 190 189 190 189 188 191 192 192 193 194 194 193 193 192 192 191 191 
106 105 106 109 113 115 119 123 126 129 133 137 143 149 155 161 166 171 177 183 186 188 190 190 190 190 192 193 193 193 193 193 192 192 192 194 193 193 193 193 193 193 194 193 193 192 193 190 189 191 189 188 191 193 191 193 194 193 192 192 191 192 192 192 
127 126 126 128 130 131 136 140 144 148 152 156 162 166 170 175 179 181 185 189 190 190 190 190 190 190 192 194 194 194 193 193 192 192 192 194 193 193 194 194 193 193 193 192 191 191 191 189 188 190 189 188 189 191 190 192 193 193 192 193 192 191 191 191 
148 147 146 148 150 151 155 159 162 164 168 171 176 180 181 184 187 187 189 192 192 191 191 191 191 191 193 194 194 194 193 192 191 191 191 194 193 193 194 194 193 193 193 192 191 191 191 190 189 191 190 188 189 191 190 191 193 193 192 192 191 191 191 191 
165 163 162 163 165 166 170 174 176 178 180 183 185 189 188 191 191 190 190 193 191 191 192 191 191 192 192 193 192 192 191 191 192 192 192 195 194 192 192 191 190 192 192 192 192 191 191 190 189 191 190 189 190 192 190 191 192 192 191 191 191 190 190 191 
178 176 174 176 176 176 180 184 185 187 188 189 191 193 192 192 192 190 189 192 191 192 192 191 190 191 191 192 192 192 190 190 191 191 192 195 194 193 193 192 191 192 192 192 191 191 191 190 190 191 191 191 191 192 191 192 192 192 192 193 192 192 192 192 
187 185 185 186 185 185 188 189 189 191 191 192 192 193 193 193 192 192 192 193 192 192 191 192 191 193 192 193 193 193 191 192 193 193 193 195 193 192 192 192 190 192 192 191 191 191 191 190 190 191 191 191 190 191 190 191 191 192 192 193 192 192 192 191 
192 190 190 191 190 191 192 193 192 192 191 192 192 193 193 193 192 192 191 193 192 193 192 193 192 193 192 193 193 193 191 192 193 192 192 194 193 192 192 191 191 192 193 192 192 191 191 190 191 191 190 191 191 191 190 192 191 191 191 193 191 192 192 191 
191 191 190 191 190 191 192 193 192 192 192 192 192 192 192 191 191 192 191 192 193 194 193 194 194 194 193 193 193 193 192 193 194 194 194 195 193 192 192 191 191 191 191 191 192 192 191 191 193 192 192 194 193 192 190 192 191 191 191 193 191 192 192 192 
191 191 190 192 191 192 193 193 192 191 191 191 191 191 192 191 192 193 192 193 194 194 192 194 194 194 194 195 194 194 193 194 193 192 192 192 192 192 193 192 193 193 193 193 193 192 191 192 193 194 193 195 194 193 191 192 190 191 190 193 192 194 194 195 
191 191 191 192 191 192 191 192 192 191 191 191 190 191 191 191 192 193 192 194 195 194 193 195 195 194 195 194 194 194 194 194 195 193 193 193 192 192 192 191 191 192 192 192 193 193 191 192 194 195 194 195 193 192 191 191 190 190 189 191 191 193 194 195 
192 193 191 192 190 191 190 191 191 191 191 191 190 190 190 190 191 191 190 193 194 193 194 195 194 192 193 193 193 193 193 192 193 191 191 191 192 191 192 190 191 192 192 192 193 193 191 192 194 195 194 194 194 192 191 191 190 190 189 191 191 193 194 195 
193 194 192 191 190 190 189 190 190 190 191 190 190 190 189 189 190 190 191 193 193 193 193 194 192 193 193 193 193 193 193 192 192 190 191 191 192 192 193 190 190 191 190 190 191 192 190 191 193 194 193 194 193 191 189 189 189 190 189 192 192 193 193 196 
193 192 191 190 190 190 189 190 190 190 189 189 189 189 189 190 191 191 192 194 193 192 193 193 192 193 193 194 193 193 193 192 192 191 192 191 192 193 193 191 191 191 190 190 189 190 189 189 190 192 190 191 191 190 189 190 190 191 191 192 192 193 193 194 
193 193 192 191 192 192 191 191 191 190 189 190 190 190 190 190 190 190 191 192 192 192 193 193 192 193 193 193 193 192 192 192 192 192 194 193 193 194 193 191 191 191 190 189 189 189 188 189 190 191 190 191 190 189 189 189 190 190 191 192 192 192 191 192 
193 193 192 190 191 191 191 191 192 191 191 192 191 192 191 190 190 191 191 192 191 192 192 192 191 193 193 192 192 191 191 191 191 192 194 193 192 193 193 192 191 192 191 190 189 190 189 190 191 191 191 192 191 190 189 190 190 190 190 193 193 192 192 193 
194 193 193 191 192 192 191 192 191 190 191 192 191 193 192 190 190 191 190 190 191 190 191 191 192 194 194 193 192 191 189 190 191 191 193 193 193 193 193 193 193 193 192 191 190 190 190 190 191 192 192 192 191 191 191 191 192 191 191 193 193 192 192 193 
196 194 193 192 193 193 193 193 192 190 190 192 191 193 193 192 191 191 189 190 191 190 191 192 192 193 193 192 190 190 190 190 191 192 193 192 192 192 193 193 194 193 194 192 191 191 191 191 191 192 191 192 192 193 192 192 192 191 190 191 191 191 191 191 
195 195 194 193 194 194 194 194 193 191 192 192 192 193 193 191 191 191 189 190 190 190 191 192 191 192 192 191 189 190 189 189 190 190 191 190 191 190 192 192 194 194 194 193 192 191 191 191 192 192 192 193 192 193 192 191 191 190 189 191 192 191 193 193 
194 195 194 194 193 192 191 193 192 192 193 194 193 194 193 192 191 191 190 191 191 191 191 192 191 192 192 191 190 190 189 189 191 190 190 190 190 190 191 192 193 193 194 194 193 193 193 192 192 192 191 192 192 193 193 193 192 191 190 192 193 192 193 192 
193 194 193 194 194 194 193 194 193 192 193 193 192 193 193 191 192 191 190 191 191 190 191 192 192 192 192 192 190 190 190 190 190 190 191 191 192 191 191 191 192 191 193 194 194 193 193 191 190 190 189 190 191 192 192 192 191 191 191 192 192 191 191 190 
192 193 193 193 194 194 193 195 195 193 194 193 192 192 192 192 192 192 191 192 191 191 191 192 191 191 192 191 190 191 192 191 192 191 190 191 191 191 192 192 193 191 193 192 193 192 193 191 191 190 190 191 191 192 192 192 191 192 191 191 191 190 190 189 
190 192 191 193 193 194 193 194 194 194 194 193 192 191 192 191 192 192 192 192 191 191 191 191 191 192 193 192 192 192 192 191 191 191 191 191 191 191 191 191 191 191 193 193 193 192 192 190 191 191 191 191 191 191 192 192 191 192 192 192 192 191 191 190 
191 191 191 192 192 194 194 194 194 194 193 192 192 191 191 190 191 192 192 192 192 192 191 191 191 192 193 192 192 192 192 191 191 191 191 191 192 192 191 192 191 190 192 192 192 192 192 190 191 190 190 190 191 191 192 193 192 194 193 192 191 191 190 190 
190 191 191 192 193 195 194 194 193 193 192 192 192 191 192 190 191 193 192 192 192 192 191 192 192 193 194 194 193 193 193 192 191 191 191 191 191 191 190 191 190 190 191 190 191 191 191 190 190 191 191 191 192 192 193 193 192 192 192 191 190 190 190 190 
191 190 191 192 192 193 194 192 192 192 193 193 193 191 191 190 190 192 192 192 192 192 190 191 191 192 192 193 193 192 193 192 192 192 191 191 191 191 191 192 191 192 191 190 191 191 190 190 190 191 190 190 192 193 192 193 193 193 191 191 191 191 191 191 
190 190 190 191 192 193 192 191 191 190 191 192 192 191 192 191 192 193 193 192 191 191 191 191 192 192 192 192 192 191 192 191 191 191 192 192 192 193 192 191 190 191 190 189 190 191 190 189 190 191 190 190 192 193 192 192 192 192 191 190 190 190 189 191 
190 190 190 191 191 192 191 191 190 190 190 192 193 192 193 191 191 192 192 191 192 192 191 192 193 193 192 192 193 191 191 191 192 192 192 193 192 193 192 192 191 191 190 189 189 190 190 190 189 191 190 190 192 193 192 193 193 192 190 191 190 190 190 191 
189 190 190 191 192 193 191 190 189 189 190 193 193 192 193 192 192 192 192 191 191 191 191 191 192 192 191 192 191 190 191 191 192 192 192 193 193 192 193 192 190 191 190 189 190 191 191 191 190 192 190 191 193 194 192 192 191 190 189 189 189 189 189 189 

61 61 62 62 62 63 63 63 64 63 64 64 65 63 63 61 62 61 62 64 65 63 63 63 62 61 62 62 62 62 63 67 71 82 96 115 131 152 167 178 183 187 188 189 190 192 192 192 191 191 190 190 190 191 190 190 191 190 190 189 189 189 189 189 
62 61 62 62 62 63 64 64 65 63 65 64 64 63 64 63 64 63 64 65 65 64 63 63 62 62 63 63 63 62 62 66 72 82 97 117 133 153 168 179 184 188 189 190 190 191 192 191 190 190 190 191 191 191 191 191 190 190 190 190 190 190 190 190 
62 62 62 62 63 63 64 64 65 63 64 64 64 63 64 62 63 62 63 63 64 63 63 63 62 61 62 63 63 62 62 66 72 82 98 118 133 153 168 179 184 188 189 190 191 191 193 192 190 190 190 191 191 192 191 190 189 189 189 190 190 191 190 191 
62 61 62 62 63 62 63 63 62 61 62 62 63 63 64 63 64 64 64 63 64 63 62 62 62 62 62 63 62 62 61 65 72 83 98 119 135 153 168 179 184 187 188 190 190 191 193 192 191 191 191 191 193 192 191 190 189 188 189 190 190 191 191 191 
62 60 60 61 61 61 63 63 63 62 62 61 63 64 64 63 64 64 63 63 64 64 63 64 63 63 62 62 61 61 60 65 73 83 99 121 137 156 171 183 187 191 191 192 191 191 192 191 190 190 190 192 193 193 192 191 190 189 189 191 191 191 191 192 
62 62 62 62 61 62 63 63 62 62 62 61 62 63 64 63 64 64 64 64 65 65 64 65 64 64 64 63 62 62 62 66 76 87 103 123 140 157 172 184 189 192 192 192 191 191 193 192 191 191 192 192 192 193 192 190 189 189 189 190 192 191 191 192 
63 63 62 63 62 62 63 63 62 62 62 62 61 61 62 62 62 63 63 62 64 64 64 65 65 64 64 62 61 61 62 67 78 89 105 124 143 158 172 184 189 191 191 191 191 191 193 193 193 193 193 192 192 192 191 190 190 189 188 189 190 189 190 191 
63 62 62 62 61 61 62 63 62 63 63 62 61 62 62 62 62 63 63 64 65 65 65 66 66 65 64 62 60 60 63 68 80 93 109 127 146 162 174 185 190 192 191 191 190 191 192 192 192 193 193 192 192 192 191 190 191 190 191 190 190 190 190 189 
63 63 62 62 61 62 62 63 63 63 63 63 62 61 61 61 62 63 64 65 65 65 66 66 65 65 64 62 61 61 65 71 83 98 115 131 151 166 177 186 192 192 192 192 191 191 191 192 192 192 193 193 191 193 193 191 191 192 191 190 190 189 190 189 
67 66 66 65 64 64 63 63 63 63 63 63 61 61 61 61 61 62 64 64 64 65 65 65 66 65 65 64 63 64 69 75 87 102 119 134 153 169 179 186 191 192 191 191 191 190 190 191 191 192 193 193 192 193 192 191 191 191 190 189 190 190 190 191 
67 66 65 64 64 64 63 64 63 63 63 64 62 62 62 62 62 63 65 64 64 65 65 65 65 66 65 64 64 66 70 78 90 106 122 139 157 171 181 188 191 191 192 192 192 191 191 191 191 191 193 193 194 194 193 193 192 190 190 190 190 190 191 191 
65 65 65 64 64 64 62 62 62 62 62 64 63 63 63 62 62 63 65 65 65 65 65 65 65 66 65 65 64 67 72 81 93 111 127 144 161 175 183 189 191 192 192 192 193 192 191 191 191 191 193 194 194 195 194 194 193 191 191 192 192 192 192 192 
64 65 65 64 64 65 62 63 63 62 62 64 64 63 64 63 63 64 65 65 65 65 64 65 65 67 67 66 67 71 75 84 98 115 132 149 165 177 184 189 191 192 192 193 194 192 191 191 191 191 193 193 195 195 193 192 193 191 191 192 193 193 193 194 
66 67 66 66 65 66 63 63 64 63 63 65 64 64 64 63 63 63 64 64 64 65 65 66 66 67 66 66 67 72 77 88 102 119 136 154 169 180 186 190 191 192 193 193 193 192 191 191 191 191 192 192 192 192 190 191 191 191 191 192 193 193 193 193 
66 67 66 66 64 65 63 64 63 62 62 63 63 64 64 64 64 65 64 65 65 65 65 66 66 67 67 67 69 73 80 92 108 125 143 160 173 182 188 191 191 192 192 192 192 192 191 193 193 192 193 193 192 191 191 191 191 191 193 193 193 192 193 192 
66 66 66 66 64 65 64 63 64 64 64 64 64 64 64 64 63 64 63 63 64 64 65 65 67 67 67 67 72 78 88 100 116 132 149 163 176 184 188 191 192 193 193 193 193 192 192 193 192 193 193 193 192 191 191 191 191 191 193 193 193 193 193 193 
66 67 66 66 65 65 63 64 64 64 64 65 65 65 64 65 64 64 63 63 63 63 64 65 66 66 67 70 76 83 95 108 124 139 156 169 180 186 190 192 193 193 193 194 193 192 192 193 192 193 193 192 192 191 190 190 190 190 192 192 193 193 193 192 
68 68 68 68 66 65 64 62 62 63 62 63 64 64 64 65 64 63 62 62 62 62 63 64 66 67 68 73 80 89 102 117 133 148 162 174 184 188 191 192 193 193 192 194 193 192 193 194 192 193 192 192 191 191 191 191 190 191 192 192 192 193 193 192 
66 67 67 66 65 64 62 61 62 62 61 63 64 63 64 65 63 62 63 62 61 61 62 62 64 67 70 76 86 97 111 125 142 156 169 178 187 189 190 191 192 193 193 195 194 194 193 193 192 191 190 191 191 191 192 191 190 190 191 192 192 193 193 193 
64 65 65 65 64 63 62 61 62 64 63 65 65 65 64 66 64 63 63 63 61 61 62 62 65 69 73 81 94 106 120 135 151 164 175 182 189 189 189 190 192 192 193 195 194 193 193 191 190 190 189 190 192 191 192 192 191 190 191 192 191 192 192 192 
64 64 64 63 63 62 62 61 62 63 63 63 64 65 64 64 64 63 63 63 62 61 61 62 65 72 79 89 101 114 127 143 158 171 181 187 190 190 189 190 191 192 193 195 194 193 193 190 189 189 188 189 191 190 191 191 191 191 192 193 192 192 192 193 
63 63 63 62 63 63 63 63 63 64 63 63 64 64 64 64 63 63 64 64 62 62 63 64 68 78 86 97 111 125 138 153 167 177 184 189 190 190 189 190 192 192 194 195 193 193 193 190 190 189 188 188 190 189 190 191 191 191 192 192 191 192 191 191 
61 61 61 60 61 62 62 63 65 65 65 65 65 65 64 64 63 64 64 64 63 64 66 68 74 85 95 108 122 136 150 163 174 182 187 189 189 189 190 190 192 193 195 195 194 193 193 189 189 189 188 189 190 189 190 192 191 193 194 194 192 192 190 190 
63 62 61 60 60 61 62 63 65 66 66 66 66 65 64 63 63 63 64 64 65 67 71 75 84 95 107 121 134 149 163 173 182 188 190 191 189 189 191 191 192 194 195 194 193 193 193 190 190 190 189 190 191 191 191 192 192 193 194 194 193 193 192 190 
62 62 61 61 62 63 63 64 65 65 66 66 65 64 64 62 62 63 64 65 66 71 77 85 94 107 119 133 146 160 173 181 187 191 192 192 191 190 191 192 191 193 194 194 193 193 192 190 190 191 190 191 191 191 191 192 191 193 194 194 194 194 193 192 
63 63 63 63 63 64 64 65 66 65 66 66 65 64 64 63 62 64 67 68 73 80 88 96 108 119 132 145 158 169 180 186 190 192 192 192 191 191 193 192 192 193 192 191 192 192 191 191 190 190 190 191 192 192 192 193 192 194 194 194 193 193 191 189 
64 63 63 63 62 62 62 63 64 66 66 66 65 65 64 62 63 67 69 73 80 89 98 109 121 133 144 157 168 178 185 190 192 192 192 192 191 190 192 191 191 193 192 192 192 192 190 190 189 189 189 191 191 193 192 193 193 194 195 195 194 193 192 190 
65 65 64 63 63 62 62 62 62 64 64 64 63 64 64 63 65 71 76 80 90 100 110 121 135 146 157 167 176 183 188 191 192 192 192 192 192 191 192 192 191 192 191 192 191 191 191 191 188 189 189 190 191 193 192 192 193 193 193 193 192 193 193 192 
65 65 65 64 63 63 63 64 64 64 65 65 65 66 68 70 73 80 87 94 102 114 123 135 147 159 168 177 184 188 189 191 191 190 191 192 191 192 192 192 191 191 190 191 191 191 191 190 189 189 190 190 192 193 193 193 194 194 194 193 192 193 193 193 
65 64 64 64 63 63 64 64 64 66 67 68 69 71 74 77 81 90 100 108 118 129 139 149 160 170 178 184 188 190 190 191 190 189 190 191 190 192 193 193 194 193 192 192 191 191 191 192 191 190 191 191 192 193 193 193 194 193 193 193 192 193 193 193 
64 64 64 63 63 64 66 67 69 72 74 75 78 80 83 88 93 101 112 121 131 143 153 162 171 179 184 188 190 192 190 190 189 188 189 189 189 190 191 192 192 192 192 192 191 191 192 191 191 191 192 191 191 193 193 192 193 193 194 193 192 193 194 192 
70 70 70 68 68 69 71 72 75 78 82 85 88 91 95 101 107 116 128 137 147 158 167 173 180 185 188 190 191 192 190 189 189 189 189 190 190 192 192 192 193 193 192 192 191 191 192 191 192 192 193 191 192 192 193 191 192 193 194 193 193 194 193 192 
75 75 75 75 76 78 82 84 87 91 95 98 102 105 111 117 122 132 143 153 162 172 178 183 186 188 190 191 191 192 191 189 189 190 190 190 191 192 192 192 194 193 193 193 193 193 194 193 194 193 194 193 193 193 194 192 191 192 193 192 192 194 194 193 
85 85 85 86 86 89 93 96 99 104 109 113 118 122 127 134 138 148 158 166 174 181 186 189 189 189 191 190 190 192 191 190 190 190 190 190 191 191 191 191 194 193 193 193 193 193 195 193 193 193 193 191 192 192 193 192 191 192 192 192 191 193 193 191 
100 100 101 102 102 104 107 109 114 119 124 129 134 138 144 151 156 163 171 176 183 187 189 191 191 189 191 191 190 192 192 191 191 191 191 191 192 193 193 193 194 192 193 192 192 192 193 191 191 191 190 189 190 191 192 193 192 193 193 193 191 192 192 191 
118 118 119 121 123 124 127 128 131 135 140 145 151 155 160 165 170 176 181 185 189 190 190 191 190 189 191 191 191 192 192 192 192 193 191 192 192 193 193 193 194 193 193 193 193 193 193 191 190 191 189 189 190 191 191 192 192 192 191 191 190 191 191 191 
132 132 133 136 139 141 145 147 150 153 157 160 167 170 174 178 181 184 188 191 193 193 192 192 192 190 191 192 192 193 193 193 193 193 193 194 194 194 194 193 193 192 193 193 193 192 193 191 190 191 189 189 191 192 191 193 193 191 190 191 191 191 192 193 
151 151 151 153 156 157 160 162 165 168 171 174 180 182 183 186 188 188 190 193 193 192 192 192 192 191 192 193 193 193 193 192 192 192 192 194 194 194 194 194 193 192 192 191 190 190 191 189 188 189 188 188 189 191 191 192 193 193 191 192 191 191 191 192 
167 167 167 168 171 172 174 176 178 180 182 184 189 190 189 189 192 189 190 193 193 193 193 193 193 193 193 193 193 192 191 191 191 191 192 194 194 194 195 195 193 193 194 192 191 190 190 188 188 189 189 188 190 191 191 192 193 192 191 192 192 191 191 192 
179 178 177 177 180 182 184 187 188 189 189 190 192 193 191 192 192 190 190 194 192 192 192 192 192 192 192 192 192 191 190 190 191 192 192 195 194 193 192 192 190 192 192 192 191 191 191 189 189 190 189 189 191 192 191 191 192 191 190 191 190 190 190 192 
186 185 184 184 185 186 189 192 192 192 191 191 192 193 191 191 192 190 190 193 193 194 194 193 192 193 191 191 192 192 190 190 191 192 192 195 194 193 193 193 192 192 193 191 191 190 191 189 189 190 190 190 192 193 192 193 193 192 192 192 192 191 192 192 
191 190 189 190 190 191 192 194 192 192 191 190 190 191 190 191 191 191 191 193 193 194 193 193 192 194 193 193 193 193 191 192 193 192 192 194 193 192 192 193 191 192 193 192 191 191 191 190 190 190 191 191 192 192 191 191 192 192 192 192 191 191 191 191 
192 191 190 191 191 192 193 195 193 193 191 190 190 191 191 192 193 193 192 194 194 194 193 194 192 193 193 193 194 193 192 191 192 192 192 194 193 192 192 191 191 192 193 192 192 191 191 190 191 191 190 191 192 192 191 192 192 191 190 191 190 191 191 191 
191 191 190 191 191 192 193 194 193 193 191 191 190 191 190 191 192 193 192 194 194 194 194 195 194 193 194 193 194 194 193 193 194 193 193 194 193 192 192 191 191 191 190 191 192 192 192 192 194 194 193 194 194 193 192 192 191 190 190 191 190 191 191 192 
191 191 191 192 192 193 194 194 193 193 191 190 190 190 191 191 192 192 192 193 195 195 195 196 195 194 195 195 195 194 194 193 193 192 192 192 192 192 193 191 193 193 193 193 193 193 192 193 194 194 194 195 194 193 192 191 190 190 189 191 191 193 193 195 
191 192 191 192 192 193 193 194 193 193 192 192 191 191 191 191 192 193 193 194 196 194 195 197 196 194 196 195 194 194 194 193 193 191 192 192 192 192 192 190 191 192 192 193 193 193 192 193 195 196 195 196 194 193 192 191 190 190 188 190 191 192 193 195 
192 192 192 192 191 191 191 192 193 193 192 192 192 191 191 192 192 192 192 195 195 194 195 196 194 192 194 193 193 193 194 191 191 189 190 190 191 192 192 190 191 192 192 192 193 193 191 192 194 195 194 195 194 193 192 192 191 190 189 191 191 193 194 196 
192 193 192 191 190 191 190 191 192 192 192 192 192 191 190 190 191 191 192 194 195 194 195 195 193 192 194 193 193 192 193 191 191 189 191 190 192 193 193 191 192 192 191 191 192 192 191 191 193 195 194 195 194 193 191 191 190 190 189 192 192 194 195 197 
192 191 191 190 190 190 190 190 191 191 190 191 191 191 191 191 192 192 192 195 195 194 194 195 193 193 194 193 192 191 192 191 191 190 192 192 193 193 194 192 192 191 190 190 190 190 190 189 190 192 190 191 192 192 190 191 190 190 190 192 193 193 194 194 
192 191 191 189 190 191 191 190 191 190 190 192 192 192 191 190 191 190 191 193 193 193 194 194 193 193 194 193 192 191 192 190 191 191 193 193 194 195 194 192 191 190 189 188 188 189 189 189 190 191 191 191 191 191 190 190 190 190 190 192 192 192 192 193 
192 191 191 189 190 191 191 191 192 191 191 192 193 193 193 191 192 190 191 192 192 193 193 193 192 194 193 193 192 190 190 189 191 192 194 193 193 193 194 193 191 191 190 189 189 190 190 190 190 191 191 191 191 191 190 190 190 190 190 192 193 193 193 194 
192 192 192 190 190 191 191 191 191 191 192 193 193 195 194 191 191 190 190 190 191 191 192 192 193 195 194 192 191 190 189 190 192 193 195 194 194 193 193 192 192 192 191 190 190 190 191 191 191 192 193 192 192 192 191 191 192 191 191 193 193 192 193 193 
194 192 191 191 192 193 194 193 192 191 191 192 193 195 195 193 192 191 190 190 191 190 192 193 193 194 193 191 190 189 189 190 192 193 193 192 192 192 193 192 192 192 192 190 190 191 191 191 191 191 192 190 192 192 192 191 192 190 190 191 192 191 191 191 
192 192 192 191 193 193 194 194 193 192 192 193 193 194 194 192 191 190 189 189 190 189 191 192 191 193 192 190 190 190 189 190 192 191 191 190 190 189 190 191 191 192 193 192 192 191 191 190 191 191 192 192 192 193 191 191 191 191 189 191 192 192 193 193 
193 192 191 192 192 192 192 194 192 193 194 195 193 195 194 192 191 190 190 190 191 191 192 192 191 192 192 190 189 190 190 190 192 192 191 189 189 188 189 190 191 192 193 193 193 192 193 191 191 191 191 191 191 192 192 193 193 193 192 193 193 192 193 193 
192 193 192 193 193 193 192 194 193 192 193 194 192 193 193 191 191 191 190 190 190 190 191 192 192 193 192 190 190 190 191 191 192 192 191 190 190 189 189 190 191 191 193 193 193 192 192 190 189 190 189 190 191 192 192 193 192 192 192 192 192 191 191 191 
191 192 191 192 193 194 193 195 194 193 193 192 191 191 192 191 191 191 191 191 191 191 191 192 192 192 192 191 191 191 192 192 193 192 190 190 190 189 190 191 191 191 193 193 193 192 192 190 189 189 188 189 190 192 192 193 192 192 191 191 191 191 192 191 
191 192 191 192 193 193 192 194 193 193 193 192 191 190 190 190 191 192 192 192 190 190 191 191 191 193 193 192 192 192 193 192 192 192 191 190 190 189 189 190 190 191 193 193 193 192 192 189 190 191 190 191 192 192 192 193 192 193 192 192 192 192 192 193 
191 191 191 192 193 193 193 194 193 193 193 192 191 190 190 190 191 192 192 191 190 191 191 192 193 194 194 193 192 192 193 193 192 192 191 191 191 191 191 192 191 191 193 193 193 193 192 190 190 190 190 190 191 192 193 194 193 193 192 192 192 192 191 191 
190 190 191 192 193 194 194 193 193 193 192 191 191 191 192 191 192 193 192 191 190 191 191 193 193 194 195 194 194 193 194 193 192 192 191 190 190 190 190 191 190 191 192 192 192 192 191 189 189 190 190 191 193 194 193 193 192 191 191 191 191 191 192 192 
190 190 191 192 193 194 194 192 192 192 192 192 192 191 191 190 191 192 192 192 191 192 191 192 192 193 193 193 193 193 194 193 193 192 191 191 190 191 190 191 190 192 191 191 192 192 190 189 188 190 190 191 192 195 193 194 193 193 191 192 192 192 192 193 
190 189 190 191 192 192 192 191 191 191 192 192 192 192 192 192 192 194 193 192 191 191 190 191 192 193 192 192 192 192 192 192 192 193 192 192 192 193 192 191 190 192 191 190 191 191 190 189 189 190 190 191 193 194 193 193 192 192 191 192 192 192 191 192 
190 189 190 190 191 192 192 191 191 192 192 193 193 192 193 192 192 193 193 191 192 192 190 192 193 193 192 193 193 193 192 192 193 193 192 192 192 193 192 192 191 192 191 190 191 191 190 188 188 190 190 191 193 195 193 193 193 192 191 192 192 191 191 192 
190 190 190 191 192 191 191 191 190 191 192 194 194 193 194 193 193 194 193 192 191 191 190 191 192 192 191 192 192 192 193 192 193 193 191 192 192 192 192 191 189 191 190 190 190 191 190 189 188 190 190 191 194 195 193 193 193 191 190 191 191 191 191 192 

62 61 62 63 63 63 63 63 64 62 65 65 66 63 63 61 61 60 61 62 64 64 64 64 64 63 64 63 62 67 72 81 92 108 122 142 158 173 182 188 188 187 188 189 190 192 194 193 192 192 191 190 191 191 191 190 191 190 191 191 192 191 191 191 
63 62 63 63 63 63 64 63 64 62 65 65 65 64 64 62 62 62 63 64 65 64 64 64 64 63 64 63 62 67 72 81 93 109 123 144 159 173 183 189 189 189 189 190 191 192 194 193 191 190 190 190 191 191 192 191 190 189 190 190 191 191 190 191 
64 64 64 63 64 63 63 63 64 63 65 65 65 64 64 62 62 62 63 63 64 64 64 64 64 62 64 63 62 67 71 80 92 108 123 144 159 173 183 189 189 189 190 191 192 193 194 194 192 191 191 191 191 192 192 190 189 189 189 190 190 191 190 191 
64 63 63 63 63 62 62 63 63 62 63 64 63 63 64 62 62 63 63 63 64 64 62 63 63 62 63 63 62 68 71 80 93 109 124 145 160 174 183 189 190 189 190 191 191 193 195 194 192 191 190 191 192 192 192 191 189 188 189 189 190 190 190 190 
62 62 61 62 61 62 63 63 64 63 63 63 63 63 63 62 63 63 63 64 65 64 63 64 64 63 64 63 62 67 71 80 94 110 125 146 162 175 185 192 192 192 192 193 192 193 194 192 191 190 190 191 192 192 192 191 189 188 188 189 190 191 190 191 
63 63 63 63 62 63 63 64 64 63 63 63 62 62 63 61 62 64 64 64 65 65 63 64 63 63 64 64 62 68 73 83 98 114 129 149 164 176 186 192 193 194 193 193 192 193 193 193 192 191 191 192 191 192 192 191 189 189 189 189 190 191 191 191 
63 63 63 63 62 63 62 63 64 63 62 62 61 60 61 60 61 62 62 62 64 64 63 64 64 64 65 64 64 70 76 85 101 117 132 151 166 177 186 191 192 192 192 193 192 191 193 193 192 193 193 192 192 191 191 190 190 190 190 189 190 190 191 191 
62 62 62 62 61 62 62 63 63 63 62 62 61 60 60 60 60 62 62 63 65 65 64 64 65 64 65 64 65 71 78 88 104 121 136 155 170 180 187 193 192 193 192 192 191 191 191 191 191 192 192 192 191 191 191 190 190 190 191 189 191 191 191 190 
63 63 63 62 61 62 62 63 64 64 63 63 62 60 60 60 61 62 63 64 65 65 64 64 64 64 65 65 67 72 81 91 108 125 142 159 173 182 188 192 192 193 193 193 192 191 190 192 191 192 192 193 191 192 192 191 190 190 190 189 191 191 191 191 
66 66 66 64 63 63 62 63 63 62 62 63 61 61 61 60 61 61 63 64 64 64 64 64 64 65 66 65 70 75 85 96 114 130 146 161 175 184 189 191 192 193 192 192 192 191 190 191 190 192 193 193 192 192 192 191 191 191 190 189 191 191 192 192 
65 65 65 64 63 63 62 63 62 62 62 63 62 62 62 61 61 62 63 64 64 65 65 64 65 66 66 67 72 79 88 100 116 133 150 166 177 186 190 191 191 192 193 193 194 192 191 192 191 192 193 193 193 193 193 193 192 191 190 190 190 191 191 191 
64 65 64 64 63 63 61 62 61 61 62 64 63 64 64 62 62 63 63 64 64 65 64 64 65 67 66 68 73 81 90 104 120 138 154 169 180 188 190 191 191 192 193 194 194 192 191 192 191 191 192 193 193 195 194 193 192 191 191 191 192 193 193 192 
64 65 64 64 64 65 62 63 61 61 61 64 62 63 64 63 63 63 64 64 64 64 64 64 65 67 68 71 77 86 95 109 124 142 158 171 181 188 189 190 191 192 193 194 194 192 192 192 191 191 193 193 194 194 193 192 192 191 191 192 193 194 194 194 
65 66 66 66 66 66 64 65 63 62 62 64 62 64 64 63 63 63 63 64 64 64 65 65 66 68 69 73 80 88 99 113 128 145 161 174 183 188 190 191 191 193 194 194 193 191 191 191 190 191 193 192 192 192 191 191 191 192 192 193 193 193 193 193 
66 67 66 66 65 66 65 66 64 63 63 64 62 64 64 64 63 64 64 65 65 65 65 65 66 68 71 77 84 93 104 118 134 151 166 178 186 189 190 191 191 193 193 192 191 191 191 192 191 192 193 193 191 191 192 191 191 191 193 193 193 193 193 192 
66 67 66 67 65 65 64 64 64 65 64 65 64 64 64 65 64 65 64 65 64 64 65 65 66 68 73 79 89 99 113 126 142 158 170 180 187 189 189 191 192 193 193 194 192 192 192 193 192 192 192 192 191 191 191 190 190 191 192 192 193 194 194 194 
66 66 65 66 65 65 64 65 65 66 65 66 65 64 64 65 64 65 64 64 64 64 64 65 68 70 77 85 96 107 120 133 149 163 174 183 189 189 191 193 194 194 194 194 192 192 192 193 192 192 192 192 191 191 191 190 190 191 192 192 193 193 193 192 
66 66 66 67 66 65 64 63 64 65 64 64 65 64 64 65 64 64 64 64 64 64 64 66 70 74 81 91 102 114 127 141 157 169 178 186 190 190 191 193 194 193 193 193 190 191 191 192 191 192 191 191 190 191 192 191 190 191 191 191 192 192 192 191 
65 65 65 65 64 64 62 62 62 63 62 64 64 63 64 64 63 64 64 63 63 63 64 67 72 80 88 98 110 122 136 150 164 175 183 188 191 190 191 192 193 193 193 193 192 192 192 192 191 190 190 191 191 191 191 191 190 190 191 192 192 192 193 192 
62 64 64 63 63 63 62 61 62 64 63 64 65 64 64 64 63 64 63 64 63 63 65 69 76 84 95 105 119 132 145 158 172 180 186 189 191 190 190 191 191 191 193 193 193 193 193 192 191 190 190 190 191 191 191 191 190 190 190 192 190 191 191 191 
63 63 63 62 62 63 62 62 62 63 63 64 65 65 64 64 63 63 63 63 62 64 67 73 81 92 104 115 128 140 152 165 176 184 189 192 191 190 190 191 191 191 193 193 192 192 192 190 189 189 189 190 190 190 191 191 190 191 192 193 191 192 192 192 
63 63 63 62 62 63 63 63 63 64 63 64 64 64 64 64 63 63 63 64 64 66 71 78 87 100 113 125 139 151 163 174 182 186 189 191 190 190 191 191 191 191 194 193 193 194 193 191 190 190 189 188 189 189 190 190 190 191 191 192 190 191 190 191 
62 62 62 62 61 62 62 64 65 66 66 66 65 65 64 64 64 64 65 66 67 72 79 86 96 111 123 136 149 161 172 181 186 189 190 191 190 190 191 192 191 193 195 193 193 194 193 190 190 189 188 189 189 189 189 190 190 192 192 193 191 191 190 190 
64 62 62 61 60 60 61 62 64 66 67 67 67 66 65 64 64 64 67 70 73 80 89 96 108 121 134 148 160 172 182 187 190 191 191 191 190 189 192 193 192 194 195 193 192 192 192 190 190 190 188 189 190 190 190 192 191 192 192 193 191 192 191 191 
63 62 62 62 62 62 62 64 64 65 66 66 66 66 65 64 64 66 70 74 80 90 99 109 120 133 146 159 170 180 188 190 192 192 192 191 191 191 193 193 192 194 194 193 191 192 190 189 189 190 189 190 191 191 191 192 191 192 192 192 192 192 191 191 
63 63 62 63 62 63 63 64 65 65 65 66 66 66 67 67 68 72 78 83 92 102 112 122 135 146 158 169 179 185 192 193 194 193 192 191 192 192 194 193 192 193 192 191 190 191 190 190 190 190 189 191 191 192 192 194 192 193 192 192 191 191 190 190 
63 62 62 62 62 62 62 63 64 66 66 67 67 68 69 70 74 80 87 93 103 114 124 134 147 159 168 177 184 188 192 193 192 192 192 191 190 191 193 192 192 193 192 190 190 189 188 189 189 189 189 192 192 193 192 194 193 194 193 193 192 193 193 193 
64 63 63 62 62 62 62 62 62 64 65 67 68 70 74 76 80 89 97 103 115 126 136 147 160 169 177 183 188 190 192 193 192 192 191 192 191 191 192 192 191 192 192 191 190 190 189 190 188 190 190 192 192 194 193 194 194 193 192 193 192 193 193 193 
63 63 64 63 63 64 65 66 67 69 71 73 75 77 83 87 93 102 111 118 127 138 147 157 168 177 182 187 191 192 191 192 191 190 190 191 191 191 192 192 191 191 191 190 189 190 190 190 189 191 191 192 193 195 193 194 194 194 193 193 193 194 194 195 
68 68 68 68 68 69 70 71 73 76 79 82 84 87 92 98 104 115 126 134 143 154 162 169 178 184 187 190 193 191 190 192 190 189 189 191 190 191 192 193 193 193 192 192 190 190 191 191 191 192 192 192 192 194 193 193 194 193 193 194 193 194 195 195 
73 73 74 74 73 74 77 79 82 87 91 94 97 100 105 111 117 126 138 146 155 165 173 178 184 188 189 191 192 192 190 191 189 188 189 190 190 190 191 192 193 192 193 192 191 190 192 192 192 192 193 192 192 193 192 192 193 192 193 194 194 194 196 194 
84 84 85 84 83 84 87 88 93 98 104 107 111 114 119 125 131 141 153 161 169 178 183 185 188 189 190 191 192 192 191 190 190 190 190 190 190 191 191 192 193 193 193 192 191 191 192 192 193 194 194 193 192 192 192 191 192 192 193 193 192 193 193 192 
95 95 96 97 97 99 104 106 110 116 121 124 127 130 135 142 147 156 167 174 180 187 189 190 190 189 189 190 190 191 191 190 190 191 191 191 191 192 191 192 194 193 193 193 193 192 194 193 194 195 194 193 193 193 192 191 191 191 192 192 192 194 195 193 
110 110 110 112 112 114 119 121 125 130 134 138 143 146 152 158 161 169 177 182 187 191 193 192 191 190 191 190 190 191 191 190 190 191 191 191 191 192 191 192 194 193 193 193 192 192 195 193 194 194 193 192 192 193 192 192 191 191 192 192 191 193 194 192 
126 125 126 127 127 128 133 135 140 145 150 154 158 162 166 171 174 179 184 186 190 191 192 191 191 189 190 190 189 191 191 190 191 192 191 191 191 192 192 192 194 192 193 192 191 191 193 191 191 191 190 190 190 191 191 192 192 192 193 193 192 193 194 192 
143 143 144 146 148 148 152 152 155 159 164 167 171 174 178 181 183 187 190 191 192 192 191 191 190 190 191 191 190 192 191 190 191 192 191 191 192 192 192 192 194 192 192 192 192 192 192 190 190 191 189 189 189 190 189 191 191 191 191 191 190 192 193 193 
157 157 158 160 163 164 167 168 170 172 175 178 182 184 186 189 190 191 192 193 193 192 192 192 191 191 191 192 191 192 192 192 192 192 192 193 193 194 193 192 193 190 191 191 192 191 193 191 190 191 188 188 189 191 190 191 191 191 190 192 192 193 194 195 
171 172 172 173 176 175 177 178 180 182 184 186 189 190 190 192 192 191 192 193 192 192 191 191 191 191 192 193 193 193 192 191 191 191 191 193 193 193 194 193 192 191 191 191 190 190 191 190 189 189 187 187 188 189 189 191 192 192 192 192 192 192 192 193 
182 183 183 184 186 185 186 186 188 189 191 192 194 193 192 192 193 191 192 193 192 191 191 191 191 192 192 192 193 192 192 191 191 191 191 193 193 193 194 193 193 193 194 193 192 191 191 189 189 190 188 187 188 189 189 191 192 192 191 191 191 191 191 192 
188 188 188 189 191 190 191 192 193 192 192 192 193 193 191 192 193 192 191 193 191 191 191 191 191 192 192 192 192 192 191 191 191 192 192 194 193 193 193 192 192 192 192 191 192 191 191 190 190 191 189 189 190 190 190 191 192 192 190 191 190 190 190 191 
191 190 190 190 191 191 191 193 192 192 191 190 191 192 191 192 193 192 192 193 193 194 193 192 192 192 191 192 192 192 192 192 192 192 192 193 193 192 193 193 193 192 193 192 191 190 191 190 190 191 190 189 191 191 191 193 193 193 192 192 191 191 190 191 
191 191 191 191 192 192 193 194 194 193 192 190 190 191 191 191 192 192 191 193 192 193 192 193 192 193 193 193 194 193 193 193 193 192 193 193 193 191 192 193 193 193 194 192 191 190 191 190 191 191 191 190 191 190 190 191 192 192 192 192 190 190 190 190 
192 191 191 192 192 192 194 195 194 193 191 190 190 191 191 192 193 193 192 194 194 194 193 194 193 193 193 193 194 193 193 193 193 192 193 193 192 192 192 191 192 192 193 192 192 191 192 191 191 192 191 190 192 192 191 192 192 191 191 191 190 190 190 190 
190 190 190 191 191 192 193 194 194 193 191 190 189 190 190 191 192 193 193 195 195 195 195 196 195 194 195 194 194 194 194 193 194 192 193 192 192 192 192 191 192 190 191 191 192 192 193 193 193 194 193 193 194 193 192 192 191 191 190 191 190 191 190 191 
190 191 191 192 192 193 194 194 195 193 191 190 190 190 191 191 193 194 194 195 197 195 195 196 195 194 196 195 196 194 195 193 193 191 192 191 191 191 191 191 193 192 193 193 193 193 193 193 194 194 194 194 195 193 193 191 190 190 189 191 191 192 192 193 
190 191 191 192 192 193 193 195 195 194 193 192 190 191 191 191 193 193 193 195 196 194 195 196 195 194 196 194 194 193 194 192 192 191 192 191 191 191 191 190 191 192 192 193 193 193 193 193 195 196 195 195 195 193 193 192 191 190 189 190 191 192 192 194 
192 192 192 192 191 192 192 194 195 195 193 193 192 191 190 192 192 193 193 196 197 195 196 195 194 191 194 193 193 192 193 191 191 190 191 189 191 192 190 189 191 191 191 193 193 193 193 192 193 194 194 194 194 193 193 192 191 189 189 190 192 192 193 194 
192 193 192 191 191 192 192 193 194 194 194 193 192 191 190 190 191 192 193 196 196 194 194 194 192 191 193 192 192 192 192 190 190 190 191 190 192 193 191 191 192 192 192 193 192 193 192 192 193 195 193 194 193 192 191 191 190 190 190 191 192 192 194 195 
191 192 192 191 191 192 192 193 194 193 192 192 192 191 191 191 192 191 192 194 195 193 194 193 192 192 193 193 192 191 192 191 190 191 192 191 192 193 192 191 192 192 191 192 191 191 190 190 190 192 190 191 191 191 190 191 190 190 191 192 192 192 193 192 
192 191 191 190 191 192 192 192 193 193 192 193 193 192 191 190 191 190 191 193 193 193 193 192 192 192 192 192 191 190 190 190 190 191 192 193 193 193 192 192 192 191 191 191 190 190 190 190 190 191 190 191 191 191 191 191 190 190 191 191 191 191 191 191 
192 191 191 189 190 192 192 193 193 193 192 193 194 194 193 192 191 191 192 193 193 193 193 192 192 193 193 192 191 190 190 190 191 192 193 193 193 192 192 192 191 191 191 191 191 191 191 191 191 191 190 191 191 191 190 191 190 190 191 192 192 192 192 192 
191 191 191 190 190 192 192 192 192 192 192 193 194 195 194 191 191 190 191 190 191 191 191 191 193 194 194 192 191 190 189 190 191 192 193 193 191 191 191 192 192 192 192 192 191 191 191 191 192 192 192 192 193 193 193 193 192 192 191 193 193 192 192 192 
191 191 191 190 191 193 193 193 192 192 192 193 193 195 194 192 191 190 190 189 191 190 192 192 193 193 193 191 190 189 189 190 192 192 192 191 191 190 191 191 191 192 191 190 191 191 192 191 191 191 191 191 193 193 193 192 192 191 191 192 192 191 191 190 
190 191 191 191 192 194 194 194 192 192 193 193 193 194 194 191 191 191 191 190 191 190 191 191 191 192 192 190 190 189 189 189 192 191 191 190 189 189 190 190 191 192 192 191 191 190 191 190 191 191 192 193 193 194 193 192 191 191 190 192 193 192 193 193 
190 191 191 192 192 193 192 194 192 193 194 195 194 194 194 191 190 190 191 191 192 192 193 192 192 192 192 189 190 189 190 190 192 191 190 189 188 187 189 189 190 191 192 192 193 192 193 192 192 191 191 191 192 193 193 193 194 193 193 193 194 193 193 193 
189 192 191 192 193 194 192 194 193 193 193 193 192 192 192 190 190 189 189 190 191 190 192 192 192 192 193 191 191 190 191 190 191 190 189 189 189 188 189 190 190 191 193 192 192 191 191 190 190 190 190 190 191 192 192 192 192 192 192 192 192 191 192 191 
189 192 191 192 193 195 194 196 194 193 193 192 191 191 191 190 190 190 190 191 191 191 192 193 192 191 193 191 191 191 192 191 191 190 188 189 189 189 190 191 191 191 193 192 191 191 191 189 189 189 189 189 190 192 192 192 192 192 191 191 191 191 192 191 
189 192 191 192 194 195 193 194 193 192 192 191 190 189 190 189 190 190 191 191 190 191 192 192 192 192 193 192 192 192 192 191 190 190 189 190 190 190 191 191 190 191 193 192 192 191 191 189 189 190 190 191 191 192 193 193 192 193 192 191 192 192 193 193 
189 191 191 191 193 194 193 194 194 193 192 191 190 189 190 189 189 190 191 190 190 191 192 193 193 193 194 193 192 192 192 192 191 190 190 190 191 191 191 192 191 191 193 193 192 192 191 190 189 190 190 190 191 193 194 195 194 194 192 191 191 191 190 191 
189 191 191 192 193 194 194 193 193 192 191 190 190 189 190 189 189 190 189 189 189 190 190 192 192 193 194 194 194 193 193 192 191 190 190 191 191 193 193 193 191 192 192 192 191 191 190 189 188 189 191 191 193 194 194 194 193 192 191 190 190 190 191 191 
190 190 191 192 193 193 194 192 192 191 191 190 191 189 190 189 189 190 191 191 190 190 190 191 191 192 193 193 193 194 193 193 192 191 190 191 191 193 193 193 191 192 192 191 192 192 191 189 188 190 190 191 193 196 195 196 194 193 191 191 191 192 191 193 
190 190 190 191 191 192 191 191 191 190 190 191 190 190 191 189 190 191 191 190 190 189 189 190 191 192 192 192 193 193 192 192 191 191 191 193 192 194 194 193 190 192 191 190 191 192 192 190 190 191 191 192 194 195 195 195 193 192 191 191 191 191 190 191 
190 189 189 190 190 191 191 191 191 191 190 191 191 191 191 190 190 191 190 190 191 190 189 191 191 192 193 194 194 194 193 192 192 191 191 193 193 194 194 194 191 193 192 191 192 192 192 190 189 191 191 191 194 196 196 195 194 192 191 190 191 190 190 191 
192 191 190 191 191 191 190 191 190 190 190 192 191 190 191 190 191 191 190 190 190 189 188 189 190 191 192 193 194 194 193 192 191 190 189 193 192 193 194 193 189 191 192 191 192 193 193 191 190 192 192 193 195 196 195 194 193 191 190 190 191 191 191 191 

60 60 62 64 65 65 64 63 65 62 64 63 63 61 61 60 60 61 61 62 63 65 65 65 65 62 63 66 71 82 93 107 120 135 150 167 176 186 190 190 188 189 190 191 191 193 195 194 193 192 191 189 189 190 190 189 190 189 189 189 192 192 193 195 
61 61 62 63 65 64 64 64 64 62 64 64 63 62 63 61 62 63 63 65 65 66 65 65 65 63 64 67 72 82 93 107 120 135 150 167 176 185 190 190 189 190 191 192 192 194 195 194 192 190 189 189 189 190 191 190 190 189 189 189 191 191 192 193 
61 62 63 63 64 64 63 64 65 62 64 64 63 62 62 61 61 62 63 63 64 65 64 65 65 63 64 67 72 82 93 107 120 134 150 166 175 184 189 190 190 190 191 193 193 195 196 195 193 191 190 189 189 191 191 190 190 189 189 190 191 191 192 192 
61 61 62 63 64 63 63 64 64 62 63 64 62 62 63 62 62 63 62 63 64 65 64 65 65 63 64 68 72 83 93 107 121 136 150 167 176 184 190 190 190 190 191 192 192 194 196 194 192 191 190 189 190 191 191 191 189 189 190 190 190 191 191 191 
61 61 61 62 62 62 63 64 64 63 63 63 62 62 63 62 63 64 64 63 65 64 63 64 65 64 65 69 73 83 92 107 120 135 150 166 176 184 190 192 192 192 193 193 193 194 195 194 192 191 190 190 191 192 193 191 190 189 190 190 190 191 190 190 
62 62 62 63 62 63 63 64 65 63 63 63 61 61 63 61 62 63 63 63 64 63 62 63 64 63 65 70 74 84 94 109 124 139 154 168 178 186 191 192 192 193 193 193 192 194 194 193 192 191 191 191 191 192 192 191 190 190 190 190 191 191 191 190 
62 62 63 63 62 63 63 64 65 63 62 62 61 60 62 61 61 62 62 61 63 63 62 63 65 64 65 70 76 85 97 111 126 141 156 170 180 186 190 191 191 192 192 193 192 192 193 193 193 194 193 193 192 192 192 190 190 190 191 190 191 191 192 190 
62 62 62 63 61 63 64 64 65 64 62 61 61 60 62 61 62 62 62 62 63 63 62 63 64 64 66 70 77 87 100 114 130 146 161 173 184 189 191 192 192 192 192 192 191 191 191 191 192 193 192 193 192 191 192 191 190 190 192 190 192 192 192 191 
63 63 63 63 62 63 63 63 64 63 62 62 62 61 62 61 62 63 63 62 64 63 62 62 64 63 67 71 79 89 103 117 134 150 165 176 186 190 191 191 191 192 192 192 192 191 191 192 192 192 192 193 191 191 192 191 191 191 191 190 192 191 192 191 
66 66 66 65 64 64 63 63 64 62 62 62 62 61 62 60 61 61 61 61 63 62 62 62 63 63 68 73 83 94 110 122 139 156 169 179 187 191 190 190 191 191 192 192 192 191 191 191 191 193 193 192 191 191 191 191 191 191 191 190 192 192 192 192 
65 66 66 65 64 64 63 63 63 62 63 63 62 62 63 61 61 61 62 62 64 64 63 64 64 65 70 77 87 99 113 126 142 158 171 181 188 191 190 190 191 192 192 193 193 191 191 191 192 192 193 193 192 192 192 192 192 191 192 191 192 191 191 191 
65 66 65 65 64 63 62 63 61 61 62 63 63 63 63 61 61 62 62 63 64 64 63 63 64 67 72 80 90 103 116 130 145 162 174 183 189 192 190 190 191 192 192 193 192 191 190 191 191 191 192 193 192 193 192 192 191 192 191 192 192 193 192 192 
65 66 65 64 64 63 61 63 62 61 62 63 62 63 63 61 61 62 62 63 64 64 64 64 66 71 78 86 97 109 121 134 149 164 175 184 188 191 190 189 190 191 191 192 192 191 191 192 191 192 193 193 193 193 192 191 191 192 191 192 193 194 193 194 
65 67 66 65 65 65 63 65 64 63 64 64 62 63 63 61 61 61 61 63 64 64 64 65 68 73 80 90 101 114 125 139 153 167 177 186 189 191 190 191 191 193 193 194 192 191 191 191 191 192 193 192 192 192 191 190 191 192 192 193 193 193 193 193 
66 66 65 65 63 64 64 66 65 64 64 64 62 63 63 62 62 63 63 64 65 65 66 67 71 78 85 96 108 119 130 144 158 170 180 188 190 190 191 192 191 193 193 193 192 192 191 193 192 193 192 193 191 191 191 191 191 192 193 193 194 193 193 193 
67 66 65 65 64 64 64 65 65 66 65 65 63 63 63 63 64 64 64 64 65 65 66 68 74 81 90 100 113 125 138 151 165 175 183 188 190 189 189 191 191 193 193 194 192 192 192 193 192 193 192 193 192 192 191 191 191 192 192 193 193 193 193 194 
66 65 65 65 64 65 65 66 67 67 66 66 64 63 63 64 64 64 64 64 64 65 66 70 78 86 98 108 121 133 146 157 171 179 185 189 191 190 191 193 193 194 194 194 192 193 192 193 192 193 193 193 192 192 192 191 191 191 192 192 192 191 192 192 
65 65 65 66 65 65 65 65 66 67 65 65 64 64 63 65 64 65 64 64 64 66 68 73 82 91 103 115 127 140 153 165 177 184 188 191 192 191 192 193 193 193 194 193 191 192 192 193 192 192 192 192 191 192 192 192 191 191 192 192 192 191 192 191 
65 65 65 65 64 64 63 63 64 64 63 64 63 63 63 65 64 65 65 64 64 67 71 79 89 100 112 123 136 149 161 172 181 187 190 191 193 192 192 193 193 193 193 193 192 192 192 193 192 191 192 193 192 192 192 192 191 191 192 192 192 191 192 192 
62 63 63 63 62 63 62 62 63 65 64 65 65 65 64 66 64 65 65 66 67 70 77 85 95 107 120 131 145 157 168 177 185 188 191 191 192 190 190 190 190 190 191 192 192 192 193 192 192 191 191 192 192 192 192 192 191 191 191 192 190 191 191 191 
62 62 62 61 61 63 62 62 63 64 63 65 65 66 65 65 65 65 66 68 70 75 82 92 103 116 129 141 154 165 174 181 186 189 191 193 192 191 191 191 191 191 192 193 192 192 192 191 190 190 190 190 190 191 191 192 191 192 193 194 192 191 192 191 
62 63 62 61 60 62 61 62 63 64 63 65 66 66 65 65 64 66 68 71 76 83 91 101 112 125 139 151 163 173 180 186 189 189 190 192 191 191 191 191 190 191 192 193 192 193 193 192 191 191 190 190 190 190 191 191 191 192 193 194 191 191 190 191 
62 61 60 60 59 61 61 62 63 65 65 67 67 67 66 66 67 69 73 79 84 92 102 112 123 136 149 160 172 180 185 188 189 189 190 191 190 191 191 191 190 192 193 193 192 193 192 190 190 190 189 189 189 189 190 191 191 193 194 194 192 192 190 190 
63 61 61 60 58 59 60 61 62 65 66 67 68 68 67 68 70 74 81 88 95 105 115 123 136 147 160 170 180 185 190 190 190 189 190 190 189 190 191 192 191 192 193 192 191 192 192 190 190 190 188 189 189 190 190 192 192 193 193 194 192 193 191 191 
64 62 62 62 61 61 62 62 63 65 66 68 69 70 70 72 75 80 88 95 104 115 125 135 148 159 169 178 184 189 192 192 191 191 191 191 190 192 193 193 192 193 193 192 191 191 190 189 190 190 189 190 190 191 191 193 192 194 193 193 193 193 191 191 
64 63 62 62 62 62 62 63 64 65 67 69 70 72 76 79 83 91 100 107 117 128 138 148 160 169 178 183 188 190 192 192 192 191 191 191 191 192 194 193 193 193 192 190 190 191 191 191 191 191 190 191 191 192 191 194 192 193 192 192 192 193 191 191 
64 63 63 63 63 62 62 64 66 68 71 74 76 79 83 87 94 102 112 120 129 140 150 159 169 178 183 186 190 191 192 193 192 191 191 190 190 191 193 192 192 192 191 190 190 190 189 190 190 191 189 192 191 193 191 194 192 193 194 193 193 195 195 194 
71 70 70 69 68 68 67 68 70 72 76 80 83 87 93 97 104 115 124 130 141 152 161 169 180 185 188 189 191 192 192 194 193 192 191 191 190 191 192 192 191 191 190 190 191 191 190 191 190 192 191 193 193 195 193 195 193 193 192 192 192 193 194 195 
75 75 75 74 74 74 75 77 80 82 87 90 94 98 105 111 119 128 137 145 153 162 170 176 184 188 189 190 192 192 192 194 193 191 190 191 190 191 192 192 191 191 189 189 189 190 190 191 191 192 192 193 193 194 193 194 193 193 192 191 192 194 194 195 
84 84 84 84 83 84 85 88 91 95 101 104 106 110 117 123 131 142 153 160 167 176 181 184 189 191 190 190 192 191 191 192 192 189 189 190 189 190 191 192 192 192 191 190 190 190 191 192 192 193 193 193 193 193 192 192 192 192 191 192 192 194 195 195 
94 95 95 94 93 94 96 100 105 110 115 119 122 124 130 137 143 153 164 171 176 184 187 188 191 191 190 191 193 193 192 193 192 189 189 190 189 189 190 190 191 191 190 190 190 190 191 192 193 193 193 193 192 193 192 192 192 192 192 192 192 194 195 194 
109 109 109 108 107 108 111 114 119 124 130 134 136 139 144 151 157 167 176 181 185 190 191 191 193 192 191 191 192 192 191 191 192 190 189 189 189 189 190 191 192 192 191 190 191 191 192 192 194 194 194 193 193 192 191 191 192 191 191 191 190 191 192 191 
119 119 120 120 121 123 127 130 135 140 146 149 152 154 159 165 169 177 185 189 191 194 193 192 191 190 190 190 191 192 192 191 192 191 191 190 190 190 191 191 193 193 192 191 192 191 193 194 195 195 194 193 193 192 191 191 190 190 191 191 191 193 193 192 
135 135 135 136 136 138 142 145 149 154 159 162 165 168 172 177 179 185 190 191 193 195 193 192 192 190 190 191 190 193 192 191 192 192 191 191 191 191 191 191 193 192 192 192 192 192 195 195 196 195 195 194 193 192 191 191 190 191 191 192 190 192 193 191 
152 151 152 152 152 153 157 159 163 167 171 173 176 179 182 185 187 189 192 192 192 193 192 192 191 190 190 191 190 193 193 193 194 194 192 192 191 191 192 191 193 192 192 191 192 192 194 192 193 193 191 191 190 191 190 192 191 191 192 192 190 192 193 191 
166 165 166 168 169 169 172 172 174 176 180 182 184 186 188 189 190 192 192 192 192 193 192 192 191 191 191 191 191 193 193 193 193 193 192 192 192 192 193 192 193 191 192 192 192 192 193 192 192 192 190 190 190 191 189 191 190 190 190 190 189 191 191 191 
175 175 176 177 179 179 182 182 182 183 186 187 189 190 191 191 191 191 192 192 193 193 192 193 192 191 190 192 192 194 194 194 193 193 193 194 195 195 194 192 193 190 191 191 192 192 193 192 192 192 190 189 190 190 190 191 191 190 190 191 191 192 193 193 
185 185 185 187 187 186 188 188 188 189 190 190 191 192 191 191 192 192 192 193 192 193 192 192 192 191 191 193 193 193 193 193 192 191 192 193 193 193 194 192 191 190 191 190 191 191 192 191 191 190 188 188 188 188 189 191 192 192 192 192 192 191 191 192 
190 189 190 191 192 191 192 192 192 192 193 193 193 193 191 191 191 191 191 192 191 192 192 191 191 192 191 192 192 192 192 192 191 191 192 193 193 194 194 192 192 191 193 192 193 192 192 190 190 190 187 187 187 188 188 191 192 192 191 192 192 191 191 191 
190 190 191 191 192 192 192 192 192 192 192 193 193 193 192 192 192 191 192 193 191 192 191 191 191 193 191 193 192 192 192 191 190 190 191 193 193 193 193 190 190 190 190 190 192 191 192 192 192 192 189 188 189 189 188 191 192 192 191 191 191 190 190 191 
190 190 190 191 191 191 192 192 192 192 192 192 192 192 192 192 192 192 192 193 192 193 192 191 191 191 190 191 192 192 192 192 190 190 191 192 192 193 192 191 191 191 191 191 192 191 192 191 192 192 189 188 189 189 189 192 194 193 193 193 192 191 192 192 
191 191 191 192 192 193 195 195 195 194 194 192 191 192 192 192 192 192 192 193 192 192 192 192 192 193 192 192 193 192 191 191 191 190 191 191 191 191 192 192 191 191 192 191 191 191 191 191 192 191 190 189 189 189 190 192 194 193 193 192 191 191 191 191 
191 191 192 192 193 193 194 195 195 194 193 192 191 192 191 191 192 192 192 193 193 193 193 192 192 192 192 192 193 192 192 191 191 191 192 193 192 193 192 191 192 191 191 191 192 191 192 191 192 191 190 190 191 191 191 192 192 191 191 190 189 190 189 190 
191 192 192 192 192 193 193 195 194 194 192 191 190 190 191 191 193 193 193 194 195 194 194 194 193 192 193 193 193 192 193 192 192 191 192 192 191 192 192 191 191 190 190 190 191 191 193 192 193 193 192 192 193 192 192 192 192 191 190 190 190 190 190 191 
189 191 191 192 192 194 194 194 194 193 192 191 189 189 191 191 193 194 193 194 195 194 194 194 194 192 193 193 194 192 193 192 192 191 192 192 191 192 192 192 193 192 192 193 192 192 193 192 193 193 193 193 194 193 193 192 191 191 190 191 191 191 191 192 
189 190 191 192 193 194 194 195 195 194 193 193 190 190 191 191 193 194 193 194 195 194 194 195 195 193 194 193 192 191 192 191 191 191 192 191 191 192 192 191 192 191 191 192 192 192 192 192 192 193 193 193 194 193 194 192 191 190 189 190 190 191 190 191 
191 192 192 193 192 193 192 193 194 194 192 192 190 190 190 192 193 194 194 196 196 194 195 194 193 191 192 191 192 191 192 191 191 191 191 191 192 192 191 190 190 190 190 192 192 193 192 191 192 193 192 192 193 192 192 191 190 189 189 190 191 191 191 192 
191 192 192 191 191 192 192 193 194 194 193 192 191 190 190 191 192 193 194 195 195 194 193 193 193 192 192 191 191 190 191 191 191 191 191 191 191 193 192 191 191 191 191 193 193 193 192 192 192 193 192 193 192 192 191 192 190 190 190 191 191 192 193 193 
190 191 191 191 191 192 192 192 193 193 192 192 191 191 191 191 192 193 193 194 195 194 194 194 193 193 192 192 191 190 191 191 191 192 192 192 192 192 191 191 191 192 192 192 191 191 190 190 190 191 189 190 189 190 189 191 190 190 191 191 191 191 192 191 
190 190 190 189 190 192 192 192 193 193 192 193 192 192 191 191 191 192 192 194 194 194 194 194 194 193 193 192 191 190 190 189 190 191 192 192 192 193 192 192 192 192 192 191 191 190 190 190 190 191 190 191 190 190 190 192 190 190 191 190 191 190 191 190 
190 190 190 189 190 192 192 193 194 194 193 194 193 193 192 192 192 192 193 193 194 194 194 193 194 193 193 192 191 189 189 189 191 192 193 194 193 192 192 192 191 192 192 191 191 192 192 192 191 191 190 191 191 191 190 191 190 189 191 191 191 191 192 191 
189 190 190 189 191 193 193 193 193 194 193 194 194 195 194 192 191 192 192 191 192 192 192 192 194 194 194 193 191 189 189 189 191 192 193 192 191 190 192 192 192 193 193 191 191 192 192 192 192 192 192 192 193 193 193 193 192 191 192 192 191 191 191 190 
189 189 189 190 191 193 194 194 193 193 193 194 194 195 195 194 192 192 191 191 192 192 193 193 194 194 193 191 190 189 189 189 191 191 191 190 189 189 191 191 191 192 192 190 191 192 192 191 191 191 191 191 193 194 193 193 193 191 192 192 192 190 190 189 
188 190 190 191 192 195 195 195 193 193 193 194 193 194 194 193 192 193 192 191 192 192 192 191 192 193 193 191 190 189 190 188 191 190 190 189 189 189 191 191 192 192 192 190 191 191 192 190 192 192 193 193 195 195 193 192 192 190 190 192 192 191 192 191 
190 191 191 192 192 194 193 194 193 193 194 195 193 194 194 192 191 192 192 191 192 192 193 192 192 193 193 191 191 191 191 190 192 192 190 189 188 188 189 190 190 191 192 191 192 192 193 191 192 191 191 191 193 193 193 193 193 192 192 192 193 192 193 192 
190 192 191 192 193 194 193 194 193 193 193 193 192 192 192 191 190 191 190 190 191 191 192 192 192 193 194 192 193 193 192 191 192 191 190 189 189 188 189 190 190 191 193 191 191 191 191 189 190 190 190 190 191 191 191 190 191 190 190 191 191 191 191 190 
189 191 191 191 193 194 193 194 193 193 193 192 191 191 191 190 189 190 190 190 191 192 193 193 193 193 193 192 192 192 193 192 192 191 190 190 189 189 190 191 190 191 192 191 191 190 190 188 189 190 190 190 190 191 191 190 190 190 190 190 190 191 192 191 
189 192 191 191 193 194 192 193 193 192 192 191 189 189 190 189 189 190 191 190 190 191 192 192 192 192 193 192 193 193 193 192 192 191 191 191 190 190 190 190 189 190 192 191 191 190 190 189 190 190 190 191 191 191 191 191 190 191 190 189 190 191 191 191 
189 191 191 191 191 193 192 192 193 192 192 191 190 189 190 189 189 190 190 190 190 192 193 193 193 193 193 192 193 192 193 193 193 192 192 192 191 191 191 190 189 190 192 191 191 191 191 190 190 190 190 190 191 192 192 192 191 192 191 190 190 190 189 190 
190 191 191 191 192 193 193 192 192 192 191 190 190 190 190 189 189 189 189 188 189 190 192 192 193 193 193 192 193 193 193 193 192 191 191 192 191 192 191 191 190 190 191 191 191 190 190 189 189 190 191 191 191 193 193 192 191 191 190 189 189 190 190 191 
191 191 191 191 191 192 192 191 191 191 191 190 190 189 190 188 189 190 190 190 191 191 191 192 192 192 192 192 192 192 193 193 193 192 191 191 190 192 192 192 190 192 192 191 192 192 192 190 189 190 191 191 192 195 195 195 194 193 191 191 190 190 190 191 
191 191 191 190 190 190 191 191 191 191 190 190 189 189 191 189 191 191 191 190 191 190 190 191 191 192 191 191 192 192 192 193 193 191 192 193 192 193 193 192 190 192 192 191 192 193 193 191 191 191 191 191 193 194 194 193 192 192 190 191 191 191 191 192 
192 190 190 189 189 190 191 191 191 191 191 191 191 190 191 189 190 191 190 190 192 191 190 192 192 192 192 192 193 193 192 193 193 192 192 193 192 193 193 192 191 193 193 193 193 193 193 190 190 190 191 191 193 195 194 193 193 192 190 191 191 191 191 192 
194 192 190 190 190 190 191 192 192 191 192 191 190 190 191 189 191 191 190 190 190 189 189 190 190 191 190 192 192 193 193 193 191 190 189 192 191 192 193 193 190 192 194 193 194 194 194 191 190 191 191 191 194 195 194 193 193 191 190 191 192 192 192 193 

59 62 63 65 66 65 63 62 64 62 63 64 63 61 61 59 59 62 63 64 66 67 67 65 65 67 73 80 90 106 119 133 145 161 172 183 187 192 192 191 190 191 192 191 193 194 195 195 195 193 192 190 191 191 192 190 191 189 190 189 192 192 193 194 
60 63 64 65 66 64 62 62 63 62 64 64 63 62 62 61 61 63 64 64 66 66 66 66 65 68 74 81 91 107 119 133 146 161 172 182 186 191 191 191 191 192 192 191 193 194 195 195 194 191 191 189 190 191 192 190 191 189 190 189 191 191 192 192 
61 63 64 64 65 64 62 62 63 62 63 64 63 61 62 61 61 62 63 63 65 65 65 65 65 68 74 82 92 107 119 133 146 161 172 182 187 190 191 191 191 191 192 191 193 194 195 195 194 191 191 190 190 191 192 191 191 190 191 190 191 191 192 191 
61 63 63 63 63 63 61 62 63 62 63 63 62 61 62 61 61 63 63 62 64 65 64 65 66 68 75 82 92 109 119 133 148 163 173 183 188 191 192 191 191 191 191 192 193 194 196 195 194 192 191 190 190 191 191 191 190 190 191 191 191 191 192 191 
60 62 61 62 62 62 61 62 63 61 62 62 62 61 63 63 63 64 63 62 63 63 62 64 65 69 75 84 93 109 119 133 148 162 172 183 188 191 192 193 193 192 192 192 193 194 195 195 193 192 190 190 191 191 192 192 191 190 191 190 190 191 191 190 
61 62 62 63 62 62 61 62 63 61 62 62 61 61 63 62 62 63 63 62 62 62 61 62 63 68 75 84 94 110 121 135 151 165 175 184 190 191 192 192 192 191 191 191 192 193 194 194 193 192 191 191 190 192 192 191 191 191 191 190 191 191 191 190 
61 62 62 62 61 62 62 62 63 62 61 61 61 60 63 62 63 63 62 61 62 62 61 62 65 70 77 86 97 111 123 137 154 167 177 185 191 191 192 191 191 191 192 192 192 193 194 194 193 194 193 192 191 192 192 192 191 192 192 191 191 191 191 190 
62 62 62 63 62 63 63 62 62 62 61 61 62 62 63 63 63 63 63 62 63 62 61 63 66 70 78 88 99 113 126 139 156 170 179 187 191 191 191 191 191 192 192 192 191 192 192 192 192 194 192 192 191 191 191 191 191 191 192 191 192 192 192 191 
63 64 63 63 62 63 62 61 62 61 61 62 64 63 65 64 64 63 63 62 63 62 61 62 67 71 80 90 103 115 130 143 160 173 181 188 191 190 189 190 190 191 192 192 191 192 191 192 191 193 191 191 190 191 192 192 192 192 192 190 192 191 191 191 
65 66 66 65 64 64 63 62 62 61 62 63 64 64 65 63 63 62 62 62 63 63 62 63 68 73 83 93 106 119 135 148 166 177 185 190 192 190 189 188 189 190 191 192 191 191 192 192 192 194 193 192 191 191 191 191 192 193 192 191 192 192 191 191 
65 67 66 66 65 65 62 62 62 61 62 64 65 65 66 64 63 62 63 62 64 64 64 66 72 78 89 100 112 125 139 152 168 178 185 191 191 190 189 190 190 192 193 193 193 192 192 192 192 192 192 192 192 192 192 192 193 193 193 192 192 191 191 190 
65 67 66 66 66 65 62 62 61 61 62 64 65 65 66 63 62 62 63 62 63 64 65 68 73 81 92 103 116 130 143 157 170 181 188 192 191 190 188 189 189 191 192 193 191 190 190 191 191 192 193 193 192 193 192 192 192 193 192 192 192 192 192 191 
64 66 64 65 65 64 62 63 62 61 63 65 64 65 65 63 63 63 63 63 64 64 67 71 78 87 98 109 122 135 148 161 173 182 189 192 191 190 189 189 189 190 191 192 191 191 191 192 191 192 193 192 192 193 192 192 192 193 193 192 192 193 192 192 
63 65 65 65 65 66 64 65 64 64 64 66 64 64 64 62 61 62 62 63 64 66 69 74 81 91 102 114 127 140 152 165 176 184 190 192 191 191 190 190 190 191 192 193 192 191 191 191 192 193 194 193 193 193 191 192 193 193 193 193 192 193 191 191 
64 65 64 65 64 65 64 65 64 64 64 65 63 63 63 62 62 63 64 64 65 68 72 78 87 98 109 121 134 146 158 170 179 185 189 191 191 191 190 191 191 193 192 193 192 192 191 192 192 192 192 193 192 193 192 192 192 193 194 194 193 192 191 190 
64 64 64 64 63 63 63 64 64 65 65 65 64 63 62 62 63 64 64 65 66 70 76 82 92 104 115 125 139 152 165 175 183 188 190 190 190 190 189 190 190 192 192 192 192 192 191 192 193 193 193 193 193 193 192 192 193 193 194 194 193 193 192 192 
64 63 63 64 63 64 64 65 66 67 66 65 64 63 61 62 63 64 65 65 68 72 78 87 98 109 122 133 147 159 171 178 186 189 190 190 191 191 191 193 193 194 193 193 193 193 193 193 192 192 192 192 193 193 193 192 193 193 194 194 193 192 192 191 
64 64 65 65 64 65 65 64 65 66 65 64 64 63 62 63 63 64 65 66 70 77 84 93 104 116 128 140 153 166 176 183 189 191 191 191 192 192 191 193 193 193 193 193 192 192 192 192 192 192 192 192 192 193 193 193 193 193 194 194 193 192 193 191 
64 64 64 64 63 63 62 63 63 64 64 64 64 63 63 64 63 65 67 69 74 82 90 102 113 126 138 149 161 173 181 186 190 192 191 191 192 192 191 193 193 193 192 192 192 192 193 193 192 191 192 192 192 193 193 194 193 193 194 195 193 193 194 192 
61 62 62 63 62 63 62 62 63 64 63 64 65 64 64 65 65 67 70 75 82 89 99 110 121 133 147 157 169 178 184 187 191 192 192 193 193 191 190 191 191 190 191 191 191 191 193 192 191 191 191 191 192 192 193 193 193 193 194 194 192 192 193 191 
61 61 62 62 62 64 63 64 63 64 63 64 65 65 65 67 67 71 76 83 89 97 107 118 129 141 155 166 175 183 187 189 191 191 192 193 192 192 191 191 191 191 192 192 192 191 192 191 190 189 189 189 190 190 191 193 193 193 195 195 192 192 193 191 
61 62 61 62 61 63 62 63 63 63 62 63 64 66 67 70 71 76 83 90 97 107 117 127 139 151 164 173 181 186 189 190 190 190 191 193 192 192 191 190 189 189 191 191 191 192 194 192 191 191 190 188 189 189 190 192 192 193 194 194 191 191 191 190 
61 60 60 60 60 61 61 62 62 63 63 66 67 70 71 76 79 84 92 101 108 117 128 138 149 160 172 180 185 188 190 190 189 189 191 192 191 192 191 190 190 191 192 192 192 192 193 191 191 191 189 188 188 188 188 190 192 193 194 194 192 191 191 190 
62 60 61 60 59 60 61 61 61 65 66 70 72 76 77 83 87 94 104 113 121 130 140 149 160 169 180 186 190 191 192 190 189 189 190 191 191 191 191 190 189 190 191 191 191 192 192 190 190 190 188 188 188 189 188 191 192 193 194 194 193 193 191 191 
63 61 62 61 61 61 62 63 65 69 72 75 78 83 86 91 97 104 113 122 130 140 150 160 169 177 184 188 190 191 192 190 189 188 189 190 190 192 192 191 191 192 192 192 191 192 191 190 190 191 189 189 189 190 189 192 192 194 193 193 193 192 191 192 
69 68 67 66 66 66 67 69 71 74 78 82 86 92 97 103 109 117 125 133 143 153 162 170 178 183 187 189 190 190 191 190 190 189 190 190 191 192 192 191 191 191 191 190 191 191 192 192 191 192 190 190 190 191 190 192 192 194 192 191 191 192 191 192 
75 74 74 73 72 71 73 75 78 82 87 93 97 102 108 114 121 128 138 145 155 163 171 177 184 187 189 190 191 191 192 192 191 190 191 190 190 191 191 190 191 192 191 190 190 190 190 190 190 191 190 190 190 192 191 193 193 195 194 192 193 195 195 196 
86 86 85 84 83 83 83 86 89 93 98 103 108 112 120 124 132 140 150 156 165 173 180 184 189 190 191 191 192 193 193 194 193 192 191 191 190 190 191 191 190 190 190 190 189 190 191 191 190 193 192 192 191 194 193 194 194 194 192 190 191 193 193 194 
95 95 95 94 94 94 96 99 103 106 111 115 119 123 131 137 145 153 162 168 174 179 184 186 188 190 190 190 193 193 193 194 193 192 190 191 190 191 191 192 191 191 189 188 188 189 190 191 191 193 192 192 191 194 193 193 194 193 191 190 191 193 193 194 
109 110 110 109 109 109 110 113 116 120 125 129 131 135 143 149 157 166 176 180 184 188 190 189 191 191 190 191 193 193 192 193 193 192 191 191 190 190 191 192 192 191 190 189 189 190 191 192 192 194 193 191 191 192 192 191 192 192 191 190 192 193 193 194 
120 120 120 120 119 120 122 125 130 134 139 142 146 148 155 161 168 174 182 185 188 190 191 190 191 191 191 191 193 193 192 192 192 191 190 191 190 190 191 191 191 191 190 189 188 189 190 191 192 193 193 191 191 192 192 191 192 192 192 191 192 193 194 194 
134 134 134 134 133 134 137 139 144 149 154 157 160 163 167 173 178 184 190 191 191 193 192 192 192 192 191 191 192 192 192 192 193 191 190 190 190 190 191 192 193 192 190 189 189 190 191 192 193 194 193 192 192 191 191 190 191 191 191 190 189 190 190 190 
143 143 145 146 147 148 153 155 159 165 169 170 172 174 177 182 185 190 193 194 193 194 192 192 191 190 190 191 191 192 192 191 192 192 191 191 191 191 191 192 193 192 191 190 190 190 192 192 194 194 194 192 191 191 190 189 189 190 191 191 191 192 192 191 
161 160 161 162 162 164 167 168 170 174 177 179 182 184 186 189 189 192 194 193 194 194 192 192 192 190 191 191 190 192 192 191 193 192 191 191 190 190 190 191 192 192 192 191 191 192 193 194 195 195 194 192 192 191 190 190 190 190 191 191 190 192 192 191 
171 171 172 173 173 175 177 178 180 183 184 185 188 189 190 192 192 193 193 193 194 193 192 193 191 190 191 191 190 193 192 192 194 194 192 192 191 191 192 192 193 192 192 191 191 191 192 192 192 192 191 191 191 191 190 192 191 191 192 191 190 192 192 191 
181 181 182 184 185 185 187 186 187 188 189 190 191 191 191 192 192 193 194 195 195 195 193 193 192 191 191 191 190 193 193 193 194 193 191 191 192 192 193 193 193 192 193 192 192 192 192 191 191 192 190 191 191 191 190 191 191 190 190 190 189 191 191 191 
186 186 188 189 191 191 192 191 191 190 190 190 191 191 191 191 191 193 193 194 195 196 194 194 192 191 191 191 191 193 193 193 193 193 193 193 194 194 194 192 193 191 193 193 193 193 193 192 192 192 189 189 190 190 190 192 191 191 191 191 191 192 192 192 
192 191 192 193 194 193 193 192 193 191 191 191 191 191 191 191 192 193 194 195 195 196 194 193 192 192 191 191 191 192 192 192 191 190 192 192 193 193 194 193 193 191 192 192 193 193 193 192 191 190 187 188 188 189 190 193 193 192 191 191 190 191 191 192 
192 191 192 193 193 193 193 193 194 194 193 194 194 191 190 190 191 192 193 195 194 195 194 193 191 192 190 190 190 191 191 191 191 191 193 194 194 195 195 193 194 193 195 194 194 193 192 191 190 190 187 187 188 189 190 192 192 192 191 189 189 190 189 190 
192 191 192 192 192 192 192 193 194 193 193 194 193 192 191 192 192 193 195 195 193 194 192 192 191 193 191 192 192 193 192 191 190 190 192 193 194 193 193 191 191 191 192 192 193 193 193 193 192 192 189 189 189 189 189 191 192 191 191 190 190 190 189 190 
191 191 191 191 192 192 192 193 194 193 193 193 193 192 192 192 192 193 194 194 194 194 192 191 190 191 190 191 192 192 192 192 190 191 192 193 193 194 193 191 192 192 192 192 193 193 193 193 193 192 189 189 189 189 190 193 193 193 192 190 190 190 190 190 
191 191 191 191 192 193 194 196 196 195 194 193 192 192 192 192 193 193 193 193 193 193 191 191 191 192 191 192 193 192 192 191 190 190 191 192 192 193 193 192 192 192 192 191 192 192 192 192 194 192 191 191 190 190 191 192 193 192 191 190 189 189 189 190 
191 192 192 191 192 193 194 195 195 194 193 193 192 192 191 192 192 193 194 194 194 194 193 191 192 192 193 193 194 194 193 191 191 191 192 193 193 193 193 192 192 192 192 191 192 191 192 192 193 192 191 191 191 190 191 191 191 190 189 188 188 188 188 189 
191 192 191 191 192 193 193 195 195 194 193 193 190 190 191 191 193 194 195 195 196 195 194 193 193 192 193 193 194 193 194 192 192 191 192 192 192 193 192 191 191 190 190 190 191 191 192 193 194 193 192 192 192 192 192 192 192 191 189 189 189 190 190 192 
190 191 191 192 193 194 194 195 195 193 192 192 189 189 190 191 192 194 194 194 195 194 193 193 193 190 192 192 193 191 192 191 191 191 193 192 192 193 193 193 193 192 192 191 191 191 193 192 193 193 193 192 192 192 192 191 191 190 189 190 190 190 190 192 
189 190 190 192 193 194 194 196 195 193 192 192 189 189 190 191 192 194 193 194 195 194 193 194 194 192 193 192 192 190 191 190 190 191 192 192 192 193 193 192 192 192 191 190 191 191 191 192 193 192 192 193 193 192 193 192 191 191 190 190 190 190 190 192 
191 191 192 192 192 193 192 193 194 193 192 192 189 188 189 191 192 194 194 196 195 194 194 193 192 190 191 191 191 190 191 190 191 191 191 191 191 192 191 191 191 191 192 192 192 192 192 191 192 192 192 192 193 192 192 191 190 189 190 190 191 191 191 192 
191 191 192 191 192 192 192 193 193 192 192 192 189 189 189 191 192 194 194 195 194 193 192 192 191 190 191 191 191 189 191 190 190 190 191 191 191 192 192 192 192 193 192 192 192 192 191 191 191 192 191 192 192 191 191 191 190 190 191 191 192 192 193 193 
190 190 191 191 192 193 192 193 193 192 191 192 190 190 190 190 192 193 193 194 194 193 193 193 192 192 192 191 191 190 190 190 191 191 192 191 191 191 191 192 192 193 193 192 191 190 189 189 189 190 189 190 190 189 190 190 189 190 191 191 191 190 190 189 
189 190 191 190 192 193 193 193 193 192 192 191 190 190 190 189 191 192 192 193 194 194 193 192 192 192 192 192 192 190 190 190 190 190 191 191 191 191 192 192 192 192 192 191 190 190 189 189 189 190 190 191 191 191 191 192 190 190 190 189 189 189 189 189 
191 191 192 190 192 193 192 193 193 193 192 192 192 192 191 191 192 192 193 193 193 194 193 192 193 192 191 191 191 189 190 191 192 191 193 192 191 190 192 192 191 192 192 191 191 192 191 191 191 191 190 191 192 191 190 192 191 189 189 189 189 188 190 189 
190 192 192 192 193 194 193 193 192 193 192 193 192 193 193 192 191 191 192 191 193 193 192 192 193 193 193 193 191 190 191 191 191 192 192 191 190 190 192 192 192 192 192 190 190 191 191 191 191 192 191 193 193 194 193 193 192 190 190 190 189 189 190 189 
190 191 191 192 193 194 193 193 191 191 191 192 192 193 193 192 192 191 191 191 192 192 193 193 194 193 193 192 191 190 191 191 192 192 192 190 189 189 191 191 191 191 191 189 190 191 192 191 192 192 192 193 194 194 193 193 193 191 191 190 189 188 188 187 
190 191 191 192 193 194 193 192 191 190 190 191 191 191 193 192 191 192 192 191 191 191 191 191 193 192 193 192 191 190 191 191 192 192 191 190 189 189 191 191 192 191 192 190 191 191 192 191 193 193 193 194 195 194 194 193 192 191 190 190 190 190 191 192 
191 192 192 193 192 193 192 192 190 191 191 192 192 192 193 192 191 191 192 191 191 192 192 192 193 193 193 192 191 191 192 192 193 193 192 190 189 189 190 190 191 191 191 190 192 192 192 191 193 192 191 192 193 193 193 192 192 191 191 192 192 192 193 193 
190 192 192 192 193 194 193 193 192 192 191 192 191 191 191 190 190 191 191 190 191 191 192 193 193 193 194 193 192 192 193 192 193 192 191 191 190 190 191 191 190 191 192 190 191 191 191 190 191 191 191 191 191 191 190 189 189 189 189 189 190 191 192 192 
189 190 190 191 192 193 192 193 192 191 191 191 189 189 190 189 189 190 190 190 191 192 193 194 194 193 194 193 192 192 193 193 193 193 192 191 190 190 191 192 191 192 192 191 190 190 190 189 190 190 190 189 190 190 189 189 189 188 188 188 189 191 192 192 
189 191 190 191 192 193 192 193 193 191 191 190 188 188 189 189 190 190 191 190 190 192 192 193 193 193 193 193 192 193 194 194 193 192 192 192 191 192 192 192 191 192 192 191 190 191 190 190 190 191 190 190 190 190 190 190 188 188 189 188 189 191 191 192 
188 190 190 190 192 193 192 193 193 192 191 190 190 189 191 190 190 189 190 189 190 191 193 193 194 194 194 193 193 193 194 194 193 193 193 193 192 193 193 192 190 191 191 191 190 191 191 191 191 192 191 191 191 191 190 190 189 189 189 188 188 189 189 189 
188 189 190 191 192 192 193 192 192 191 191 190 190 189 191 189 189 189 189 187 189 190 191 192 193 192 193 193 193 193 195 194 193 192 192 193 192 194 194 193 191 191 191 191 191 190 191 191 191 191 192 191 191 192 191 191 190 189 189 188 188 188 189 189 
189 189 190 191 191 191 192 191 191 190 190 189 190 189 191 189 189 189 189 189 190 191 191 191 192 191 192 192 193 193 194 194 193 192 192 191 191 193 193 193 192 192 192 192 192 192 192 191 191 191 191 192 193 194 194 194 193 192 190 190 189 189 188 189 
189 189 190 190 191 192 192 192 193 191 191 191 191 189 191 190 190 190 189 188 190 189 188 189 190 190 190 191 192 193 194 194 193 191 192 193 192 194 195 193 191 191 191 191 192 193 193 192 192 192 192 193 193 193 193 192 191 191 190 191 191 190 190 190 
189 189 190 189 190 191 192 193 193 192 192 192 192 191 191 189 189 189 188 188 190 189 187 190 190 190 191 192 192 193 193 194 192 191 191 192 192 193 194 193 191 192 192 192 193 193 193 192 191 191 192 192 194 194 194 192 192 190 190 191 191 191 191 191 
191 190 190 190 191 191 192 194 194 193 193 193 191 190 189 188 188 189 188 188 190 188 186 189 188 189 189 191 191 193 193 193 191 190 189 191 190 193 193 193 191 193 193 193 194 193 193 191 190 190 191 192 194 194 194 192 191 190 190 191 192 192 193 192 

60 63 65 64 65 65 62 61 64 63 64 65 65 62 62 61 60 60 62 63 64 64 66 69 74 83 94 106 117 132 144 159 171 182 188 193 193 194 193 192 191 191 191 191 193 193 194 193 193 190 191 189 190 191 192 191 192 190 190 191 193 193 194 195 
60 63 64 65 65 64 62 62 63 62 65 66 65 64 64 62 61 61 63 63 64 64 66 70 74 83 94 107 117 133 144 160 172 183 188 193 192 193 193 192 192 192 191 191 193 193 193 192 192 188 189 188 189 190 192 192 192 191 191 191 192 192 192 193 
60 63 63 63 64 64 62 62 64 63 64 65 64 62 63 62 60 61 62 62 64 63 65 69 75 83 95 108 118 134 145 160 172 183 188 192 192 191 192 191 191 191 192 191 193 193 194 193 192 189 190 189 190 191 192 192 193 192 192 192 192 192 192 192 
61 63 63 64 64 64 63 64 64 63 64 64 62 62 63 62 61 62 62 61 63 63 64 70 76 85 96 109 119 135 146 161 173 183 188 192 192 191 192 191 192 191 192 192 194 193 194 194 193 190 190 190 190 191 192 192 192 193 193 193 193 193 192 191 
60 62 62 63 64 63 63 64 64 62 63 64 62 62 64 64 63 64 63 62 63 62 63 70 76 85 97 111 119 135 145 160 172 182 186 191 192 191 193 193 193 193 193 192 193 193 193 193 192 190 190 191 191 192 193 193 192 192 193 192 192 192 192 191 
61 62 62 63 64 64 65 65 66 63 64 64 62 62 64 63 62 63 62 61 62 62 63 70 76 86 98 111 120 136 147 162 174 183 187 191 191 190 192 192 193 192 193 192 193 193 194 193 192 192 192 192 191 193 193 192 191 193 193 192 192 193 192 191 
61 62 62 63 62 64 65 65 66 64 62 62 61 61 64 64 64 64 63 61 63 62 64 71 79 88 100 113 124 138 150 165 176 184 188 191 191 190 192 192 193 192 193 193 193 193 194 194 193 194 194 194 192 193 193 192 192 192 193 192 192 193 192 191 
63 63 63 64 64 65 65 65 65 63 63 62 63 63 65 64 65 64 63 62 63 62 65 72 80 90 103 115 126 140 153 167 178 186 189 192 191 190 191 192 192 193 193 194 193 193 193 193 192 194 193 193 193 193 192 192 191 191 191 191 192 193 193 192 
62 63 63 63 63 64 64 63 64 62 62 63 64 64 66 65 65 64 64 62 63 63 67 73 83 93 106 117 129 142 157 169 181 187 191 192 191 190 191 191 191 193 194 194 193 193 193 192 191 193 192 192 192 193 192 191 191 190 190 189 192 191 192 191 
63 64 64 64 64 65 64 63 64 63 63 64 65 65 66 63 63 62 62 61 63 65 70 76 86 97 109 120 134 146 162 174 185 190 194 193 192 191 190 190 190 191 192 193 192 192 192 192 191 194 193 192 192 192 192 191 192 191 191 190 192 191 191 190 
64 65 65 64 65 65 63 63 63 62 63 64 65 66 67 64 64 63 63 62 65 68 73 80 92 102 114 126 140 152 166 177 186 191 193 194 192 191 191 191 190 192 193 193 192 192 191 191 191 192 192 192 191 192 191 191 191 191 191 191 192 191 191 189 
64 66 64 65 65 65 63 64 63 62 64 65 65 66 66 64 62 62 62 62 65 70 76 83 95 106 118 130 143 156 168 177 185 190 192 193 192 190 189 189 188 190 192 192 191 191 190 190 190 192 192 192 192 193 191 191 191 192 191 192 193 193 192 192 
62 64 63 63 64 64 63 64 63 62 64 65 64 65 66 64 63 63 63 63 67 73 80 89 100 112 123 135 148 161 172 180 186 189 192 192 191 191 191 189 189 190 191 191 190 191 191 191 190 191 192 192 191 192 191 191 191 193 193 193 193 194 193 193 
61 64 62 64 64 66 65 67 66 66 66 66 65 65 65 64 62 63 62 65 70 77 85 95 105 116 127 139 152 165 174 182 188 190 192 193 192 191 191 189 189 190 191 191 190 190 190 191 190 191 192 192 191 192 191 192 192 193 193 194 193 194 193 193 
62 63 63 64 65 66 66 67 66 65 65 66 65 66 65 65 64 65 65 68 74 82 91 101 112 123 134 146 159 172 179 186 189 190 191 191 190 191 191 190 190 191 192 192 192 192 191 192 191 191 190 191 190 191 191 191 191 192 193 194 193 194 194 193 
62 63 63 64 64 65 66 66 66 66 66 65 65 65 64 65 64 67 68 72 78 87 96 107 117 129 140 151 164 175 183 188 191 190 190 189 189 189 188 189 189 191 191 192 192 192 192 192 192 192 192 192 191 192 191 192 192 193 193 194 193 194 194 194 
63 62 62 63 63 65 67 67 68 68 66 65 66 64 64 65 66 68 71 76 84 92 101 113 123 134 147 158 170 180 187 189 192 191 190 189 189 190 190 191 191 192 192 192 192 193 193 193 193 192 192 192 192 192 192 192 193 193 193 193 193 192 193 192 
64 63 64 65 65 66 67 66 67 67 65 64 64 64 64 66 68 71 75 82 90 100 108 119 130 142 154 165 175 184 190 191 193 193 191 190 190 190 189 191 191 191 192 191 191 192 192 192 193 193 193 192 192 192 193 193 193 193 193 193 191 192 193 192 
64 63 64 64 64 64 64 63 65 64 63 63 64 64 65 68 71 76 83 89 97 107 116 128 139 151 164 173 180 188 191 191 192 191 190 189 190 190 190 191 192 192 192 191 191 192 193 193 193 194 194 193 193 193 193 193 193 194 193 193 191 192 193 192 
63 63 63 63 63 64 63 63 64 64 63 63 65 66 68 73 77 83 90 98 107 115 125 136 147 158 171 178 185 190 191 190 191 191 191 191 191 190 190 190 190 190 191 190 190 190 192 192 192 194 194 193 192 193 192 193 193 194 194 193 191 191 191 191 
61 61 61 61 62 64 64 64 64 64 63 66 68 71 74 79 84 90 98 107 114 123 133 144 155 167 179 185 189 191 192 191 191 191 191 191 191 191 191 191 191 191 192 192 191 191 192 191 191 192 192 191 190 190 191 192 193 193 194 194 191 192 192 191 
60 61 61 62 62 64 62 63 64 64 66 69 72 77 81 87 92 99 108 116 123 132 143 153 164 175 185 189 191 192 192 191 191 190 190 192 191 191 191 190 189 188 189 189 190 190 192 192 192 193 192 190 189 189 189 190 191 192 193 193 191 192 191 191 
60 60 60 60 60 63 63 66 68 71 73 78 82 87 91 97 103 109 118 127 134 142 154 163 172 181 188 190 191 191 191 190 189 188 190 191 190 191 191 190 190 191 191 191 190 191 192 191 191 192 191 189 188 188 188 189 191 192 192 193 192 192 191 191 
67 66 66 65 65 67 69 71 74 78 82 87 91 97 101 107 114 121 129 138 146 154 164 172 180 185 190 191 192 191 192 190 189 188 189 190 190 190 190 190 189 190 191 191 190 191 191 190 190 191 189 188 188 188 187 189 190 192 192 193 193 193 192 192 
73 72 72 71 71 72 75 78 82 87 93 97 103 109 112 117 124 131 138 147 155 164 172 179 185 188 190 190 190 190 191 190 189 188 188 188 189 190 191 191 191 192 192 191 191 191 191 190 190 190 189 188 188 189 189 191 192 194 192 192 192 193 191 193 
84 83 83 82 81 82 84 87 92 97 103 107 112 119 124 129 136 144 151 158 167 174 180 185 188 189 190 189 190 190 191 190 190 188 189 190 191 192 192 192 192 191 191 190 190 190 191 191 191 192 190 189 189 191 191 192 192 193 191 190 191 192 190 192 
95 94 95 93 94 93 96 99 104 109 114 118 124 129 135 140 148 155 163 170 177 182 186 187 190 190 189 189 191 190 191 191 191 190 191 191 191 191 192 192 192 192 191 191 190 190 190 189 190 191 190 190 191 193 193 194 193 195 192 191 192 194 193 195 
112 112 112 110 110 108 110 112 115 118 125 129 134 139 146 150 158 166 173 178 183 187 188 189 191 191 190 190 191 192 192 192 193 191 191 192 192 192 192 192 191 191 190 190 189 190 190 190 190 192 191 192 192 195 194 195 194 194 192 190 191 193 193 194 
120 120 121 120 121 120 122 124 129 131 138 141 146 150 157 162 169 175 181 184 187 188 189 188 189 189 189 190 193 193 193 194 193 192 191 192 192 192 192 193 192 191 189 189 188 189 190 190 191 192 191 191 192 194 194 193 193 193 191 189 191 192 192 193 
135 135 136 135 135 134 136 138 141 144 152 155 158 161 169 173 178 184 190 189 190 191 191 188 190 190 189 191 193 192 192 193 193 192 192 193 193 193 193 193 192 191 191 190 189 190 191 191 192 193 192 191 192 192 192 191 191 190 190 189 191 192 192 193 
146 146 147 146 146 146 149 151 155 160 165 167 170 172 177 180 183 187 191 190 190 191 190 188 189 190 189 190 192 191 191 192 192 192 192 192 192 192 192 192 192 192 191 190 189 190 191 191 192 192 191 192 192 192 192 191 191 191 191 191 191 193 193 193 
160 160 160 160 159 159 162 165 168 172 178 179 179 182 185 187 188 192 193 191 191 192 190 189 190 190 189 190 191 191 191 191 192 191 190 191 192 192 193 194 193 192 191 190 190 191 191 192 193 193 192 192 192 191 190 190 190 189 190 190 189 190 191 190 
170 169 170 170 169 170 173 175 178 183 186 186 187 189 189 191 191 193 193 192 192 193 191 190 190 190 190 190 191 191 191 191 191 191 191 191 191 192 193 193 193 192 191 190 190 190 191 192 193 193 192 192 191 190 190 189 189 189 190 190 190 192 191 190 
181 181 181 181 181 181 183 183 184 187 189 189 190 192 193 193 191 193 193 192 192 193 191 191 191 190 190 191 190 191 190 190 191 191 190 191 192 192 193 193 193 192 191 191 191 192 193 193 194 194 193 193 193 191 190 190 189 189 190 191 189 192 191 191 
186 187 187 186 186 187 189 190 190 192 192 191 191 192 193 193 193 194 193 192 193 193 191 192 191 191 191 190 189 192 191 190 192 191 190 190 191 192 194 194 194 192 191 191 191 192 192 192 191 192 191 192 192 191 190 191 190 190 191 191 189 192 192 191 
192 192 192 193 192 192 192 191 191 191 191 191 191 192 193 193 193 195 194 195 194 194 192 193 191 191 192 191 190 193 192 191 192 191 190 190 192 192 194 193 193 191 191 191 191 192 192 192 192 192 191 192 192 191 190 191 189 189 190 190 188 191 191 191 
192 192 192 193 193 192 192 191 190 190 190 190 191 192 192 191 192 193 193 194 194 195 194 194 192 193 192 192 191 193 192 191 192 192 191 192 193 194 194 192 193 191 192 193 193 194 194 193 192 192 190 191 191 191 191 193 191 191 191 191 190 192 191 191 
192 192 192 194 194 194 194 193 193 191 191 190 190 191 192 191 192 194 194 194 195 195 193 194 192 193 192 191 190 192 191 191 192 190 191 191 192 192 194 192 192 191 192 192 193 195 194 193 192 191 189 190 190 190 191 193 191 192 191 190 190 191 191 192 
194 192 193 193 193 193 194 194 194 194 193 193 193 192 192 192 193 193 194 195 194 194 194 193 192 193 192 191 191 192 191 190 191 191 192 193 193 193 194 192 192 192 194 194 194 195 194 192 192 191 189 189 189 190 191 193 192 192 191 190 190 191 190 191 
193 192 192 192 192 193 193 193 193 193 192 193 193 192 192 192 193 194 195 195 194 194 193 193 192 194 193 193 192 193 191 190 190 190 191 192 192 192 192 189 190 191 192 192 194 195 194 194 194 193 191 191 190 190 191 192 192 193 191 190 190 190 190 190 
191 191 191 190 191 192 192 193 193 192 192 192 192 192 191 192 193 193 194 194 194 194 193 193 192 193 193 193 193 193 192 191 190 191 192 193 192 193 192 190 190 191 192 192 195 195 195 194 195 194 191 191 190 191 192 193 193 194 192 190 190 190 189 190 
191 191 191 191 192 193 194 195 194 194 193 192 191 191 191 192 193 193 193 194 194 193 192 192 192 193 194 194 194 193 192 191 190 191 192 193 193 194 193 191 191 191 191 191 193 193 193 193 195 193 192 191 190 190 190 191 191 192 189 189 188 188 188 189 
190 190 190 190 191 192 192 193 193 193 192 193 192 192 191 191 192 192 193 195 195 194 194 192 192 192 194 194 194 194 193 191 190 191 192 193 193 194 193 191 192 191 191 191 192 192 193 193 194 193 192 192 192 191 191 191 191 191 189 188 188 188 187 188 
189 190 190 190 191 192 192 193 192 192 192 192 190 190 190 190 192 192 193 195 196 195 194 193 192 192 193 193 193 193 193 191 191 191 191 191 192 193 193 191 192 190 189 189 191 191 192 193 193 193 193 193 193 193 193 192 191 190 189 188 189 189 189 190 
189 189 190 191 192 193 192 193 192 191 190 191 189 190 190 191 192 192 192 194 194 194 194 193 193 192 193 193 193 191 193 191 191 191 192 191 191 193 192 192 192 191 190 190 190 191 192 192 193 192 192 192 192 192 192 191 190 189 188 189 189 189 189 191 
189 189 190 191 193 193 193 194 193 192 191 192 190 191 190 191 191 192 192 193 193 192 192 193 192 192 193 192 192 191 191 190 190 191 191 190 190 193 191 191 191 190 189 189 190 189 190 191 191 190 192 192 191 191 192 190 190 190 189 190 190 190 190 191 
191 190 191 192 192 192 192 193 193 192 191 193 191 190 190 191 192 192 193 194 193 192 192 191 191 191 192 191 192 190 191 190 191 190 190 189 189 190 189 189 190 190 190 191 191 190 191 190 191 191 192 192 192 192 192 191 190 189 189 189 191 191 192 192 
192 191 191 192 192 193 193 193 192 192 191 192 190 190 191 192 192 192 193 193 192 191 191 191 192 192 192 192 192 190 191 190 191 190 191 191 190 190 191 191 191 192 192 192 192 191 191 191 191 192 192 192 191 191 192 191 191 190 191 191 193 192 193 193 
191 190 191 192 192 193 193 193 192 192 192 192 191 191 191 191 192 192 193 193 192 191 192 192 192 192 193 192 192 191 190 191 191 191 191 191 190 190 190 190 190 192 192 191 192 191 190 190 190 191 191 191 190 189 190 190 190 191 191 190 191 190 190 189 
190 191 191 191 192 193 193 193 192 193 192 192 192 192 191 191 191 192 193 192 193 191 192 191 191 191 192 191 191 191 190 190 190 190 190 192 191 191 191 191 190 191 192 191 191 191 190 190 191 191 191 192 191 191 192 192 191 191 191 189 190 189 190 188 
191 191 192 192 193 193 192 193 192 192 192 192 192 192 192 192 192 192 193 192 192 192 192 190 192 191 191 191 192 190 191 191 192 191 192 193 191 191 191 192 191 192 192 192 192 192 192 191 192 192 192 192 193 192 192 192 191 190 190 189 189 189 189 189 
190 191 192 193 194 194 194 193 192 192 192 193 193 194 194 193 193 191 192 190 191 190 192 191 192 192 193 192 192 192 192 192 192 192 192 192 191 191 192 192 192 192 192 191 191 191 191 191 192 191 192 193 193 193 194 193 192 192 191 190 190 189 189 188 
190 190 191 192 193 194 194 193 191 192 192 192 193 194 194 193 193 192 192 190 191 190 192 192 193 192 192 191 191 191 191 192 192 192 191 191 190 191 191 191 191 191 191 190 191 192 191 191 192 191 191 192 193 193 193 192 193 192 192 190 189 189 189 188 
190 191 191 192 193 194 193 193 191 191 192 192 193 193 194 194 193 193 193 190 191 190 191 191 192 191 192 191 191 191 192 192 192 192 192 191 190 191 192 191 191 192 191 189 191 191 191 190 192 191 192 193 194 194 194 193 193 192 191 191 191 191 192 192 
192 193 192 193 193 193 192 192 191 192 192 193 193 193 194 194 193 192 192 191 191 191 192 193 193 192 192 191 190 191 193 193 193 193 193 191 189 190 191 190 190 192 191 190 192 193 192 191 192 191 191 191 193 193 193 192 193 192 192 192 192 193 193 194 
193 193 192 193 193 193 192 193 192 192 192 193 193 192 193 192 192 192 192 190 192 191 192 193 192 192 192 191 190 192 193 193 192 193 192 191 189 190 191 190 190 193 192 190 191 191 190 190 192 191 190 191 191 191 191 190 190 190 190 190 190 192 193 193 
192 192 191 190 191 192 190 192 191 191 192 192 191 191 192 190 191 191 191 191 192 193 193 195 194 192 192 191 190 191 193 193 193 193 193 192 190 191 190 191 190 193 192 192 191 191 190 189 190 190 189 189 190 190 189 190 189 189 189 188 189 192 193 193 
193 194 192 191 192 191 190 191 192 191 190 190 189 189 191 190 191 191 191 190 191 192 193 194 193 192 192 191 192 193 194 194 194 193 193 193 191 192 191 191 190 193 192 191 191 191 190 191 191 191 190 191 191 190 190 190 188 187 188 187 188 191 192 193 
192 193 191 190 190 190 190 191 192 191 191 190 190 190 192 191 191 191 190 189 191 192 193 194 194 193 193 192 193 193 195 194 194 193 194 193 192 193 192 191 190 192 192 192 192 193 192 193 193 193 192 191 192 191 190 190 189 188 188 187 187 189 190 190 
190 190 190 189 189 190 190 191 191 191 190 188 189 190 192 191 191 191 189 188 190 190 191 192 193 192 192 192 193 194 195 195 194 193 193 193 193 194 194 192 191 192 192 192 191 191 192 191 192 193 192 192 192 192 192 191 189 188 188 187 188 189 190 191 
190 190 190 189 189 190 190 191 191 190 189 188 189 190 191 191 191 191 190 189 191 191 190 192 193 192 193 193 194 194 196 195 194 193 193 193 192 195 194 193 192 192 192 192 192 192 192 191 191 192 192 192 193 194 193 193 191 190 189 189 189 190 190 190 
190 190 190 189 188 190 190 192 192 191 190 190 190 191 192 191 191 191 189 188 190 189 188 190 191 191 192 192 194 195 195 195 194 193 192 193 194 196 196 194 192 192 192 191 192 192 192 192 193 192 192 193 193 193 193 192 191 190 190 191 191 191 191 192 
189 189 189 187 187 190 190 192 192 192 191 192 192 192 192 191 190 191 189 188 190 189 187 190 191 191 192 193 194 195 195 195 193 192 192 193 194 196 195 194 193 193 193 193 193 192 192 191 191 191 191 192 194 194 193 193 192 190 190 192 191 192 192 193 
190 190 190 188 188 190 191 192 192 192 191 191 190 191 190 189 189 190 188 188 189 188 186 189 190 190 191 193 194 195 195 195 192 192 190 191 192 195 194 195 193 193 193 193 193 191 191 190 189 189 189 191 192 193 192 192 191 190 190 192 192 193 194 194 

63 64 65 66 65 65 63 62 63 64 64 65 65 65 64 65 64 65 66 66 66 72 78 85 95 109 120 133 143 158 169 179 186 192 193 194 195 195 195 194 193 193 192 191 193 192 193 192 192 189 189 187 189 190 192 191 192 190 191 192 193 193 194 194 
63 65 65 66 65 64 62 62 62 64 64 66 65 65 65 64 63 64 65 65 66 72 77 85 95 109 119 132 143 158 169 179 187 193 193 194 193 194 194 193 193 192 192 191 193 192 193 192 191 189 189 188 189 190 192 192 192 191 192 192 192 192 192 192 
62 64 64 65 64 63 62 62 63 63 64 65 64 64 64 64 62 63 64 63 66 71 77 86 96 109 120 134 143 159 170 180 187 193 193 193 193 192 192 192 192 192 193 191 193 192 193 192 192 190 190 189 190 191 193 193 192 192 192 193 192 192 192 191 
63 64 64 65 65 64 64 64 64 64 64 65 63 63 64 63 61 63 62 62 66 72 77 88 99 111 121 135 144 160 171 181 188 193 192 192 192 191 192 191 192 192 193 193 194 194 195 193 193 191 190 190 190 191 193 193 192 193 193 193 192 192 191 190 
61 63 64 65 65 65 64 64 64 63 62 64 62 62 63 63 62 64 63 62 67 71 76 87 99 111 122 136 145 161 170 180 187 192 191 191 192 191 192 192 192 192 193 192 193 193 194 192 192 191 191 191 192 192 194 194 192 192 193 192 191 192 191 190 
61 62 63 65 65 65 65 66 66 63 63 64 61 61 63 62 61 62 62 61 67 71 78 88 101 112 123 136 146 162 171 181 188 192 191 191 191 189 191 190 190 190 192 191 192 192 193 192 192 192 192 192 192 193 194 193 192 193 193 192 192 193 192 191 
61 62 62 63 63 65 65 66 67 63 62 62 61 61 63 64 63 64 63 62 69 73 81 92 105 115 127 139 150 164 174 183 189 192 192 192 191 189 191 191 191 191 193 193 193 193 194 193 193 194 193 193 192 192 193 193 192 193 192 191 192 193 192 191 
62 62 63 65 64 66 66 66 66 63 62 63 63 63 65 65 65 64 64 64 70 74 83 93 106 116 129 141 153 166 176 184 191 193 192 193 192 190 191 191 191 192 193 193 193 193 193 193 192 193 192 192 192 192 192 192 190 191 191 190 192 193 192 192 
62 62 63 64 63 64 64 64 64 62 62 63 64 64 66 65 65 64 64 65 71 77 86 96 109 119 132 144 157 168 178 185 192 193 192 194 192 190 190 191 190 191 192 192 192 192 193 192 192 193 192 192 191 192 192 191 190 190 190 189 192 192 192 192 
62 63 63 63 63 64 64 64 65 64 64 64 65 65 66 64 64 63 64 66 73 80 90 100 113 124 136 147 161 171 181 188 195 195 194 195 192 190 190 189 189 190 191 192 191 191 192 192 191 193 193 192 191 192 191 190 191 192 191 191 192 191 190 190 
62 63 63 63 63 64 63 63 63 63 64 64 66 67 67 65 65 63 65 69 77 85 96 106 118 128 140 152 165 174 184 190 195 194 194 195 192 191 191 191 191 192 192 192 192 192 191 191 192 192 192 191 190 191 190 190 190 191 192 191 192 191 190 189 
63 64 63 64 65 64 63 64 63 63 64 65 65 67 67 65 63 64 66 71 79 89 99 109 121 131 143 154 167 177 185 190 193 193 193 194 192 191 190 190 188 190 191 191 190 190 190 190 190 191 191 192 191 192 190 190 190 191 191 191 192 192 191 191 
62 63 62 63 64 63 62 64 63 63 64 64 64 65 65 65 64 66 70 75 84 95 105 115 127 137 148 159 171 179 185 189 192 191 192 194 192 192 192 190 189 190 191 191 191 191 191 191 190 190 191 191 189 191 190 190 190 192 192 192 192 193 192 190 
61 63 62 64 64 64 64 66 65 66 65 65 64 64 64 65 66 70 74 81 90 100 110 120 130 141 152 163 174 182 187 190 191 191 193 194 193 193 193 191 190 190 191 191 191 190 189 190 190 190 191 191 191 192 191 191 192 192 192 193 192 192 192 191 
61 62 62 64 64 65 65 66 65 65 65 65 64 65 66 68 71 75 81 88 96 106 117 127 137 147 158 169 179 187 190 191 191 190 191 191 191 192 191 191 190 191 192 192 192 191 190 190 189 189 189 190 190 191 191 191 191 191 192 192 192 194 194 194 
62 62 62 64 63 63 64 65 65 66 66 65 64 65 67 71 75 82 87 94 103 112 122 132 142 153 164 174 182 189 192 191 191 190 190 190 190 190 189 190 189 191 191 192 191 191 190 190 191 190 191 191 191 191 191 190 191 192 191 193 192 193 193 194 
62 61 62 62 63 64 65 66 67 67 65 64 66 66 70 75 82 88 94 102 110 117 127 138 148 159 171 179 185 191 192 190 191 190 189 189 190 190 190 191 192 193 193 193 193 192 191 191 191 190 191 191 191 191 191 191 192 191 191 192 192 192 192 192 
63 62 63 64 65 65 67 66 66 65 64 64 67 70 74 81 88 95 101 108 117 125 134 146 155 165 176 183 188 193 194 192 192 192 190 189 190 190 189 191 191 192 192 192 191 191 191 190 191 191 192 191 192 192 192 192 193 192 192 193 192 192 193 194 
65 63 64 63 64 63 64 63 64 64 65 67 71 75 81 88 94 101 109 115 124 134 143 155 165 174 184 189 191 194 194 192 192 192 190 189 190 190 190 191 192 192 192 192 192 192 193 192 193 193 193 192 193 192 192 193 192 192 192 192 191 192 192 193 
64 63 63 63 63 63 63 64 66 68 69 72 77 82 89 96 102 110 117 124 134 142 151 163 172 180 189 192 193 194 193 192 192 192 192 192 191 190 190 190 191 191 192 191 192 192 193 193 193 194 194 193 193 192 192 192 192 192 192 193 191 191 192 191 
63 63 64 65 66 69 70 71 71 73 75 80 85 91 96 104 110 116 125 134 142 150 160 171 180 186 193 195 194 194 194 192 191 191 191 191 191 191 191 190 192 193 193 193 193 191 192 191 192 192 192 192 192 191 191 192 192 192 193 193 191 192 192 191 
67 68 69 70 72 73 73 74 76 79 83 89 94 100 105 112 118 125 133 142 150 159 169 179 186 191 195 196 195 194 194 192 191 190 191 191 191 192 191 190 191 191 191 192 192 191 193 192 192 193 193 191 190 189 189 190 191 191 192 193 192 192 192 192 
70 71 72 73 75 77 79 83 86 92 96 101 106 112 116 122 129 135 143 152 160 168 178 185 191 193 196 196 195 192 192 191 190 189 191 191 191 192 192 191 192 193 193 193 192 191 192 192 191 192 191 190 189 189 187 188 190 190 191 192 192 191 191 191 
81 81 83 85 86 88 91 94 97 103 108 112 117 123 126 133 139 146 154 164 171 177 184 188 192 193 195 195 194 192 192 190 190 188 190 190 190 191 191 190 191 191 192 192 191 191 191 190 190 191 190 189 189 189 187 188 190 191 191 193 193 193 193 194 
93 93 95 96 97 99 102 104 108 114 118 123 128 134 137 143 150 156 163 172 178 183 188 191 193 193 193 193 192 191 192 190 190 188 190 189 190 192 192 191 192 193 192 191 191 190 190 189 190 190 189 189 189 190 189 190 191 192 190 191 192 192 191 193 
109 109 109 109 109 109 111 113 118 123 128 132 138 144 148 155 161 168 174 180 185 189 191 191 192 191 191 191 192 190 191 190 190 189 190 191 192 192 192 192 192 192 191 191 190 191 191 190 190 191 189 189 190 191 190 191 190 191 189 190 191 192 191 193 
120 120 121 121 122 121 123 126 130 134 139 143 149 154 159 165 172 177 184 188 191 192 193 191 192 190 191 191 192 190 192 191 191 190 192 191 192 192 192 192 192 192 191 191 190 190 190 189 190 190 189 189 190 192 192 193 193 194 191 190 192 194 193 195 
138 138 138 138 138 136 136 138 141 144 150 155 160 164 169 173 179 183 188 191 192 193 192 191 192 191 191 191 193 192 192 192 192 191 191 192 192 192 192 192 191 191 191 191 189 190 190 189 190 191 190 191 192 194 194 195 194 194 191 190 191 193 193 194 
146 146 147 146 147 146 147 150 154 157 163 166 170 173 178 180 185 187 191 192 192 192 191 189 190 190 190 191 193 193 193 193 194 193 192 193 193 193 193 193 192 191 191 190 188 190 189 190 190 191 190 191 191 193 194 194 193 193 191 189 191 192 191 192 
160 160 161 160 161 160 162 164 167 169 174 176 178 180 184 186 189 191 194 194 194 193 192 189 191 190 190 191 193 191 192 192 193 192 193 194 194 193 193 193 192 191 191 191 189 191 190 190 191 192 191 191 191 191 192 192 192 192 191 190 191 192 192 192 
171 170 171 171 172 171 173 174 177 179 183 184 185 185 188 189 190 192 193 193 192 192 190 189 190 190 189 190 192 191 191 192 193 193 193 194 194 193 192 193 191 191 191 190 189 190 190 190 191 192 190 192 191 193 193 193 192 192 191 191 192 193 193 193 
179 179 180 180 180 179 181 183 185 186 190 190 190 191 192 193 193 194 194 193 192 192 191 190 191 191 190 190 191 191 191 191 193 192 191 192 193 193 193 194 192 192 191 190 190 191 190 191 192 192 191 192 192 192 192 192 191 190 191 191 190 191 191 191 
184 184 185 185 186 185 188 188 189 191 193 192 191 192 192 194 193 195 194 193 192 192 190 189 190 190 190 190 191 191 191 191 192 192 191 192 192 193 192 192 192 191 191 190 190 191 191 192 192 193 191 192 191 191 190 191 190 190 191 191 190 192 191 191 
190 190 191 192 192 191 191 190 190 190 191 190 191 192 194 195 194 195 195 193 192 192 189 190 190 190 190 191 190 191 190 190 191 192 191 192 193 193 193 194 193 191 191 191 191 192 192 192 193 193 192 193 193 192 190 191 190 190 191 192 191 192 192 192 
190 191 191 192 192 192 192 191 191 190 191 190 191 192 193 194 194 195 194 193 191 191 189 190 190 191 191 191 191 192 191 190 192 192 191 192 193 193 194 195 194 192 191 191 191 192 192 192 192 192 190 193 192 192 191 192 190 190 190 191 190 193 193 194 
191 192 192 193 193 192 192 191 191 190 191 192 192 192 193 194 194 196 195 195 194 193 191 191 190 192 192 193 192 194 193 191 192 191 190 191 193 193 194 194 193 192 191 191 191 192 192 192 191 192 191 192 192 191 190 191 189 190 190 190 189 192 191 193 
192 192 193 194 194 193 192 191 190 190 190 191 191 192 192 192 192 194 193 193 193 193 191 191 190 192 192 193 192 193 192 190 190 190 191 192 193 194 194 193 193 192 191 192 192 192 193 192 191 191 191 191 191 192 192 192 191 192 192 191 191 192 191 192 
193 192 193 195 195 194 194 193 192 191 191 191 190 191 192 191 193 194 194 194 193 194 192 192 190 192 191 192 192 192 192 190 190 189 192 192 193 194 194 193 192 191 191 192 193 194 193 192 192 191 190 190 190 191 191 192 191 192 190 190 190 192 191 193 
194 192 192 193 193 192 193 193 194 193 193 193 192 192 191 192 193 194 194 194 193 193 192 191 190 192 191 191 192 192 191 190 190 190 193 194 193 194 194 191 192 192 192 192 193 193 193 193 192 191 190 189 189 190 191 192 191 192 190 190 190 191 190 192 
195 193 193 193 193 192 192 192 192 191 192 193 192 192 191 192 192 193 194 194 192 193 192 192 191 192 193 193 193 193 192 190 189 189 191 192 192 192 192 189 190 191 192 193 194 193 193 194 193 193 192 191 189 191 191 191 192 193 191 191 191 191 190 190 
193 191 191 191 191 192 192 193 192 191 191 191 191 191 190 191 192 192 193 193 192 192 192 191 191 191 192 193 192 192 192 190 189 190 191 192 192 193 192 190 191 192 192 193 195 194 194 194 195 194 192 192 190 191 191 192 192 194 191 191 191 190 189 190 
191 190 191 191 191 192 194 194 193 192 192 191 191 191 190 191 192 192 193 194 192 191 191 191 191 192 193 194 194 193 193 191 191 190 192 192 192 193 193 191 192 192 192 192 194 193 193 193 195 194 193 193 190 191 190 190 191 192 189 190 190 190 189 190 
190 190 190 190 191 191 191 192 191 192 192 193 193 192 190 190 190 190 192 193 193 192 192 191 191 191 193 193 194 194 194 192 191 191 192 193 192 193 193 192 193 192 192 192 194 192 193 193 194 194 194 194 192 192 192 190 190 191 190 190 190 189 188 189 
189 190 190 190 191 192 192 192 192 192 193 193 192 191 190 189 190 190 191 193 193 193 192 192 191 192 193 194 193 193 193 191 191 190 191 191 192 193 193 192 193 192 191 191 192 191 192 192 193 193 193 194 193 193 192 191 191 191 190 190 190 190 189 190 
188 189 189 191 192 192 192 193 192 192 192 192 191 190 190 190 191 191 191 192 192 191 191 191 191 191 192 193 193 192 193 192 191 191 192 191 191 193 193 192 193 192 191 191 191 190 191 191 192 191 191 193 192 192 192 191 190 190 190 190 190 190 189 189 
188 188 189 190 192 192 192 193 193 192 192 193 191 190 190 190 190 190 190 191 191 190 190 191 191 192 192 192 192 192 192 192 191 192 192 191 191 192 192 191 192 191 191 191 192 190 191 190 190 189 190 191 191 191 193 192 192 192 192 192 192 191 191 190 
190 190 190 190 192 192 191 192 192 192 193 193 191 190 190 190 190 191 192 192 192 191 191 191 191 191 192 191 191 191 191 192 192 192 191 190 190 190 189 190 191 191 191 192 192 191 192 191 191 190 191 192 192 191 192 192 191 190 191 191 192 191 191 191 
190 190 191 191 192 192 192 193 192 192 191 192 190 190 190 191 191 192 192 192 191 190 191 191 191 192 192 192 192 191 191 191 192 191 191 191 190 190 191 191 192 192 192 192 191 190 190 191 190 190 190 190 190 189 191 191 191 192 192 192 193 192 192 192 
190 190 191 191 192 192 193 193 192 193 192 193 191 190 190 191 191 191 193 192 191 190 192 191 192 193 193 192 192 191 191 192 192 192 191 191 189 190 190 190 191 192 192 192 192 191 190 191 190 190 189 190 188 188 190 191 190 192 193 192 192 192 191 190 
189 191 191 191 192 192 192 193 192 193 193 194 192 191 191 191 191 191 193 192 192 191 191 190 191 191 192 191 191 191 190 191 191 191 191 192 190 191 191 192 191 192 193 193 193 192 192 191 191 191 191 191 190 189 191 192 191 191 192 191 192 191 191 191 
190 191 191 192 192 192 191 192 192 193 193 194 193 192 192 193 193 193 194 192 192 191 192 190 191 190 191 190 190 190 190 192 192 192 192 193 191 191 191 192 191 192 192 193 193 193 193 193 193 193 193 193 193 191 191 191 190 189 190 190 190 190 190 190 
190 191 191 193 193 194 193 193 192 193 193 194 193 193 194 193 193 192 192 191 191 190 191 190 191 190 192 191 192 192 192 193 192 192 192 193 191 192 193 192 191 192 191 191 192 192 192 192 192 191 191 193 193 192 193 192 191 191 191 190 191 190 190 190 
189 191 191 193 192 193 192 193 192 194 193 194 194 194 194 194 194 193 193 191 192 190 191 191 191 191 192 192 191 192 192 193 192 192 192 192 191 192 192 191 191 191 191 192 193 193 192 192 192 191 192 193 193 192 193 193 192 191 191 190 190 190 190 190 
191 192 192 193 194 195 193 193 191 192 192 192 193 193 194 194 195 195 194 192 192 191 191 190 191 190 191 191 191 191 193 192 192 192 192 192 191 192 193 192 192 192 190 191 192 192 191 191 192 191 192 193 194 193 194 193 192 192 191 190 191 192 193 193 
193 193 193 193 192 193 192 192 191 191 191 192 192 192 194 194 194 194 194 191 191 191 192 191 192 191 191 191 191 191 193 193 193 193 193 192 191 192 192 191 191 192 190 190 192 192 191 191 193 191 191 192 192 192 193 192 192 192 192 191 192 193 194 195 
193 193 192 192 192 193 192 192 191 191 191 192 192 192 193 192 193 193 192 191 192 191 192 192 192 191 191 192 192 193 194 193 192 192 192 192 191 193 192 191 191 192 190 190 190 191 190 190 192 190 190 190 190 190 191 190 190 190 191 190 191 194 195 195 
193 192 191 190 191 191 191 191 191 190 191 191 191 191 192 191 192 193 193 192 193 193 193 194 193 192 191 192 190 192 194 193 192 193 193 192 192 193 192 192 191 193 191 191 190 191 190 190 191 191 190 189 190 190 190 189 189 189 190 190 191 194 195 195 
192 193 192 191 191 191 191 191 191 190 190 189 189 189 192 191 192 193 192 190 192 193 193 193 193 192 191 191 192 193 194 194 193 193 193 193 192 193 192 192 190 192 191 191 189 191 190 191 192 192 191 191 191 190 190 189 187 187 188 188 190 193 195 194 
191 191 190 190 189 190 190 191 191 189 190 189 189 190 192 191 192 193 192 191 193 193 192 193 193 192 192 192 193 194 195 195 193 193 193 193 192 193 192 191 190 191 191 191 190 192 192 193 194 194 193 193 193 192 191 190 189 187 188 188 188 190 191 191 
189 189 189 190 189 190 191 190 189 189 189 188 188 190 192 191 192 192 191 189 191 191 191 192 192 191 192 192 192 194 195 195 193 193 193 194 193 195 194 192 191 191 191 191 191 191 191 191 192 193 193 193 194 192 192 191 189 188 189 188 189 190 191 191 
189 190 190 190 189 190 190 190 189 188 188 187 188 190 192 192 192 194 191 190 192 192 191 192 193 191 192 192 193 193 195 195 193 192 192 192 192 195 194 193 192 191 191 191 191 191 191 191 192 192 193 193 194 193 194 192 191 190 189 189 189 190 190 190 
188 190 190 190 189 191 191 192 191 189 188 188 188 190 192 191 192 193 191 189 191 190 189 190 191 190 191 191 193 194 195 195 193 193 192 193 193 196 196 195 193 192 191 191 191 192 192 193 193 193 193 193 193 193 193 192 191 190 190 190 190 190 190 191 
188 189 189 189 188 191 191 192 191 190 189 190 190 191 192 192 191 193 191 190 191 190 188 190 190 190 191 192 192 193 195 194 192 192 192 193 194 196 196 195 194 192 192 191 192 192 192 192 192 191 192 192 193 193 193 192 192 191 190 191 190 191 190 191 
189 189 190 189 189 192 191 192 191 190 189 190 189 190 190 190 190 191 189 189 191 189 188 190 190 189 190 191 192 193 194 194 191 192 191 193 193 196 197 196 196 194 193 193 193 192 192 191 190 189 190 190 191 191 193 192 192 191 191 191 191 192 192 192 

63 64 65 66 65 64 62 62 63 64 63 63 64 63 62 64 65 65 71 77 81 90 101 109 119 134 144 158 169 180 185 192 192 192 193 193 194 195 195 193 193 192 191 191 193 192 192 192 191 189 189 188 189 192 193 192 192 191 191 192 193 193 194 193 
62 64 64 65 65 64 62 62 63 64 64 65 64 64 63 64 64 64 70 75 80 91 101 109 119 134 144 159 170 181 186 192 191 192 193 192 192 193 193 192 192 192 192 191 192 192 191 191 191 190 190 190 190 192 193 193 192 192 192 193 193 193 193 192 
61 63 63 63 64 63 62 63 64 63 63 64 63 63 63 64 63 63 68 73 80 90 101 110 121 135 145 159 170 181 186 192 191 192 192 192 192 192 192 191 191 191 192 191 192 191 191 191 191 190 190 190 190 192 193 193 192 193 192 193 192 192 192 191 
63 63 64 64 65 64 64 65 66 64 63 63 62 62 63 64 63 64 68 72 80 91 102 112 123 136 146 160 170 181 187 192 192 193 192 191 191 191 191 190 191 192 193 192 193 193 192 192 192 191 191 191 190 192 193 193 193 194 193 193 192 192 191 190 
61 62 63 63 65 65 64 64 65 63 62 63 62 61 63 64 63 65 70 73 82 92 101 112 124 136 147 161 170 181 186 191 191 192 191 191 192 191 192 191 191 191 192 191 192 191 192 192 192 191 191 191 191 193 194 194 192 193 193 192 191 192 191 190 
61 62 62 63 65 65 65 66 66 63 63 63 61 61 63 63 62 65 69 73 83 94 103 115 127 138 149 162 172 182 186 191 192 192 191 191 191 189 190 190 190 190 192 191 192 192 192 191 192 192 192 192 192 193 193 193 191 193 192 192 191 192 190 190 
61 62 62 62 63 64 65 65 66 63 62 62 61 62 64 64 65 69 73 77 88 97 106 117 130 140 152 163 173 182 187 192 193 193 192 192 191 189 190 190 190 190 192 192 192 193 193 193 192 192 192 192 191 193 193 192 192 192 191 191 192 192 190 190 
63 62 63 64 65 65 66 66 66 63 64 63 63 64 66 65 67 72 76 81 92 100 108 119 131 141 155 166 176 184 189 192 194 194 192 192 190 189 189 190 190 191 191 193 193 193 193 193 192 192 192 192 192 193 193 192 191 191 191 190 192 192 191 191 
62 62 63 63 64 64 64 65 64 62 63 63 64 65 67 67 69 74 78 84 94 102 111 122 135 145 158 168 178 185 189 192 194 194 192 193 190 188 188 189 188 190 191 191 191 192 192 193 192 192 191 191 191 192 192 191 190 191 190 190 192 192 192 191 
63 63 62 63 63 63 64 65 65 64 65 64 64 65 66 67 71 76 81 88 98 106 116 126 139 150 162 172 182 187 192 193 195 194 193 193 191 188 188 188 187 189 190 191 191 191 192 193 192 193 193 192 191 192 192 192 192 192 191 191 192 191 190 189 
63 63 62 62 62 62 63 65 64 64 65 64 65 67 69 70 75 79 86 93 103 111 120 131 143 152 165 175 184 188 192 193 194 194 193 193 190 189 189 189 189 191 191 191 191 191 191 192 193 193 192 192 190 191 191 191 191 192 192 192 192 191 191 189 
63 64 62 63 64 63 63 65 64 65 66 66 66 68 69 72 76 82 89 96 106 115 125 135 148 156 168 177 185 189 192 192 193 193 192 193 191 189 189 189 187 190 190 190 190 191 190 191 192 192 192 192 191 193 192 192 192 192 191 192 191 191 191 190 
62 63 62 63 63 62 62 63 63 64 65 65 65 67 71 75 81 88 95 102 112 121 131 142 154 163 173 180 187 190 191 191 192 191 192 194 193 192 192 190 189 190 190 190 190 191 191 192 192 191 192 191 190 192 191 191 192 192 192 192 191 191 191 190 
61 62 62 63 63 63 64 66 65 67 67 67 67 70 73 79 86 92 100 108 117 126 136 146 156 165 176 182 189 191 192 191 192 191 193 194 194 193 193 191 189 190 190 190 191 191 190 191 191 191 192 191 191 193 192 193 193 192 191 192 191 191 191 190 
62 62 62 63 64 64 64 65 65 65 66 68 70 74 80 86 93 99 107 114 123 132 142 152 162 171 180 186 191 193 193 192 192 190 191 191 191 192 192 191 190 191 191 191 192 192 191 190 190 189 189 190 191 192 192 193 193 192 191 192 192 193 193 193 
62 62 63 64 63 63 64 65 66 68 70 72 76 79 86 91 99 106 113 120 129 138 147 158 167 177 185 188 192 193 193 191 191 190 191 191 190 191 190 189 189 190 190 191 192 192 191 191 191 190 191 190 191 192 192 192 193 192 191 193 192 192 192 193 
63 62 63 63 63 64 65 67 69 71 74 77 82 86 93 99 107 113 119 127 136 143 153 164 172 180 188 190 192 194 192 191 191 190 189 190 190 191 190 190 191 192 192 192 193 193 191 191 191 190 190 189 191 191 191 192 193 192 192 193 192 192 192 191 
65 63 64 65 66 68 71 72 75 76 79 82 88 92 99 106 113 119 126 134 142 150 159 169 177 183 189 192 193 195 194 192 192 192 190 190 190 190 189 189 190 191 191 192 192 192 192 191 191 191 191 191 193 193 193 193 194 193 193 193 192 193 193 193 
71 69 69 70 71 70 72 74 77 80 84 89 96 100 107 114 120 126 135 141 150 159 167 177 184 188 193 193 193 195 193 192 192 192 190 190 190 190 190 190 191 192 192 193 194 194 194 193 193 192 192 191 193 193 193 194 194 193 193 193 191 192 192 192 
74 74 74 74 75 75 77 81 84 89 93 98 104 110 116 123 130 135 142 150 159 167 175 183 188 191 194 194 193 194 193 191 192 193 192 193 192 191 190 190 191 192 192 193 193 193 193 192 193 193 193 192 193 192 192 193 193 193 193 193 191 191 192 190 
78 78 79 82 85 86 89 93 93 96 100 105 112 119 123 131 138 142 151 160 167 174 182 187 191 193 196 195 194 194 193 192 192 192 191 192 192 191 191 191 192 193 193 194 194 192 192 191 192 191 191 191 191 190 191 192 193 192 193 193 191 191 193 191 
87 87 89 91 94 96 98 100 101 104 108 113 119 126 131 139 145 151 160 168 175 181 187 191 194 195 196 196 195 194 193 192 191 191 191 192 192 192 191 190 191 191 191 192 192 191 193 191 192 192 192 190 190 189 189 190 191 191 192 193 192 192 193 192 
95 96 97 98 101 103 106 108 111 116 120 124 131 137 142 148 155 160 168 176 183 186 192 194 195 195 196 195 195 193 192 191 191 191 192 192 192 192 192 191 192 193 193 193 192 191 192 191 190 191 190 190 189 189 187 188 190 190 192 192 193 192 193 192 
106 107 109 111 114 116 119 120 123 127 131 136 142 148 152 158 165 170 176 184 189 190 194 195 195 194 195 195 195 192 191 190 190 190 191 191 191 191 191 190 191 191 191 191 191 190 190 189 189 190 189 188 188 188 187 188 190 191 192 193 194 194 194 195 
119 120 120 122 124 126 130 131 134 138 142 146 152 158 161 167 173 178 182 188 190 191 193 193 193 192 193 193 192 191 191 190 190 189 190 190 190 191 191 190 191 192 192 192 191 191 190 189 189 190 189 188 189 189 189 190 191 192 191 192 193 193 193 194 
136 136 136 135 136 136 138 140 144 148 153 156 161 167 171 176 181 185 188 191 192 192 192 192 192 191 191 191 192 191 190 190 190 190 191 192 192 192 192 191 192 191 191 191 190 191 192 190 190 190 189 188 189 191 190 190 191 192 191 191 193 193 192 193 
147 148 147 147 148 147 150 152 156 159 164 167 171 175 179 182 186 189 192 194 194 193 193 191 191 191 191 192 192 191 192 192 192 192 193 193 193 192 191 192 191 192 191 191 190 192 191 190 190 190 189 188 190 192 192 193 193 194 192 191 193 193 193 194 
164 165 164 164 164 163 163 165 167 170 175 177 180 182 185 186 189 191 193 194 193 193 192 191 191 192 191 192 192 192 192 192 192 192 192 193 193 193 192 192 191 191 191 190 190 190 190 189 190 190 190 190 191 193 194 194 194 194 192 191 192 193 193 193 
172 172 172 172 173 171 173 175 178 178 182 183 185 186 188 189 191 191 192 193 192 192 192 191 191 192 191 192 193 193 194 194 194 194 193 193 194 194 193 193 192 191 191 190 189 190 190 190 190 190 190 190 191 193 194 193 193 193 191 190 192 193 192 192 
180 180 181 180 181 181 182 183 185 186 188 188 188 188 190 189 190 192 194 194 194 194 193 191 192 192 191 191 192 191 192 192 192 193 193 193 194 194 193 193 192 191 192 191 190 190 191 190 191 191 191 190 191 192 193 193 192 193 192 190 192 193 192 192 
185 185 185 185 186 186 187 188 189 190 191 190 190 189 190 190 190 192 193 193 193 193 192 191 191 191 190 190 191 191 191 192 193 194 193 193 193 193 192 192 191 191 191 190 189 190 189 190 191 191 191 192 192 194 194 193 193 193 192 192 193 194 194 194 
189 189 189 188 189 189 190 191 192 192 193 192 192 192 192 192 192 194 194 193 193 194 192 191 192 192 190 190 190 191 191 191 193 192 191 192 192 192 192 193 192 191 191 190 190 191 190 190 191 191 191 193 193 193 193 192 191 191 192 191 192 194 194 194 
188 188 189 188 189 189 190 190 191 191 192 192 191 191 192 193 192 194 194 193 193 193 191 191 191 191 191 190 190 191 191 191 192 192 191 191 191 192 192 192 191 192 192 191 191 191 191 192 193 193 191 192 192 192 192 191 190 191 192 191 192 193 193 192 
190 190 190 191 190 190 191 190 189 190 191 191 191 192 193 193 193 194 194 193 192 192 190 190 190 190 190 190 190 191 191 190 192 192 191 191 192 191 191 192 191 192 192 193 192 193 192 193 193 193 192 194 193 192 191 191 190 191 192 192 192 194 193 193 
190 190 191 191 191 191 191 190 190 191 191 191 192 193 193 193 194 195 194 193 192 192 190 190 190 191 191 191 191 192 192 191 193 192 191 192 192 192 192 193 192 192 191 192 192 193 192 192 192 191 191 193 193 192 191 192 190 190 191 192 191 194 194 194 
192 192 193 194 194 193 192 191 191 191 192 193 194 193 194 194 194 194 195 195 194 194 193 192 191 192 192 192 192 194 193 192 193 191 191 191 192 192 192 192 192 191 191 192 193 193 192 192 191 190 190 191 192 191 191 192 190 190 190 190 190 192 191 192 
193 193 193 195 194 193 193 192 191 191 192 192 193 193 192 191 192 192 192 193 193 193 192 191 190 191 192 192 192 193 193 191 191 191 192 192 193 193 192 191 191 191 192 193 193 193 193 192 190 190 190 191 191 192 192 193 191 192 191 191 190 191 190 191 
193 192 193 195 194 194 194 194 193 192 192 192 192 192 192 192 192 193 193 193 193 193 192 191 191 191 191 191 191 191 191 190 191 190 192 192 193 193 192 191 190 190 191 192 193 194 194 192 191 190 190 190 191 191 191 192 191 192 190 191 190 191 190 192 
193 191 192 193 192 192 193 193 193 193 193 193 194 193 191 191 192 192 193 193 192 193 192 191 190 191 191 190 191 191 191 189 190 190 192 193 194 193 193 190 190 190 191 192 193 193 193 193 191 191 190 190 190 191 192 192 191 192 189 190 189 190 189 191 
194 192 193 194 193 192 193 192 191 191 192 193 193 192 190 190 190 190 192 193 192 193 192 191 191 192 193 192 192 193 191 189 190 190 191 192 192 191 190 189 189 191 191 193 194 194 193 194 193 193 192 192 190 192 191 191 191 192 190 191 190 190 189 190 
192 191 191 191 191 190 192 192 190 191 192 192 193 193 190 190 190 190 192 192 192 191 190 189 190 191 192 193 192 191 191 188 189 190 191 192 193 193 192 190 191 192 192 193 194 194 194 194 194 194 194 193 192 192 191 191 191 192 190 191 191 190 189 191 
191 190 190 191 191 191 193 191 190 190 191 191 192 191 189 190 190 190 192 192 192 191 189 189 191 191 193 194 193 193 192 191 191 191 192 193 193 193 193 191 192 193 192 192 194 193 193 194 194 194 193 193 191 192 191 189 190 191 188 190 191 190 190 191 
190 191 191 192 192 191 192 191 190 191 193 193 193 192 189 188 188 188 190 192 192 191 190 189 190 190 192 193 194 194 193 192 192 192 192 193 192 193 193 192 193 193 193 192 194 192 193 194 195 195 195 195 193 194 193 191 190 191 189 189 190 190 190 190 
191 191 191 192 193 192 193 192 191 192 193 192 192 191 189 188 188 189 190 191 192 191 189 190 190 191 192 193 193 193 193 192 192 192 192 191 192 192 193 193 194 193 193 192 193 192 192 193 193 193 194 195 193 194 193 192 191 192 190 190 190 190 190 191 
190 190 191 192 193 192 193 193 192 192 193 192 191 190 189 189 189 189 189 190 189 189 188 189 190 191 191 192 192 191 192 192 192 193 193 192 192 193 193 192 194 192 192 191 193 191 192 192 192 192 192 193 193 193 193 191 191 191 190 191 191 190 190 190 
190 190 191 191 192 193 192 193 193 193 193 193 192 190 188 188 188 189 189 190 189 188 188 189 190 191 192 192 192 192 192 193 193 193 193 192 192 193 192 191 193 191 191 191 192 191 192 191 191 190 191 192 191 192 193 192 193 194 193 192 192 191 191 190 
191 191 191 191 192 193 192 192 192 193 194 194 192 190 189 189 189 190 191 191 190 189 190 190 190 191 191 191 191 190 190 192 192 192 191 190 190 190 190 190 192 191 191 192 192 191 192 192 193 193 193 194 193 193 193 193 192 192 192 191 191 191 190 191 
191 191 192 192 193 193 193 193 192 192 192 192 191 190 189 189 190 191 192 192 191 190 190 191 191 192 192 191 191 190 190 191 192 192 192 192 191 191 192 192 192 192 192 191 192 190 190 191 191 191 192 192 192 192 193 193 193 194 193 193 193 192 191 192 
191 191 191 191 191 192 192 192 191 193 193 193 191 190 189 189 190 191 193 192 191 189 191 191 191 192 192 191 191 191 191 192 192 192 192 192 191 191 192 191 192 191 192 191 192 191 191 191 192 191 192 192 191 190 191 191 191 192 192 192 193 193 192 192 
190 191 191 192 192 192 191 191 191 193 194 193 193 192 191 190 191 191 193 192 192 191 192 191 191 192 192 191 191 191 190 192 192 192 193 193 192 192 193 192 191 191 191 191 191 191 192 192 193 193 193 193 193 191 192 192 191 190 190 190 192 192 192 193 
191 192 193 193 193 192 191 192 192 193 193 193 193 192 191 192 192 192 193 191 191 191 192 191 191 191 191 190 190 190 190 191 192 192 193 193 191 191 193 192 191 192 192 192 193 193 193 194 194 194 195 196 195 193 192 191 189 188 188 188 190 190 191 193 
192 192 193 194 194 194 193 193 193 193 193 193 193 193 193 193 193 192 191 190 190 190 191 190 190 190 190 190 191 192 192 193 192 193 194 195 193 194 194 192 191 192 191 191 192 192 192 192 193 192 193 194 194 192 192 191 190 189 189 189 190 191 191 191 
193 192 193 193 193 193 192 192 192 193 193 193 193 193 194 194 194 192 192 191 191 190 191 191 191 191 192 192 191 192 192 192 191 193 194 193 192 192 192 191 191 191 191 192 193 193 192 192 193 191 193 193 194 192 192 191 190 189 189 189 189 190 191 191 
194 193 194 195 194 194 193 192 191 191 191 192 192 193 194 195 195 194 193 191 191 190 191 191 192 190 191 191 190 191 193 192 192 193 194 193 192 192 192 191 191 192 191 192 193 193 192 192 193 192 193 193 195 193 194 192 192 190 190 189 190 192 192 192 
197 195 195 194 193 193 192 192 191 191 190 191 191 192 194 194 194 194 193 191 191 190 191 191 191 190 190 191 190 190 193 193 193 193 193 192 191 192 192 191 191 193 191 191 192 193 191 191 193 191 192 193 194 193 193 192 191 191 191 191 191 193 194 194 
196 194 194 194 193 192 192 192 192 191 191 192 192 192 194 193 194 194 193 191 192 190 191 192 191 190 190 191 190 192 194 193 192 193 193 193 192 193 191 191 190 192 191 190 191 192 190 190 192 190 190 190 191 190 191 191 190 190 191 190 192 195 195 194 
196 194 194 193 192 191 191 191 192 190 192 191 191 191 193 192 193 194 194 193 193 193 193 194 193 192 191 191 189 190 194 193 192 193 193 192 191 192 190 191 190 192 191 192 191 192 191 191 192 192 191 190 191 190 191 190 189 189 191 190 192 195 196 195 
194 193 193 192 192 191 191 191 192 190 191 190 189 189 192 192 193 194 194 191 192 193 192 193 193 191 190 190 190 192 194 195 195 195 194 193 191 192 191 191 190 192 191 191 190 192 191 192 194 193 192 192 191 190 190 189 188 188 189 189 191 193 195 194 
194 193 192 192 191 190 190 191 192 190 192 191 190 191 193 193 194 195 194 192 193 193 192 192 192 191 190 191 191 193 195 196 195 194 194 193 191 192 191 191 190 191 190 190 190 192 192 193 195 194 193 193 192 190 190 189 188 187 189 189 189 191 191 191 
190 190 191 191 191 190 191 191 191 190 191 190 189 191 193 193 194 195 193 191 193 192 192 192 192 191 191 191 192 193 195 196 194 194 194 193 192 193 192 191 191 190 190 190 191 191 192 192 194 193 193 193 192 190 190 189 188 188 189 189 189 190 190 191 
190 191 191 191 190 190 190 191 190 190 190 189 189 191 193 193 193 195 193 192 193 193 192 192 193 192 192 191 192 192 194 195 193 193 193 192 191 193 193 192 192 191 190 189 190 190 191 191 193 192 192 192 192 190 190 189 189 189 189 189 188 189 188 189 
189 190 190 190 189 191 191 192 191 191 190 189 189 191 192 193 193 194 192 191 192 191 190 190 191 190 191 191 192 193 194 195 194 194 193 193 193 195 195 194 194 191 190 189 190 189 190 191 192 191 191 192 191 190 190 189 190 190 189 190 189 190 189 190 
189 190 190 189 189 191 190 192 192 192 191 191 191 192 192 193 192 194 191 191 192 190 190 190 191 190 191 191 192 193 194 194 192 193 192 192 193 195 195 194 194 191 191 190 190 189 190 190 191 191 191 191 191 190 190 190 190 190 190 191 190 191 190 191 
188 190 190 189 189 191 190 192 193 192 190 191 190 190 190 190 190 192 190 190 192 190 189 190 191 190 191 191 192 192 192 193 191 193 192 193 194 196 196 195 196 192 191 190 191 189 190 190 190 190 190 190 190 190 190 190 190 191 190 191 191 192 192 193 

64 64 64 65 64 63 63 63 63 64 64 63 64 64 67 74 80 85 96 102 106 115 126 134 143 160 169 179 186 192 192 193 192 192 192 191 193 194 193 193 193 191 191 191 192 192 192 192 191 189 190 190 191 192 194 193 193 193 193 194 194 194 193 193 
63 64 64 65 65 64 63 63 63 64 64 64 64 64 68 74 79 84 95 100 105 116 126 134 144 159 168 179 185 191 192 193 191 192 191 191 192 193 192 192 192 191 191 191 192 192 192 191 192 190 191 192 192 193 194 193 191 192 192 193 193 193 192 192 
63 64 64 64 64 63 63 63 63 64 63 64 64 63 68 74 79 84 94 99 105 115 126 135 145 159 169 180 185 192 192 192 191 192 192 191 192 192 191 191 192 191 191 191 191 191 191 191 192 190 191 191 191 192 194 193 192 193 192 193 192 193 192 191 
64 64 64 65 65 64 64 64 64 64 63 64 63 63 69 74 78 84 93 98 106 116 127 137 148 160 170 180 185 192 191 192 191 192 191 191 192 191 191 191 192 191 192 192 192 191 192 192 193 191 191 192 191 193 194 194 193 194 192 193 192 191 190 191 
62 63 63 64 65 65 64 65 65 63 62 63 62 63 70 76 79 86 94 97 106 117 127 138 149 160 170 180 184 191 191 191 190 191 191 192 192 192 192 192 192 191 191 190 191 190 191 191 192 191 192 193 192 193 194 194 192 193 191 191 191 192 191 192 
62 62 63 63 66 65 65 65 65 63 62 64 62 64 71 76 79 88 95 98 109 120 129 141 152 163 172 181 185 191 191 191 191 192 191 192 192 190 190 190 191 191 192 191 191 191 192 192 192 192 192 193 192 193 193 192 191 192 190 191 190 191 190 191 
63 62 63 62 64 63 65 65 65 63 62 63 63 66 74 80 85 93 98 103 113 122 131 143 154 165 175 183 188 192 192 192 192 193 192 192 192 190 191 191 191 191 192 192 192 191 192 193 192 191 191 191 191 191 192 192 192 192 190 191 191 191 190 191 
63 62 63 62 64 64 65 66 66 63 63 63 65 70 76 82 89 96 102 107 117 126 134 145 156 167 178 184 189 193 192 192 193 193 192 192 191 190 190 190 191 191 192 193 193 193 193 193 192 192 192 192 192 192 192 191 190 190 189 189 191 191 191 192 
63 62 62 62 64 63 64 65 64 62 62 64 67 74 80 87 93 100 104 111 119 128 137 148 160 171 180 186 191 193 192 192 193 193 192 193 191 190 189 189 189 191 191 192 192 192 192 192 192 192 191 191 191 191 191 190 190 190 189 189 191 192 192 192 
64 63 62 62 62 62 64 65 64 64 65 66 70 77 82 88 96 102 108 115 123 132 142 152 165 176 184 189 194 194 193 193 194 193 192 193 191 189 189 190 190 191 191 192 192 191 191 192 192 192 192 191 190 192 192 191 191 191 190 190 191 190 190 190 
63 62 61 61 62 61 63 64 63 64 67 69 74 81 87 94 102 106 113 120 128 136 146 157 169 178 185 190 194 193 193 192 194 193 192 192 191 190 190 190 190 192 192 191 191 191 190 192 192 192 192 191 190 191 191 191 191 191 190 190 191 191 191 190 
63 63 62 62 64 62 63 65 65 67 71 74 79 85 89 97 103 109 116 123 132 141 151 162 174 181 187 190 193 191 192 191 193 192 192 192 191 190 189 189 189 191 191 190 190 190 189 190 191 192 192 192 191 194 192 192 192 192 190 190 191 191 191 191 
61 62 61 62 63 62 64 65 67 71 75 79 83 89 94 101 108 115 122 129 137 147 156 167 178 185 189 191 192 191 191 190 192 191 191 192 192 191 191 191 190 191 192 190 190 190 190 190 190 190 190 191 190 192 192 192 193 192 191 191 191 191 191 190 
61 62 61 62 64 64 67 70 73 78 82 84 88 94 98 106 113 120 127 135 143 151 161 171 180 185 190 191 192 191 191 191 192 190 192 192 192 191 191 191 191 191 191 190 191 190 189 190 191 190 191 192 192 194 193 194 194 193 192 192 192 190 191 190 
65 66 66 67 70 70 73 76 78 82 87 90 94 99 105 113 119 126 133 139 147 156 165 175 182 187 191 192 193 193 193 191 192 191 191 190 190 191 190 190 190 190 190 190 191 192 191 190 191 190 190 191 192 193 193 194 194 192 192 193 193 192 193 193 
70 71 71 72 74 75 78 81 85 88 93 97 101 105 112 117 124 132 138 145 153 162 170 179 184 189 192 192 193 193 193 191 191 191 190 190 190 191 190 190 189 191 190 191 191 191 191 191 191 191 192 192 193 193 193 192 194 193 193 193 193 192 192 192 
76 76 77 77 79 80 83 87 91 95 99 103 108 112 119 125 133 139 144 152 160 168 175 183 187 191 193 193 193 194 193 191 191 191 190 190 190 190 190 190 191 193 192 193 193 192 191 191 191 191 192 191 192 192 191 191 193 192 193 193 193 192 193 191 
84 83 84 85 87 89 93 96 99 100 103 107 113 118 125 132 138 144 150 158 165 174 180 186 189 191 193 193 193 195 194 192 192 192 190 190 190 190 189 189 190 191 190 191 192 192 191 191 192 192 193 192 194 192 192 192 193 192 193 194 193 193 194 193 
95 94 94 95 96 96 98 99 102 105 109 114 121 126 133 139 145 151 159 165 172 181 186 190 192 194 194 194 193 194 193 191 192 192 190 190 190 190 189 190 190 192 191 192 193 193 192 192 193 192 192 191 193 192 192 193 193 192 193 193 192 192 193 192 
100 99 100 100 101 101 103 106 110 114 118 123 129 135 141 147 154 160 166 173 181 188 190 194 195 195 195 194 194 194 192 191 192 192 192 192 191 190 190 190 190 191 192 192 192 193 192 191 192 192 192 191 192 191 190 191 192 191 193 194 192 193 193 192 
104 104 106 108 111 112 115 118 119 122 127 130 137 144 148 155 162 167 173 181 186 190 192 195 196 196 196 196 194 194 193 191 192 192 191 191 191 190 190 190 191 192 192 192 192 192 192 191 192 191 191 190 191 189 189 191 192 191 193 194 192 193 194 194 
112 113 114 117 121 122 124 126 127 130 134 138 145 150 155 162 169 173 180 186 190 192 194 195 196 196 196 197 195 194 193 192 192 192 191 191 190 190 190 190 191 190 191 190 191 191 192 190 191 191 191 190 190 189 188 189 191 191 193 193 192 193 194 193 
120 122 123 125 128 129 132 134 138 141 145 149 156 161 166 171 177 180 185 190 193 194 195 195 196 196 196 197 195 193 193 192 192 192 193 191 191 191 191 191 192 192 192 192 192 192 192 191 190 191 190 189 190 189 187 188 190 190 191 192 193 192 193 193 
131 133 134 136 139 142 144 146 150 153 157 161 166 172 174 179 184 186 189 193 194 193 194 194 194 194 195 195 195 193 193 192 192 192 193 191 191 191 191 190 192 191 191 191 190 190 191 189 189 190 188 188 188 188 187 188 190 191 192 192 194 194 194 195 
142 144 144 147 149 151 153 156 159 162 167 170 175 180 182 185 187 189 190 193 193 192 193 193 193 192 193 193 193 192 193 192 192 191 191 190 190 190 190 190 192 192 192 192 191 191 191 189 188 189 187 188 188 190 189 190 191 192 190 190 192 192 192 194 
159 161 160 160 161 161 162 165 169 172 175 177 181 184 186 188 191 193 193 193 194 192 192 192 192 191 191 193 193 193 193 193 192 192 193 192 192 192 191 190 191 191 191 192 191 192 191 189 188 189 187 188 189 191 190 191 192 192 190 190 192 191 190 192 
171 172 171 172 172 172 174 176 179 181 183 184 187 188 190 191 193 193 193 194 194 192 192 191 192 191 192 193 194 193 193 193 193 193 194 193 193 192 191 191 192 192 192 192 191 191 190 188 188 188 186 187 188 191 192 193 194 194 191 190 191 191 191 193 
183 184 183 183 183 181 183 183 185 185 188 189 191 190 191 191 192 193 194 194 193 193 192 191 191 191 191 192 193 193 193 192 192 192 193 193 194 193 192 192 192 191 191 190 189 189 189 187 188 188 188 188 189 192 193 194 194 194 191 191 191 191 191 192 
188 187 187 186 187 185 187 188 189 189 192 190 191 190 191 191 192 193 193 193 192 192 191 191 191 192 191 193 194 194 194 194 193 193 193 193 194 193 193 192 191 190 192 190 189 189 189 188 188 188 189 189 189 192 192 193 193 193 192 191 191 191 191 190 
192 191 192 191 192 191 193 192 193 192 192 190 190 189 190 190 191 192 193 193 193 192 191 191 191 192 192 193 193 192 193 192 192 193 194 194 195 194 193 193 192 191 193 191 190 189 190 189 190 190 190 189 189 190 191 192 193 193 193 191 192 192 191 190 
192 191 191 191 191 190 193 192 192 192 192 190 190 190 191 192 191 194 193 193 192 192 190 190 191 191 191 192 192 191 191 191 192 194 193 193 194 193 192 193 191 191 192 191 189 189 188 189 189 190 190 191 191 192 192 193 193 193 193 192 193 193 193 192 
191 190 191 190 190 189 191 191 191 192 193 191 191 192 193 193 193 195 194 193 192 193 191 191 192 193 192 192 191 191 191 191 192 193 192 192 193 193 192 193 192 192 192 191 190 190 189 190 191 191 192 193 192 192 192 192 191 191 192 192 193 193 193 192 
191 190 191 191 191 190 192 191 191 191 192 191 191 192 193 193 193 195 193 193 192 192 191 191 191 192 193 192 192 193 193 192 192 193 191 191 190 191 191 191 190 191 192 191 190 191 190 191 191 191 191 192 191 191 190 191 190 190 192 191 192 193 192 191 
190 191 191 193 192 192 193 191 190 190 191 190 191 193 194 194 193 195 194 193 192 192 190 191 191 191 192 192 191 192 192 191 191 192 192 191 191 191 191 192 192 192 192 192 191 191 190 190 190 191 191 192 192 191 190 190 190 190 191 191 192 193 193 193 
190 190 191 192 192 193 193 191 191 191 191 191 192 194 194 194 195 196 194 193 193 192 190 190 191 192 192 192 192 193 192 191 191 191 191 191 191 192 192 193 192 193 191 191 191 191 189 190 190 190 190 193 192 192 191 191 190 190 191 191 191 193 193 194 
190 192 193 195 195 195 194 192 191 191 191 192 193 194 194 194 195 195 195 194 194 193 192 191 191 192 194 193 194 194 193 192 192 191 191 190 191 192 192 192 192 193 192 192 192 192 190 189 189 189 189 191 191 191 191 192 190 191 190 190 190 192 192 193 
192 192 193 195 195 195 194 193 192 191 191 191 193 194 193 193 193 193 193 193 193 193 191 190 190 191 192 192 193 193 192 191 191 191 191 190 191 192 192 192 192 193 192 193 193 193 191 190 189 190 190 190 191 192 192 193 192 193 192 191 190 192 190 192 
192 191 192 194 193 194 194 193 192 192 192 192 192 193 193 193 193 194 194 193 193 192 191 190 190 191 192 191 191 191 191 190 190 190 192 191 192 192 192 192 192 192 192 193 194 195 193 192 191 191 191 191 191 193 193 193 192 193 190 191 190 191 191 193 
192 192 192 193 193 193 193 193 193 193 192 193 193 193 192 192 193 193 193 193 192 192 190 189 189 190 192 191 192 191 191 189 191 191 192 193 193 192 192 191 190 191 192 193 194 194 194 193 192 191 191 191 192 193 194 193 192 193 190 190 190 191 190 192 
194 192 193 193 192 192 192 192 192 192 192 192 192 191 190 190 191 191 192 193 192 192 191 190 190 191 193 193 193 192 191 189 190 190 191 192 192 190 190 189 190 192 194 195 195 195 195 194 192 193 193 193 192 194 193 192 192 193 190 191 191 191 190 191 
192 191 191 191 191 191 192 193 192 192 192 191 192 192 189 189 190 190 191 193 192 191 189 189 189 191 192 192 192 191 190 188 190 189 191 192 192 191 191 190 191 192 194 195 195 195 195 194 194 195 194 194 193 194 193 191 192 193 190 191 192 191 190 191 
190 189 190 191 191 191 193 192 190 190 191 190 190 190 189 189 190 190 191 192 191 190 189 189 190 192 193 193 193 193 192 191 192 191 192 193 193 192 193 192 193 193 194 194 194 194 194 194 194 194 194 194 193 193 192 190 190 191 189 190 191 190 189 190 
190 190 190 190 191 191 192 192 190 191 191 191 192 192 189 189 189 189 190 192 191 190 189 189 190 190 192 192 193 193 193 192 192 192 192 192 192 192 193 192 194 193 194 193 194 193 194 193 195 195 195 195 194 194 193 191 191 191 190 190 190 190 190 191 
190 189 190 191 192 192 193 192 191 191 192 191 192 191 189 188 189 189 190 191 191 190 189 190 190 191 193 193 192 192 192 191 191 192 191 191 192 192 192 193 195 194 194 193 193 192 193 193 194 194 194 194 194 194 193 192 192 193 191 191 191 191 190 191 
190 190 190 191 192 192 193 193 192 192 192 191 191 190 188 189 189 189 190 191 189 189 189 189 189 190 192 192 192 192 192 191 192 193 193 191 192 193 193 192 195 192 192 192 193 192 193 192 193 192 192 193 193 193 193 191 191 192 191 191 191 190 189 190 
190 190 190 190 191 192 192 193 192 193 193 192 192 190 188 189 189 189 190 190 190 189 189 190 190 191 193 192 193 193 192 193 193 194 193 192 192 193 192 192 194 192 192 192 193 192 193 192 193 192 193 192 192 193 193 193 193 195 194 194 193 192 191 191 
190 190 190 190 191 191 192 192 193 194 194 193 192 190 189 190 190 190 191 191 190 190 191 191 191 191 192 192 192 191 191 191 192 192 192 190 190 190 190 190 193 192 192 192 193 191 193 193 193 193 195 194 194 194 195 194 194 195 193 193 193 192 191 192 
192 191 191 192 192 192 193 192 192 192 192 191 190 189 188 189 190 190 192 192 191 190 191 192 191 192 193 192 192 191 191 191 192 192 193 193 192 191 192 192 193 193 193 192 192 191 191 192 192 192 193 193 193 193 194 193 194 195 194 194 194 193 191 192 
191 191 191 191 191 191 192 192 192 194 193 192 190 189 188 189 189 189 192 191 191 190 192 191 191 192 193 191 192 191 191 193 192 192 193 193 192 192 193 193 193 193 192 192 191 191 192 192 192 193 193 193 193 192 193 192 191 193 192 192 193 193 191 192 
191 192 191 192 191 191 191 191 191 193 194 193 192 192 191 190 190 190 192 191 192 191 193 192 191 191 193 191 192 192 192 193 192 192 193 194 192 192 193 193 192 192 192 191 191 191 192 192 193 194 194 194 195 193 193 192 191 191 191 191 192 193 192 193 
192 192 193 192 192 191 190 190 190 192 192 192 191 191 191 191 190 190 192 190 191 191 193 191 191 190 191 190 191 191 192 193 193 193 193 194 192 191 193 193 192 192 192 192 192 192 193 193 194 195 196 196 196 194 193 191 189 189 188 189 191 191 190 192 
193 193 194 194 193 192 191 191 190 191 191 192 191 192 193 191 191 190 190 189 190 190 191 191 190 190 191 190 191 193 193 194 193 194 195 196 194 194 194 193 192 191 191 190 191 192 191 191 193 192 193 194 195 193 192 190 189 189 189 189 190 191 190 191 
193 193 193 193 192 192 191 191 191 191 191 192 192 193 194 192 192 191 191 190 191 190 192 191 190 190 191 191 192 193 193 194 193 194 195 195 194 193 192 191 191 189 190 191 192 192 192 192 193 192 192 193 194 192 191 190 190 189 189 189 190 191 191 191 
194 194 194 194 193 193 191 192 190 190 191 192 192 194 195 194 194 192 192 190 191 190 192 191 191 190 191 191 191 192 194 194 194 194 195 194 193 192 191 190 190 190 190 191 192 192 191 192 193 192 192 193 194 192 192 192 191 190 189 189 190 191 192 193 
196 195 194 194 193 192 191 192 190 190 189 191 191 193 194 194 194 192 192 190 191 190 191 191 191 189 190 190 190 191 193 193 193 194 194 193 192 192 191 190 190 191 190 191 192 192 191 192 193 191 191 192 192 192 193 192 192 192 192 191 191 193 194 194 
196 195 194 195 194 193 192 192 191 190 191 191 192 193 194 193 194 193 193 191 192 190 192 192 191 190 190 191 190 191 193 192 191 192 193 192 192 193 191 190 190 190 189 190 191 192 191 192 193 191 189 190 190 191 192 192 192 192 192 191 192 195 195 195 
196 196 195 194 194 193 192 193 192 190 191 191 190 192 193 193 193 194 194 193 193 193 193 193 192 191 190 191 189 190 193 192 191 192 192 191 191 191 190 190 189 191 190 192 192 193 193 194 194 193 191 191 191 191 192 192 191 191 192 192 192 195 196 195 
195 195 194 195 194 193 192 192 191 190 190 189 189 190 193 194 195 195 194 192 192 192 192 192 192 191 189 190 190 191 193 194 192 193 192 191 190 192 190 190 189 191 190 191 191 194 193 194 194 194 193 192 191 191 191 190 190 190 191 191 192 193 194 193 
196 195 194 195 193 193 192 192 191 190 190 189 189 191 193 194 195 195 194 192 192 192 191 192 191 191 190 191 191 192 193 194 192 191 192 190 190 192 191 191 190 191 190 191 191 193 192 194 195 195 194 194 193 191 190 189 189 189 191 191 191 191 192 190 
192 192 193 194 193 192 192 191 190 190 189 189 190 191 193 194 194 195 194 192 193 192 192 192 192 191 191 191 192 193 194 195 193 192 193 191 192 193 192 192 191 190 190 191 191 192 192 193 194 194 194 195 194 192 190 189 188 188 190 191 191 191 191 190 
192 192 192 193 192 191 191 191 190 190 189 188 190 192 193 195 195 195 194 192 192 192 191 191 191 191 191 191 192 192 193 194 192 192 192 192 191 193 192 192 191 190 190 190 189 190 190 191 192 193 194 193 193 192 190 189 189 189 190 190 189 190 189 189 
189 190 191 191 190 192 191 191 191 191 189 190 191 192 193 195 195 194 193 191 192 191 191 190 191 190 191 191 193 194 194 195 193 193 192 193 193 194 194 194 193 190 190 189 189 189 189 190 192 192 193 193 192 191 190 189 190 190 190 190 189 190 189 190 
189 190 191 191 190 191 191 191 192 192 191 192 193 194 193 195 193 193 192 191 193 191 191 190 191 190 192 192 192 193 194 194 191 192 191 192 193 195 195 194 194 190 190 189 189 188 189 190 191 191 192 193 192 192 191 191 191 191 191 191 189 190 190 190 
188 190 190 190 190 191 190 191 192 193 191 192 192 192 191 193 192 192 191 191 193 191 191 191 192 191 192 192 192 193 193 194 191 193 192 193 194 196 195 195 194 190 189 189 189 188 190 190 189 190 191 191 191 192 192 191 191 192 191 192 190 191 191 192 

66 64 64 66 65 64 66 65 63 69 74 78 84 90 94 100 106 109 119 124 128 138 151 160 170 181 184 190 191 192 191 194 192 191 191 191 192 192 191 191 191 189 190 190 191 190 190 190 190 190 190 191 191 192 193 193 192 193 193 195 195 195 195 194 
63 62 63 65 65 65 66 65 64 70 75 79 84 91 95 100 105 109 119 124 129 140 151 160 170 180 183 190 191 191 191 193 191 191 191 191 192 190 190 189 190 189 190 190 191 190 189 189 190 190 191 193 193 194 194 193 191 192 192 194 193 194 193 194 
63 63 63 64 65 64 65 65 64 69 74 79 84 90 95 100 105 109 118 123 129 140 151 161 171 180 183 190 190 191 191 193 191 192 191 191 192 190 189 190 190 190 191 191 191 190 189 189 190 189 190 191 192 193 193 193 192 193 192 194 193 193 192 192 
63 63 64 65 66 66 66 65 64 69 73 79 84 90 95 101 104 109 118 123 130 142 152 163 172 180 184 189 190 191 191 192 191 192 191 191 191 190 189 189 190 191 192 192 192 191 190 190 191 190 190 192 192 193 194 194 192 193 191 192 191 191 190 191 
62 63 63 64 66 66 65 66 66 69 73 80 84 90 96 102 104 111 119 123 132 144 153 164 174 180 184 190 189 190 190 191 190 191 190 190 191 190 189 190 190 190 191 191 191 190 190 189 190 190 192 193 194 195 195 194 192 192 191 191 191 192 191 192 
61 63 63 63 66 66 65 67 69 72 76 82 85 90 96 101 104 113 119 124 135 146 155 166 177 182 187 192 191 191 191 191 190 191 191 191 192 190 189 190 190 190 192 192 191 190 190 190 190 190 192 193 194 194 194 193 192 192 190 191 191 192 190 192 
63 63 64 63 64 64 65 68 71 74 79 83 86 92 99 104 110 118 123 128 138 148 157 168 178 184 188 192 192 193 192 192 191 191 191 192 193 191 191 191 192 190 192 192 192 190 191 191 191 190 191 191 191 192 192 192 192 192 191 191 192 192 190 191 
63 64 64 63 64 65 68 72 76 79 83 86 89 94 101 107 114 121 127 132 142 151 159 169 179 185 191 193 193 194 193 192 192 191 191 192 192 190 190 190 190 191 191 193 193 192 193 193 192 192 193 192 192 194 193 192 191 191 190 190 191 192 191 192 
63 63 63 62 65 67 70 76 81 83 86 89 92 98 104 110 118 124 129 136 145 153 163 173 182 187 191 193 194 194 193 192 192 192 191 192 192 191 190 190 189 190 191 192 191 191 192 192 192 192 192 192 191 192 192 191 190 189 189 189 192 193 193 193 
69 68 68 68 69 70 76 81 85 88 91 92 95 100 105 112 120 127 132 141 149 157 168 176 185 191 194 195 196 195 194 194 194 192 191 192 191 190 190 190 190 191 191 192 192 191 191 192 191 191 191 191 191 193 192 191 191 191 189 190 191 191 191 190 
73 71 71 71 73 74 81 85 88 90 94 95 99 105 110 117 125 130 138 146 153 162 172 180 187 191 193 193 194 193 193 193 194 193 191 192 191 189 189 189 190 190 190 191 191 191 190 192 191 192 191 191 190 191 191 191 191 190 190 190 191 191 192 191 
78 77 76 76 79 80 85 89 91 94 98 100 104 108 112 120 126 133 141 149 158 167 176 183 190 192 192 192 193 191 191 192 193 192 191 192 190 189 189 189 189 190 191 191 191 192 191 191 191 191 191 191 191 193 193 193 192 191 190 190 191 191 192 192 
81 81 81 81 83 84 88 91 94 98 103 105 108 114 118 125 131 139 146 155 164 173 180 187 192 193 192 192 192 191 190 191 192 191 191 192 190 190 190 190 190 190 191 191 191 192 191 191 191 190 190 191 190 192 192 192 192 192 191 192 191 191 192 191 
86 86 86 87 88 89 93 97 99 104 108 110 114 119 123 130 137 145 151 160 169 177 183 188 191 192 192 192 192 191 190 191 191 190 191 192 191 190 190 190 190 190 191 192 192 192 191 190 190 190 191 192 192 193 193 193 193 193 192 193 191 191 191 190 
90 90 90 91 93 94 98 102 105 108 113 116 121 125 131 138 145 151 158 165 174 180 185 190 191 191 192 192 192 192 191 191 191 191 191 191 190 190 190 190 190 190 191 192 192 193 193 192 191 190 190 191 192 193 193 194 193 193 192 193 193 193 193 193 
96 96 97 97 99 100 103 107 111 115 119 123 127 131 138 145 151 158 163 171 179 185 188 191 191 191 191 192 193 192 192 190 190 190 190 190 190 190 190 191 190 191 192 193 193 193 192 192 191 191 192 193 193 193 193 193 193 193 192 193 192 191 191 191 
102 102 103 103 104 105 109 113 117 121 126 129 134 139 146 152 159 165 169 176 182 186 188 192 191 192 193 193 193 193 192 190 190 190 190 190 190 190 190 190 190 193 193 194 194 193 192 192 191 191 192 192 192 192 192 192 192 192 192 192 192 192 192 191 
109 108 109 110 113 115 119 122 124 126 129 133 139 144 151 159 165 171 175 181 185 188 189 192 191 192 193 193 193 193 192 191 191 191 190 191 190 190 190 190 190 192 191 192 192 191 191 190 191 191 192 192 193 192 192 192 192 192 192 192 193 193 193 193 
119 119 119 120 122 122 124 126 128 131 135 140 146 151 159 166 171 177 182 185 188 191 191 193 193 194 194 194 193 193 193 191 192 191 190 190 190 190 190 190 191 192 192 192 192 192 191 191 191 191 192 192 193 192 192 192 191 191 191 192 192 192 191 191 
126 126 126 126 128 128 130 132 136 140 145 148 155 161 167 173 178 183 186 188 191 194 193 194 194 194 194 194 193 193 192 192 192 192 191 191 190 190 190 190 191 192 192 191 191 191 190 190 191 191 192 192 192 190 190 189 189 190 191 192 191 192 192 191 
131 131 132 134 137 138 141 144 146 148 153 157 164 170 174 180 184 186 188 190 191 192 192 194 195 195 195 195 193 193 192 192 192 192 192 191 190 190 190 190 191 192 192 191 191 191 190 190 191 191 191 191 191 190 189 190 190 190 192 193 193 194 195 195 
140 139 141 144 147 148 151 152 154 156 161 165 172 176 179 184 187 188 190 192 192 193 193 194 195 195 195 196 195 194 194 193 193 192 192 191 190 190 191 191 192 191 191 190 190 190 191 190 191 191 191 191 191 190 189 189 189 190 191 192 193 194 195 194 
147 148 149 151 154 156 158 160 164 167 172 176 182 184 186 188 190 190 191 192 193 193 194 194 195 195 196 196 195 194 194 194 193 192 193 191 190 190 191 191 193 192 192 191 190 191 191 190 190 192 190 191 191 190 189 189 189 189 191 192 193 193 194 193 
158 159 160 163 165 167 169 171 175 177 180 183 188 189 190 190 192 191 191 193 194 192 193 192 193 193 194 195 195 193 193 193 193 193 193 191 191 191 192 191 192 191 190 190 189 190 191 190 190 192 189 190 190 189 188 189 189 190 191 192 193 194 195 196 
168 169 170 172 175 177 178 179 182 183 186 188 191 192 192 191 192 191 191 192 193 192 192 192 192 193 193 194 194 193 193 193 193 193 192 191 190 190 191 190 192 191 191 191 190 190 190 189 188 190 187 189 190 190 190 191 191 191 191 191 193 193 193 194 
178 180 180 181 182 182 183 183 186 187 189 189 192 191 191 191 192 192 192 193 194 193 192 192 192 192 192 193 194 193 193 193 193 192 193 192 192 191 192 191 192 191 191 191 190 191 191 189 188 189 187 188 190 191 191 192 192 192 191 190 191 191 191 191 
186 186 186 187 188 187 189 189 191 191 192 191 192 192 191 191 193 193 193 194 194 193 193 192 192 192 192 193 193 192 192 193 193 193 194 193 193 193 192 192 192 191 191 191 190 191 190 188 188 189 186 188 190 191 191 193 193 193 191 191 191 191 190 191 
193 193 193 193 194 192 193 192 192 192 193 192 193 192 191 191 192 193 193 194 194 194 193 193 193 193 191 192 192 192 192 191 192 192 193 194 196 194 194 193 192 191 192 191 191 191 190 188 188 188 188 190 190 192 192 194 193 193 192 193 192 192 192 191 
193 192 192 192 192 191 193 192 193 192 193 192 192 192 191 192 192 193 193 193 192 193 192 192 193 192 191 192 192 192 192 192 192 192 193 194 195 194 194 194 191 191 193 192 192 191 190 189 189 189 189 190 191 192 192 193 192 192 193 192 192 192 191 189 
192 191 191 192 192 192 194 193 193 193 193 191 191 190 190 191 192 193 193 193 193 193 192 192 193 192 191 191 191 190 190 190 190 191 193 194 195 195 194 194 193 192 194 194 192 191 191 190 190 190 191 191 191 191 191 193 192 192 193 192 192 192 191 189 
192 191 192 191 192 191 194 193 192 192 193 191 191 191 191 193 192 194 194 193 193 193 191 191 192 191 191 191 191 190 190 190 192 193 193 194 194 193 193 194 192 192 194 193 192 191 190 190 191 191 192 194 193 194 193 193 193 192 193 193 193 193 194 192 
191 190 191 191 191 191 193 192 192 193 193 192 191 191 192 194 193 195 195 193 192 193 191 191 192 192 192 191 191 191 191 190 191 191 191 192 193 193 193 193 192 193 194 194 193 191 190 191 191 191 193 194 193 193 192 193 192 190 193 193 194 194 194 192 
191 191 191 192 191 191 192 191 191 192 193 192 192 191 193 193 193 194 195 193 192 192 191 190 191 192 192 191 192 192 192 192 192 192 191 191 191 192 191 192 192 193 193 193 191 191 190 191 191 191 191 193 192 192 191 192 191 190 191 191 192 192 192 191 
191 191 192 193 192 192 193 191 190 191 192 190 191 191 192 193 194 194 195 193 193 192 191 191 191 192 192 192 192 193 193 192 193 192 193 191 192 193 192 192 193 194 193 193 192 190 189 190 190 191 191 193 193 192 191 192 190 190 191 191 191 191 191 191 
191 191 192 192 192 193 193 191 191 191 192 191 192 193 193 192 194 195 194 193 192 192 190 190 190 192 192 192 193 194 193 192 193 192 192 191 192 194 194 194 194 195 193 192 192 191 189 190 190 190 190 193 192 192 192 192 190 190 190 191 191 192 192 193 
191 192 193 194 194 194 193 191 191 192 192 192 193 193 193 191 193 193 193 192 192 192 192 191 191 193 193 193 195 194 194 192 192 191 192 191 192 193 194 194 195 194 192 193 192 191 190 190 189 189 189 191 191 191 192 192 190 190 189 189 189 190 190 191 
192 191 193 193 193 193 193 191 191 191 192 191 192 193 192 190 192 191 191 191 191 191 190 189 189 191 192 192 193 193 193 191 192 191 192 191 193 193 193 193 193 193 192 192 192 191 190 190 189 190 190 191 191 192 192 192 191 192 190 189 189 190 189 191 
192 191 192 192 192 192 192 192 191 191 191 190 191 192 191 191 191 191 191 191 190 190 189 188 189 191 192 191 193 191 191 190 191 191 192 192 193 192 192 193 192 192 191 192 192 192 192 192 190 191 191 191 192 192 192 192 192 193 190 190 190 190 189 191 
192 191 192 192 192 191 191 191 192 192 192 191 192 192 191 191 191 190 190 191 190 189 189 188 189 191 192 191 192 191 190 189 191 190 191 193 193 192 192 192 190 191 191 193 193 194 194 193 192 192 192 192 192 193 193 192 192 192 190 190 191 191 191 193 
194 193 193 192 192 191 191 191 191 191 191 190 190 190 189 189 189 189 190 191 190 190 190 189 189 191 193 192 193 191 190 188 190 190 191 192 192 190 191 190 190 190 192 193 193 194 194 194 193 193 193 193 193 193 193 192 192 193 191 192 192 191 190 191 
193 192 191 191 191 191 192 193 192 191 191 190 190 191 189 189 190 189 191 192 191 190 189 189 189 191 192 191 191 190 189 187 189 189 190 192 192 191 192 191 191 192 193 194 194 194 195 194 194 195 194 194 193 193 192 191 192 193 191 193 193 192 190 191 
192 192 192 192 191 191 193 192 191 190 190 188 189 189 188 189 190 190 191 192 191 189 189 189 189 191 193 192 193 192 191 190 191 191 192 193 192 192 193 192 193 193 194 193 194 194 195 194 194 194 193 193 193 193 192 191 191 192 191 192 192 190 190 190 
192 192 192 191 191 192 192 193 192 192 192 191 192 191 189 189 190 189 190 191 191 189 189 188 188 189 191 192 192 192 192 191 191 191 192 193 192 193 194 193 194 194 195 194 194 194 196 194 195 195 194 194 194 194 193 191 191 192 192 192 192 192 191 191 
192 191 191 192 192 192 194 193 193 192 192 191 192 191 189 189 190 189 190 191 191 190 189 189 189 190 191 191 191 192 192 191 191 192 192 192 193 193 194 194 196 195 195 194 193 193 194 193 194 194 193 194 193 193 193 191 192 192 192 192 192 191 191 190 
192 192 192 192 192 192 194 193 193 193 193 191 192 190 189 189 190 189 189 190 189 188 188 189 188 189 191 191 191 192 192 192 191 192 193 192 192 193 193 193 195 193 194 193 193 193 194 193 193 192 192 192 193 193 193 191 191 192 191 191 192 191 190 190 
193 192 192 192 191 191 193 193 193 194 193 192 192 190 189 189 190 189 189 189 189 188 189 190 190 190 192 192 193 194 194 194 193 193 194 192 193 194 193 192 194 192 193 192 193 193 194 192 193 192 192 192 192 192 193 192 192 193 193 192 192 192 191 190 
193 192 192 191 191 191 192 193 194 195 194 193 193 191 190 190 191 190 190 190 190 190 191 192 192 192 193 192 192 192 192 191 191 191 191 190 191 191 191 191 193 191 192 192 192 192 194 193 194 194 194 194 193 193 194 193 192 193 192 191 192 192 191 191 
194 192 192 192 192 191 193 192 192 193 192 191 191 189 189 190 191 191 192 191 191 190 192 193 193 193 194 193 192 193 192 192 192 192 192 192 192 192 192 193 194 193 193 192 191 191 192 193 194 194 194 194 193 193 194 193 192 194 192 191 192 191 190 191 
193 192 192 191 191 190 192 192 192 193 192 191 191 190 190 191 191 191 193 191 191 189 192 191 192 192 194 193 193 193 193 193 191 192 192 192 191 192 193 193 194 192 192 191 191 191 193 193 194 194 194 193 193 193 193 191 190 192 190 191 192 192 191 192 
191 191 191 191 190 190 190 191 191 193 194 194 194 193 193 193 192 192 193 192 192 191 193 192 192 193 194 193 193 193 192 193 192 192 193 193 192 193 193 194 193 192 192 191 190 192 193 194 195 195 195 194 194 192 192 191 190 190 190 190 192 193 193 194 
190 191 191 191 191 190 190 190 191 192 193 194 194 193 193 193 192 191 192 191 191 191 193 191 191 191 192 191 192 193 192 193 193 193 193 193 191 191 192 192 192 191 192 191 191 192 193 194 196 197 197 197 196 193 193 190 189 189 189 189 191 192 191 193 
191 191 192 192 192 191 191 191 191 192 193 194 194 194 194 193 192 191 191 189 189 188 190 190 190 190 191 191 192 193 193 194 193 194 195 195 194 194 194 193 192 192 192 191 191 192 192 192 194 193 194 194 195 192 192 190 188 189 189 190 192 192 192 192 
192 192 192 192 191 191 191 191 191 192 193 194 195 194 195 194 193 191 191 190 190 189 191 190 190 190 192 191 191 192 192 193 192 193 194 195 193 193 192 191 190 190 190 190 191 191 192 192 194 193 193 194 195 192 191 190 189 189 189 190 192 192 192 193 
193 193 193 193 193 192 192 192 191 191 193 194 195 195 196 195 194 192 191 191 191 190 192 191 191 190 191 190 190 192 193 193 192 193 194 194 193 192 191 190 189 189 189 189 190 190 190 191 193 192 193 193 194 192 192 192 191 190 190 190 191 192 192 193 
196 194 194 194 192 191 191 192 191 191 191 193 193 194 195 194 194 192 192 191 191 190 191 190 190 189 190 190 190 191 193 192 192 193 193 193 192 192 191 190 190 191 191 190 191 191 191 191 193 192 193 193 193 192 193 193 192 192 192 191 191 193 192 194 
197 195 194 195 194 192 192 192 191 190 191 192 192 193 194 194 194 193 193 192 192 190 191 191 190 189 190 191 190 191 192 192 190 191 191 192 192 193 192 191 191 191 190 190 190 191 191 191 192 191 191 190 191 191 192 192 192 193 192 192 192 194 194 194 
198 196 195 195 194 192 192 193 191 189 190 190 190 192 194 194 195 195 195 194 194 193 192 192 190 189 189 190 189 190 192 192 190 191 191 191 191 192 191 190 189 190 190 191 191 192 193 194 194 194 194 193 192 193 193 192 192 192 192 192 192 194 194 194 
196 196 195 195 195 193 192 192 190 189 189 188 189 191 193 194 195 196 195 194 193 192 191 191 191 190 190 190 190 191 192 193 191 191 191 191 191 191 191 190 190 191 190 191 191 193 193 194 194 194 194 193 192 193 192 190 190 191 191 191 191 193 193 193 
196 196 195 195 193 193 192 192 190 189 189 189 189 191 193 194 195 196 195 194 194 192 191 191 190 191 191 191 191 192 192 193 192 191 191 190 190 191 191 191 191 191 191 192 191 192 193 194 194 194 195 194 193 193 192 189 190 190 191 191 191 192 192 191 
194 194 194 194 193 193 193 191 189 189 189 189 190 192 193 194 195 196 195 194 194 193 193 192 192 191 191 191 191 192 193 194 193 192 192 190 191 192 192 191 191 190 190 191 191 191 191 192 193 193 195 194 194 192 191 188 189 188 190 190 191 191 192 191 
193 194 193 193 191 191 191 190 189 190 189 189 191 194 194 195 195 196 194 193 193 192 192 192 191 192 191 190 191 192 191 193 192 192 192 191 191 192 192 191 190 189 189 189 189 190 190 191 192 192 194 193 192 191 191 189 190 189 190 189 189 189 190 190 
191 192 191 192 190 191 190 190 190 191 189 190 191 193 194 195 195 195 193 193 193 192 193 192 192 192 192 191 191 192 192 193 192 192 192 192 192 193 193 192 192 190 189 188 189 189 189 190 191 191 191 191 191 190 191 190 191 190 190 189 189 189 190 190 
192 192 191 191 189 190 189 190 191 192 190 192 193 195 195 196 194 195 193 193 194 192 193 192 192 191 192 190 190 192 192 193 191 192 191 192 193 194 194 193 192 190 189 188 189 189 189 190 190 190 190 191 191 191 192 192 193 192 192 190 189 190 191 191 
191 192 191 191 189 189 188 189 190 191 190 191 192 194 194 195 194 194 192 191 193 192 193 192 192 191 192 191 191 191 191 192 191 193 192 193 194 195 195 193 192 189 188 188 190 190 190 190 190 190 189 190 190 191 192 193 194 193 192 191 190 190 191 192 

93 90 90 92 92 90 91 91 89 95 100 104 110 116 119 125 131 136 146 152 156 166 177 182 187 193 191 192 193 194 193 194 193 193 192 192 193 191 191 191 191 190 191 191 190 190 190 191 192 191 191 192 192 192 193 192 193 193 194 194 195 194 194 193 
90 89 89 90 91 90 91 91 90 95 100 105 110 116 119 125 130 136 146 152 157 168 179 182 187 192 190 191 192 192 192 193 192 192 192 192 192 191 189 189 190 190 191 192 191 191 190 190 192 192 193 195 194 194 194 193 192 192 192 192 193 193 193 192 
91 90 89 90 91 90 90 90 89 94 99 104 109 115 119 125 130 135 145 150 156 167 178 183 188 192 190 192 192 193 192 193 192 193 192 192 192 190 189 190 190 191 192 192 191 190 189 190 191 191 192 193 193 193 192 192 191 191 192 193 193 192 192 191 
90 89 89 90 90 90 90 90 89 94 99 104 110 116 120 125 130 136 145 151 158 169 179 184 188 191 189 190 191 192 191 193 192 193 192 193 192 190 189 189 190 191 192 193 192 191 190 190 191 191 192 194 193 193 193 192 191 192 190 191 191 191 190 190 
89 89 89 89 90 90 90 90 90 94 99 105 110 116 120 126 129 136 145 151 159 171 179 185 189 191 188 190 190 191 191 192 191 191 191 191 190 189 189 189 190 190 192 191 191 190 190 190 191 192 193 194 195 195 195 194 191 191 190 190 191 192 191 192 
88 89 89 89 90 90 88 90 92 95 100 107 110 116 121 126 131 139 147 152 162 173 179 184 189 191 190 191 192 192 192 192 191 192 192 192 192 191 190 191 191 192 192 192 191 190 190 189 191 191 192 194 194 194 193 192 190 191 189 190 190 191 190 191 
90 89 89 89 89 89 90 92 95 98 104 108 112 118 124 129 135 143 150 155 164 173 179 184 189 190 190 192 192 193 193 193 192 193 192 192 193 192 191 192 192 192 192 192 191 190 191 191 191 190 191 190 191 191 192 192 191 192 191 191 192 192 191 191 
89 89 88 88 89 89 92 97 101 104 109 112 115 120 126 132 139 146 153 159 168 175 180 184 189 190 190 191 193 193 193 192 192 192 191 192 192 191 191 191 191 191 191 192 192 192 192 192 192 191 192 192 192 193 193 193 192 192 191 190 192 192 192 192 
90 89 89 89 91 93 96 102 106 108 112 115 118 124 130 137 143 150 155 162 170 177 182 186 189 190 191 192 194 194 193 192 192 192 191 192 192 192 191 191 190 191 191 191 192 191 191 192 192 191 191 191 191 191 191 191 190 190 190 190 192 193 193 194 
96 95 94 95 96 97 102 108 111 112 116 118 120 126 131 138 146 153 159 168 175 180 185 188 191 192 193 194 196 195 193 193 193 193 191 192 192 191 190 191 191 191 191 192 192 191 191 191 190 189 190 190 189 190 191 191 190 191 190 190 191 191 192 191 
99 98 98 98 100 101 108 112 114 116 119 120 125 130 136 144 151 156 164 172 178 182 187 190 191 192 192 192 193 193 191 192 193 193 192 193 191 190 189 190 190 191 190 192 192 191 191 192 191 190 191 190 189 190 191 190 190 190 190 190 191 192 193 192 
105 105 103 104 106 107 110 115 117 119 123 125 129 134 139 146 152 159 167 175 181 186 190 192 193 192 193 191 192 191 190 191 193 193 192 193 191 191 190 190 190 191 190 191 191 191 190 191 191 190 191 192 191 192 193 192 192 191 190 189 190 191 192 192 
109 108 108 108 109 110 113 117 119 123 127 130 133 139 143 151 158 164 172 180 185 189 192 193 193 192 192 192 191 191 190 191 193 193 192 193 191 190 190 191 190 191 191 190 191 191 190 191 191 190 191 191 190 191 192 191 192 192 191 191 191 191 191 191 
114 114 113 112 113 114 118 122 125 128 133 134 138 143 148 155 163 170 177 184 189 190 192 192 191 190 191 192 192 191 190 191 192 192 191 193 192 190 191 191 191 190 190 191 191 190 191 191 191 191 192 192 191 193 192 192 193 194 193 193 193 191 191 190 
118 118 117 116 118 119 122 126 130 134 138 141 145 149 156 163 171 176 183 187 190 190 191 191 191 190 192 192 192 192 192 191 192 192 192 192 192 191 191 191 191 191 191 192 191 191 192 192 192 192 192 192 193 193 193 193 194 194 193 193 193 192 191 192 
124 123 123 123 123 125 127 132 137 139 144 148 151 155 162 169 176 182 186 190 192 192 192 192 191 191 192 192 192 192 192 191 191 191 191 191 192 191 192 192 191 191 191 192 191 191 192 192 192 193 194 193 193 194 194 194 194 195 194 194 192 191 189 190 
127 128 128 128 129 130 134 138 143 146 151 154 158 163 170 176 183 188 189 191 191 190 190 191 191 192 193 193 193 193 192 191 191 191 190 192 192 191 191 192 191 192 192 193 192 191 192 192 192 192 194 193 192 193 193 192 193 194 194 194 193 192 191 190 
134 133 134 135 138 140 144 147 151 152 155 159 164 168 175 182 186 190 190 191 190 190 189 191 191 192 193 193 192 192 191 191 191 191 191 192 192 191 191 192 191 192 191 192 191 191 191 191 191 191 192 192 193 193 193 193 193 193 193 193 193 192 192 192 
144 144 144 146 147 147 150 152 154 156 162 166 172 177 182 186 188 190 190 189 189 191 191 193 194 194 194 193 192 192 191 191 192 192 191 192 192 192 191 192 191 192 192 192 192 192 191 191 191 190 191 191 192 192 193 193 193 193 193 193 192 192 191 191 
149 150 150 152 153 153 156 158 162 165 170 174 179 184 187 190 190 191 189 189 190 192 191 194 194 194 193 192 191 191 191 191 192 192 192 192 192 191 191 192 192 192 192 191 191 192 191 191 191 190 191 191 191 190 191 191 191 192 193 193 192 192 192 191 
155 155 156 160 162 163 167 170 171 174 178 181 185 189 190 192 192 191 189 189 189 190 191 193 194 194 194 193 192 192 191 191 193 192 192 192 192 191 191 191 191 192 191 191 191 192 192 192 192 191 191 191 190 189 190 190 191 191 193 194 193 194 195 195 
165 165 166 170 172 173 177 178 179 179 182 185 188 189 190 192 190 189 189 190 191 192 192 193 194 193 194 194 193 192 193 193 194 193 193 192 191 191 192 192 192 191 191 191 191 192 192 191 191 191 190 191 191 190 190 191 190 191 192 193 193 194 195 194 
175 175 176 179 180 180 182 182 183 183 186 189 191 192 192 191 190 189 189 191 192 192 193 192 194 193 195 195 195 193 194 194 194 194 194 192 191 191 192 192 193 192 192 191 191 191 191 190 190 191 190 191 191 191 189 190 191 191 192 193 193 194 194 194 
180 181 182 185 187 187 189 189 189 189 190 191 192 192 191 191 190 189 190 192 193 192 192 191 191 191 193 195 195 194 194 194 194 194 193 193 191 192 193 193 194 193 191 191 190 190 191 191 190 192 190 191 191 190 189 191 191 191 192 193 193 194 195 195 
185 186 187 190 192 192 192 192 191 190 190 191 192 192 192 191 190 189 190 192 193 192 193 192 192 192 193 193 194 193 194 194 194 193 193 192 191 192 193 192 193 193 192 191 191 190 189 189 189 191 189 191 191 192 190 192 192 192 192 192 192 193 193 193 
189 191 191 193 193 193 191 190 190 189 190 190 191 191 191 190 191 190 191 193 193 193 193 192 191 190 191 192 193 193 193 194 194 193 193 193 192 192 193 192 193 193 192 191 191 191 190 189 188 190 189 191 191 193 191 193 192 192 192 191 191 191 191 191 
191 192 192 193 193 192 192 191 191 190 191 191 192 192 191 191 192 191 192 194 194 193 194 192 191 191 191 192 193 193 193 194 193 193 193 193 193 193 192 193 193 192 192 192 191 191 190 189 189 190 188 189 189 191 190 192 192 192 191 191 191 191 192 192 
193 193 193 193 193 193 193 193 192 192 192 192 192 192 191 192 193 193 193 195 195 194 194 193 192 192 190 191 192 192 192 192 192 191 193 194 195 194 195 194 194 193 193 192 192 190 189 188 189 190 190 191 190 191 190 192 192 192 192 192 192 192 192 191 
193 192 192 192 192 192 193 193 193 192 192 191 192 192 192 193 193 193 193 194 194 194 194 193 193 192 190 191 191 190 191 191 191 191 192 193 194 193 194 194 192 192 194 193 193 192 191 189 189 190 190 191 190 191 190 191 191 192 192 191 191 192 192 191 
192 191 191 192 192 193 194 194 193 192 192 190 190 189 190 191 192 193 193 194 194 194 193 194 193 192 191 190 190 190 190 191 191 192 192 193 194 193 194 194 193 192 194 193 192 191 192 190 190 191 191 190 190 190 190 191 191 192 192 192 192 192 192 190 
193 191 191 191 192 192 194 193 192 191 191 190 190 190 190 192 192 193 194 194 195 194 193 193 193 192 192 191 191 191 191 191 192 193 193 194 194 193 193 193 192 192 195 193 192 191 190 190 191 192 192 192 191 192 190 191 191 190 192 192 193 193 194 193 
192 191 191 191 191 191 193 192 192 192 191 190 190 189 190 192 192 193 193 193 193 193 192 193 193 193 193 191 191 192 192 191 193 193 192 193 193 192 192 193 191 192 194 193 192 191 190 191 190 191 192 193 192 192 190 191 191 190 192 193 193 193 194 193 
191 191 191 192 191 191 192 192 191 191 191 190 190 189 190 191 192 192 194 193 192 192 191 191 191 192 192 192 192 194 193 193 194 193 192 191 190 191 190 191 191 192 193 193 191 191 190 191 191 191 191 192 191 192 190 191 191 190 190 191 192 192 193 192 
193 192 192 193 192 191 192 191 190 190 191 189 191 190 191 191 192 193 194 193 192 192 190 190 190 191 192 193 194 195 195 194 195 194 194 192 191 192 191 191 193 194 194 194 192 190 190 190 190 191 191 192 191 191 190 191 191 190 191 191 192 192 192 192 
192 191 192 192 191 191 192 190 190 191 192 191 192 192 191 191 192 193 194 193 192 191 189 188 188 190 190 192 193 194 195 194 194 193 194 192 192 193 192 192 193 195 193 193 192 191 189 190 189 190 190 192 192 192 192 192 191 191 190 191 192 193 193 194 
191 192 193 193 193 193 192 190 190 191 192 191 192 192 191 191 192 191 193 192 191 191 190 189 189 190 192 192 194 194 195 193 194 193 193 192 192 193 193 193 194 195 193 193 193 191 190 190 189 189 189 190 191 193 193 193 192 192 190 190 190 191 191 192 
192 192 193 193 192 192 192 191 190 191 191 191 192 193 191 190 190 190 192 191 191 191 190 187 188 189 190 191 193 193 194 192 193 193 193 193 193 193 193 193 194 194 192 192 192 190 190 190 190 190 190 191 192 193 193 193 193 193 191 190 190 191 190 191 
192 191 192 192 192 192 191 191 191 191 191 191 192 192 191 190 190 189 190 190 190 191 189 187 188 189 191 191 192 192 192 190 192 192 193 193 194 193 193 193 193 193 192 193 193 192 192 192 191 191 192 192 192 193 193 194 193 194 191 191 190 190 189 190 
190 191 192 192 192 191 190 190 191 191 191 192 192 192 190 190 189 188 189 189 189 190 189 188 189 189 191 190 192 191 191 189 191 191 192 194 194 193 193 192 191 191 191 193 193 193 193 193 192 192 193 193 194 195 194 194 193 192 190 191 190 191 190 191 
193 193 194 193 193 191 191 191 191 190 190 191 190 190 189 189 188 187 189 190 190 190 190 189 189 191 192 192 193 192 192 190 191 191 192 193 193 192 192 192 191 191 192 194 193 193 194 193 192 194 194 194 195 195 194 193 192 192 191 191 191 191 189 189 
194 194 194 194 193 192 193 193 192 192 192 191 190 190 189 189 189 189 190 191 190 190 189 189 189 191 192 192 192 191 190 188 190 189 190 193 193 193 193 193 193 192 193 195 194 193 194 193 193 195 195 195 195 194 192 191 191 192 190 192 191 191 190 190 
193 193 193 193 193 193 193 192 192 191 191 189 190 189 188 189 189 189 190 191 190 189 189 189 189 191 192 193 194 193 192 191 191 190 191 193 192 192 193 193 194 193 194 195 194 194 194 193 193 194 193 194 195 194 193 191 191 191 190 191 190 190 189 189 
194 194 194 193 193 192 193 193 192 192 192 191 191 191 190 190 190 190 191 192 191 190 189 189 189 190 191 192 193 192 192 192 192 191 192 193 192 192 193 193 194 194 194 194 194 193 195 193 194 194 195 195 196 195 193 191 191 191 191 191 192 192 192 192 
193 192 192 192 192 192 195 193 193 192 192 191 191 190 190 190 190 190 191 192 191 191 189 189 189 189 190 192 192 192 192 192 192 192 193 193 193 192 193 193 194 194 194 194 194 193 194 194 194 194 194 194 194 193 192 191 191 192 192 192 192 191 191 190 
194 193 193 193 193 193 195 194 194 194 193 191 192 191 190 191 191 190 191 191 190 189 188 188 188 188 189 191 191 192 192 192 192 192 193 194 193 193 193 193 194 193 194 194 194 193 194 194 194 193 193 193 193 192 192 191 191 192 192 191 191 191 190 189 
194 193 192 192 191 191 193 193 193 193 192 191 191 190 189 191 191 191 191 191 190 189 189 190 189 189 190 191 192 194 194 194 194 194 195 195 194 194 193 193 194 193 193 193 193 193 194 193 194 193 193 192 192 191 192 192 192 192 193 192 191 191 190 189 
193 192 191 191 190 190 191 192 193 194 193 192 192 191 190 192 191 191 191 191 190 190 191 192 192 191 191 191 191 192 192 192 192 193 194 193 193 193 192 192 193 191 192 192 192 192 194 194 195 195 195 194 193 192 192 192 191 192 192 191 191 191 190 189 
193 192 191 191 191 190 192 192 193 192 192 191 191 189 189 192 192 192 192 192 191 190 191 192 192 192 192 192 192 193 192 192 192 193 194 194 194 193 193 193 194 193 193 193 192 192 193 193 194 194 193 193 193 192 192 192 190 192 191 191 190 190 188 188 
193 193 192 191 191 190 191 191 192 192 191 191 191 190 190 192 193 192 193 192 191 191 192 192 192 193 193 193 193 194 192 193 193 193 194 194 193 193 193 194 194 193 193 192 192 192 194 194 194 193 193 193 193 193 192 191 189 190 189 190 191 191 190 191 
190 191 190 190 189 189 189 190 191 191 192 192 193 192 192 193 192 192 192 192 192 192 193 193 193 194 194 194 194 194 192 193 193 193 194 195 194 193 193 193 192 191 192 192 191 193 195 195 195 195 194 193 194 192 192 190 189 189 188 190 191 192 192 194 
190 191 191 190 190 189 189 189 191 191 193 194 193 193 193 193 192 192 192 192 192 192 193 192 192 193 193 192 192 193 191 192 192 193 192 193 191 190 191 192 191 190 192 191 191 193 195 195 196 196 196 196 196 193 192 190 188 188 188 189 191 191 191 193 
191 192 192 191 191 191 190 190 191 191 193 194 194 194 194 193 192 192 192 191 191 191 192 191 192 192 192 192 192 193 191 193 192 193 193 195 193 192 193 193 192 191 192 191 191 193 194 193 194 193 193 193 195 192 192 191 189 188 189 190 191 192 191 192 
192 192 192 192 191 191 190 190 191 191 193 194 194 195 194 193 192 191 191 191 192 192 194 192 192 192 193 191 191 192 191 192 192 193 193 195 193 192 192 191 191 190 190 190 190 191 193 193 194 193 192 193 195 192 191 191 190 188 189 190 191 192 193 193 
192 192 192 193 191 191 191 191 190 191 193 194 194 195 195 194 192 191 191 192 192 192 194 193 193 192 192 190 190 192 191 191 192 193 193 194 193 192 192 191 190 190 190 189 189 190 191 192 194 193 192 193 194 192 192 192 192 190 190 190 191 191 192 192 
194 193 193 194 192 192 191 191 190 190 191 192 192 193 194 193 193 192 192 192 192 192 193 191 191 191 191 190 190 191 191 190 191 192 192 193 193 192 192 192 192 192 192 190 190 189 190 191 193 193 192 194 194 193 193 193 192 192 192 191 191 191 192 191 
195 194 194 195 194 192 193 192 190 189 191 191 191 193 193 193 193 192 193 192 191 191 192 192 191 192 192 191 191 191 192 191 190 191 192 193 193 194 193 193 193 191 191 190 190 190 191 191 192 191 191 191 192 192 193 193 192 193 193 192 192 193 193 192 
196 195 194 195 195 193 194 193 190 189 190 190 190 191 193 193 194 193 194 193 192 192 193 192 192 192 191 191 191 191 192 191 190 190 191 191 192 192 192 192 191 190 191 191 191 191 193 194 194 194 195 194 194 194 194 193 193 192 192 192 192 193 193 193 
193 193 193 194 194 194 194 192 190 189 189 188 189 190 192 193 194 194 194 193 192 191 192 191 191 192 192 192 192 191 192 192 191 190 190 190 190 191 191 192 190 190 190 191 190 192 192 193 193 194 195 194 193 194 194 192 192 192 192 192 192 192 192 192 
195 194 194 195 194 194 193 192 190 189 189 189 190 191 192 192 194 194 195 193 192 190 191 191 191 192 192 192 191 191 192 193 191 190 191 190 189 190 191 191 190 189 189 190 189 191 191 193 193 193 195 195 194 194 193 191 191 191 192 192 191 191 191 190 
194 193 193 195 194 194 194 192 190 190 190 190 191 192 193 193 193 194 194 193 192 192 193 193 193 193 193 192 191 191 192 193 192 192 191 190 190 190 191 190 189 188 189 189 189 191 191 192 192 193 194 194 193 193 192 189 190 190 191 191 192 191 191 190 
193 193 193 193 193 192 191 190 190 190 190 191 192 193 193 193 194 194 194 193 193 191 193 192 192 192 191 190 189 189 190 191 191 191 191 191 190 190 191 190 189 188 188 188 188 190 191 192 192 192 193 193 192 191 191 190 191 190 191 190 190 189 190 189 
191 192 191 192 191 191 190 190 190 191 190 191 192 192 193 193 194 194 194 193 194 192 193 192 191 191 192 190 189 190 190 192 192 192 192 191 190 191 192 191 189 188 188 188 188 190 190 191 191 192 191 191 190 190 191 190 191 191 191 190 190 189 190 189 
192 193 192 192 191 190 190 191 191 192 192 192 193 193 193 193 194 194 194 193 194 192 193 192 191 191 191 189 188 190 190 192 191 192 192 191 192 192 193 192 191 189 189 188 188 190 191 192 192 192 191 191 189 189 190 190 191 192 192 190 190 189 190 189 
192 192 191 191 191 189 189 190 190 191 191 191 192 192 193 193 193 193 193 193 194 193 194 193 192 192 191 190 189 189 189 191 190 192 192 192 193 193 194 192 191 188 189 189 190 192 193 193 192 193 192 191 189 189 190 191 192 192 193 191 190 190 190 190 

115 113 113 114 114 114 116 116 116 122 126 130 135 139 143 148 154 159 170 176 181 187 193 193 193 193 192 192 193 195 194 194 193 193 193 193 193 191 190 189 189 189 189 189 189 190 190 192 194 193 193 194 193 193 193 192 193 194 195 194 195 195 194 193 
114 113 112 113 114 114 116 116 116 121 126 130 135 140 144 149 154 159 170 176 181 188 193 193 193 193 191 192 192 193 193 194 192 192 193 192 192 191 188 188 189 190 190 191 191 191 190 191 193 193 194 196 195 194 193 192 191 193 192 192 192 193 192 192 
114 113 113 114 115 115 115 116 115 120 125 130 134 140 144 150 154 160 170 175 179 186 192 192 192 193 191 192 193 194 193 194 192 192 192 192 192 190 188 188 189 190 191 191 190 190 188 190 191 191 192 194 193 192 192 191 191 192 192 193 193 192 192 192 
115 114 114 113 115 114 116 115 115 120 125 129 135 140 144 150 155 160 170 176 180 187 191 192 191 192 190 192 192 192 192 193 192 192 192 192 191 190 188 189 190 191 191 192 191 190 188 190 191 192 193 196 194 194 193 192 192 193 192 192 192 191 190 191 
115 115 115 113 115 115 115 116 116 121 125 131 135 141 145 152 155 162 171 177 180 187 191 191 190 191 189 191 192 192 192 193 191 191 190 190 189 188 188 189 189 190 191 191 190 189 188 189 191 192 193 196 195 195 195 194 192 193 191 190 191 192 191 192 
114 115 115 114 116 116 114 115 117 121 126 132 136 141 147 153 157 165 173 179 182 188 190 190 189 190 189 192 193 192 191 192 190 191 191 191 191 191 190 192 192 193 192 192 190 190 188 189 190 191 192 194 194 194 194 193 191 191 189 189 190 191 190 191 
115 115 115 114 115 115 116 118 120 125 130 134 138 144 150 156 162 170 176 181 183 187 188 187 187 190 189 191 192 193 192 192 191 192 190 190 192 192 191 193 193 192 191 191 190 189 189 190 190 190 191 192 192 192 192 192 191 191 191 191 192 191 191 192 
115 115 115 114 116 115 118 122 126 130 134 137 141 146 152 159 166 174 180 184 187 189 188 187 188 189 190 191 192 192 192 191 191 191 190 190 192 192 192 192 193 192 191 192 192 191 191 192 192 191 192 193 193 194 194 193 191 191 190 189 191 191 191 192 
115 115 115 115 118 118 122 126 131 134 137 140 144 150 156 164 171 178 182 186 188 189 189 188 189 190 190 191 192 193 193 192 191 192 191 191 192 193 192 192 192 192 191 192 191 192 191 192 192 191 191 192 192 192 192 191 190 189 189 189 191 192 192 193 
121 120 120 120 123 124 128 133 136 137 141 143 146 152 158 165 173 180 184 189 191 190 190 189 190 192 192 191 193 193 192 192 192 192 191 191 193 193 192 192 193 192 191 193 193 192 191 192 191 189 189 190 189 190 191 190 189 189 189 189 190 190 190 189 
125 125 125 124 127 128 134 137 139 141 145 146 151 157 162 169 177 182 187 191 191 190 191 190 191 191 191 190 191 191 191 192 193 193 193 192 192 192 190 190 191 191 191 192 192 192 191 192 191 190 190 191 190 190 191 190 189 189 189 189 191 191 192 191 
131 130 130 130 133 133 137 140 143 144 148 151 155 160 165 172 179 184 189 192 193 192 192 192 192 191 192 191 192 191 190 191 192 193 193 193 192 192 190 191 191 191 191 192 192 192 191 191 191 190 190 191 190 191 192 192 192 191 191 190 190 190 191 191 
134 133 134 133 136 136 140 142 145 147 153 155 160 165 170 176 182 187 190 192 192 192 192 192 192 192 192 191 192 192 191 192 193 192 192 193 192 191 190 191 191 190 191 191 190 191 190 191 191 191 190 191 190 191 191 192 192 193 192 192 192 191 191 191 
139 139 138 137 139 140 144 147 151 153 159 161 165 169 174 179 185 189 191 192 193 192 191 190 191 191 191 192 193 192 191 192 192 191 191 192 191 190 190 191 191 190 190 191 191 191 191 192 192 192 192 192 191 192 192 192 193 195 194 194 193 191 191 190 
144 143 143 141 144 145 148 152 157 159 164 167 171 175 181 185 189 191 192 192 192 191 190 190 190 191 192 193 194 193 192 192 192 191 191 192 191 191 190 190 190 190 190 191 191 192 192 192 193 194 193 193 193 193 192 194 195 196 195 195 194 192 191 192 
149 148 148 148 149 150 153 157 162 164 169 173 177 180 185 188 191 193 192 193 193 191 191 191 191 192 193 193 194 193 192 192 191 190 191 191 191 191 191 191 191 190 191 191 191 192 193 192 193 194 193 192 193 193 193 194 196 196 196 195 194 191 190 190 
153 153 153 153 154 155 159 163 169 172 177 180 183 186 190 191 193 193 192 191 191 190 190 190 191 193 194 194 194 193 192 191 191 190 191 191 192 191 191 191 190 191 191 191 191 192 192 193 193 193 193 191 191 191 192 192 194 195 195 195 194 192 191 190 
159 159 159 160 162 165 168 172 176 178 182 185 188 189 191 192 192 193 191 191 190 190 189 191 191 192 193 193 193 192 191 191 191 191 192 192 192 192 191 191 190 191 191 192 192 192 193 192 192 193 193 191 192 192 192 192 193 193 193 192 192 192 191 191 
168 168 169 171 172 173 175 177 180 181 186 189 191 192 193 192 191 191 190 189 189 191 191 193 193 194 194 192 191 191 191 190 191 192 192 192 192 192 192 191 190 191 191 191 191 192 192 191 191 191 191 190 191 191 192 192 193 192 193 192 191 192 191 191 
173 174 174 178 178 178 181 182 184 186 190 191 193 194 194 193 191 191 189 189 189 191 191 192 193 194 193 192 191 190 191 191 193 193 193 192 192 192 192 191 191 191 191 190 191 192 191 191 192 191 191 190 190 190 190 190 191 191 192 191 191 192 192 191 
179 179 179 182 183 184 187 188 189 190 193 193 195 195 195 193 191 190 189 187 187 189 189 191 192 193 192 192 191 191 192 192 193 193 193 192 192 191 192 190 190 190 190 189 190 192 192 192 193 193 191 190 190 189 189 189 190 190 192 192 192 194 195 195 
185 184 185 187 189 190 191 191 192 190 191 192 193 192 192 192 190 189 189 189 189 191 191 191 192 192 192 192 191 192 192 193 194 193 193 192 190 191 192 190 190 190 190 189 190 191 192 192 193 193 192 192 192 191 190 190 190 189 191 192 192 194 194 193 
190 189 190 192 192 191 192 191 191 189 190 191 192 192 192 191 190 189 189 190 190 191 191 191 192 192 193 193 192 192 194 194 194 194 194 192 190 191 191 189 190 190 189 188 189 191 192 192 192 193 191 192 192 191 190 191 191 191 193 193 193 193 193 192 
191 191 191 192 192 192 192 191 191 191 191 192 193 192 192 191 190 190 190 191 191 191 191 190 191 191 192 193 193 194 194 195 194 194 193 192 190 191 191 190 191 191 189 188 189 190 191 193 193 194 192 192 191 191 190 191 192 193 193 193 193 193 193 193 
190 190 190 191 192 191 191 191 190 189 190 191 192 193 192 192 190 190 191 192 191 192 192 191 191 191 192 192 193 193 193 194 193 192 191 191 189 190 190 190 191 192 189 190 191 190 191 192 191 192 190 191 191 191 191 192 193 193 193 192 192 192 192 191 
189 191 191 192 192 191 190 190 189 188 189 190 191 191 191 191 191 191 191 193 192 193 192 192 191 191 191 192 193 192 193 194 193 193 192 191 190 191 191 190 191 191 189 189 190 190 190 190 190 190 190 191 191 193 192 193 194 194 193 191 191 190 189 188 
192 192 192 192 192 191 191 190 190 189 190 191 192 193 192 193 193 192 192 193 193 193 193 193 192 191 191 192 193 193 193 194 192 192 192 192 191 192 191 190 191 191 190 190 190 190 189 189 189 190 189 190 189 191 191 192 193 193 192 191 191 190 190 190 
193 193 193 192 192 192 192 191 191 191 191 191 192 192 192 193 194 194 193 194 193 193 193 194 193 192 190 191 192 191 192 193 192 191 192 193 193 193 192 192 192 191 191 190 191 189 189 189 190 191 191 191 190 191 190 191 191 191 191 190 190 190 191 190 
194 193 193 192 193 192 193 192 191 191 191 191 192 193 193 194 194 194 192 193 193 192 193 193 193 191 190 190 190 189 190 191 191 191 192 192 192 192 191 191 191 190 193 192 192 191 190 189 190 190 191 191 190 191 190 190 190 190 190 190 190 191 191 191 
194 193 193 193 193 193 193 192 192 191 191 191 191 190 191 192 193 193 192 192 192 192 192 193 193 192 190 190 190 190 190 191 192 192 193 193 193 192 192 192 191 190 193 191 191 190 191 190 191 192 193 192 190 191 189 190 190 190 190 191 191 191 191 191 
194 193 192 192 191 192 192 191 191 191 191 191 192 191 191 192 191 193 192 193 193 193 193 193 194 193 192 191 191 191 192 191 192 193 193 193 193 192 192 192 191 192 194 193 192 191 191 191 192 193 194 194 192 191 190 190 190 189 190 191 191 192 193 193 
193 192 192 192 191 191 191 190 190 191 191 191 191 189 190 191 190 192 192 191 192 192 191 192 193 193 193 192 192 192 192 191 193 193 193 192 193 192 191 191 192 192 193 193 192 191 190 191 191 192 193 194 192 191 190 191 190 190 191 192 192 192 193 193 
192 192 192 192 191 191 191 190 190 191 191 191 191 189 189 190 189 191 192 191 191 192 191 191 192 193 193 192 193 194 193 193 194 194 193 191 191 191 191 191 192 192 193 193 192 191 190 190 190 191 191 192 191 191 190 191 190 190 191 191 192 192 192 192 
192 192 192 192 190 190 191 189 190 191 191 190 191 190 190 191 191 192 193 192 192 192 191 192 192 194 194 193 194 194 194 194 195 194 194 192 191 192 192 192 194 194 194 194 192 190 189 190 190 191 191 191 191 190 190 191 191 190 191 191 191 191 191 190 
192 191 192 192 191 191 191 190 190 191 192 192 192 192 191 191 191 193 193 192 192 192 191 190 191 192 192 192 193 193 193 193 194 193 194 192 192 193 193 193 194 195 193 193 192 190 189 189 189 189 189 191 191 191 192 192 192 191 191 191 191 191 191 192 
191 191 192 192 191 191 191 190 190 191 191 191 191 191 191 190 191 192 193 191 192 192 191 190 191 191 192 192 193 193 193 193 194 193 195 193 192 193 193 193 194 195 193 193 193 191 190 190 189 189 188 189 190 191 192 193 192 192 191 190 190 190 190 190 
190 190 191 191 191 191 191 191 191 192 192 192 192 192 191 190 190 190 192 191 192 193 192 190 190 190 191 190 191 191 192 192 194 193 195 193 192 192 193 193 194 194 192 192 192 191 191 191 191 190 190 190 191 192 192 192 192 192 191 190 190 190 190 189 
191 191 192 191 191 191 191 191 191 192 191 191 192 192 191 190 189 189 190 189 190 191 190 189 189 189 190 190 191 190 191 191 193 193 194 193 193 193 193 194 194 194 193 192 193 192 193 193 192 192 191 191 192 193 193 193 193 193 192 191 190 190 190 189 
190 191 192 192 192 192 191 191 192 192 191 192 191 191 190 189 188 187 189 189 190 189 190 188 189 189 190 189 190 190 191 190 192 192 193 194 194 193 193 193 192 192 192 193 193 194 194 193 192 192 192 192 194 194 193 193 193 192 191 191 190 191 191 190 
190 191 192 192 192 192 191 192 193 193 191 191 190 189 188 188 187 186 189 189 190 190 190 188 189 190 191 191 192 191 192 192 193 193 194 195 194 193 193 193 192 191 192 194 193 194 194 193 192 193 193 193 194 194 193 192 192 192 191 192 191 191 191 190 
192 193 193 193 194 193 194 194 194 194 193 192 192 190 189 189 188 187 189 189 190 189 189 189 189 190 191 191 192 190 191 191 191 191 192 194 194 193 193 193 192 192 193 194 193 193 194 193 192 194 194 193 194 194 192 191 192 192 191 192 191 191 190 190 
192 193 193 193 194 193 194 193 193 193 192 191 191 190 189 189 189 189 189 190 190 189 189 189 190 190 191 192 193 192 191 192 192 192 193 195 194 194 194 194 193 193 194 195 194 193 194 192 192 192 193 193 194 194 193 192 192 192 191 192 190 190 190 189 
193 193 192 192 193 192 194 194 194 194 193 192 192 192 190 190 190 190 190 191 192 190 190 189 189 189 190 191 192 191 191 192 192 192 193 194 193 194 194 193 194 194 194 194 194 193 194 192 192 193 194 193 194 193 192 192 191 191 191 192 192 193 193 193 
193 191 191 191 192 192 195 194 194 193 193 192 192 191 191 191 190 191 191 192 192 191 190 190 190 189 189 190 191 191 191 192 192 193 194 195 193 194 193 193 193 194 193 193 194 193 194 193 193 193 193 192 193 192 191 191 191 192 192 193 192 193 192 192 
195 193 193 193 193 192 194 194 194 193 193 192 193 192 192 192 191 191 191 191 190 189 189 189 189 188 189 189 190 191 191 191 191 192 193 194 193 193 193 192 193 193 193 193 194 193 194 193 193 193 193 192 193 192 191 191 191 191 192 192 192 192 192 192 
195 193 191 192 191 191 193 194 193 193 191 191 192 191 190 192 192 192 192 192 191 190 189 190 190 188 190 190 192 192 192 192 192 193 193 194 194 194 193 193 193 193 193 193 193 193 194 193 193 192 192 191 192 191 190 190 191 191 192 192 192 192 191 191 
193 192 191 191 190 191 192 193 192 193 191 192 192 191 191 192 192 192 191 191 191 191 191 192 192 190 191 190 191 192 192 191 191 192 192 193 192 192 191 191 192 191 191 191 191 192 194 194 194 195 194 192 192 191 190 190 190 191 191 191 192 192 191 191 
194 192 191 192 191 191 192 192 192 192 191 191 192 191 190 192 192 192 192 192 191 190 190 192 192 191 192 192 193 193 192 191 191 191 192 194 193 192 192 192 192 192 192 192 192 192 193 193 194 193 193 192 192 191 191 190 190 191 190 191 191 191 189 190 
193 193 192 191 191 190 191 191 192 192 191 191 191 191 191 193 192 192 192 192 191 191 191 192 192 192 193 193 194 194 192 192 192 192 192 193 193 192 192 193 193 193 192 192 191 192 193 193 193 193 193 192 192 192 192 190 189 189 188 189 191 191 190 191 
192 192 191 190 189 189 190 191 191 191 191 192 192 193 192 193 192 192 192 192 192 193 194 194 194 194 194 194 195 194 193 192 193 192 192 194 194 192 193 193 192 191 192 191 190 192 193 193 194 193 192 192 192 191 191 189 189 188 188 189 191 191 191 192 
191 191 192 191 191 190 190 189 190 190 191 192 192 192 192 192 191 191 191 191 192 194 194 194 194 193 193 192 193 194 192 192 192 192 191 193 192 190 191 191 191 191 191 191 191 192 193 193 194 194 194 194 194 192 192 190 188 188 188 189 191 191 191 192 
193 192 193 192 192 190 191 190 190 190 191 192 193 193 193 192 191 190 191 191 191 193 193 193 193 193 192 192 192 193 191 192 192 193 193 195 194 192 193 193 192 191 192 191 191 191 192 192 192 191 191 192 194 192 192 191 190 189 190 191 191 191 192 192 
194 193 194 193 193 192 191 190 190 190 191 192 193 193 194 192 191 190 191 191 192 193 195 194 193 192 192 190 191 192 192 193 193 193 194 195 194 193 193 191 191 190 190 189 189 190 191 191 192 192 191 192 194 191 190 191 190 188 190 191 191 191 192 191 
192 192 193 194 193 192 192 191 190 191 192 193 193 194 194 192 191 190 190 191 192 193 195 193 193 192 192 190 190 191 191 191 191 192 193 195 194 193 193 192 191 189 190 189 189 190 191 190 192 192 191 192 194 191 190 192 191 189 191 191 191 190 191 190 
192 192 193 195 194 193 193 192 190 190 191 192 192 193 193 192 191 190 191 191 191 192 193 192 191 191 191 189 190 190 190 190 190 191 192 193 193 193 194 193 193 192 192 190 190 189 190 190 192 192 193 193 195 193 192 193 192 191 192 192 190 190 191 190 
193 193 194 195 195 193 194 193 191 191 193 192 192 192 192 191 191 190 191 191 190 190 192 191 191 191 191 190 190 190 190 191 190 191 192 193 193 193 194 193 193 191 192 190 190 189 190 190 191 191 191 191 193 193 192 193 192 192 192 192 191 192 192 191 
193 193 194 195 196 195 195 195 192 192 192 191 191 191 191 192 192 192 193 192 191 191 192 190 191 191 191 190 190 190 191 190 189 189 190 191 191 191 192 192 191 191 192 191 191 191 193 192 192 193 193 193 193 194 193 192 192 191 191 192 191 191 192 191 
191 192 192 194 194 194 194 193 191 191 190 190 190 191 191 192 193 192 193 192 191 190 191 190 191 192 192 191 192 191 191 191 190 189 190 190 190 190 191 192 190 190 192 191 191 192 192 192 192 192 193 192 192 193 193 192 192 192 192 191 191 190 190 189 
194 194 194 194 194 194 193 193 192 191 190 190 190 190 191 192 193 193 193 193 191 189 191 191 191 192 192 191 191 191 191 192 191 190 191 190 189 190 191 191 190 190 191 190 190 190 191 192 191 192 193 192 191 192 192 191 191 191 192 191 191 190 190 189 
194 194 193 193 193 194 193 192 192 192 192 192 192 192 191 192 193 193 194 194 192 191 192 192 192 192 193 191 191 191 191 192 192 190 191 190 190 190 191 190 189 189 190 189 189 190 191 192 191 192 192 192 191 191 190 189 190 190 191 191 191 190 190 189 
194 195 193 193 191 192 190 191 191 192 191 192 193 193 192 192 193 192 193 192 192 190 192 191 191 192 192 190 189 190 189 190 190 190 190 190 190 190 191 191 189 188 189 189 188 190 191 192 192 192 192 191 190 190 190 189 190 190 192 191 190 189 189 188 
193 194 192 192 189 191 189 190 191 193 191 192 192 192 192 192 192 192 192 192 192 191 192 191 191 192 192 190 189 191 190 191 191 191 191 191 191 191 192 190 189 188 188 188 188 189 191 191 192 193 191 190 189 188 189 190 190 190 192 191 190 189 189 188 
195 195 193 193 190 190 190 191 192 194 193 193 193 193 192 192 192 192 192 192 192 191 192 192 191 191 191 190 188 190 189 190 190 191 191 191 191 192 193 191 191 189 189 188 188 189 191 192 192 193 192 191 189 188 188 189 189 190 192 191 190 190 189 189 
194 194 192 192 190 190 189 190 191 193 192 193 192 193 191 192 191 191 191 191 191 191 192 191 190 191 192 190 188 189 189 189 189 191 190 191 192 192 192 191 190 189 189 189 189 191 193 194 193 195 193 192 190 189 188 190 190 191 192 192 190 190 191 190 

129 126 126 127 128 128 129 129 128 135 140 146 152 158 164 170 177 184 191 191 192 193 195 195 194 194 194 193 193 195 194 194 194 194 194 194 194 191 190 189 188 188 189 189 190 191 191 192 195 194 194 195 194 192 191 191 192 193 194 194 194 194 194 193 
128 126 126 127 128 127 128 128 128 134 140 146 152 159 164 171 177 184 190 192 192 194 195 195 194 193 191 191 192 192 193 193 193 193 193 193 193 191 188 188 188 189 191 192 192 192 191 192 194 194 194 196 195 193 193 191 191 192 192 191 191 192 191 191 
128 127 127 128 129 128 129 129 127 134 140 146 152 159 164 171 177 184 190 192 191 193 194 194 193 193 191 192 193 194 194 195 193 193 193 193 193 190 188 189 189 189 191 191 190 190 189 190 192 192 193 195 194 192 191 191 191 191 192 192 192 192 192 191 
128 127 127 127 128 128 128 128 126 133 139 146 152 160 164 171 177 184 190 192 191 193 193 193 192 192 190 192 193 192 192 194 193 193 193 193 192 190 188 189 189 190 191 192 191 190 189 190 192 193 194 197 195 193 192 191 191 191 192 191 192 191 190 190 
129 128 128 128 128 127 128 128 127 134 141 148 153 161 166 173 178 185 190 192 191 192 191 192 190 190 188 191 192 193 193 194 192 191 190 190 189 189 187 188 189 190 190 191 190 190 189 189 192 193 194 197 197 195 195 194 192 192 191 190 191 191 191 192 
128 129 128 128 129 128 127 128 129 135 142 149 154 161 167 175 181 188 192 193 191 191 190 189 188 190 188 192 193 193 192 192 190 190 190 191 191 191 189 191 192 191 191 191 190 189 189 189 191 192 193 195 195 194 194 193 191 191 190 190 190 191 190 191 
128 128 128 127 128 127 129 131 133 140 147 152 157 165 171 179 186 191 193 193 190 189 188 188 187 190 188 192 193 193 192 193 191 191 190 190 192 192 192 193 193 191 191 190 189 189 190 190 191 192 192 193 193 193 193 192 191 192 192 192 192 192 192 192 
128 128 128 127 128 128 131 135 140 146 151 155 161 167 175 183 190 193 194 193 191 189 189 187 187 189 189 191 192 192 192 191 190 190 189 189 192 192 192 193 193 191 191 191 191 191 192 192 193 192 192 193 194 194 194 193 191 191 190 190 191 192 192 192 
128 128 128 128 131 132 136 141 147 150 155 159 164 172 179 187 193 195 194 193 190 189 189 188 188 189 189 190 192 192 192 192 190 191 190 190 192 194 193 193 193 193 191 192 192 192 192 192 192 191 191 192 192 192 192 191 190 190 189 189 191 192 192 193 
135 135 134 135 138 139 144 149 153 155 159 162 167 175 181 188 193 194 194 194 191 190 191 190 190 191 191 191 192 192 191 191 191 191 190 190 192 194 193 194 194 193 192 193 193 192 192 192 190 189 189 189 189 190 190 188 189 189 189 189 190 190 190 189 
141 141 141 141 145 146 151 155 157 159 164 167 173 180 185 190 194 193 193 193 190 190 191 191 191 192 191 189 191 191 191 192 193 193 192 192 192 193 191 192 192 191 191 192 193 192 191 191 190 189 189 190 189 190 190 188 189 189 189 189 191 191 191 192 
148 148 148 148 152 153 155 158 161 162 167 171 178 183 186 190 192 193 193 193 191 191 192 191 191 191 192 190 191 191 191 192 193 192 192 192 191 192 191 191 192 191 191 192 192 192 190 190 190 189 189 190 190 190 191 190 191 191 191 189 191 190 190 191 
153 152 152 152 156 156 160 162 166 167 174 177 183 187 189 191 192 192 192 192 191 191 191 191 191 191 191 190 191 192 191 192 192 192 191 192 191 191 191 191 192 190 191 191 190 191 190 190 190 190 189 191 189 190 190 191 191 193 192 192 192 191 191 191 
159 159 158 157 159 161 164 168 173 175 181 183 186 189 190 190 192 192 192 192 192 191 190 191 191 191 191 191 192 192 191 192 192 191 190 191 190 190 190 191 191 189 190 191 191 191 192 192 192 191 191 192 190 191 191 191 193 195 195 195 194 192 191 191 
164 163 163 161 164 166 170 174 180 182 187 188 190 191 191 192 193 193 192 191 190 190 190 190 191 191 192 192 192 193 193 192 192 191 191 191 190 190 189 190 190 189 190 191 191 192 192 193 193 194 193 194 192 192 192 194 195 196 196 196 195 193 192 193 
170 169 169 168 170 172 175 180 186 187 190 191 192 191 192 192 194 193 192 192 192 191 191 192 192 192 193 193 193 193 193 192 191 189 190 189 190 190 191 191 191 190 191 192 191 191 192 193 193 194 193 193 192 192 193 194 196 197 196 196 194 191 190 190 
175 175 175 175 176 179 182 186 191 192 194 193 192 193 193 193 194 194 191 190 190 189 189 191 192 193 194 195 194 193 193 192 191 190 191 190 191 190 191 191 190 190 191 191 191 192 193 193 193 193 193 192 191 191 192 192 193 195 194 194 193 191 190 191 
181 182 182 183 184 187 188 190 193 192 192 193 192 192 193 193 193 193 191 190 190 189 189 192 191 193 193 193 192 191 192 191 191 191 192 191 191 191 190 191 190 191 191 192 192 192 193 192 193 193 193 191 192 191 192 192 192 192 192 192 192 192 191 192 
187 188 188 191 191 191 191 191 191 190 192 193 193 192 193 192 191 191 189 188 188 190 191 193 194 194 194 192 190 190 192 190 191 192 192 190 191 191 191 190 190 190 190 191 190 191 191 191 191 191 191 190 191 191 191 191 191 191 192 191 191 192 191 191 
188 189 189 192 192 191 192 190 191 190 191 192 192 192 193 191 190 190 188 188 188 191 190 193 193 193 192 192 190 190 191 192 193 192 193 191 191 190 191 190 190 190 190 189 190 191 191 191 192 191 191 190 190 189 189 189 190 190 191 191 190 192 191 191 
189 189 189 192 191 191 192 192 192 191 193 193 194 193 194 192 189 190 188 186 186 188 188 190 191 191 191 191 190 190 192 192 194 193 193 191 190 190 191 190 189 189 188 188 189 191 192 193 193 193 192 191 190 188 188 189 189 189 192 192 192 195 195 195 
190 189 190 192 192 192 193 191 192 190 191 192 193 191 192 191 188 188 188 188 188 190 189 191 191 191 190 191 190 191 193 193 194 193 192 190 189 190 191 190 190 190 188 188 189 191 192 193 193 194 192 193 193 191 190 190 190 189 192 192 192 195 195 194 
190 189 190 192 192 192 192 191 191 189 190 191 192 191 191 191 189 189 189 189 188 190 190 190 191 191 192 192 191 191 194 193 194 193 193 191 189 190 191 189 189 189 188 187 189 190 192 193 193 194 193 193 193 192 190 191 192 192 194 194 193 193 193 191 
191 191 191 192 191 192 192 191 192 191 191 192 192 192 191 192 190 190 190 191 189 190 189 189 189 190 191 191 192 193 195 195 194 193 193 191 188 190 191 189 191 190 188 188 189 190 192 194 194 195 193 193 192 192 191 193 193 193 194 193 193 193 193 192 
189 189 190 190 191 190 190 190 190 189 191 192 193 193 193 193 191 190 191 192 190 191 192 191 191 191 192 191 192 192 193 193 193 191 191 190 188 190 190 190 191 192 189 190 191 191 191 193 192 193 191 192 191 192 192 193 194 193 194 192 192 192 192 191 
188 190 190 191 191 191 190 189 188 188 189 190 192 192 192 192 192 191 192 193 192 193 193 192 191 191 191 191 192 192 193 193 192 192 192 190 189 190 190 190 191 192 190 191 191 190 190 190 190 191 191 192 192 193 193 194 194 194 193 191 190 189 189 188 
191 191 191 191 191 190 190 189 188 188 190 191 193 194 193 194 195 193 193 194 193 193 194 193 192 192 191 191 193 193 194 194 192 192 191 190 190 191 190 190 191 191 191 191 191 190 189 189 189 191 190 190 189 191 190 192 193 193 192 191 191 190 190 190 
192 192 192 191 191 190 191 190 190 190 191 192 193 193 193 195 195 195 193 194 194 194 195 195 193 192 190 190 192 191 192 192 192 190 191 192 192 192 192 192 193 192 192 191 192 189 189 190 190 191 191 191 189 191 189 190 191 191 190 190 190 190 190 190 
194 193 193 192 192 192 192 191 190 190 191 192 193 194 193 194 194 194 193 194 194 193 194 193 193 191 189 189 190 189 190 190 190 190 191 191 192 190 191 191 191 191 193 193 192 191 190 189 189 190 191 190 190 190 189 190 190 190 190 190 189 189 190 190 
195 194 194 194 193 193 193 192 191 191 190 191 192 191 192 194 194 194 193 193 193 192 192 193 192 191 189 189 190 190 190 191 192 192 193 193 193 191 191 191 190 190 192 192 191 191 192 191 192 192 193 192 190 190 188 188 189 189 189 190 190 189 190 190 
195 194 194 193 193 193 193 191 191 191 191 192 193 192 191 193 193 193 193 193 193 193 193 193 194 192 192 191 192 191 191 191 192 192 192 192 193 191 192 191 191 191 193 193 192 191 191 192 192 193 193 193 191 190 188 189 189 188 189 190 190 190 191 191 
194 194 193 194 193 192 192 191 191 192 191 191 192 190 190 192 191 192 192 191 191 191 191 192 193 193 193 192 192 192 192 190 193 192 193 193 193 192 192 192 192 192 193 193 193 191 191 192 191 191 192 193 191 191 190 190 190 189 190 191 190 190 190 191 
192 193 194 194 193 193 192 191 190 192 191 191 191 189 189 191 191 192 192 191 191 191 191 191 192 193 194 193 194 194 193 192 194 193 192 191 191 191 191 191 192 192 192 193 191 190 190 189 189 190 190 191 190 190 189 190 190 190 190 191 191 190 190 191 
192 192 193 193 192 191 191 190 190 191 190 190 191 190 190 193 192 193 193 191 191 192 191 191 192 194 194 194 196 196 194 194 195 193 193 192 192 193 193 193 195 195 194 193 192 189 189 189 189 190 190 190 190 190 190 191 190 190 190 190 190 189 189 189 
191 191 192 192 192 192 192 190 190 191 191 191 192 192 191 191 191 194 193 192 192 192 190 190 191 192 193 193 194 194 194 193 194 193 193 192 192 194 194 194 196 196 194 193 191 189 189 188 188 189 188 189 190 191 192 192 192 192 191 190 190 190 190 191 
190 191 191 191 191 191 190 189 190 190 191 190 190 190 190 190 191 193 193 191 192 191 190 189 190 191 192 193 194 193 193 193 194 193 195 194 193 194 195 194 196 196 193 193 191 190 190 190 189 189 189 189 191 192 193 193 193 192 191 190 190 189 189 189 
190 190 191 190 191 192 191 190 191 191 191 191 191 191 191 190 190 192 193 191 193 193 191 189 190 190 190 191 192 191 192 193 194 193 195 194 193 193 194 194 195 195 192 191 191 190 191 191 191 191 190 190 191 192 193 192 192 192 191 189 190 190 189 189 
191 192 192 190 191 192 190 190 191 191 190 191 191 191 191 189 189 189 190 189 191 191 190 188 189 188 189 190 191 191 192 193 194 194 194 195 194 194 195 195 195 195 193 192 192 192 193 194 193 193 192 192 193 193 194 194 194 193 192 191 189 190 189 188 
191 192 192 191 192 192 191 192 192 192 191 191 190 190 189 187 188 187 189 188 190 189 189 188 188 188 190 190 191 191 192 192 193 194 195 195 194 194 194 194 193 193 192 192 193 194 194 193 194 193 193 193 195 194 194 193 193 192 192 192 191 191 191 191 
191 192 192 191 192 192 191 192 193 193 191 191 189 188 188 187 187 187 189 189 190 189 190 188 189 189 191 192 192 191 192 193 193 194 195 196 195 195 194 193 192 191 192 193 193 193 194 193 193 193 194 193 195 194 194 193 193 192 193 193 192 192 192 190 
192 194 193 193 194 194 194 195 196 195 193 192 191 189 189 188 188 187 188 189 189 189 190 189 189 190 190 191 192 191 191 192 192 193 193 195 194 195 194 193 192 192 192 193 193 193 195 192 192 193 193 192 193 193 192 191 192 192 192 193 191 191 191 189 
192 193 193 192 193 194 194 194 195 194 192 192 191 190 189 189 189 189 189 190 190 188 190 188 189 189 191 191 193 191 192 193 192 193 194 195 194 195 194 194 193 193 194 194 195 193 194 192 192 192 193 193 194 193 193 192 193 193 193 193 190 190 190 188 
192 193 191 191 192 193 194 195 196 195 193 193 192 192 191 191 191 191 191 192 192 190 190 188 189 189 190 191 192 191 191 192 191 192 193 194 193 195 195 193 193 193 194 194 195 193 194 192 192 192 193 193 194 193 192 191 192 192 193 193 193 193 193 192 
192 191 190 190 191 192 194 194 194 193 193 193 194 192 192 192 191 191 191 192 192 191 191 190 190 189 189 190 191 191 191 192 192 193 194 196 194 195 194 193 192 193 192 193 193 192 193 193 193 192 192 192 192 191 191 191 191 192 193 193 193 193 192 190 
194 193 192 192 193 192 194 194 194 193 192 193 194 193 193 194 193 193 192 191 191 190 190 189 189 187 188 189 190 191 191 191 191 192 193 194 193 193 193 192 193 193 192 193 193 192 194 193 192 192 192 191 192 191 190 190 191 191 192 192 192 191 190 190 
195 192 191 191 191 190 193 193 193 192 191 192 192 192 192 194 193 194 192 192 192 190 190 191 190 188 190 190 191 192 192 192 191 192 193 194 193 194 193 193 193 193 193 193 193 192 193 192 192 191 191 190 191 190 189 189 190 190 191 192 192 192 191 191 
193 192 190 191 190 189 191 192 192 192 190 191 192 191 192 194 193 192 191 191 191 192 191 193 192 190 191 191 192 193 192 191 191 191 191 192 191 192 191 191 191 191 191 191 191 192 193 193 193 193 192 191 191 189 189 189 189 190 191 191 192 192 191 191 
193 191 190 191 190 189 191 191 191 191 190 191 192 191 191 194 193 193 191 191 191 191 191 193 193 192 193 193 194 194 192 191 191 191 191 193 192 191 191 192 192 192 193 192 192 192 193 193 193 192 192 190 190 189 189 188 188 190 189 190 190 190 188 189 
193 192 191 191 190 189 190 190 191 191 189 190 191 191 191 194 193 193 192 191 191 192 192 193 193 193 193 193 195 195 192 192 192 191 191 192 192 191 191 193 193 193 193 192 191 192 193 193 193 192 192 191 190 190 191 189 188 189 189 189 190 190 189 190 
192 191 190 189 189 188 189 190 191 190 190 191 191 192 192 193 192 191 191 191 191 193 194 195 195 195 194 194 195 195 193 193 192 191 191 193 193 192 192 193 192 192 192 192 191 193 193 193 193 192 191 191 191 190 190 189 189 189 189 189 191 190 190 191 
190 190 191 190 190 189 189 188 189 189 189 191 191 192 193 193 192 192 191 191 192 194 195 194 194 194 193 193 193 194 192 192 192 192 190 192 192 190 191 192 191 191 191 191 191 192 193 193 194 193 192 193 192 191 191 190 189 190 190 190 191 190 190 190 
192 192 192 191 191 190 190 189 189 189 190 192 192 193 194 193 191 190 191 191 192 193 194 194 194 193 192 192 192 193 191 192 192 192 192 194 194 193 193 193 193 191 192 191 190 191 191 191 192 191 190 191 192 191 191 191 191 190 191 191 191 190 191 190 
192 193 193 192 193 192 191 190 190 189 191 192 192 193 193 192 190 190 190 191 192 194 196 194 193 192 191 190 190 192 192 193 193 194 193 195 194 193 193 192 191 190 190 189 189 190 191 191 192 192 190 191 192 190 189 191 191 189 191 191 191 190 191 191 
190 191 192 193 193 192 192 191 190 190 193 194 194 194 194 192 190 190 190 191 192 193 195 193 192 192 191 189 189 192 191 191 190 192 192 194 194 194 194 192 191 189 190 188 189 189 190 189 191 192 190 191 192 190 189 191 192 190 191 192 190 189 190 190 
189 190 191 194 193 193 193 192 190 190 191 192 192 193 193 192 191 190 191 191 191 192 193 191 191 191 191 190 190 192 190 190 190 191 191 193 194 194 194 193 194 191 192 190 189 188 190 190 192 193 192 193 194 192 191 192 193 191 192 191 190 189 190 190 
191 191 192 195 194 193 195 194 191 192 193 193 192 192 192 191 191 189 191 191 190 190 192 190 190 191 191 190 191 191 191 191 190 190 191 193 193 194 195 194 194 191 192 191 190 190 191 190 190 192 191 191 192 192 191 192 193 192 192 192 191 190 191 191 
191 192 192 195 195 195 196 196 192 192 193 192 192 192 191 192 193 191 192 192 190 189 191 189 190 191 191 190 191 191 191 190 189 189 190 191 192 192 194 194 193 192 194 192 191 191 193 192 192 193 193 193 193 194 192 192 192 191 191 191 190 190 190 190 
191 191 192 194 194 195 195 194 191 191 190 190 191 191 191 192 193 192 192 192 190 189 191 190 191 192 193 191 193 191 190 190 189 187 189 189 190 190 192 192 191 191 193 193 191 192 193 192 191 193 193 192 192 194 192 192 193 192 192 191 190 189 189 189 
193 193 192 193 193 194 194 194 192 191 189 189 190 190 190 192 194 192 192 192 190 188 190 190 191 192 193 192 192 191 191 191 191 189 189 190 190 190 192 192 191 191 192 192 190 191 192 193 191 193 193 193 192 193 193 192 191 191 192 191 190 190 190 189 
193 193 192 193 193 194 193 193 192 192 191 191 193 192 191 191 193 192 193 193 191 190 191 192 192 192 193 191 192 191 191 191 191 189 190 190 190 190 191 190 189 189 190 190 189 190 191 192 192 193 193 193 191 192 191 191 191 191 192 192 191 190 190 188 
194 194 192 192 191 192 191 191 191 193 191 192 194 194 192 192 193 193 192 192 191 190 191 191 191 192 192 190 190 191 190 190 190 189 189 190 190 190 191 190 189 188 189 189 188 190 191 193 193 194 193 193 191 191 191 191 191 191 193 191 191 189 190 188 
193 193 192 192 190 191 190 191 191 193 191 192 193 193 192 192 192 192 192 193 192 191 192 192 190 191 192 190 188 190 190 190 190 190 190 190 190 190 191 190 188 187 188 188 188 190 192 193 193 194 192 192 190 189 189 190 191 191 193 191 191 190 190 188 
194 194 192 193 190 190 190 191 192 194 193 194 194 194 192 192 192 192 192 192 192 191 192 192 190 190 191 189 187 189 190 190 190 192 191 190 191 192 192 191 190 188 188 188 188 190 192 194 194 195 193 192 190 188 190 190 190 191 193 191 190 190 190 189 
194 194 192 192 190 190 190 191 191 194 193 193 193 194 192 192 191 192 192 193 192 192 193 192 190 191 191 189 187 189 190 189 189 191 190 189 190 190 191 190 189 188 189 189 190 192 194 195 195 196 194 193 190 189 190 191 192 192 194 192 191 190 190 189 

150 149 148 148 148 149 149 150 150 158 166 175 183 190 190 188 189 189 190 190 192 193 195 196 197 196 195 194 193 193 193 193 194 194 194 196 196 192 192 189 188 188 188 187 189 190 189 192 195 194 194 195 193 191 190 189 191 193 194 193 194 194 195 193 
150 148 147 147 148 148 149 150 150 157 166 175 183 191 191 190 188 189 189 190 191 194 195 196 196 195 193 192 192 191 192 193 193 194 194 195 194 191 189 188 189 190 190 190 191 190 188 191 194 194 195 196 195 192 191 190 191 192 192 191 191 191 191 191 
149 149 148 148 149 149 149 150 149 157 165 174 182 191 191 190 188 189 189 190 190 193 194 195 195 196 193 194 194 193 192 194 194 193 193 194 192 190 188 188 188 189 190 190 190 189 187 189 192 193 193 195 193 191 190 189 190 191 192 192 192 191 191 190 
150 149 149 148 148 149 150 149 148 156 165 172 182 191 190 191 190 190 190 191 191 192 193 193 193 194 192 194 194 192 192 194 194 194 194 194 192 190 188 189 189 189 190 191 190 189 188 189 192 194 195 198 196 193 192 190 190 192 192 191 192 191 190 190 
151 150 150 148 149 149 149 149 150 158 167 175 184 191 190 190 189 189 190 192 191 192 191 192 191 192 190 193 194 194 193 195 193 192 190 190 188 187 186 187 188 189 191 191 191 190 189 189 192 194 195 198 197 195 194 194 192 193 192 191 192 191 191 191 
150 151 150 149 150 149 148 150 152 160 168 177 184 190 190 191 192 191 192 194 192 191 190 189 188 191 190 194 195 194 192 193 191 191 191 190 190 190 189 191 192 191 192 191 190 189 189 189 191 193 194 196 196 195 195 193 191 192 191 190 191 191 190 190 
149 150 150 149 150 150 151 154 158 166 174 180 186 191 192 193 194 193 193 193 191 189 188 188 188 190 190 193 193 194 193 193 191 191 190 189 191 191 191 193 193 191 191 190 189 189 190 191 192 193 194 195 195 194 194 193 192 192 192 192 192 193 193 192 
150 150 150 150 150 151 154 159 166 174 180 185 190 191 192 194 196 195 195 194 192 189 188 187 187 189 190 191 193 193 193 192 190 191 190 189 191 193 192 193 193 192 190 191 190 191 191 193 193 193 193 195 195 195 195 194 192 192 191 190 191 193 192 192 
149 150 149 150 154 156 161 168 176 181 187 190 192 193 194 195 195 195 194 194 191 190 190 188 188 190 190 191 192 193 193 192 190 192 191 190 193 195 194 194 194 193 191 192 191 192 192 192 192 192 191 193 193 193 194 192 190 190 189 189 191 192 192 193 
157 158 157 159 163 166 172 179 184 187 190 191 191 192 192 193 194 194 194 195 192 191 191 190 189 191 192 191 192 193 191 191 191 192 191 191 193 195 194 194 194 192 191 192 192 192 192 191 190 188 188 189 189 190 191 189 188 188 189 189 190 190 191 189 
165 166 166 167 172 175 181 187 190 191 195 193 193 194 194 193 193 192 192 193 191 191 192 191 190 191 192 190 191 192 192 193 192 193 193 194 193 194 192 192 192 191 190 192 192 192 191 191 190 188 188 190 190 190 190 189 189 188 189 189 191 191 192 192 
175 175 175 176 180 183 187 191 193 192 194 193 193 193 192 192 192 191 192 193 192 192 192 191 190 191 192 191 192 193 191 193 193 193 194 195 192 193 192 191 191 191 190 192 192 193 191 190 189 188 187 189 189 190 191 190 190 191 191 190 191 190 190 190 
182 182 182 181 185 187 190 193 195 191 194 192 192 192 192 190 191 189 190 191 192 192 192 191 190 190 191 191 192 193 192 194 194 193 193 194 192 192 191 191 191 189 190 190 190 191 192 191 190 189 189 190 189 190 190 191 192 193 193 193 193 191 192 192 
191 191 190 189 190 191 192 194 196 192 193 191 191 190 190 189 190 190 190 192 192 191 190 190 189 190 191 191 193 193 192 194 193 191 190 192 191 191 190 191 190 189 190 191 191 192 193 193 193 192 192 191 190 190 191 191 193 195 195 195 194 192 192 191 
192 190 190 188 189 190 191 193 196 193 194 193 193 192 192 191 193 191 190 191 192 190 191 191 190 190 192 192 193 194 194 194 193 191 191 192 191 190 190 190 190 189 191 191 191 192 193 193 193 194 193 192 191 191 190 192 194 196 196 196 194 193 191 192 
191 190 189 189 189 189 189 191 194 191 192 192 192 191 192 192 194 193 192 193 194 192 192 193 192 192 193 193 194 193 193 193 192 190 191 190 190 190 191 190 191 190 191 191 191 192 194 194 193 194 193 191 191 191 192 194 196 198 197 196 194 191 190 190 
189 189 188 189 189 189 190 192 195 193 193 193 192 191 193 193 194 194 191 192 192 189 190 192 192 193 195 195 194 193 194 193 192 190 191 190 191 190 191 191 190 189 190 190 190 191 193 193 193 193 193 191 190 190 191 192 194 195 195 194 193 191 189 190 
189 190 189 191 191 192 192 193 194 192 192 193 193 192 193 193 193 194 192 192 191 190 189 192 191 192 194 193 192 191 192 191 191 191 192 191 191 190 191 191 190 191 192 192 192 193 194 193 193 193 192 190 191 191 192 192 192 192 192 190 190 191 190 191 
188 188 189 191 192 192 192 192 192 190 191 193 193 193 194 193 191 191 190 189 189 190 191 193 193 194 193 192 190 190 192 191 192 192 193 190 191 191 192 191 190 190 191 191 190 191 192 191 190 191 190 190 190 190 191 191 191 191 192 190 190 190 190 189 
188 189 189 192 192 191 192 191 191 190 191 192 192 192 193 192 190 190 188 187 187 189 188 191 192 192 191 191 189 189 191 192 193 193 194 191 191 190 193 191 191 190 191 189 190 191 192 192 192 192 192 191 191 190 191 191 191 191 191 189 189 190 189 188 
190 189 189 191 191 191 193 192 192 191 192 194 194 194 195 194 190 190 188 185 185 185 186 188 190 190 190 190 189 190 192 192 194 193 193 192 191 191 192 191 190 190 189 188 189 191 192 193 194 195 194 192 191 190 190 189 190 190 191 190 191 193 193 192 
191 190 191 193 192 192 193 191 191 189 190 192 193 193 193 192 189 188 188 187 186 188 188 188 189 189 189 189 189 190 192 192 193 193 193 192 190 191 193 191 190 191 189 189 190 191 193 193 194 195 194 194 193 192 191 191 190 190 191 191 191 193 193 193 
192 190 191 193 192 191 192 191 190 189 190 191 193 193 193 192 190 188 188 188 187 188 189 188 189 189 190 190 191 191 193 193 193 193 193 191 190 191 192 189 190 190 187 188 189 190 191 193 193 194 194 194 193 192 191 192 192 193 194 193 193 192 191 190 
192 191 192 193 191 191 192 191 191 192 192 193 193 193 193 193 190 190 190 190 188 188 189 188 188 189 190 190 192 193 194 195 194 192 192 191 189 191 192 189 190 191 187 188 189 189 191 194 195 196 196 195 193 193 192 193 194 194 194 193 192 192 192 191 
191 190 192 192 191 191 191 190 190 190 191 193 194 195 194 194 192 190 191 191 190 191 193 191 191 191 191 190 192 192 193 193 192 190 190 189 187 190 191 190 191 192 188 190 191 190 190 194 193 194 194 194 193 193 193 194 194 194 195 193 193 193 192 191 
190 191 192 193 192 192 191 190 188 190 191 192 193 194 193 193 192 191 191 193 192 193 193 192 191 190 190 190 191 191 192 193 191 190 190 190 188 190 190 190 191 192 189 190 190 189 190 191 191 192 193 193 193 194 194 194 194 194 194 192 191 190 190 188 
192 192 193 192 192 191 191 191 189 190 192 192 194 195 193 194 194 192 191 194 193 194 195 194 192 192 191 190 192 191 192 193 191 190 190 190 189 191 191 191 192 191 190 190 189 189 190 191 191 193 193 192 191 193 192 192 193 193 192 191 191 190 190 189 
193 194 193 192 192 192 191 191 190 192 192 193 194 194 193 194 194 193 192 194 194 194 196 196 194 192 190 190 191 190 190 192 191 189 190 191 192 192 192 192 192 192 192 192 191 190 190 191 192 193 194 193 191 192 191 190 191 191 191 190 191 190 191 189 
194 194 194 193 193 194 193 192 191 192 191 192 194 195 193 194 194 192 191 193 194 194 195 195 194 191 189 188 189 187 187 188 189 189 190 191 192 191 191 191 191 191 193 193 192 192 191 190 190 191 192 191 190 191 190 189 190 190 189 190 189 190 191 191 
194 194 194 194 193 194 193 192 191 191 191 192 193 193 192 193 193 192 192 192 193 193 194 194 193 191 189 188 188 188 187 190 191 191 192 193 193 191 191 191 191 190 192 192 191 192 191 190 191 192 193 192 191 190 189 188 189 189 188 189 189 189 190 190 
194 194 194 193 193 193 193 191 190 191 190 191 194 192 190 192 191 191 192 192 194 193 194 194 195 193 192 189 191 190 189 190 192 192 192 192 193 192 192 192 192 192 194 193 193 193 192 191 192 193 193 193 191 190 189 189 189 189 189 191 190 190 191 192 
193 194 193 194 193 193 192 191 190 192 190 192 193 190 189 190 190 190 191 189 191 191 192 192 194 192 192 189 191 191 190 189 194 192 192 193 194 192 192 192 192 192 193 193 193 192 191 191 191 191 191 192 190 190 190 191 191 190 191 192 191 191 192 192 
191 192 193 194 193 193 191 189 189 191 190 191 191 189 188 190 189 190 192 190 191 191 191 190 192 193 193 191 192 192 191 190 194 193 193 192 193 193 192 191 193 192 192 193 192 191 190 189 189 189 188 190 190 190 190 192 191 191 191 191 190 191 191 191 
192 193 193 192 192 190 190 189 190 191 191 190 191 189 189 191 191 191 193 190 191 191 191 190 192 193 193 192 195 194 193 193 196 193 193 192 193 194 194 194 196 195 194 193 193 190 190 190 190 189 189 190 190 191 191 192 191 191 191 191 190 190 189 188 
192 192 192 192 191 191 191 189 190 192 192 192 191 190 189 188 188 191 192 191 191 191 190 189 190 191 192 191 194 193 193 192 194 192 194 193 194 195 195 195 196 196 193 193 193 191 190 190 189 188 187 189 191 192 193 194 193 193 192 192 191 191 190 190 
190 190 191 190 190 189 188 189 191 191 192 192 190 189 189 188 188 191 191 190 191 191 189 188 189 189 191 191 193 192 192 192 194 193 195 195 194 195 196 195 197 196 193 192 192 190 191 191 190 188 188 189 191 193 194 194 193 192 191 190 190 189 189 188 
189 189 190 189 190 190 189 190 191 192 192 193 191 190 189 188 188 190 191 190 191 192 191 188 190 190 190 190 191 190 192 193 195 193 196 195 194 194 195 194 195 195 191 191 191 189 190 191 191 190 190 190 192 193 193 193 192 191 192 190 190 190 189 187 
191 191 191 190 191 191 190 190 192 191 192 191 191 190 189 187 186 186 188 187 189 191 190 188 189 188 189 188 190 190 191 192 195 193 194 195 195 194 195 197 196 195 193 191 191 191 192 193 193 192 192 193 193 193 193 193 193 192 193 191 189 189 189 186 
190 191 191 190 192 192 190 191 192 192 191 191 190 189 188 186 185 184 186 186 189 189 190 188 189 188 190 189 189 189 191 190 192 193 194 196 196 196 195 195 194 194 192 191 191 192 192 192 193 192 192 193 195 194 193 193 192 191 192 192 191 191 191 189 
190 191 191 191 192 192 191 192 193 192 191 190 189 188 187 186 185 185 187 187 189 189 190 188 189 189 190 190 191 190 191 192 193 193 195 197 197 196 196 195 193 192 192 192 191 192 193 192 192 193 193 193 194 193 192 191 191 190 192 192 191 191 191 188 
192 194 194 194 195 195 194 194 195 194 192 191 190 189 188 188 187 185 186 187 188 189 190 189 190 190 191 192 192 190 192 192 192 193 194 196 195 196 195 195 193 193 192 193 193 192 193 191 192 192 193 193 193 194 191 191 191 191 192 192 190 190 190 187 
193 194 194 193 194 195 194 194 195 193 192 191 191 190 189 189 188 187 187 189 189 188 191 189 189 189 191 192 193 191 192 192 191 192 194 196 195 196 195 194 193 194 194 194 195 193 193 191 191 191 193 192 194 194 192 192 192 192 192 193 190 190 190 188 
193 193 192 192 192 193 194 195 195 194 193 193 192 192 192 191 190 190 190 191 192 190 190 189 188 188 190 193 193 191 192 192 190 192 194 195 194 196 195 194 193 194 194 194 195 193 193 192 192 192 193 193 193 193 191 191 191 191 192 194 193 193 193 192 
193 192 191 191 192 192 195 194 195 193 193 193 194 192 192 192 190 190 190 192 192 192 191 190 188 187 188 191 192 192 192 193 192 193 194 196 194 195 194 193 192 193 192 193 193 193 193 193 193 193 192 192 192 191 190 191 190 191 192 193 192 192 192 191 
195 194 192 193 193 192 194 193 194 193 193 194 194 194 195 195 192 192 191 191 191 189 190 189 188 187 188 190 191 192 192 192 190 191 192 194 193 193 193 193 192 193 192 193 193 192 193 193 193 192 192 191 191 191 189 190 190 190 190 192 191 191 191 191 
196 193 191 191 191 190 193 193 193 192 191 192 193 193 193 194 192 193 191 191 191 189 189 190 189 187 189 190 191 193 192 192 191 191 192 194 193 194 193 193 192 193 193 192 192 192 193 192 192 191 190 189 190 188 188 188 188 188 190 191 191 191 191 191 
194 191 189 190 189 189 191 192 192 191 190 191 192 192 192 194 192 192 190 190 190 191 189 191 191 190 190 191 192 193 191 191 191 191 190 193 192 192 192 192 190 191 191 191 191 193 193 193 194 193 191 190 190 187 186 186 186 187 189 189 191 191 190 190 
193 191 190 190 189 189 191 191 191 191 189 191 193 192 192 195 194 193 191 191 190 190 189 192 193 192 193 193 194 195 192 191 192 191 190 193 193 191 190 191 190 191 192 192 192 193 193 193 193 191 190 189 188 187 187 186 186 187 188 189 189 189 188 188 
194 192 190 191 190 189 189 190 190 190 188 190 191 192 193 195 194 194 192 191 190 191 190 192 193 193 193 194 195 195 193 192 192 191 190 192 191 190 189 191 191 192 193 193 192 193 193 193 192 190 190 189 188 188 188 187 186 187 187 188 190 190 190 191 
192 191 190 189 188 188 189 190 190 190 189 191 192 193 192 194 193 192 191 191 191 192 192 193 194 195 194 195 196 195 192 192 193 192 191 194 193 191 190 191 190 191 192 192 193 194 193 193 192 189 188 188 188 187 188 188 187 187 188 189 191 191 191 192 
191 191 191 191 191 191 190 189 189 188 188 190 192 193 193 195 193 193 192 192 192 194 194 194 194 194 193 193 193 194 191 191 192 192 189 192 191 189 189 190 189 189 190 191 192 193 192 193 193 191 190 191 190 189 190 190 189 190 190 190 192 191 191 192 
192 192 192 192 192 191 190 189 189 189 190 192 193 194 194 194 192 191 192 192 192 194 194 194 193 193 192 192 192 193 190 191 191 192 191 193 193 191 191 191 191 190 191 192 192 192 191 192 191 189 189 190 190 189 190 191 192 191 192 193 192 191 192 192 
192 193 193 193 193 193 192 191 190 190 191 192 192 194 193 193 191 191 191 192 192 194 195 194 193 192 190 189 189 191 191 192 191 193 192 194 193 193 192 191 191 190 190 190 190 190 191 191 192 191 190 191 192 189 189 191 191 189 191 191 191 191 192 191 
191 192 193 195 194 194 194 192 190 191 193 193 194 194 192 191 191 190 191 191 191 193 194 193 193 192 191 189 189 191 190 190 189 191 191 193 194 195 195 193 191 189 190 189 189 189 191 190 191 191 189 190 191 189 189 191 191 190 192 192 191 189 189 189 
189 190 192 195 195 194 194 192 190 191 192 192 193 193 191 192 191 190 191 191 190 191 193 191 192 192 191 190 191 192 190 190 189 190 190 192 193 195 196 194 194 192 193 190 189 188 190 189 191 193 193 193 194 192 190 192 192 190 192 191 189 188 189 188 
191 190 192 194 194 193 195 194 192 192 195 193 193 192 190 190 190 188 190 191 189 189 192 189 191 192 191 190 192 191 190 192 190 190 192 194 194 195 197 195 194 192 194 191 190 190 192 189 189 191 190 190 192 192 190 192 192 191 192 192 190 190 190 190 
190 190 191 194 194 194 196 195 192 192 193 191 192 191 189 191 192 190 191 191 189 188 191 189 191 192 192 191 193 192 191 192 191 190 191 192 192 193 195 195 193 192 195 191 191 190 192 190 190 192 193 192 193 193 192 191 191 190 190 190 189 190 190 190 
189 189 191 192 194 194 195 193 191 191 191 190 191 191 189 190 192 190 190 191 190 189 191 190 191 193 194 192 194 192 192 192 191 189 190 190 190 190 193 193 192 190 194 192 190 191 193 190 189 191 191 190 191 193 192 192 192 191 191 190 190 189 190 189 
191 191 191 191 192 193 193 193 193 192 191 190 191 190 189 190 193 191 191 192 190 188 190 190 192 193 194 192 193 192 192 192 193 191 191 192 191 190 192 192 191 189 192 191 189 190 192 191 190 191 191 191 190 191 192 191 191 191 191 190 190 190 190 189 
192 192 192 192 192 193 193 193 193 193 193 192 193 192 190 190 192 191 191 192 191 189 191 191 192 193 194 192 191 191 191 191 191 190 190 190 190 189 191 190 189 188 190 190 189 190 191 192 190 191 191 190 189 190 191 191 191 191 192 191 191 190 190 188 
193 194 192 191 190 192 190 191 192 193 192 193 193 193 191 190 191 191 191 192 191 190 191 192 191 192 192 190 189 189 189 189 190 189 189 189 190 189 191 190 189 188 189 188 188 190 192 193 193 194 192 191 190 188 190 190 191 190 193 190 191 189 190 188 
194 194 192 191 189 190 190 191 192 194 193 193 192 192 191 189 191 191 191 192 191 190 191 191 189 190 191 189 187 188 189 188 189 190 190 190 190 190 191 189 188 187 187 187 188 191 193 194 194 195 191 191 189 187 188 190 191 191 193 192 191 189 189 187 
196 196 193 192 189 189 189 192 193 195 194 194 192 192 191 190 190 192 191 192 191 190 190 191 188 189 190 188 185 187 188 187 188 191 191 191 191 192 192 190 189 188 187 187 188 190 193 195 196 196 193 192 189 186 187 189 190 191 193 191 190 189 188 187 
196 195 192 191 189 189 188 191 191 194 194 194 192 192 191 190 190 191 192 192 191 190 190 190 188 189 190 188 185 187 188 186 187 190 190 189 190 190 191 189 188 188 187 188 190 192 194 197 197 198 194 193 190 186 187 189 191 191 194 192 191 190 189 187 

