# vtk DataFile Version 2.0

ASCII
DATASET STRUCTURED_POINTS
DIMENSIONS 65 65 65
ASPECT_RATIO 1 1 1
ORIGIN 0 0 0
CELL_DATA 262144
SCALARS volume_scalars unsigned_char 1
LOOKUP_TABLE default
21 18 19 22 32 28 36 42 35 46 57 19 39 45 31 34 60 26 50 21 21 24 28 15 34 53 41 26 15 28 36 19 24 17 8 31 29 12 8 3 32 26 15 18 11 21 13 32 13 17 40 20 49 19 34 18 26 17 27 90 176 134 89 48 
12 15 22 22 33 24 26 28 20 34 46 13 33 43 29 31 60 29 44 20 18 31 38 36 45 48 34 20 12 20 31 12 22 15 15 32 25 15 10 3 34 20 15 20 17 27 19 26 8 15 31 20 46 16 32 17 29 20 22 88 177 134 90 41 
22 18 10 12 21 18 20 32 24 36 41 32 45 47 27 19 44 26 36 17 10 22 23 27 34 33 25 16 13 6 24 8 25 15 27 41 43 43 33 15 27 18 27 29 31 34 29 23 20 20 13 19 42 11 30 20 31 31 20 97 173 131 104 48 
19 21 12 14 26 22 12 24 10 27 26 38 55 58 37 21 31 22 34 25 27 29 26 24 22 22 28 29 19 6 19 11 32 21 22 22 26 29 31 12 10 15 29 26 27 26 17 4 8 17 2 13 32 8 29 19 22 32 12 98 156 116 107 53 
31 26 24 21 34 26 11 20 6 22 16 37 36 26 8 26 36 38 41 40 45 44 36 29 15 27 29 24 22 22 24 18 34 29 27 13 17 19 31 9 13 19 29 29 28 23 17 10 6 15 12 14 34 22 26 20 22 44 11 100 152 113 117 64 
34 34 26 20 42 40 24 41 36 41 35 38 27 12 28 42 36 33 26 22 19 20 19 18 22 30 20 10 15 22 36 37 50 46 30 14 16 19 22 16 32 36 40 34 28 26 13 11 26 27 25 18 38 32 20 31 38 60 47 98 149 104 116 71 
21 13 8 21 46 57 29 34 29 34 34 32 31 20 34 33 22 24 20 27 32 36 42 44 49 46 34 24 17 19 17 19 30 40 31 26 22 17 19 20 32 21 24 24 31 30 22 20 27 13 14 6 41 46 16 23 38 57 50 91 155 107 123 87 
34 25 19 28 43 60 33 29 19 11 4 5 14 10 34 25 24 18 15 16 20 20 25 39 56 58 53 46 25 26 5 9 9 25 30 33 27 17 13 23 35 22 28 26 31 30 24 26 34 21 20 11 41 50 15 11 17 29 40 82 165 112 124 95 
11 6 19 24 32 56 38 32 28 32 38 50 58 58 48 32 26 19 15 23 24 25 32 29 33 33 22 46 15 22 18 16 21 15 29 25 27 18 16 27 24 10 6 13 19 19 7 12 24 13 15 13 29 49 29 32 35 29 33 91 193 147 148 121 
35 27 24 19 13 43 46 28 32 34 46 63 65 61 36 17 34 39 43 56 54 48 48 31 25 34 27 48 17 20 26 25 28 13 17 13 20 13 20 34 22 12 10 18 26 21 8 10 20 22 19 13 15 39 32 36 33 22 14 114 211 163 145 112 
32 29 15 6 18 34 52 26 28 18 30 41 37 42 38 46 43 36 34 39 48 33 43 34 21 41 27 52 22 16 29 15 25 9 10 15 28 19 19 22 12 15 17 28 32 15 9 8 14 27 26 24 19 13 23 45 48 55 46 136 209 166 143 90 
27 30 18 15 29 31 55 32 29 19 27 31 9 25 46 67 45 19 20 5 39 6 34 27 20 42 20 41 25 24 36 20 11 8 19 17 30 22 20 13 3 5 12 23 27 12 12 15 8 16 17 16 27 16 31 48 50 55 76 159 208 183 168 111 
21 27 14 17 17 13 39 24 28 36 45 46 34 18 44 74 45 18 29 13 50 15 31 36 35 58 34 27 17 17 36 25 17 15 21 13 21 17 19 18 10 9 15 28 24 11 15 22 20 13 9 12 38 27 17 22 19 17 96 179 208 196 182 102 
19 23 13 15 22 42 57 55 57 62 69 71 67 56 49 69 41 15 32 19 52 29 29 39 34 48 33 26 25 12 24 13 12 11 15 16 17 19 21 23 24 28 23 32 21 24 13 12 17 16 17 22 39 37 27 32 37 37 116 182 192 194 187 90 
11 16 6 8 21 43 45 43 30 39 50 64 71 69 49 49 31 24 46 49 58 39 33 39 45 50 50 34 29 20 23 29 29 19 13 25 13 21 18 24 19 22 9 20 13 32 16 12 24 31 8 15 30 43 31 26 32 32 124 180 190 194 178 79 
15 17 9 9 23 42 36 28 15 8 15 27 38 38 36 26 16 17 29 45 57 55 54 46 55 49 57 38 32 30 8 22 26 14 26 46 32 23 12 22 12 23 16 16 11 22 8 15 25 40 22 19 13 29 13 19 37 49 145 188 196 201 168 73 
34 33 19 12 24 35 36 32 10 15 17 13 19 23 32 23 12 19 6 10 31 21 29 17 43 37 52 37 41 45 31 41 45 47 53 57 37 27 20 26 14 26 23 15 25 20 13 26 30 46 38 37 33 36 13 20 26 58 168 188 176 182 133 46 
39 41 26 11 18 35 41 40 31 32 38 30 8 19 23 28 9 24 20 15 29 24 30 13 43 34 47 39 44 47 36 32 38 33 33 36 6 8 15 32 24 14 19 26 39 31 15 19 18 20 26 28 31 42 35 43 12 73 187 185 158 166 108 31 
34 43 30 18 20 37 52 54 40 27 27 25 19 19 10 20 8 28 17 14 29 24 24 13 37 29 35 22 24 27 22 29 41 35 31 33 20 22 17 13 13 15 28 39 48 30 10 10 26 15 32 15 20 32 24 45 23 95 200 185 157 161 95 36 
27 43 34 32 24 15 26 27 22 24 22 22 24 24 20 19 6 27 26 34 45 38 22 17 39 29 31 15 15 13 22 31 43 42 31 24 12 14 17 20 20 19 7 13 20 19 17 11 22 9 37 18 14 19 13 31 40 115 199 185 156 147 78 22 
24 42 34 40 34 8 24 20 21 36 19 15 17 12 8 7 2 18 8 12 39 34 10 28 38 35 31 15 13 3 11 19 33 27 22 13 12 17 13 5 12 22 21 26 24 21 16 21 31 26 38 27 20 17 11 28 65 126 194 191 158 127 67 9 
20 31 18 39 45 25 32 28 32 53 27 15 17 22 38 42 39 39 34 32 44 50 26 33 39 36 39 19 8 8 12 13 26 24 21 16 15 13 17 10 26 39 38 39 34 34 29 38 31 24 34 26 24 15 13 34 95 140 183 196 164 107 64 24 
32 29 10 29 48 29 34 26 35 55 26 20 13 19 27 21 16 11 10 5 28 41 15 26 32 43 57 41 34 32 26 13 26 22 24 26 21 19 20 21 36 37 28 21 13 39 36 42 27 15 26 24 30 35 41 57 117 149 175 194 160 85 55 30 
17 17 8 13 41 20 31 34 34 56 28 27 17 28 24 6 12 5 9 5 18 32 17 22 27 34 51 28 15 19 17 26 30 13 12 12 6 19 20 24 39 30 20 21 17 40 39 47 42 45 35 13 10 8 26 62 121 150 172 178 137 63 50 45 
3 4 12 16 39 32 20 22 34 43 22 30 26 41 26 22 12 17 21 19 15 19 16 16 16 27 41 31 25 29 34 38 26 19 22 23 21 27 16 27 45 28 27 27 25 38 36 40 30 43 48 49 40 31 46 96 143 169 180 159 102 40 45 46 
10 13 21 33 47 57 30 29 38 42 32 30 32 42 26 24 22 19 17 8 7 10 16 21 19 22 32 26 38 46 43 39 23 20 20 22 23 23 19 38 46 27 27 22 20 27 24 27 19 29 25 30 28 30 89 142 168 176 174 123 60 24 27 29 
15 12 6 15 24 46 16 14 26 31 18 24 31 40 28 30 21 13 13 8 5 12 20 22 9 8 17 34 41 42 38 34 29 32 16 19 32 36 36 40 33 15 31 35 27 24 22 24 12 13 16 24 32 69 136 171 180 169 139 69 25 19 26 32 
20 22 15 9 24 40 17 11 24 34 11 27 38 45 42 38 31 22 24 14 6 11 17 31 17 27 39 49 48 46 37 36 35 41 28 32 41 41 41 40 25 22 19 23 22 14 18 17 19 11 15 14 34 104 168 189 194 166 103 30 5 17 24 26 
22 26 25 10 26 35 41 41 41 38 24 22 32 41 42 43 36 32 31 28 20 25 26 32 16 22 24 31 36 38 38 43 34 38 24 20 27 16 14 22 11 29 15 15 13 13 21 26 22 12 17 17 48 142 195 201 197 147 72 36 19 22 26 29 
19 27 34 13 31 18 17 20 31 24 39 32 29 36 17 27 21 19 27 19 10 7 12 20 6 21 30 43 43 47 45 36 27 36 20 18 30 27 20 23 20 29 24 34 32 26 31 34 38 44 49 55 97 187 222 207 183 112 50 44 38 43 49 50 
18 29 36 31 46 43 43 34 46 18 50 29 25 35 6 26 25 29 34 25 19 14 12 19 10 17 21 32 36 46 45 38 27 36 23 18 17 13 17 30 34 35 32 39 38 37 41 31 25 14 24 41 117 202 227 197 150 74 22 31 18 22 22 23 
17 28 30 24 32 19 18 15 53 26 49 27 26 45 5 36 32 24 21 19 21 9 6 25 26 30 27 29 34 36 32 30 22 24 26 14 19 3 10 28 25 20 12 24 18 12 21 12 21 22 23 64 139 208 223 182 110 39 17 29 20 24 26 28 
25 26 22 24 26 20 24 4 52 18 37 21 36 53 24 36 35 17 16 23 23 13 15 34 51 60 48 36 33 28 13 26 23 20 32 20 13 13 12 20 9 16 6 26 24 24 19 19 27 17 45 115 174 214 206 149 72 24 24 40 45 46 41 37 
11 17 25 28 30 22 27 12 39 19 20 31 43 58 37 38 41 26 24 26 26 20 33 40 47 44 38 18 22 26 11 24 25 13 32 29 17 19 20 31 16 22 31 31 31 25 6 32 29 12 72 140 186 215 185 118 62 30 32 32 26 18 25 27 
26 24 23 25 22 15 14 22 32 22 17 19 26 32 15 17 36 12 27 27 24 20 39 41 8 14 30 26 20 35 26 26 21 9 30 34 20 17 26 41 24 29 33 27 19 17 24 45 20 37 110 166 197 208 156 83 53 23 17 22 24 29 40 43 
31 23 17 6 12 21 15 24 24 27 37 50 49 45 31 32 43 19 36 22 17 14 45 51 5 27 27 22 7 27 28 34 28 27 38 48 28 19 29 39 17 22 27 27 13 16 46 41 23 86 161 200 206 189 125 58 51 28 26 30 22 31 43 32 
56 47 37 29 18 7 10 20 14 17 23 34 25 27 14 27 40 4 28 10 14 12 39 52 26 34 21 18 8 19 18 18 10 8 23 31 29 24 29 37 19 15 20 13 18 28 38 19 74 142 201 200 171 139 83 35 50 38 24 32 20 27 46 35 
57 42 31 43 32 12 10 24 20 15 19 22 19 15 18 34 43 12 28 22 24 19 27 39 36 34 20 16 7 11 19 17 13 10 24 21 29 32 39 47 25 19 24 17 25 36 36 78 156 203 227 195 148 102 62 39 56 37 25 36 23 32 45 34 
44 30 24 38 35 6 7 30 17 17 20 23 25 16 27 35 37 11 17 22 22 26 25 17 21 17 17 19 9 10 31 31 32 31 38 29 19 19 17 38 16 24 34 28 35 43 66 131 206 225 215 175 119 66 47 45 48 28 13 32 32 36 44 39 
39 25 15 31 25 6 10 28 21 18 29 47 60 44 31 25 31 28 14 10 15 22 26 18 28 12 15 15 10 13 36 12 9 6 28 25 20 20 25 44 29 19 24 26 43 72 116 180 230 199 146 99 42 19 45 62 43 26 16 27 31 27 32 26 
25 14 12 21 22 6 8 29 22 19 35 52 76 74 57 33 15 23 29 22 14 22 24 23 34 8 12 18 5 16 43 17 14 9 36 40 23 20 16 40 41 23 26 32 47 88 154 208 223 164 102 49 7 27 39 64 36 21 8 21 34 28 34 32 
69 59 42 30 19 8 7 25 13 13 30 27 26 38 39 39 29 16 28 34 12 9 16 20 40 8 8 11 7 34 44 25 20 21 50 44 19 7 6 38 47 34 33 57 86 131 176 193 176 108 50 18 17 13 39 67 40 29 12 27 34 29 34 31 
52 48 38 26 10 8 11 15 12 12 33 36 14 15 17 30 34 12 30 37 25 19 22 17 32 14 12 14 19 36 32 22 19 19 49 41 21 15 13 29 45 49 65 102 142 169 178 159 124 55 14 18 29 8 38 57 50 52 26 20 28 24 36 38 
30 27 20 19 9 19 17 10 1 6 26 43 11 8 10 31 45 21 31 29 21 17 25 35 50 43 31 27 32 39 25 24 27 26 43 32 24 19 22 28 52 87 106 137 170 173 164 135 98 44 24 32 38 26 36 31 30 57 39 23 18 10 34 39 
39 24 10 16 38 39 29 18 10 28 33 58 26 8 12 39 53 26 34 21 13 10 17 32 38 31 21 20 30 32 22 27 28 33 32 22 22 24 37 49 77 123 145 160 169 145 114 78 50 23 22 32 49 49 50 36 15 46 33 20 23 21 39 46 
18 12 13 29 43 39 34 28 26 43 37 64 45 31 17 31 48 26 25 18 14 10 15 22 24 29 27 24 36 39 43 48 53 46 27 15 19 19 34 50 104 168 191 181 164 124 87 46 32 24 22 20 33 31 23 17 15 36 36 32 27 24 31 33 
25 29 29 27 34 29 36 36 32 40 3 42 27 31 26 45 45 26 25 23 21 8 17 17 17 27 20 23 29 39 39 34 30 24 19 16 21 34 69 105 170 221 217 170 123 88 58 31 36 43 33 25 24 19 13 34 31 45 54 50 27 13 16 30 
13 32 41 37 38 32 39 39 32 33 20 38 25 32 10 38 24 10 8 20 32 7 17 6 9 17 12 16 22 20 17 10 8 7 21 17 41 86 141 178 217 224 185 124 79 54 40 21 32 45 19 17 14 12 27 43 26 20 29 39 32 19 17 15 
24 46 41 36 38 34 43 29 26 24 24 29 13 32 10 44 19 12 15 20 37 15 19 14 11 16 14 26 32 36 32 14 17 6 38 53 103 150 189 200 197 169 121 68 41 31 30 9 19 43 21 25 18 19 36 46 22 21 26 41 36 33 42 45 
26 44 31 30 39 36 40 19 24 23 20 16 13 38 24 34 14 11 26 22 39 6 13 20 20 29 25 26 22 20 13 12 15 43 86 124 167 195 206 200 164 128 90 54 39 36 27 12 8 31 22 25 23 27 40 52 26 20 23 36 26 19 8 9 
22 35 17 24 29 27 39 13 18 20 20 17 18 34 21 23 6 10 19 14 40 18 32 36 33 39 29 24 6 24 8 15 48 97 146 182 201 202 198 176 125 92 64 43 40 43 34 30 14 12 17 20 19 20 29 41 12 17 34 48 35 34 17 4 
14 24 19 24 32 30 37 9 14 27 14 10 14 22 27 10 13 12 10 15 39 31 20 18 40 49 38 27 22 34 43 75 114 156 190 209 206 184 164 120 61 32 25 11 17 26 32 37 26 16 23 16 11 8 20 49 49 54 53 50 32 34 22 8 
21 10 13 17 23 15 24 18 15 34 9 12 15 12 27 16 26 23 20 17 33 39 17 26 51 46 43 45 53 82 115 152 180 202 217 214 176 140 115 69 31 17 15 15 17 8 22 26 35 34 15 19 5 10 20 34 36 30 16 12 17 34 15 19 
8 10 20 8 22 20 31 29 18 39 10 14 9 9 17 10 17 16 19 22 26 33 11 31 54 55 58 72 94 115 140 173 194 188 180 163 105 64 50 27 26 34 38 39 28 21 29 22 33 45 17 20 10 14 33 3 12 13 12 14 28 30 1 15 
27 24 20 6 24 17 16 11 12 34 12 16 21 18 14 4 12 15 20 23 15 28 29 58 85 101 119 144 164 174 185 202 194 160 129 100 43 13 31 25 8 16 17 15 21 27 35 28 38 57 34 29 24 17 32 19 19 24 22 15 23 19 19 27 
13 12 15 16 37 34 22 16 13 30 26 34 32 24 20 12 15 12 15 15 34 60 102 133 156 168 173 185 209 214 218 214 183 137 93 60 24 11 17 27 19 24 30 41 41 35 34 24 26 46 25 20 22 19 18 20 13 29 36 27 25 19 27 34 
18 18 21 10 23 32 32 30 13 14 13 20 13 21 20 22 17 11 15 41 79 112 150 158 164 173 174 183 204 187 165 140 100 59 28 11 12 17 15 26 22 8 13 21 34 31 29 34 32 48 36 23 24 26 32 43 43 45 43 26 32 34 49 56 
10 18 30 16 8 19 31 38 32 25 25 22 4 29 36 48 62 74 98 120 138 157 165 150 150 163 148 156 162 112 65 38 9 30 45 43 45 36 34 36 37 11 19 22 36 31 27 35 24 38 32 24 24 26 18 20 20 27 20 19 27 29 27 42 
18 26 36 25 13 16 19 28 20 25 41 55 79 104 112 128 152 167 188 196 187 188 179 160 154 159 137 121 102 42 11 19 36 45 49 44 45 40 39 49 60 39 35 32 38 39 41 50 50 46 41 27 25 30 27 14 10 21 15 23 37 42 34 29 
34 52 71 78 86 95 95 97 95 105 125 142 162 175 170 173 176 177 190 193 181 179 163 135 124 121 89 65 53 19 22 26 21 17 33 19 20 15 20 22 41 20 15 21 24 33 34 40 33 36 31 27 25 22 13 8 20 28 24 20 17 19 22 24 
160 164 165 168 165 167 166 177 175 169 162 164 168 171 170 186 190 185 187 183 165 152 124 96 74 65 41 34 24 11 27 32 25 18 26 12 23 19 27 30 40 13 10 20 17 24 19 31 13 16 15 21 21 16 14 23 32 23 22 21 10 17 28 34 
158 149 136 131 118 109 108 121 126 120 118 125 136 150 164 183 189 184 176 156 130 105 73 59 39 31 22 24 7 16 31 40 41 35 26 13 19 12 17 22 31 17 18 17 20 23 18 29 13 22 20 24 24 25 44 43 58 35 29 22 20 32 45 54 
130 126 120 122 107 95 91 96 103 113 127 140 150 159 151 142 124 105 89 66 51 38 31 40 39 43 48 36 19 25 27 39 36 19 10 11 26 20 21 19 27 10 9 12 22 21 15 27 10 30 27 39 32 26 38 17 57 28 18 20 16 27 26 36 
81 80 76 86 69 67 63 64 61 69 86 93 99 110 91 75 52 33 26 16 20 22 12 21 21 29 39 26 36 32 24 37 32 18 28 18 27 20 15 19 23 11 1 13 24 27 20 30 19 32 17 29 30 34 46 17 59 34 19 25 27 34 15 8 

27 25 23 22 20 19 23 34 36 48 62 27 36 42 24 30 56 34 59 31 29 22 21 8 27 43 32 19 13 31 37 21 25 15 5 25 36 36 29 19 21 18 14 7 12 22 14 38 12 19 36 14 47 14 27 13 20 12 13 84 179 132 93 53 
27 27 27 26 27 19 20 29 27 38 50 19 31 43 26 27 55 30 52 24 19 25 32 27 38 40 24 13 10 22 31 14 24 17 13 29 32 34 31 23 22 10 12 8 18 26 22 35 6 17 30 20 46 17 30 14 19 14 10 85 180 133 96 50 
24 26 27 26 24 24 21 32 20 35 41 27 44 46 22 16 39 25 37 12 10 20 14 19 28 25 18 9 11 8 18 4 24 15 22 33 37 43 40 26 25 6 16 15 22 29 27 26 12 20 19 22 41 19 31 22 27 25 14 90 176 133 107 57 
14 24 24 24 27 23 14 23 13 24 26 34 53 55 33 21 31 15 26 16 17 24 22 23 24 22 29 22 15 4 14 14 27 20 20 19 19 24 34 24 17 15 22 20 26 29 22 16 1 17 8 17 31 20 30 24 22 31 8 95 157 115 111 64 
26 26 32 30 36 27 15 24 10 20 13 29 38 26 8 17 29 26 31 33 36 42 32 27 20 33 31 26 22 22 20 19 27 30 30 18 24 11 32 19 19 20 28 24 27 26 18 12 5 12 12 17 34 24 30 24 24 41 13 100 152 114 118 67 
30 32 35 27 41 35 15 34 24 32 23 33 28 13 24 27 37 32 31 29 29 28 24 26 32 34 25 19 17 21 39 38 49 42 35 19 24 12 27 20 29 33 34 27 29 26 12 15 24 24 24 19 36 31 29 34 42 60 48 100 147 104 122 79 
16 15 17 16 39 47 17 31 26 28 31 34 32 21 31 34 36 38 36 37 39 39 44 45 51 48 34 30 19 19 21 25 34 39 35 27 28 6 15 18 26 17 19 19 22 22 17 19 21 10 10 9 39 41 27 33 45 57 50 93 152 105 123 84 
29 23 20 21 38 57 31 29 19 18 14 10 18 11 29 29 36 32 34 31 28 26 29 39 53 55 48 46 24 20 5 12 12 26 33 32 27 14 14 26 27 8 12 13 22 22 15 26 30 14 17 10 40 49 23 22 24 33 36 83 159 109 126 93 
16 15 15 12 25 51 39 36 32 36 42 48 57 60 46 39 38 32 27 30 31 26 31 31 32 31 22 44 10 18 12 14 22 16 31 25 25 15 20 30 26 13 10 13 19 22 10 14 23 9 12 15 31 48 29 31 37 32 33 93 190 143 143 115 
48 38 27 12 7 39 43 27 30 35 46 60 63 55 37 29 41 37 38 45 45 38 42 27 29 30 31 48 13 19 22 26 28 18 23 10 17 15 22 37 24 12 8 17 27 21 14 14 24 22 16 17 17 39 27 30 30 22 19 114 204 161 149 114 
37 36 17 3 17 28 46 21 26 19 28 34 36 41 45 49 39 29 27 31 41 22 39 21 21 38 26 47 12 5 23 19 26 13 11 11 19 19 19 27 15 17 19 27 34 20 15 17 22 31 27 25 19 19 24 38 45 48 38 131 207 166 145 95 
33 34 21 18 26 28 47 31 22 15 24 26 10 29 51 65 45 17 18 7 41 12 35 20 23 40 21 38 15 22 28 17 6 6 11 16 23 21 24 21 12 9 12 24 26 5 10 13 12 22 21 21 30 22 35 45 51 50 72 156 208 183 166 113 
27 31 18 20 16 10 33 22 25 33 40 41 29 22 52 72 44 18 22 13 51 19 35 27 31 55 24 27 10 22 36 23 14 12 15 6 15 19 24 25 17 14 15 30 20 17 13 20 15 13 14 17 39 26 19 18 16 19 95 173 206 196 180 105 
27 29 20 20 22 40 54 53 51 58 62 65 59 54 53 64 39 9 20 22 48 29 30 25 24 46 26 17 11 17 27 17 13 12 15 16 15 18 24 27 25 27 22 33 14 24 4 12 11 20 23 29 42 41 29 28 36 39 118 181 196 191 182 89 
17 19 14 17 26 45 41 41 34 41 53 65 69 66 47 45 27 24 43 44 58 37 36 27 36 51 43 22 15 13 26 30 28 24 20 27 18 17 22 28 21 27 17 24 17 26 9 11 20 30 12 20 31 45 32 24 28 32 124 178 190 189 173 79 
5 10 13 19 31 41 27 22 16 11 19 25 37 36 33 20 12 19 28 42 55 50 51 39 44 43 47 21 17 20 19 29 30 30 38 50 36 24 12 24 13 23 22 20 8 15 10 19 31 39 20 15 9 33 19 18 28 45 142 185 192 193 162 69 
32 28 24 25 29 38 26 20 12 11 14 11 17 21 24 20 10 15 8 15 32 20 32 11 31 29 40 21 29 38 33 52 58 60 62 60 40 29 20 26 16 26 31 22 19 14 14 31 33 48 37 34 31 34 12 18 22 57 161 184 175 175 131 47 
38 37 30 25 28 36 31 26 24 22 29 25 12 19 19 25 13 26 21 16 30 19 28 11 32 31 40 30 39 45 39 48 48 43 39 36 16 16 19 32 26 19 18 23 32 22 17 19 22 23 26 27 33 39 28 32 13 68 176 184 164 166 107 29 
26 34 29 29 29 41 48 46 34 23 24 20 19 19 15 26 17 27 13 14 31 18 25 13 31 26 25 6 15 24 27 38 46 42 39 33 26 25 20 19 15 14 22 34 34 27 12 10 20 10 26 16 24 33 27 32 22 92 190 185 159 158 93 32 
22 34 36 38 31 30 31 32 26 23 17 22 27 26 21 23 18 29 29 31 39 30 19 16 31 27 22 6 10 9 16 30 41 40 31 20 6 19 22 26 17 15 5 10 17 14 6 4 20 6 26 12 15 21 15 26 41 116 199 189 161 145 76 27 
22 35 32 44 38 22 16 13 20 32 17 19 23 13 15 16 13 22 17 19 36 31 8 20 31 28 27 9 9 1 7 19 36 29 26 14 6 20 21 11 10 17 19 22 23 18 17 22 31 27 30 17 17 16 16 28 65 132 191 188 159 126 62 8 
17 24 20 36 39 21 21 22 29 48 26 21 21 22 36 39 36 36 35 32 33 40 19 25 32 32 34 16 15 11 12 19 31 26 25 11 10 19 23 10 16 31 34 38 32 25 25 40 36 30 29 15 21 14 12 32 93 145 187 196 164 109 58 19 
31 27 9 23 41 17 17 10 26 49 25 20 16 15 23 16 8 10 12 12 22 32 16 19 31 35 47 39 32 30 26 19 31 15 15 18 19 25 27 20 31 34 22 14 9 29 31 43 34 22 20 20 31 31 34 52 113 156 182 191 156 81 46 24 
21 19 12 15 31 10 13 19 31 48 27 24 14 17 17 8 14 8 5 8 14 29 13 19 22 30 45 29 15 20 16 22 31 12 13 16 21 32 31 17 27 21 13 19 16 26 26 40 34 30 21 10 14 13 28 62 124 160 179 177 135 62 39 34 
13 11 15 19 33 22 8 7 26 39 19 23 21 32 26 22 22 20 23 21 15 14 15 13 15 24 38 27 16 19 26 34 26 15 23 29 29 34 26 23 34 24 18 26 24 31 24 30 21 32 42 48 41 24 43 94 146 171 183 155 100 45 43 42 
15 17 25 34 41 41 24 24 35 36 30 27 23 29 19 22 26 22 19 15 12 5 12 13 13 20 32 26 30 40 36 36 17 17 22 26 24 23 18 23 36 23 24 24 27 27 24 24 17 29 29 34 31 25 81 140 171 180 175 119 63 29 31 32 
11 11 12 20 27 38 12 11 27 30 13 21 24 29 19 16 17 15 16 15 15 12 15 13 4 8 20 29 35 37 33 26 15 26 18 26 34 35 32 35 27 15 29 39 32 27 17 19 8 12 22 27 38 69 137 173 185 173 140 71 29 22 27 34 
17 16 8 14 24 34 14 8 26 29 11 24 34 41 36 32 32 28 26 19 14 6 16 21 17 26 33 43 37 35 26 22 20 32 22 32 40 35 37 36 23 26 21 29 32 23 17 10 13 6 16 17 43 104 165 193 199 163 104 37 17 24 26 34 
20 24 17 17 29 34 36 36 41 37 23 25 29 39 36 35 32 32 31 31 26 23 24 25 13 12 15 22 26 25 22 27 22 29 19 20 22 10 11 18 13 26 19 24 21 20 17 19 16 5 13 12 58 140 190 202 194 140 72 38 26 32 37 41 
17 24 25 16 31 20 18 15 36 25 38 36 28 35 20 21 26 25 28 20 15 11 12 15 8 22 27 32 27 32 31 27 16 28 15 17 26 23 20 22 15 29 19 33 30 26 22 29 34 33 41 46 96 185 218 206 178 107 48 44 43 52 54 58 
19 27 29 32 45 38 37 27 47 23 49 32 22 38 7 30 30 27 31 26 21 14 12 10 11 20 22 28 29 42 39 32 21 29 20 17 15 10 17 27 32 33 31 41 38 38 38 29 24 17 22 45 124 204 225 196 147 71 22 29 29 38 39 38 
9 21 24 25 35 20 19 12 53 24 46 29 23 41 7 33 29 20 22 22 19 13 13 23 26 34 29 26 29 32 27 21 13 21 24 12 17 10 5 26 22 17 13 26 21 11 15 15 24 24 29 74 148 213 221 179 109 41 17 26 29 39 41 43 
19 26 21 20 25 19 19 13 45 19 35 24 29 48 22 35 34 19 20 25 25 17 20 33 48 57 48 30 26 20 11 20 19 22 31 19 13 12 18 26 24 15 12 27 24 15 10 22 28 20 48 119 179 219 207 146 72 24 24 34 41 47 48 48 
31 34 38 29 27 19 18 17 33 16 17 26 34 48 34 38 39 25 27 31 27 24 37 37 41 34 37 20 11 20 20 24 17 6 32 29 16 13 17 34 26 24 28 29 26 19 15 32 33 13 78 145 190 220 186 113 57 26 26 27 28 29 40 46 
48 43 34 25 15 14 20 30 31 19 12 19 20 26 12 17 28 12 27 26 22 22 44 44 12 13 30 29 15 27 29 28 16 6 31 35 16 19 23 43 37 36 36 31 18 15 31 46 21 39 119 176 204 209 152 80 50 19 13 16 22 33 48 52 
50 44 28 19 20 30 30 31 21 24 26 39 33 31 20 22 31 15 27 16 12 14 43 49 10 23 24 20 10 21 29 33 27 31 41 50 25 18 26 45 27 24 28 24 13 28 48 39 29 95 171 208 209 189 121 51 45 26 21 24 19 32 46 46 
61 53 36 36 29 22 26 28 17 20 25 34 26 24 21 26 32 5 25 11 12 12 37 51 29 32 20 19 10 11 14 13 8 10 24 37 30 26 28 41 25 20 21 17 27 34 39 21 81 147 201 203 175 135 76 34 46 32 20 24 17 26 48 45 
52 39 22 44 38 21 17 15 5 8 16 24 21 17 22 32 32 12 28 22 25 18 22 41 36 39 21 10 6 5 13 4 6 3 24 22 27 31 35 48 28 22 25 24 35 39 36 80 160 206 227 195 143 91 53 36 50 36 22 27 15 29 43 43 
48 41 29 41 36 13 13 19 17 15 14 19 22 14 27 29 31 13 17 28 32 34 31 23 26 19 15 9 6 8 27 24 29 26 29 27 16 17 13 39 21 24 34 31 38 41 64 129 209 227 209 171 113 57 38 46 48 29 12 29 26 28 37 34 
45 32 20 33 23 12 11 17 22 17 27 43 51 41 26 19 24 23 12 10 20 26 27 24 29 17 14 9 10 10 31 20 20 15 29 24 18 24 24 45 29 24 29 33 46 72 118 182 232 203 145 97 40 13 40 58 43 29 15 22 28 24 29 26 
33 25 18 20 19 12 11 24 26 25 31 47 63 65 48 26 12 23 29 18 14 19 18 24 31 8 11 12 3 15 35 23 23 19 36 36 22 22 15 43 34 27 31 36 53 95 159 212 229 169 99 52 6 26 38 64 37 26 13 19 32 22 31 28 
65 57 40 26 10 7 8 24 24 20 31 29 26 34 34 34 27 20 31 31 11 7 8 22 34 12 10 5 6 29 37 24 27 23 48 36 17 10 6 38 36 28 34 60 93 140 185 201 184 112 56 20 19 15 38 61 38 37 16 25 27 22 34 36 
50 46 37 23 9 6 11 20 16 15 32 38 11 14 13 22 28 19 34 35 19 15 17 13 29 16 13 12 16 32 25 24 22 25 47 34 24 18 4 28 32 43 69 106 147 178 186 163 123 55 7 15 27 11 36 51 45 55 35 15 20 19 34 39 
27 31 24 18 2 13 20 17 10 13 28 43 15 7 9 27 41 30 36 32 21 20 27 31 39 34 26 21 27 38 22 23 29 26 41 26 23 22 20 29 45 81 108 137 173 182 168 134 95 38 17 23 36 27 39 26 24 57 43 24 15 5 30 36 
43 33 19 12 26 30 27 17 16 31 36 58 31 13 15 36 53 38 32 17 6 5 17 26 32 30 19 19 27 32 22 28 29 30 32 20 20 19 30 41 69 117 145 163 175 152 118 76 43 15 20 28 42 43 47 32 19 45 31 20 20 22 38 41 
27 19 10 24 36 38 34 32 32 44 39 65 49 36 21 24 46 32 24 17 8 12 12 17 15 21 17 17 29 37 39 38 46 39 28 20 22 17 35 50 102 163 196 180 162 128 83 39 26 16 22 20 33 27 26 20 15 32 28 26 24 26 29 26 
32 32 31 33 40 39 42 38 34 38 15 43 38 38 29 38 48 36 28 22 16 6 17 16 14 20 15 17 22 34 34 27 24 22 19 20 27 38 78 108 169 220 215 163 119 85 50 22 29 38 31 27 29 26 14 30 23 39 45 45 29 19 11 17 
28 40 48 50 48 49 42 35 31 36 24 36 32 39 17 29 31 19 15 23 26 7 16 10 1 10 5 9 15 14 14 8 8 7 19 18 41 86 144 180 215 222 182 119 76 53 36 18 34 40 24 25 28 24 24 34 20 21 27 28 22 19 19 20 
31 47 49 52 57 49 39 25 21 25 22 32 24 36 12 38 20 12 15 22 36 14 17 8 10 10 13 25 31 34 32 16 18 6 33 55 104 150 197 206 195 168 122 69 46 36 30 15 24 38 25 31 26 28 33 41 15 15 22 31 22 23 28 32 
34 51 50 52 55 46 34 11 17 20 14 13 13 37 24 32 19 17 24 24 36 8 15 12 12 24 24 26 27 22 15 6 16 36 85 128 168 198 217 204 163 133 92 54 42 36 27 19 20 32 27 26 26 26 33 43 21 17 18 34 19 20 8 8 
26 38 38 41 46 34 29 3 12 18 13 11 16 32 22 22 10 11 18 13 38 16 22 24 28 31 22 20 8 24 11 15 46 95 147 188 203 209 206 177 126 95 61 45 43 45 36 32 18 18 23 25 22 20 24 38 8 12 22 43 26 32 16 15 
20 27 25 31 36 33 30 12 8 22 8 6 8 20 21 11 12 10 9 10 36 25 13 17 33 37 27 19 20 29 39 75 115 155 190 215 206 186 165 117 61 31 27 15 23 38 40 40 32 24 26 20 16 14 22 46 47 45 46 46 25 31 17 9 
22 18 19 17 19 14 22 17 8 26 8 9 7 13 21 20 24 27 19 19 32 37 13 22 39 38 39 44 54 81 114 155 182 202 218 214 173 138 107 64 27 13 17 10 18 22 33 33 32 31 12 19 11 15 25 32 34 27 18 13 17 29 12 19 
6 10 14 1 17 23 29 28 18 31 7 7 7 12 13 12 13 17 8 17 28 37 12 29 50 53 58 71 95 117 143 179 199 197 183 164 107 62 46 28 22 33 33 32 27 32 36 31 36 41 19 24 13 17 36 8 17 19 14 14 25 24 3 14 
23 20 20 8 17 13 15 14 12 26 4 10 17 18 16 13 12 18 17 20 18 29 26 50 78 94 112 138 159 171 185 201 199 165 128 97 41 8 22 26 10 12 13 13 19 31 36 34 36 50 27 26 23 17 36 20 22 24 24 17 20 12 20 24 
9 10 10 15 24 26 18 13 17 23 24 29 34 26 24 15 17 17 11 10 29 57 93 124 150 160 173 185 208 215 217 213 185 131 84 55 17 8 12 26 21 24 27 38 36 37 36 31 34 50 31 27 28 24 31 22 12 19 26 22 17 15 26 31 
14 13 17 13 19 29 24 24 12 12 15 21 17 17 19 24 20 19 16 38 75 108 148 161 174 180 187 192 210 196 170 143 102 55 24 8 4 12 8 24 22 10 12 21 24 31 29 38 42 57 45 36 29 23 27 36 34 34 38 24 29 29 45 45 
10 16 22 15 14 21 26 36 29 22 26 18 5 24 37 50 62 73 100 115 137 154 167 159 161 166 159 161 164 119 72 42 16 26 46 39 36 34 29 32 29 9 17 16 27 29 29 39 36 47 41 33 29 22 6 19 15 19 19 18 22 30 37 45 
22 26 34 29 22 16 19 24 16 25 43 60 80 101 116 125 149 166 185 186 187 187 182 166 161 160 139 119 100 45 15 14 28 45 54 44 41 39 35 49 49 35 31 29 37 41 45 53 54 50 48 38 29 21 14 15 14 18 12 16 29 32 31 29 
43 53 69 78 86 91 94 92 91 103 124 143 162 176 178 178 181 185 194 193 187 182 168 144 131 118 90 63 53 22 17 19 20 26 38 12 16 8 13 33 41 22 17 13 27 33 36 43 33 37 35 29 24 16 1 12 18 26 22 17 15 15 19 21 
164 164 166 168 170 168 170 176 175 170 165 165 170 182 180 194 196 196 196 191 175 159 128 94 71 58 37 28 29 15 22 27 26 23 28 11 17 15 15 26 32 6 9 19 26 31 29 41 22 26 22 27 18 13 18 19 32 21 14 15 8 15 24 31 
154 142 131 125 122 111 111 119 125 121 123 132 143 163 169 185 189 185 176 158 131 105 72 47 29 20 20 27 16 15 26 34 38 31 25 11 15 13 17 24 32 16 19 21 31 31 31 40 26 29 29 30 22 19 38 31 51 30 23 18 19 27 39 45 
132 123 123 122 109 100 95 96 102 113 133 145 159 170 157 142 122 101 82 62 47 36 29 35 35 37 42 36 16 16 22 33 36 19 7 11 17 20 30 29 38 29 27 32 35 38 31 38 23 37 31 40 31 27 45 10 52 27 13 15 10 26 29 35 
81 77 79 86 72 70 67 64 60 73 95 98 111 119 96 74 48 24 20 19 22 20 13 24 25 31 41 34 27 22 20 34 34 17 24 16 21 26 31 38 47 38 33 36 41 39 34 41 24 39 22 27 24 34 55 6 56 33 18 19 24 35 15 9 

50 52 52 50 41 36 31 38 34 46 62 38 31 39 19 19 45 29 52 28 29 17 17 13 23 34 24 15 12 36 38 27 24 14 10 19 32 36 40 41 38 26 17 17 17 23 22 47 8 17 36 8 41 30 35 17 5 20 26 79 175 127 100 64 
53 54 55 50 43 36 28 35 27 41 53 30 31 41 20 18 44 27 44 20 18 20 23 26 31 25 15 10 13 28 27 22 27 20 13 19 26 30 36 36 32 24 19 15 19 26 23 43 7 17 30 12 40 31 36 17 8 18 25 78 174 129 103 62 
53 54 53 50 39 32 26 28 13 27 37 16 34 36 19 17 34 22 29 8 8 15 7 18 22 13 10 12 12 11 16 3 21 12 15 21 20 24 28 24 26 13 14 8 10 15 20 33 11 16 17 20 39 31 38 25 17 20 20 85 169 128 114 67 
46 52 50 40 36 30 19 27 10 19 27 27 48 46 31 24 27 18 15 7 14 21 16 19 10 12 19 20 10 7 12 9 20 16 20 14 16 6 24 15 13 8 20 8 14 14 21 22 6 13 3 15 26 29 37 22 10 19 15 90 154 114 114 70 
54 52 53 47 40 27 22 22 7 18 14 28 34 20 10 5 19 16 19 26 31 33 24 16 8 29 27 33 20 20 15 17 19 25 29 24 28 13 27 12 11 12 21 17 18 15 19 22 13 19 15 21 31 27 32 26 15 32 6 96 149 111 125 78 
54 57 53 43 44 31 12 27 15 17 19 26 31 15 12 14 24 28 29 33 32 26 17 16 22 27 17 20 16 23 32 39 36 40 26 15 28 14 26 22 24 26 24 14 12 10 12 24 22 26 24 22 31 26 31 32 36 49 38 99 142 104 123 79 
45 45 41 32 43 37 13 24 22 26 30 37 40 28 27 29 38 36 35 34 32 30 32 31 38 36 27 30 15 17 26 36 34 41 32 21 26 12 22 26 21 17 12 3 9 11 17 26 24 17 15 11 33 39 31 38 46 55 45 95 148 105 126 86 
44 43 38 36 47 48 22 19 16 22 27 26 25 8 12 27 36 31 29 25 20 10 12 25 40 38 41 39 19 17 16 18 14 21 27 25 24 12 17 29 24 12 10 12 15 15 15 22 25 16 14 7 30 43 27 28 35 35 32 88 157 109 124 88 
45 36 33 30 37 46 34 24 26 28 36 46 50 53 48 43 41 33 25 25 19 16 20 20 20 19 21 39 10 11 14 17 25 10 29 22 21 16 15 32 21 17 17 22 24 24 23 23 27 13 15 10 24 45 25 26 34 37 35 94 180 139 140 104 
50 43 29 20 21 32 30 12 20 23 36 49 55 54 45 38 38 21 19 24 27 19 28 17 17 20 24 38 12 13 21 24 26 18 28 15 14 19 20 36 15 6 11 20 29 24 20 23 27 24 17 10 13 32 16 17 16 19 19 109 197 156 142 105 
32 34 21 17 16 24 32 11 18 22 20 21 33 43 51 51 37 18 17 25 36 17 31 10 17 30 25 42 14 17 31 28 34 17 16 12 18 22 15 27 10 22 22 31 37 27 24 27 31 34 30 24 15 19 20 32 32 29 29 126 201 170 149 102 
20 24 18 19 20 29 43 27 26 27 29 26 28 35 57 58 38 10 12 22 42 24 38 20 20 35 20 38 22 27 29 22 18 8 7 13 19 25 26 19 6 15 9 23 27 14 17 20 22 24 20 16 22 20 31 41 46 43 64 145 201 182 168 120 
20 22 20 23 7 18 29 27 20 31 35 34 27 30 50 57 39 13 19 28 52 29 39 23 24 48 16 29 25 39 41 32 24 19 19 7 8 19 27 20 19 17 10 27 19 23 14 23 21 24 20 20 29 18 10 10 18 20 91 164 201 194 176 109 
26 20 13 19 22 42 44 41 39 41 46 46 45 41 43 49 37 19 27 35 52 35 38 22 13 43 17 20 23 32 38 25 30 28 29 23 17 19 22 18 22 24 17 29 15 26 6 13 18 26 32 31 39 36 25 28 34 44 120 177 192 189 178 92 
19 15 5 9 30 45 35 36 31 39 50 58 61 54 41 32 26 32 45 54 60 45 48 32 27 49 38 29 24 24 35 36 36 35 33 32 23 24 23 24 19 22 9 24 14 26 3 8 17 29 32 34 32 42 25 19 19 33 126 178 187 185 169 80 
7 8 12 13 31 44 15 11 19 14 24 30 34 34 31 19 17 28 36 53 60 57 55 39 26 39 33 22 22 22 32 31 34 38 43 49 41 32 20 24 7 20 15 24 7 13 6 8 21 36 34 29 23 33 23 15 16 33 137 180 183 178 155 67 
38 37 29 19 25 36 11 10 14 13 18 20 22 24 26 26 19 26 29 36 47 33 43 22 16 31 32 15 24 26 31 48 50 50 52 45 39 32 27 30 13 18 19 21 16 19 21 27 32 44 42 34 24 24 15 17 18 47 155 182 175 174 133 46 
43 41 31 19 17 33 13 11 10 11 14 22 24 29 31 32 25 27 25 29 36 25 36 16 22 34 36 33 39 38 45 41 32 24 20 16 13 19 22 35 29 20 15 28 29 26 17 15 20 24 26 24 25 29 24 21 8 66 168 186 168 159 107 28 
27 29 24 26 17 32 29 31 26 19 13 19 27 31 31 31 24 29 15 23 33 20 26 13 17 30 23 7 13 12 24 26 20 9 8 22 26 27 24 19 13 9 25 32 34 30 21 13 27 16 20 12 17 27 27 28 23 90 180 188 168 152 87 21 
24 30 32 36 28 36 38 43 39 29 17 22 34 27 24 25 19 29 26 27 39 26 20 12 21 27 22 12 15 10 17 17 23 13 19 19 21 30 33 29 20 20 17 27 27 28 31 27 28 14 15 10 15 16 12 15 43 118 190 192 167 142 78 29 
12 21 31 39 34 37 41 34 29 25 9 16 25 18 19 20 17 27 20 20 29 22 10 14 20 26 29 17 19 19 15 17 28 18 36 33 34 34 29 20 18 24 26 36 43 42 36 38 38 22 16 17 24 22 14 25 71 143 197 194 166 122 57 15 
22 24 19 32 38 41 40 39 32 41 23 17 22 11 29 31 29 33 31 29 27 29 8 13 17 20 28 21 17 20 21 30 41 31 39 34 41 41 34 26 15 31 31 36 36 40 38 50 40 22 8 10 26 17 9 26 95 159 190 197 164 98 46 24 
31 29 17 18 28 32 34 28 29 38 10 11 20 15 24 6 8 22 19 21 17 26 15 17 23 26 40 35 25 24 26 25 36 22 34 39 46 43 37 20 15 27 17 13 20 29 34 48 37 11 6 21 34 29 24 43 115 166 185 189 149 71 37 36 
24 21 17 14 26 27 33 35 33 43 16 20 25 32 29 17 17 15 17 12 10 22 8 12 12 14 38 33 20 17 15 19 36 22 37 39 48 46 32 17 16 19 12 19 15 21 22 37 30 22 17 19 20 26 26 64 131 175 185 176 128 52 27 27 
22 22 17 12 17 19 27 27 41 38 19 23 27 44 36 33 26 25 26 18 12 12 12 10 12 13 36 30 7 4 12 25 31 20 34 36 40 36 26 8 19 19 17 17 13 10 15 27 14 21 36 43 39 24 36 94 150 183 181 150 98 39 29 28 
24 27 27 26 24 23 17 27 42 39 30 21 20 36 34 31 32 26 21 10 12 10 17 15 8 12 33 24 20 27 28 27 19 14 20 23 25 21 15 8 23 20 24 25 28 21 16 16 16 15 25 33 32 20 72 132 168 182 171 119 64 31 27 26 
22 24 24 24 24 24 14 22 36 31 17 17 24 29 19 13 13 14 3 13 16 13 15 14 10 10 27 24 26 31 29 24 10 17 14 15 22 24 20 27 24 20 27 36 36 27 17 12 9 6 20 31 39 69 128 175 190 178 143 74 39 24 23 26 
16 20 23 24 29 31 12 9 34 29 10 24 31 36 34 27 29 27 22 26 19 14 19 22 17 24 31 33 26 22 13 11 19 27 19 19 25 32 34 38 32 26 17 22 29 26 13 6 7 9 19 21 46 99 160 198 200 170 111 46 29 28 25 29 
22 25 24 34 35 34 34 27 39 33 25 26 26 33 34 21 20 22 23 33 24 25 19 19 13 15 20 27 24 20 3 20 26 31 26 23 24 20 22 29 26 29 15 25 14 19 10 10 12 8 16 19 68 135 182 199 184 136 71 39 34 41 42 43 
23 29 29 31 39 26 27 20 45 33 35 34 25 33 22 19 26 24 24 23 12 13 13 15 15 26 25 28 19 13 10 21 27 33 30 27 32 30 34 37 32 26 15 24 15 12 8 19 26 26 26 39 107 178 205 197 166 100 48 36 41 52 53 52 
26 35 34 38 42 33 30 21 50 27 43 33 19 31 15 27 32 29 22 21 12 13 8 14 15 22 20 26 24 33 34 35 32 35 32 30 26 21 23 26 26 26 22 32 31 31 33 32 35 29 27 57 137 203 219 192 140 66 22 18 27 34 34 31 
23 31 32 32 39 28 27 26 52 30 39 32 19 38 13 33 31 13 11 13 17 11 20 24 26 29 21 20 21 21 21 21 20 22 27 26 29 20 20 13 13 15 14 20 16 20 32 43 44 39 40 90 164 218 221 174 103 37 14 9 15 29 29 31 
21 29 29 17 27 27 21 22 36 15 32 28 26 39 28 36 32 14 13 13 16 15 26 33 39 44 32 21 5 15 18 23 22 24 25 19 18 12 10 17 13 2 16 24 16 17 32 45 45 30 62 134 194 225 202 139 65 19 20 22 25 31 32 34 
26 34 37 28 22 14 14 24 25 15 18 26 26 36 29 36 31 19 19 17 17 17 39 35 27 25 24 20 6 16 15 13 8 10 27 29 19 18 9 24 21 10 22 23 18 19 36 42 36 23 93 161 203 222 179 104 46 16 25 18 12 18 27 34 
28 29 28 31 16 17 26 31 28 20 19 28 24 21 15 15 20 10 21 16 13 13 44 43 15 17 23 29 16 19 17 16 6 8 28 36 18 14 17 43 38 34 35 26 14 19 35 36 14 53 138 187 211 209 150 73 39 20 14 10 9 20 38 43 
27 27 17 35 26 30 27 27 20 21 22 33 26 22 13 17 18 8 18 15 15 12 39 41 8 21 20 26 17 22 26 29 28 29 39 52 24 19 21 45 39 31 26 15 21 29 41 20 37 109 187 216 217 185 113 46 36 21 17 12 12 19 31 33 
39 35 23 48 32 18 19 26 22 26 28 38 31 26 18 14 17 11 21 11 7 12 35 45 32 33 24 22 14 6 13 7 13 9 28 43 32 26 28 45 32 24 21 9 27 29 24 24 96 159 209 207 179 125 65 30 36 27 13 12 11 13 31 31 
31 27 16 50 37 24 20 21 13 17 24 36 34 27 22 16 19 13 22 19 14 10 15 35 38 37 27 13 4 5 16 5 13 13 23 29 27 31 31 45 29 24 24 18 32 20 32 85 165 206 219 189 143 85 46 36 39 25 19 17 6 13 21 17 
51 46 36 43 26 8 19 22 22 17 21 31 37 30 19 16 21 22 27 36 42 43 35 23 16 8 8 8 9 8 23 16 23 23 28 28 20 25 19 41 24 24 25 19 29 22 60 126 204 222 201 161 107 48 35 44 41 24 17 24 17 15 19 7 
47 40 26 26 15 8 20 7 17 10 21 37 44 40 24 12 17 20 14 18 23 29 31 31 30 19 16 11 12 9 26 8 13 15 30 28 22 22 20 41 23 18 23 15 31 68 117 179 236 200 139 97 52 22 36 60 38 21 19 24 26 17 19 8 
39 31 15 12 5 12 17 15 25 20 27 31 46 48 38 24 5 15 22 17 11 16 18 27 25 12 13 12 8 11 29 14 13 20 36 34 26 22 17 44 26 22 22 17 48 107 166 213 234 171 104 59 20 34 41 60 31 23 21 26 29 15 15 12 
53 45 29 18 8 11 14 11 25 29 38 34 9 24 28 30 24 13 21 24 13 16 19 29 31 11 13 5 5 24 29 19 16 22 43 31 21 17 13 40 22 19 39 63 105 159 192 201 185 112 52 26 22 35 46 55 26 26 17 27 20 14 17 15 
38 36 24 20 6 8 8 17 28 35 45 45 24 12 13 15 19 12 24 26 8 9 12 22 28 20 22 12 15 27 20 12 16 14 41 28 27 23 13 32 22 39 78 108 155 192 188 159 126 59 18 3 28 36 44 41 29 43 26 20 14 14 20 19 
26 36 29 21 7 4 15 23 32 35 43 52 32 15 6 15 27 17 20 24 21 27 29 28 29 22 13 8 17 34 12 12 22 19 39 29 31 26 19 26 37 76 114 139 179 188 161 126 90 38 19 17 32 40 48 34 20 46 29 21 10 11 22 22 
48 43 31 18 11 16 22 28 38 44 51 64 48 24 17 22 38 20 13 12 8 12 20 29 36 29 19 12 16 27 6 13 19 19 28 20 26 21 25 36 63 115 155 166 180 164 116 73 44 22 22 21 31 30 39 28 22 44 28 15 17 23 36 36 
40 36 26 26 29 33 34 38 45 46 47 67 60 44 29 12 30 20 10 16 13 15 13 17 13 10 10 8 13 26 27 31 39 39 31 26 27 12 38 55 104 169 197 176 164 130 76 31 22 17 20 17 23 10 22 15 19 37 23 24 17 26 33 27 
43 40 41 39 40 39 42 41 38 41 28 42 47 43 34 28 36 26 19 19 11 9 17 18 17 17 17 13 21 26 31 31 27 26 23 24 23 24 78 113 169 219 212 155 110 84 41 12 26 30 29 24 26 14 11 21 19 37 37 38 22 21 15 16 
36 44 50 53 47 45 36 34 36 35 32 38 43 41 31 11 19 12 6 19 19 5 13 12 6 3 5 5 10 5 20 18 18 17 19 15 32 79 147 180 211 220 179 112 71 55 26 15 35 33 26 24 27 17 13 26 21 29 34 22 14 12 10 12 
34 41 48 48 46 39 30 23 23 27 23 32 33 39 21 17 16 13 11 29 24 13 15 16 6 6 12 21 27 27 27 15 16 9 27 53 97 149 202 209 196 174 130 76 48 37 24 12 24 30 25 28 25 20 20 24 20 22 28 24 19 17 17 16 
34 43 45 43 41 31 24 19 24 28 25 25 24 39 32 26 25 20 23 32 36 15 19 22 19 19 27 38 32 27 16 6 8 30 81 133 166 199 225 211 164 135 98 54 36 25 17 9 19 26 24 20 20 12 16 29 20 27 26 34 21 29 26 32 
19 24 27 22 22 15 12 5 15 20 17 19 22 33 26 16 7 14 22 32 37 22 23 27 28 28 31 34 22 26 18 21 46 91 149 197 210 211 213 179 123 95 69 42 39 36 27 25 8 12 22 22 21 15 11 25 10 15 22 39 25 33 35 37 
29 26 18 12 16 15 20 18 20 26 19 18 17 26 24 17 11 12 19 24 34 26 13 17 36 35 37 40 32 28 38 77 120 158 194 220 210 182 166 118 60 32 29 14 23 30 29 31 23 20 31 22 19 17 19 35 32 33 34 33 19 30 29 29 
28 24 25 23 17 13 13 11 19 27 19 20 19 20 20 27 27 31 32 31 36 32 12 20 38 36 43 48 62 83 119 159 192 208 217 219 176 130 105 62 27 17 22 12 11 18 26 27 32 31 17 24 22 23 35 30 27 16 10 14 20 27 17 20 
8 13 14 13 17 23 26 25 28 30 20 17 20 13 15 17 12 13 13 19 27 32 11 19 42 46 60 81 105 125 154 182 215 208 189 170 114 63 36 24 17 26 29 30 20 24 24 24 31 39 24 33 30 35 48 32 29 23 13 12 23 17 7 6 
22 22 21 22 15 6 12 13 24 27 15 15 25 18 25 17 22 26 31 29 23 27 17 36 62 79 102 129 149 166 182 200 206 174 130 95 48 14 13 24 11 12 13 6 11 27 27 20 30 45 31 37 34 31 50 36 34 32 26 24 16 8 17 22 
5 10 11 15 19 16 9 12 20 21 22 29 35 25 26 13 11 17 19 13 26 49 83 111 134 154 164 178 201 210 211 205 182 128 73 41 19 19 9 22 19 22 27 34 31 33 27 26 34 48 38 36 32 27 42 30 24 12 17 20 7 8 20 31 
8 9 10 14 19 20 20 13 14 10 21 26 26 11 17 15 13 18 22 38 71 104 143 161 175 189 195 201 216 199 171 142 105 52 24 10 16 18 10 21 19 11 13 16 17 19 19 29 45 57 48 38 27 17 25 27 25 19 23 16 10 8 12 20 
8 14 15 16 17 22 27 29 25 17 23 18 12 15 30 40 55 70 95 112 136 155 170 167 169 176 170 170 170 128 82 57 29 15 44 36 38 31 26 29 24 10 15 12 14 15 20 29 36 45 35 25 15 9 8 13 8 4 15 19 17 18 19 26 
28 30 31 30 26 17 12 17 15 20 43 55 77 98 111 124 147 163 180 185 184 187 185 175 168 163 140 117 102 57 29 23 20 36 53 46 45 39 29 41 36 23 25 30 26 33 38 49 48 46 41 22 8 8 15 12 5 5 3 6 16 19 22 13 
51 58 65 75 81 86 89 89 90 100 123 141 166 182 189 193 197 196 201 202 190 188 180 156 142 123 91 66 62 42 31 17 10 31 45 31 34 28 24 38 34 23 19 12 15 22 30 41 36 37 29 15 8 6 9 4 14 24 19 18 13 18 23 23 
173 173 172 175 170 171 170 177 175 171 168 170 176 189 194 203 209 204 204 199 181 164 134 97 72 52 39 38 42 35 29 20 15 25 38 32 37 31 28 27 29 5 9 12 17 19 21 41 36 35 26 22 10 5 19 17 28 19 13 16 11 17 25 27 
149 138 128 125 123 114 109 121 122 123 128 140 152 171 176 185 187 182 171 156 130 103 65 42 16 13 17 27 30 27 29 25 24 30 31 31 33 26 23 19 24 8 15 15 24 26 26 42 40 49 39 34 20 17 37 28 43 27 20 19 18 25 34 38 
131 127 119 121 112 99 95 98 102 114 137 152 170 180 168 149 126 98 77 61 45 34 27 35 27 25 31 31 24 21 24 22 26 24 27 31 32 26 22 8 26 22 26 28 28 32 29 45 44 55 39 38 25 29 48 31 42 26 11 17 14 22 30 37 
84 85 82 87 76 70 69 65 65 78 104 105 114 126 102 76 46 22 19 26 29 23 15 31 26 25 30 30 23 22 20 24 22 21 33 29 30 19 24 9 25 27 33 34 34 35 36 50 48 56 33 31 15 29 60 32 46 27 7 17 22 28 24 19 

31 38 50 59 57 45 30 30 24 38 52 31 16 33 21 19 33 12 39 13 19 7 8 7 12 30 30 24 21 39 28 28 27 12 20 29 36 41 45 48 50 43 35 32 26 21 24 44 26 35 52 37 27 16 26 21 22 24 26 79 171 124 113 77 
31 36 48 57 52 41 29 32 23 37 45 23 18 31 21 19 33 12 30 13 8 11 17 21 20 26 26 23 21 26 22 28 29 17 13 19 32 31 37 38 40 34 34 29 27 24 27 41 24 35 43 30 21 15 31 23 22 25 20 79 170 126 115 75 
25 32 39 46 43 33 26 29 17 30 34 6 29 30 19 16 24 17 16 7 8 14 6 13 15 19 22 24 16 16 11 12 19 10 6 11 17 19 24 24 27 27 26 22 20 19 24 36 22 29 34 24 15 19 34 30 23 21 20 83 166 124 119 76 
23 29 35 37 33 26 21 28 17 26 26 21 42 38 29 24 24 19 17 20 19 19 14 17 5 15 23 20 18 12 15 1 19 19 22 22 22 15 22 25 25 20 31 21 23 22 31 25 23 27 27 17 5 22 33 26 20 19 6 88 152 114 125 81 
29 32 39 40 36 17 26 30 18 23 17 32 38 21 10 6 12 19 11 17 27 26 18 15 11 27 28 27 18 16 10 12 12 17 19 17 27 20 27 22 23 23 31 23 25 21 26 22 24 28 28 23 15 17 32 26 19 21 2 97 150 111 128 83 
41 46 50 45 41 23 19 26 24 29 24 32 31 12 5 4 19 17 13 20 29 24 15 13 22 24 11 17 14 21 26 27 29 24 15 6 17 15 26 22 26 26 29 20 20 16 16 17 24 29 31 24 19 16 29 31 31 38 28 100 147 107 131 88 
38 39 38 34 41 22 17 29 34 33 32 35 34 22 19 24 24 18 10 18 24 23 22 21 32 29 23 22 13 21 27 36 41 44 34 20 15 16 30 26 17 20 19 20 22 12 10 18 19 9 13 9 17 23 25 34 36 40 32 95 147 107 128 84 
42 42 43 41 46 29 12 24 32 32 31 34 30 15 5 8 20 11 6 13 15 13 9 23 36 40 36 31 13 18 12 17 19 32 36 24 17 16 28 29 14 17 24 24 26 12 6 10 24 5 16 11 15 31 20 19 27 24 19 88 153 110 124 84 
51 50 46 45 48 48 31 23 22 17 18 32 39 37 34 28 22 18 22 26 26 18 15 24 34 33 29 28 6 14 9 12 17 22 34 19 13 13 22 36 17 13 17 20 24 12 6 8 16 10 14 9 13 29 15 13 22 28 22 91 173 131 133 93 
50 50 45 38 39 41 34 19 23 22 22 36 46 45 38 26 19 8 17 17 20 13 26 29 31 28 27 26 11 17 18 19 22 14 32 15 10 15 19 33 12 10 11 14 19 6 9 10 17 15 13 3 12 27 14 4 8 14 12 97 181 149 138 95 
41 46 41 39 34 34 32 24 28 38 37 34 38 40 45 35 21 14 22 29 34 21 36 34 35 40 27 30 13 19 29 30 34 29 25 19 14 15 15 27 14 28 27 26 29 20 21 23 24 27 28 13 5 18 22 27 20 14 24 112 188 163 145 101 
37 40 42 39 34 43 45 35 36 45 48 48 48 43 52 44 26 12 21 31 45 31 43 37 34 38 26 31 10 18 20 19 27 31 27 23 24 13 17 17 14 25 15 12 20 23 25 24 26 26 26 20 16 22 34 41 43 38 60 128 184 178 166 126 
39 39 38 38 24 38 36 37 29 37 41 41 44 44 48 43 31 15 26 36 52 38 46 38 34 45 17 26 25 35 35 27 29 37 40 39 29 20 20 21 20 25 8 15 21 32 29 34 32 36 38 32 29 14 15 19 24 27 88 152 190 188 173 113 
35 26 22 22 25 39 37 26 21 24 27 24 34 38 39 32 28 20 32 39 52 39 46 38 33 41 15 14 10 27 29 25 32 40 48 45 41 29 21 22 26 29 13 18 20 37 29 32 38 45 50 48 38 26 15 27 33 41 117 168 185 187 172 96 
16 14 5 19 34 48 32 29 28 36 40 39 39 38 29 22 20 30 41 53 60 50 53 42 36 52 32 25 17 13 28 31 39 43 45 46 45 38 28 24 20 22 3 22 24 41 32 37 40 48 56 53 45 36 19 16 13 29 128 175 184 185 167 84 
12 5 13 15 29 43 16 11 19 30 39 38 30 24 19 15 13 26 36 48 57 50 53 38 20 33 20 3 15 13 28 31 34 46 48 48 46 36 26 24 10 22 11 23 23 35 37 34 38 48 50 43 39 36 22 20 5 30 141 180 179 180 157 70 
31 27 26 13 22 38 3 10 22 34 43 47 39 29 24 24 15 24 27 36 43 30 43 27 10 34 26 13 22 12 32 41 43 50 45 32 33 30 28 32 9 9 15 30 32 41 40 43 44 45 41 37 26 20 24 19 20 52 156 187 181 174 133 50 
45 38 30 24 12 34 10 5 14 22 29 38 37 36 31 28 20 26 19 30 34 26 36 15 14 40 37 34 40 34 43 38 27 31 25 22 21 19 20 32 24 20 24 30 39 40 41 37 34 32 23 19 22 10 16 12 5 64 168 190 175 164 111 34 
24 21 14 23 12 33 17 8 8 11 20 28 32 34 31 27 22 22 15 26 38 21 29 10 10 37 32 31 35 26 32 27 19 18 16 33 36 36 40 30 20 22 31 33 38 41 39 32 34 23 10 17 20 27 31 27 20 93 182 192 170 148 83 11 
18 24 24 29 22 32 34 32 29 22 20 20 32 31 25 26 16 27 17 28 34 22 20 7 20 38 40 38 39 30 29 23 20 8 25 31 34 40 43 31 24 25 27 32 34 40 45 41 38 13 12 26 30 28 24 14 41 126 193 192 169 132 62 19 
9 10 17 27 17 29 31 33 23 17 6 14 26 22 23 24 19 26 20 20 26 22 11 14 22 39 40 41 34 35 32 28 35 31 49 50 47 41 37 27 22 24 32 38 46 45 43 45 42 15 17 27 33 34 29 30 81 157 197 197 165 110 45 26 
32 29 26 24 11 22 27 34 38 41 35 31 22 8 22 22 22 29 23 23 11 15 10 18 25 27 38 35 28 24 29 34 48 39 50 45 45 38 31 27 15 22 24 27 32 36 42 55 47 22 8 17 29 26 25 29 100 168 196 197 155 86 34 30 
36 35 29 22 12 15 15 21 27 34 17 14 22 13 27 15 17 28 20 17 12 18 15 22 23 20 28 34 16 17 22 31 42 32 45 47 46 41 30 22 6 26 22 19 26 32 39 56 48 18 15 24 29 27 17 43 122 181 190 185 137 57 23 32 
30 31 27 26 22 21 20 24 34 36 19 18 19 17 27 8 12 19 15 9 5 17 8 11 17 8 29 32 16 19 20 23 41 32 42 39 45 39 21 22 16 34 32 27 30 26 34 45 36 26 22 18 16 24 24 69 143 187 189 173 116 39 12 17 
19 19 19 18 19 12 8 20 34 29 17 10 19 35 36 30 27 26 24 14 12 12 7 5 5 10 32 35 15 10 14 31 40 27 37 32 33 28 17 15 20 36 34 28 22 20 25 30 18 22 32 38 30 20 33 96 159 188 184 151 94 35 19 14 
23 23 24 25 19 11 6 17 31 22 15 8 13 34 28 23 24 22 17 10 15 8 8 5 5 3 29 27 23 26 34 38 34 22 25 18 24 25 26 26 37 46 52 42 32 16 2 16 11 13 19 21 18 11 65 131 175 189 173 119 65 34 27 25 
15 14 13 12 18 20 19 31 41 29 23 26 26 29 18 14 13 16 14 15 19 14 22 12 10 7 29 24 22 35 37 36 29 20 20 7 6 11 17 26 39 48 50 49 39 27 8 11 8 10 20 20 29 57 122 173 194 187 145 76 41 31 31 31 
15 14 13 17 15 19 10 14 33 24 21 28 33 34 29 25 24 27 27 29 24 21 20 13 11 13 28 29 26 30 27 27 17 18 17 18 22 34 38 45 53 51 45 39 32 29 17 5 10 15 21 20 43 97 161 203 210 174 110 46 28 26 29 31 
30 25 17 24 26 31 27 23 38 25 26 20 17 21 20 17 12 8 13 31 29 27 24 10 2 15 26 36 34 37 24 22 12 10 14 26 30 32 37 38 44 43 38 37 24 20 12 7 6 15 18 26 72 124 174 202 186 136 75 36 30 39 43 43 
30 35 22 21 17 17 20 13 38 27 25 24 21 32 37 38 34 28 22 23 16 22 17 4 14 24 32 35 34 29 17 15 5 13 19 29 35 37 44 43 46 39 34 27 15 20 17 19 18 14 14 43 111 168 196 197 164 101 41 25 34 40 40 40 
29 35 29 26 26 21 15 8 41 26 30 26 27 41 48 46 37 27 24 20 19 17 21 13 18 25 29 36 35 39 38 34 24 24 26 25 29 28 32 31 29 27 24 25 19 23 28 31 27 25 21 69 151 199 211 190 138 63 19 10 30 29 26 26 
25 31 27 21 29 33 32 32 44 31 31 29 28 45 50 50 40 22 22 16 19 18 34 33 36 36 32 33 29 24 22 17 14 10 19 24 34 26 30 19 20 19 21 15 9 22 34 43 38 29 37 105 183 216 211 175 107 36 22 8 24 19 14 15 
20 26 27 20 29 32 31 29 28 14 24 30 29 44 51 55 41 29 20 10 12 8 32 39 39 38 29 23 17 20 18 21 19 11 12 16 20 12 18 19 14 15 28 20 6 14 31 42 32 24 71 149 206 220 194 137 62 20 22 22 24 22 13 14 
22 29 36 32 17 18 21 23 14 15 15 28 18 30 32 36 29 19 20 17 17 17 39 37 15 10 12 22 17 12 11 9 11 20 24 27 27 20 17 28 20 21 28 18 5 14 28 32 19 34 109 171 211 220 173 98 39 14 17 17 13 10 8 15 
34 32 36 47 24 22 31 25 20 16 14 29 20 19 24 20 20 15 20 17 24 22 42 37 13 17 19 29 17 12 16 15 17 16 24 39 26 20 11 31 33 34 34 24 10 17 22 17 17 72 153 196 216 204 142 65 30 13 12 6 7 17 29 33 
39 33 26 54 34 29 19 15 13 16 12 28 17 20 17 13 12 6 16 17 18 22 35 31 12 22 22 25 21 19 22 27 28 31 38 49 32 20 22 44 36 27 22 11 24 27 27 7 60 123 196 221 215 180 109 48 32 17 15 8 5 10 14 6 
32 32 29 64 39 17 16 22 25 24 20 32 26 26 21 17 8 7 12 19 18 23 31 42 43 45 38 30 19 8 12 6 16 7 22 43 38 30 31 45 31 19 18 7 31 25 10 39 106 164 214 209 180 126 71 32 29 15 8 5 6 12 20 14 
29 34 31 58 39 25 24 23 15 15 17 31 32 32 28 17 11 12 17 14 8 4 15 35 45 46 38 32 20 14 16 11 20 14 13 26 28 29 29 45 24 19 18 14 37 22 35 91 169 204 215 185 140 75 41 32 29 14 13 10 11 19 26 24 
55 57 48 45 23 14 28 30 29 26 19 28 37 40 29 16 8 10 27 35 41 41 35 26 25 29 28 29 29 17 22 12 22 10 11 19 23 31 26 43 22 20 23 17 29 29 59 125 200 206 185 153 107 41 29 41 31 15 19 19 23 30 34 29 
52 46 35 27 13 12 25 17 24 21 15 19 31 40 31 19 6 12 24 33 31 27 33 32 33 31 31 27 22 13 16 5 17 20 23 20 18 21 24 43 22 23 26 17 32 71 116 174 228 197 139 109 62 17 28 49 25 15 29 32 32 32 31 26 
50 36 25 19 9 13 24 15 22 24 26 24 26 38 34 22 11 7 27 38 37 38 33 34 27 24 26 19 16 6 19 12 24 29 34 26 19 22 17 41 22 23 31 25 55 116 167 210 230 169 103 73 35 31 34 50 25 21 31 37 39 29 32 29 
47 36 24 19 13 13 19 14 22 34 41 41 14 13 29 29 27 19 27 38 45 43 39 35 25 19 19 12 5 22 26 22 28 38 46 27 19 18 16 37 18 24 48 69 114 171 187 197 183 116 57 39 29 44 41 44 18 21 31 39 31 28 29 26 
25 27 12 15 12 15 13 18 22 28 43 49 29 9 6 14 19 16 19 29 32 35 31 26 24 17 23 18 16 29 17 15 12 24 47 33 29 27 17 32 20 46 87 116 162 192 176 154 121 60 19 26 38 49 49 38 18 26 27 36 31 29 29 27 
30 41 29 26 16 11 12 20 29 24 33 45 31 18 7 2 19 20 20 31 35 37 39 30 23 15 13 10 17 34 12 14 17 19 39 29 32 26 16 25 34 82 123 146 180 185 152 120 88 42 24 38 46 58 59 44 24 30 19 26 24 24 29 22 
41 43 30 26 22 25 26 28 29 28 33 56 43 26 21 20 30 22 15 17 22 22 25 27 31 29 23 17 15 31 15 16 13 8 25 22 35 19 17 31 63 123 163 170 185 168 114 78 52 29 31 38 45 50 52 38 29 35 13 23 17 27 38 36 
40 32 23 21 32 37 32 32 31 26 28 52 56 45 37 20 29 27 13 20 22 27 21 20 8 3 6 13 10 26 24 24 32 30 27 26 36 8 40 58 110 178 204 178 164 131 68 26 22 16 22 26 32 36 39 31 27 32 13 24 13 24 32 22 
43 36 31 32 38 41 37 33 27 30 20 31 45 37 39 30 36 29 18 17 8 13 20 26 19 13 15 12 13 19 32 24 28 24 24 22 28 29 86 121 173 220 209 144 106 83 31 11 25 21 15 12 19 17 24 23 26 33 29 31 21 20 14 5 
22 20 27 38 43 46 33 22 20 27 24 20 38 36 30 19 20 17 10 18 9 9 19 26 17 12 17 19 17 15 30 23 21 19 22 13 36 81 143 175 200 209 173 103 69 53 21 12 28 22 3 6 12 13 18 27 31 39 39 29 20 17 13 8 
21 17 21 29 36 43 28 15 11 12 15 15 32 38 27 20 20 13 5 24 19 8 15 20 17 13 12 20 24 21 27 18 21 16 32 57 101 149 200 204 185 165 127 69 44 36 24 9 21 19 11 12 13 10 11 20 28 37 43 39 36 31 25 23 
24 24 30 36 41 39 31 26 25 20 21 19 23 38 27 28 22 15 12 27 24 12 18 25 22 9 19 37 36 30 17 11 15 34 80 137 169 197 223 207 159 130 99 50 24 17 7 6 16 24 16 13 10 6 3 17 26 38 48 50 41 41 34 28 
22 18 17 21 19 20 13 7 15 12 8 10 18 26 19 18 13 8 13 28 28 14 10 16 25 13 17 30 18 15 8 24 53 97 151 202 209 208 206 176 119 95 78 43 36 28 19 21 5 15 22 23 23 18 13 22 20 38 45 51 42 40 33 27 
39 33 26 13 6 11 21 25 30 24 18 15 11 23 15 19 17 18 14 26 28 17 6 12 28 23 23 31 22 12 37 76 123 158 190 216 198 170 156 115 66 50 50 28 26 27 20 22 22 21 25 19 12 10 14 22 15 27 34 40 29 34 30 22 
30 34 39 37 31 20 13 15 22 26 18 17 17 18 15 26 29 29 32 36 34 29 17 15 26 21 32 47 55 82 119 156 185 201 205 208 165 121 93 64 42 38 39 26 19 21 19 20 24 24 10 13 10 10 24 22 18 18 21 27 31 32 24 16 
9 12 20 22 27 32 30 28 32 28 20 16 20 14 10 14 15 21 14 19 21 26 17 13 34 41 59 81 109 135 160 185 211 207 181 166 112 62 43 39 39 42 44 37 34 32 24 23 31 34 18 24 20 27 41 29 29 22 13 15 20 25 16 12 
23 25 29 26 23 13 20 27 28 26 16 16 31 24 29 27 27 31 25 21 17 21 15 24 52 72 100 127 152 167 182 195 203 175 126 97 49 24 23 36 31 31 34 26 29 41 32 26 33 39 26 25 25 21 42 36 39 36 25 13 13 15 17 11 
12 17 22 24 19 15 17 29 30 26 27 31 41 29 27 19 10 13 5 6 21 43 71 101 126 147 165 179 194 199 199 192 173 121 67 43 20 26 24 30 28 29 34 43 45 53 45 43 43 46 32 24 22 26 46 39 36 29 14 19 8 19 22 28 
8 14 20 21 22 16 15 22 24 22 26 26 30 11 20 15 8 14 19 31 65 99 135 158 176 192 199 201 209 196 163 134 107 55 27 15 12 21 20 24 26 19 24 27 36 46 49 46 52 55 47 34 25 20 33 22 19 16 11 20 17 22 19 16 
7 10 17 20 26 19 21 19 15 17 29 27 17 19 33 42 58 77 97 115 138 156 168 171 178 183 178 175 168 129 84 59 45 11 27 15 13 20 14 24 20 17 19 18 31 42 43 44 40 37 28 17 17 15 19 9 8 14 21 34 30 27 25 28 
31 35 31 30 29 20 12 10 10 15 35 53 74 98 117 132 152 171 183 189 189 193 187 182 174 164 138 112 91 46 26 24 20 22 39 34 29 26 13 31 22 12 23 26 32 37 43 45 41 37 26 11 8 14 20 11 6 20 27 31 33 30 31 27 
51 51 58 67 78 83 86 90 94 104 123 148 169 190 201 206 209 208 208 201 197 192 180 169 148 122 87 58 46 31 25 22 11 21 35 35 36 28 25 35 26 22 22 13 21 24 22 30 26 23 13 10 8 9 13 6 13 24 35 36 28 29 24 24 
165 166 167 171 168 167 168 172 173 173 173 175 186 196 203 208 210 208 207 196 185 164 136 102 75 52 35 27 32 24 22 16 13 22 41 44 45 38 36 34 31 24 17 9 17 18 8 25 23 25 17 20 13 13 20 13 13 13 27 34 28 24 20 20 
133 126 123 126 122 116 115 115 118 119 128 140 156 172 182 182 182 177 172 149 128 98 65 32 17 10 3 14 18 16 18 15 21 29 42 48 51 45 43 36 30 20 17 11 20 20 11 27 32 44 39 39 22 19 31 22 23 12 26 32 26 22 21 27 
127 121 119 120 115 104 102 104 106 117 141 159 171 185 173 149 124 98 77 53 40 29 25 31 17 12 16 15 13 15 18 14 24 33 47 55 53 48 45 34 29 24 18 10 16 17 6 22 36 53 40 50 32 32 43 31 24 6 19 26 21 10 19 29 
92 90 85 91 81 72 71 74 69 84 111 114 119 131 106 74 48 30 27 17 22 11 15 30 17 12 17 13 13 17 17 10 20 38 59 57 57 47 48 39 32 20 12 7 14 19 4 26 39 51 41 48 30 32 50 38 29 8 12 24 22 11 18 22 

9 12 15 11 25 13 4 17 19 41 52 44 29 41 36 28 27 12 20 18 19 18 18 24 18 29 36 43 43 57 40 46 34 14 40 46 45 39 29 22 15 16 14 17 12 12 27 24 10 15 26 22 10 27 26 21 26 31 33 84 170 121 123 88 
12 16 19 22 23 16 12 26 26 39 46 32 26 35 32 24 21 10 14 8 11 19 23 29 24 30 35 41 38 48 37 48 36 15 30 34 41 32 27 20 17 12 17 19 16 13 30 30 17 20 28 22 8 29 31 20 26 27 27 83 170 123 123 86 
20 19 23 24 24 25 26 35 31 38 35 13 28 36 32 28 20 17 11 2 7 12 10 22 25 31 32 38 31 34 30 30 22 11 17 22 26 22 19 15 8 8 19 17 17 9 26 22 18 19 20 13 12 27 31 24 22 25 26 86 166 122 127 86 
8 4 11 16 17 17 22 32 25 27 26 14 36 36 31 29 17 24 24 22 23 15 12 24 21 27 25 28 24 24 24 13 19 23 28 32 34 26 29 22 20 16 27 25 27 24 29 20 21 13 12 12 17 30 28 24 25 15 17 89 157 113 125 86 
14 10 20 24 24 16 27 32 24 27 15 28 39 33 28 24 18 26 29 17 28 21 17 19 11 26 13 24 4 12 18 8 7 9 16 20 25 20 32 29 31 25 28 27 33 29 36 34 26 27 25 25 21 27 32 22 24 14 10 99 155 111 131 88 
31 34 40 37 35 25 29 26 24 15 6 29 31 20 18 12 15 23 19 20 26 20 20 17 22 24 13 17 7 16 18 19 18 18 16 11 12 13 26 23 29 24 27 31 34 38 41 35 38 36 33 26 20 20 28 29 31 25 22 103 149 107 130 83 
21 20 22 10 27 5 26 21 27 17 8 34 34 26 25 23 24 20 12 16 20 20 21 16 30 28 25 20 17 25 35 45 48 45 31 19 13 13 22 16 19 24 27 32 34 34 37 38 38 27 19 17 12 25 24 32 34 29 27 101 151 111 129 83 
20 18 21 5 23 13 22 24 22 17 9 32 29 22 21 18 25 19 15 17 17 17 20 24 34 35 34 24 14 13 17 22 26 34 27 17 8 13 19 17 18 30 35 38 35 32 31 30 34 27 17 10 6 20 13 21 24 15 22 98 152 115 127 81 
36 32 25 14 26 23 25 15 22 25 8 29 35 35 36 25 19 16 21 28 23 22 17 27 39 36 33 22 16 12 8 7 9 14 25 19 9 5 20 27 10 18 20 27 29 22 24 22 32 26 19 12 13 23 12 10 12 24 25 98 164 129 128 81 
34 34 35 22 18 23 13 8 13 24 15 25 31 32 34 24 19 17 26 24 27 19 23 29 32 24 17 10 13 15 17 15 6 7 26 18 13 10 14 28 13 18 22 21 22 14 13 10 15 14 10 4 13 23 17 14 19 27 29 96 165 138 124 75 
26 34 34 26 14 17 17 19 23 38 24 8 11 17 36 26 17 15 27 31 33 31 39 36 38 27 12 18 21 29 38 34 34 27 26 24 20 11 10 26 21 31 28 27 17 7 8 6 11 16 12 8 12 22 23 22 24 27 37 103 171 156 138 91 
31 34 38 34 26 30 31 24 17 36 27 19 15 19 37 26 19 19 37 38 50 36 40 29 26 32 6 19 19 28 33 32 36 35 30 34 39 27 26 24 15 24 14 12 8 17 14 22 18 17 14 17 20 28 38 43 47 39 60 116 171 170 157 114 
45 46 42 39 27 36 32 29 16 31 24 13 12 21 34 26 22 24 41 43 53 40 38 28 31 43 5 19 22 39 32 13 11 20 32 41 46 41 34 27 17 22 3 6 13 31 25 27 27 29 29 29 27 17 19 19 18 19 76 135 176 176 163 105 
48 37 29 27 24 38 25 18 10 27 22 5 9 22 33 20 19 21 40 41 48 36 38 32 38 48 13 12 5 29 32 16 19 21 34 45 54 45 39 33 26 24 8 10 22 39 26 24 26 24 28 31 27 19 14 27 20 35 109 161 182 184 170 100 
36 26 14 20 32 42 24 19 18 32 31 26 26 28 30 21 10 14 37 40 44 34 34 27 31 50 29 24 22 17 27 24 27 31 32 48 56 48 41 34 21 15 19 24 36 46 29 24 22 21 27 32 36 26 15 21 5 22 121 170 183 189 169 92 
30 20 19 22 32 45 17 14 9 27 27 22 17 16 14 14 13 19 34 36 38 28 30 26 25 37 17 12 22 20 37 34 34 47 41 44 50 41 34 37 15 19 27 30 36 44 32 23 20 20 17 20 31 26 16 18 1 27 137 180 181 182 153 66 
27 20 23 17 20 40 2 15 13 25 26 23 21 15 10 12 17 24 26 34 28 11 25 22 22 32 17 10 22 20 47 53 50 57 45 37 35 29 31 38 6 10 27 35 43 43 32 24 24 21 12 15 27 22 31 31 31 53 154 187 181 176 134 46 
41 32 30 24 16 37 4 18 12 17 25 23 23 22 13 6 13 17 17 37 36 26 29 15 19 36 22 15 24 31 57 54 46 49 36 38 31 22 25 32 19 17 24 22 31 31 20 8 8 13 15 19 31 19 27 23 24 67 170 190 177 166 107 27 
29 24 16 22 13 29 6 9 7 8 19 10 14 21 15 10 8 17 9 26 27 23 27 22 22 33 24 15 6 19 45 45 39 39 38 50 39 36 38 22 13 16 22 22 22 20 11 13 22 21 26 28 29 25 40 41 38 97 180 189 174 149 75 20 
20 22 17 24 10 24 13 24 24 22 27 15 21 26 22 20 9 16 10 19 27 17 26 20 24 35 32 22 18 27 41 37 31 26 43 52 41 41 38 26 13 18 21 23 17 16 20 30 31 13 20 26 27 33 45 41 58 131 193 195 168 122 50 5 
15 15 16 22 12 19 15 13 8 6 13 15 24 30 25 21 16 20 10 8 19 26 26 24 27 38 37 29 15 24 29 33 39 36 53 59 43 37 29 24 19 21 31 31 29 24 22 36 43 19 22 26 27 34 45 50 96 169 207 197 159 96 29 11 
31 30 26 24 12 18 8 12 23 34 33 35 35 32 27 22 15 22 12 14 8 17 26 28 32 34 41 38 21 25 25 43 50 41 48 37 17 12 5 24 17 25 32 26 13 8 15 43 44 13 22 26 20 29 37 39 105 176 196 196 149 73 17 19 
22 23 22 21 17 26 19 11 18 20 11 17 26 29 34 21 22 27 19 22 13 19 17 24 30 27 33 38 23 17 24 30 38 26 36 23 12 13 11 30 23 27 36 36 32 20 21 45 44 21 26 24 20 29 22 48 124 185 191 182 122 41 17 22 
24 23 21 22 19 26 20 15 22 22 14 19 23 26 27 14 10 15 13 13 8 18 16 17 22 15 26 33 19 15 19 15 30 18 27 20 15 15 15 29 21 25 29 35 37 32 22 33 28 18 30 25 16 27 17 72 147 193 190 173 104 25 15 24 
5 4 4 8 15 19 16 19 38 25 22 12 19 39 35 29 29 22 20 14 13 19 15 12 10 6 31 38 20 10 6 19 31 15 31 19 15 12 18 26 17 20 20 20 29 36 32 32 14 20 39 31 29 21 29 100 160 192 185 151 88 31 18 19 
24 24 22 17 15 10 11 17 31 12 13 10 24 36 24 19 19 17 16 15 17 32 27 27 21 19 40 37 21 26 29 30 28 16 27 22 28 35 40 33 27 29 28 23 22 25 9 12 6 17 31 20 17 3 60 125 172 198 175 122 69 34 27 26 
10 9 8 10 13 13 25 35 46 34 30 29 36 34 14 11 8 16 14 21 33 48 53 47 41 34 46 36 25 28 32 31 21 10 24 12 11 11 9 12 19 22 25 24 20 27 12 15 18 29 33 26 27 57 113 169 197 196 148 82 51 37 36 37 
22 13 10 15 9 13 7 16 33 16 20 22 37 32 17 18 24 21 22 26 37 48 51 50 39 33 45 31 16 19 17 11 10 10 20 13 4 13 19 31 36 34 28 24 17 29 26 19 26 31 32 27 43 96 157 199 210 184 117 55 47 38 39 39 
29 29 12 17 15 20 22 20 31 13 15 13 22 19 17 27 25 16 6 17 30 45 48 46 42 34 38 26 15 29 22 15 8 11 20 24 14 15 13 8 16 19 20 22 20 25 27 25 28 32 28 34 77 124 166 194 189 143 76 42 46 46 46 46 
22 31 18 12 9 12 20 18 34 13 19 12 16 24 31 45 47 32 20 15 24 34 34 31 29 28 30 19 16 26 19 13 3 1 10 16 17 17 15 17 12 15 19 20 23 30 37 30 20 21 18 52 120 166 183 189 162 101 40 30 50 43 37 36 
13 26 19 12 13 19 21 23 32 12 19 10 8 23 35 48 42 36 23 18 26 29 31 31 26 28 27 24 22 36 38 40 31 25 21 19 17 16 17 13 13 15 12 16 20 24 31 22 24 25 26 82 163 195 196 183 132 58 12 22 46 32 26 24 
10 20 22 19 31 39 45 45 33 21 24 16 13 26 39 49 36 31 27 25 29 32 43 45 38 36 26 23 17 21 20 22 17 16 21 21 27 29 26 15 14 11 19 12 17 17 35 27 13 19 43 126 200 213 201 168 103 35 13 24 43 27 20 17 
12 23 28 32 29 38 38 38 19 15 22 22 10 21 42 46 39 28 25 6 6 3 34 39 32 31 22 15 15 20 22 18 15 10 12 15 20 18 14 13 5 20 27 12 9 13 30 31 9 24 82 166 222 219 185 133 65 23 22 29 31 18 5 6 
27 27 34 41 10 17 27 19 18 17 24 30 11 6 25 32 23 17 20 13 8 10 35 31 2 5 10 22 13 8 8 10 10 8 17 28 27 25 22 26 13 21 24 7 10 13 23 21 16 49 123 186 223 216 161 90 31 5 10 20 22 8 11 17 
45 38 38 58 23 17 21 4 17 17 23 34 20 13 26 28 26 21 26 22 19 20 30 30 17 22 19 26 17 6 8 13 23 17 19 33 27 19 22 35 27 31 27 13 20 23 19 14 30 86 166 206 223 198 130 62 22 3 7 15 10 21 29 32 
55 46 38 65 29 12 8 13 24 20 10 26 16 21 32 34 30 24 24 24 12 13 17 24 26 30 21 19 18 20 21 21 30 29 34 46 29 13 16 44 34 29 19 11 34 31 19 14 69 133 204 220 215 172 99 39 22 12 17 10 6 15 14 6 
45 44 41 68 27 12 19 29 31 31 22 17 10 22 36 41 36 32 31 34 29 32 38 50 59 56 44 31 19 19 24 12 16 15 20 43 42 27 25 48 36 25 15 16 46 36 18 48 115 167 216 205 178 120 55 19 17 6 23 17 13 21 17 15 
48 50 40 52 27 27 30 27 21 26 18 8 12 22 34 38 34 31 31 21 10 14 25 45 52 51 42 27 23 21 28 16 15 11 14 24 29 21 20 42 20 19 11 28 45 31 46 98 164 197 209 176 133 68 25 20 28 26 32 27 23 29 26 28 
56 58 45 37 16 20 32 32 37 37 25 9 12 24 31 29 23 19 17 22 32 38 40 39 38 38 34 24 23 20 29 24 24 19 12 17 22 19 17 41 19 19 23 32 41 40 69 128 199 202 183 150 104 31 10 26 32 32 39 32 32 39 38 36 
42 39 27 22 12 14 30 21 29 37 27 15 12 18 26 20 16 10 15 22 26 29 36 41 39 44 34 28 24 17 31 31 31 21 15 10 16 24 18 35 14 20 31 38 46 83 119 180 228 189 143 110 66 15 8 36 36 39 46 36 29 29 21 19 
44 27 14 5 12 15 27 21 19 31 33 27 18 11 19 14 11 10 12 29 29 34 42 43 40 41 39 31 22 19 31 38 36 28 22 9 15 18 13 32 15 25 37 45 79 132 168 212 223 166 109 83 43 19 10 29 32 40 43 38 28 26 29 26 
37 28 13 11 13 16 23 23 13 26 32 41 27 13 17 23 21 22 21 32 36 39 43 48 38 32 30 25 19 27 36 39 45 41 41 21 23 29 20 31 7 27 57 85 135 188 199 202 185 117 61 49 24 17 12 21 26 34 37 33 23 22 20 13 
33 30 19 17 17 15 17 22 10 15 31 38 26 9 10 13 17 20 14 20 26 31 34 37 31 25 26 26 29 38 34 32 28 24 41 32 36 40 30 25 12 45 95 125 173 204 182 153 128 69 30 36 18 20 21 12 14 25 33 32 28 25 21 17 
41 50 39 34 29 20 8 18 22 18 27 40 29 13 6 5 19 20 14 21 31 38 39 34 24 12 18 25 32 47 32 31 35 18 32 29 39 39 32 26 31 81 130 152 190 192 147 112 84 40 26 32 21 25 37 26 20 24 26 31 20 19 9 5 
36 45 31 31 35 29 25 20 27 24 33 46 43 23 13 10 22 27 10 1 21 22 24 24 27 27 27 30 28 43 31 38 32 22 20 20 35 31 29 29 62 124 171 184 199 177 122 79 53 30 24 24 8 12 20 17 13 13 15 29 24 28 29 31 
35 37 20 20 23 22 17 13 26 27 35 41 50 37 32 16 22 27 16 15 26 34 25 17 11 19 22 29 25 38 34 29 31 28 26 27 41 17 39 64 113 183 213 183 168 136 70 28 18 12 11 10 8 17 21 18 10 13 15 33 25 24 26 20 
41 38 28 25 17 19 21 27 31 38 33 24 34 27 29 25 23 25 21 12 6 15 19 22 4 13 14 17 15 26 29 30 29 36 30 31 29 23 86 121 168 222 208 147 109 86 31 19 15 14 8 5 6 15 19 15 12 10 14 28 23 20 10 9 
15 20 25 26 26 31 24 8 19 24 32 9 29 27 29 19 8 15 19 20 13 13 21 24 8 21 24 24 21 27 32 21 18 20 19 22 34 77 143 168 189 203 168 102 67 58 26 17 19 15 10 7 15 19 30 26 29 19 15 15 17 19 13 10 
20 23 17 22 20 33 28 8 13 17 29 8 25 27 26 24 16 8 26 31 26 26 31 32 25 22 19 12 13 18 32 22 14 20 30 63 98 143 197 199 176 161 129 69 41 39 25 18 12 12 10 9 11 7 17 13 22 20 8 15 22 30 25 22 
22 27 34 41 50 54 49 32 31 29 32 24 19 26 24 29 22 13 25 34 29 27 28 36 31 13 14 26 31 25 23 19 10 25 78 135 159 190 218 199 146 124 102 46 16 19 17 15 15 16 16 6 10 7 5 7 13 24 22 17 16 24 20 19 
23 27 21 33 32 34 22 10 21 22 27 20 12 15 15 19 19 10 24 34 27 24 15 17 27 3 6 24 15 6 16 32 53 97 152 202 207 208 203 164 111 90 81 44 29 24 20 22 16 13 22 22 24 22 19 19 21 31 27 24 13 15 17 16 
44 46 34 29 15 9 22 27 34 32 32 22 14 13 9 14 20 22 30 39 31 27 15 16 27 7 4 20 19 12 41 83 123 159 187 214 193 167 153 114 72 53 56 32 24 18 12 17 24 19 19 14 12 7 12 13 4 29 31 23 13 21 20 17 
31 40 47 41 38 27 12 15 21 22 22 13 15 12 12 12 19 28 35 45 36 27 19 15 29 15 20 42 58 79 119 152 182 192 196 197 157 113 91 67 45 45 45 32 17 17 19 22 32 24 17 17 12 3 15 19 15 26 32 31 30 24 19 11 
12 8 10 15 26 31 26 22 17 8 12 9 25 20 21 18 26 22 15 19 18 21 17 12 32 31 53 86 116 141 171 185 209 205 181 161 115 69 53 48 43 44 41 38 26 27 13 12 24 26 15 25 24 26 29 21 20 26 21 16 18 22 23 24 
20 19 20 19 20 25 26 22 13 3 6 13 32 29 31 38 36 35 23 22 19 21 17 16 45 65 95 132 153 175 189 194 204 180 133 98 59 41 41 41 38 35 26 24 28 43 32 31 31 33 20 24 18 10 26 12 24 34 26 12 22 29 36 41 
12 10 9 9 17 24 23 22 14 10 14 19 38 24 22 20 17 19 12 12 18 32 57 86 115 136 155 174 187 195 190 180 166 116 61 37 25 36 34 37 34 27 24 36 42 56 48 42 35 30 12 23 15 22 38 31 33 37 16 16 27 34 42 51 
9 10 13 11 18 20 20 20 12 14 25 27 39 17 13 11 8 22 24 29 62 90 124 152 175 187 198 202 202 185 155 128 104 55 26 15 20 31 28 27 27 22 19 23 34 50 43 44 43 45 40 32 19 12 32 19 13 29 18 31 34 36 41 41 
8 12 15 16 24 25 15 13 12 19 32 38 32 17 31 38 62 83 103 117 145 158 171 178 187 190 189 183 170 132 88 66 52 12 19 4 17 24 18 23 26 17 19 21 31 43 40 44 41 37 31 24 13 17 32 26 21 35 31 36 33 31 35 41 
32 32 26 26 30 26 13 10 9 17 38 51 77 104 129 140 164 178 189 187 194 192 192 191 185 164 138 109 81 37 15 22 25 10 22 15 17 17 8 21 20 12 17 23 30 36 34 39 40 35 30 17 10 18 23 21 26 39 29 27 25 27 29 27 
57 54 58 65 80 83 88 90 99 110 131 149 176 196 211 219 223 222 211 206 200 195 189 181 159 122 86 48 35 20 15 23 25 15 15 4 12 14 11 19 12 8 19 18 26 22 14 18 19 16 17 15 11 14 21 21 31 41 37 30 17 21 14 6 
167 169 166 166 165 164 161 162 167 169 171 177 185 199 204 207 210 208 204 199 187 168 140 111 83 58 41 29 26 11 5 17 17 4 8 17 18 16 10 13 17 19 20 14 24 17 9 13 13 11 13 19 10 10 17 12 18 32 27 22 9 18 10 12 
125 126 120 120 123 117 108 111 111 116 126 144 162 180 186 179 177 170 157 143 118 88 55 32 17 19 8 11 19 7 4 17 17 9 12 15 15 16 17 4 11 23 19 14 22 17 6 20 30 39 35 39 24 12 17 5 8 20 16 21 4 20 24 29 
123 119 116 117 117 109 106 109 112 125 146 166 181 191 182 154 128 100 65 45 29 21 18 26 20 15 10 8 12 12 16 18 25 19 27 22 22 20 27 15 18 31 21 20 19 16 3 17 24 31 27 42 29 22 26 15 5 12 12 24 13 22 36 42 
87 83 83 85 86 76 76 78 78 90 117 123 125 133 111 76 49 24 11 12 10 7 10 26 23 12 4 3 10 11 19 14 20 26 38 23 23 21 32 27 22 27 20 19 17 15 7 14 17 15 10 35 22 17 29 18 10 8 6 20 17 24 41 51 

24 22 9 8 25 17 9 16 26 43 48 40 14 21 26 34 20 10 13 8 7 12 13 19 10 4 10 28 46 65 49 62 45 32 53 37 22 22 31 31 29 19 15 15 17 31 34 25 22 20 18 28 37 41 30 12 13 5 15 84 168 116 127 95 
27 27 12 6 15 13 8 23 34 46 41 27 6 22 25 34 19 8 11 5 5 12 18 21 13 8 6 20 36 52 50 60 44 28 39 27 27 27 34 29 26 15 10 11 12 27 34 22 19 19 14 25 32 38 26 8 11 9 17 85 167 116 126 90 
42 39 29 24 19 22 26 38 41 44 34 10 17 22 29 31 16 15 15 8 14 12 15 18 19 20 12 17 24 38 39 45 31 25 27 14 19 22 27 26 26 17 11 6 3 19 28 21 21 17 17 19 32 35 24 7 11 10 20 87 171 117 124 90 
22 22 18 17 12 17 24 32 32 33 26 7 22 24 26 28 17 19 24 19 22 17 19 27 26 27 20 19 20 26 28 23 19 20 30 29 31 29 36 33 35 27 26 20 18 20 24 17 13 15 12 19 31 29 21 8 18 13 20 97 168 113 130 93 
17 18 16 20 17 14 26 31 31 31 21 25 34 36 31 29 20 28 32 26 32 26 22 26 28 38 29 24 19 23 26 21 12 8 8 16 22 28 39 39 40 35 25 18 12 8 14 10 5 9 15 27 26 20 17 12 21 15 14 100 164 112 128 86 
33 32 38 37 37 31 33 32 34 30 17 24 30 29 27 23 19 20 23 19 28 23 25 27 29 36 35 29 22 17 13 12 13 10 12 9 11 24 31 25 27 22 9 18 12 15 19 16 18 23 31 33 20 8 18 19 26 15 13 106 161 115 130 83 
23 20 22 17 25 15 28 21 31 30 15 29 25 26 22 17 17 15 13 24 24 23 28 26 31 39 36 31 34 32 39 47 45 36 24 13 10 20 20 15 20 28 21 17 17 15 20 24 23 15 11 17 13 19 22 31 33 28 27 104 157 119 128 78 
15 8 19 10 24 12 21 16 28 30 12 25 25 21 20 12 20 13 17 24 24 23 31 24 35 32 38 36 33 29 32 34 36 30 22 15 9 21 17 12 19 32 36 33 29 23 24 24 25 20 13 18 14 19 16 26 32 27 33 103 159 128 132 86 
27 19 20 10 19 17 17 6 23 32 16 22 19 19 25 14 14 9 20 29 22 20 23 30 41 40 43 41 34 28 22 19 19 8 20 20 8 19 20 24 12 20 20 24 27 26 26 26 29 23 20 14 19 22 17 21 17 13 23 99 161 137 132 88 
6 17 26 19 19 18 15 10 15 27 14 20 23 21 29 20 15 22 35 32 25 18 14 22 27 27 27 26 20 17 14 16 13 13 26 23 17 19 17 25 17 21 19 22 24 28 33 31 26 26 21 6 24 20 20 25 17 22 32 96 161 146 137 92 
20 26 31 21 5 12 14 24 24 36 24 11 14 12 27 14 11 16 32 26 26 24 27 32 32 19 6 4 16 17 22 29 31 27 34 29 25 17 17 29 20 31 21 15 21 27 29 25 10 8 16 6 26 22 26 25 20 25 46 100 163 157 145 102 
26 34 31 19 10 24 26 22 21 37 32 19 17 13 26 18 15 29 41 30 25 12 15 24 27 24 4 8 10 17 27 36 43 43 44 39 38 34 24 27 8 21 6 4 10 24 25 19 8 13 17 17 27 32 41 46 45 40 58 111 163 161 157 114 
37 39 38 29 26 38 31 24 19 37 29 19 15 12 21 17 23 31 41 29 30 13 19 23 32 35 6 15 16 27 29 19 14 19 24 26 38 32 26 24 3 17 12 12 7 26 19 15 15 22 27 24 26 24 28 29 25 21 76 131 166 164 163 101 
32 29 17 19 19 38 26 21 22 34 29 20 24 23 20 16 21 29 38 20 22 11 24 31 43 46 32 25 18 20 31 27 20 17 24 28 46 34 29 31 15 16 19 12 20 27 5 7 13 10 17 17 20 21 24 27 14 30 105 158 176 178 174 104 
26 18 11 21 29 41 19 15 12 33 27 22 27 26 22 19 15 20 34 24 28 16 15 18 29 45 39 38 40 26 36 28 22 27 29 31 49 37 35 35 10 6 27 20 19 26 10 14 14 17 22 30 33 32 23 27 9 26 122 172 186 191 171 96 
30 16 19 20 29 40 13 17 7 25 24 11 24 24 22 16 2 22 31 29 27 15 15 17 24 37 34 40 40 30 37 32 17 36 32 18 35 27 30 40 17 18 34 29 25 26 17 19 15 16 24 39 44 43 29 30 13 39 142 183 179 180 150 65 
26 12 22 10 15 32 5 17 10 22 27 6 15 20 25 26 13 24 31 43 36 24 26 20 22 31 33 38 42 31 43 37 23 36 29 22 26 17 28 40 21 19 32 29 32 26 20 19 16 12 28 38 52 49 41 41 41 68 167 195 185 185 132 41 
27 21 26 10 7 29 8 13 19 29 38 24 18 20 20 24 6 22 24 46 45 43 37 24 14 26 30 31 34 34 51 39 19 26 19 35 30 22 26 31 20 17 28 24 26 21 15 19 8 17 32 43 57 51 36 27 31 83 179 196 185 177 104 30 
31 27 21 19 12 29 12 12 19 20 31 20 11 21 19 17 6 21 25 39 43 41 39 34 29 31 30 26 27 29 45 33 13 22 24 46 42 36 39 32 15 12 27 27 19 13 13 23 16 19 32 42 46 27 9 26 34 104 186 189 173 152 73 39 
32 30 26 21 13 20 12 13 22 24 32 23 13 22 20 19 10 14 17 28 35 39 36 26 24 21 21 22 29 36 48 38 27 29 38 52 42 38 38 22 12 14 29 30 18 16 19 31 26 15 27 34 27 9 22 26 48 133 196 193 166 123 50 27 
24 27 25 26 20 29 18 14 15 9 20 21 18 26 18 12 15 14 16 23 30 39 34 27 19 22 22 21 9 31 38 35 34 38 48 58 44 37 29 20 19 18 36 33 21 17 24 41 39 19 28 31 17 17 22 36 84 167 202 197 157 91 27 25 
28 29 34 26 20 22 13 10 19 26 32 36 35 34 24 12 5 7 13 24 22 26 24 22 20 21 26 29 17 17 33 41 46 38 40 40 21 13 11 18 19 21 36 25 13 10 21 41 40 18 27 29 17 23 27 30 99 175 197 194 137 61 12 16 
13 19 17 16 12 19 19 15 14 11 12 12 21 27 31 21 21 21 11 22 15 14 17 13 14 19 27 40 27 15 19 26 35 24 30 28 6 15 17 32 32 31 44 34 32 26 24 39 36 21 35 31 17 34 27 50 126 183 190 178 104 29 18 22 
34 30 22 17 11 20 16 20 24 17 13 7 10 15 22 8 4 13 10 18 17 29 28 29 26 23 27 36 24 19 11 5 26 9 22 16 10 14 18 34 24 20 33 30 38 38 32 36 24 24 35 23 19 32 11 79 151 190 198 175 92 23 24 34 
12 6 3 6 10 21 19 22 30 19 20 15 12 27 27 22 18 16 15 17 21 28 24 26 29 26 34 44 24 18 19 23 34 23 31 24 10 17 20 31 22 10 20 21 32 43 39 34 16 24 39 30 29 26 30 106 165 194 192 155 77 22 20 20 
37 34 29 23 13 12 15 23 29 11 12 15 26 40 29 25 20 11 10 10 20 34 26 30 31 34 48 53 36 36 41 44 40 29 36 27 25 31 32 39 34 22 27 19 22 32 18 18 13 22 31 21 23 22 58 133 178 200 184 128 62 29 15 13 
24 19 9 11 6 10 19 34 43 32 32 32 43 43 35 37 32 23 20 15 23 34 35 39 38 41 53 53 39 44 46 47 36 27 30 20 11 13 14 20 25 6 15 13 17 32 25 25 22 26 31 19 27 52 111 164 192 199 154 90 53 32 24 22 
32 27 18 14 1 4 15 21 31 17 20 29 38 38 37 38 39 36 32 18 13 27 19 29 28 36 51 45 35 37 36 38 38 32 31 21 3 12 18 36 43 31 23 13 5 29 31 27 27 27 26 26 39 92 152 196 211 189 124 69 52 37 34 32 
21 26 15 17 14 13 13 14 22 5 9 4 22 17 32 40 50 37 33 16 8 20 16 28 31 38 46 45 39 45 42 41 36 32 31 29 14 11 10 3 24 17 11 13 14 17 29 31 33 31 27 34 78 126 166 196 192 150 81 50 52 42 36 39 
16 24 19 10 9 7 9 8 19 19 20 14 15 14 30 37 43 39 34 20 15 17 12 24 28 37 41 39 38 42 36 38 32 27 21 19 13 16 20 16 15 17 10 13 20 24 37 32 24 24 19 54 124 164 177 187 165 103 41 39 52 36 29 31 
6 17 25 15 8 9 17 18 15 26 29 25 17 12 19 22 22 34 31 24 27 28 32 33 34 40 45 44 45 49 51 52 45 36 23 16 11 12 13 16 17 21 12 4 13 12 36 30 26 27 24 89 166 189 186 176 134 59 14 29 45 20 15 17 
14 14 24 22 23 24 30 29 19 30 33 29 24 22 23 22 20 30 34 26 34 38 51 55 51 49 45 45 41 41 38 38 28 25 22 23 22 22 25 17 20 22 14 12 9 9 35 29 26 28 45 135 206 208 189 165 107 34 11 32 39 15 17 16 
14 12 31 41 29 30 27 26 27 36 36 32 24 22 22 20 18 26 27 11 13 13 35 44 37 41 39 41 38 35 29 26 15 12 16 20 23 21 13 6 11 27 32 11 10 10 36 27 15 38 87 176 228 209 171 130 67 25 19 33 27 5 8 12 
24 22 36 50 15 13 15 22 34 38 34 32 16 21 18 13 12 8 21 15 12 17 29 27 13 24 27 34 26 20 12 12 14 12 17 27 34 27 21 18 13 31 30 18 19 19 21 17 26 64 133 196 223 199 144 80 27 12 6 26 15 10 15 23 
35 36 44 64 27 9 17 13 29 28 32 41 24 23 17 12 10 6 20 27 27 27 21 21 22 32 27 27 19 8 6 12 20 18 21 36 39 27 24 26 19 36 36 22 32 27 13 6 41 93 167 202 213 182 119 53 20 13 13 22 17 28 31 29 
51 48 46 64 20 9 12 24 27 22 13 21 24 30 32 29 27 16 19 21 17 17 13 15 27 33 24 17 5 7 15 15 22 26 26 41 42 26 21 35 27 36 31 31 48 36 19 27 78 140 208 215 204 164 89 33 24 26 27 27 20 27 15 10 
41 53 52 65 23 13 21 32 30 31 24 15 9 16 23 21 17 17 27 39 34 40 43 53 54 56 48 33 17 9 19 17 9 12 19 36 47 33 28 44 32 31 29 36 57 32 26 61 116 170 213 192 168 116 50 17 24 26 36 33 23 28 15 15 
57 66 53 48 19 26 34 27 19 27 23 4 14 16 21 26 25 23 36 29 15 18 29 36 39 41 38 34 28 15 19 16 9 15 8 21 33 20 23 36 23 23 17 37 55 26 48 99 159 195 204 164 129 70 20 19 31 34 46 38 34 36 29 32 
54 60 46 27 8 24 39 33 36 38 30 9 13 13 17 15 10 16 24 12 22 26 27 24 19 11 13 31 34 18 13 8 5 15 15 17 26 19 19 30 16 21 19 34 35 36 73 135 196 199 178 143 98 36 8 13 26 32 45 41 38 46 44 42 
31 36 24 6 11 19 41 30 31 41 41 27 23 11 19 13 6 14 20 5 12 12 24 19 17 24 20 36 28 12 9 15 12 20 13 8 20 24 22 27 7 15 15 26 31 73 115 175 223 195 150 115 68 18 10 11 28 33 40 34 25 32 19 19 
38 27 17 16 23 22 34 28 19 31 31 27 24 8 18 13 11 12 16 6 11 12 21 15 24 38 34 39 26 12 3 7 8 15 22 13 15 23 16 24 3 12 19 25 72 128 168 206 219 163 109 83 43 8 6 14 28 31 33 24 17 27 26 29 
41 32 26 24 30 29 31 26 13 24 31 32 22 4 13 14 15 19 21 27 29 26 31 32 38 41 38 40 21 21 24 27 39 41 46 36 30 31 24 18 8 14 43 73 137 189 200 208 184 121 69 55 27 6 7 10 19 20 17 15 13 13 19 24 
48 46 38 36 36 31 26 20 13 19 28 35 22 6 12 20 20 17 12 15 15 7 15 22 32 28 29 32 24 40 19 8 20 26 52 45 45 45 36 24 17 43 86 124 180 209 183 158 124 78 45 42 27 12 15 20 18 16 19 19 19 14 19 23 
54 60 53 48 42 30 22 19 20 19 24 32 24 9 6 9 19 21 8 17 29 26 22 23 31 20 8 20 22 46 24 8 28 20 43 35 38 36 29 24 31 84 131 164 202 199 149 112 85 50 37 41 29 21 31 29 29 24 26 18 7 5 6 10 
43 53 37 39 34 27 24 9 12 12 20 39 38 29 18 8 17 22 7 14 22 10 5 8 29 27 15 23 13 41 25 15 26 15 25 27 34 32 24 24 58 127 173 196 210 186 125 85 57 39 35 32 28 22 15 7 10 6 9 22 19 26 28 27 
36 38 29 22 15 12 18 10 13 12 18 31 41 34 28 21 10 20 10 24 33 32 25 16 20 25 18 26 14 38 25 12 20 25 29 30 38 20 39 63 117 186 215 198 178 139 74 31 22 26 27 31 22 20 12 6 9 6 17 31 23 22 22 23 
34 33 24 17 6 15 24 18 19 13 17 12 29 22 25 23 14 20 17 8 15 10 15 18 8 20 8 13 3 25 27 21 29 39 40 29 22 25 88 127 170 219 213 156 115 86 29 16 5 21 24 22 19 21 17 17 8 12 24 30 24 19 10 10 
8 17 14 15 15 22 23 8 12 12 24 4 27 27 24 24 9 19 24 20 20 22 27 27 17 26 25 25 19 26 26 15 12 19 17 17 30 74 138 166 177 195 166 101 69 57 24 17 10 15 20 20 22 28 34 34 29 22 22 23 29 19 12 10 
17 22 17 13 17 29 24 10 11 14 26 15 20 29 25 30 24 23 34 31 30 35 41 43 35 30 22 7 7 20 26 24 25 34 40 73 101 138 194 192 160 149 124 64 37 39 25 19 5 11 16 17 13 7 14 15 24 20 22 29 34 38 33 25 
12 20 20 32 45 48 47 32 26 22 32 27 25 24 17 22 29 26 34 34 20 19 26 39 35 22 16 22 24 26 27 20 15 36 77 135 153 181 211 187 131 112 97 41 12 29 22 19 12 9 8 5 5 6 5 2 13 24 25 26 31 31 30 26 
20 20 17 24 29 29 25 12 16 12 22 22 17 17 15 12 22 20 34 39 26 20 16 24 36 22 19 22 21 16 22 36 60 105 157 204 207 204 197 153 96 80 74 37 19 27 22 20 22 13 15 21 27 26 29 31 30 38 32 21 15 13 19 15 
42 42 35 26 12 11 20 19 24 12 20 22 18 15 16 12 24 23 35 46 37 31 24 19 29 18 16 19 26 25 50 90 125 160 192 209 190 163 147 101 61 43 47 29 12 17 17 19 32 23 16 12 8 3 13 19 17 36 36 24 17 17 22 19 
31 38 45 45 34 26 17 25 27 22 23 19 20 17 17 5 19 25 33 44 36 26 18 15 27 19 21 41 58 79 116 150 166 179 184 182 140 103 77 46 29 25 38 27 6 6 17 19 31 26 20 18 22 15 18 20 19 37 40 31 27 17 17 13 
6 6 13 25 27 30 20 28 26 15 10 12 28 25 25 27 30 28 13 20 18 22 19 8 30 34 57 90 123 145 172 186 194 192 172 152 98 60 29 21 15 29 41 32 24 20 10 18 30 32 28 29 25 26 23 26 20 28 30 24 19 7 8 9 
19 16 12 13 23 27 24 22 19 17 12 15 36 27 27 25 31 35 18 16 13 21 19 21 51 71 108 140 167 182 196 198 199 178 138 100 54 32 13 11 15 21 20 8 17 31 27 32 38 38 36 34 25 21 6 11 18 34 25 12 24 12 19 21 
17 15 8 1 22 32 21 15 14 11 5 13 37 33 20 11 8 27 15 4 10 28 52 83 115 136 161 182 191 192 185 171 150 105 54 37 13 26 13 11 18 12 17 27 38 50 38 31 29 26 32 32 28 34 41 44 43 41 27 15 26 16 20 26 
15 15 10 10 23 29 19 8 6 8 12 21 41 36 27 17 10 28 23 27 61 89 119 154 178 186 199 203 196 178 150 116 93 52 22 17 18 27 13 9 20 13 6 13 26 39 17 8 13 22 30 37 23 30 36 30 27 36 28 27 29 17 3 8 
12 15 17 14 29 36 16 6 7 18 32 38 40 32 46 51 76 96 114 124 154 164 172 189 196 194 199 189 163 129 91 58 52 21 15 8 15 24 12 20 21 12 6 15 30 38 7 13 8 10 26 23 20 29 36 19 14 26 24 27 26 6 11 18 
24 23 17 16 31 39 22 10 10 19 38 57 86 117 147 159 177 187 188 185 194 191 192 199 189 163 139 105 71 39 14 17 28 7 17 13 17 22 14 24 27 19 6 15 31 31 3 13 17 19 24 17 14 26 33 20 15 19 12 17 15 24 24 20 
57 58 60 67 80 91 87 97 107 123 138 159 177 197 210 215 222 216 208 197 199 190 187 185 159 115 75 39 29 25 24 21 28 15 10 8 10 18 16 19 19 17 14 15 30 27 11 12 19 17 20 17 12 21 27 22 22 25 18 20 19 29 23 16 
163 164 160 156 157 158 154 159 162 169 170 175 182 194 196 191 195 194 191 187 184 162 137 109 78 53 38 27 23 17 11 22 24 6 13 20 23 19 9 11 27 34 29 17 20 16 4 12 18 13 19 21 12 17 17 17 19 19 17 17 17 32 22 19 
128 126 123 115 117 117 107 107 111 117 127 144 161 185 185 173 169 158 143 130 109 80 52 26 7 4 10 15 22 19 13 18 22 8 15 16 16 13 13 15 29 43 40 27 27 20 17 26 36 38 36 37 22 12 11 15 18 15 18 26 22 37 21 24 
125 119 119 111 118 114 108 119 124 138 157 172 182 189 171 145 119 90 72 65 51 41 25 15 12 6 8 5 13 9 18 20 27 12 26 22 20 24 22 26 34 48 45 38 28 17 9 24 22 21 28 47 29 22 22 22 26 19 16 27 24 39 27 32 
87 85 82 76 84 78 72 88 86 101 125 127 126 124 100 62 39 44 55 65 57 45 19 20 17 10 9 3 9 15 21 16 27 20 38 26 17 20 31 42 38 48 48 39 27 12 6 24 24 7 19 44 31 15 16 24 29 19 16 23 22 36 28 36 

22 20 17 13 15 14 8 10 28 48 46 37 19 27 37 45 24 21 18 12 5 13 19 25 19 12 18 26 36 43 27 57 51 48 68 51 43 47 48 38 31 24 19 22 31 45 28 15 26 26 29 38 49 34 20 8 16 8 13 93 166 115 125 90 
15 13 13 6 13 11 4 13 32 43 39 29 12 26 38 41 19 22 16 10 6 17 24 31 24 20 20 17 27 41 39 58 48 42 59 45 48 49 50 41 32 26 18 17 26 41 26 13 26 22 28 36 48 36 22 7 14 12 13 93 168 117 123 86 
38 34 31 22 17 20 19 32 39 44 34 19 16 20 34 38 17 21 17 13 15 24 26 31 30 29 26 13 15 28 27 45 38 35 43 36 42 46 47 41 38 34 26 23 20 34 26 5 23 25 29 34 47 32 24 10 17 13 19 95 173 117 122 86 
22 22 20 15 15 13 14 27 29 34 29 13 13 17 27 29 15 14 12 6 22 24 32 41 45 46 43 35 36 33 26 31 20 22 31 32 34 36 43 39 39 41 39 33 23 24 16 8 15 13 19 28 39 34 29 19 25 28 27 100 178 120 125 90 
9 8 11 14 15 10 17 21 25 33 29 25 27 23 22 21 10 19 27 24 27 28 29 38 39 48 43 41 36 36 34 34 27 16 11 15 22 28 37 36 36 38 36 32 19 13 16 12 11 11 19 31 33 28 32 21 29 24 19 105 175 119 124 86 
26 32 36 39 36 38 30 28 26 26 20 24 26 26 23 18 20 24 31 32 34 29 38 39 38 43 41 30 21 5 4 11 15 14 16 9 12 25 29 20 26 25 27 33 24 19 19 17 12 23 32 37 29 26 33 22 22 15 13 105 169 123 125 79 
23 23 28 21 27 22 26 23 27 31 22 24 15 10 12 17 28 32 38 43 37 34 42 39 38 43 36 29 27 26 33 38 39 36 26 12 12 24 13 7 10 22 26 28 17 5 13 26 22 12 17 18 20 28 32 33 33 27 31 109 168 127 126 76 
15 13 18 12 23 16 20 25 26 35 25 24 17 12 15 24 36 39 43 40 32 30 41 34 39 36 34 35 22 15 22 25 37 36 27 19 19 30 19 7 12 26 29 34 31 20 17 24 22 22 24 14 20 24 24 34 36 35 46 112 164 137 133 87 
24 20 22 12 19 17 18 23 24 39 32 26 19 12 17 27 36 34 38 34 20 18 36 40 54 50 50 48 32 21 20 16 24 27 26 33 13 22 18 19 13 17 20 29 34 28 27 27 23 16 26 12 26 24 23 27 17 6 29 104 163 144 136 92 
18 21 24 13 19 19 20 20 25 37 32 30 25 19 20 22 34 37 43 29 17 10 13 24 38 45 49 48 34 27 21 21 24 30 29 36 16 19 15 24 16 17 24 31 31 32 32 36 26 21 29 12 31 23 26 27 13 8 36 104 159 150 141 94 
22 27 24 8 15 16 21 23 22 36 27 22 22 12 20 19 26 27 33 17 22 26 27 27 26 22 26 28 24 22 23 33 38 38 39 45 29 30 20 30 26 24 21 20 25 30 34 38 20 11 26 12 29 22 30 23 6 9 45 107 163 158 155 109 
23 25 15 10 20 26 29 24 26 43 26 15 20 14 17 16 22 27 30 3 12 21 21 30 24 21 22 19 23 19 28 45 49 54 53 46 34 33 23 26 12 13 11 15 19 29 34 35 22 19 26 22 34 31 46 50 41 35 65 120 159 155 162 114 
30 31 23 24 29 36 29 13 25 43 26 17 22 17 17 18 22 31 30 11 22 28 27 27 31 33 24 19 16 26 29 32 26 24 17 16 23 25 22 31 17 6 13 19 20 29 26 24 18 26 31 29 32 32 34 31 24 22 75 139 166 157 166 104 
26 26 13 17 29 40 29 20 27 40 25 14 20 19 15 15 19 26 24 7 23 26 31 36 43 47 36 22 17 19 34 33 25 10 15 10 27 17 19 29 22 10 15 17 23 28 16 3 10 5 15 19 19 26 27 30 13 28 102 163 173 169 170 100 
26 20 8 16 20 34 19 12 19 37 29 12 20 26 25 25 26 32 31 15 22 22 15 15 22 32 24 24 26 17 30 28 15 18 26 24 32 22 26 36 21 13 28 18 16 26 23 21 24 23 24 35 19 31 26 32 21 34 123 180 187 186 168 92 
27 17 14 17 21 35 10 13 11 29 32 12 20 24 24 25 12 26 36 28 22 12 12 17 20 26 15 9 19 5 26 26 19 34 43 35 29 8 13 37 25 19 40 28 21 25 24 31 34 38 43 46 40 43 28 36 23 45 143 188 182 176 141 57 
28 13 16 6 11 26 4 8 10 22 34 20 13 17 22 32 10 22 29 41 32 27 29 22 16 16 11 6 15 6 27 35 33 51 53 49 33 19 21 38 28 26 41 26 18 16 20 26 29 32 40 48 52 60 47 46 45 77 170 195 189 185 123 39 
20 11 18 6 10 28 13 7 15 19 38 34 19 12 19 31 5 13 23 44 38 39 36 31 22 18 16 14 10 15 36 45 46 54 53 52 37 26 22 30 20 15 36 28 5 10 18 25 25 38 43 54 70 74 52 37 37 88 180 195 187 174 96 26 
21 17 14 15 15 26 19 10 15 8 27 26 8 5 17 31 16 18 14 34 26 30 27 26 33 32 31 31 25 27 38 42 42 46 46 55 44 40 42 32 17 12 30 27 6 8 17 23 18 25 43 48 60 51 24 6 24 108 184 185 178 150 63 37 
17 23 20 24 24 29 25 11 17 15 28 27 13 7 17 29 23 21 19 22 20 22 20 12 19 19 23 21 27 38 46 37 40 43 44 54 45 42 37 27 20 19 28 32 12 12 20 26 19 17 33 38 38 21 10 6 43 130 189 191 167 117 43 29 
22 28 32 34 36 36 32 19 14 13 22 27 17 15 13 21 24 24 21 19 19 26 19 6 8 17 16 15 13 32 45 36 34 40 43 60 46 42 34 33 31 28 36 27 16 14 27 38 31 19 30 32 22 12 17 20 80 164 206 201 159 90 27 27 
29 35 40 41 38 34 32 18 12 21 24 32 29 32 20 19 16 16 19 19 13 6 3 11 11 19 24 27 15 17 34 40 41 36 34 45 25 26 26 28 25 26 29 22 11 5 24 36 36 21 29 28 9 15 19 27 104 175 196 197 133 48 22 26 
18 21 29 29 26 26 29 27 17 12 15 16 22 26 26 19 19 19 17 22 10 17 17 25 28 32 39 46 38 13 19 27 28 25 26 31 8 22 26 42 46 39 43 31 30 19 23 35 27 27 36 22 8 29 26 55 129 180 192 182 100 22 17 21 
39 31 27 19 17 19 20 21 22 15 14 16 17 19 20 10 8 15 17 22 22 36 37 41 46 45 44 49 40 31 17 16 24 15 19 24 8 24 25 34 27 27 34 26 35 37 32 34 15 26 39 20 8 27 10 86 156 187 197 180 83 19 25 36 
17 12 11 10 10 15 16 20 30 15 23 21 19 27 20 14 13 14 15 12 20 34 29 34 41 41 48 55 38 32 29 27 33 27 34 30 19 27 26 31 22 15 24 19 30 39 34 31 7 26 41 18 19 20 28 117 170 192 193 158 69 20 17 20 
37 34 35 26 17 11 7 22 28 9 7 20 25 33 22 23 22 17 18 15 20 37 25 28 32 39 51 58 42 46 45 45 41 28 35 36 27 39 38 41 38 32 32 24 22 27 13 12 14 22 36 10 5 13 62 140 176 198 183 128 54 15 10 8 
22 15 10 8 13 12 13 26 34 20 22 31 42 43 29 28 29 20 23 24 26 38 28 24 27 24 49 50 32 39 43 39 30 21 33 32 25 31 28 33 32 24 23 15 15 31 29 34 30 32 26 9 13 45 102 162 185 195 159 88 41 17 8 5 
33 31 25 19 17 13 15 22 26 11 19 26 45 38 35 29 33 20 26 24 25 32 16 6 8 19 43 37 20 26 22 24 22 30 37 33 24 27 32 46 52 42 31 19 6 17 24 20 19 15 19 16 34 89 147 185 199 187 125 60 37 17 14 15 
17 19 15 3 6 8 8 16 19 21 22 16 29 21 39 39 39 30 27 26 29 34 21 22 22 24 34 25 15 26 24 20 20 26 36 32 25 26 20 25 28 30 15 12 22 15 14 31 29 28 22 26 74 129 168 192 195 155 85 43 39 24 28 31 
8 14 20 13 17 13 12 7 13 26 24 19 20 19 41 33 35 27 26 24 33 31 22 21 22 21 26 17 11 27 20 27 23 27 34 32 27 24 24 24 20 22 12 18 28 23 24 26 16 17 11 55 129 167 175 183 165 106 44 30 39 28 32 32 
5 6 19 19 15 19 26 24 19 29 15 17 7 17 36 24 22 25 22 22 37 42 34 31 32 29 28 22 22 33 41 46 45 41 38 34 31 27 20 25 24 31 13 15 25 17 24 19 18 24 11 90 169 184 181 172 129 57 13 26 36 24 29 28 
26 20 24 29 17 14 13 19 27 32 18 15 11 32 39 29 24 29 29 20 27 34 41 48 49 42 32 24 18 26 29 38 36 38 39 39 38 34 29 29 22 31 11 17 26 9 35 25 24 24 39 142 208 204 184 157 102 32 12 32 32 18 20 19 
25 20 27 43 29 25 22 27 41 34 20 15 18 36 35 17 20 19 24 8 12 11 26 33 38 35 27 15 11 11 6 11 4 19 29 37 39 39 34 22 12 27 22 12 12 12 33 27 19 41 90 186 229 199 161 125 61 24 18 34 22 12 14 13 
41 36 33 45 16 13 18 27 45 36 32 21 18 39 31 16 19 12 19 12 13 15 16 20 24 32 24 19 5 12 12 15 12 6 17 31 44 43 38 22 12 26 22 10 8 9 22 27 39 72 131 200 222 182 130 77 21 19 17 29 20 19 24 29 
57 53 46 52 21 24 31 31 27 24 34 38 32 39 18 12 12 12 21 26 26 20 10 10 28 32 25 15 15 15 13 21 22 16 15 28 46 43 40 26 10 26 26 8 24 19 25 25 49 99 162 201 205 166 106 48 16 17 20 29 29 37 36 33 
73 68 52 46 13 27 35 38 27 17 13 20 24 29 22 20 19 13 15 15 10 15 13 22 34 35 31 20 11 10 16 20 18 18 14 27 39 32 31 27 12 24 19 16 36 26 32 38 79 143 201 205 196 154 81 27 15 16 21 31 32 39 30 27 
81 77 54 43 11 34 39 37 27 32 24 8 10 13 10 17 15 14 26 32 34 36 41 48 53 50 48 43 30 12 13 15 5 11 14 30 42 22 29 31 18 24 17 24 47 21 38 65 118 180 213 187 166 119 48 5 8 17 31 27 29 34 33 32 
77 73 49 28 15 39 42 27 23 29 24 6 10 4 17 24 17 21 31 25 21 26 31 37 34 26 32 41 39 22 20 25 14 17 12 22 43 16 24 28 17 24 8 35 45 19 56 102 156 193 197 152 125 80 19 20 17 21 36 28 31 40 36 43 
58 60 36 12 22 37 46 32 34 41 33 15 13 8 15 17 13 17 27 15 22 26 35 34 30 13 13 34 37 20 17 21 20 24 20 24 31 14 19 26 15 20 18 36 31 34 81 142 192 201 187 138 103 50 13 21 12 21 37 29 30 42 36 39 
31 36 19 11 27 30 41 22 31 43 42 37 25 15 12 10 8 16 26 14 18 26 28 20 19 21 18 36 31 12 15 22 27 26 21 16 28 20 18 18 7 16 13 24 29 75 123 180 218 195 159 109 71 23 22 16 11 18 31 20 17 27 16 16 
14 21 21 24 31 27 32 22 17 32 32 31 25 15 16 13 13 15 18 6 8 12 18 16 24 35 38 44 32 16 15 19 17 18 20 18 20 19 15 17 5 13 17 27 72 133 168 208 215 163 115 77 43 12 23 15 10 19 24 14 14 26 28 29 
23 20 27 26 27 21 14 15 16 26 25 28 22 12 13 8 12 10 16 24 26 29 29 30 41 44 47 50 27 29 29 27 41 41 43 31 30 28 17 14 10 19 42 73 142 201 209 208 180 117 65 45 34 14 19 15 10 14 17 13 19 17 26 36 
32 31 26 23 22 10 5 12 15 28 26 24 17 12 19 19 17 20 17 15 13 9 17 15 36 27 29 36 25 43 32 19 24 28 40 34 31 32 25 17 19 41 85 122 185 217 190 161 130 83 46 40 32 19 22 26 28 32 28 21 19 17 22 27 
29 35 33 31 22 7 15 14 15 26 20 24 18 6 13 16 27 25 20 22 20 20 15 16 37 21 7 25 14 52 39 22 40 29 32 27 26 25 15 15 37 86 136 170 211 205 150 106 76 47 32 29 32 24 23 28 30 31 32 18 10 10 13 17 
15 29 14 19 16 11 22 8 10 19 25 30 37 26 19 22 27 31 22 15 15 12 19 15 35 26 10 21 14 46 36 27 40 31 29 27 27 26 14 19 66 130 178 202 216 189 126 79 48 33 22 21 29 25 16 10 13 18 21 26 26 29 31 28 
15 33 16 10 3 13 26 16 18 19 31 37 42 30 18 18 27 31 23 24 26 23 20 17 32 30 22 27 19 45 34 23 39 35 43 38 46 22 36 67 121 185 212 204 182 142 79 42 22 20 17 14 29 30 20 13 13 22 31 30 23 19 24 22 
42 38 23 15 11 19 23 16 11 18 27 29 38 24 17 19 16 19 19 15 17 7 12 10 24 27 22 22 11 31 26 28 43 48 55 45 38 41 88 126 170 218 209 164 121 85 25 24 17 12 6 8 27 29 26 24 19 29 29 19 22 4 11 11 
57 53 42 32 26 26 23 14 8 10 22 29 38 32 26 25 8 12 22 20 24 27 29 27 22 34 26 26 19 32 24 15 20 27 26 26 44 84 136 161 177 189 157 103 69 52 20 27 17 6 9 19 32 38 41 38 32 28 20 18 21 12 8 5 
52 53 47 46 38 29 20 10 8 4 21 17 31 30 31 36 27 8 20 24 28 38 38 38 35 31 21 12 19 26 24 18 21 24 34 72 98 140 185 187 159 145 116 63 36 34 18 22 15 4 8 12 16 13 17 19 26 21 25 22 27 29 26 24 
39 43 45 50 53 50 43 29 22 14 26 21 19 12 6 29 31 19 26 26 24 26 23 24 25 14 15 18 26 25 22 16 15 36 79 128 146 172 198 176 128 109 92 44 22 34 22 17 22 8 8 14 13 14 10 12 19 23 30 27 29 29 24 22 
22 25 30 36 34 28 19 14 19 16 26 24 20 11 13 22 30 15 31 38 26 20 11 12 26 12 11 13 22 15 27 41 70 115 163 204 202 200 189 140 89 72 67 32 24 34 19 15 24 13 17 22 30 33 39 37 32 34 36 22 19 13 19 20 
25 28 21 24 22 17 13 8 14 9 17 23 11 8 17 17 28 20 38 49 42 36 25 20 27 15 6 13 27 31 60 102 132 164 194 208 184 168 145 101 63 44 41 22 13 24 20 10 28 20 8 6 14 15 21 22 22 37 39 25 20 18 21 19 
27 32 34 32 24 19 14 15 17 12 22 26 15 11 13 13 20 17 26 38 31 25 20 15 26 16 11 33 57 83 119 154 165 173 181 174 135 104 81 52 35 36 36 30 12 12 20 16 25 23 15 18 27 26 19 24 19 36 42 32 25 15 13 10 
18 20 24 27 20 16 9 22 23 8 13 20 24 27 31 32 27 25 8 22 19 18 19 7 27 31 50 91 125 147 173 190 189 184 171 147 101 60 38 20 19 32 39 39 24 12 12 20 27 27 19 19 20 24 20 23 20 30 29 25 20 9 11 13 
21 20 21 17 21 27 24 19 16 14 12 19 24 24 17 28 21 35 14 12 13 19 20 27 54 78 108 153 173 186 201 202 189 171 138 105 64 41 26 19 20 20 16 6 15 26 27 35 39 36 32 27 22 24 13 22 26 34 28 22 32 19 26 30 
27 26 18 9 16 29 20 18 16 11 10 13 19 22 17 17 13 24 14 6 11 27 54 87 113 137 154 183 188 189 183 166 134 96 58 34 10 27 17 13 19 15 17 23 34 44 40 39 37 37 33 33 22 30 41 48 45 41 31 19 35 20 22 25 
21 22 19 18 27 36 19 17 17 15 6 6 25 27 19 16 15 36 32 42 71 97 124 152 174 181 189 199 189 169 143 111 83 55 32 18 10 30 21 13 19 17 8 6 24 36 21 20 22 29 27 34 15 13 28 26 31 34 31 29 34 22 15 15 
18 20 16 14 28 45 22 8 6 12 25 31 26 12 33 51 80 107 122 139 166 172 179 185 192 190 197 190 164 128 93 62 48 31 24 13 16 30 15 8 15 16 8 13 32 36 22 16 18 24 28 29 13 9 22 16 19 32 36 34 32 19 12 13 
29 27 15 15 31 48 26 15 22 29 44 60 88 120 150 168 184 194 190 191 195 196 192 199 184 163 136 106 71 38 22 14 22 14 14 13 17 23 16 22 24 23 8 17 37 42 26 15 15 25 28 21 7 11 26 13 16 24 18 19 19 24 26 26 
70 71 76 82 90 97 95 102 116 131 144 161 171 184 196 207 214 214 206 204 198 191 188 181 152 113 73 36 29 30 22 21 20 13 10 6 11 17 19 21 16 13 7 16 35 34 24 19 10 21 25 20 12 17 28 32 27 24 19 17 18 31 28 29 
179 178 171 166 159 161 151 153 156 161 163 163 168 175 181 177 180 179 180 177 170 151 133 102 74 54 43 28 28 17 11 15 20 6 12 20 21 17 13 9 17 26 26 26 31 31 20 21 9 22 18 17 8 13 29 32 35 26 12 6 9 31 17 14 
144 145 136 127 122 114 105 107 105 117 126 139 159 181 189 173 161 143 123 98 85 65 44 24 15 16 19 18 26 19 10 19 19 5 10 17 17 13 13 19 26 30 30 31 26 26 24 31 26 38 35 28 16 14 23 31 31 20 10 11 8 36 15 17 
131 131 128 126 126 116 112 122 127 140 158 175 177 183 170 141 111 78 48 25 20 19 15 19 19 13 15 7 13 8 14 24 26 10 20 20 22 19 20 34 36 26 22 26 13 19 25 34 26 37 31 38 19 18 29 36 41 23 12 15 9 41 17 32 
84 85 89 90 90 81 77 90 89 98 121 122 112 114 92 58 38 24 26 24 13 25 15 16 22 18 20 9 7 12 16 21 28 17 28 26 21 19 23 46 44 31 16 22 8 18 21 39 31 27 26 34 20 15 25 36 45 24 8 11 7 41 26 39 

45 43 32 16 10 12 14 22 38 48 39 24 11 18 35 42 20 22 29 32 22 17 25 20 22 22 25 36 38 36 27 47 55 58 72 57 41 41 48 45 48 52 53 48 45 39 16 26 26 17 13 26 41 39 34 24 21 20 15 97 160 112 127 90 
43 40 29 12 2 13 13 22 34 39 31 19 8 16 38 39 22 28 30 31 26 22 31 22 20 22 26 33 34 43 41 54 52 49 61 46 45 41 50 41 45 48 50 43 40 38 16 19 24 15 10 26 41 36 32 21 17 11 11 96 164 116 124 86 
56 52 41 29 21 23 23 28 32 36 29 20 15 19 38 36 20 29 31 26 27 32 31 19 19 17 22 20 18 27 28 42 39 36 40 27 29 34 38 35 39 43 43 38 27 30 20 11 19 22 21 23 41 32 33 20 22 10 6 96 173 116 121 86 
48 48 34 25 13 13 15 19 21 32 31 20 19 18 28 31 29 29 26 22 22 29 32 31 32 34 36 38 33 34 25 35 21 19 18 15 16 20 28 26 31 39 43 39 17 16 17 19 12 10 18 22 34 31 41 31 34 32 27 103 177 119 121 85 
42 39 31 24 15 10 13 20 29 39 36 34 29 27 22 12 7 10 14 12 17 21 27 26 22 31 36 38 38 39 36 38 30 26 12 6 8 19 26 19 19 24 27 33 22 8 19 20 13 8 12 25 28 27 38 32 32 27 22 102 179 122 117 78 
45 43 45 38 38 26 22 19 24 34 29 31 31 31 22 13 8 14 22 24 20 22 29 19 7 6 9 12 14 16 12 22 19 21 19 13 12 24 18 5 10 14 24 35 26 19 15 21 20 20 31 34 31 31 41 30 30 25 22 107 177 124 117 70 
35 32 31 26 31 17 22 21 26 37 30 29 22 14 8 11 21 28 34 39 31 27 35 20 8 9 15 24 29 31 30 34 34 20 16 12 20 28 14 9 7 13 19 27 28 14 15 26 20 15 22 25 37 39 43 45 41 34 39 112 171 130 122 71 
29 28 22 18 21 7 6 20 24 35 35 29 24 13 9 20 27 31 31 26 19 20 31 14 13 2 10 30 19 20 20 32 35 27 13 13 25 34 17 11 10 15 22 32 27 12 7 26 24 19 25 22 40 41 39 40 40 38 52 120 170 140 134 89 
29 24 22 9 15 3 2 16 22 34 34 27 16 8 14 26 38 29 27 21 20 27 43 41 43 34 27 37 13 13 19 22 29 27 21 29 13 29 19 21 17 17 22 32 32 18 15 27 21 15 28 19 44 36 32 27 20 13 43 119 164 144 142 93 
13 19 21 10 13 13 16 25 23 35 32 28 16 15 17 27 32 21 21 10 18 19 27 33 38 43 40 41 26 13 20 20 22 26 24 33 11 23 19 22 17 11 21 32 22 10 13 32 21 17 31 25 45 33 27 23 11 9 52 123 157 148 145 89 
14 20 24 10 10 6 12 12 10 29 20 13 8 5 18 25 26 17 21 21 30 26 20 22 15 15 22 16 20 10 17 34 34 36 31 39 20 27 27 30 24 15 22 27 22 15 19 33 18 18 31 31 42 34 31 20 8 7 59 126 158 150 156 104 
24 29 23 18 15 17 25 25 22 31 18 8 12 5 18 24 22 19 12 26 29 31 22 27 14 5 11 2 19 19 25 39 42 41 35 38 20 25 23 27 20 4 12 25 28 32 30 36 27 24 34 36 43 41 48 42 36 28 75 137 161 152 169 115 
30 36 28 21 19 22 20 5 24 44 26 17 19 19 22 24 26 22 10 27 30 32 27 25 22 20 15 9 8 22 27 27 15 13 15 24 22 19 15 26 26 10 8 24 29 35 32 27 31 33 40 39 45 34 38 31 21 13 87 155 166 151 166 104 
37 33 26 24 24 30 21 15 29 45 26 13 20 19 17 19 17 21 5 24 26 34 33 38 38 33 24 14 6 20 33 27 11 22 29 36 28 12 10 29 29 26 17 8 15 21 20 18 25 26 34 43 36 38 37 32 16 31 111 175 175 163 164 91 
31 27 18 14 17 30 21 11 20 39 31 8 13 17 20 30 32 33 15 13 31 31 26 21 21 29 24 22 22 15 31 24 13 24 41 46 34 22 22 32 31 27 29 9 14 17 23 21 27 20 28 36 19 32 29 32 21 43 133 187 189 181 157 84 
36 29 18 19 17 24 12 8 15 35 32 8 13 17 20 28 13 26 20 15 22 17 18 22 20 25 29 31 22 11 18 22 24 41 53 52 27 17 10 30 28 29 43 27 21 20 24 25 26 24 31 40 10 38 27 36 33 63 151 194 182 175 130 50 
35 25 15 8 9 19 12 3 5 27 39 23 11 12 21 35 6 15 26 35 29 32 34 28 27 23 27 24 17 7 15 17 18 34 47 38 26 23 19 34 29 34 47 25 14 7 19 24 21 19 20 26 24 52 39 40 46 90 176 196 185 173 101 27 
30 22 16 13 15 23 23 13 7 22 36 32 25 21 30 38 14 15 20 34 24 32 31 31 30 31 31 29 18 11 19 25 25 32 34 23 12 21 36 38 34 24 38 31 22 19 27 29 25 31 40 48 61 71 53 35 45 101 184 190 184 168 76 13 
23 24 8 6 16 17 29 20 17 23 27 27 15 20 30 36 10 8 7 29 14 21 14 16 26 34 32 29 22 17 22 19 12 16 12 23 29 38 49 43 29 15 29 31 24 29 27 31 28 36 41 48 58 50 27 15 39 119 190 187 176 144 43 22 
10 17 6 6 15 17 30 26 20 13 17 23 25 21 29 32 17 14 6 20 15 18 9 8 13 13 13 12 18 27 30 16 13 19 22 38 40 38 39 32 26 19 24 33 34 38 41 43 37 32 34 34 34 17 15 15 52 137 196 192 166 112 28 10 
32 33 28 31 31 34 45 37 21 12 15 27 29 28 25 29 22 22 19 13 12 10 10 13 15 19 9 12 18 34 43 24 20 20 24 48 43 35 36 37 32 24 26 32 45 48 48 45 34 22 22 26 24 22 25 24 84 165 206 204 157 78 15 19 
31 27 31 30 31 34 50 43 23 13 7 20 22 22 17 14 19 19 22 12 6 12 19 29 27 33 31 34 36 24 37 33 34 31 26 43 30 14 21 24 25 13 15 29 37 45 45 46 37 27 22 19 20 26 26 40 112 173 201 200 130 46 14 23 
17 17 24 16 24 31 43 46 31 20 13 8 10 19 12 9 14 22 25 20 12 22 24 36 36 44 45 53 50 36 30 28 28 26 24 41 21 20 35 50 53 43 36 29 30 32 32 32 20 26 33 22 23 31 21 60 138 182 196 183 96 17 14 22 
35 29 14 10 17 29 38 38 32 21 17 20 22 31 24 6 12 17 29 29 28 39 34 41 41 46 44 52 55 50 32 27 24 27 23 36 26 30 35 41 40 31 33 22 30 37 37 33 16 20 31 24 20 26 9 101 162 179 194 175 79 18 22 31 
12 7 8 6 12 17 25 32 30 22 24 30 31 33 17 10 5 17 22 19 26 39 30 32 37 33 42 52 49 46 31 26 29 30 34 42 32 31 16 16 13 17 25 16 20 29 26 19 13 18 38 19 21 13 41 127 167 181 192 150 60 18 21 14 
48 45 46 45 36 19 13 23 27 22 22 28 31 32 18 15 14 11 20 18 23 36 22 22 27 25 38 50 38 43 41 41 36 29 29 41 36 41 29 34 32 34 38 26 20 22 15 14 19 20 32 12 11 21 79 155 179 190 182 117 44 24 19 8 
28 22 22 26 27 19 15 14 21 16 19 25 35 32 27 14 15 13 20 25 31 34 21 13 16 10 32 38 15 26 31 31 20 16 25 28 28 28 25 23 19 12 23 19 24 29 38 36 38 34 23 6 10 44 112 166 178 184 151 77 36 29 19 8 
31 32 37 33 34 24 17 15 13 12 10 18 32 28 27 18 19 11 19 19 29 36 21 9 12 20 38 32 10 6 11 12 11 11 28 20 17 24 29 46 45 37 31 25 22 19 22 12 13 17 12 18 31 86 145 184 188 172 123 57 34 30 28 27 
22 17 30 27 22 17 19 19 22 32 31 26 24 7 30 25 29 20 18 24 35 39 29 24 22 17 32 20 5 17 11 13 11 12 29 18 12 13 14 15 19 19 12 21 29 31 31 38 36 32 25 17 71 130 175 200 192 152 85 39 32 33 38 40 
20 13 31 27 27 24 17 10 12 26 27 30 20 6 32 21 21 19 12 13 32 41 31 25 22 16 24 14 6 19 10 12 8 10 26 13 16 19 15 15 13 23 12 29 24 26 24 14 16 13 14 50 126 171 183 194 167 101 41 29 29 33 41 43 
22 19 31 29 15 18 22 20 27 25 8 26 8 18 31 11 22 25 12 10 21 39 34 27 31 20 22 17 16 28 32 40 34 27 15 6 17 17 8 19 21 34 15 24 23 22 26 9 18 17 8 88 166 180 173 173 125 49 19 26 22 24 32 32 
34 29 23 29 10 7 4 11 32 27 10 22 15 32 34 21 26 29 24 12 11 24 26 31 41 34 27 22 23 26 34 38 33 31 19 12 20 16 12 29 25 33 12 17 27 16 29 22 26 19 34 141 206 194 178 162 95 28 19 35 15 14 22 19 
27 24 22 39 22 27 21 23 41 29 8 17 21 43 32 13 21 24 24 12 9 10 14 29 32 34 21 10 7 12 15 20 19 26 26 17 19 17 20 33 17 36 19 13 22 14 33 21 22 38 88 188 222 194 166 130 60 22 19 39 17 11 14 8 
29 23 16 34 20 24 21 27 44 41 35 29 28 41 22 17 22 19 24 16 20 18 22 31 33 31 15 5 15 26 22 18 17 14 19 11 22 25 28 29 25 31 22 15 21 24 27 29 36 67 128 198 212 173 126 72 13 18 23 38 21 22 26 31 
34 33 21 30 24 29 32 24 19 30 43 38 36 37 16 18 17 17 27 28 26 26 23 26 36 29 15 10 23 34 24 21 21 22 19 6 32 32 35 30 26 30 25 13 29 29 27 11 38 88 150 196 198 153 101 46 7 11 16 34 34 45 45 43 
41 43 22 19 21 36 36 31 22 6 13 19 23 25 12 17 17 12 19 19 20 22 24 30 38 29 24 19 24 31 23 26 19 16 10 16 32 24 31 25 21 25 20 20 34 29 29 27 76 137 190 202 185 147 85 27 17 18 18 29 30 39 33 29 
51 47 24 16 23 35 31 22 26 19 19 10 12 11 12 12 10 12 24 25 22 29 30 40 45 42 40 44 42 33 21 27 13 12 13 21 40 19 25 22 21 27 17 24 41 23 29 62 119 171 206 186 162 123 58 10 4 19 35 25 27 26 20 24 
41 39 13 15 26 38 30 16 32 19 19 14 8 9 15 17 12 15 25 9 8 14 16 26 32 23 22 33 37 29 22 31 20 23 14 19 43 15 24 21 22 26 13 32 41 12 50 103 152 190 197 150 123 83 16 19 12 26 41 26 26 26 19 26 
26 31 12 13 22 29 32 18 37 27 26 22 15 17 14 14 13 17 23 5 4 14 15 23 23 15 6 31 35 17 13 16 9 22 15 26 37 13 13 16 17 26 14 29 26 41 90 148 193 200 183 135 98 55 4 19 14 27 42 18 18 17 12 12 
17 24 13 20 24 20 28 15 38 36 41 41 29 21 11 7 7 13 26 16 26 30 29 23 13 16 13 35 29 14 4 12 15 22 17 19 30 17 12 15 13 22 14 22 30 79 131 192 222 202 166 108 64 28 17 21 13 21 29 19 19 27 23 27 
19 27 29 22 24 11 25 27 33 27 19 27 22 22 17 8 11 10 15 6 6 20 20 14 19 34 34 46 33 18 6 5 3 11 10 11 16 17 15 14 11 22 17 31 80 133 175 213 208 165 114 65 36 12 23 16 11 15 24 23 26 33 38 44 
24 24 23 17 16 15 26 36 47 43 34 27 12 17 14 12 15 13 12 17 24 29 30 32 45 52 57 61 36 32 22 24 36 31 39 27 23 22 19 13 13 28 42 75 138 190 206 206 176 122 70 38 27 6 22 13 13 15 14 23 24 27 34 48 
13 5 13 17 17 20 29 35 45 46 37 26 17 22 21 21 17 12 4 8 6 12 14 18 32 32 29 42 27 45 29 4 20 31 39 39 32 34 31 24 28 53 85 120 180 208 187 158 125 81 46 33 31 8 22 22 24 27 21 19 16 14 19 31 
12 18 22 26 22 24 32 34 45 53 43 31 20 14 18 16 20 19 4 12 14 13 13 13 31 18 12 29 25 49 36 12 27 24 26 29 22 27 26 29 53 98 138 171 208 197 145 102 76 43 25 18 25 11 22 24 27 31 28 12 4 9 19 26 
28 37 22 15 13 19 32 34 45 50 49 38 37 23 21 12 21 20 11 17 16 20 22 28 37 22 15 20 20 47 31 12 27 19 15 17 20 30 29 43 79 135 173 199 208 176 116 70 38 21 9 14 30 21 13 15 15 32 40 29 29 27 27 30 
46 52 40 23 20 25 34 39 45 50 53 48 43 27 19 15 19 17 10 18 18 22 17 23 38 25 19 22 27 48 28 18 34 28 34 26 32 32 56 84 133 185 209 197 176 134 79 46 26 15 11 14 36 27 12 11 25 46 46 30 26 19 26 26 
54 54 44 31 24 26 32 34 39 46 49 45 41 28 25 19 20 16 13 15 13 10 15 20 32 26 21 17 19 35 18 24 36 41 45 38 36 57 99 138 182 218 202 163 126 80 29 22 15 9 8 8 34 33 29 30 34 46 38 24 16 12 15 19 
61 65 50 38 26 23 26 35 38 39 44 41 42 35 36 24 7 12 21 29 29 26 29 31 27 26 19 16 20 33 12 6 6 23 17 34 46 86 136 159 175 180 146 99 66 39 9 25 20 5 9 20 43 43 45 39 34 39 30 22 19 12 9 12 
55 55 45 38 24 21 21 26 31 34 38 35 40 35 34 38 18 16 20 29 30 35 37 39 31 16 12 12 29 30 21 17 17 22 39 76 103 145 185 180 161 137 99 56 39 34 16 24 30 17 12 15 15 15 24 18 25 20 27 23 24 23 15 12 
47 46 38 34 33 32 32 30 31 32 39 35 32 22 15 30 21 25 35 36 29 22 15 21 15 10 20 28 33 31 24 20 25 46 86 131 147 178 194 172 132 107 81 43 27 31 26 23 33 19 16 15 7 10 13 14 19 17 27 31 31 32 30 31 
27 29 24 19 13 8 8 10 21 29 35 37 36 24 23 24 20 24 36 47 29 26 13 17 31 29 34 32 34 27 35 50 85 129 170 200 194 192 173 129 83 71 55 29 27 37 23 23 34 22 21 20 22 28 30 30 20 27 31 25 34 34 46 47 
10 15 9 11 12 4 6 15 24 31 38 39 38 28 29 19 14 26 34 49 39 35 25 20 30 30 28 33 38 45 71 108 131 165 187 194 177 159 138 95 60 41 35 22 21 29 25 20 32 26 20 13 16 15 11 6 12 27 29 26 34 43 51 54 
21 20 19 19 17 15 13 17 26 32 38 43 43 35 30 20 9 21 21 36 33 32 26 29 31 31 31 42 64 87 118 149 155 166 169 162 127 104 83 54 43 39 37 20 12 21 24 17 17 20 27 29 37 38 27 18 13 29 31 29 31 38 47 48 
29 29 31 29 24 10 6 21 32 31 35 39 44 38 38 32 20 30 19 27 32 29 27 24 28 40 55 92 126 149 172 186 179 169 159 138 91 65 45 29 27 36 39 36 29 10 11 20 19 20 16 17 24 34 29 24 14 17 22 24 22 28 34 37 
39 37 34 29 22 22 24 20 18 22 21 28 32 27 20 22 16 32 20 23 29 32 36 39 60 86 117 156 183 190 198 196 176 149 129 97 64 45 28 19 20 21 15 6 12 13 15 19 28 22 22 22 23 35 34 35 31 29 22 17 29 24 34 38 
41 43 37 27 21 29 28 27 19 17 16 22 27 28 23 17 6 30 27 24 31 47 68 95 122 138 157 186 194 188 181 156 119 80 57 46 24 26 5 11 15 15 18 17 27 32 31 31 31 29 26 20 16 29 36 45 40 31 20 13 24 17 23 26 
38 39 39 31 32 40 26 31 29 29 19 8 14 20 9 11 11 34 43 57 87 109 130 153 166 172 183 199 187 167 142 104 74 48 38 33 21 29 22 22 26 19 15 5 20 27 22 20 27 27 16 19 2 6 14 25 23 18 17 13 26 20 17 16 
16 13 22 22 36 54 31 19 21 19 30 29 22 8 36 55 88 114 135 149 169 176 175 178 179 186 191 190 161 124 92 57 37 24 27 27 20 31 13 6 15 22 19 15 29 34 25 24 24 25 19 11 5 6 17 10 19 20 27 30 22 17 16 15 
29 18 19 21 40 55 39 30 38 48 62 73 95 121 152 165 186 188 189 185 193 189 193 192 180 158 137 108 74 48 34 21 4 10 20 25 26 30 20 13 15 22 26 16 30 36 34 26 21 28 20 12 8 11 19 11 15 15 14 16 17 28 34 34 
71 76 86 92 101 105 98 107 123 143 159 169 171 173 180 189 199 201 198 196 192 180 178 168 139 102 71 39 36 40 37 27 11 9 20 24 31 31 24 21 17 19 22 25 37 36 37 35 26 32 22 9 12 16 22 29 27 16 13 13 29 43 46 48 
183 186 179 170 165 157 148 145 149 154 158 164 159 166 171 170 170 174 170 164 153 136 113 88 63 45 34 24 26 36 32 30 16 10 21 31 40 37 29 19 6 21 36 38 39 37 31 38 29 34 26 12 6 13 24 34 38 25 17 6 24 45 34 30 
149 147 142 131 123 113 102 98 102 111 126 139 153 177 186 171 157 140 110 85 72 55 38 22 24 18 15 18 23 24 27 28 15 10 19 29 40 32 24 21 26 33 43 46 43 34 41 47 39 46 34 15 6 15 17 24 38 22 15 5 27 54 38 37 
135 130 131 126 124 116 112 121 128 143 164 171 171 170 156 126 93 67 33 19 21 24 18 22 27 22 20 10 6 13 24 27 18 5 22 31 37 26 10 33 43 39 41 45 32 38 41 54 48 52 38 27 14 24 24 25 44 30 15 12 15 52 31 38 
82 82 85 85 86 78 74 89 87 100 123 116 104 100 81 52 31 12 16 22 19 29 17 18 24 21 24 11 3 8 16 27 17 8 28 32 38 22 8 40 49 45 46 43 33 36 41 55 53 52 37 22 12 20 25 16 45 27 13 10 12 52 32 41 

22 26 27 29 24 17 20 27 32 31 22 24 34 38 43 38 13 11 5 23 17 24 36 27 29 32 34 46 39 31 30 29 36 45 50 31 17 17 38 21 31 38 43 36 36 27 21 33 44 41 48 53 41 22 22 18 29 37 34 108 168 120 130 88 
14 19 19 18 15 15 15 22 26 25 27 27 29 36 43 32 11 9 7 18 13 18 30 18 23 29 34 43 38 41 41 47 39 39 42 20 19 22 33 19 27 32 41 33 31 27 19 27 37 38 40 45 38 25 25 15 28 25 28 107 172 121 126 88 
32 31 27 24 23 25 24 27 19 25 29 31 34 33 39 31 19 26 24 22 19 24 30 14 8 13 22 26 22 26 27 38 32 33 30 6 11 19 32 18 21 31 36 32 26 32 22 20 31 41 43 40 35 19 27 12 24 19 20 111 178 125 124 84 
27 26 24 19 15 17 18 20 12 19 29 28 28 29 27 26 34 34 36 26 26 29 36 28 30 27 32 30 32 28 21 29 23 20 17 2 3 15 24 11 19 24 30 36 18 23 33 27 27 27 35 29 27 15 36 27 34 33 30 107 183 125 117 79 
19 16 16 17 15 15 19 15 17 29 33 27 25 24 15 6 7 10 13 6 10 25 33 31 32 36 36 39 40 39 30 38 29 25 12 10 10 18 24 15 13 14 25 39 31 5 19 20 27 22 26 20 15 8 28 21 23 17 12 105 183 126 116 72 
28 30 31 38 36 32 22 10 3 24 23 24 24 24 21 16 5 5 9 16 17 28 34 29 24 19 22 15 24 24 15 26 22 24 21 17 14 19 16 10 10 18 24 39 34 10 13 19 20 20 21 18 5 9 24 8 12 9 10 105 176 127 114 65 
24 25 24 31 36 31 24 18 11 22 21 17 10 12 12 17 12 12 18 23 23 28 33 29 26 32 39 39 39 34 32 37 26 27 26 15 19 24 17 24 15 13 20 36 37 19 18 28 19 8 12 9 17 20 27 30 32 27 32 114 169 130 123 73 
27 24 25 24 33 26 20 21 8 16 17 13 11 13 19 19 17 21 25 25 20 20 31 27 35 34 43 40 23 22 15 35 31 25 22 18 25 32 21 18 7 6 16 31 29 15 19 29 25 22 14 1 28 17 9 19 24 23 41 125 164 136 139 94 
32 31 32 26 30 22 20 27 9 22 12 10 10 12 9 17 29 27 34 38 41 42 51 53 54 48 48 39 26 19 15 26 25 19 20 24 5 22 21 25 17 9 14 32 30 15 17 25 18 10 18 7 30 20 5 13 10 19 47 133 157 143 149 98 
2 12 25 15 20 17 19 24 18 26 21 20 12 13 13 19 26 25 31 34 40 41 46 53 57 57 55 46 32 15 14 23 19 15 15 29 3 19 24 25 18 10 16 32 22 8 12 21 17 8 13 12 27 13 12 17 15 17 67 142 150 138 150 93 
12 22 27 17 19 13 17 20 10 25 15 7 4 5 11 8 21 21 29 45 43 40 41 43 39 39 32 24 29 13 22 34 33 31 27 31 20 21 26 26 22 12 18 30 15 6 10 22 11 7 14 12 17 12 18 21 19 13 72 149 154 138 163 107 
13 19 20 14 20 23 26 22 18 30 17 10 11 7 12 8 8 13 17 48 46 43 44 43 34 26 18 13 27 27 31 34 31 31 27 28 19 16 22 16 14 7 15 28 28 31 29 26 19 17 19 17 25 28 36 33 31 24 88 160 161 142 166 111 
13 20 13 9 17 22 26 22 23 39 22 15 19 20 20 22 19 20 21 41 41 45 45 42 39 25 18 11 20 34 30 16 11 27 34 42 42 26 19 18 22 20 13 28 36 45 36 32 31 35 38 38 37 34 30 26 17 19 100 171 169 147 162 97 
22 23 12 9 17 24 18 4 25 44 27 11 13 12 16 19 15 13 15 39 39 48 52 49 44 24 15 8 13 38 38 16 14 34 44 43 38 22 13 21 30 26 10 6 20 24 34 34 41 45 47 49 45 36 28 25 14 41 124 185 176 153 148 76 
20 18 8 5 13 24 24 12 22 42 29 10 6 12 25 36 29 30 10 29 42 48 45 36 31 24 17 9 8 31 31 22 19 34 41 44 34 29 24 22 34 37 25 10 17 21 41 48 50 52 52 57 38 34 29 28 27 58 138 191 178 163 133 57 
23 17 13 18 19 22 19 7 19 36 33 16 8 17 23 27 17 19 17 23 32 32 31 27 24 20 20 15 12 18 20 21 33 42 41 39 26 28 16 18 27 34 37 27 24 26 43 47 53 51 50 55 26 36 23 29 34 76 158 194 180 161 106 36 
19 15 15 22 27 27 27 17 22 31 32 20 10 15 28 32 14 15 23 38 38 46 41 31 24 14 15 6 8 11 15 15 17 20 29 25 21 25 17 29 32 37 39 22 16 24 41 48 47 41 35 41 18 50 31 33 47 94 172 191 177 161 88 35 
19 15 16 25 31 34 34 27 17 20 32 32 31 36 40 41 21 24 21 37 32 39 30 25 20 23 23 20 18 12 8 17 20 31 36 24 7 16 32 45 40 23 32 25 24 36 45 48 49 45 40 46 53 65 45 36 51 112 183 189 177 152 62 34 
19 14 10 24 38 43 40 29 18 14 26 29 19 18 23 31 12 18 25 43 38 36 19 8 15 17 19 13 15 12 17 25 15 14 12 11 27 39 53 54 44 22 20 19 22 36 45 50 46 43 37 42 50 52 32 19 51 123 186 187 173 135 46 27 
21 17 5 20 31 29 34 28 18 12 16 18 15 13 17 28 13 16 19 38 32 25 9 9 21 22 13 12 9 18 26 12 10 12 19 36 45 46 48 37 36 24 12 20 34 46 53 51 44 31 29 28 39 27 26 24 64 135 192 199 171 105 28 11 
39 35 29 37 44 38 44 41 23 10 8 15 20 22 19 25 19 24 27 34 29 14 12 22 27 33 18 13 16 21 34 16 7 13 20 43 45 38 34 27 31 26 18 32 51 53 55 48 29 12 10 23 32 34 35 37 95 163 208 208 159 79 16 8 
30 25 24 27 38 34 40 39 26 15 8 3 6 13 10 19 15 20 26 27 24 19 24 34 38 45 36 27 26 8 32 28 24 31 24 45 36 19 14 12 24 22 21 39 54 60 61 55 43 31 20 23 30 32 34 49 121 174 202 202 133 42 12 20 
13 12 17 24 31 29 31 37 19 13 17 16 19 21 19 17 15 18 25 22 27 32 26 43 45 53 52 46 42 25 20 22 20 28 26 45 36 32 39 47 52 35 22 32 46 55 49 38 21 20 29 29 32 31 26 81 149 175 190 186 105 26 10 12 
31 19 11 12 24 24 27 32 23 13 13 15 17 26 15 14 19 18 28 29 36 46 34 42 43 44 44 40 43 40 22 20 22 32 27 45 45 50 46 46 43 30 19 22 35 47 45 33 15 12 29 27 22 16 23 112 159 172 192 174 83 28 21 19 
15 9 10 11 18 17 15 25 22 7 15 19 26 24 17 15 12 6 9 13 29 43 28 32 34 24 31 36 34 41 23 26 30 36 39 49 50 46 27 14 19 23 22 10 17 32 27 20 17 10 34 23 16 9 57 138 163 172 181 138 63 34 27 11 
48 49 50 48 45 32 24 19 19 6 6 17 24 22 14 13 13 9 8 15 27 39 22 22 20 8 29 37 25 26 28 34 37 34 32 42 41 39 27 30 35 41 40 19 2 19 20 16 21 24 36 26 19 43 104 166 168 173 166 106 48 39 31 14 
26 17 19 20 29 28 24 22 17 6 6 6 27 17 13 12 11 11 12 22 27 33 25 18 11 17 36 34 10 19 24 31 26 22 28 29 26 22 15 9 15 28 32 25 17 26 39 41 42 39 27 10 17 60 128 175 170 166 142 68 36 38 30 20 
31 31 40 26 29 22 17 13 14 12 11 6 29 17 13 12 11 8 7 10 19 34 28 24 24 35 46 37 16 8 13 12 16 16 26 15 13 24 32 44 39 36 31 22 13 17 20 15 8 6 8 13 41 90 154 187 172 154 117 47 22 31 26 27 
44 34 39 26 25 18 22 28 35 41 41 31 27 11 19 18 22 14 12 17 31 41 38 35 37 36 41 22 11 17 15 4 5 9 25 8 12 19 18 18 17 21 13 22 17 27 29 42 34 29 22 20 79 135 183 201 183 138 83 31 20 19 20 22 
41 34 43 33 26 24 12 6 16 24 31 29 19 8 24 24 21 13 3 7 15 35 36 31 36 30 32 19 10 21 19 14 17 20 26 15 20 20 18 18 16 26 12 29 19 22 13 15 22 13 13 52 131 167 187 197 159 86 43 21 17 19 24 25 
37 35 38 35 19 24 20 22 27 24 13 24 11 19 32 25 27 27 18 17 5 23 24 21 29 19 21 12 12 18 26 35 36 32 24 22 24 19 13 29 26 39 17 24 30 28 29 20 18 17 8 86 163 175 176 176 117 41 20 19 12 17 23 24 
50 45 34 31 16 23 20 16 28 24 15 21 6 36 38 35 36 34 29 27 19 17 8 16 26 19 19 21 19 30 31 41 34 32 27 26 23 18 21 43 29 43 10 14 41 31 33 32 28 19 38 140 191 186 176 160 85 27 26 34 18 19 26 26 
32 32 24 22 9 22 25 21 31 26 10 22 21 39 31 27 35 41 39 34 31 20 12 20 26 26 16 18 6 15 19 23 23 32 36 22 22 11 17 45 19 39 10 14 36 24 38 28 27 32 91 185 214 194 171 131 53 18 22 29 14 19 22 18 
31 26 21 17 20 29 28 27 38 44 36 34 31 40 20 24 35 43 42 38 34 28 19 21 22 18 17 19 11 20 19 13 13 15 29 21 16 11 9 38 18 29 9 12 26 20 25 27 32 62 128 200 208 171 133 74 13 20 31 39 30 26 31 33 
29 25 17 7 12 18 24 18 12 33 35 37 29 33 11 24 31 41 47 44 41 32 24 14 22 12 17 23 24 29 14 10 19 26 29 8 14 19 10 17 10 24 11 6 17 26 27 13 37 85 150 199 189 152 106 47 15 15 20 36 44 49 50 50 
28 31 15 16 22 32 36 36 32 20 20 22 18 14 8 24 31 36 41 38 29 24 14 10 24 16 27 27 26 23 14 24 20 21 20 6 23 18 20 11 9 20 11 7 20 27 24 27 71 129 189 201 178 142 82 31 27 23 22 32 35 32 27 27 
22 19 12 12 9 24 27 40 43 26 17 11 8 19 25 34 31 40 39 33 29 25 17 21 36 34 41 45 44 34 24 33 22 19 19 21 36 22 23 13 11 22 7 24 31 20 22 65 120 175 209 189 162 123 63 20 26 36 44 34 32 17 10 15 
18 19 11 16 10 22 28 33 45 20 18 13 5 20 22 31 32 30 31 24 19 12 7 19 34 36 36 39 39 29 26 36 29 26 17 19 37 21 23 8 11 22 10 27 29 13 45 107 156 190 201 158 120 88 24 24 26 36 48 29 29 13 12 12 
24 26 11 16 13 21 26 30 43 23 20 17 18 27 29 27 29 24 26 16 18 15 12 15 26 31 27 32 32 19 15 20 16 9 8 24 37 21 19 19 22 27 7 26 26 48 99 162 201 204 189 135 89 53 10 27 20 32 38 18 21 13 20 23 
17 24 14 20 20 17 24 18 40 31 33 31 18 20 17 20 18 13 24 14 22 32 35 27 22 22 17 27 24 13 7 6 19 19 15 19 26 16 5 12 17 25 10 19 46 92 147 206 226 199 164 100 54 26 15 29 14 20 30 32 42 38 50 50 
22 26 24 22 20 11 11 17 31 29 31 23 5 13 16 14 15 10 14 8 6 19 20 13 10 17 20 34 20 15 10 9 3 10 10 16 15 15 16 20 24 28 26 47 95 145 187 220 213 161 110 59 30 13 19 18 9 13 23 35 41 41 51 57 
24 21 17 12 12 8 18 22 39 45 44 38 20 16 9 12 19 14 5 13 23 31 32 34 43 48 51 54 34 27 22 22 26 24 29 26 24 25 24 28 24 31 48 83 146 194 208 204 169 107 55 25 17 13 26 15 19 13 24 41 41 42 50 56 
21 15 6 10 9 10 11 13 27 34 32 25 24 31 27 24 20 15 7 3 6 16 23 24 34 32 32 40 36 45 27 11 15 26 39 37 34 38 41 43 43 55 86 123 179 206 185 153 118 66 23 14 20 24 31 26 23 15 22 35 37 35 39 41 
31 26 23 15 23 17 18 16 22 29 21 18 15 15 20 17 29 25 7 11 14 16 12 17 29 24 29 39 39 53 35 17 20 26 38 34 31 29 38 50 66 95 137 171 206 192 140 97 64 25 13 21 33 30 42 40 32 19 14 24 32 34 39 38 
29 36 33 19 20 20 22 27 19 15 8 10 16 20 17 13 21 23 12 17 20 24 31 34 39 37 32 35 30 44 27 18 29 17 22 9 7 26 37 64 93 131 172 194 199 163 105 55 27 20 27 33 43 38 47 38 27 32 31 35 40 36 41 36 
38 45 45 32 35 32 31 26 8 5 12 14 17 8 9 10 26 22 6 17 13 23 20 22 25 17 17 24 31 42 24 19 34 31 36 24 15 31 59 97 141 180 197 189 165 121 72 40 22 22 29 32 47 41 37 29 30 43 36 26 26 23 30 24 
37 46 45 34 35 31 27 22 13 19 19 24 15 7 17 21 32 24 11 20 19 28 8 17 25 20 20 22 22 35 17 24 31 28 29 26 30 60 102 147 187 213 194 160 116 74 30 27 24 19 24 26 45 38 34 30 43 45 20 11 2 18 22 14 
24 36 38 34 31 32 26 29 13 11 8 15 26 29 34 27 22 17 12 31 27 38 22 22 15 17 17 20 20 31 13 13 13 13 7 34 52 100 138 162 180 175 129 91 61 34 14 24 26 15 17 23 45 45 39 31 35 34 22 17 15 19 17 13 
26 31 29 22 20 22 22 26 22 19 13 12 20 26 36 37 24 14 12 26 30 43 32 31 26 17 20 19 27 32 22 17 10 18 38 78 105 156 185 180 166 136 87 51 36 31 16 18 25 20 21 19 18 20 27 20 25 17 22 25 27 27 17 20 
19 23 19 12 13 16 17 19 20 21 24 22 18 10 10 30 20 23 26 33 31 40 16 17 16 19 29 27 26 24 15 22 27 56 98 131 151 185 190 163 141 109 69 38 29 32 20 7 22 18 22 22 5 6 16 16 16 1 20 32 36 34 30 31 
22 19 12 5 12 7 6 6 15 25 27 26 26 14 10 22 16 27 36 45 43 46 37 38 34 36 29 24 19 17 24 53 83 132 172 192 187 190 161 115 86 65 38 20 29 32 17 10 24 23 29 26 20 22 22 21 16 17 19 27 36 39 42 40 
22 21 18 14 22 12 13 16 23 29 29 31 22 20 21 12 8 24 29 39 43 55 43 43 34 29 21 21 28 41 64 105 126 156 179 182 164 157 130 87 64 48 27 13 27 31 16 7 18 20 24 15 19 26 26 24 30 22 7 20 33 45 44 43 
19 12 11 11 24 19 20 21 24 31 32 33 26 20 17 8 13 25 20 32 39 48 47 50 40 33 22 31 58 87 116 147 154 157 163 147 119 102 85 59 54 49 38 20 15 26 25 15 10 18 29 33 40 40 36 34 38 35 24 15 29 39 43 42 
17 8 9 23 27 20 12 15 26 31 29 27 22 18 26 21 27 24 13 24 33 43 43 46 41 45 54 90 125 148 166 182 180 166 157 128 90 60 48 31 31 38 36 37 26 14 12 17 9 12 19 17 22 32 40 36 39 34 23 8 17 36 42 47 
12 8 8 14 22 16 27 23 27 24 13 14 16 10 6 17 31 33 21 18 24 36 48 62 72 92 117 152 180 189 195 188 171 142 117 91 60 46 38 27 20 20 15 15 11 8 8 13 18 20 22 19 20 28 37 43 50 45 31 20 27 39 49 56 
27 26 21 20 16 26 31 34 29 25 24 23 27 24 21 8 14 29 29 26 20 46 78 110 126 142 157 182 194 190 181 152 116 76 50 39 15 16 19 15 16 21 20 20 24 25 31 31 31 33 31 19 16 19 30 32 36 32 21 4 20 39 50 57 
31 34 38 32 29 32 24 36 38 35 22 15 12 20 15 6 13 34 52 71 94 116 137 154 163 169 181 194 189 168 145 102 71 48 28 22 9 22 29 34 29 26 20 17 26 34 38 36 38 35 28 17 12 11 15 17 19 20 8 13 26 46 58 61 
29 29 34 31 37 46 23 19 13 13 17 17 13 15 34 57 85 114 137 151 166 169 169 170 174 178 192 187 159 126 95 56 33 24 19 16 6 24 20 17 17 26 29 25 38 44 46 38 36 37 29 17 15 12 13 16 22 31 29 32 38 50 62 64 
37 32 37 36 42 52 29 24 32 49 64 76 97 120 143 158 173 178 177 177 182 183 188 187 177 161 140 109 82 55 39 23 17 6 10 13 11 17 20 8 12 31 34 18 32 39 40 32 26 31 20 13 15 20 26 26 22 24 24 34 46 58 71 74 
91 99 105 109 109 107 96 103 119 137 153 165 161 162 167 175 189 197 196 194 185 178 171 154 129 98 70 43 42 45 29 21 15 14 16 15 17 12 6 6 15 27 27 19 31 30 31 32 21 29 17 13 20 23 32 39 26 17 18 34 55 63 65 70 
195 196 188 175 163 154 140 138 135 140 143 151 150 159 164 168 176 182 175 163 143 119 98 66 50 36 28 20 31 35 26 14 10 18 22 23 17 16 17 17 4 19 30 30 35 26 17 29 21 29 15 10 10 22 40 50 41 19 12 27 55 58 46 42 
156 156 144 133 118 107 94 97 93 107 123 138 155 178 183 176 164 145 116 85 66 52 41 27 31 23 19 11 20 32 19 17 10 20 20 22 26 24 29 26 16 14 29 30 31 17 14 32 22 35 14 11 12 21 29 50 44 19 7 18 46 54 34 32 
147 145 138 131 126 114 110 117 123 140 164 171 168 166 147 120 95 79 64 55 57 45 34 32 34 31 20 13 9 17 20 18 13 17 28 28 27 22 14 27 30 13 19 22 17 24 22 32 31 38 20 24 24 24 26 43 52 28 12 8 35 53 19 22 
94 90 91 88 85 76 74 85 86 102 124 111 98 87 62 48 54 62 72 62 60 49 34 25 27 29 24 15 6 8 15 20 10 17 34 34 35 23 14 32 34 19 17 20 13 31 27 35 39 38 22 18 18 20 15 36 53 31 13 10 26 50 13 16 

26 28 30 39 43 41 43 38 24 12 17 33 44 55 58 48 21 2 12 35 32 38 39 30 27 24 27 45 38 35 48 46 42 48 34 24 23 13 33 15 20 18 25 25 36 29 27 27 37 27 17 24 9 3 20 17 21 30 38 123 171 131 149 114 
19 22 24 29 34 39 40 36 27 15 22 31 36 51 52 41 19 2 16 29 30 38 36 26 21 22 28 46 40 38 48 50 42 40 28 19 23 19 34 16 17 15 26 22 32 25 22 22 32 27 19 26 13 7 23 13 23 20 33 126 176 135 149 114 
21 24 22 25 36 43 43 39 20 3 19 28 34 43 40 32 22 27 27 27 24 31 29 22 17 19 19 29 27 30 36 43 40 36 25 11 12 16 29 18 21 16 24 31 35 33 26 19 29 33 27 20 8 12 29 10 26 17 26 124 183 138 143 113 
18 25 20 13 27 38 41 38 26 6 12 19 23 25 26 35 36 40 36 31 20 22 24 16 19 18 21 27 30 25 26 32 24 21 18 10 6 12 27 18 17 11 25 35 31 32 36 36 27 19 26 13 8 16 34 28 26 19 31 122 190 143 139 102 
14 17 22 10 18 30 39 38 32 17 14 15 13 15 8 11 7 10 13 14 4 17 24 19 17 22 26 27 31 26 18 23 15 12 12 12 13 14 23 19 12 10 19 39 39 18 24 31 29 27 26 13 10 13 27 22 16 13 13 114 192 141 133 97 
22 22 29 33 31 34 35 36 34 15 13 14 14 15 16 17 7 7 4 12 15 22 24 26 20 19 24 16 22 26 17 28 13 22 13 11 13 14 19 20 12 13 22 38 43 24 27 30 24 13 16 8 7 15 22 16 4 8 17 115 183 141 133 95 
20 18 27 29 32 33 39 40 26 10 6 12 14 11 12 15 10 11 11 15 23 28 32 29 33 41 49 41 36 36 28 39 24 24 20 16 26 26 26 30 20 19 18 38 45 30 33 34 20 10 12 12 19 17 24 27 27 29 36 123 173 137 137 97 
20 14 16 6 11 30 37 41 29 16 5 11 8 15 19 16 6 10 13 19 22 31 38 45 44 43 43 31 19 24 15 38 22 24 19 11 22 26 27 26 15 15 14 34 34 27 32 34 29 19 7 7 27 27 13 14 20 26 40 131 164 139 149 105 
34 32 33 16 21 27 34 41 26 10 6 14 22 20 20 21 24 24 29 36 42 48 58 62 61 53 45 30 23 19 6 30 22 17 23 21 3 13 22 31 21 20 13 29 24 17 26 27 26 19 13 12 27 26 17 22 22 29 60 149 159 142 159 110 
11 19 31 12 13 22 27 39 13 16 14 19 23 26 25 24 19 12 11 27 36 46 51 64 61 57 46 34 31 6 19 29 19 13 17 23 6 13 22 25 22 22 18 31 15 9 12 22 25 20 13 13 22 20 21 24 24 27 79 166 152 133 164 104 
15 22 32 12 11 18 23 32 19 20 17 24 26 27 29 28 29 21 27 37 23 29 37 43 38 40 27 13 34 27 33 41 32 31 20 24 12 12 20 24 21 19 22 34 15 6 5 17 20 17 13 9 13 19 27 27 29 22 93 173 150 133 165 105 
11 18 25 10 12 20 24 30 11 19 19 24 29 26 29 27 27 24 27 49 28 28 34 34 31 33 25 19 39 42 35 32 20 26 16 20 26 15 22 15 16 17 20 32 24 27 18 15 10 12 9 5 13 19 24 24 21 19 104 181 156 131 165 105 
12 20 19 11 16 24 33 37 26 29 17 19 26 30 25 29 27 26 31 46 24 27 27 33 32 29 23 15 30 41 29 15 13 30 34 38 40 27 15 6 19 24 19 36 39 41 35 18 12 13 17 24 30 25 20 15 5 31 126 196 172 147 159 91 
28 23 19 6 13 14 15 16 20 35 24 22 22 22 13 21 19 23 32 40 30 36 39 39 35 22 9 5 26 43 28 19 20 38 41 31 35 24 21 25 31 34 12 13 21 20 34 21 15 19 26 41 42 36 27 24 19 55 140 196 175 149 138 67 
36 26 16 10 15 20 25 17 19 34 27 24 17 12 14 26 19 16 20 26 34 38 36 31 24 16 8 6 21 34 28 26 32 42 35 36 40 38 33 24 34 44 24 13 20 14 40 27 25 26 40 51 43 29 24 24 27 72 154 192 175 147 107 33 
41 30 19 17 18 16 19 12 13 30 26 23 17 11 20 24 8 8 13 10 10 9 4 10 11 12 16 11 17 15 21 34 43 49 36 40 43 40 32 13 26 40 31 23 27 23 39 33 29 31 39 53 29 29 23 29 40 88 162 188 172 146 86 19 
38 27 19 23 26 21 26 13 20 31 29 24 13 13 31 27 17 19 19 22 20 23 26 21 15 12 12 8 11 18 31 38 38 37 40 43 37 35 24 17 27 37 37 24 29 33 41 33 31 22 19 36 6 35 22 22 46 107 179 190 175 148 69 33 
33 22 16 19 8 11 20 18 19 26 29 31 33 38 40 34 28 20 12 16 10 13 15 12 13 15 20 19 18 20 25 32 39 49 53 46 28 24 38 48 45 26 28 27 36 45 39 33 26 29 27 40 41 52 40 36 62 122 184 186 171 134 50 35 
23 13 6 19 16 28 32 27 15 22 26 30 27 26 22 26 13 13 17 26 14 8 15 8 13 14 10 6 5 12 27 38 38 41 39 28 32 45 64 70 60 36 24 24 39 45 34 29 22 30 27 36 37 42 35 32 71 135 187 189 167 117 40 34 
19 10 6 14 20 28 35 30 18 16 19 24 25 27 17 20 9 6 6 18 12 10 22 17 20 25 5 10 3 13 25 25 26 29 29 33 48 52 57 48 40 33 15 31 52 48 35 26 16 27 30 32 32 29 31 34 82 142 193 203 168 102 40 37 
30 27 26 34 38 46 43 41 23 17 10 17 26 29 20 15 8 8 8 14 17 19 24 22 22 34 8 12 7 10 29 14 17 18 17 42 47 39 36 18 35 40 27 45 49 44 26 12 10 13 17 22 28 27 33 41 109 164 204 211 157 74 24 13 
30 26 27 30 45 46 45 43 29 20 17 19 24 30 25 20 12 12 16 13 25 27 29 33 37 50 36 30 25 5 25 15 18 19 13 34 35 29 23 10 31 40 36 43 46 43 39 35 34 32 24 19 18 26 22 64 134 169 199 202 130 45 22 23 
17 7 8 22 34 42 39 39 21 17 22 24 32 33 27 26 23 19 14 12 29 35 27 39 40 60 52 45 41 24 19 15 17 25 8 31 31 36 46 41 45 32 25 38 38 34 26 17 15 21 22 22 20 20 23 95 156 173 190 179 101 31 23 16 
24 15 6 14 26 30 33 34 27 18 13 12 15 16 7 4 18 22 25 29 32 42 28 35 29 38 41 36 41 40 16 11 17 27 20 31 36 43 55 45 37 19 15 30 29 31 27 17 17 8 16 17 17 15 46 135 169 168 183 159 75 26 29 14 
22 15 9 6 19 20 20 30 22 17 12 5 15 12 13 11 12 12 9 20 27 36 25 29 22 11 28 30 30 37 11 11 19 30 27 34 37 36 36 23 14 12 5 24 23 21 17 6 21 12 24 19 15 30 83 154 162 162 170 119 50 34 34 16 
53 47 50 51 41 29 23 19 20 13 14 11 15 12 8 8 12 10 10 14 20 36 32 32 25 15 27 35 29 32 17 22 24 23 7 17 17 18 26 30 32 33 22 15 18 22 17 6 17 24 33 34 36 64 121 177 168 161 154 84 36 43 34 18 
16 13 24 26 32 26 24 20 16 14 12 13 18 8 13 11 10 15 19 19 20 32 36 40 36 36 39 35 20 26 24 29 19 8 13 16 19 18 12 13 19 24 26 24 26 24 29 31 36 38 31 20 33 75 143 181 158 150 128 52 28 44 35 26 
19 19 26 14 14 19 16 13 10 5 7 9 16 10 16 13 13 11 10 4 13 30 33 43 45 51 52 39 21 17 20 22 11 9 18 12 22 30 39 36 33 20 22 27 24 23 13 11 12 9 9 31 57 102 160 188 159 134 105 43 25 29 26 27 
43 31 29 14 20 23 28 32 39 47 41 29 22 13 10 6 3 10 10 12 17 29 38 42 48 50 46 32 22 20 20 13 13 19 20 10 16 18 23 26 26 29 28 37 32 27 29 36 31 20 19 39 91 137 182 204 161 114 77 29 23 26 17 19 
34 35 34 28 34 30 12 5 15 17 25 19 17 8 9 11 18 18 17 22 8 17 27 38 41 43 43 29 26 20 21 20 27 24 17 5 16 15 19 16 14 33 24 38 34 27 17 13 14 12 19 67 134 162 185 195 137 72 45 21 24 22 19 21 
36 38 39 32 26 32 18 17 29 20 22 17 10 12 15 22 30 31 31 34 26 13 8 20 34 37 42 34 24 24 30 34 34 18 5 8 20 17 15 34 29 46 25 24 34 28 30 15 6 15 21 95 156 168 177 175 102 30 30 30 31 24 24 22 
45 46 39 34 31 34 15 8 22 27 31 27 18 26 28 34 33 34 30 32 33 20 6 19 28 26 39 33 31 32 37 36 27 19 16 16 24 18 22 46 32 43 16 15 39 24 26 14 13 13 48 136 184 181 176 156 75 22 34 40 35 33 34 36 
38 43 40 29 19 20 8 17 26 43 46 45 29 33 28 36 39 43 35 32 38 26 12 20 22 21 32 29 22 21 24 20 15 26 34 26 26 20 29 52 20 41 12 24 40 13 26 20 20 34 97 178 197 189 168 124 46 19 29 36 29 30 36 31 
38 36 35 28 21 31 28 31 37 53 55 51 39 34 14 32 38 46 39 31 30 20 19 21 16 18 31 29 19 25 22 13 8 18 34 24 25 17 18 46 27 38 15 24 31 17 25 16 22 54 131 192 192 168 132 74 20 24 38 45 41 34 32 29 
34 32 35 26 24 16 14 22 26 43 41 36 27 17 14 34 39 50 45 41 38 28 19 13 19 12 34 29 24 29 14 13 15 27 34 24 24 22 14 30 21 31 19 17 20 32 36 25 38 83 154 195 180 149 106 45 14 17 24 38 46 48 50 52 
27 31 30 32 34 35 33 35 29 29 21 21 11 8 22 40 41 45 42 36 26 13 13 12 24 21 34 27 19 24 15 26 17 20 26 19 25 23 16 19 14 20 11 3 17 33 26 39 80 133 189 203 169 135 86 31 26 14 13 23 28 29 29 32 
28 25 26 25 25 27 31 43 44 24 19 13 15 22 36 47 43 47 41 32 29 21 14 16 31 32 36 37 34 34 26 31 22 22 22 21 32 24 22 14 6 21 7 13 24 29 34 77 133 176 207 192 148 116 67 20 24 23 26 29 24 24 14 20 
31 25 15 15 4 12 20 34 38 22 15 13 18 27 32 43 41 36 35 27 19 6 10 24 39 46 43 34 25 24 19 31 24 22 19 19 38 20 17 11 12 29 13 21 29 38 65 124 172 198 202 159 114 81 33 24 29 28 32 19 16 22 11 12 
29 22 12 15 10 15 19 26 34 12 12 12 20 28 30 33 33 29 30 25 20 11 10 24 40 53 50 37 27 21 18 18 14 1 8 24 34 20 16 13 16 30 6 22 36 74 119 183 213 206 180 128 78 51 23 29 32 29 32 29 37 36 32 37 
13 12 14 26 26 22 13 22 34 19 20 17 20 21 20 27 21 17 24 17 24 32 38 44 50 57 50 41 26 24 22 9 8 17 18 24 29 17 10 12 19 31 12 24 61 111 165 220 228 197 151 87 40 25 24 34 26 24 36 48 52 53 50 52 
22 17 9 17 19 15 7 15 31 21 18 12 16 19 12 12 13 15 22 19 22 24 12 20 29 39 39 31 12 6 15 19 11 11 13 21 18 12 8 17 27 35 38 59 108 159 203 226 208 158 100 46 21 10 13 17 17 23 31 32 30 27 31 31 
24 18 8 4 12 20 23 27 34 34 27 22 20 19 3 7 19 22 21 25 32 34 27 31 40 43 46 42 29 19 15 19 22 16 20 20 24 23 29 34 32 39 57 90 148 195 207 194 160 102 44 12 15 12 12 6 22 24 29 27 21 18 21 25 
29 25 17 12 9 6 10 16 26 23 7 13 20 33 31 26 26 32 31 28 29 21 15 31 32 24 26 26 34 29 13 7 15 25 33 33 38 46 48 51 47 60 90 127 180 202 173 138 103 48 10 10 15 15 18 12 22 15 23 23 14 9 15 17 
52 40 38 24 20 16 12 21 26 24 22 17 13 20 22 22 31 41 32 29 24 12 8 24 17 5 19 26 38 41 34 17 12 27 46 41 41 38 37 45 67 99 145 178 208 187 135 92 59 25 13 19 19 17 22 21 26 10 20 27 26 24 24 27 
45 46 50 36 32 23 20 26 25 20 19 18 15 7 10 10 34 46 37 36 29 34 39 42 34 29 25 25 27 29 22 21 20 17 24 18 29 21 27 56 91 134 173 194 194 154 97 53 29 17 12 12 27 22 36 32 16 15 32 37 41 37 36 34 
49 53 58 41 39 29 23 23 11 17 15 15 15 10 7 8 31 42 30 27 19 31 27 31 25 18 15 19 26 27 15 22 25 25 29 24 24 34 61 103 147 178 189 180 149 105 55 30 17 13 5 19 37 31 34 27 15 31 35 35 31 25 22 17 
48 52 55 36 34 22 12 15 9 19 19 20 19 15 17 13 34 37 28 26 21 39 17 15 21 19 19 12 20 26 10 16 17 13 12 19 41 71 107 149 190 204 180 148 105 58 20 13 10 8 1 14 35 30 30 26 30 34 24 20 19 22 17 3 
34 43 50 35 31 26 19 22 12 22 11 13 25 32 33 22 29 33 21 31 22 48 20 11 8 3 9 11 13 25 9 15 17 15 15 43 70 112 138 160 178 158 113 83 52 30 21 22 22 18 13 16 40 38 36 26 27 31 16 14 15 27 26 20 
38 34 37 26 21 23 15 23 16 25 24 20 29 30 35 37 26 28 20 27 36 55 29 26 22 16 19 12 21 29 21 19 19 28 52 88 123 168 183 175 163 117 61 32 31 22 20 25 28 27 30 18 14 19 22 19 22 19 10 5 5 20 22 22 
17 19 29 16 15 13 8 21 17 17 22 26 20 20 21 32 28 36 26 33 40 60 38 29 15 15 27 15 15 22 13 24 41 72 112 145 168 195 187 156 137 96 48 24 26 25 22 16 19 15 29 26 16 5 8 13 13 12 11 13 13 12 9 17 
12 13 22 14 8 7 10 19 18 5 14 14 13 19 15 18 24 32 29 35 49 64 53 48 40 37 34 16 11 15 23 52 94 141 176 196 190 185 151 100 77 53 21 15 30 30 17 15 19 20 27 22 15 13 12 13 19 15 14 19 15 13 12 20 
17 20 32 27 25 17 18 24 22 13 16 21 9 25 22 12 20 22 17 25 39 58 50 43 27 14 12 14 27 50 70 112 138 161 178 178 162 150 123 77 58 39 24 11 28 22 11 10 16 17 19 14 13 19 23 21 24 16 12 15 19 20 19 20 
13 13 24 20 29 27 27 30 17 10 10 12 9 19 24 22 26 20 15 18 37 51 53 48 34 18 17 28 62 102 123 157 161 164 161 142 112 101 81 53 52 44 37 21 17 27 15 8 10 18 29 35 35 30 25 17 24 15 12 8 15 19 13 17 
21 13 17 24 33 33 32 20 22 26 27 19 20 19 28 32 36 15 6 15 22 35 42 43 39 40 62 94 135 158 171 185 178 163 147 123 87 67 53 32 30 27 25 31 22 12 13 12 6 5 15 13 9 15 24 8 17 19 10 5 15 22 25 26 
20 10 13 17 26 23 27 28 24 25 17 17 24 26 23 32 38 32 23 26 12 21 48 58 72 98 125 155 185 190 192 183 165 131 109 84 60 52 46 24 16 17 6 16 8 15 12 15 12 12 12 11 13 15 24 16 26 29 29 22 21 22 29 32 
13 17 17 17 17 24 26 28 24 21 15 17 24 25 28 21 22 31 35 39 20 52 92 116 134 152 163 183 199 191 179 149 110 71 48 39 34 32 31 19 9 12 12 13 8 15 20 20 16 15 16 14 10 15 19 16 13 20 12 12 13 16 29 42 
25 26 33 25 19 16 19 32 30 26 22 12 8 17 17 15 14 29 60 89 102 122 145 154 158 171 185 194 186 164 137 93 57 33 17 24 33 31 39 32 29 23 20 3 13 22 26 27 22 24 17 13 7 13 20 23 12 16 9 14 17 22 40 50 
30 27 30 23 28 29 20 25 26 21 19 12 6 22 42 59 83 111 141 159 161 166 164 157 159 175 183 171 149 112 79 47 34 19 17 13 32 29 38 24 19 20 31 17 22 29 29 24 26 26 20 15 6 12 14 26 26 31 20 23 26 26 46 57 
35 36 29 31 40 41 30 36 44 57 68 82 98 117 138 145 153 161 166 171 170 182 183 177 166 158 133 98 71 52 29 30 30 15 13 5 25 29 33 20 11 25 39 20 16 27 30 27 16 23 17 13 11 16 19 28 24 32 24 30 41 43 58 64 
111 116 120 119 117 110 100 110 116 137 149 164 157 157 156 164 171 182 189 189 180 170 158 136 107 84 57 36 38 33 15 18 29 18 17 17 31 27 26 12 11 26 32 17 20 26 28 32 21 28 20 20 19 21 22 24 6 29 27 36 57 48 45 45 
198 201 190 179 168 155 143 142 137 142 150 157 154 163 166 173 176 183 176 157 130 104 74 42 26 19 18 14 26 35 17 11 23 24 20 13 6 10 8 12 5 22 33 31 39 31 22 32 17 25 20 22 18 25 35 41 23 23 22 36 58 45 25 21 
166 161 156 144 129 112 105 105 104 116 135 145 157 181 187 176 158 138 104 64 46 39 28 24 31 24 18 10 21 29 17 12 24 25 15 19 19 29 26 24 12 17 29 31 32 17 11 29 18 26 18 28 29 34 38 48 29 15 13 25 53 45 12 8 
171 164 162 156 143 131 124 126 130 149 167 169 164 160 136 109 76 54 41 31 41 35 31 37 43 35 26 13 12 23 22 18 22 21 13 18 24 32 27 34 28 15 20 22 17 24 17 27 14 19 24 39 37 42 33 48 36 15 3 16 45 41 16 16 
131 124 123 121 110 100 94 92 90 111 119 103 90 78 48 43 36 31 45 38 46 43 30 30 35 34 26 15 7 12 19 19 23 20 17 20 28 37 31 39 34 20 22 19 17 33 24 25 19 17 31 40 34 35 24 38 37 16 8 10 42 43 22 27 

16 19 17 24 27 34 41 38 27 17 13 13 20 23 32 19 13 13 12 29 17 17 20 12 22 19 25 39 30 30 46 53 50 53 20 10 20 12 27 12 26 19 17 8 15 17 22 15 36 29 28 35 32 24 28 20 24 19 36 138 170 143 168 133 
13 17 17 20 26 32 36 34 25 19 17 9 13 22 33 16 12 16 12 22 19 22 20 7 12 20 26 38 34 29 43 50 48 46 22 5 15 17 28 18 25 20 15 6 13 14 15 6 29 27 17 25 28 27 31 17 25 10 37 140 175 143 165 131 
9 16 18 24 36 39 41 34 22 12 11 8 12 15 23 25 29 34 24 13 9 16 19 6 13 19 22 24 25 23 42 48 48 43 27 13 4 15 30 24 25 11 20 23 24 28 19 12 15 24 20 17 20 20 31 19 28 18 43 142 182 148 160 124 
10 15 19 20 34 34 36 28 26 17 12 10 7 6 26 36 45 41 34 20 10 14 15 11 15 26 26 23 27 12 30 30 31 27 20 17 13 17 27 19 19 8 21 31 32 28 36 31 24 13 15 12 15 20 31 25 20 21 46 137 190 150 147 111 
8 12 16 19 31 29 31 27 29 16 14 7 4 5 9 10 10 11 9 15 6 8 18 22 19 33 34 31 33 15 30 24 21 20 24 21 20 15 30 26 12 7 15 36 36 5 13 19 21 15 21 12 14 15 27 25 19 18 46 137 197 154 147 111 
10 14 18 29 34 32 26 26 29 15 11 9 11 13 13 12 11 10 8 14 13 13 15 20 20 27 29 24 26 26 23 29 13 11 21 24 22 15 23 26 6 9 6 31 39 14 21 20 12 8 12 9 10 15 22 21 20 16 45 135 189 145 142 107 
13 15 24 31 31 32 32 36 31 11 6 15 17 15 9 15 19 18 20 14 17 16 17 22 31 42 47 39 32 29 27 36 18 12 24 25 32 36 40 45 25 21 17 30 38 12 13 14 10 4 7 11 17 19 20 26 27 26 50 138 176 143 149 104 
19 21 28 19 8 15 26 41 31 15 8 12 11 12 12 18 24 27 27 20 17 15 21 30 29 27 25 21 16 21 14 33 12 9 27 19 26 33 38 40 30 29 26 35 33 22 17 19 16 5 8 13 24 27 13 15 19 19 52 141 159 136 152 102 
32 31 39 27 18 24 32 44 27 7 12 19 21 15 12 18 29 38 42 36 37 32 33 39 38 27 20 17 16 13 10 28 12 14 29 20 20 19 29 29 19 20 13 27 19 21 20 21 28 14 4 9 22 23 12 16 17 28 62 161 151 133 165 107 
19 22 36 16 6 15 20 40 18 3 14 17 20 19 15 3 8 13 22 31 30 28 29 37 35 34 25 18 25 13 21 28 19 10 21 19 19 12 24 19 13 21 6 26 10 24 23 26 29 17 13 12 22 14 12 17 15 22 93 180 145 129 167 103 
23 30 38 17 6 12 20 37 19 15 20 23 24 24 24 19 12 15 19 32 20 12 15 12 7 17 4 12 36 31 39 43 38 28 15 20 26 6 21 19 21 20 13 26 16 25 25 29 29 22 23 18 13 10 22 20 22 20 106 188 140 121 163 98 
18 26 30 18 14 17 20 28 5 9 23 29 29 29 31 26 21 21 18 41 18 13 18 22 29 35 30 27 43 43 32 27 25 27 20 24 38 29 26 14 14 19 15 22 24 30 27 19 20 27 22 19 20 20 14 10 9 24 125 196 152 131 159 91 
17 24 24 17 14 25 29 33 22 20 20 30 30 36 35 36 26 27 26 38 17 19 22 22 24 21 19 23 34 42 22 12 20 34 34 31 40 24 12 5 19 28 17 29 40 43 39 21 8 19 17 26 34 32 22 14 9 47 144 209 178 152 151 81 
32 27 26 11 7 12 22 24 13 19 25 31 34 36 32 29 27 22 24 31 32 39 37 33 26 11 3 6 23 39 23 18 26 38 36 17 30 22 19 24 27 34 8 10 28 20 39 17 10 20 22 41 50 46 32 24 19 61 156 207 176 149 129 59 
27 26 19 11 12 17 26 27 20 20 15 33 32 32 27 24 12 6 16 22 35 40 40 34 29 16 7 5 21 33 22 29 34 41 23 16 31 30 29 17 25 42 23 13 20 9 39 25 11 27 46 61 61 47 29 14 26 81 161 195 174 143 100 43 
5 8 6 13 13 15 27 26 23 20 13 28 34 29 30 15 15 8 12 15 23 20 17 16 16 12 13 6 11 19 29 41 45 41 18 24 35 37 36 17 14 35 26 20 24 12 38 26 20 30 51 64 53 45 31 18 33 93 166 189 175 140 74 19 
5 6 11 21 25 29 36 31 31 20 14 27 29 34 33 19 19 26 27 34 31 34 32 29 18 15 17 11 17 26 36 38 27 19 22 36 30 30 31 18 20 30 29 25 34 36 44 26 34 30 38 46 34 35 21 19 48 114 175 189 173 131 52 8 
4 8 11 19 20 19 26 23 25 17 20 34 43 52 46 34 27 28 32 38 37 37 32 26 17 15 19 12 14 17 18 19 28 34 42 39 23 22 39 46 47 26 22 32 45 50 38 29 32 31 29 36 25 30 15 23 67 128 180 194 171 116 39 27 
11 12 17 20 6 8 16 17 24 18 22 29 33 40 27 19 22 26 39 45 43 37 36 27 21 19 13 6 6 12 21 31 32 36 36 26 31 45 67 75 67 44 21 38 52 45 38 25 34 35 26 31 20 24 18 31 85 143 180 195 166 98 36 32 
10 13 16 19 8 10 5 12 15 8 14 26 34 31 17 7 15 21 35 43 39 41 37 29 25 32 19 13 10 6 18 26 27 33 31 30 41 46 53 42 45 37 24 45 56 49 34 22 24 29 34 33 23 19 24 35 108 149 182 208 166 85 57 60 
26 22 27 31 25 24 19 19 17 4 6 22 27 27 12 6 11 18 26 36 38 37 34 29 31 42 24 21 13 6 20 23 29 27 22 32 36 34 30 12 37 46 38 48 45 37 27 19 20 15 17 18 12 17 25 49 134 169 194 214 155 66 39 39 
28 27 27 36 33 34 27 21 17 17 21 26 29 36 33 25 17 17 24 29 38 37 30 37 38 60 47 39 33 20 12 16 19 26 20 30 30 29 27 13 37 41 39 41 38 43 39 36 30 27 24 10 10 20 19 74 152 170 188 197 125 39 31 30 
20 19 19 32 34 35 26 25 8 17 23 31 39 43 38 34 27 28 20 10 36 41 27 36 36 57 57 41 40 30 9 22 26 31 21 28 29 34 44 37 41 31 31 32 27 29 32 29 26 21 19 8 13 18 39 119 173 173 176 168 97 35 34 27 
25 23 17 26 34 23 22 23 20 18 15 6 16 15 10 8 22 28 25 24 30 42 31 38 22 35 46 33 43 44 15 17 26 36 31 34 39 51 57 47 38 24 20 27 19 19 25 31 27 26 12 15 21 25 75 154 178 170 168 135 70 32 38 29 
26 19 9 17 30 24 13 20 13 9 12 4 16 13 15 15 15 21 20 30 34 48 39 38 31 5 32 27 29 41 19 24 34 40 33 36 38 43 48 39 31 27 19 28 23 16 20 23 32 19 14 26 27 44 103 164 164 157 149 95 48 38 39 22 
38 32 33 36 32 24 13 14 15 16 20 20 21 13 5 9 10 10 8 22 34 45 47 52 43 26 30 32 27 29 15 29 32 36 28 22 17 27 36 39 40 39 19 20 17 17 19 20 29 31 41 52 50 79 138 177 157 147 131 60 31 46 39 17 
12 13 21 28 31 31 24 21 12 15 23 20 17 11 8 8 12 15 19 24 26 38 47 52 50 45 39 31 12 19 27 36 38 32 27 25 26 24 19 27 38 38 29 27 17 21 17 18 25 31 38 39 52 90 154 178 155 137 111 38 22 41 30 11 
11 15 26 7 5 16 16 17 9 13 17 19 15 7 5 16 19 19 12 8 17 30 42 48 49 50 48 33 13 6 23 26 29 24 27 24 29 33 32 34 22 12 10 15 21 19 12 5 12 13 23 37 67 110 158 176 139 111 91 40 32 36 22 19 
38 27 27 10 13 27 38 41 43 45 38 26 19 15 13 20 26 26 17 14 13 28 41 49 47 46 36 24 21 11 17 8 19 30 27 22 20 17 19 20 15 17 13 17 21 11 15 22 11 12 22 50 100 137 170 184 138 91 65 27 27 24 12 17 
24 20 25 25 29 32 27 24 21 17 19 7 12 10 8 27 31 30 25 24 13 16 32 41 41 39 27 22 18 13 22 18 30 22 15 10 16 17 13 13 10 25 12 22 28 22 18 13 10 13 30 76 133 152 171 178 114 52 45 26 26 24 15 24 
9 3 12 15 21 38 29 34 35 40 35 26 16 13 10 32 36 34 29 33 29 19 25 27 33 34 36 28 28 23 32 37 31 13 8 12 18 10 17 34 37 47 27 27 34 28 27 17 12 22 42 102 155 161 164 159 86 34 37 32 31 21 17 22 
27 17 3 13 29 38 29 27 36 48 48 43 34 34 26 42 35 26 17 21 31 15 22 26 26 28 38 30 38 37 41 37 29 23 24 13 19 12 32 53 34 48 22 36 49 26 29 17 22 17 67 136 170 173 161 138 62 35 41 43 38 35 36 38 
17 10 13 6 17 23 17 34 39 57 58 51 43 40 31 43 32 29 20 14 26 10 20 18 19 24 38 34 33 35 31 22 16 26 38 20 23 21 42 57 26 45 21 44 48 27 31 19 25 40 112 171 185 178 154 114 43 27 32 30 24 29 35 36 
19 6 19 15 22 32 29 35 36 47 46 44 36 26 19 33 31 40 22 15 22 15 24 22 13 13 38 32 32 38 31 22 12 24 39 24 20 15 32 52 22 35 19 43 51 28 32 15 11 49 133 183 178 162 126 71 26 27 31 34 33 32 33 29 
21 17 14 11 10 12 14 25 25 24 29 27 22 19 18 32 31 38 21 15 22 17 20 13 12 8 34 32 34 39 27 22 17 27 34 13 14 19 19 37 17 29 13 26 39 41 46 27 34 83 161 195 168 143 100 46 19 14 19 24 34 43 45 48 
17 22 24 31 30 28 24 30 26 18 11 11 10 13 22 29 27 32 20 17 22 19 23 19 7 6 29 29 31 31 26 34 19 19 23 11 12 9 10 31 14 22 10 15 26 38 26 34 83 136 194 201 157 125 81 36 24 10 2 14 19 29 29 36 
7 11 24 34 26 31 31 42 41 28 20 17 21 26 29 33 23 19 17 17 26 21 18 15 8 11 26 34 39 38 33 39 22 19 22 12 19 6 9 26 11 27 9 12 28 34 36 84 144 181 212 190 139 102 66 23 31 20 23 32 26 31 22 29 
26 26 24 29 17 16 18 39 39 23 19 17 27 31 28 28 13 10 20 19 22 20 19 22 12 23 29 36 33 34 27 36 26 21 19 13 26 20 22 28 17 29 15 14 32 46 73 137 180 192 196 155 99 73 41 22 33 27 25 24 13 25 19 14 
30 26 19 29 15 10 12 31 36 11 12 5 31 24 11 12 12 20 30 29 22 17 14 22 23 29 38 39 40 36 31 31 22 19 24 19 31 19 19 17 17 37 22 22 50 81 131 190 212 199 175 117 61 45 29 19 31 31 36 43 50 53 51 53 
13 2 12 22 17 13 22 41 43 23 12 6 27 22 19 22 24 20 19 21 21 31 39 48 47 45 44 45 39 43 36 28 19 27 30 26 31 22 17 17 19 39 32 36 77 127 176 222 221 182 133 69 27 31 29 24 17 24 41 50 62 62 62 62 
25 15 10 17 10 19 35 45 48 25 13 8 25 25 19 19 16 16 22 20 22 28 24 28 31 26 36 31 26 23 24 20 25 22 20 17 25 18 13 18 30 46 53 73 118 170 202 222 195 142 86 37 16 17 15 15 10 15 19 17 24 24 22 24 
36 24 21 24 33 42 49 50 46 27 18 19 21 25 13 17 19 22 15 19 29 36 29 34 35 29 36 33 34 22 19 13 30 27 14 17 21 25 36 42 43 50 76 105 156 198 199 179 139 81 29 12 13 16 15 15 20 15 15 15 15 12 10 13 
43 38 31 34 36 37 41 43 32 15 7 15 22 28 33 30 27 29 14 20 29 32 29 38 29 17 28 20 34 28 23 13 24 25 23 22 35 45 55 56 58 69 105 137 181 193 156 116 83 32 13 10 12 21 24 24 31 19 20 15 17 17 13 19 
68 57 50 45 45 41 39 38 35 19 14 9 11 20 22 17 29 42 12 22 27 31 29 31 19 7 27 20 36 38 38 29 22 33 39 34 41 41 46 57 76 105 151 185 208 179 121 74 47 10 22 15 13 20 22 25 34 29 33 31 31 28 32 34 
59 56 58 57 46 39 32 37 29 22 15 11 13 5 11 6 28 41 20 23 33 46 51 46 32 25 23 17 24 22 29 35 30 22 22 19 28 32 43 68 107 140 177 194 187 143 85 46 23 9 13 12 17 17 32 34 36 33 34 39 39 39 43 45 
48 54 61 49 40 34 27 31 28 33 31 27 19 13 5 6 32 43 19 17 20 41 43 36 31 25 15 10 22 21 18 29 26 21 24 15 29 48 76 114 156 174 180 166 138 90 38 16 8 12 10 14 22 22 34 37 32 29 29 23 28 20 26 25 
36 44 52 35 27 20 13 26 32 46 48 41 26 14 15 10 36 38 19 19 19 48 25 17 21 19 18 13 12 15 8 20 19 5 9 24 60 90 115 154 193 189 164 133 89 41 5 8 5 10 10 15 27 15 27 24 26 25 13 9 13 19 24 22 
23 31 44 28 22 19 14 28 36 55 58 48 34 17 21 22 34 37 22 24 19 52 22 14 14 14 13 15 16 21 11 19 19 19 36 64 100 137 150 167 180 147 100 76 52 26 17 20 20 23 18 10 30 32 24 18 20 24 10 15 22 34 38 34 
43 42 40 26 17 17 12 29 32 48 55 52 37 31 26 35 37 41 26 22 20 51 26 30 27 25 26 22 27 34 31 26 28 45 72 108 144 183 180 171 160 104 40 26 24 13 17 22 24 29 32 16 6 8 20 16 16 20 13 8 13 26 31 23 
17 15 31 22 21 22 21 33 37 37 46 44 34 35 21 36 45 49 34 27 22 50 30 32 31 24 28 20 22 28 25 35 62 94 131 159 179 192 173 143 128 79 38 24 27 20 8 8 8 19 29 21 18 16 6 13 13 24 17 11 15 19 26 13 
5 8 25 17 10 14 17 27 33 22 30 36 27 39 23 24 36 36 29 19 19 41 36 45 46 38 32 19 14 26 29 63 107 149 179 194 186 178 137 93 71 39 22 20 31 23 7 3 19 27 32 22 9 8 12 24 22 22 26 17 19 16 18 15 
17 21 39 35 25 21 20 29 29 6 12 19 20 39 30 11 24 19 17 8 6 34 26 29 29 15 12 15 36 65 81 125 150 166 171 170 146 139 106 70 51 31 21 15 29 16 3 3 19 29 25 19 14 12 17 22 23 20 26 17 24 16 10 13 
15 19 35 27 20 22 34 39 30 17 12 15 14 29 24 17 20 7 12 15 11 24 32 32 35 16 18 41 82 121 139 171 178 166 154 130 99 81 67 45 44 38 32 22 21 21 12 5 20 26 34 32 33 20 13 15 17 21 19 8 20 19 17 22 
17 11 20 23 27 30 34 38 36 36 32 28 22 17 18 28 25 13 6 24 6 14 27 24 45 50 78 111 149 168 175 190 186 154 138 111 76 51 44 23 20 17 22 29 17 14 6 6 13 29 36 38 29 18 18 10 20 20 13 5 24 23 12 15 
32 22 16 11 14 18 29 38 44 36 31 22 19 10 10 26 32 36 29 42 11 19 52 57 84 113 139 166 191 194 187 180 157 117 96 76 55 45 38 21 8 14 13 18 5 11 8 4 12 22 34 39 33 27 22 10 17 24 21 21 27 19 10 5 
24 24 15 10 11 16 22 28 34 27 18 10 11 8 18 12 21 34 28 53 35 64 110 124 138 159 174 186 199 188 173 138 103 64 43 35 27 14 12 8 10 12 15 12 10 7 3 4 13 22 39 43 38 31 29 24 25 17 3 8 27 13 8 10 
39 36 29 24 17 8 10 18 21 16 11 4 6 11 19 6 16 30 69 109 119 135 157 146 150 166 182 182 176 148 122 75 44 22 15 25 33 10 19 28 28 22 21 12 15 13 5 10 17 20 33 41 33 31 29 31 22 19 11 21 36 21 19 19 
43 36 28 20 26 17 12 20 15 19 12 10 19 27 43 59 80 111 145 168 163 167 161 142 148 164 168 151 131 95 67 39 29 19 13 17 32 4 20 19 19 17 29 22 22 17 19 21 26 32 34 38 31 31 27 31 26 29 17 21 34 17 22 23 
39 41 34 41 52 45 44 50 55 65 71 83 99 117 129 139 141 152 163 170 170 180 175 157 150 140 114 84 61 39 31 30 38 24 15 6 27 12 26 19 14 19 41 27 19 22 27 31 31 39 36 35 33 33 26 31 23 31 19 29 47 34 36 34 
133 133 131 133 131 119 119 119 123 135 149 157 161 161 157 164 168 178 192 193 179 170 146 116 89 65 44 30 29 27 19 21 31 13 13 25 34 34 27 16 10 24 32 19 19 33 39 43 36 38 35 36 36 39 36 34 10 31 27 39 60 34 20 17 
197 195 190 183 169 160 154 150 143 153 159 166 166 172 174 183 183 188 182 157 123 97 53 25 15 17 16 20 23 21 24 16 34 22 13 11 13 18 5 10 11 20 28 34 41 39 35 33 24 32 28 30 32 44 47 46 18 25 22 43 62 35 26 24 
164 161 156 147 133 123 121 124 124 138 149 157 168 185 188 184 158 138 99 62 41 34 8 17 19 17 11 18 24 22 22 17 32 29 12 20 13 27 25 23 5 19 23 31 32 18 20 29 27 31 26 34 39 47 58 62 34 15 11 36 62 38 21 13 
172 164 158 155 150 141 146 149 150 157 165 163 160 155 136 111 81 58 38 32 38 32 19 33 38 29 18 15 14 13 24 25 34 24 16 10 12 28 21 28 15 15 18 20 15 15 16 26 20 26 28 43 43 43 50 57 34 15 6 27 54 36 22 22 
124 116 113 109 111 107 117 115 112 115 109 91 81 71 49 52 48 44 37 34 46 41 18 29 32 24 19 8 7 13 24 31 37 31 26 14 17 32 24 32 19 19 23 24 18 22 16 27 22 24 30 39 36 34 41 55 36 17 14 22 51 29 22 24 

29 33 31 31 30 18 35 34 34 36 31 27 24 29 39 14 22 28 22 32 17 18 14 17 19 14 19 33 23 24 43 35 39 48 27 16 16 5 16 9 34 27 26 30 38 37 28 17 39 36 19 20 4 16 32 23 26 13 55 153 168 148 173 118 
27 29 29 24 29 17 32 31 33 38 29 25 23 26 34 19 20 30 20 26 19 20 13 14 15 15 20 31 26 24 43 30 39 45 31 22 12 13 22 19 30 26 31 30 34 30 19 16 33 36 13 11 6 17 31 20 19 10 57 154 169 149 171 115 
25 25 21 27 38 29 35 31 30 29 25 24 19 17 32 26 31 34 22 11 11 12 12 15 20 24 24 22 29 22 48 36 43 51 42 35 22 19 29 24 29 27 35 31 28 22 16 19 26 29 18 7 12 15 27 8 17 11 64 156 176 151 163 107 
26 23 13 26 39 29 30 23 31 29 24 24 18 17 31 39 41 38 26 9 3 12 19 20 27 32 30 23 29 16 43 25 26 36 32 32 25 26 26 14 19 22 32 27 24 20 29 34 20 15 15 8 11 14 28 18 12 15 64 152 186 152 151 99 
21 16 13 29 42 34 30 24 39 27 20 17 16 16 12 10 12 12 17 15 7 13 19 29 24 34 32 31 28 11 41 31 31 32 34 29 26 22 30 22 14 19 28 31 28 8 25 26 22 20 19 17 17 13 21 22 16 15 62 153 193 150 150 102 
13 9 17 40 54 44 36 32 39 25 16 21 20 18 14 8 13 11 15 14 13 8 19 19 15 21 20 18 20 21 31 34 17 15 26 20 24 19 31 28 8 12 20 24 27 19 24 27 20 15 21 15 12 19 17 23 15 16 59 150 190 147 147 104 
9 3 25 44 47 43 34 36 38 22 20 26 25 21 10 12 22 17 19 19 24 16 10 19 24 33 39 34 29 29 29 38 22 15 27 15 29 36 46 45 25 17 16 20 27 11 20 19 19 16 14 6 12 20 12 22 21 23 57 154 182 140 150 109 
14 9 28 37 32 26 25 37 38 20 17 24 22 16 10 19 26 15 14 6 15 12 10 21 22 26 28 24 20 22 22 34 20 18 34 7 22 31 46 46 36 32 29 34 29 23 19 20 13 8 15 13 21 28 8 7 13 20 62 157 163 135 156 106 
20 19 34 32 31 26 31 40 27 13 12 19 14 6 13 24 34 29 26 23 26 20 20 26 26 20 19 17 18 24 22 26 17 27 38 19 26 15 34 30 20 23 17 22 12 27 19 19 24 17 18 3 20 25 5 13 14 30 77 166 146 130 164 105 
17 19 30 24 16 12 22 35 22 10 5 14 12 3 10 13 14 15 11 24 29 29 30 36 33 24 21 20 31 32 31 30 23 17 29 19 27 15 29 19 12 21 11 22 12 31 17 15 22 8 20 14 18 15 11 24 22 27 102 184 142 127 162 96 
16 28 30 14 8 8 22 32 19 15 9 11 12 7 12 8 9 17 14 27 27 22 26 27 17 9 7 22 40 54 53 49 39 28 13 16 32 15 24 15 17 24 7 25 18 27 22 20 24 21 32 22 12 6 22 29 34 32 120 189 133 125 153 82 
13 22 24 18 20 21 27 33 23 19 16 10 17 15 14 14 4 23 14 34 23 21 29 37 39 39 35 34 46 60 52 43 36 22 10 24 45 38 37 26 16 22 13 22 22 28 24 13 21 29 32 20 13 19 19 21 19 37 136 197 149 135 147 77 
12 25 20 11 11 15 24 27 21 18 17 9 8 19 14 15 11 12 10 27 24 26 27 31 26 19 19 24 38 53 38 26 24 25 26 20 34 23 10 12 6 25 10 25 34 31 29 16 13 30 26 23 22 31 23 20 18 55 156 211 174 156 143 72 
25 23 23 14 11 6 12 13 12 12 13 12 13 20 13 14 14 17 17 22 32 35 34 30 23 12 3 5 23 36 22 17 21 36 29 24 24 12 17 26 26 32 9 5 24 11 35 24 18 27 23 32 37 39 34 26 23 74 165 208 178 147 112 41 
29 20 14 8 5 8 17 17 20 19 14 17 25 15 19 6 12 10 11 17 33 35 39 38 36 22 13 7 21 28 12 20 27 41 31 27 26 19 20 22 16 33 19 17 27 12 39 33 17 32 42 57 56 47 35 22 23 86 169 198 178 144 88 38 
16 14 8 8 6 5 10 11 21 22 17 19 21 6 22 5 13 13 9 21 26 22 22 24 23 18 15 7 16 19 30 42 43 50 29 27 24 22 28 23 16 27 19 12 27 26 45 32 23 34 51 62 55 50 36 24 30 100 168 190 181 138 67 26 
11 13 8 10 7 7 18 13 27 26 25 21 20 17 27 12 19 17 12 22 15 23 24 30 26 22 17 17 22 33 44 48 39 36 30 32 22 18 29 23 17 23 19 18 28 37 43 32 31 35 43 51 38 40 33 29 45 118 175 191 180 128 45 7 
8 14 11 16 16 13 13 14 27 29 31 30 33 39 29 20 19 13 20 19 21 27 30 33 26 24 19 12 8 19 21 19 18 24 29 30 11 10 32 41 44 26 13 24 26 31 29 23 38 34 33 31 13 13 5 10 72 140 182 196 170 100 31 29 
14 20 22 24 22 19 16 15 22 28 31 29 32 26 15 16 18 19 26 23 20 24 28 30 32 31 23 11 8 10 12 14 10 13 17 13 20 36 56 63 65 42 22 34 29 20 21 22 38 34 29 32 15 11 12 13 100 152 176 196 159 76 22 20 
9 16 21 19 20 24 17 10 11 17 27 30 35 17 19 16 15 14 21 16 18 24 26 24 31 40 24 12 10 8 10 12 17 18 14 8 24 38 42 38 39 37 30 46 38 22 19 19 29 29 31 36 24 15 23 31 127 163 181 209 159 76 53 57 
22 24 28 30 31 29 26 16 7 13 22 29 31 24 24 17 12 12 17 14 24 27 20 17 25 44 25 12 10 10 15 24 27 26 14 13 27 41 43 31 46 48 42 45 27 12 20 27 27 17 21 23 8 18 23 59 157 180 190 206 138 53 44 48 
26 29 34 41 40 39 39 24 10 9 17 30 32 45 38 28 17 11 15 21 32 33 20 21 29 51 39 31 31 24 17 25 30 31 18 11 26 39 47 36 39 42 43 43 36 27 37 41 31 28 29 17 6 19 20 97 173 176 180 182 108 38 40 45 
27 29 31 44 44 40 38 27 15 20 26 35 46 53 41 31 24 26 20 14 35 39 23 32 25 47 48 34 26 34 27 39 44 41 31 10 19 32 42 28 29 31 36 36 32 29 37 43 33 28 31 7 7 22 52 136 183 175 162 144 84 36 39 39 
36 35 34 45 48 36 31 22 14 22 19 16 23 27 17 12 15 35 24 12 27 44 39 41 28 22 41 34 34 48 32 35 42 48 44 32 34 36 44 27 19 15 27 32 31 33 32 41 32 30 24 11 23 36 93 167 182 166 152 116 62 33 39 32 
32 26 26 33 42 35 22 23 15 16 16 10 19 24 23 20 17 29 22 19 19 38 46 49 44 23 32 29 29 48 37 33 46 50 44 29 32 32 38 28 21 15 22 26 27 29 27 30 28 22 4 28 34 57 123 173 166 150 131 73 36 29 34 22 
34 35 31 31 26 23 10 13 22 27 32 29 26 21 17 20 18 21 12 12 16 30 45 54 54 40 34 34 27 39 32 36 43 43 36 26 14 19 31 39 39 32 21 21 20 27 25 21 22 20 31 56 59 92 153 179 153 136 113 49 25 39 39 20 
17 19 20 26 33 32 19 13 2 13 11 12 11 17 16 22 23 25 26 27 26 24 36 46 53 53 43 28 16 28 36 43 45 38 31 26 26 23 24 36 47 43 36 28 17 11 9 6 16 17 38 48 62 111 168 174 145 123 94 36 27 45 34 19 
11 21 20 7 6 11 7 10 12 15 14 16 17 20 21 26 27 25 22 16 19 23 31 36 47 53 55 43 21 13 31 36 42 32 29 29 28 31 31 30 25 29 27 31 21 11 7 3 8 17 32 43 76 121 159 168 132 100 76 37 29 43 32 32 
27 22 21 6 8 19 27 34 34 38 31 33 38 36 36 38 31 24 10 14 17 20 26 31 41 46 43 40 28 15 17 12 24 31 27 27 26 25 25 24 22 27 23 25 19 18 10 4 10 20 34 56 105 136 162 169 119 72 55 16 21 37 29 32 
32 26 26 22 26 17 16 17 20 6 15 27 36 38 35 39 29 24 17 24 23 19 19 22 29 36 30 38 29 15 18 13 26 19 21 28 29 31 24 15 20 27 13 19 17 27 20 12 8 13 38 77 129 145 157 161 94 36 38 18 15 26 19 24 
34 27 22 18 20 23 20 25 36 38 39 37 44 35 32 40 22 15 17 26 34 29 34 27 27 32 25 28 31 27 38 34 28 7 19 32 35 30 23 31 37 43 24 34 27 41 30 16 15 13 57 102 149 157 154 144 71 21 23 12 2 18 8 15 
38 26 18 22 26 29 16 17 27 39 41 41 48 41 41 48 30 19 10 18 24 14 24 20 14 22 25 15 29 33 42 39 29 22 29 23 29 23 39 47 43 46 28 53 48 40 34 19 28 11 83 131 163 164 144 122 51 24 31 31 24 20 22 25 
35 28 17 11 13 11 12 28 28 34 31 35 41 37 45 51 39 30 27 26 24 19 27 17 8 14 26 17 7 17 10 12 11 26 36 18 28 28 47 50 30 48 32 58 50 37 32 17 32 46 125 168 176 175 140 97 37 15 20 26 24 31 38 44 
34 25 19 21 23 31 20 28 18 14 11 13 19 17 30 41 32 36 32 28 29 29 32 17 11 9 20 11 6 24 13 19 13 27 39 17 25 19 37 45 24 42 32 54 51 37 36 20 10 59 151 179 170 156 109 60 15 13 21 27 33 39 45 48 
32 28 15 6 8 11 13 26 19 16 17 16 14 15 20 30 34 45 35 29 25 23 27 17 8 8 23 21 19 29 19 27 21 29 29 9 22 25 33 37 15 30 20 38 41 43 43 31 40 98 176 189 163 135 89 42 11 5 8 19 27 41 47 53 
26 30 24 29 34 27 24 26 20 17 11 9 10 17 27 38 36 41 32 22 22 22 20 14 5 5 26 22 13 25 22 37 24 24 24 10 19 15 26 34 15 27 16 17 26 24 19 45 102 153 208 199 149 111 72 34 26 13 7 12 16 29 36 43 
27 22 19 27 31 31 32 39 36 34 26 24 24 31 36 42 34 32 29 21 29 26 19 13 5 8 12 25 26 31 33 43 30 23 18 12 19 10 20 32 17 29 15 3 12 12 33 103 160 190 214 183 122 85 58 25 26 19 23 37 27 32 31 33 
26 22 26 29 19 17 24 33 25 17 14 13 24 31 39 45 30 19 24 10 22 19 19 24 18 12 12 19 26 29 32 39 26 20 15 10 28 22 31 35 22 35 25 11 25 38 77 150 191 198 196 147 81 57 41 29 36 28 24 26 15 20 14 13 
25 28 27 26 15 12 20 40 35 29 22 13 30 20 19 19 5 12 24 23 15 11 13 29 28 8 7 22 32 39 36 36 27 20 22 14 27 21 13 19 16 42 34 32 55 90 134 197 211 187 156 102 43 29 32 25 32 32 38 49 50 57 55 58 
5 10 13 15 14 24 32 41 36 27 26 21 32 20 13 20 20 20 21 14 14 29 45 57 56 36 24 31 43 46 47 36 23 24 26 19 25 22 2 7 16 45 46 52 90 138 178 220 204 157 111 53 13 24 32 20 20 26 38 53 58 62 60 61 
5 13 14 11 8 25 39 42 34 27 31 27 28 17 13 20 23 17 22 15 23 31 34 43 43 22 18 24 36 39 43 36 32 18 13 13 27 26 11 9 25 50 66 86 131 174 201 206 170 114 62 24 7 8 23 13 12 14 16 16 20 24 17 19 
11 10 20 26 32 35 41 38 27 19 19 19 17 13 18 20 20 17 10 6 25 32 29 44 45 32 31 27 35 33 34 27 36 27 9 6 20 18 23 32 38 58 90 116 160 194 186 156 112 56 23 12 12 9 24 24 23 19 16 16 18 17 13 17 
22 17 17 15 15 22 27 27 20 14 15 12 10 25 34 34 32 30 14 11 20 20 29 43 39 24 25 15 36 31 38 30 32 23 13 18 27 38 45 49 58 78 116 147 177 180 137 90 60 26 29 24 17 27 26 34 37 32 26 13 18 15 11 19 
53 43 32 23 17 21 22 27 17 13 12 3 12 19 26 23 32 45 20 14 21 18 31 38 31 20 31 12 32 37 45 41 29 29 31 24 29 33 42 54 83 117 162 189 194 164 105 60 39 19 25 19 18 30 26 27 34 32 35 31 29 31 34 34 
43 41 42 39 39 29 27 23 22 13 13 17 13 14 6 12 31 50 35 30 32 43 57 54 41 25 19 11 17 24 34 45 35 22 15 6 19 32 48 79 120 154 188 195 180 136 83 46 31 15 17 13 19 29 36 31 29 27 33 31 36 38 41 46 
16 19 34 36 30 31 19 17 13 17 11 5 13 20 12 4 31 46 29 22 17 40 52 47 38 27 13 12 22 25 31 36 31 22 17 6 32 61 85 126 167 180 179 162 128 76 24 3 7 14 10 12 17 25 34 32 27 22 26 22 24 21 24 23 
22 16 29 24 27 24 14 19 21 23 20 5 13 18 23 12 31 40 20 19 8 44 28 22 32 35 29 19 11 9 22 28 31 17 20 34 71 100 126 164 194 185 156 123 73 27 18 22 19 14 11 20 15 10 20 23 24 23 16 14 17 15 16 17 
36 23 28 16 13 19 10 20 26 26 25 15 10 22 31 33 40 35 13 17 17 43 13 26 33 38 34 29 16 12 17 22 28 29 49 78 115 145 156 171 178 142 95 71 42 14 17 19 24 22 15 20 26 19 10 12 17 20 11 13 23 30 35 29 
52 41 40 27 27 25 21 27 34 19 26 17 8 30 42 49 52 37 12 5 17 38 8 31 34 40 38 33 29 36 32 30 38 58 81 117 155 178 176 168 151 92 41 26 21 10 25 32 32 31 26 22 25 27 25 22 22 23 17 12 11 17 24 17 
30 25 32 31 31 27 24 31 46 21 29 22 6 41 43 54 57 50 32 27 22 40 19 32 38 36 36 27 19 24 22 36 65 107 133 163 178 180 158 132 114 69 38 24 28 15 7 12 13 21 19 10 24 29 38 36 34 34 28 15 14 9 24 17 
15 11 32 26 13 10 10 28 48 26 29 19 8 45 44 39 48 39 29 17 13 32 28 39 41 34 27 16 17 26 33 64 110 150 171 182 175 157 123 86 65 34 24 26 30 17 10 12 27 31 27 18 17 29 37 43 39 41 36 22 16 6 19 15 
8 13 39 38 27 20 15 25 40 24 19 8 8 43 43 31 38 32 27 12 10 24 29 30 39 20 14 17 44 74 97 131 158 171 169 159 138 117 95 62 44 25 20 16 26 13 16 16 31 33 19 13 12 22 31 36 36 38 33 19 26 15 14 14 
12 17 38 31 13 15 8 20 22 15 18 19 24 35 38 31 27 24 20 13 17 28 32 29 44 16 31 55 97 134 153 177 184 168 147 122 88 65 55 38 36 31 31 28 27 18 10 9 32 36 30 21 22 24 25 33 34 34 27 10 22 19 17 20 
22 19 26 26 22 20 13 15 15 25 29 31 23 19 17 27 25 23 10 33 11 17 27 27 54 63 100 126 161 175 176 183 176 139 116 93 62 38 35 24 15 15 17 29 22 16 15 9 27 36 34 34 23 13 19 26 28 32 19 5 19 13 8 14 
34 26 22 15 5 9 13 20 27 29 24 17 12 6 9 27 36 39 31 46 17 26 67 72 104 136 164 178 204 197 185 165 143 100 74 59 45 34 34 22 6 18 24 25 15 9 8 13 26 30 34 29 26 19 27 29 27 23 11 19 31 21 12 13 
19 13 11 9 7 13 13 19 15 12 14 11 6 8 14 13 24 34 27 64 44 80 126 137 156 182 197 197 204 185 159 123 91 56 34 33 32 20 17 8 13 17 16 15 5 9 15 18 22 24 33 27 13 11 18 24 27 18 5 10 34 29 24 25 
8 13 24 24 25 14 10 13 12 14 13 11 11 12 14 8 24 45 81 120 124 140 157 149 156 177 189 181 164 132 98 58 27 15 12 20 34 16 15 21 32 27 17 5 6 10 17 19 18 18 23 22 10 11 17 27 26 15 2 15 39 34 36 39 
26 20 20 16 28 19 15 20 19 25 21 22 28 38 49 69 89 118 150 171 161 162 157 137 143 166 161 142 113 80 47 32 26 5 6 16 34 8 17 16 23 18 25 11 16 19 31 32 34 28 18 15 5 10 14 27 21 22 10 19 44 39 39 42 
50 56 57 62 72 70 63 71 72 76 80 91 110 122 133 140 143 145 159 166 162 173 163 141 137 130 107 80 52 27 14 29 37 23 21 17 26 9 16 18 12 11 27 25 27 35 43 41 39 40 31 20 15 20 15 24 17 24 19 32 57 45 41 41 
150 150 145 142 141 139 133 140 138 146 153 164 168 168 168 167 167 175 189 185 174 161 128 95 75 60 48 41 24 12 22 31 42 20 21 21 36 34 31 22 7 17 29 27 36 50 52 45 35 36 28 21 19 29 27 27 13 28 25 36 55 31 11 20 
192 191 189 178 169 159 157 155 156 166 172 183 180 183 181 188 183 187 176 150 115 82 37 13 20 26 30 34 22 19 37 43 53 34 23 22 26 27 16 18 13 24 33 41 50 57 49 39 26 24 19 8 13 32 48 44 19 21 26 42 60 34 29 32 
161 156 153 145 134 123 124 130 137 149 157 168 173 182 178 175 151 125 90 48 31 26 20 19 23 18 16 30 17 16 41 50 56 36 25 19 25 32 19 22 6 13 24 34 41 44 42 39 29 25 14 20 29 39 59 62 36 17 15 34 57 30 24 18 
168 156 152 147 139 138 143 149 154 158 157 151 145 137 119 96 68 37 15 12 27 26 31 33 41 25 13 20 11 31 52 65 64 41 37 10 29 32 23 31 12 6 9 20 20 36 41 40 28 27 17 34 34 32 44 56 30 13 13 29 57 32 31 31 
114 105 99 93 88 89 98 100 100 101 88 74 67 56 38 36 34 15 17 9 38 34 31 32 39 14 14 17 14 40 60 72 71 52 48 20 29 38 27 38 17 10 12 15 15 31 34 37 25 21 22 30 29 15 37 55 34 19 16 20 51 26 29 32 

12 19 13 28 39 25 32 25 22 19 26 24 31 37 49 22 30 36 36 42 32 27 16 25 19 16 16 20 17 36 68 43 41 43 41 26 19 13 19 10 31 21 27 13 16 16 12 11 34 41 17 30 26 34 32 24 24 6 74 161 173 161 180 114 
12 19 13 28 38 22 27 27 27 29 27 24 29 35 41 22 26 41 34 39 35 29 17 19 15 16 12 17 23 29 67 34 37 39 36 27 14 13 18 10 21 10 22 11 10 8 4 16 35 41 19 24 24 34 30 22 22 6 78 163 173 159 178 114 
18 21 17 32 46 31 32 32 31 33 28 24 27 26 36 31 31 36 24 27 31 26 15 9 11 17 9 6 18 27 65 32 29 33 29 25 14 26 28 23 22 14 24 14 8 9 18 22 27 34 19 14 22 29 27 17 18 16 84 165 178 157 169 108 
22 24 22 36 47 31 27 27 38 37 34 27 30 29 39 39 33 25 13 11 18 22 15 12 12 21 8 5 12 22 54 26 16 19 17 16 17 31 30 15 19 22 22 19 13 17 28 27 24 22 13 15 14 22 26 18 13 24 86 164 186 157 159 105 
36 36 31 41 43 27 25 30 46 43 35 31 33 29 23 17 7 11 17 8 6 12 9 15 15 27 24 27 24 9 45 32 31 31 23 17 13 28 31 20 25 26 27 15 12 21 34 31 22 13 16 15 13 12 22 24 22 28 84 166 193 155 154 107 
24 21 27 50 46 39 36 47 58 50 44 43 40 34 27 17 6 10 17 15 12 7 11 22 17 27 26 23 23 11 32 29 28 29 29 21 20 20 29 24 18 22 20 17 15 22 34 26 21 13 15 15 10 15 22 29 26 29 78 166 193 148 151 114 
10 8 30 50 36 32 33 48 61 49 47 45 42 32 27 6 17 15 20 22 24 18 15 19 22 27 37 31 32 26 33 37 40 40 41 27 21 26 38 38 17 15 10 14 15 22 30 24 24 16 19 13 12 20 17 29 23 22 76 171 188 147 155 117 
15 13 34 46 26 28 32 48 57 47 45 48 43 39 26 15 20 8 13 15 26 19 14 15 26 30 39 28 30 26 26 30 30 34 43 26 32 36 48 48 33 29 25 28 23 30 27 25 18 15 25 20 22 30 13 13 19 10 76 168 171 144 156 110 
19 19 33 39 33 34 38 48 46 35 39 41 33 25 21 14 26 20 15 12 22 20 10 11 23 27 24 16 23 26 28 27 29 38 44 27 32 27 31 27 17 23 15 19 8 24 15 17 22 22 26 18 26 27 13 15 17 17 91 175 154 140 157 100 
31 33 29 27 18 23 29 38 33 30 33 34 31 19 17 12 18 24 19 17 22 19 15 23 31 29 26 22 21 22 30 26 24 26 34 17 30 16 30 22 15 24 13 20 7 20 3 13 24 18 28 26 34 25 17 29 19 21 113 186 143 138 154 86 
33 37 26 14 15 17 27 20 11 10 22 24 28 15 13 12 17 29 18 26 16 13 9 13 19 12 9 17 21 40 43 39 37 32 22 17 34 18 34 27 20 29 6 18 8 19 8 14 27 31 38 36 34 17 16 29 26 29 131 190 140 138 146 74 
26 31 23 23 25 24 31 17 5 7 18 17 24 12 14 10 14 22 22 27 17 8 15 24 36 36 39 39 41 53 47 41 36 21 5 19 39 40 46 39 26 26 13 16 16 17 8 11 26 41 45 41 36 25 18 25 19 49 151 196 147 144 137 67 
17 23 6 10 14 17 28 11 10 7 12 16 18 16 12 12 8 13 8 13 17 19 20 19 26 27 31 31 41 52 38 29 20 15 12 15 27 19 29 32 27 30 14 22 29 29 22 17 27 37 45 34 24 19 22 22 27 68 167 208 175 159 130 64 
12 18 14 12 18 12 21 9 20 21 21 21 26 20 12 8 15 17 13 15 27 30 26 18 24 20 19 17 21 34 17 12 11 22 19 16 17 6 25 39 37 31 15 10 29 13 26 28 34 39 34 25 17 13 19 27 34 85 172 202 174 147 97 24 
17 17 20 19 13 12 17 11 26 18 22 25 29 21 19 7 13 21 18 22 26 32 34 33 39 27 20 17 24 26 13 10 12 26 20 17 16 18 25 34 33 34 25 15 27 13 39 34 27 31 28 34 30 19 21 29 36 102 174 193 181 147 78 41 
24 18 23 10 10 8 5 8 20 16 22 26 26 17 24 11 17 27 27 34 28 30 29 26 33 31 22 14 22 22 22 29 30 36 22 17 9 12 26 33 29 24 20 19 31 27 42 31 20 18 36 41 33 29 29 32 40 113 173 190 185 140 60 23 
28 29 23 13 6 5 6 13 22 12 16 22 20 25 22 10 16 22 29 31 12 16 16 26 29 28 23 22 30 37 41 41 33 24 17 17 16 18 24 29 22 20 11 13 27 32 40 24 23 27 37 44 34 39 36 36 55 130 177 196 183 121 41 15 
4 12 4 8 14 19 20 21 22 21 26 29 40 37 27 15 9 9 29 24 14 23 24 33 30 31 29 17 24 26 24 20 17 8 14 18 8 15 24 31 36 21 13 22 24 31 33 21 32 22 26 31 8 18 14 20 88 153 184 201 169 91 32 40 
13 21 26 27 32 32 27 26 19 17 26 25 37 32 22 18 16 13 25 19 23 26 15 21 24 36 30 22 26 27 26 22 19 20 22 20 15 24 36 41 45 32 22 37 27 29 28 22 37 31 26 36 15 14 16 24 118 165 178 198 154 62 14 7 
7 17 20 17 22 22 22 24 7 8 23 31 40 21 24 15 8 13 24 26 28 36 15 7 16 36 34 24 32 35 34 35 34 30 25 15 14 27 37 34 33 23 32 45 34 31 25 22 26 23 32 41 26 15 24 43 150 175 182 208 148 56 37 39 
17 26 28 13 17 20 29 29 17 17 27 34 36 22 23 14 11 5 16 31 37 44 24 15 16 34 31 26 35 38 39 38 38 36 27 7 22 42 52 52 49 39 39 45 28 22 21 21 13 13 20 27 8 13 21 78 179 194 186 198 124 30 16 22 
31 26 29 19 22 22 31 29 17 12 11 29 34 41 36 20 13 11 24 32 46 55 43 38 26 45 45 36 40 45 38 40 38 39 34 17 26 44 60 57 55 38 38 39 22 15 13 22 6 11 29 22 7 19 21 111 186 185 171 164 91 13 13 20 
30 29 26 20 24 20 30 28 28 26 23 27 37 39 28 24 19 29 29 27 45 60 52 57 45 45 58 43 41 52 47 48 46 43 41 19 21 39 57 57 53 41 41 40 26 20 11 27 13 19 39 15 5 22 64 149 192 180 156 126 69 15 17 21 
31 27 22 24 32 27 21 16 16 27 28 20 22 22 13 20 24 37 33 22 34 57 56 63 55 41 59 48 50 60 50 37 40 41 46 34 26 29 44 41 43 38 41 42 32 34 13 30 20 31 39 14 15 37 107 177 190 172 146 100 53 24 29 22 
20 22 14 26 38 31 19 10 15 15 22 19 24 20 22 20 20 39 32 31 26 40 57 60 60 50 48 46 39 58 48 34 41 43 52 34 22 13 31 25 26 34 42 42 34 34 13 26 19 28 22 17 36 69 139 183 170 154 123 70 39 29 33 23 
10 17 12 17 13 22 15 18 27 31 33 32 27 20 13 15 14 28 27 27 23 25 41 57 62 54 48 39 34 47 42 34 41 43 45 35 21 15 20 19 18 23 37 36 35 32 17 22 19 16 19 48 69 107 168 183 154 134 103 52 37 44 42 28 
18 19 10 23 28 31 22 14 8 10 12 18 12 12 14 15 15 26 34 41 38 28 19 29 43 52 41 33 26 33 45 50 49 43 36 29 21 14 12 27 32 38 38 38 22 20 20 21 27 22 34 60 86 132 175 176 147 117 85 41 39 45 35 15 
11 22 16 7 13 20 19 15 12 13 10 13 6 11 10 22 22 21 27 32 39 36 18 8 24 41 50 39 25 21 33 50 46 42 27 28 22 23 18 5 12 28 39 37 26 14 5 16 25 30 43 58 93 131 159 159 123 90 65 34 31 41 26 20 
17 20 19 9 8 15 16 22 28 34 34 38 34 38 31 36 29 22 23 34 45 46 28 15 19 29 33 37 24 19 27 27 32 29 21 18 19 16 23 16 17 28 30 36 35 29 19 19 29 37 49 74 119 141 152 155 105 61 43 12 17 31 20 26 
22 22 22 25 18 15 13 15 21 16 17 18 21 21 20 30 24 26 31 39 52 56 43 24 13 22 13 39 26 17 20 10 26 27 22 26 21 26 14 8 21 28 20 33 19 30 14 13 31 33 60 90 138 150 153 147 82 32 34 20 17 27 19 27 
29 23 22 24 17 17 19 22 34 40 43 49 44 34 23 32 15 21 24 31 49 61 53 38 29 35 13 30 30 32 41 32 31 10 10 23 23 20 8 19 33 36 24 44 20 37 23 17 35 26 72 111 156 162 149 131 65 17 19 15 11 21 19 22 
26 13 6 22 23 26 15 15 27 41 48 54 55 50 39 49 35 30 23 23 36 42 36 18 6 24 6 20 27 39 50 50 38 20 15 16 20 11 24 40 34 40 22 51 33 34 26 12 38 19 96 131 164 168 134 102 44 18 20 21 15 12 13 20 
22 10 8 6 12 13 12 24 19 22 28 36 46 46 46 52 45 34 29 19 26 29 34 10 8 19 16 22 26 32 32 34 24 24 29 15 24 22 37 41 28 41 26 53 38 25 25 8 31 52 138 165 177 173 122 81 32 8 9 20 22 28 29 38 
15 11 15 19 25 22 10 24 18 15 12 4 20 28 36 41 35 27 17 20 15 20 27 15 13 14 8 19 32 42 41 35 23 26 29 15 16 14 30 36 26 39 23 46 42 29 36 15 13 81 167 179 172 155 97 51 19 5 10 21 30 33 39 47 
25 19 8 7 8 12 14 27 22 19 20 15 9 3 13 22 23 32 27 24 22 26 24 17 15 10 9 26 42 52 39 36 18 22 27 16 24 27 29 34 25 40 24 33 38 40 44 31 60 131 192 186 156 129 71 34 14 8 7 15 15 24 31 43 
23 23 21 27 31 24 23 20 12 10 15 15 12 10 13 22 24 34 31 31 27 32 28 19 15 8 14 29 31 32 13 26 21 29 27 15 19 15 24 33 20 35 24 20 27 17 20 68 127 180 218 191 135 98 52 27 19 17 16 16 9 12 17 26 
17 13 14 27 34 32 32 32 31 29 27 29 32 32 32 37 28 32 34 32 35 34 24 22 10 5 14 29 27 18 19 36 30 31 23 15 22 8 21 34 28 42 27 12 16 17 54 126 182 213 219 172 107 70 45 22 16 17 29 38 27 26 17 21 
13 18 22 35 33 31 22 26 13 10 12 10 26 34 45 48 39 32 37 35 33 32 20 20 20 15 19 28 21 9 17 36 29 29 20 12 26 26 29 38 29 44 35 18 35 52 93 166 206 206 190 135 72 50 37 19 23 24 33 32 15 10 12 13 
20 24 29 33 24 17 20 34 34 31 30 22 27 11 19 24 15 19 29 31 29 27 17 20 25 7 12 19 13 19 23 34 27 29 27 12 23 19 14 22 20 49 44 39 72 100 143 207 216 181 148 93 35 22 24 10 23 27 41 46 53 55 61 61 
10 18 15 21 18 23 26 26 19 12 8 21 29 14 20 12 13 16 19 20 22 41 50 57 52 37 28 25 28 40 38 38 21 20 25 13 17 22 17 19 21 50 55 67 108 141 176 212 184 128 89 43 15 22 31 14 14 16 35 39 45 45 50 47 
11 19 10 10 8 27 32 22 20 18 17 30 26 12 22 8 13 17 19 17 24 37 34 40 43 34 28 21 24 34 37 36 29 19 16 10 20 21 12 8 23 54 76 101 141 171 187 188 145 83 45 13 10 12 26 13 8 10 8 15 21 24 25 27 
13 26 25 29 32 39 40 23 24 24 24 28 16 6 21 17 15 11 17 12 27 37 22 39 50 44 38 21 29 28 28 27 30 27 15 7 14 10 13 24 37 66 105 137 171 189 174 138 95 41 25 23 24 26 33 32 26 20 16 24 31 34 31 39 
22 29 28 28 26 27 22 19 24 29 30 24 17 22 32 39 32 23 19 16 25 24 14 33 39 31 27 13 27 30 34 33 29 21 19 16 25 29 36 45 60 90 137 164 178 171 124 74 48 18 29 33 32 39 38 39 36 29 20 19 30 29 30 34 
46 48 37 27 17 15 21 19 28 34 31 23 23 24 21 27 26 36 24 21 28 16 19 30 34 31 32 10 17 27 36 40 27 22 33 21 26 32 43 59 88 126 175 195 186 155 95 52 28 10 23 19 30 39 26 27 26 29 34 26 31 29 34 36 
48 47 42 39 29 20 14 21 25 32 31 28 22 20 12 10 24 40 38 34 33 39 50 46 36 24 20 13 3 17 27 39 31 22 26 9 19 35 53 88 133 170 202 202 176 134 86 54 39 30 27 21 24 40 34 24 15 14 25 22 25 26 32 34 
24 19 14 16 15 21 20 27 29 31 25 24 22 23 24 17 17 32 27 29 26 35 48 40 29 21 12 10 16 24 28 34 29 22 20 11 34 60 90 131 173 191 187 166 121 74 25 21 17 24 20 13 15 37 30 22 11 2 13 13 11 11 9 5 
26 19 22 19 13 24 24 32 39 31 25 21 26 18 22 24 25 33 25 22 11 31 23 14 21 22 26 20 19 22 31 29 35 27 30 41 78 106 130 168 196 182 148 116 64 29 36 38 32 28 24 27 11 29 24 27 24 12 9 16 20 26 27 25 
34 26 15 8 6 19 22 34 45 32 28 29 26 24 29 37 38 29 12 15 19 33 10 19 26 22 24 25 22 20 26 29 36 45 61 93 129 156 167 182 175 139 97 71 34 15 12 11 14 15 14 29 17 22 8 17 27 19 3 20 32 39 44 39 
45 38 31 29 26 24 28 37 55 30 26 27 24 39 46 48 43 27 8 13 13 20 11 26 8 10 10 20 34 39 45 44 55 77 93 126 154 175 173 166 144 93 44 27 17 15 25 27 27 20 13 24 21 22 16 16 29 29 15 16 27 36 45 41 
34 26 34 32 33 24 20 28 56 37 36 38 31 54 51 42 41 39 39 32 23 25 21 24 14 15 15 13 17 27 36 46 81 117 138 159 174 168 145 120 100 60 32 24 22 11 10 15 25 34 24 20 13 22 31 26 26 34 26 19 28 29 38 38 
26 24 29 20 13 15 8 19 48 35 41 34 32 58 57 28 29 20 32 23 18 24 25 25 27 22 19 18 22 31 44 72 115 156 170 178 173 147 114 83 57 31 24 24 22 10 13 24 33 35 26 30 24 22 22 16 17 34 31 20 24 22 37 36 
22 18 35 32 23 27 23 26 45 34 39 39 39 58 57 29 20 20 34 13 9 26 27 19 36 25 14 27 50 87 110 145 167 179 170 159 135 110 88 61 40 29 19 22 22 17 24 26 35 26 8 11 20 28 22 14 6 34 34 20 26 20 30 31 
10 13 38 35 19 20 8 18 30 24 31 41 46 53 48 27 19 21 27 11 16 21 24 14 39 24 38 72 113 152 169 192 192 177 149 120 86 58 48 34 32 31 29 29 29 17 20 24 40 29 10 6 22 33 16 16 8 32 27 16 21 11 23 20 
12 8 24 34 21 22 15 17 20 22 30 35 35 36 34 34 24 27 16 27 6 6 29 23 54 78 116 143 173 184 184 187 173 140 113 90 60 34 36 27 16 19 21 28 23 20 24 24 29 24 9 6 26 29 13 20 12 31 20 10 22 7 13 14 
31 25 17 25 20 26 25 24 30 26 22 12 17 20 26 37 33 38 24 42 13 29 77 90 123 156 184 196 206 201 183 164 138 99 70 59 43 36 39 30 13 22 27 38 27 20 23 22 15 13 17 13 20 20 27 32 22 26 11 13 25 8 10 14 
17 13 6 23 24 29 23 22 13 9 16 20 12 13 17 27 34 37 19 60 51 84 138 146 164 189 206 201 197 177 149 112 81 52 38 36 29 20 21 19 17 20 27 29 19 6 19 18 13 12 22 19 21 7 12 29 17 20 5 14 33 17 13 17 
14 11 22 29 35 24 22 15 10 19 27 24 17 8 11 31 48 62 92 127 130 142 168 150 159 175 181 162 140 107 74 36 13 17 17 24 26 17 16 29 36 33 31 26 17 4 17 16 10 3 17 22 26 22 21 27 20 17 2 11 39 31 31 28 
12 4 19 13 33 20 19 21 19 29 34 34 45 49 64 87 105 126 152 167 158 166 161 140 150 156 147 114 88 57 30 18 22 6 11 14 22 8 9 20 26 29 32 19 23 25 38 36 32 23 14 20 22 18 11 20 17 16 8 20 46 38 29 22 
58 66 75 76 88 81 82 82 86 91 93 105 121 136 143 151 141 147 152 156 157 173 151 130 124 111 85 56 30 15 16 26 32 19 27 23 21 13 12 20 13 9 18 9 20 28 34 31 31 39 32 26 24 15 10 21 15 17 18 32 50 38 23 18 
157 154 151 147 149 147 149 150 145 150 152 164 173 180 175 176 163 170 178 175 167 155 112 79 68 53 32 26 13 22 37 35 36 22 31 20 23 26 26 30 16 18 24 24 32 40 32 25 16 29 31 29 26 28 26 36 23 21 22 36 51 33 23 25 
178 176 173 169 160 153 150 156 156 168 178 188 191 193 186 190 181 176 164 137 105 76 24 6 36 23 27 32 13 29 39 41 40 23 39 25 26 24 19 29 24 30 43 45 53 50 36 20 4 20 20 12 20 33 44 53 31 22 19 33 52 32 33 36 
154 150 148 142 133 121 119 132 141 154 166 174 181 183 173 166 141 114 77 43 29 22 26 16 36 19 10 29 10 33 37 38 31 16 39 27 26 23 8 33 24 32 42 49 48 41 34 23 11 14 11 24 32 41 58 69 45 31 19 31 47 23 26 26 
167 157 152 146 140 136 145 149 150 148 143 133 132 121 104 85 64 43 22 19 28 22 30 27 50 24 15 26 12 49 50 50 38 22 48 27 23 14 5 40 31 38 46 42 38 35 34 27 20 7 10 31 39 26 42 63 36 31 22 33 50 27 35 38 
115 107 98 92 88 87 98 95 88 81 69 55 55 43 30 25 32 33 27 16 32 27 30 26 46 10 20 21 22 60 58 60 47 35 63 37 30 15 12 43 39 43 48 44 37 33 34 30 21 9 13 28 32 10 36 65 41 36 30 27 49 19 33 34 

20 24 22 41 45 27 26 12 12 6 14 29 44 58 67 45 34 32 23 28 12 5 13 26 16 10 14 25 33 55 76 38 26 20 49 34 32 27 22 22 39 29 36 23 21 17 10 5 37 50 24 39 22 25 22 24 20 15 94 166 173 168 179 105 
20 24 21 39 45 25 23 13 10 6 13 29 38 52 56 38 27 33 20 26 14 9 15 19 10 9 12 20 31 53 72 32 22 19 40 28 26 20 15 10 27 19 28 19 17 15 3 12 32 46 23 33 17 24 23 20 20 20 99 170 175 166 176 104 
20 21 17 35 43 25 27 19 5 15 15 27 32 38 45 36 26 29 13 28 26 22 20 13 13 15 6 14 24 46 67 29 15 11 32 22 7 24 26 20 17 3 14 10 10 13 10 19 31 42 24 21 10 29 22 16 14 25 108 175 176 161 170 102 
17 9 13 37 47 31 23 11 22 27 21 22 24 31 38 36 17 19 15 22 26 25 22 15 12 19 13 11 19 33 56 26 15 10 26 17 11 27 22 12 17 10 12 6 10 14 12 14 27 36 26 15 10 23 23 19 10 37 114 179 189 163 154 96 
27 27 32 46 48 33 24 11 22 20 13 17 16 20 26 27 7 8 17 12 19 23 15 12 12 26 30 27 20 21 45 34 34 30 26 19 10 26 27 20 27 20 15 3 6 16 17 6 24 29 26 26 15 21 24 24 20 44 115 187 202 159 151 104 
22 19 33 53 51 38 33 24 36 25 19 18 9 15 22 23 7 8 15 12 15 15 11 19 19 27 31 22 22 17 33 31 32 36 31 31 26 23 22 26 27 22 15 5 3 16 12 6 17 19 25 21 15 17 23 32 29 46 109 192 206 154 145 107 
6 7 31 52 37 29 21 12 39 27 21 24 12 10 22 12 12 9 14 11 15 6 15 24 22 21 28 29 37 29 36 31 36 36 32 28 20 17 21 20 18 18 15 10 2 19 9 15 17 19 22 24 22 17 21 29 24 36 104 191 201 153 147 111 
19 21 31 45 29 21 21 31 46 34 26 29 24 25 31 21 20 17 19 18 23 12 15 25 22 27 35 36 39 26 27 13 17 17 30 26 36 41 40 36 24 17 13 15 13 23 14 15 1 16 29 27 31 30 5 10 20 34 103 186 187 152 142 100 
17 15 16 31 27 28 32 37 43 33 23 25 24 17 20 24 28 20 16 15 27 20 15 15 16 20 24 34 33 22 30 16 17 27 40 24 32 31 31 24 16 15 7 19 10 20 6 3 16 13 19 19 31 27 10 8 14 29 112 187 172 149 147 92 
20 20 10 19 18 25 37 45 44 32 27 21 27 16 19 27 27 32 17 24 27 21 15 15 26 26 31 32 22 20 22 9 5 20 33 26 36 25 35 24 19 26 16 19 12 19 1 16 27 14 15 8 32 23 13 27 22 32 130 190 158 150 145 82 
17 17 8 20 27 31 36 34 32 27 30 15 30 12 17 17 22 26 13 22 25 18 9 9 27 15 18 21 12 33 32 32 27 29 27 27 36 27 36 26 22 26 15 24 11 18 3 16 25 23 26 20 31 15 13 27 20 39 151 194 152 157 140 73 
20 25 32 36 36 32 29 16 19 22 27 16 28 11 12 13 10 27 23 22 16 13 16 23 38 27 29 34 38 54 43 39 32 21 13 16 34 39 48 33 24 24 17 21 17 16 12 18 33 42 40 36 38 22 12 27 22 60 161 196 158 154 121 54 
17 21 23 28 27 17 21 20 27 23 24 17 27 9 10 12 8 17 9 8 17 25 22 22 36 22 23 29 34 49 29 22 19 16 7 10 15 29 27 19 15 20 17 24 30 27 28 29 38 48 48 39 34 21 12 11 17 75 175 202 173 159 110 44 
10 19 24 27 27 15 21 26 36 30 22 22 21 22 19 19 23 13 12 22 28 32 24 11 31 11 9 4 22 31 7 6 7 25 10 6 5 17 21 25 22 24 14 14 31 24 34 39 50 53 44 34 25 13 9 8 23 93 178 198 175 147 81 13 
22 29 30 28 23 15 22 32 42 24 20 22 18 29 31 23 22 24 12 29 24 30 29 26 38 23 13 12 24 22 7 12 11 26 12 14 20 23 24 20 25 22 22 15 28 24 41 50 46 45 32 27 25 19 4 13 26 111 176 189 181 142 64 40 
41 34 34 24 19 14 24 34 36 21 17 19 10 33 32 19 22 19 19 42 32 32 38 36 44 34 18 12 19 20 24 34 29 27 12 10 10 17 24 27 25 20 21 24 37 37 51 42 34 24 30 33 29 30 21 27 40 126 173 186 186 130 45 15 
52 46 39 25 22 20 27 36 31 13 7 15 23 36 27 13 12 11 27 36 26 17 13 21 31 36 19 21 30 39 48 51 39 29 20 15 19 24 22 26 22 12 11 15 28 32 38 25 20 27 34 39 38 43 36 30 63 145 179 192 183 112 34 8 
46 38 18 9 19 32 38 44 37 26 26 30 36 34 12 13 15 16 24 23 24 28 9 22 25 38 34 9 17 29 36 37 38 34 32 31 24 17 20 19 25 21 17 17 24 29 38 19 28 20 26 31 8 24 13 22 99 165 186 201 167 85 31 38 
49 34 23 21 34 49 39 41 29 16 17 14 32 21 14 11 12 15 19 18 26 32 12 14 18 36 34 14 15 21 27 29 30 32 34 30 16 13 16 18 26 21 23 27 24 25 31 20 32 22 24 35 16 19 15 36 133 175 175 192 145 56 27 23 
43 29 18 20 35 43 26 36 19 12 19 10 30 9 15 8 15 22 20 24 30 34 22 12 13 34 31 17 22 24 27 27 24 31 33 31 18 18 24 20 18 9 27 39 33 34 32 29 30 20 27 36 24 17 23 63 167 183 178 198 130 40 21 25 
38 30 20 9 27 34 22 34 32 31 36 27 24 7 18 12 14 16 22 27 33 38 35 25 15 27 30 19 21 26 26 22 21 26 34 27 11 15 31 25 22 12 31 39 37 41 36 32 27 22 22 24 4 10 20 97 187 194 179 180 102 19 5 8 
36 26 26 10 26 25 13 22 15 22 15 14 22 31 22 13 4 15 30 31 27 34 42 41 22 19 30 27 25 31 26 13 11 20 36 34 19 6 20 20 12 8 34 41 42 43 39 34 26 19 29 20 6 19 33 130 193 189 168 148 74 10 8 15 
27 20 19 15 26 26 30 27 24 34 25 19 24 25 14 26 13 22 34 24 22 34 39 50 38 25 38 23 16 38 32 24 22 21 34 33 20 6 17 13 8 6 27 38 35 40 27 29 10 10 31 15 6 21 76 158 193 187 157 112 55 14 14 18 
19 15 15 19 31 31 25 12 9 26 34 30 27 29 24 34 20 25 27 8 12 31 48 57 51 31 36 28 22 48 39 10 10 17 39 34 28 13 15 12 12 6 24 30 26 34 14 26 5 21 35 15 15 37 122 188 196 185 152 91 41 21 19 15 
13 9 8 22 36 37 27 17 13 19 17 16 20 27 25 32 23 27 28 22 16 24 43 52 57 44 35 28 16 45 36 14 12 15 37 34 26 20 22 18 19 19 26 22 18 32 3 26 20 32 33 15 30 73 159 195 180 164 127 63 34 26 25 22 
10 11 9 17 16 25 32 35 43 36 38 29 26 24 22 22 23 28 28 31 34 21 28 41 48 48 31 24 19 39 35 17 14 13 34 35 33 26 19 12 8 20 27 22 13 30 15 32 31 28 15 32 65 121 182 194 166 143 103 50 32 34 32 27 
26 26 17 24 31 28 24 20 21 19 16 8 14 19 13 15 27 31 40 46 52 45 26 15 22 36 27 17 7 27 40 36 36 24 27 23 20 18 17 28 32 35 30 17 10 25 27 34 31 10 20 50 97 152 190 185 151 117 75 35 24 28 22 17 
17 28 26 15 24 24 29 21 13 12 13 14 20 19 20 21 32 25 30 31 46 49 32 19 8 24 36 29 12 8 26 38 31 22 5 13 17 19 16 4 17 35 31 27 22 13 12 17 19 5 30 61 107 151 171 162 127 86 51 19 8 21 19 22 
19 24 20 15 10 9 10 12 19 34 37 38 48 45 46 39 39 26 20 21 35 48 37 32 32 27 28 33 23 22 27 34 29 32 14 3 11 17 21 19 26 29 17 26 29 32 15 13 20 9 39 75 128 157 158 152 102 58 32 6 11 24 19 22 
17 19 19 20 21 15 12 17 29 29 15 15 18 19 26 28 27 24 26 28 35 50 47 38 38 38 27 46 37 36 35 36 39 39 34 24 22 22 15 8 28 32 18 28 7 31 18 18 29 11 57 100 152 165 157 142 77 34 32 24 27 29 27 32 
34 28 24 25 18 17 23 27 42 46 46 43 40 26 19 26 17 15 15 18 27 42 48 33 32 42 25 43 36 40 44 39 39 36 22 21 22 20 11 16 29 32 22 42 19 38 19 20 37 25 85 125 170 174 149 121 56 17 13 12 19 25 31 37 
26 13 5 17 20 17 13 20 34 45 54 57 57 46 37 42 38 36 34 33 32 38 43 20 14 26 10 32 34 42 52 54 48 29 15 17 16 13 19 34 34 29 19 53 36 34 20 12 32 37 112 145 174 171 124 90 38 12 12 11 12 15 20 28 
20 10 6 4 10 10 15 20 6 19 32 39 51 48 45 48 51 46 39 38 40 39 43 19 11 16 18 33 29 35 37 37 31 26 24 22 23 17 26 35 24 31 25 54 43 30 22 13 26 76 151 173 189 176 110 69 29 6 1 8 16 19 24 26 
13 8 12 17 19 13 6 22 19 23 19 17 30 32 41 40 42 36 25 19 15 19 27 8 11 9 22 28 29 36 38 35 28 24 25 14 22 13 26 32 17 34 34 48 43 29 22 1 34 111 178 182 177 150 85 41 18 4 8 8 12 14 19 24 
17 15 6 2 6 13 13 21 20 20 20 16 10 12 19 20 26 28 24 23 19 19 18 10 11 7 15 24 41 49 52 41 32 29 30 25 32 26 28 30 20 38 36 39 38 33 24 34 81 154 201 180 150 114 49 19 15 8 15 13 8 8 13 16 
19 14 12 12 13 20 20 18 14 13 13 16 10 7 12 19 25 34 29 27 20 19 10 8 11 11 11 19 33 37 26 21 14 29 28 25 27 21 22 30 24 43 40 29 27 14 36 90 147 200 209 167 116 75 33 18 17 12 16 15 7 12 7 9 
26 19 13 14 15 26 29 31 32 30 29 33 32 34 33 38 32 35 34 32 29 26 27 23 20 9 7 24 29 22 8 23 24 41 38 33 35 27 29 38 28 46 39 21 29 47 85 145 196 208 192 140 79 46 32 19 12 6 26 31 20 19 14 17 
27 25 26 25 22 19 20 22 19 12 15 11 26 41 52 55 49 41 36 38 34 24 14 9 15 8 17 28 27 20 12 27 27 41 44 38 42 32 34 41 26 46 43 29 53 77 120 183 213 194 159 101 46 31 32 20 13 15 30 22 10 14 23 29 
29 32 30 29 19 5 15 34 38 36 34 20 19 16 32 28 30 30 32 40 40 34 26 12 24 12 17 29 29 22 22 35 31 44 46 39 38 31 26 34 26 51 52 55 86 113 156 211 214 165 121 67 20 12 29 12 12 16 35 41 47 48 51 54 
24 29 29 27 26 20 24 24 26 26 22 25 18 13 34 17 26 30 32 37 43 54 60 52 50 35 31 22 27 34 41 37 24 25 34 27 26 26 24 32 29 55 63 83 123 150 178 202 170 107 67 28 17 19 32 16 13 9 22 27 27 27 25 27 
18 19 13 12 12 26 27 17 27 33 34 39 26 14 32 12 31 32 34 38 44 55 45 39 43 37 30 20 23 36 43 36 27 21 25 20 26 27 20 22 27 58 85 114 150 172 181 167 122 60 32 17 19 14 29 14 15 19 17 20 22 19 20 24 
18 19 11 15 22 29 25 16 26 32 38 38 26 12 25 17 26 30 36 40 45 55 45 42 50 46 36 21 26 32 32 21 20 19 21 10 25 26 24 26 36 77 121 151 178 189 168 125 84 32 6 13 24 26 43 32 23 27 21 26 27 29 29 34 
22 23 22 24 22 20 17 17 28 31 32 27 22 24 29 32 33 36 45 42 49 52 36 34 43 39 31 18 24 36 36 32 10 8 25 18 35 39 45 53 64 111 159 178 180 166 117 64 40 8 20 16 22 28 39 40 34 31 23 25 28 28 34 34 
38 38 36 32 20 12 19 24 24 26 19 19 21 29 29 27 23 38 50 46 45 41 30 31 34 37 34 26 22 23 28 29 8 10 26 17 33 43 60 72 100 154 201 204 180 146 93 38 24 8 21 16 19 23 6 20 27 36 35 31 31 30 34 33 
49 49 46 38 32 27 29 27 24 23 26 26 18 20 20 15 18 40 54 55 49 43 46 40 31 30 22 20 19 15 15 26 20 17 27 10 23 46 69 100 145 192 218 200 167 130 86 58 50 38 42 32 36 43 28 19 15 22 24 19 20 14 19 19 
28 25 22 24 30 41 38 34 23 13 20 15 17 18 27 19 8 29 43 45 39 29 33 22 15 24 20 19 27 19 15 24 26 22 21 8 31 68 103 145 185 204 195 160 111 71 26 24 14 18 24 19 22 39 29 17 11 12 17 10 10 11 13 15 
38 34 30 33 36 46 42 38 36 22 21 28 29 6 10 21 22 34 43 40 24 14 15 11 12 26 25 23 30 25 24 19 24 24 25 40 76 112 148 182 198 183 149 104 51 27 39 45 38 29 24 28 19 41 28 27 25 8 8 13 19 20 22 25 
46 38 28 31 29 40 37 34 43 25 11 24 26 17 13 27 30 32 29 29 17 13 10 20 16 27 27 25 32 24 29 20 29 43 57 95 131 158 178 190 174 139 98 60 27 18 20 20 20 16 17 32 15 35 11 18 29 12 8 12 22 30 31 26 
43 36 31 28 29 29 30 30 50 32 15 26 22 35 45 43 38 32 22 20 10 6 19 29 11 18 14 24 35 38 44 46 58 89 103 137 166 178 176 168 137 86 45 24 14 14 31 29 22 12 6 36 13 22 18 20 41 26 13 10 25 36 43 41 
36 35 28 24 22 7 16 15 44 33 31 28 15 41 48 34 33 41 36 39 20 17 17 19 14 22 16 8 17 26 44 54 85 126 138 164 180 169 148 124 89 52 32 20 18 13 13 15 18 31 27 38 17 6 27 22 38 33 22 12 19 31 45 45 
26 24 24 15 18 10 11 11 40 35 40 26 15 42 50 18 17 28 34 34 23 17 16 18 21 23 17 18 12 32 57 83 130 164 171 183 175 143 115 84 54 34 28 22 18 6 18 21 26 31 27 40 36 31 33 14 20 29 29 18 15 25 41 43 
31 26 28 23 32 34 27 22 39 29 32 24 20 38 48 20 16 27 32 24 22 34 33 32 41 30 17 31 66 104 135 163 185 192 180 170 141 105 83 57 34 28 22 20 23 22 29 30 36 27 15 22 30 39 39 24 21 26 27 20 12 17 32 32 
34 27 31 25 18 26 19 15 32 19 24 19 27 36 37 18 16 25 25 15 27 39 37 43 50 29 52 92 133 165 185 200 201 182 153 125 85 46 41 33 24 29 24 26 20 26 33 36 42 34 14 15 32 43 34 22 17 28 30 19 8 12 20 23 
41 34 30 29 10 11 10 17 28 17 17 11 8 21 23 24 15 19 13 23 20 33 43 47 67 86 134 159 181 189 184 182 168 130 98 76 43 17 28 28 14 17 12 15 9 17 30 30 29 24 17 21 34 39 32 30 15 24 24 20 15 7 16 22 
44 35 23 27 7 17 27 32 40 27 10 12 10 22 20 26 22 24 14 30 20 42 92 113 142 170 197 198 206 196 175 156 128 81 57 47 24 21 29 29 8 17 19 27 27 26 36 32 19 12 22 24 25 22 29 37 26 24 13 16 20 12 17 13 
35 26 14 22 15 16 26 26 26 21 27 38 30 24 15 30 34 32 31 57 62 98 150 161 175 200 208 202 192 167 129 97 62 31 21 22 10 13 27 24 8 12 19 22 23 10 24 20 8 17 24 26 26 22 10 28 17 15 9 17 31 30 32 36 
19 18 26 33 38 20 24 21 27 30 27 31 22 23 22 51 71 84 110 131 135 152 173 165 165 182 175 153 123 90 46 16 13 26 20 24 21 25 32 30 22 23 27 24 24 8 22 18 11 11 12 9 14 18 13 24 14 15 7 12 33 41 53 58 
10 8 19 15 36 21 24 28 34 47 53 60 66 79 93 114 123 138 152 156 154 167 166 143 145 143 117 90 65 42 24 19 20 12 20 22 23 25 26 17 21 29 35 36 39 42 45 41 30 28 6 8 10 8 8 15 15 10 7 20 43 54 65 65 
81 88 97 97 105 100 97 102 105 114 119 131 145 162 164 168 155 149 147 148 154 168 149 119 112 88 53 41 28 17 27 20 17 14 27 32 27 27 25 15 10 23 26 22 28 30 27 25 24 37 24 19 15 21 17 22 17 8 15 29 50 58 63 66 
163 157 156 154 159 156 162 163 155 157 163 173 187 194 190 186 178 175 176 170 161 148 98 63 61 32 13 26 21 32 44 33 31 19 33 27 15 20 23 24 16 15 18 13 26 35 20 13 12 30 29 29 29 32 27 32 21 6 17 32 48 52 57 60 
175 170 169 164 160 149 152 156 157 170 183 196 204 206 196 192 185 172 153 123 100 67 19 9 45 29 23 31 20 40 39 26 21 13 43 31 10 16 19 29 19 21 29 40 46 46 31 23 15 24 19 13 22 36 41 50 29 16 12 26 41 39 46 49 
161 156 156 145 139 126 126 134 149 161 170 178 183 180 165 154 135 109 71 44 32 23 25 15 47 19 4 28 7 48 37 19 4 19 46 36 15 16 12 27 8 10 21 29 30 31 19 15 19 17 16 21 31 34 48 64 41 28 15 20 36 22 32 33 
170 157 154 143 139 136 142 144 143 136 124 111 109 100 83 79 73 69 48 40 36 24 27 26 57 22 15 28 14 65 47 41 31 25 56 38 13 13 13 32 16 10 15 11 8 17 10 13 24 12 17 31 36 28 32 60 41 27 17 20 33 27 39 38 
113 104 96 86 84 83 89 86 75 62 47 34 44 29 30 33 52 67 61 50 47 33 28 24 54 15 21 24 26 76 53 47 39 39 70 47 17 19 17 35 22 14 13 10 6 15 14 13 23 3 12 23 31 21 26 63 41 33 22 21 34 21 34 31 

19 24 20 34 26 24 41 39 39 21 8 13 24 43 65 57 54 45 25 22 12 23 20 24 10 21 37 46 50 58 58 11 14 22 64 45 40 31 32 26 40 33 42 26 27 22 19 12 32 55 24 48 32 22 17 21 22 29 109 170 175 170 168 85 
16 23 17 31 22 21 36 38 37 19 10 11 20 35 57 47 46 39 21 19 9 20 17 20 10 20 34 38 44 55 53 7 5 14 54 35 34 26 31 22 36 28 29 19 17 18 12 8 29 53 24 40 26 25 17 17 18 36 119 175 173 168 164 83 
20 23 22 31 31 23 38 38 32 17 15 8 12 16 36 32 26 26 14 26 25 31 20 17 7 17 24 28 32 45 47 6 10 17 44 29 15 22 29 27 29 19 18 7 9 13 8 10 20 38 13 24 20 25 14 13 17 43 129 177 173 159 151 81 
34 28 20 29 36 31 41 44 39 26 27 16 14 7 32 27 15 20 19 29 22 27 20 17 7 16 22 24 25 36 40 16 19 19 39 26 15 16 22 20 31 24 16 3 6 17 14 11 20 36 17 17 17 27 22 10 19 58 136 182 185 156 136 75 
24 24 23 34 34 38 44 41 34 22 16 21 26 31 38 31 16 15 14 8 13 15 5 10 16 29 29 26 17 22 32 21 27 21 27 22 15 19 26 25 34 22 17 6 4 16 13 5 15 24 20 13 14 27 30 26 24 67 140 191 192 151 129 79 
40 36 36 46 45 48 53 49 45 29 22 27 28 31 39 32 16 12 13 6 9 10 10 19 20 28 27 26 17 17 26 26 34 35 31 31 31 25 25 30 32 20 18 5 9 18 8 13 17 20 23 15 13 19 26 29 31 69 135 190 194 144 116 72 
19 19 25 39 37 44 50 37 30 11 6 33 20 27 38 26 24 13 13 8 17 12 20 26 23 20 20 26 32 28 36 36 39 36 27 21 20 16 16 17 25 19 17 4 8 15 13 15 15 16 23 21 11 15 27 32 31 57 124 192 192 138 116 76 
27 27 19 31 27 39 44 30 28 12 11 29 21 24 29 23 24 15 17 14 22 17 14 22 19 24 27 34 36 32 36 29 32 22 19 20 27 29 23 22 19 9 10 7 11 15 19 12 12 24 33 34 30 12 13 22 32 57 126 187 183 137 109 63 
29 27 15 21 20 28 36 27 24 22 15 26 25 8 15 15 22 20 14 19 32 18 19 18 13 19 22 32 34 34 38 34 35 29 22 7 20 19 13 11 6 8 5 10 12 13 13 15 16 17 22 27 38 25 10 10 20 45 130 183 164 134 109 50 
25 26 23 11 15 26 37 41 35 26 26 22 32 3 11 13 20 23 17 21 36 19 22 22 29 30 31 42 30 29 35 30 30 25 24 10 22 16 23 19 20 26 21 28 13 9 7 24 26 14 10 7 36 20 14 27 23 52 148 187 155 140 108 38 
26 23 32 25 34 36 41 42 33 29 32 20 36 8 12 15 19 24 19 19 27 19 21 20 37 32 34 35 21 36 35 32 36 29 21 15 22 17 28 20 20 28 27 35 20 12 9 22 26 10 7 9 35 15 8 25 24 64 164 193 154 147 107 36 
34 36 46 39 41 34 33 31 15 18 29 13 34 8 11 12 16 25 24 15 19 24 29 30 44 36 37 43 41 53 41 36 32 23 9 6 19 38 42 28 22 27 31 38 27 24 17 13 19 15 20 25 31 22 12 26 31 83 178 192 158 146 86 15 
21 20 29 16 24 16 22 35 27 24 21 16 31 13 11 15 17 19 10 12 27 39 39 39 51 38 38 38 38 46 29 26 26 24 12 2 6 29 25 19 16 23 26 30 25 29 24 16 8 19 31 26 33 20 17 17 34 98 182 196 168 140 76 22 
17 16 20 17 26 16 24 39 34 31 13 17 24 25 18 15 13 7 10 34 34 43 30 27 42 30 30 26 29 29 13 15 15 27 11 4 4 23 22 19 20 22 18 14 24 20 14 14 9 24 26 17 17 21 17 21 40 121 189 193 171 135 53 15 
24 24 20 19 32 23 25 38 34 27 13 17 20 35 29 22 18 12 19 43 26 30 24 24 41 34 27 32 37 27 17 17 18 31 14 19 20 27 17 16 17 17 18 6 22 17 27 34 30 27 17 5 13 19 15 18 44 133 185 189 176 125 45 41 
12 13 20 28 38 23 20 36 26 31 19 16 19 36 26 17 15 11 26 45 29 23 34 32 41 40 25 31 34 31 35 35 29 28 12 12 8 14 9 20 20 19 22 19 27 27 39 32 20 9 5 22 19 28 20 23 55 148 180 185 183 114 26 13 
32 35 38 39 38 15 10 29 19 28 13 10 24 28 17 13 18 19 30 39 29 15 19 18 24 36 28 31 40 49 50 49 41 31 19 13 15 22 17 25 19 6 7 12 25 19 31 14 12 19 29 41 31 44 31 18 81 162 180 190 176 96 22 10 
25 18 20 24 11 21 28 46 36 38 29 24 34 20 4 22 23 27 25 21 29 32 32 26 20 38 35 28 25 32 34 33 38 36 35 33 24 6 7 20 16 16 14 9 13 15 29 7 22 10 18 29 8 25 12 20 118 182 188 199 163 72 25 27 
27 15 8 19 24 45 38 41 24 15 17 6 26 11 15 17 15 17 8 11 26 31 31 17 12 34 36 27 23 24 18 11 12 19 25 29 24 3 12 19 21 22 17 20 15 19 31 11 25 11 20 34 17 23 8 48 150 182 174 187 137 45 24 25 
21 10 9 19 28 43 22 38 20 20 20 15 29 20 27 26 30 29 22 21 28 32 29 19 9 31 36 31 27 24 19 10 6 15 29 41 34 27 24 27 23 20 19 24 29 36 34 22 19 11 21 34 22 19 15 76 175 185 172 180 113 24 20 20 
19 10 17 12 26 40 21 37 36 40 38 29 23 27 29 29 29 36 33 32 27 32 27 29 8 24 33 32 34 32 24 23 17 15 28 34 22 11 10 16 13 16 20 27 31 36 34 23 19 16 15 22 5 4 19 105 194 198 173 165 89 14 10 12 
13 6 19 7 25 32 10 25 24 35 29 26 27 34 25 22 24 37 46 40 29 26 20 35 18 14 30 31 34 39 31 26 20 11 31 38 30 20 13 12 13 22 24 32 31 39 37 31 26 22 23 21 8 7 48 134 193 194 162 129 61 7 11 17 
14 3 20 8 17 24 30 33 33 41 31 25 24 25 17 33 25 34 47 45 36 29 20 36 28 8 29 22 17 37 34 32 34 24 28 27 19 15 14 15 13 18 26 33 25 32 27 26 17 15 22 16 9 27 92 164 191 193 149 90 40 10 10 12 
13 6 16 15 26 26 22 12 20 39 39 38 35 31 22 30 6 19 36 36 31 31 27 39 35 17 24 26 21 38 32 29 34 29 32 29 20 14 20 18 17 17 26 31 20 39 22 27 10 12 30 12 11 45 133 185 192 188 139 71 28 15 12 6 
14 5 12 24 29 25 19 10 18 24 22 20 22 24 20 22 7 17 28 30 29 17 22 33 36 31 20 21 19 39 33 24 30 26 26 24 15 17 25 27 22 19 29 26 12 33 15 27 20 27 28 8 33 86 170 199 188 173 116 46 24 17 17 20 
25 14 10 24 15 17 20 29 40 38 36 26 17 13 7 11 17 26 32 32 33 27 19 27 26 32 15 17 15 32 38 26 25 19 27 22 5 10 15 17 15 22 29 22 14 34 22 32 32 26 15 23 70 135 198 204 171 137 79 31 17 20 26 21 
32 30 18 18 24 19 11 5 15 13 15 9 9 8 7 14 32 32 40 43 49 42 30 20 6 24 19 12 6 18 34 36 36 34 29 26 13 15 26 32 36 36 29 21 20 29 28 36 34 20 13 48 106 172 202 190 155 104 52 18 14 15 15 6 
6 21 18 12 16 24 31 31 22 16 8 11 19 18 17 22 35 25 29 35 46 53 34 21 15 13 28 19 6 9 20 32 27 26 18 21 18 13 11 15 26 39 37 35 28 16 8 19 25 10 21 57 122 175 185 169 126 68 30 7 4 12 13 10 
17 22 19 13 5 6 6 8 17 32 34 40 48 45 40 34 37 23 19 26 31 42 29 22 32 20 23 24 18 31 34 39 36 38 23 17 21 19 21 17 17 26 29 37 38 32 13 15 22 10 38 85 146 176 172 153 102 50 22 10 6 10 6 9 
17 21 19 22 20 14 11 11 27 35 23 20 26 22 26 26 32 28 24 28 29 38 26 17 34 30 25 33 29 32 31 34 38 48 39 29 24 19 15 11 20 19 23 31 28 37 22 17 24 12 60 114 165 180 161 137 76 36 30 24 19 19 22 30 
35 31 23 24 16 10 17 23 40 47 46 44 34 20 22 26 38 39 35 35 27 34 31 14 29 32 23 33 27 32 31 20 19 31 19 16 17 15 12 9 23 21 15 39 26 34 29 27 35 38 97 144 183 181 142 108 53 24 22 17 15 16 25 32 
27 19 14 18 15 13 8 16 34 48 57 61 58 41 34 36 47 51 47 49 46 48 48 26 23 24 20 29 21 29 36 36 36 28 15 13 17 13 7 22 24 26 8 41 31 24 17 13 19 50 120 157 183 169 113 78 32 15 17 20 10 6 14 15 
24 20 16 10 7 16 19 22 12 23 48 55 57 49 41 39 52 52 48 48 48 46 43 22 14 12 29 32 24 20 15 11 10 8 12 22 24 17 11 28 22 28 22 44 33 16 14 13 32 95 160 183 189 160 95 55 28 9 14 19 22 26 22 19 
25 24 22 17 12 7 13 17 20 32 42 50 50 41 34 32 40 38 31 26 20 22 24 6 5 8 36 26 19 12 15 22 19 16 12 17 27 21 22 32 19 29 27 43 36 15 8 21 59 133 187 189 176 138 65 34 17 5 8 13 16 15 12 14 
19 20 26 23 21 11 14 17 11 16 34 39 41 31 20 17 19 31 20 24 17 22 19 10 6 14 34 26 37 48 45 48 39 38 32 38 39 38 28 31 16 28 32 34 34 26 17 45 103 176 200 175 141 97 32 10 8 10 15 12 11 10 9 13 
6 10 15 20 21 17 13 13 7 9 19 29 29 19 18 8 9 23 12 11 8 12 12 14 17 15 20 24 35 39 34 31 21 22 15 18 28 18 20 27 20 36 41 32 31 29 49 99 157 204 200 152 99 59 19 10 19 17 28 29 26 25 13 3 
15 13 12 15 17 14 19 25 28 27 26 27 26 26 31 29 26 20 19 16 15 17 24 25 27 16 12 23 25 23 26 28 19 19 18 29 37 30 25 36 22 39 45 34 41 63 93 146 194 206 170 111 64 31 22 19 19 19 39 39 28 22 11 10 
11 10 12 17 17 16 14 11 10 9 15 15 23 38 52 50 43 25 13 16 17 13 16 13 20 21 24 36 35 32 29 30 15 22 29 34 45 34 31 33 17 42 47 41 64 88 125 174 198 176 130 81 37 26 33 26 20 29 39 31 26 32 35 38 
26 27 27 27 23 14 18 19 20 24 22 15 12 15 32 17 24 13 8 22 26 20 24 13 31 25 29 38 36 27 30 29 13 13 24 29 37 33 26 35 21 45 51 63 98 126 157 196 193 142 96 53 17 18 31 30 25 25 38 38 44 46 48 52 
30 34 36 41 34 32 22 9 5 14 10 18 17 22 38 7 25 19 8 22 34 44 49 43 44 39 34 31 20 23 27 34 16 10 20 19 34 32 31 31 27 50 68 95 137 161 179 186 151 82 45 20 20 17 33 24 26 22 24 20 25 19 23 29 
22 27 31 34 37 39 24 8 8 22 26 34 30 25 32 9 31 22 17 29 36 43 35 6 37 34 33 19 14 26 33 32 16 15 17 15 29 29 25 27 28 64 97 128 163 177 172 150 110 44 26 22 22 11 26 18 20 23 17 12 22 17 19 25 
19 24 27 31 36 38 22 12 14 17 23 23 16 8 22 15 32 22 22 34 40 53 37 25 38 40 34 19 19 22 31 20 11 23 24 13 26 24 24 22 38 88 137 164 188 188 163 117 79 27 6 17 27 31 38 33 23 20 5 8 19 17 20 27 
19 22 26 27 25 19 10 15 15 19 13 11 10 17 23 26 34 22 32 38 48 55 36 23 32 33 26 13 12 22 31 31 10 19 29 26 43 32 31 46 73 129 185 197 189 169 121 59 38 16 15 15 20 30 36 36 31 29 8 9 17 13 14 12 
23 30 32 30 17 11 19 18 15 16 13 19 20 26 27 25 24 20 39 39 39 44 36 29 32 35 26 16 17 13 22 32 26 22 29 19 36 38 52 84 117 174 215 202 167 140 86 35 24 19 23 25 25 21 12 18 19 24 20 15 20 15 22 20 
32 36 36 29 21 27 28 28 22 22 29 29 24 27 26 15 17 29 50 51 44 45 45 39 33 35 22 17 13 9 18 33 37 31 30 19 30 38 74 116 163 208 220 183 139 112 76 58 48 47 38 37 37 43 32 20 13 17 15 10 13 9 19 19 
22 14 8 12 31 45 38 41 34 22 26 16 27 19 31 23 22 21 36 41 33 30 26 17 19 31 19 16 20 5 19 32 39 35 31 26 39 69 113 155 190 205 188 142 95 64 27 27 17 13 22 17 25 39 34 22 13 6 6 12 22 22 27 31 
44 35 30 31 34 47 41 46 47 36 28 22 34 12 10 14 27 31 34 36 24 16 10 8 16 31 22 20 31 16 26 26 40 40 38 53 85 124 163 195 201 184 147 98 41 20 29 38 29 20 12 19 22 45 39 29 23 7 10 17 24 17 23 34 
55 45 32 29 32 47 45 44 53 47 28 22 27 17 10 15 30 27 25 18 10 8 6 9 15 27 15 16 29 15 29 14 31 50 62 103 138 170 190 196 172 135 95 50 14 8 15 17 12 10 11 27 13 33 24 20 27 3 8 17 22 5 10 15 
50 47 36 38 36 40 41 41 54 52 37 26 26 29 41 43 42 33 28 17 11 16 23 27 24 31 17 22 36 38 45 43 58 95 103 142 174 182 178 163 126 78 46 22 6 8 19 22 12 12 18 42 22 24 19 26 38 18 11 12 24 12 17 13 
50 51 42 36 32 34 38 34 43 43 31 26 15 32 43 33 29 31 35 32 19 13 10 12 17 26 8 8 19 35 53 65 101 138 140 170 186 164 142 118 82 48 32 20 18 10 14 18 22 35 34 47 28 14 21 19 36 27 19 4 15 23 27 22 
42 40 34 27 24 22 24 24 33 29 23 15 15 39 56 36 22 14 22 27 12 5 10 20 26 29 22 18 17 52 81 107 147 175 171 185 177 138 111 83 50 36 31 27 11 7 26 28 32 36 23 40 33 34 40 14 20 19 23 12 13 22 29 27 
42 39 29 20 30 27 23 14 21 12 8 19 31 48 58 41 29 17 20 15 9 17 19 17 29 16 23 47 81 130 150 175 193 197 177 169 138 90 67 47 26 20 20 17 15 17 33 32 31 32 16 19 12 30 36 19 17 14 21 17 8 13 19 16 
28 24 23 13 15 21 14 10 24 9 15 32 42 54 52 43 26 16 16 2 7 23 21 24 27 29 78 115 155 186 191 202 204 180 146 121 79 34 35 32 14 17 28 25 27 32 43 44 42 37 22 4 12 31 34 14 15 15 24 23 6 15 18 24 
20 17 11 20 20 19 16 15 27 16 27 39 45 51 41 32 22 12 14 8 7 22 29 47 71 112 149 169 187 192 181 182 164 119 88 69 37 26 37 37 19 24 28 19 13 12 27 34 22 20 18 6 15 25 26 24 5 16 24 24 12 12 19 29 
11 11 14 29 27 23 25 30 39 27 25 41 45 48 31 29 21 13 17 20 24 49 94 126 151 176 193 196 198 187 163 144 107 58 33 32 29 38 46 46 22 17 27 27 36 24 36 36 12 9 30 29 22 7 21 34 27 21 17 22 16 11 9 12 
10 19 23 34 30 21 26 19 33 26 29 46 41 43 17 27 36 33 43 64 83 111 157 171 185 196 206 196 181 156 114 81 42 11 9 26 32 46 51 43 19 17 31 19 35 8 20 23 15 16 27 29 29 26 12 18 9 7 6 21 27 26 21 22 
26 29 37 40 43 29 25 13 29 34 34 26 22 38 40 69 90 99 120 133 143 156 178 175 182 181 170 142 114 79 38 18 19 28 29 31 35 48 51 44 25 20 30 15 34 10 17 22 16 14 19 11 8 14 6 18 12 12 12 12 15 13 23 32 
5 15 24 27 41 30 38 34 52 70 82 90 97 111 115 133 140 142 147 150 152 163 162 153 148 130 102 74 51 29 10 7 13 19 19 29 26 33 38 26 17 24 38 37 53 46 48 41 34 27 10 9 3 14 14 19 20 20 12 7 17 27 41 52 
101 105 111 114 117 109 109 108 117 135 143 152 167 176 170 173 161 152 144 149 154 163 138 114 97 62 36 30 13 7 20 7 6 12 26 36 27 32 28 17 12 24 34 26 40 32 26 22 27 34 22 12 16 19 20 23 27 21 11 9 24 36 53 63 
166 162 159 159 159 160 160 161 159 164 170 179 192 196 187 187 178 176 170 163 155 134 87 56 56 29 9 17 7 27 43 34 34 22 34 36 12 19 17 15 14 19 17 18 31 30 13 8 15 31 25 29 31 29 17 25 29 24 12 17 34 46 58 67 
173 168 166 161 154 147 146 150 157 171 184 201 209 207 190 185 168 155 133 111 85 58 19 5 40 15 14 22 9 43 43 31 27 21 45 36 10 14 7 19 15 20 27 36 43 43 27 20 19 22 19 19 28 27 24 37 27 22 8 17 35 43 55 57 
165 158 154 145 135 123 123 133 145 164 167 175 176 166 141 131 105 84 60 42 32 19 27 14 41 11 8 29 5 56 43 33 33 27 54 43 21 26 12 24 20 24 29 29 29 27 15 24 27 21 14 24 35 32 31 48 36 30 19 19 26 32 39 42 
155 146 137 129 125 119 123 125 121 114 101 89 90 72 59 53 49 53 39 37 37 31 35 34 50 25 19 27 16 73 50 45 38 33 58 40 18 28 16 27 28 30 26 16 6 19 6 26 34 16 21 31 43 37 26 45 27 19 14 8 15 23 32 32 
87 84 78 65 63 58 64 65 51 37 29 24 39 21 21 13 26 50 43 39 44 34 38 31 48 16 20 25 27 84 50 47 41 39 66 46 20 32 16 30 34 37 29 18 7 18 10 29 38 22 24 33 43 39 26 53 32 21 16 17 13 23 26 20 

46 42 30 19 18 38 46 39 32 27 15 12 24 31 52 39 39 29 16 11 31 43 41 43 29 32 15 13 26 31 22 27 27 26 57 32 50 38 39 31 41 46 40 26 16 15 12 14 34 57 32 50 26 13 23 31 27 50 123 173 173 165 150 65 
37 36 24 13 17 35 45 38 29 19 15 18 28 36 50 36 41 27 15 13 29 38 37 39 28 25 9 11 23 31 19 26 27 28 49 27 46 32 36 31 38 38 27 17 14 16 7 6 20 49 26 39 20 12 24 24 20 51 132 174 173 166 145 63 
35 33 24 11 17 31 41 39 30 20 24 21 20 14 32 17 24 17 23 29 38 41 40 36 27 22 17 12 19 29 19 32 36 36 44 22 31 24 32 29 33 29 19 7 5 12 6 8 19 43 12 29 19 23 23 17 20 63 144 176 168 154 131 60 
48 39 28 13 20 29 34 38 28 22 27 26 22 24 36 26 23 22 29 29 34 35 34 32 25 17 19 19 24 30 26 32 34 36 38 17 23 16 32 36 39 32 24 8 9 19 16 12 19 34 14 17 17 24 26 18 17 77 149 178 174 151 114 52 
22 26 20 14 22 27 34 36 21 11 10 26 32 39 46 33 27 19 19 17 22 22 20 26 30 26 21 13 11 19 18 26 31 31 32 18 24 16 30 33 35 26 29 13 6 13 6 10 16 31 20 5 20 31 33 27 23 83 149 180 181 148 112 65 
43 42 36 34 30 32 38 38 29 25 17 33 23 29 38 30 25 19 17 15 10 8 8 16 24 24 22 18 8 13 8 17 26 33 33 31 31 32 34 35 34 25 26 14 14 17 17 17 18 28 27 9 11 19 22 22 20 85 149 182 185 143 98 53 
15 22 20 19 22 30 37 29 15 17 19 44 23 28 36 26 29 22 17 12 10 12 13 19 13 17 21 20 19 20 19 21 25 26 28 27 29 28 24 20 24 17 20 12 6 12 10 12 13 19 19 12 5 17 34 32 31 80 144 184 187 139 95 55 
17 21 12 14 17 22 31 24 12 16 14 39 24 21 31 27 31 26 22 14 22 15 19 18 12 15 19 24 23 23 19 12 6 6 12 26 27 26 17 8 16 14 14 6 8 3 3 1 14 27 39 41 26 15 27 35 39 79 143 182 180 135 85 41 
22 19 18 8 14 17 26 29 19 28 27 34 32 12 17 23 25 26 22 16 26 15 26 21 16 14 13 26 24 28 24 16 17 13 15 19 24 25 17 11 17 17 15 7 6 10 8 11 8 15 26 36 41 31 34 32 34 76 151 183 170 135 85 34 
14 10 26 7 19 26 31 47 37 34 30 26 42 9 13 24 22 28 22 20 32 18 29 20 26 19 18 30 21 31 23 8 8 2 9 19 24 25 20 17 20 21 16 20 7 5 4 19 21 8 11 16 35 24 33 38 36 81 168 185 157 133 78 30 
23 19 46 32 37 34 37 49 38 37 39 24 42 9 13 19 20 29 19 18 32 15 29 16 30 24 21 34 23 39 27 24 22 21 16 20 24 23 26 17 15 20 21 31 13 17 15 20 23 9 10 12 36 21 25 34 34 95 184 192 161 140 76 45 
30 31 53 38 39 36 31 39 17 25 31 17 35 11 12 20 17 26 20 5 19 25 29 13 27 17 28 35 42 48 38 32 25 22 11 18 22 38 35 31 21 25 20 34 20 25 20 12 20 5 12 17 28 22 19 27 43 114 189 191 157 125 57 43 
18 14 38 26 25 17 18 45 31 27 24 20 36 20 13 24 23 27 19 21 26 43 36 29 36 24 28 27 36 41 27 19 23 29 18 13 15 29 24 20 13 19 17 24 12 22 20 16 11 13 29 28 27 24 20 18 50 132 194 192 161 119 48 54 
24 20 33 22 31 20 29 51 39 34 18 19 29 27 15 16 17 18 21 43 27 37 17 12 26 9 21 21 32 29 17 12 7 34 15 12 10 31 19 22 19 22 16 19 16 17 10 17 10 19 34 29 23 28 20 11 66 152 198 189 161 104 37 49 
36 32 23 13 35 34 41 53 41 32 15 20 29 38 26 17 22 19 30 52 26 19 15 10 22 15 22 26 32 22 18 15 17 34 20 17 18 23 15 15 10 19 15 12 15 18 27 39 32 32 32 12 12 18 10 10 72 171 199 186 166 97 19 45 
22 16 11 22 41 32 38 45 29 33 22 19 26 34 24 12 23 22 37 58 34 15 31 28 32 26 15 22 30 31 38 36 31 33 16 8 8 14 10 20 17 24 25 20 19 19 32 31 24 16 12 14 13 21 12 13 88 183 194 190 173 89 9 23 
14 16 29 34 39 30 30 39 25 24 10 11 27 30 20 19 27 34 43 50 38 17 23 16 21 26 8 26 38 50 53 50 45 32 22 8 19 24 27 29 22 15 16 17 21 12 31 22 19 19 16 28 24 31 20 19 112 193 197 194 170 78 14 16 
12 13 21 28 27 24 34 45 42 32 26 24 32 26 20 29 37 41 39 34 38 32 32 22 22 27 17 12 19 30 34 33 38 34 35 26 31 14 19 19 13 19 12 18 24 20 35 25 24 10 10 25 18 31 22 50 149 204 199 198 152 59 17 17 
18 18 13 20 20 41 37 42 29 10 15 15 27 27 27 20 18 19 25 22 32 27 25 20 22 28 17 15 20 23 20 15 11 13 18 21 31 14 16 19 13 23 6 17 31 28 43 29 22 6 11 32 19 27 27 75 170 201 189 183 126 40 24 16 
22 20 4 15 27 39 26 37 27 13 13 17 27 34 33 27 12 6 20 22 24 22 21 24 24 31 24 20 26 24 18 18 15 11 24 33 35 21 23 27 17 27 8 11 31 32 40 27 20 13 6 26 9 21 29 98 192 204 186 178 105 34 25 20 
30 31 19 12 19 32 17 31 34 33 26 24 25 32 36 32 20 12 28 26 16 13 19 25 18 24 23 26 27 26 26 28 26 15 24 29 22 3 7 18 13 29 15 11 27 27 34 22 17 16 13 22 8 16 41 121 200 206 183 152 81 28 21 19 
24 23 21 17 21 32 2 22 25 34 20 24 26 32 28 33 25 27 32 28 9 9 12 27 19 15 22 27 28 31 27 33 32 20 21 31 24 18 15 24 23 30 16 16 17 31 38 32 23 23 17 26 15 19 71 147 204 207 166 120 58 27 24 22 
19 14 25 20 21 22 24 28 31 37 24 17 22 20 26 45 34 36 32 27 18 22 17 28 22 13 22 24 17 19 18 32 38 36 26 24 15 7 5 17 17 23 23 26 15 31 39 39 31 27 27 29 22 41 107 164 193 201 149 81 43 26 22 22 
19 10 15 12 18 24 20 10 11 32 34 37 33 32 32 38 13 16 19 22 26 32 31 37 33 27 22 30 25 27 20 29 38 33 25 27 15 6 4 15 13 17 24 29 22 38 38 34 26 22 27 28 25 67 142 185 196 190 134 60 30 20 19 18 
19 10 8 12 20 20 19 10 8 19 17 22 23 26 27 30 6 6 12 19 22 21 15 26 30 34 21 30 22 24 19 26 38 36 29 27 15 19 17 21 17 18 27 27 13 33 24 26 26 26 31 20 43 103 180 204 195 171 105 41 22 17 19 19 
24 9 12 14 15 8 22 26 33 33 31 24 19 12 12 16 19 20 20 27 32 29 17 24 17 31 20 24 25 29 32 20 31 31 29 31 19 15 4 9 12 20 26 18 10 37 26 30 27 24 22 22 79 147 203 208 175 128 69 22 14 13 21 17 
38 29 20 16 21 13 6 6 6 12 11 10 13 5 13 22 32 34 27 32 34 34 19 20 7 22 17 14 10 15 26 22 28 33 35 41 36 39 32 38 27 23 17 10 22 38 36 31 27 17 15 45 115 179 208 195 146 86 36 10 12 10 11 6 
17 22 22 17 20 22 29 30 27 19 3 8 19 13 21 29 44 34 27 24 39 43 26 20 16 15 26 11 8 15 20 24 18 15 18 38 34 31 29 30 30 27 21 20 22 24 29 32 31 24 23 64 134 185 192 174 120 53 15 4 6 6 12 10 
17 26 22 20 15 15 17 13 22 32 28 37 41 39 41 40 49 40 26 23 31 43 35 32 36 8 18 11 19 36 39 43 37 32 17 29 38 39 34 26 12 12 20 27 30 30 32 32 32 27 42 95 154 187 182 156 93 34 11 8 9 3 5 7 
15 21 17 25 22 17 16 8 31 41 27 24 22 27 41 46 53 48 36 33 27 34 28 20 37 20 24 27 34 38 38 41 42 49 33 27 32 31 29 23 16 15 15 21 26 38 35 33 34 29 69 130 175 185 164 130 66 31 26 19 20 16 20 29 
31 26 20 22 15 16 19 22 41 52 46 26 15 20 43 51 62 59 48 44 29 22 22 20 34 23 15 22 24 35 20 13 12 34 19 13 22 22 22 16 10 11 13 26 26 42 37 38 39 50 104 159 188 182 143 104 53 24 17 13 13 17 24 29 
24 19 11 17 15 15 15 19 41 50 53 42 34 28 41 48 58 57 51 53 42 39 43 30 31 20 25 27 22 32 32 29 26 34 22 13 15 16 13 18 17 7 9 33 24 27 27 21 25 64 133 176 191 170 115 73 34 16 14 12 8 13 10 10 
19 13 8 9 17 24 17 19 19 34 42 28 31 27 39 36 46 46 41 37 36 28 33 19 15 11 34 31 24 26 19 17 8 19 16 15 20 6 11 26 28 26 20 41 28 16 17 21 44 105 166 193 192 158 94 55 29 11 10 19 22 23 20 18 
11 10 9 6 12 24 19 20 20 30 35 29 30 27 27 27 26 29 19 19 12 8 21 6 3 14 43 27 16 16 22 26 22 13 3 15 20 12 12 25 24 27 23 34 27 9 13 44 84 152 191 192 170 126 61 33 14 10 12 13 16 15 17 16 
13 6 8 12 17 24 23 22 18 26 32 38 43 40 31 24 10 13 12 13 13 16 14 10 10 19 40 24 37 45 50 47 41 33 27 29 35 27 20 28 19 24 26 31 32 29 32 64 118 187 204 174 140 94 42 20 17 14 13 8 12 11 12 19 
13 15 15 17 6 14 21 30 31 27 25 32 42 39 41 36 26 21 15 6 2 9 13 19 21 22 26 21 34 32 34 30 24 20 17 19 25 6 14 29 31 32 39 28 31 45 72 112 168 213 195 140 94 58 34 28 17 16 23 25 22 24 21 19 
12 13 12 17 10 19 27 41 48 39 23 20 32 43 54 52 43 28 14 4 9 12 29 29 36 26 17 19 17 16 24 24 25 23 17 25 26 5 17 29 25 27 33 22 41 83 119 154 191 196 150 95 52 32 34 22 16 19 36 28 10 10 21 26 
3 4 10 18 22 23 27 32 32 27 16 8 27 40 65 55 52 26 13 11 11 14 27 13 21 15 13 28 27 27 30 30 29 29 31 33 30 16 19 31 15 26 36 34 71 116 147 178 196 166 112 65 32 24 29 18 13 22 33 24 31 36 43 43 
20 19 19 19 22 24 22 19 19 18 13 14 17 29 48 24 34 22 13 9 3 15 39 22 30 26 29 41 39 35 38 34 26 20 17 16 19 10 10 23 12 29 45 61 106 145 168 186 181 126 78 48 26 24 29 18 14 11 29 32 42 43 45 44 
29 29 31 34 26 22 10 10 11 20 22 26 26 28 46 16 29 22 12 15 24 39 52 37 38 36 43 41 32 26 27 30 19 20 18 15 22 14 12 24 17 45 70 105 151 179 180 169 140 72 36 26 23 27 30 15 17 6 15 22 28 25 28 27 
24 25 31 31 26 13 4 17 20 23 35 41 43 37 40 10 35 31 13 12 7 31 39 14 32 35 41 39 31 24 26 27 19 19 19 8 20 12 7 9 29 64 106 147 181 189 172 137 97 39 29 26 23 25 29 19 17 10 3 11 22 24 22 29 
17 20 20 16 21 12 17 28 25 27 25 26 21 15 20 17 39 32 10 6 10 36 36 27 34 39 44 38 30 27 23 26 19 30 33 28 33 21 7 18 47 93 152 184 197 189 159 106 67 33 12 16 29 33 39 31 22 19 15 17 26 24 31 37 
25 26 23 17 16 8 27 31 29 27 26 17 14 22 21 26 37 27 15 22 25 32 21 13 22 31 34 29 25 18 24 35 24 26 33 36 50 37 28 55 89 143 201 208 190 163 118 52 26 12 10 20 29 39 48 43 35 36 25 26 31 29 32 32 
22 24 24 20 8 21 32 27 27 28 27 28 22 26 27 28 32 27 28 17 7 22 26 29 29 32 28 17 20 20 27 42 35 19 20 23 49 44 62 98 140 192 228 202 159 125 78 27 10 12 16 17 15 26 32 37 39 42 32 29 27 27 29 24 
22 27 27 20 22 38 35 34 33 36 43 43 34 31 33 28 32 33 34 34 24 38 43 42 28 28 10 6 15 12 24 37 38 21 24 24 43 54 93 136 178 215 218 168 120 93 62 52 44 42 41 39 32 38 39 41 43 43 38 27 25 17 20 12 
17 15 12 21 32 53 38 41 45 43 46 34 30 18 26 20 32 31 29 22 10 26 30 33 27 30 19 15 17 8 28 34 36 24 18 30 53 85 131 173 196 203 183 125 74 52 27 32 17 21 21 22 22 27 32 32 38 35 28 20 16 12 20 17 
37 32 30 28 32 48 33 42 53 56 52 36 32 13 8 11 23 30 26 20 9 22 28 32 28 32 22 20 29 15 26 18 31 35 31 55 90 140 184 205 196 180 140 82 31 17 22 37 26 24 8 18 26 34 38 24 25 22 21 15 27 18 27 34 
48 42 32 27 26 45 36 42 51 61 48 33 29 11 8 13 15 25 22 15 5 17 24 32 29 35 17 17 31 17 27 9 30 55 59 104 139 175 194 194 163 131 87 38 6 16 17 24 12 17 9 20 8 23 17 19 26 8 8 15 30 15 26 34 
41 39 35 29 27 41 35 41 48 55 45 33 22 20 31 38 35 36 27 23 19 26 32 40 39 39 29 30 39 36 42 41 58 103 108 147 176 181 174 154 114 65 34 17 13 15 19 22 17 6 20 37 19 14 6 32 32 11 6 16 34 20 29 31 
45 44 36 26 24 35 40 38 34 39 27 22 10 17 32 31 30 31 24 28 17 13 12 26 26 28 17 15 27 39 60 72 105 144 145 175 188 165 142 114 69 38 27 17 21 24 24 20 22 28 34 48 34 24 18 28 34 25 17 6 31 28 35 33 
37 39 29 25 27 26 27 27 23 23 13 8 19 26 46 39 37 31 18 22 13 10 12 22 28 24 26 15 24 70 99 126 162 187 177 182 171 127 96 67 42 34 36 27 24 24 32 32 27 27 30 42 36 34 30 31 33 26 20 7 31 31 37 34 
39 36 27 25 29 26 19 6 18 14 10 13 19 24 39 38 38 32 13 7 13 21 13 2 17 4 35 56 95 140 166 183 203 201 178 161 129 74 56 36 16 15 20 24 26 26 37 30 24 29 32 43 37 30 28 17 28 24 19 16 22 29 31 30 
24 25 19 13 16 13 13 8 26 19 19 22 24 34 39 38 31 25 8 4 13 26 15 19 31 58 103 132 166 190 194 201 204 177 146 117 75 26 33 30 15 19 25 32 32 37 46 43 29 32 36 43 47 39 33 16 24 20 20 19 15 27 30 31 
15 19 19 15 16 3 18 23 36 24 22 26 25 38 31 26 25 13 9 9 7 20 31 57 97 131 164 173 187 190 177 176 156 118 85 65 32 20 29 38 18 29 40 26 22 9 26 29 11 22 37 50 50 43 31 9 8 14 22 24 6 17 22 24 
18 21 11 12 5 19 35 29 48 32 27 32 22 38 20 26 32 17 21 25 38 62 104 134 161 176 191 185 187 177 151 135 97 52 28 19 17 29 28 41 19 28 38 21 32 24 31 30 13 19 43 55 53 39 32 29 21 17 16 23 12 6 10 15 
32 31 26 26 19 20 32 20 41 33 37 35 21 38 20 41 55 46 60 81 104 124 159 179 190 195 197 187 171 142 99 75 40 20 15 12 16 31 27 47 17 21 36 17 38 12 20 20 22 27 41 53 52 46 27 15 6 2 7 20 30 29 32 37 
35 33 27 32 36 31 39 6 38 41 38 41 39 67 67 97 114 119 132 144 149 157 176 185 186 185 169 143 107 78 34 27 26 39 26 23 20 27 26 39 19 19 34 12 39 15 14 11 20 25 36 41 42 34 22 9 3 6 13 14 19 16 16 22 
24 30 37 41 47 46 50 46 65 94 114 128 133 144 141 155 150 144 146 149 151 157 159 152 141 114 86 69 45 31 17 20 26 36 25 22 8 23 22 27 22 22 31 38 52 42 41 35 34 38 37 42 36 32 18 16 19 15 14 6 14 12 21 27 
117 121 125 125 127 119 112 114 125 143 159 173 178 186 176 175 159 150 148 154 159 154 130 105 85 49 28 30 20 12 32 24 19 26 14 29 15 19 14 13 22 27 34 36 43 32 25 22 35 43 40 36 39 32 20 19 17 19 15 10 17 20 29 29 
168 168 166 166 166 161 157 156 156 163 170 184 187 190 178 179 168 164 160 158 142 119 81 55 51 35 20 27 15 25 52 38 36 29 23 34 5 12 8 5 15 17 19 21 32 27 13 21 35 48 43 43 45 38 15 12 20 26 18 12 19 25 29 32 
174 175 169 164 158 151 146 149 154 166 180 196 199 192 176 159 138 120 107 89 68 45 22 8 33 17 9 26 16 45 55 29 32 20 39 39 12 23 10 6 5 10 20 31 37 34 26 32 39 38 31 34 39 38 23 26 22 28 22 24 28 27 29 27 
163 158 153 143 137 127 121 130 140 144 150 152 149 135 111 91 66 44 28 26 24 12 20 4 32 15 13 29 19 59 50 11 22 29 50 49 19 20 12 13 10 17 30 32 31 27 22 38 45 38 26 29 36 41 28 35 21 25 26 26 25 27 24 17 
135 128 126 117 118 110 104 107 92 77 67 58 53 41 41 41 39 39 20 25 22 26 32 27 39 24 11 29 29 74 50 29 34 41 62 52 18 24 12 8 10 22 26 19 14 16 10 40 47 32 26 29 40 47 29 42 22 9 19 16 8 16 20 9 
72 66 64 53 53 48 43 57 31 22 15 14 25 22 43 41 44 52 29 26 20 20 25 20 31 17 9 27 35 83 46 28 35 46 66 54 26 31 19 15 13 21 25 16 17 19 11 43 46 32 25 29 38 46 34 48 26 7 21 24 12 19 24 12 

43 42 32 23 32 25 24 29 48 43 26 24 29 30 41 28 22 19 23 22 50 58 48 44 39 50 32 13 24 23 19 39 32 24 42 24 55 36 39 22 22 18 6 12 30 39 33 32 45 66 58 60 36 16 17 28 25 54 130 170 170 159 128 45 
34 34 29 19 27 24 26 32 41 35 29 29 38 43 48 36 33 18 20 17 42 50 42 43 36 44 30 14 18 19 15 40 36 29 34 13 50 24 33 16 11 19 18 17 24 33 27 24 29 52 41 48 27 13 18 26 26 65 140 169 168 159 124 44 
31 31 26 19 15 19 27 35 38 27 31 27 26 22 26 24 31 27 31 31 34 35 29 24 23 29 26 20 21 26 19 40 43 45 39 27 43 29 23 10 5 21 22 14 22 22 17 15 19 39 29 31 22 8 19 29 29 75 152 173 166 154 114 39 
50 40 31 19 12 22 26 30 25 18 24 19 20 17 24 22 35 32 34 27 22 20 12 11 15 18 22 23 27 32 34 40 41 39 34 17 38 19 9 17 24 29 32 13 15 17 16 13 15 31 14 15 17 17 19 23 32 95 157 173 171 150 98 33 
21 18 14 6 15 22 31 34 26 13 10 31 31 34 31 24 28 22 24 18 8 11 14 17 20 22 24 17 19 25 21 29 35 36 31 23 29 19 12 10 13 20 34 15 9 10 10 8 13 28 21 11 24 31 30 26 33 102 160 173 175 150 94 43 
37 33 31 27 31 29 36 37 29 22 15 40 21 22 20 14 29 26 24 17 12 12 9 22 24 31 31 28 22 22 16 22 27 31 34 32 41 42 41 34 27 20 32 19 15 20 17 19 22 28 25 9 12 16 22 24 29 108 161 173 183 147 80 26 
10 13 21 27 34 36 40 38 27 28 34 55 35 18 13 13 31 25 17 12 11 11 10 16 27 36 41 33 26 26 12 19 16 22 24 26 37 37 39 21 10 6 24 20 12 12 12 4 10 16 21 17 6 21 25 19 26 105 161 180 186 145 75 29 
18 19 29 31 33 29 38 39 25 18 26 53 34 22 10 12 24 15 13 6 14 13 13 16 25 36 38 34 26 28 15 16 11 16 22 23 27 27 31 15 6 12 20 16 7 5 8 9 17 27 39 39 23 18 24 26 35 112 164 182 182 137 64 12 
35 31 41 35 33 19 26 34 17 20 17 48 46 21 7 7 17 13 5 5 22 13 22 11 29 31 32 31 18 31 13 13 6 15 17 19 27 24 29 22 24 27 27 10 5 10 15 19 17 22 29 43 41 38 33 30 28 111 174 184 170 131 60 8 
39 41 48 39 32 20 29 50 38 34 26 36 51 25 16 7 17 18 15 11 26 12 30 6 29 22 20 27 3 27 13 6 6 14 19 27 30 27 23 19 19 23 18 17 8 7 7 19 23 20 17 19 29 26 28 30 34 119 186 182 160 126 50 11 
45 44 58 43 40 23 27 50 38 39 35 30 48 26 19 19 19 26 17 6 20 13 29 7 24 13 17 22 17 38 24 20 16 22 26 32 34 26 20 15 12 22 15 32 11 13 16 20 27 18 19 21 29 28 30 39 53 135 197 188 157 119 43 24 
41 45 60 46 45 29 30 43 24 33 29 25 41 23 19 24 24 30 18 12 22 29 20 9 24 17 19 19 29 41 31 24 19 31 35 36 33 37 27 26 23 26 17 34 19 20 18 12 24 17 17 22 32 29 31 35 58 145 199 183 150 104 29 41 
29 29 48 35 38 26 22 43 25 28 22 25 36 23 13 28 27 29 19 27 28 41 29 30 36 27 27 19 27 34 20 21 20 40 39 33 31 34 16 21 13 17 13 29 9 18 20 16 24 21 27 32 36 38 32 32 77 161 197 180 143 86 33 52 
24 31 45 34 34 21 15 49 38 38 22 26 36 29 16 22 22 24 25 47 27 29 23 30 33 25 24 16 24 14 4 12 22 43 36 31 26 32 21 17 12 16 13 27 13 15 11 15 20 24 38 41 39 42 37 29 90 175 194 171 140 78 38 57 
27 31 27 18 36 31 37 54 38 36 22 24 34 32 22 15 17 14 24 53 33 26 34 31 29 14 20 13 17 8 16 27 31 39 34 20 14 23 19 18 15 21 18 24 16 17 26 36 32 34 37 27 25 32 24 15 100 187 192 172 144 66 34 48 
20 19 13 20 35 24 29 44 29 39 32 31 38 31 22 12 16 7 24 53 37 29 40 37 32 17 12 13 21 24 36 36 37 34 20 7 11 15 20 22 26 36 36 26 25 22 33 24 23 18 17 11 10 17 10 15 112 197 196 179 148 62 33 45 
12 17 27 32 34 16 19 39 31 38 34 28 34 20 15 20 26 20 18 39 46 37 41 32 26 18 5 19 32 45 49 52 45 38 21 8 21 16 32 27 31 34 35 34 34 29 35 27 17 13 7 13 11 22 12 41 140 204 194 178 139 45 17 28 
6 16 30 32 26 20 14 38 41 39 40 28 28 12 19 34 39 38 30 29 39 42 41 35 29 23 10 12 16 29 28 31 31 34 29 22 32 8 20 19 21 39 33 36 40 32 41 27 19 10 8 21 27 33 32 65 159 208 195 180 127 41 15 15 
19 21 15 17 8 31 26 29 28 27 32 22 14 12 19 24 24 29 29 20 26 26 31 32 27 24 12 13 21 22 16 19 10 9 14 18 32 15 18 20 23 34 31 29 37 29 39 27 20 17 7 23 22 35 38 88 177 204 187 167 102 25 15 13 
26 26 11 19 27 39 24 19 22 29 29 19 10 15 22 17 12 15 29 24 12 17 26 31 31 27 16 10 26 27 22 22 19 6 16 22 29 16 19 29 24 36 20 21 36 22 38 24 25 24 7 21 12 29 46 112 197 207 184 152 77 21 20 15 
31 30 19 18 29 39 22 19 27 32 22 9 4 19 23 20 13 11 31 32 3 8 17 26 28 28 21 19 29 26 27 27 34 19 17 26 31 23 22 30 22 27 13 11 33 22 30 24 22 23 19 26 17 32 63 135 206 207 170 124 56 19 18 14 
27 22 13 18 25 33 17 15 23 33 15 12 13 22 13 24 27 25 27 32 9 6 10 22 24 17 17 20 26 31 32 39 41 36 17 19 24 20 27 33 19 22 13 17 26 31 38 35 29 24 19 27 12 36 93 151 202 207 158 97 39 17 17 19 
27 24 27 27 25 24 17 18 24 36 15 9 14 13 20 44 41 39 32 31 13 12 13 22 25 10 13 14 15 20 31 36 43 46 34 23 16 13 13 24 10 13 19 27 19 29 42 43 42 31 30 31 22 63 124 166 197 196 134 64 29 13 10 13 
20 13 9 10 8 15 14 8 17 34 29 32 26 29 27 39 19 24 19 24 24 31 27 32 29 22 8 24 19 22 36 47 49 48 36 27 13 12 7 16 6 8 20 28 17 32 38 36 32 18 20 22 32 90 157 188 201 185 116 45 19 15 13 11 
15 8 8 7 13 16 15 10 11 16 11 17 15 22 26 33 10 13 8 17 21 22 13 19 17 19 13 24 17 13 30 46 53 50 38 24 13 22 15 19 12 13 23 28 7 25 24 24 27 22 21 12 58 130 190 203 192 156 94 33 15 14 12 9 
17 7 8 9 12 6 18 22 25 26 23 13 6 8 18 23 15 26 17 24 29 32 20 23 8 19 8 19 19 22 31 38 50 49 37 30 22 26 9 19 19 19 19 16 19 35 29 30 24 20 15 26 96 163 205 204 168 112 54 12 11 8 15 12 
32 24 16 10 17 8 4 9 10 12 5 3 12 12 22 26 32 37 24 22 31 32 21 17 12 17 15 15 14 17 26 27 39 35 33 39 36 42 41 38 26 21 15 13 21 33 32 31 27 17 8 53 133 189 206 190 138 69 26 5 10 5 13 10 
12 16 13 16 11 15 21 26 26 22 8 11 18 20 31 32 40 37 15 16 32 38 19 12 17 21 28 15 12 11 14 11 22 22 19 33 16 18 22 31 34 32 21 17 10 7 22 29 30 27 24 80 149 190 198 175 110 37 8 3 6 4 11 13 
22 26 17 23 11 22 22 22 22 31 29 34 43 40 44 41 44 34 8 9 17 32 29 26 24 14 26 15 10 24 33 34 26 20 3 26 19 23 20 20 20 24 23 20 20 13 15 21 24 19 51 123 173 197 186 144 74 15 8 6 5 6 6 8 
24 27 21 26 19 20 16 7 28 45 38 36 41 46 53 44 43 34 12 11 6 23 23 18 29 13 22 24 31 41 41 45 39 44 25 17 9 15 21 23 18 19 15 8 11 30 24 18 17 19 85 156 187 189 164 119 55 20 23 17 17 20 28 32 
36 39 26 26 17 15 17 16 38 52 42 36 46 48 57 52 45 38 23 27 15 10 26 27 33 18 22 25 26 28 11 13 20 43 29 18 14 16 16 15 14 15 11 20 13 33 33 34 36 59 125 185 202 183 137 86 36 13 8 7 9 19 26 28 
41 41 31 29 22 21 15 19 34 51 45 32 40 42 52 46 38 32 23 31 33 28 41 36 34 20 32 32 31 36 25 21 22 44 37 31 29 26 26 20 15 12 6 28 19 28 26 16 28 79 149 201 201 171 117 68 29 9 5 10 8 19 10 8 
34 36 29 30 27 22 15 17 26 39 36 13 24 28 40 36 22 25 19 19 25 17 34 23 19 16 34 29 24 32 24 18 11 33 29 24 22 17 22 25 31 27 17 33 31 28 26 29 62 126 182 208 191 148 90 51 25 10 6 10 20 25 13 10 
24 27 24 31 29 33 17 19 15 39 36 5 19 13 26 24 5 19 19 13 13 9 26 19 17 24 48 31 21 25 24 27 18 23 23 22 26 15 17 21 27 29 22 27 31 26 31 61 107 166 200 196 165 116 62 33 21 15 13 19 20 20 11 9 
17 15 12 21 23 32 19 12 20 40 46 33 34 17 10 24 19 27 21 17 17 21 20 20 15 29 46 25 32 48 46 43 32 28 21 26 31 19 20 22 27 21 20 19 30 38 50 85 140 199 203 172 135 88 46 34 26 24 19 15 15 12 4 8 
17 18 19 20 13 19 12 21 15 29 36 30 29 26 19 24 25 18 18 5 7 3 11 24 24 29 34 28 31 36 31 22 12 5 12 22 24 4 17 30 36 33 32 24 26 54 90 130 176 210 187 133 88 57 34 30 26 26 31 26 25 24 18 16 
5 3 10 18 12 11 15 30 34 28 20 13 19 33 44 42 40 21 12 8 6 13 22 29 41 36 28 19 6 10 13 6 10 14 20 28 24 11 22 35 41 31 33 8 33 97 138 166 199 194 138 79 43 33 34 24 21 28 38 26 14 10 22 26 
10 6 4 8 13 4 5 12 17 14 11 7 12 35 52 38 41 20 13 14 10 18 27 22 38 31 24 25 16 19 24 14 22 25 32 36 27 20 23 34 36 28 37 30 71 134 167 185 196 158 100 55 29 20 28 13 19 23 33 27 34 43 48 46 
6 5 6 9 16 12 11 5 16 17 5 9 12 32 43 13 29 24 18 9 14 27 43 22 30 22 27 34 22 24 30 21 15 16 19 24 17 12 18 30 31 29 47 60 111 168 183 184 177 122 68 43 23 22 20 12 21 12 22 37 46 51 51 50 
20 19 15 13 13 8 12 23 27 38 33 34 33 32 39 3 31 31 14 13 27 45 48 22 27 14 30 34 20 22 19 20 9 13 13 21 20 12 12 22 26 40 77 112 161 192 183 161 133 70 39 36 17 24 19 5 23 7 12 26 36 36 33 30 
20 20 25 28 21 12 22 32 25 32 33 40 39 34 26 8 38 34 17 15 20 36 39 14 27 14 28 35 24 25 20 22 15 19 13 19 17 8 11 10 29 62 114 158 190 196 172 127 93 42 30 42 20 23 19 12 20 8 13 17 26 28 22 20 
10 12 15 17 19 14 34 37 34 31 28 19 13 8 15 24 38 32 8 12 16 35 37 29 28 20 31 32 28 27 21 27 27 35 38 36 37 22 8 26 58 102 158 191 197 181 146 97 64 29 24 32 31 27 24 17 13 12 12 12 20 17 27 39 
16 14 13 13 10 19 41 39 38 38 28 19 8 14 19 17 27 26 15 21 16 18 14 19 24 26 34 34 29 28 17 36 34 22 27 33 47 39 34 69 104 150 202 215 186 154 108 52 26 15 18 31 39 45 39 34 21 16 7 14 24 22 32 38 
3 8 11 13 9 33 40 34 31 33 26 20 11 17 19 12 21 23 17 16 12 20 22 29 26 32 34 24 22 19 22 41 39 10 5 12 36 45 68 116 152 196 226 204 150 114 70 24 8 10 11 17 24 29 32 29 26 16 6 11 19 22 28 30 
14 17 22 22 27 48 41 26 31 31 37 33 22 27 26 20 22 26 20 22 22 26 27 26 14 19 17 13 17 13 18 36 39 12 13 22 37 60 106 154 192 217 211 162 107 77 51 40 35 34 30 23 25 21 24 34 26 19 17 19 19 20 22 24 
24 26 32 34 35 57 31 26 27 29 29 18 15 11 17 19 27 32 24 13 12 16 17 17 13 24 20 16 15 7 27 32 34 24 22 33 58 99 154 190 202 198 169 113 65 43 27 27 18 21 26 24 25 15 19 20 24 22 24 15 16 11 16 18 
39 34 39 32 31 52 22 21 24 36 38 11 15 9 6 12 19 22 13 13 10 13 13 16 11 19 14 15 26 8 24 23 39 45 39 67 102 154 195 206 190 162 123 71 28 12 15 30 18 18 15 28 32 31 24 8 17 24 23 20 24 24 34 46 
53 45 39 30 19 44 15 22 17 34 32 10 14 10 6 7 11 15 8 11 11 10 14 17 11 17 6 6 29 8 26 18 35 65 78 117 145 177 192 180 148 110 74 31 6 15 18 25 10 16 9 19 21 24 24 14 17 20 20 22 30 19 32 41 
47 45 36 27 17 34 13 22 20 32 24 4 1 10 19 19 24 29 25 26 22 30 29 36 33 32 29 31 45 39 46 46 65 109 124 156 176 180 167 135 96 52 28 18 13 6 11 19 17 9 20 20 17 24 20 31 21 8 14 22 38 21 24 26 
40 36 20 17 12 31 27 28 26 29 17 5 6 16 20 23 31 36 31 26 19 19 20 24 30 23 19 20 38 56 76 91 124 159 164 178 185 161 133 92 53 25 18 15 18 10 8 15 24 23 33 30 25 19 21 36 19 13 13 19 39 24 30 32 
26 22 6 20 19 21 20 20 21 22 9 11 21 24 34 32 44 48 45 32 24 17 21 27 28 17 25 20 44 87 121 148 185 201 188 182 161 119 83 45 31 34 37 32 24 12 16 28 34 29 39 37 26 15 22 36 22 21 11 12 40 32 34 36 
26 23 5 20 25 13 8 6 19 23 17 18 19 20 22 27 46 55 48 39 29 24 21 17 19 18 55 78 118 163 182 195 206 199 171 147 107 61 41 19 19 28 32 34 27 19 24 22 27 35 41 43 32 18 17 29 21 22 7 13 37 39 41 45 
16 20 16 12 12 5 11 17 28 22 15 17 12 24 25 29 43 50 43 31 24 22 11 22 46 87 130 158 190 210 201 202 197 170 135 104 61 19 29 27 27 36 35 34 36 34 42 35 34 36 40 41 38 23 29 30 35 25 20 22 27 36 37 42 
34 33 29 24 17 13 22 29 41 27 19 19 7 31 22 26 39 40 34 23 19 16 40 77 117 158 183 189 197 195 177 172 150 117 87 65 37 27 21 30 26 40 46 29 23 8 19 22 16 31 39 43 34 24 9 10 11 13 16 29 27 37 41 43 
26 22 20 17 8 21 31 33 45 34 30 25 12 32 18 26 43 39 36 43 57 76 115 147 168 182 189 186 181 166 138 119 84 49 34 22 23 32 16 41 32 39 47 18 27 13 27 27 24 29 43 45 38 24 15 19 20 19 20 32 32 38 37 35 
12 17 19 27 20 26 37 16 40 31 35 26 22 44 34 57 74 75 86 108 125 140 167 181 188 189 188 174 154 126 85 65 36 25 27 22 31 42 19 46 32 32 48 8 35 17 17 26 24 31 31 38 36 35 19 9 4 17 22 38 42 46 43 45 
10 13 12 27 30 36 45 5 31 42 56 59 71 90 100 126 145 147 157 159 160 163 175 180 182 172 149 124 91 64 27 27 27 34 31 20 21 36 19 45 30 22 37 6 39 19 16 17 22 26 25 24 29 31 19 12 10 22 29 36 36 35 30 29 
30 38 47 51 50 54 66 59 82 113 137 154 162 167 167 170 164 159 161 158 159 161 157 148 132 100 69 50 32 24 10 12 26 33 26 16 15 34 29 35 25 17 27 34 53 41 36 34 33 32 25 21 27 32 25 24 24 32 38 33 33 24 21 19 
130 133 137 137 135 128 127 121 132 151 165 180 187 190 178 175 164 158 156 164 164 153 124 95 74 37 15 26 20 6 24 24 27 32 17 20 7 21 10 17 24 28 35 38 46 37 27 30 38 34 23 24 29 34 24 21 23 29 38 34 29 25 22 17 
170 171 171 171 173 166 161 154 156 158 168 182 189 185 174 176 166 159 152 145 124 100 67 52 50 35 27 29 13 12 48 45 43 32 22 34 14 17 7 3 15 19 23 27 34 23 15 29 39 33 27 34 35 34 17 22 26 30 30 22 20 17 15 13 
172 172 171 165 168 161 159 163 163 170 180 190 189 178 156 141 116 100 83 67 47 30 15 15 31 19 8 19 6 35 55 38 36 23 31 41 24 26 17 12 15 19 26 30 32 26 24 36 43 26 17 22 26 34 20 29 24 26 32 40 34 31 23 19 
163 161 155 149 151 141 143 144 142 138 136 132 124 107 79 58 37 29 27 23 18 18 20 15 28 12 15 20 18 49 48 19 19 19 43 46 28 22 8 6 14 20 38 36 32 28 29 46 50 27 16 13 22 32 19 33 16 16 23 34 32 31 23 15 
119 119 117 118 122 116 107 100 76 53 42 33 24 20 27 24 20 15 13 20 21 24 30 32 37 21 19 29 26 64 47 34 23 29 46 44 30 26 19 6 10 24 35 25 17 27 33 55 55 32 22 16 24 35 12 31 5 10 20 22 22 22 19 8 
52 52 57 57 65 63 53 51 21 5 17 19 19 31 41 34 28 23 19 25 14 16 15 22 24 19 15 26 43 76 49 34 28 35 53 47 29 31 21 15 11 22 32 27 20 27 38 60 55 34 24 16 22 31 6 35 10 19 31 27 25 21 22 10 

26 23 13 22 50 25 21 34 59 51 25 17 27 32 39 20 19 24 40 22 44 45 22 10 31 50 47 32 34 22 30 42 23 14 22 15 44 21 34 12 20 12 20 21 35 36 19 15 22 36 20 21 14 36 26 27 29 81 154 182 179 161 107 30 
18 14 11 22 40 20 17 36 53 45 32 38 43 47 44 32 26 18 32 19 38 39 24 19 33 41 39 31 31 19 28 39 25 19 18 12 42 22 32 13 11 21 26 19 26 29 28 27 26 35 20 25 24 34 24 27 30 83 159 180 176 161 105 24 
12 6 13 22 33 17 15 33 45 38 30 31 31 24 23 21 32 24 36 26 29 25 8 19 26 32 35 30 28 19 24 37 32 34 31 34 48 34 27 20 16 24 24 10 17 24 32 26 29 43 28 27 18 16 22 32 30 93 164 175 165 151 93 21 
39 29 25 26 19 12 15 29 32 22 19 26 23 19 16 25 39 35 38 27 17 15 12 17 23 23 29 27 28 30 34 39 29 26 22 22 38 30 19 24 29 33 30 12 12 14 18 18 19 31 13 12 19 15 14 17 31 108 171 171 164 145 76 20 
29 22 19 22 12 10 18 32 30 17 6 32 30 32 31 31 44 38 38 29 19 16 12 17 17 12 15 15 17 17 20 22 23 26 23 23 29 29 22 17 23 27 38 18 7 3 10 12 20 27 21 14 22 26 23 20 31 114 167 166 167 141 72 25 
36 33 24 27 19 17 24 37 32 22 15 41 27 24 22 27 42 36 35 25 17 20 11 14 8 14 21 22 26 21 19 16 6 16 19 24 33 44 43 31 27 19 29 24 20 22 22 19 25 29 22 10 12 21 24 29 41 124 170 167 175 143 55 17 
41 36 31 29 22 29 37 48 43 34 38 55 29 10 6 25 40 30 26 19 16 19 8 6 19 28 30 29 27 24 4 8 10 20 12 11 17 29 38 21 6 8 26 25 15 10 9 3 17 22 20 24 20 27 20 7 32 122 171 172 179 138 56 12 
47 44 36 26 22 31 41 49 38 35 37 55 37 22 10 17 27 19 19 15 20 21 14 3 29 29 32 31 27 29 13 10 19 27 23 16 12 13 29 24 12 13 24 21 13 13 12 8 14 31 34 36 26 19 18 15 42 134 179 173 175 131 44 8 
48 41 35 22 23 17 26 38 24 31 38 47 44 23 19 12 17 15 15 16 24 25 23 6 29 25 27 26 22 29 18 19 27 31 27 14 6 11 20 27 25 31 31 15 5 8 12 17 6 16 25 34 37 28 24 20 39 134 181 173 166 123 40 13 
46 41 34 17 24 14 26 48 41 47 38 41 50 26 27 21 26 29 19 15 27 27 30 15 29 18 22 20 20 29 20 22 26 27 22 6 9 5 15 22 22 28 23 14 6 6 3 16 20 17 12 19 15 13 20 19 45 147 194 173 156 116 29 18 
36 29 34 18 32 15 19 39 32 38 30 24 43 21 19 24 22 30 19 10 22 31 31 21 22 8 19 22 31 34 29 24 28 32 24 8 13 6 17 26 22 27 21 26 12 12 15 18 26 18 12 17 15 8 12 24 61 156 200 177 153 107 25 16 
30 27 43 31 41 28 29 37 26 36 23 20 36 22 13 27 26 32 24 20 22 30 25 28 25 14 10 12 23 27 20 19 23 36 27 16 24 20 24 33 29 31 16 34 13 19 21 20 29 23 17 16 19 17 15 26 81 173 198 173 142 84 8 34 
19 13 36 30 34 38 31 39 31 22 19 22 29 19 13 32 26 32 29 34 22 28 22 22 17 16 14 14 23 22 13 6 23 43 32 19 20 15 10 26 17 18 15 31 15 26 29 27 31 17 19 11 6 13 19 32 98 178 191 168 129 59 20 38 
16 16 32 30 19 17 10 34 35 26 19 21 26 19 17 26 12 26 27 48 29 22 26 20 20 30 29 23 24 22 22 21 25 42 31 19 22 22 7 20 10 13 20 32 25 34 34 32 34 27 29 29 29 29 27 38 117 191 187 163 123 48 35 43 
20 20 22 24 32 39 38 49 42 24 17 18 29 24 27 34 24 19 20 47 36 18 22 7 16 20 24 13 16 18 24 27 31 32 25 14 19 22 15 13 7 9 15 33 27 33 40 41 39 27 26 11 13 17 26 38 127 194 184 167 126 46 42 42 
21 20 12 15 30 27 29 39 21 26 15 20 26 21 23 28 24 10 16 45 41 25 19 11 19 25 28 15 14 24 30 32 29 24 15 10 24 19 26 19 19 24 17 26 24 26 34 31 20 13 17 8 13 17 24 47 143 204 187 168 123 42 52 50 
27 26 26 27 28 17 17 24 19 18 20 17 24 6 15 32 33 23 10 29 39 32 17 13 17 23 27 24 27 36 43 47 41 31 24 17 27 17 31 21 21 21 8 18 17 20 32 20 15 4 11 9 11 21 24 59 153 204 187 166 109 26 39 43 
33 31 34 36 30 22 5 26 22 19 20 15 19 18 27 39 45 39 29 17 35 36 26 21 17 24 29 28 23 20 26 31 19 24 26 20 36 12 23 9 10 29 13 14 15 16 27 18 9 10 12 5 11 24 36 79 170 206 191 159 98 27 27 31 
45 39 28 20 9 24 18 20 17 7 20 16 8 19 23 25 32 31 33 26 25 19 14 20 17 29 30 27 27 30 33 41 22 6 14 23 39 22 24 12 16 27 10 9 18 12 28 13 13 23 15 6 8 27 50 104 179 203 185 142 70 8 13 11 
51 45 31 19 23 32 25 17 17 15 15 12 9 19 20 11 18 22 32 27 11 7 12 12 6 6 16 24 33 38 32 36 29 6 10 24 38 26 20 23 21 27 16 15 28 8 22 7 10 24 18 15 17 39 67 130 194 204 180 123 48 9 17 11 
48 44 32 24 30 33 25 25 22 26 12 8 12 26 23 11 12 8 30 31 13 10 12 7 12 12 13 20 27 29 28 29 36 24 14 24 36 34 34 38 32 24 17 10 29 23 20 8 9 23 24 27 22 48 94 151 197 199 164 98 29 8 10 12 
38 35 22 21 27 29 26 26 29 29 8 9 19 21 13 18 20 19 19 26 19 22 20 10 15 12 19 21 35 36 43 43 52 47 32 20 35 34 40 50 38 27 22 17 24 28 28 26 20 13 9 18 12 66 125 168 204 196 145 74 19 8 9 12 
29 32 29 34 32 20 13 19 23 31 6 13 20 28 27 40 42 36 27 24 24 24 23 17 17 15 16 26 26 30 37 38 46 56 50 32 31 35 39 44 41 30 31 29 19 31 38 46 40 33 25 26 32 94 152 181 194 187 126 52 14 6 6 6 
15 18 8 16 11 5 6 9 16 30 23 28 29 31 26 36 31 29 24 29 32 36 35 32 26 20 22 27 33 36 46 48 43 47 39 24 22 31 31 38 36 28 29 32 16 22 31 36 36 26 16 26 55 127 183 198 194 169 104 39 12 10 6 6 
11 13 5 14 15 18 15 13 13 13 6 17 25 25 23 30 15 21 15 15 21 29 28 35 30 31 24 33 29 28 36 53 48 45 34 15 22 29 26 31 27 27 32 34 12 19 17 21 29 23 13 13 78 158 208 206 187 145 83 29 17 10 7 3 
10 11 5 6 12 13 15 16 19 19 18 19 18 16 19 20 7 25 22 19 25 28 29 36 36 37 31 35 27 29 34 47 52 45 33 19 25 32 22 25 21 24 29 25 15 24 20 18 25 23 9 38 116 182 212 199 156 95 50 16 17 6 12 8 
26 18 8 11 8 13 10 13 12 12 12 13 20 11 17 14 14 34 26 14 23 24 26 32 37 38 34 32 24 19 25 38 41 34 25 29 41 46 42 37 24 16 19 11 6 19 20 20 21 15 19 74 148 198 216 190 124 62 26 12 14 4 8 10 
12 8 5 14 10 13 12 19 20 20 8 10 20 14 17 12 26 41 22 9 23 27 18 20 25 33 32 22 15 12 17 27 39 38 33 27 15 17 24 31 33 31 27 22 24 16 22 26 28 23 41 109 168 208 211 171 98 32 7 5 14 9 15 16 
19 20 17 19 22 24 25 21 20 29 20 20 31 24 29 17 29 41 19 4 15 24 26 17 17 24 30 24 9 14 21 22 13 15 12 24 20 17 15 16 13 26 29 31 34 33 29 26 25 20 76 152 190 206 192 138 64 12 11 11 10 15 16 18 
19 27 22 25 30 26 22 12 22 35 25 19 31 33 35 23 31 40 19 8 8 17 26 18 12 10 19 18 30 40 43 37 31 27 16 18 18 13 12 12 15 21 24 26 29 43 36 25 27 48 115 189 209 194 163 104 40 25 29 22 24 28 34 41 
35 39 29 23 17 15 17 17 31 43 34 23 32 31 40 29 29 39 25 21 10 12 35 38 36 22 21 26 27 23 19 32 36 45 39 36 31 21 12 12 17 29 32 30 29 39 35 35 49 91 158 220 216 185 133 72 24 8 13 11 14 26 32 34 
34 38 26 22 14 12 20 20 32 41 32 17 22 25 37 28 21 36 32 27 26 18 48 39 32 23 31 37 26 17 22 34 39 49 45 41 47 45 36 22 20 21 26 31 19 27 19 20 52 115 183 228 210 164 104 53 15 7 8 10 10 22 19 24 
23 29 25 22 17 11 10 15 20 38 31 12 19 20 36 27 10 32 37 29 26 10 44 39 16 17 36 39 27 19 20 36 45 52 45 38 34 34 35 23 30 31 28 29 24 17 6 43 93 156 201 222 189 127 71 32 15 4 6 5 13 24 16 19 
19 27 30 35 36 34 21 17 15 38 32 9 19 15 24 24 14 38 37 34 27 16 38 35 14 24 47 40 25 10 19 29 35 43 45 36 39 30 32 14 19 26 19 17 19 14 37 84 135 187 208 201 154 90 39 12 13 19 12 16 21 26 26 26 
10 6 13 19 27 34 17 8 18 41 41 25 19 4 14 24 20 29 34 33 35 28 31 32 12 26 44 31 29 31 29 31 30 32 32 34 34 25 30 11 16 16 13 13 20 39 69 109 163 207 202 171 126 69 29 19 17 24 17 13 18 19 20 24 
20 19 20 21 19 24 15 13 16 35 38 27 24 15 5 17 12 15 24 24 22 17 19 31 17 24 34 34 41 38 26 21 14 15 29 31 35 23 29 10 29 26 28 19 16 66 111 149 192 211 176 121 76 27 5 7 17 30 25 23 20 24 29 32 
8 8 15 18 13 15 17 29 36 20 21 10 9 26 34 32 36 16 7 12 9 14 14 31 35 22 17 13 22 34 25 22 22 20 32 38 34 22 29 17 35 29 27 12 39 116 157 185 208 186 124 67 33 23 25 21 22 31 33 29 10 14 24 32 
12 10 12 15 15 8 13 17 29 10 13 14 17 34 43 26 36 19 12 14 4 20 23 32 45 34 18 8 15 27 29 19 22 20 28 37 31 22 22 14 27 22 39 36 85 154 185 196 195 149 85 40 8 13 21 20 27 22 22 28 26 39 45 48 
11 10 11 13 19 17 15 12 24 27 16 13 15 32 39 20 38 36 20 9 11 27 34 31 47 37 31 22 10 24 27 16 15 13 19 29 23 19 14 6 20 24 53 66 119 182 190 175 165 110 54 36 18 25 19 19 27 9 15 42 44 52 48 53 
24 20 20 12 13 17 22 26 29 41 43 39 34 29 26 21 42 39 22 26 22 34 36 24 37 27 30 27 12 15 12 9 5 13 14 25 20 17 12 8 6 38 85 124 171 203 182 145 124 67 32 31 10 26 13 15 27 6 20 29 36 39 34 39 
32 34 34 35 31 26 29 26 14 20 28 33 32 24 18 27 45 38 26 29 21 33 36 27 37 23 26 25 15 11 6 15 18 22 24 25 20 16 16 16 31 71 131 171 201 200 161 115 86 41 34 45 14 25 12 13 27 12 26 27 30 29 19 20 
10 15 19 26 23 29 38 32 17 19 13 15 7 14 17 27 39 33 22 27 23 30 34 33 22 13 20 19 8 11 6 25 35 35 47 43 45 32 22 32 78 111 167 196 197 169 131 87 54 27 26 39 26 22 10 10 19 17 20 23 20 13 20 25 
15 14 5 5 10 24 37 29 21 22 16 14 6 17 19 22 28 29 21 26 20 25 27 32 26 25 25 20 11 12 5 32 40 15 22 29 43 46 46 83 128 159 206 211 178 135 93 38 14 15 22 38 39 38 27 21 8 6 6 20 21 26 27 31 
27 24 24 19 17 36 36 17 6 5 12 18 6 16 15 11 19 22 19 28 32 32 34 31 30 29 32 26 16 10 3 38 46 8 6 4 26 43 78 130 176 206 226 197 147 97 58 15 6 12 12 24 32 32 23 17 11 8 6 12 13 24 20 24 
35 37 33 26 24 40 26 6 9 22 35 32 26 24 19 13 15 23 13 24 32 25 21 13 17 10 12 9 6 9 11 35 42 13 10 19 39 69 126 173 206 215 195 147 95 57 38 32 26 26 15 11 19 13 12 19 11 6 17 19 24 31 28 27 
40 37 36 24 17 43 22 12 13 23 28 14 15 15 19 19 22 30 19 27 27 22 12 14 20 16 20 19 17 2 17 29 39 26 12 47 76 121 172 203 204 183 145 96 49 29 24 24 17 19 19 17 19 9 7 20 12 17 21 18 19 29 21 13 
41 31 29 12 10 46 22 24 19 27 31 6 13 19 20 19 17 22 7 12 19 13 10 11 14 12 10 12 24 5 18 17 34 45 50 91 123 167 196 199 172 140 95 50 18 18 21 20 12 15 17 27 31 22 20 13 12 13 13 13 24 39 50 48 
58 50 36 23 13 41 22 27 22 31 33 11 15 17 20 15 16 15 10 15 17 11 12 9 6 10 12 3 31 6 15 8 39 80 103 138 159 181 180 159 127 90 48 19 19 26 26 11 12 23 18 19 16 13 19 8 15 16 10 12 31 38 50 57 
53 46 37 29 19 32 15 27 20 31 20 6 7 13 12 12 14 12 19 22 24 27 26 24 16 24 36 37 46 50 50 56 83 140 157 180 191 182 156 116 76 30 12 27 26 22 26 12 22 22 29 5 15 11 16 24 9 18 11 15 36 32 43 45 
46 41 29 32 19 24 12 26 26 31 22 14 10 17 13 12 15 16 18 15 10 9 12 5 4 10 31 31 46 71 89 111 145 187 194 199 190 160 123 74 32 10 13 24 26 17 22 12 19 27 31 15 24 10 13 32 6 22 17 20 42 30 38 39 
31 27 19 32 26 28 19 21 21 31 25 21 27 27 26 24 24 22 24 19 21 9 16 11 12 17 39 38 61 106 138 171 201 216 207 185 152 115 71 24 17 24 36 36 29 17 19 24 29 26 32 13 31 10 8 35 5 31 14 11 43 21 15 19 
28 26 16 27 34 34 26 22 26 29 26 33 32 32 24 22 22 29 30 31 25 21 20 21 15 41 74 101 142 179 196 206 213 202 175 139 98 57 35 6 9 27 36 43 38 29 18 17 18 14 24 11 33 8 8 35 6 34 15 20 45 30 27 29 
20 22 19 20 15 18 17 22 36 32 20 29 27 30 27 22 27 31 34 30 24 18 17 32 67 116 151 177 207 208 202 197 191 161 132 94 57 19 21 13 18 34 36 40 38 37 35 24 16 15 19 12 25 20 22 36 27 36 22 23 36 26 22 24 
57 53 50 39 30 17 11 28 42 34 26 25 20 34 26 26 32 34 32 27 24 31 57 90 137 177 192 193 201 183 168 153 138 104 81 56 41 23 10 16 18 40 44 34 21 12 13 13 7 16 20 15 22 16 18 20 10 26 21 29 29 29 26 27 
51 50 46 42 33 29 36 23 45 41 38 31 19 35 26 31 43 48 56 66 80 101 131 154 178 190 188 180 176 150 119 100 71 38 22 10 25 33 18 26 23 37 43 20 13 6 14 14 9 16 15 19 26 22 20 29 23 31 10 24 20 24 20 20 
36 39 44 48 43 40 46 15 36 30 39 26 29 45 49 73 98 105 120 133 146 156 171 180 192 192 180 161 141 110 71 51 29 13 20 13 30 45 24 39 31 28 43 13 25 15 10 16 14 22 17 12 32 31 24 27 19 33 21 28 26 21 20 24 
22 32 33 39 39 39 53 12 29 43 61 79 98 114 128 155 172 176 179 171 164 163 166 171 176 166 137 110 78 53 22 24 23 23 26 10 27 44 15 43 37 31 39 13 32 20 15 13 12 22 18 12 33 29 17 15 10 29 22 21 24 15 18 28 
48 57 67 74 72 72 85 81 97 130 154 173 182 187 176 182 180 176 170 166 159 155 147 140 124 91 57 44 25 19 7 14 28 31 30 13 19 38 32 38 32 19 26 31 46 36 31 29 21 23 19 12 35 36 18 15 19 34 31 10 20 17 27 29 
155 156 157 158 156 148 140 139 142 157 165 180 184 183 167 174 170 166 164 166 156 136 111 89 72 39 20 20 13 9 20 20 35 37 31 23 15 23 7 16 24 23 26 34 41 27 22 29 26 17 19 17 34 31 8 12 12 25 34 10 22 20 24 26 
186 184 184 183 181 173 162 156 153 157 161 175 178 173 162 170 163 155 142 123 98 74 52 47 52 39 29 27 13 17 46 45 52 43 32 33 15 13 12 8 13 12 12 24 24 15 11 31 33 15 24 29 34 30 15 26 27 20 25 13 12 16 17 17 
180 182 183 180 178 173 173 169 166 171 177 180 171 157 137 118 102 83 67 48 27 17 13 27 42 29 16 12 15 35 53 43 42 32 30 30 18 16 20 17 17 11 20 29 26 17 17 34 34 7 15 22 24 31 26 39 31 31 43 46 41 32 22 20 
168 165 164 156 156 152 150 148 138 130 121 112 96 76 51 35 39 39 34 22 15 21 22 36 43 31 24 11 27 47 43 26 14 20 36 34 20 5 10 10 13 21 39 45 33 28 26 41 44 17 20 10 17 31 28 39 26 23 28 38 36 32 24 20 
105 101 104 102 107 98 89 79 57 35 34 25 13 12 19 8 20 20 25 15 15 24 24 45 46 41 27 24 38 55 34 27 16 32 47 33 22 19 20 17 16 22 40 46 39 43 43 53 50 27 31 15 19 29 20 31 12 17 19 22 30 22 27 25 
37 34 36 34 39 37 34 34 20 20 28 21 19 19 20 12 22 17 23 14 7 15 13 36 38 37 29 25 48 63 31 25 13 31 45 35 20 16 17 22 17 28 45 54 55 55 57 61 50 39 36 16 19 27 15 29 8 19 26 20 39 29 31 27 

41 31 22 17 50 33 7 27 60 50 34 36 46 51 45 31 23 22 46 22 36 44 20 16 36 46 50 29 24 24 47 44 24 19 20 19 39 32 45 26 31 13 21 24 39 37 6 6 14 27 15 27 46 49 38 30 38 96 166 173 175 151 85 23 
38 31 20 17 46 32 6 26 53 49 42 43 50 51 39 32 24 14 41 27 36 37 26 26 33 34 39 25 20 21 39 41 24 20 13 16 34 31 41 25 22 20 29 26 31 27 12 21 19 30 22 33 44 48 38 29 36 100 169 169 168 150 76 12 
32 22 11 12 32 26 13 20 38 34 31 35 32 29 18 24 21 12 36 28 27 22 20 23 26 21 27 22 21 17 32 35 24 30 29 31 38 31 30 25 19 20 19 7 16 19 19 21 20 30 26 24 29 37 39 41 41 109 173 162 157 142 70 21 
37 26 15 20 31 31 25 20 31 26 24 22 20 14 10 25 31 13 38 29 19 19 12 17 15 7 20 21 24 23 39 36 19 12 9 19 29 27 23 28 29 26 20 6 6 3 5 10 15 27 18 15 22 32 36 31 42 119 168 152 153 133 53 35 
41 38 26 37 35 28 19 17 26 19 14 30 26 27 30 38 37 18 34 31 15 14 10 12 7 11 21 24 29 15 27 17 18 20 17 20 19 21 18 19 28 31 26 12 2 3 6 10 19 27 24 17 13 27 31 31 45 128 166 150 156 128 49 39 
36 31 5 22 31 28 15 20 25 20 17 35 26 28 31 39 37 17 27 20 14 20 15 16 17 26 27 26 29 12 18 19 12 17 7 21 28 31 32 23 20 22 26 24 26 24 29 27 27 26 22 18 16 27 35 39 52 131 166 148 158 128 46 42 
44 37 4 14 31 31 29 42 46 39 37 40 20 5 16 35 32 13 22 13 14 24 21 19 31 25 9 8 28 22 12 11 14 20 12 13 20 25 29 15 9 19 28 22 18 12 14 12 6 17 23 29 21 23 19 18 46 138 173 157 164 126 38 33 
48 39 14 9 27 25 31 47 46 43 37 39 31 12 24 34 32 22 12 16 25 30 32 30 43 32 7 7 29 29 15 12 8 20 22 15 23 22 29 27 13 6 16 12 13 13 17 18 15 20 28 31 18 15 8 17 54 147 180 164 164 122 34 29 
45 37 14 12 30 19 17 40 32 45 31 32 41 18 28 34 32 35 24 26 32 38 39 36 49 33 12 8 25 32 18 10 6 17 22 18 21 26 34 34 24 25 27 13 12 15 17 19 13 15 24 31 28 27 17 21 58 156 186 170 159 107 24 15 
40 36 17 8 26 13 20 40 32 43 16 17 41 21 20 22 26 31 31 32 38 39 43 38 48 36 24 19 26 29 30 17 10 19 22 15 25 24 33 35 32 34 28 22 20 17 13 17 26 20 6 14 6 12 17 24 65 164 193 168 154 102 21 24 
25 23 21 8 28 11 12 29 21 28 5 14 41 25 16 10 15 25 29 34 34 36 36 36 37 28 24 25 27 29 26 10 15 27 25 19 26 29 36 36 34 36 27 29 21 16 14 17 26 21 11 22 12 15 10 26 82 179 199 174 151 88 12 18 
15 20 34 30 38 31 29 32 27 25 19 18 31 24 8 22 18 31 38 37 25 26 29 38 33 20 11 8 18 19 26 17 23 38 27 17 21 26 35 36 34 33 25 37 23 23 22 18 31 28 24 24 29 22 10 38 104 190 198 172 139 64 13 31 
25 24 39 36 34 36 33 34 31 17 19 22 23 25 19 27 9 23 29 41 24 13 23 26 18 15 10 13 22 29 30 22 22 36 28 8 10 10 20 26 22 21 19 39 28 31 29 26 33 27 24 19 20 12 14 47 125 194 186 163 120 41 30 39 
29 31 41 39 18 20 6 26 28 19 15 15 19 23 24 30 12 24 30 48 26 10 21 23 27 32 32 29 23 29 31 26 22 32 24 15 7 8 8 22 14 18 30 45 37 45 43 38 47 41 36 32 34 24 20 57 142 199 181 159 112 22 27 26 
35 39 36 36 24 31 31 34 29 13 7 15 19 26 29 36 25 21 15 38 30 12 20 15 21 20 19 19 20 27 20 16 20 20 20 12 10 13 12 14 13 17 31 45 39 44 47 43 44 36 26 16 16 17 26 69 156 203 184 166 107 28 35 27 
39 34 26 23 18 27 27 26 17 13 5 12 18 23 29 34 28 11 6 32 29 17 16 19 22 20 20 8 17 17 16 20 22 20 15 11 14 21 28 20 24 28 24 41 38 43 48 35 32 22 14 8 19 24 41 84 167 209 187 167 105 41 45 38 
43 39 34 32 26 22 18 15 6 19 9 10 14 20 22 31 29 22 13 18 32 27 18 27 20 15 17 19 27 25 31 43 34 35 24 11 24 18 31 17 17 21 13 29 29 33 36 23 21 7 9 9 13 25 42 88 170 206 187 156 86 26 45 44 
45 46 45 41 38 29 10 19 15 19 15 15 15 32 32 36 32 34 22 3 13 15 24 31 22 19 18 20 21 16 24 36 21 25 24 19 34 14 27 6 9 26 17 25 22 29 31 20 20 12 19 11 3 25 56 103 179 208 192 147 76 22 35 39 
50 38 26 18 15 19 18 20 17 15 15 17 10 29 26 21 26 31 37 28 25 23 17 23 26 29 27 16 15 24 36 50 29 15 16 21 45 28 30 10 11 24 7 13 10 21 26 20 17 17 21 10 8 32 78 126 184 204 190 126 53 11 13 12 
52 38 21 9 16 21 20 23 20 17 11 11 11 26 26 8 20 27 34 29 15 13 13 12 6 10 15 10 15 25 24 37 29 16 8 12 34 29 24 11 12 17 20 24 18 20 17 4 4 16 20 7 18 48 101 149 189 202 180 106 35 12 14 15 
52 43 25 17 25 26 20 24 26 24 17 13 12 24 22 8 15 20 30 24 6 13 20 11 13 17 19 11 6 12 16 27 36 26 19 8 22 13 20 17 16 15 20 16 19 20 19 14 6 13 21 23 27 67 123 165 199 197 166 85 25 15 17 19 
53 42 27 23 27 20 17 22 27 26 13 10 10 23 20 14 21 23 27 24 17 19 29 26 27 25 23 20 20 26 36 43 54 53 39 20 12 2 13 20 15 11 22 20 17 20 21 22 19 10 7 12 29 89 151 184 204 190 140 64 20 11 11 14 
49 49 46 45 40 27 13 19 25 26 12 13 14 26 29 31 29 29 21 15 6 12 18 19 17 14 17 17 8 13 24 35 48 64 62 46 31 18 18 18 13 13 26 31 22 30 32 38 32 26 19 24 50 117 171 192 196 174 115 49 20 12 11 13 
18 21 19 22 18 6 6 16 24 31 19 24 17 26 22 31 27 23 21 22 27 31 31 31 20 21 11 24 17 23 29 27 15 35 42 36 33 30 19 18 15 10 22 30 13 20 25 28 27 15 13 18 72 149 190 197 192 152 91 36 22 15 13 18 
3 12 6 13 8 15 13 17 20 18 12 9 6 18 17 25 20 14 13 8 15 12 27 31 29 31 17 33 19 19 31 39 34 29 32 17 29 34 19 24 19 13 20 33 20 22 21 24 28 20 6 23 100 171 202 197 175 124 73 32 22 20 20 19 
13 15 12 13 9 12 6 12 15 15 9 10 8 8 14 17 14 26 24 21 24 14 20 27 27 29 22 35 20 11 14 32 28 19 23 13 29 38 22 25 20 20 19 27 17 16 19 18 22 18 12 58 126 181 202 183 134 74 41 16 22 19 20 20 
24 22 15 13 6 11 2 12 15 14 6 7 13 5 9 14 20 34 27 12 19 13 14 22 25 27 14 31 24 20 19 26 27 11 13 25 41 50 42 36 29 22 21 21 12 5 12 22 25 14 36 100 157 198 205 166 100 45 23 12 19 19 20 22 
22 17 16 12 8 6 10 15 10 17 9 5 17 10 12 13 17 41 27 12 27 24 16 21 20 25 18 22 22 20 26 34 43 45 40 33 19 20 17 31 39 39 34 31 20 7 12 22 20 12 59 135 179 199 196 146 73 19 4 10 15 13 22 24 
9 13 12 17 16 22 26 22 14 23 16 12 19 16 15 10 24 46 24 15 25 31 32 23 15 22 23 26 20 22 28 26 23 22 24 31 22 14 7 21 27 33 34 26 24 27 25 13 7 19 98 176 193 192 172 108 34 8 17 16 18 19 20 25 
18 27 24 29 26 27 21 13 20 29 24 11 26 22 20 13 31 50 30 21 27 34 39 31 28 27 17 15 31 41 44 43 35 27 14 15 17 13 15 21 16 6 9 15 17 36 36 20 29 58 132 204 202 174 135 71 27 29 33 29 28 28 32 40 
33 41 32 27 25 16 12 8 20 31 31 26 28 24 25 16 27 46 31 19 25 32 48 51 43 37 27 30 32 28 31 40 43 44 39 32 30 19 12 20 22 21 22 22 13 28 29 25 52 100 168 222 209 159 104 45 6 15 24 21 21 22 24 28 
32 36 19 15 12 12 14 11 17 31 27 18 24 20 26 19 21 39 24 16 17 29 50 40 26 34 34 43 33 20 29 41 47 45 34 37 48 46 43 37 29 26 27 25 19 31 21 20 69 126 183 224 194 133 81 37 17 16 24 26 19 20 10 10 
21 29 19 13 15 8 12 12 15 29 29 22 19 18 22 19 20 41 27 9 5 14 52 44 12 24 34 45 32 20 33 45 51 45 31 11 15 25 38 39 38 38 38 38 31 22 5 54 111 164 198 213 165 92 43 16 19 19 22 22 21 20 12 6 
21 29 33 36 36 34 24 15 7 29 32 17 17 12 22 26 29 39 27 13 7 13 47 39 14 32 43 47 29 13 31 38 45 38 29 13 9 18 38 30 29 34 32 27 22 10 35 97 150 187 198 189 133 57 16 8 18 24 19 19 22 31 21 19 
8 8 16 24 26 31 14 6 18 38 39 23 5 11 22 27 18 29 26 19 22 22 45 38 8 33 42 36 18 14 17 29 32 23 21 12 8 17 39 27 19 26 20 23 19 32 75 128 177 206 192 162 109 48 27 24 29 29 14 10 22 17 9 14 
19 8 5 13 10 24 15 15 19 32 36 25 18 15 12 18 8 19 20 24 17 8 34 34 13 32 41 40 35 24 10 27 25 19 19 13 8 10 36 21 27 26 25 24 13 69 117 166 203 204 169 119 67 21 8 7 20 30 19 16 24 13 14 17 
15 5 5 12 8 26 26 31 34 24 26 21 12 17 27 26 32 10 6 20 13 16 26 33 16 20 25 34 36 33 26 31 29 27 30 27 19 13 36 16 24 20 20 17 52 123 168 197 209 181 122 66 31 31 25 27 24 29 23 32 26 15 12 19 
19 18 17 15 13 16 25 32 38 27 20 18 14 31 39 24 33 18 15 15 10 24 32 43 36 24 12 17 25 27 20 24 22 19 24 17 7 15 26 10 17 15 37 46 97 164 190 196 186 140 78 39 20 24 12 15 19 17 18 29 29 26 29 30 
12 12 18 19 20 20 27 29 37 39 27 20 20 26 29 27 41 36 20 12 12 33 36 44 43 26 13 15 13 22 18 19 15 22 25 28 20 25 19 6 10 20 55 76 129 189 186 168 150 101 47 36 29 32 12 8 15 9 24 41 48 57 55 56 
13 8 4 5 9 15 27 32 36 49 46 45 35 24 24 26 39 32 9 22 19 34 27 36 37 20 15 13 12 16 19 14 8 14 25 31 24 17 14 13 12 39 93 134 178 201 173 136 111 64 32 34 22 34 19 19 22 17 31 30 32 43 43 50 
32 30 29 29 26 25 34 34 22 30 29 29 25 17 20 28 35 24 7 23 15 25 24 24 32 20 20 20 11 13 11 4 15 24 31 35 32 25 17 9 44 78 140 189 206 192 154 107 74 43 31 41 22 33 21 23 27 26 32 23 19 24 29 39 
20 25 27 29 31 32 36 34 19 20 19 16 11 20 26 30 29 19 3 22 16 24 13 15 12 16 19 15 10 10 13 16 41 40 50 52 57 56 38 53 94 124 173 203 190 154 117 75 43 22 29 41 24 27 25 26 27 27 30 29 10 8 21 25 
13 19 19 25 25 30 31 30 22 24 19 21 13 24 25 22 19 17 14 19 15 23 22 20 20 14 15 18 8 13 19 26 41 12 19 29 47 58 66 101 143 168 203 209 170 120 85 40 11 14 24 35 35 31 30 27 21 17 22 31 23 24 22 20 
22 23 27 25 21 26 23 26 22 18 15 14 10 20 19 19 16 16 8 15 20 30 27 26 27 27 31 31 25 20 12 32 48 16 10 16 33 55 92 149 191 207 211 188 133 79 50 19 12 10 16 25 36 32 27 22 22 21 15 26 17 27 20 20 
19 24 24 17 10 27 27 30 29 29 32 31 18 15 8 8 17 21 6 15 10 20 14 20 19 17 17 16 15 13 4 31 45 12 8 33 55 93 146 190 213 201 175 134 81 43 34 17 26 15 8 14 30 25 22 27 16 22 15 26 28 39 38 39 
22 21 17 9 7 36 34 36 30 25 22 14 14 6 10 13 24 34 21 18 13 9 6 5 17 11 24 22 27 19 15 21 39 26 28 71 109 148 190 208 196 159 119 79 45 30 31 16 20 15 20 17 14 6 12 31 19 26 15 19 22 30 21 24 
28 19 12 10 17 46 36 38 31 27 26 2 15 10 15 12 17 27 11 12 13 12 12 11 14 4 12 19 28 26 23 17 41 52 72 117 154 180 192 185 154 112 69 42 30 29 36 12 9 13 26 34 25 17 17 22 12 17 12 15 18 34 33 34 
52 45 26 24 23 37 28 30 25 26 21 13 17 16 14 18 22 20 5 10 17 22 20 18 16 7 15 18 40 34 32 26 60 104 127 161 180 183 166 143 106 63 29 24 31 35 40 14 5 20 17 25 17 17 19 6 10 11 15 15 22 36 43 43 
52 46 34 39 29 38 20 29 16 24 17 8 16 21 15 19 17 5 10 20 25 29 26 25 15 24 40 53 66 69 74 77 114 159 182 200 198 176 142 98 55 15 15 29 31 31 42 24 12 20 19 15 17 8 17 13 10 14 17 22 32 40 44 46 
36 32 21 34 20 22 7 27 28 26 17 11 18 28 15 24 19 11 11 12 15 22 22 19 8 23 42 50 74 102 118 143 181 212 217 209 185 147 102 53 17 12 23 27 29 29 43 20 6 15 26 17 31 6 15 25 6 15 17 28 45 46 57 55 
36 29 15 28 24 30 22 29 32 30 15 16 22 34 28 30 20 19 15 13 16 16 12 8 8 36 53 55 86 124 156 188 218 223 211 180 137 93 50 20 14 17 28 26 31 27 34 28 18 13 25 15 35 13 12 32 3 26 16 20 43 27 27 27 
31 23 17 22 29 34 32 31 38 32 18 22 23 33 28 26 15 13 15 20 15 14 16 25 32 69 100 125 167 189 202 208 212 189 164 128 86 52 30 19 15 19 32 42 45 35 26 17 13 13 27 9 31 9 15 32 8 29 11 8 39 14 13 23 
25 24 27 27 27 29 21 28 38 37 19 19 10 21 12 15 12 15 20 24 6 16 35 55 92 147 175 191 215 215 201 196 182 147 118 82 53 32 27 21 10 21 26 37 41 38 33 24 20 15 20 10 29 12 16 29 23 36 26 21 40 16 13 18 
63 60 56 48 41 29 14 21 39 39 31 25 11 27 20 23 26 26 32 32 30 58 92 118 163 200 200 194 192 172 150 144 119 96 72 53 43 38 26 13 5 26 36 35 29 20 17 13 13 26 31 21 28 11 6 26 11 36 13 6 27 17 26 31 
46 43 40 41 32 33 29 18 35 38 45 32 17 27 18 29 45 60 81 93 110 130 154 167 197 204 188 177 159 125 97 74 46 28 19 19 29 36 30 16 13 23 39 34 27 22 15 15 8 20 22 13 29 17 12 31 26 44 18 13 19 26 34 33 
26 25 24 38 30 38 46 10 27 27 38 31 46 58 69 95 119 132 150 156 166 167 173 180 200 192 172 151 119 80 52 36 22 11 21 24 37 51 34 30 22 17 35 30 32 24 19 11 6 23 22 14 34 23 20 29 23 46 22 25 17 13 14 12 
25 23 13 31 23 32 48 12 22 44 69 94 123 141 155 180 197 201 196 182 173 163 161 164 173 156 124 96 57 35 19 17 20 15 34 29 36 52 36 34 31 18 36 30 38 32 28 11 3 21 23 15 33 18 7 19 16 39 23 20 22 17 17 17 
74 84 95 107 108 105 107 104 117 140 164 183 193 193 186 191 196 194 188 180 168 156 140 135 123 90 62 46 28 19 19 20 34 32 45 41 44 55 44 32 25 15 30 37 50 41 38 29 17 22 25 17 39 27 15 13 14 37 33 22 36 32 31 30 
175 172 173 176 175 164 159 150 159 161 169 180 182 170 166 173 176 173 170 164 147 123 93 81 68 46 36 38 22 13 19 29 42 47 50 47 40 40 28 10 14 19 28 32 38 25 27 32 20 16 23 21 38 24 11 10 13 22 32 23 39 32 36 39 
195 194 190 189 182 173 163 154 158 161 167 177 176 163 154 157 147 131 116 102 77 55 37 44 46 36 34 30 19 18 40 48 56 53 50 47 38 35 25 13 11 11 23 20 20 9 12 37 29 13 22 27 34 24 23 24 26 13 30 31 34 34 37 32 
187 196 198 194 188 185 180 171 172 175 180 176 158 137 114 95 72 51 36 36 24 20 8 31 35 22 20 22 26 33 47 44 47 45 39 38 31 24 22 15 10 11 17 20 15 9 18 38 36 22 21 27 32 34 35 34 32 32 43 53 46 38 32 21 
164 166 166 159 155 151 153 143 137 125 116 97 75 50 29 14 34 27 20 19 6 20 17 34 29 8 15 10 36 40 33 30 21 36 39 31 26 12 15 10 15 13 26 24 14 20 24 46 44 32 29 13 22 30 35 38 34 31 37 41 40 31 24 17 
83 86 85 85 81 76 67 55 39 27 32 20 28 20 21 13 28 27 17 19 17 19 13 38 29 13 13 15 43 52 32 37 31 45 52 37 31 20 22 13 10 7 16 24 24 32 36 47 42 41 43 17 17 24 22 28 19 20 27 19 41 26 22 20 
19 24 26 26 24 16 10 16 10 16 31 26 29 22 22 12 25 27 26 29 31 31 20 41 26 17 13 17 51 58 29 41 38 49 53 36 25 13 13 20 9 7 15 27 27 36 39 43 37 50 53 20 16 24 24 32 24 28 35 17 48 25 20 20 

45 39 35 32 37 24 12 39 64 42 20 22 21 24 11 24 17 20 45 27 32 35 22 21 46 57 67 65 64 48 50 33 12 13 12 15 20 21 36 30 44 32 20 24 39 34 20 19 18 22 3 8 24 24 20 13 33 111 170 164 168 137 62 25 
42 40 34 26 27 20 16 34 53 41 30 35 32 30 18 30 16 19 41 31 33 33 26 34 48 55 58 55 53 41 45 31 10 12 9 10 16 18 34 29 32 27 22 22 31 26 22 26 20 21 20 22 28 26 22 8 32 114 169 157 161 137 62 29 
39 36 29 20 24 26 26 24 38 30 21 27 17 12 20 32 19 15 42 35 27 24 26 33 41 41 45 40 36 26 35 27 17 27 29 29 18 10 22 19 22 19 12 8 20 20 25 23 14 26 22 20 17 14 12 20 43 120 168 154 157 130 57 38 
28 32 13 12 25 39 41 28 27 13 13 19 12 8 29 43 22 13 39 36 24 22 20 26 32 27 27 26 23 15 37 27 10 5 15 22 20 12 16 26 25 19 13 8 14 12 14 20 12 22 19 17 16 8 13 19 52 130 166 144 149 119 40 38 
41 46 26 23 31 36 37 17 19 10 17 26 22 29 39 46 30 17 37 34 17 14 13 17 13 15 17 26 28 21 33 13 14 14 17 24 17 13 10 15 27 27 15 8 10 8 10 15 10 24 24 20 10 13 21 29 64 133 160 141 148 112 27 11 
38 50 20 27 44 43 42 16 18 11 24 29 27 34 45 55 38 23 29 24 13 18 16 12 12 20 26 29 36 14 30 20 24 23 18 27 20 19 20 16 24 24 27 22 22 24 27 33 29 23 17 16 19 26 35 42 69 143 165 142 152 111 21 20 
35 48 12 17 39 38 34 27 33 34 35 32 20 6 27 45 31 19 21 25 24 21 15 11 23 23 20 14 27 16 26 34 36 36 20 18 11 13 17 16 19 29 31 26 22 16 5 5 6 2 15 19 15 22 29 38 72 151 178 159 162 114 32 26 
43 53 19 21 37 20 22 23 27 41 38 32 32 14 30 50 41 32 26 25 26 22 19 18 38 32 25 19 26 29 39 42 46 40 30 17 10 12 19 21 12 17 21 17 10 10 8 8 13 21 24 25 15 14 16 32 76 163 187 169 166 114 46 46 
43 48 29 29 39 25 19 29 30 48 40 36 45 24 26 37 46 49 46 32 23 15 9 15 36 34 27 17 22 35 42 50 47 38 24 11 9 12 17 24 8 16 26 5 12 15 13 8 13 22 20 29 23 15 21 31 79 170 194 178 164 107 39 29 
53 52 26 20 33 17 18 26 25 38 26 26 46 27 20 28 35 50 53 40 23 12 8 15 31 35 29 25 27 34 46 51 43 36 22 14 16 13 16 19 8 26 28 15 13 11 8 7 21 25 5 19 7 5 22 33 86 183 202 180 160 98 38 36 
53 51 31 18 27 18 9 19 17 22 15 22 42 34 22 19 31 41 53 37 22 8 6 19 19 25 28 24 32 37 47 44 38 29 17 9 21 26 27 28 26 31 22 26 22 12 10 10 17 22 13 23 14 19 15 43 107 192 202 178 153 81 32 31 
18 19 21 26 30 32 27 28 22 17 9 6 20 23 16 27 33 45 53 46 14 6 11 32 21 17 18 13 23 28 39 35 30 27 16 8 19 25 34 37 30 26 16 36 29 24 18 15 17 18 10 17 17 27 17 53 126 198 192 173 135 58 36 42 
5 2 23 34 20 31 22 22 23 12 11 7 10 19 27 31 22 31 42 43 13 5 12 24 6 6 17 18 24 31 39 36 27 27 22 10 9 7 16 27 19 13 15 41 23 23 18 9 15 21 16 11 13 22 19 71 145 196 183 162 113 33 43 49 
22 17 26 36 11 26 20 20 29 22 14 7 6 15 31 38 29 30 33 40 22 11 17 19 20 32 32 32 27 31 32 29 19 19 21 20 7 3 11 19 17 5 26 42 17 18 17 17 26 32 29 22 20 22 19 83 164 197 175 154 95 7 27 15 
19 15 24 38 20 39 31 27 26 8 2 1 2 6 24 34 30 30 30 29 18 13 12 14 20 21 24 32 34 32 27 16 6 11 23 27 19 15 12 12 13 7 22 39 13 6 12 16 17 20 15 2 15 19 32 97 175 199 171 154 88 29 33 18 
31 30 17 20 16 37 31 22 15 8 11 10 13 10 17 31 27 26 24 26 21 12 11 18 20 27 30 38 34 26 16 15 22 20 22 25 18 26 27 22 25 18 13 34 24 26 31 29 27 26 15 4 17 30 53 109 182 204 180 158 85 48 45 35 
39 35 27 31 28 33 19 8 6 15 19 24 19 20 15 31 31 32 31 24 30 20 15 26 26 36 39 39 37 23 20 31 32 34 31 26 26 23 33 19 19 17 15 35 20 19 20 26 24 20 8 14 13 26 57 112 179 199 177 142 64 38 46 48 
46 51 48 46 40 32 18 7 8 17 19 26 22 29 27 29 28 25 29 15 24 17 19 21 26 37 41 40 29 22 24 36 23 34 33 31 31 17 31 19 26 31 26 32 20 14 12 19 20 20 20 19 6 26 79 124 178 202 182 126 52 27 40 46 
23 17 20 22 24 26 23 15 7 14 20 25 17 27 22 19 17 22 27 20 27 24 15 15 29 39 43 32 24 27 34 50 28 31 38 41 46 29 34 27 23 27 17 22 14 11 14 19 20 17 23 23 13 42 104 140 176 198 179 106 36 13 17 24 
18 15 17 22 27 31 29 19 3 15 20 25 15 24 22 24 30 29 29 15 18 10 12 13 15 17 25 19 12 17 16 38 27 26 31 32 41 36 32 22 19 18 24 25 15 15 8 9 4 10 26 19 22 57 126 157 181 192 171 86 20 14 17 20 
18 21 23 23 31 32 25 12 8 25 24 20 12 22 22 19 30 31 31 17 18 6 12 13 17 21 21 13 2 5 4 26 32 20 17 13 20 22 22 13 9 11 15 20 15 12 14 15 13 11 19 19 34 84 150 180 189 182 144 57 14 16 15 17 
31 26 21 29 33 29 22 15 11 17 18 13 6 17 22 19 31 33 32 26 25 20 20 26 29 32 31 21 16 22 27 36 48 46 35 17 10 10 15 10 10 7 15 21 7 13 12 20 19 20 22 20 45 113 172 193 199 170 116 39 15 15 14 17 
52 53 52 50 46 31 20 15 11 13 11 17 17 28 32 22 33 27 29 25 29 22 10 12 15 25 23 23 8 11 15 29 46 58 55 43 27 11 17 19 22 22 26 32 19 25 22 26 21 22 23 27 71 138 183 196 187 143 86 23 11 8 11 11 
25 25 28 27 23 17 16 20 20 19 13 17 15 22 27 26 29 19 22 24 31 31 33 24 16 28 17 33 17 27 29 32 26 39 45 44 38 21 14 21 22 21 19 25 10 8 15 17 19 18 21 37 100 168 198 205 180 123 64 16 10 13 17 17 
11 7 12 19 7 23 18 19 26 19 19 13 13 11 18 19 15 6 13 17 21 20 32 27 25 29 13 43 24 24 33 47 45 34 34 22 27 26 15 19 21 17 19 29 15 15 15 14 20 17 18 49 119 182 207 194 154 97 50 14 15 9 11 11 
18 6 9 15 6 21 10 10 19 13 13 16 17 6 8 6 1 19 20 26 26 16 30 29 17 19 12 48 25 13 17 39 41 27 27 19 30 37 19 20 13 12 12 26 22 10 12 11 22 22 23 80 143 188 202 172 115 57 30 8 15 9 12 10 
19 12 13 13 4 19 7 19 24 20 13 6 13 7 3 7 10 26 28 11 23 12 25 37 31 31 13 41 30 18 25 37 41 29 25 27 36 45 37 27 15 16 24 30 23 11 6 14 22 15 52 124 174 197 207 156 79 30 21 4 16 9 12 13 
17 12 8 8 6 12 11 13 7 8 9 10 15 7 8 16 17 35 24 11 26 13 12 22 27 29 19 31 32 22 30 43 55 52 48 38 26 22 12 18 27 27 31 28 22 15 20 15 16 6 83 162 188 197 192 133 56 17 11 11 17 13 20 21 
17 14 6 13 12 17 21 19 15 17 15 12 19 18 15 15 21 43 29 10 22 11 14 4 13 25 29 32 27 22 29 26 26 26 31 32 27 17 15 22 32 36 38 27 20 24 27 20 9 28 111 185 192 183 159 90 19 7 17 19 23 24 24 27 
16 24 18 20 19 17 16 15 19 25 31 29 34 26 14 6 26 40 27 11 19 8 22 22 24 31 22 12 25 39 41 36 27 20 17 18 21 20 23 31 34 27 27 20 14 30 37 29 38 72 145 208 202 165 119 56 24 34 36 32 29 29 32 38 
34 38 39 39 29 22 15 10 10 20 26 34 37 23 16 8 29 36 26 10 12 13 34 38 31 31 17 20 29 19 14 21 33 41 36 38 34 24 19 28 25 13 9 8 8 22 25 34 64 119 179 225 203 143 86 32 6 10 17 14 19 21 27 32 
24 37 31 30 26 26 21 18 7 12 22 30 38 26 18 6 29 34 20 3 11 20 40 32 12 26 21 34 27 6 15 27 37 36 35 42 52 47 39 36 22 5 5 11 18 26 21 34 88 138 183 217 180 112 56 28 19 12 13 7 10 12 20 22 
27 34 37 37 38 34 31 22 12 17 25 29 26 21 13 14 25 37 26 10 10 19 48 40 9 26 24 44 34 19 24 27 43 31 20 18 28 34 46 45 30 25 26 27 23 19 20 68 130 171 195 205 149 69 24 4 20 10 11 11 6 15 15 18 
27 38 41 46 43 45 32 19 6 19 31 31 29 17 17 20 27 34 22 8 17 26 50 35 20 36 44 54 29 22 22 30 43 32 26 25 20 26 44 39 25 30 29 29 24 22 49 112 171 194 196 183 113 34 10 2 22 17 5 8 14 26 29 26 
20 24 22 24 24 27 16 14 17 21 32 27 20 24 21 19 5 26 30 30 34 34 45 29 24 42 40 37 10 19 23 36 41 32 34 27 22 20 41 31 15 26 29 36 30 47 84 145 196 206 185 152 86 38 30 24 26 27 13 8 22 24 13 17 
27 20 17 15 17 28 19 19 24 26 30 28 14 7 10 18 19 32 41 44 37 28 41 23 24 39 38 36 24 20 21 37 35 35 35 27 11 12 32 29 25 31 33 31 38 85 130 184 213 200 162 109 50 24 13 10 19 26 21 28 34 25 20 17 
18 10 11 15 14 23 13 19 25 15 27 31 19 15 15 27 36 31 36 45 38 38 36 26 17 32 31 33 37 33 33 43 33 22 26 17 10 15 27 15 12 17 26 34 74 138 178 213 213 175 116 58 26 36 28 27 21 26 21 35 38 32 23 24 
25 21 22 24 18 18 11 23 34 18 18 25 20 19 23 31 45 36 37 32 31 34 37 42 29 27 12 11 20 17 17 30 13 11 22 21 30 30 26 10 10 24 47 63 117 174 192 201 182 130 71 28 26 33 21 19 17 15 20 31 34 26 15 12 
18 20 19 24 18 8 17 23 38 34 27 27 27 22 16 32 45 43 30 27 27 43 44 46 33 30 13 12 13 15 5 24 7 18 34 41 51 51 31 21 21 32 64 93 143 186 184 166 135 88 43 23 24 29 15 19 12 9 19 39 45 55 55 47 
28 25 27 29 25 17 25 27 34 43 48 41 34 13 10 34 39 34 21 29 20 29 29 38 38 31 22 13 12 17 19 22 14 17 30 41 53 50 45 32 34 53 105 152 183 194 165 125 94 60 33 23 14 26 17 21 20 17 25 24 27 36 40 36 
42 44 46 47 44 36 33 28 20 25 26 25 18 10 18 29 31 24 11 27 19 22 12 31 34 30 26 16 15 17 22 17 32 37 41 50 54 59 45 38 61 96 155 199 201 175 138 97 61 41 34 32 7 19 12 19 23 17 26 16 15 19 20 26 
22 31 41 43 43 36 24 22 16 15 17 18 13 21 24 24 21 15 11 29 26 27 14 19 22 26 26 17 19 19 31 24 51 43 51 53 62 70 60 71 114 140 189 209 177 128 97 63 26 22 34 34 9 14 15 24 24 16 22 20 17 10 7 6 
13 23 31 35 34 24 18 22 21 13 14 12 13 25 20 19 13 13 15 24 30 41 34 30 15 13 15 16 17 26 34 31 51 27 22 30 42 58 70 113 155 175 200 197 146 96 71 38 11 13 32 34 25 14 13 13 13 16 20 32 20 19 10 8 
17 23 27 24 18 3 17 28 27 12 7 9 11 22 19 19 17 10 11 21 34 50 46 39 31 29 32 31 29 31 31 37 52 18 17 22 26 57 98 160 197 204 199 174 116 62 43 24 19 9 20 28 36 34 20 8 5 21 12 27 16 24 21 26 
8 17 20 19 17 21 34 39 41 29 28 27 15 17 9 15 19 19 16 23 31 43 43 41 33 31 31 23 22 25 23 29 45 17 11 38 64 106 160 205 220 196 163 119 69 28 32 22 27 15 8 17 30 31 26 20 9 30 22 29 31 41 48 52 
12 12 14 16 20 26 39 43 41 31 22 19 13 5 11 17 23 29 22 23 22 33 34 30 32 19 24 32 32 30 26 24 41 29 38 85 129 162 199 214 192 148 105 67 35 19 31 23 26 20 24 17 13 16 21 36 25 36 20 18 29 35 41 52 
26 20 8 19 21 32 34 43 39 36 24 17 17 6 14 13 19 21 15 19 15 17 13 13 20 15 19 26 29 29 29 20 46 70 89 137 169 187 186 174 138 90 46 18 11 14 34 21 13 13 33 37 27 17 16 24 12 24 10 5 13 14 20 25 
44 37 17 27 22 35 37 39 37 32 25 19 19 17 13 20 27 19 12 24 19 15 3 6 20 17 22 22 34 32 33 34 73 114 142 174 186 180 154 130 93 45 13 7 16 22 39 27 16 16 17 32 29 25 25 15 10 13 15 10 10 12 22 25 
42 40 32 46 41 47 45 41 31 31 15 13 11 17 19 26 26 15 19 24 19 20 17 15 19 32 47 55 69 78 84 98 138 180 197 204 191 161 122 82 43 11 19 13 9 9 45 31 17 17 8 20 26 19 25 12 13 17 20 14 16 19 25 27 
41 40 41 53 49 46 36 35 31 21 10 13 22 34 22 31 27 19 17 14 13 13 16 15 26 41 52 57 85 112 141 169 204 223 224 199 157 117 74 30 4 20 29 22 20 17 41 26 6 12 12 15 33 14 18 24 10 10 19 26 44 51 58 62 
44 34 29 35 34 29 26 33 36 25 16 25 32 41 38 34 27 22 19 8 7 16 18 21 30 52 65 71 101 128 164 196 220 213 197 147 91 57 24 22 21 19 23 6 19 16 36 29 19 19 26 14 34 12 14 29 8 24 19 19 43 34 39 41 
42 36 36 28 26 23 22 35 41 39 33 41 42 48 42 34 24 13 10 15 20 25 34 44 61 94 116 140 177 189 204 213 203 172 140 89 39 21 6 31 27 24 36 35 46 36 28 17 6 16 27 20 34 9 10 27 8 25 15 16 43 18 17 22 
26 27 29 24 24 16 10 19 38 45 41 50 41 34 23 17 10 12 23 27 17 35 58 78 120 161 182 198 217 208 202 191 168 130 102 58 31 7 5 29 20 22 25 32 45 35 28 22 15 9 12 13 22 11 15 24 15 32 26 27 46 20 9 18 
55 53 47 41 35 26 15 19 36 41 43 45 29 31 16 10 11 17 34 43 55 90 121 144 185 208 202 196 187 158 142 126 101 76 61 37 32 17 12 17 11 27 29 31 26 10 4 6 8 17 27 25 30 19 6 24 9 38 13 9 31 12 24 32 
50 51 45 48 38 31 29 13 32 36 41 43 29 29 25 32 55 77 104 120 136 156 173 187 211 218 198 178 151 111 79 54 32 19 19 22 34 27 27 6 13 19 24 31 19 10 8 6 6 13 20 14 25 17 8 24 13 43 10 10 22 28 41 46 
34 34 38 50 38 37 42 9 21 29 42 46 67 78 94 117 142 156 171 176 173 176 178 183 199 198 175 142 104 69 41 23 10 12 15 28 34 38 33 15 24 15 22 21 13 20 13 12 16 23 29 13 29 20 22 32 24 46 24 19 10 9 18 12 
51 55 55 63 48 48 56 32 45 62 88 112 147 159 175 194 209 210 212 195 175 166 156 154 161 149 114 77 45 26 8 5 19 17 27 31 39 46 37 23 29 14 17 17 23 27 25 19 21 31 36 15 31 18 12 24 16 39 20 16 20 16 17 14 
116 121 136 145 141 136 133 124 133 154 170 190 199 192 190 203 208 206 204 185 168 150 131 121 114 85 50 30 21 17 19 19 29 19 22 24 30 43 35 19 20 6 12 26 36 36 34 33 27 32 37 15 36 22 18 17 14 32 27 21 35 22 13 13 
193 191 185 182 178 173 168 165 166 171 173 184 180 171 166 182 178 174 163 152 126 100 74 69 67 45 27 20 15 12 22 34 47 45 38 31 19 31 25 2 10 15 12 22 22 22 15 31 24 21 28 19 35 21 14 14 20 14 26 10 29 14 26 34 
202 201 192 184 176 170 167 163 166 168 175 179 170 159 147 147 126 107 85 75 53 40 24 40 40 26 12 13 20 20 36 46 57 54 41 31 18 17 17 9 10 12 10 12 19 15 16 32 28 7 15 19 23 19 26 24 35 11 15 19 19 11 25 29 
186 193 196 192 187 180 178 170 166 165 171 163 140 114 96 73 54 32 10 26 20 26 14 38 37 22 12 10 31 32 45 46 48 48 42 34 25 8 15 9 10 13 11 9 9 11 17 32 29 19 20 27 29 29 32 29 30 31 34 38 30 19 23 16 
142 143 141 136 133 131 133 127 117 103 93 75 55 36 24 15 34 36 26 30 19 24 22 43 34 13 14 15 38 38 36 38 35 44 46 41 35 25 27 24 21 22 17 15 10 15 24 35 34 32 36 21 22 26 37 36 32 35 34 26 31 21 24 18 
50 51 50 45 50 50 53 43 31 15 17 10 26 17 19 17 26 30 28 29 29 33 28 49 32 15 12 15 45 47 36 41 29 39 48 43 39 21 22 19 12 15 14 17 18 29 31 35 31 43 51 25 20 16 20 23 14 30 38 20 45 20 20 22 
12 10 5 7 12 10 20 19 11 15 22 19 29 17 22 7 13 17 20 29 38 42 39 55 32 17 15 18 50 57 43 45 29 31 46 41 36 8 10 27 12 22 17 19 17 26 31 27 23 50 62 28 20 12 19 26 17 36 52 23 52 18 19 25 

55 51 47 39 19 12 24 48 61 34 24 20 18 25 8 29 12 14 29 41 44 45 50 50 54 47 36 22 17 14 30 19 13 15 16 22 17 13 20 5 20 36 32 26 30 17 13 22 17 14 8 15 36 38 42 34 48 133 187 177 177 140 68 48 
52 49 43 31 12 17 32 41 52 36 31 29 27 27 17 34 13 17 31 39 43 39 43 48 48 39 32 16 10 12 24 17 6 9 13 14 14 12 20 10 14 25 22 19 26 11 11 19 13 15 10 24 40 41 40 31 48 131 183 171 174 141 70 53 
50 52 42 32 18 31 41 37 38 22 19 19 16 15 32 41 20 21 36 46 41 38 45 46 43 34 28 15 9 5 25 20 17 23 26 24 9 5 17 16 11 7 6 2 19 12 8 12 2 15 17 25 34 36 30 22 51 134 178 163 165 131 67 59 
46 55 46 34 31 36 45 42 34 19 13 10 7 14 39 42 16 23 40 47 38 37 41 41 38 29 22 15 13 4 31 27 17 12 20 24 16 5 9 14 15 8 6 12 15 8 6 17 10 19 20 24 31 28 24 19 67 140 169 157 159 118 61 58 
52 63 44 26 13 18 37 29 30 20 13 15 19 29 50 50 27 24 39 42 26 27 31 28 24 19 22 19 24 17 35 19 13 12 12 22 10 11 8 8 17 13 12 13 15 6 9 15 10 19 19 23 28 22 19 27 77 146 170 154 157 107 45 40 
49 66 43 30 26 17 38 27 29 27 23 25 26 33 53 57 32 26 24 29 19 17 19 19 19 22 23 26 29 24 27 15 8 15 12 24 19 15 13 11 14 24 18 17 14 17 24 26 27 20 17 16 12 25 24 35 86 157 173 159 161 107 53 46 
44 62 37 29 32 8 28 18 21 22 22 12 18 10 36 48 26 16 10 27 26 25 18 13 23 19 19 12 15 11 20 9 1 7 7 19 11 12 16 14 12 19 20 11 16 23 26 19 10 3 11 20 12 18 26 36 91 168 186 174 171 112 62 59 
34 54 31 29 36 12 19 5 5 27 16 10 29 18 39 48 29 24 11 18 20 19 17 15 28 30 21 17 19 20 20 8 10 17 19 14 13 12 15 23 10 13 22 5 15 24 22 18 3 23 24 27 20 17 22 42 102 181 195 184 171 109 74 71 
32 49 32 37 46 27 28 26 23 38 22 17 40 17 33 43 32 36 27 5 15 13 7 8 26 31 27 24 22 14 6 9 12 5 6 10 13 17 19 26 17 15 26 11 18 25 21 13 16 34 32 35 26 20 27 43 102 183 198 188 167 100 60 60 
37 41 19 16 32 9 12 19 23 37 24 23 43 36 38 38 22 31 37 16 14 12 12 13 25 32 28 26 27 24 27 22 13 5 8 8 19 14 15 20 14 20 27 13 17 21 12 11 23 38 29 35 27 27 31 45 111 192 197 183 161 93 67 67 
64 58 39 21 20 6 4 17 22 31 31 34 38 42 34 36 26 30 41 26 13 8 10 10 17 31 31 20 22 19 26 22 23 20 9 6 21 22 27 32 31 27 20 26 27 23 23 16 25 35 31 32 28 31 30 60 123 192 193 181 147 74 60 65 
27 24 10 17 25 24 21 17 17 17 19 13 15 23 30 38 46 44 51 41 12 8 5 24 25 29 28 17 16 12 27 26 21 25 19 9 19 26 35 34 36 22 11 41 30 22 23 19 20 29 23 27 24 34 29 74 138 191 185 166 123 53 56 65 
20 17 13 24 17 23 14 8 12 14 10 6 4 18 31 32 26 27 36 38 8 10 12 26 24 20 26 12 6 8 31 27 19 22 21 18 13 14 25 26 28 13 26 45 31 27 33 25 20 26 29 19 14 29 22 91 153 183 168 152 100 33 54 59 
32 23 19 31 23 34 27 22 27 24 14 5 5 8 27 32 33 34 34 32 15 13 12 18 19 21 26 20 12 10 26 28 19 22 23 27 10 9 19 21 26 10 30 49 36 30 34 24 27 32 32 12 14 27 31 107 168 186 157 138 77 19 29 20 
22 10 8 32 26 40 30 22 19 12 9 12 17 15 13 19 23 38 35 26 13 3 9 12 10 6 12 20 14 8 24 25 15 12 22 34 24 19 25 19 24 14 33 48 36 35 30 24 11 22 27 6 15 20 40 122 177 179 156 139 64 30 22 8 
35 27 26 22 19 45 31 21 15 9 19 18 19 24 15 14 21 32 32 26 16 8 10 9 8 17 18 21 14 6 15 22 22 19 10 24 19 23 36 22 31 15 27 46 44 47 46 37 38 34 28 8 19 30 66 131 181 187 163 138 71 53 45 39 
39 32 24 24 22 33 20 13 4 17 17 18 23 31 30 28 33 36 41 32 27 21 17 17 12 19 19 27 21 13 16 27 28 25 13 13 12 17 35 24 20 6 20 43 41 34 31 24 24 22 16 17 20 32 79 133 178 187 166 124 51 46 48 50 
60 56 57 47 35 28 15 12 10 18 11 23 25 38 31 26 17 29 36 26 23 11 15 17 23 19 17 19 11 26 22 36 26 24 17 15 16 13 34 26 12 16 26 39 39 32 24 17 17 18 19 27 17 40 103 142 176 191 170 107 39 31 38 45 
20 16 18 22 19 13 16 19 8 13 6 17 19 29 17 7 17 31 34 20 24 19 14 15 28 29 16 6 17 29 26 35 22 28 31 32 31 24 31 31 8 15 26 36 40 31 30 24 18 11 19 32 26 51 121 152 169 183 169 90 27 19 20 24 
10 8 8 9 13 13 15 22 19 13 9 17 11 19 14 13 18 24 20 7 17 5 8 11 27 19 31 14 10 20 15 35 26 29 35 33 36 36 33 23 5 19 27 34 30 19 16 7 8 8 26 30 26 69 143 163 168 174 149 65 11 8 10 8 
8 12 19 10 17 20 22 20 22 19 20 24 12 17 15 14 21 20 17 9 20 15 8 3 19 31 36 24 12 7 7 22 20 20 21 8 14 22 16 6 15 20 24 26 22 11 16 12 21 18 27 27 40 91 161 187 177 159 121 41 29 27 29 26 
25 24 19 20 26 27 29 32 27 23 21 15 6 13 22 17 32 26 16 13 17 21 23 21 27 36 41 34 28 24 26 30 32 34 26 16 13 17 5 9 17 22 19 17 8 7 9 13 17 13 24 29 65 124 181 197 177 131 85 27 29 20 26 22 
51 51 50 45 38 36 38 40 31 20 15 17 24 28 32 24 30 22 12 14 20 27 32 19 15 24 22 34 19 11 13 27 35 51 45 38 26 17 9 17 26 25 26 30 24 21 21 15 12 8 20 39 91 149 188 199 166 103 53 17 21 20 17 18 
24 22 29 31 30 39 43 50 40 29 18 15 20 23 29 29 29 19 12 20 18 31 43 17 6 24 11 40 23 24 27 22 22 39 41 46 35 19 10 15 15 15 13 15 6 9 12 12 13 10 23 50 116 171 196 198 153 83 39 14 17 14 18 17 
24 12 8 18 10 34 34 35 32 24 19 12 20 5 15 17 15 11 19 19 27 31 46 31 24 26 14 50 26 26 32 36 39 34 32 24 23 15 13 19 19 16 24 26 19 9 9 6 13 14 26 68 137 184 199 185 131 67 34 17 15 13 17 18 
30 17 12 18 6 33 23 27 24 24 16 11 16 8 10 6 12 19 32 33 34 30 43 28 19 19 19 55 26 10 6 25 30 23 27 24 25 25 15 16 10 11 18 23 30 27 25 17 19 23 38 101 156 190 199 161 90 34 19 3 13 7 17 19 
22 13 7 14 8 22 17 27 31 30 17 12 11 9 14 11 3 22 34 26 24 24 39 44 37 31 23 47 27 4 5 22 31 22 26 30 36 31 20 12 11 14 30 36 40 31 38 29 28 17 74 152 184 201 199 138 61 27 21 3 10 12 18 26 
15 9 10 13 8 12 13 20 15 15 9 10 7 13 18 26 19 26 27 3 24 34 48 55 44 34 25 41 34 20 26 38 43 46 46 45 40 36 24 19 12 22 32 32 30 34 42 36 28 36 109 178 194 196 182 114 47 22 15 13 17 20 29 32 
27 19 12 9 8 12 17 21 15 19 13 5 13 19 20 19 22 34 32 8 26 35 49 47 45 36 31 34 26 19 17 13 12 16 28 37 41 37 29 29 29 33 36 29 29 34 48 41 36 57 136 196 198 182 145 76 24 19 22 22 22 25 31 34 
26 20 3 9 17 24 26 24 17 29 24 26 26 24 28 29 34 38 27 15 26 34 41 50 48 41 28 10 20 37 40 34 23 19 19 28 39 39 38 38 34 31 25 21 18 28 40 41 55 101 169 215 202 158 106 49 32 38 38 34 26 19 22 27 
28 24 24 29 34 38 36 29 19 20 9 17 18 25 29 36 48 43 38 25 34 31 45 49 43 36 17 15 26 29 22 21 29 29 38 36 51 43 37 38 33 25 13 4 13 22 27 42 89 149 201 228 200 132 71 24 22 23 28 25 20 15 13 20 
11 15 22 32 39 45 41 32 19 19 14 15 22 26 29 27 45 43 38 31 29 24 37 31 29 31 17 31 26 24 20 19 36 32 33 36 52 52 48 45 30 19 12 16 20 20 20 50 112 160 192 206 166 90 37 14 18 20 23 22 23 21 17 17 
15 22 37 43 51 49 45 34 24 23 17 12 15 20 23 22 36 41 34 23 23 24 47 36 23 30 29 47 31 32 27 28 46 25 17 26 42 52 60 53 39 29 21 25 19 6 26 88 157 188 195 193 133 45 8 6 15 13 20 20 25 23 19 15 
19 29 40 43 41 43 40 31 24 20 17 16 11 7 5 8 20 32 23 14 20 23 46 26 31 48 48 53 27 32 25 33 45 30 24 27 34 46 60 52 35 28 16 19 6 25 64 133 196 206 195 170 94 23 9 8 13 16 17 22 26 34 30 30 
15 23 29 25 26 32 35 31 31 26 19 26 15 21 17 18 15 36 35 34 35 30 48 22 36 47 41 43 17 30 30 40 45 34 37 36 39 43 55 48 31 32 23 22 17 62 101 165 220 213 176 135 69 37 27 27 29 31 32 29 32 27 14 11 
24 24 24 20 20 33 33 31 33 31 26 31 10 15 20 35 33 46 47 47 34 22 38 12 38 47 44 38 26 24 27 43 32 31 35 31 29 28 38 38 27 32 31 25 51 108 152 206 227 197 147 91 32 31 25 9 12 29 39 42 47 34 17 13 
16 14 17 19 20 33 26 23 27 27 25 37 19 20 27 43 42 38 40 43 36 30 33 19 27 40 43 45 46 35 35 46 30 22 19 3 8 10 22 16 3 20 38 49 102 162 199 226 218 170 104 41 10 31 24 22 17 24 29 38 44 34 20 22 
16 18 24 27 25 29 22 27 31 24 19 27 19 16 27 43 48 38 34 31 24 26 27 32 27 35 24 23 32 26 22 39 17 20 24 29 41 40 32 21 20 35 60 86 140 187 206 204 171 117 58 17 19 22 19 17 11 17 23 29 35 26 16 3 
12 13 15 22 22 22 22 29 34 34 24 26 26 19 24 39 39 36 28 29 29 34 36 34 21 26 19 21 32 29 26 36 18 22 27 39 55 47 34 19 22 34 74 111 156 194 187 159 124 83 36 10 16 23 17 21 7 6 12 24 31 45 46 45 
23 24 26 38 36 39 38 34 37 44 43 36 30 12 29 38 33 31 22 37 27 28 26 34 22 22 14 15 30 29 29 32 12 17 13 31 44 44 43 27 32 55 118 166 187 189 159 119 83 55 31 19 17 17 17 27 17 15 20 13 17 27 32 33 
31 38 39 46 45 44 33 26 20 29 27 24 15 25 36 31 20 22 28 43 31 32 31 42 37 34 23 12 29 19 27 17 27 32 27 32 32 46 39 34 65 104 171 203 191 161 126 81 48 39 33 31 23 22 19 34 32 29 34 34 31 24 25 24 
22 29 36 38 38 33 16 12 9 13 17 22 21 33 33 22 16 15 18 34 29 32 31 40 37 34 29 15 19 5 25 12 43 34 32 31 31 51 52 78 119 154 197 201 158 113 81 43 19 25 36 32 26 25 26 34 36 33 36 41 37 32 26 26 
28 31 34 32 29 20 12 10 20 13 12 15 18 30 26 20 11 12 11 24 30 28 26 31 22 16 18 15 17 6 24 15 39 10 9 19 8 33 65 121 163 183 198 185 128 81 61 37 15 10 32 32 29 27 25 26 33 36 38 43 38 31 26 25 
30 30 24 24 23 13 25 20 31 17 8 10 19 32 27 26 17 7 3 16 30 41 30 29 26 19 28 29 26 24 19 27 45 12 5 22 23 51 110 172 205 205 192 153 95 50 43 27 25 15 21 25 36 39 27 18 24 36 26 36 25 22 20 20 
24 22 26 32 35 32 40 37 40 34 30 23 19 24 24 27 24 9 3 8 17 38 34 36 29 27 30 24 15 15 10 29 41 17 13 46 76 120 173 216 220 195 155 105 57 27 34 26 26 20 8 20 32 35 31 28 21 40 24 30 25 29 41 38 
31 23 13 23 27 24 33 34 37 29 31 32 26 22 22 26 27 20 11 12 13 36 36 38 34 23 19 29 32 27 26 24 43 40 57 104 145 182 206 210 182 138 91 53 29 22 33 31 24 30 28 19 13 15 24 36 25 35 13 19 19 23 38 43 
36 26 11 28 26 27 32 33 30 16 12 24 27 19 22 24 31 22 12 17 6 30 24 29 24 22 16 23 22 25 24 38 66 95 121 162 189 195 176 159 120 69 33 10 12 14 34 26 13 26 39 39 29 19 7 26 8 23 7 5 14 10 27 26 
32 32 19 34 22 24 30 29 22 14 9 28 28 23 20 24 29 17 21 31 22 20 20 23 31 31 21 11 14 12 24 48 99 143 167 192 191 170 137 109 70 29 15 13 17 23 41 29 19 22 27 34 28 25 15 19 6 11 6 17 19 12 20 20 
29 30 30 41 32 36 41 36 23 12 10 19 23 28 26 31 32 23 29 39 29 19 16 17 27 43 41 52 64 78 90 117 163 195 208 204 176 142 100 62 28 13 20 10 4 15 43 29 18 20 13 19 27 19 12 5 11 13 12 12 7 5 15 19 
40 29 34 45 45 42 43 37 23 10 18 18 26 32 29 38 41 34 33 36 29 17 23 30 41 60 58 69 93 126 153 194 227 234 223 185 131 89 50 15 15 29 32 24 16 19 39 22 14 20 8 15 32 16 11 10 6 12 15 23 35 44 52 56 
45 31 18 19 20 22 29 34 27 26 24 27 26 33 34 40 43 40 40 32 20 20 29 34 53 74 72 83 111 132 162 199 217 199 170 117 56 27 11 22 17 13 21 8 18 21 37 29 26 23 25 28 37 21 14 17 12 13 9 10 34 29 41 48 
36 26 20 12 12 16 26 31 33 35 34 36 36 43 45 44 45 38 33 20 15 32 40 46 79 109 129 152 178 183 196 201 185 141 109 58 18 15 17 34 21 15 29 32 42 36 34 20 15 13 24 34 43 32 26 15 7 19 5 5 38 18 22 24 
20 16 13 16 22 14 17 17 20 31 32 41 34 29 28 32 34 38 32 24 24 58 78 94 135 168 183 196 208 201 195 176 143 105 74 37 34 21 21 29 10 10 20 30 42 34 31 22 22 14 19 34 47 43 34 21 11 26 24 31 45 24 20 25 
32 32 29 24 24 20 24 20 21 24 29 34 20 21 19 17 18 22 43 57 78 115 142 159 190 207 199 182 168 138 117 95 74 58 40 30 36 22 28 27 11 19 19 27 22 7 10 6 12 14 29 43 53 45 32 19 7 32 6 8 27 17 29 40 
36 39 37 38 31 19 26 19 21 26 30 29 23 34 39 55 81 103 131 148 157 179 187 190 209 213 189 156 125 86 57 31 20 13 8 21 30 27 37 20 21 17 19 32 17 11 9 5 9 11 29 39 46 39 25 19 7 37 8 6 24 29 45 55 
24 29 30 35 31 25 29 11 20 27 44 54 87 98 119 139 163 177 196 193 185 184 177 171 187 180 147 111 78 50 28 9 16 19 4 20 25 28 39 20 29 17 21 32 15 20 9 6 12 24 35 38 43 34 29 32 27 48 23 19 9 17 36 34 
54 60 64 69 65 60 61 53 64 80 105 129 160 166 186 201 212 219 217 197 180 166 145 138 144 123 76 45 22 17 3 6 23 28 23 30 28 40 42 24 32 19 22 26 22 34 20 13 21 31 49 42 43 27 17 16 15 33 15 19 17 17 26 26 
137 145 156 164 167 159 154 146 147 161 178 192 201 195 196 208 213 218 205 185 163 140 114 109 105 74 22 17 22 19 24 19 38 27 12 10 13 36 41 19 25 14 13 22 37 41 27 21 22 39 52 45 46 32 23 12 15 31 25 19 26 15 13 15 
197 190 189 182 176 175 176 168 173 175 179 185 187 175 172 182 171 164 144 128 101 75 53 62 62 41 17 26 27 22 28 34 53 53 41 30 9 31 31 11 9 13 17 24 34 32 19 15 20 33 43 42 43 31 27 12 16 11 21 12 25 17 30 40 
204 198 196 182 175 170 173 163 170 164 170 171 163 143 138 126 98 77 53 44 33 26 6 40 46 29 12 24 30 24 30 37 52 50 37 31 17 24 29 16 13 9 10 21 32 31 27 30 29 28 33 35 37 32 34 27 28 8 15 17 16 20 30 36 
183 189 192 185 183 173 170 153 147 138 140 133 111 92 77 60 33 21 13 36 34 27 7 40 35 15 11 24 34 30 32 32 38 41 34 35 31 20 22 6 9 6 13 21 29 24 24 22 24 26 34 32 37 33 38 31 24 24 24 32 27 27 39 36 
117 116 120 110 109 105 108 93 81 73 65 52 37 29 27 20 29 28 32 38 32 25 12 45 34 10 8 21 39 36 29 26 36 49 45 42 38 33 38 29 24 17 18 21 29 31 32 31 26 37 43 23 30 29 35 38 26 26 30 29 41 33 39 42 
20 19 23 22 19 27 28 24 17 32 32 31 19 14 27 29 31 31 32 38 32 24 26 52 34 19 10 18 40 43 26 28 36 45 50 45 38 20 25 20 5 11 17 25 34 39 38 32 21 44 60 32 22 13 20 24 10 25 42 29 55 37 43 48 
18 18 22 24 25 24 7 24 29 37 36 36 23 17 31 28 26 19 22 29 27 26 31 58 38 22 17 20 44 52 37 38 38 45 48 48 40 19 20 32 16 19 27 22 29 38 36 20 9 50 70 38 22 14 19 27 18 25 50 27 57 34 41 49 

41 39 31 25 16 16 19 40 46 29 36 32 32 34 26 33 22 19 14 26 34 38 41 47 50 43 31 19 10 15 24 19 20 24 29 26 19 22 9 11 8 32 26 22 19 7 8 15 19 25 25 31 33 24 26 46 83 159 200 185 173 129 66 53 
35 39 28 26 21 21 24 31 37 23 36 37 32 26 27 34 20 20 20 30 35 30 33 43 44 38 25 15 10 11 20 18 10 13 21 24 14 20 20 19 16 22 13 10 15 5 6 13 8 16 11 15 24 15 24 43 78 153 192 178 170 130 68 54 
29 36 36 32 30 31 33 24 21 13 26 22 15 7 34 42 23 24 24 32 32 27 31 34 37 31 23 11 2 1 13 14 10 18 22 20 10 15 20 22 21 17 15 10 23 8 6 17 9 17 4 8 20 8 17 36 83 151 182 171 162 114 64 60 
31 46 44 43 36 29 28 20 15 15 21 12 10 8 38 37 10 21 27 35 26 22 24 26 24 21 14 7 10 6 19 19 17 11 16 26 15 11 5 5 14 4 10 8 20 9 13 21 14 19 13 15 22 13 20 41 90 151 171 155 145 94 45 49 
34 49 42 31 26 10 25 19 13 17 20 13 22 34 55 55 43 39 36 38 17 12 13 15 17 16 17 14 13 12 22 23 20 14 9 20 14 17 10 8 15 11 12 15 25 13 12 16 16 21 19 20 21 19 24 48 101 155 160 148 140 74 17 13 
36 55 39 36 34 6 27 13 14 23 23 17 22 30 45 51 40 41 34 32 11 6 13 15 20 22 19 19 19 22 29 28 29 22 15 19 10 13 16 16 17 21 21 16 20 10 13 22 26 26 21 20 16 27 34 51 104 163 164 147 135 69 20 15 
29 53 34 32 36 9 20 5 8 20 20 16 24 19 31 38 29 37 31 36 32 24 24 22 29 33 32 27 19 19 22 23 20 17 12 14 12 15 20 23 4 15 20 15 19 18 15 24 16 12 12 10 15 23 31 55 113 171 175 160 145 78 46 46 
30 48 27 34 39 23 29 15 10 29 21 22 39 32 39 48 30 40 36 30 22 14 19 24 31 39 38 29 29 28 26 20 26 19 15 7 8 19 19 27 12 7 20 12 12 16 19 28 19 22 17 17 15 18 26 53 116 181 185 173 147 79 52 56 
27 43 27 32 41 27 26 22 19 30 20 19 39 19 29 33 23 39 32 15 12 7 15 20 31 43 41 40 39 34 27 27 19 11 5 4 13 22 22 28 18 10 26 10 15 22 17 31 21 32 26 20 12 3 27 56 124 187 190 181 149 63 27 24 
37 43 22 21 28 7 10 9 10 21 11 25 43 52 55 52 26 23 31 6 17 15 12 16 28 37 35 34 39 39 38 32 27 17 10 5 17 18 12 19 20 14 26 8 15 19 17 17 19 29 17 16 18 20 31 62 128 192 195 186 147 64 29 30 
57 52 35 24 22 3 2 5 7 12 21 27 33 42 43 38 28 24 31 17 15 12 12 19 22 32 32 28 27 29 38 39 37 28 17 6 19 24 19 27 36 26 17 19 29 29 30 12 12 22 15 22 19 15 34 76 139 189 187 176 136 53 34 32 
25 24 12 19 22 18 12 10 10 9 15 13 17 22 31 42 53 50 47 35 21 10 13 18 21 27 29 20 24 24 34 34 34 31 21 14 16 24 27 29 34 24 13 34 33 10 23 13 2 17 19 19 16 27 41 98 156 191 176 161 117 52 55 62 
15 13 19 26 26 20 12 11 13 22 14 11 12 16 27 32 39 35 39 31 18 17 20 27 26 24 24 17 15 17 37 34 26 27 27 22 14 17 19 17 19 14 22 39 32 6 27 17 7 17 23 14 13 26 45 117 171 183 159 144 91 45 56 62 
32 31 30 39 36 35 23 26 29 30 17 12 12 10 17 29 37 38 36 29 22 19 23 26 20 19 20 16 16 22 41 43 33 33 35 38 12 7 16 14 22 20 34 46 34 22 34 29 23 28 36 5 12 32 55 128 180 182 149 133 70 30 31 26 
23 17 24 38 35 41 24 24 21 17 13 15 16 21 17 15 22 32 34 30 28 27 29 26 23 17 14 12 9 14 32 35 26 26 29 39 27 24 26 24 30 33 37 42 34 27 30 26 7 18 34 11 17 20 57 138 185 176 148 126 54 29 20 20 
32 32 32 32 30 42 20 20 12 13 27 20 13 8 10 5 21 28 29 28 34 30 33 25 24 24 15 15 13 17 26 32 39 28 16 27 22 20 27 29 32 34 37 42 46 46 49 43 38 39 39 19 17 19 80 150 188 181 152 121 53 46 45 50 
36 26 22 20 20 36 12 20 8 21 24 15 6 16 25 29 34 31 25 32 38 38 32 24 31 29 6 13 9 22 14 21 26 21 9 12 13 15 27 31 27 34 32 44 41 41 38 35 22 26 24 20 22 32 102 156 182 180 159 114 45 39 44 57 
62 61 52 44 32 26 10 21 7 21 19 19 27 35 34 25 17 18 35 30 30 24 22 20 30 31 8 8 10 29 19 21 23 19 13 13 12 13 22 30 20 33 36 43 46 38 38 31 23 18 7 25 29 53 128 168 183 185 163 99 38 31 39 46 
17 13 16 21 22 14 12 22 16 20 24 26 24 27 15 10 20 32 37 17 20 15 12 14 31 27 15 13 19 34 18 17 13 16 22 25 24 24 26 38 19 32 34 41 48 40 39 37 25 20 15 37 39 71 148 178 176 176 155 78 24 22 26 24 
13 13 10 12 15 9 11 17 27 27 28 26 13 19 9 13 15 24 22 13 20 10 9 11 23 19 21 12 12 27 17 20 15 26 33 34 32 35 25 25 13 26 19 22 24 14 24 19 20 22 31 41 49 93 169 192 175 163 132 52 6 10 17 8 
9 15 19 13 17 12 8 21 34 39 31 28 11 13 10 16 20 20 22 19 32 29 24 16 8 16 26 24 20 22 14 11 13 20 24 20 13 20 10 15 22 25 13 14 17 11 12 13 26 32 36 49 68 118 185 205 179 147 104 35 25 29 37 34 
22 21 13 14 14 9 17 34 43 41 33 19 12 11 20 19 29 27 21 20 26 23 26 24 21 32 30 33 29 26 22 15 14 23 26 19 11 17 13 18 22 18 6 12 19 22 12 15 17 20 37 50 90 146 197 210 171 116 67 24 25 19 20 24 
46 50 45 41 31 26 30 36 40 37 27 22 27 22 26 17 27 20 13 15 17 23 35 29 25 31 26 36 25 22 23 15 19 31 28 26 19 20 19 20 26 24 25 24 26 29 20 19 7 12 33 58 114 164 197 199 147 86 49 29 29 21 22 15 
19 22 30 31 34 43 38 42 38 36 31 25 24 17 24 21 22 12 10 11 13 21 39 26 18 29 23 45 26 32 34 26 13 24 31 37 31 19 13 16 17 15 10 9 20 24 27 22 12 6 32 68 135 178 196 190 131 65 31 22 20 20 13 8 
21 15 6 15 17 41 34 27 26 26 24 19 25 14 17 13 18 12 3 12 19 36 54 37 27 32 21 51 25 24 31 34 31 24 20 18 13 4 12 18 14 15 22 14 5 7 12 13 10 12 41 93 154 182 191 170 105 52 28 20 19 13 13 19 
21 14 5 20 7 41 28 24 27 25 24 19 19 20 27 24 22 16 25 32 38 40 50 26 13 13 21 55 26 16 14 21 26 18 20 14 10 13 9 14 12 12 22 21 32 32 26 16 18 20 59 127 170 192 189 140 69 31 15 9 13 8 10 15 
30 22 15 23 19 32 27 27 30 25 18 14 16 20 21 19 15 13 36 34 32 29 32 10 15 18 26 51 28 13 13 19 22 17 19 23 17 17 5 13 12 16 35 36 35 28 29 27 22 29 100 173 199 201 185 118 45 20 17 7 23 13 17 26 
30 26 26 26 20 26 22 17 17 8 5 12 16 20 26 29 20 19 31 8 11 20 26 27 26 19 35 45 33 19 22 26 30 32 31 30 27 30 20 20 12 22 34 23 23 11 27 26 28 59 137 199 205 196 163 94 38 23 10 11 30 27 40 39 
27 25 24 20 19 12 7 12 18 20 15 10 15 22 21 19 16 17 31 10 12 15 22 29 24 24 36 29 21 7 14 11 6 7 16 21 19 19 15 31 27 32 34 21 15 8 26 25 34 84 159 202 199 172 124 65 13 6 11 19 35 35 36 38 
32 27 22 16 12 10 6 10 12 22 24 27 29 27 24 28 29 23 27 9 15 12 24 38 37 30 29 11 15 26 31 27 24 15 18 4 13 15 24 36 32 38 31 22 15 10 24 32 70 127 189 218 198 149 84 36 26 34 36 29 29 32 31 30 
31 19 16 11 10 13 17 20 15 19 10 19 29 34 34 38 30 12 19 6 22 20 34 40 36 20 20 8 13 20 13 11 24 27 29 25 22 27 32 36 26 26 15 8 16 19 5 43 110 170 212 216 181 113 46 19 15 17 24 14 15 25 23 22 
21 12 10 11 23 26 20 20 12 5 10 23 35 40 38 32 35 14 19 9 27 24 34 27 26 17 2 30 26 29 19 12 34 31 36 31 23 26 40 41 29 26 15 23 22 22 19 65 135 172 187 185 139 65 13 4 9 15 15 14 13 19 21 15 
20 19 26 22 29 24 26 21 13 17 21 25 31 34 35 32 26 17 20 8 25 22 34 24 20 22 26 43 30 38 26 20 41 24 27 25 26 36 53 49 41 38 25 26 12 18 44 104 171 189 182 163 102 30 11 15 15 9 10 15 21 16 15 12 
24 22 20 12 14 14 26 20 14 13 13 24 28 31 28 22 18 25 18 12 17 17 41 23 36 37 36 45 25 43 24 27 43 27 32 27 17 31 50 43 35 37 24 19 15 49 83 150 211 202 170 143 76 22 22 15 9 7 9 17 20 30 28 29 
19 11 3 7 12 22 38 27 20 14 14 26 12 11 12 17 21 40 43 39 36 31 50 22 41 36 28 36 19 40 35 38 34 26 29 28 27 22 42 38 29 39 29 19 25 78 118 182 221 193 144 107 48 41 33 31 29 28 30 27 32 32 33 31 
29 22 10 5 11 25 32 26 22 18 16 29 7 8 3 26 28 46 55 50 38 31 42 17 45 47 39 32 8 26 33 41 22 19 31 34 32 22 24 27 27 38 34 13 67 130 162 205 216 166 106 64 22 38 27 15 12 19 31 32 45 43 38 36 
22 18 15 12 15 24 24 13 14 3 15 35 16 17 13 32 26 17 28 38 38 34 37 15 37 46 45 41 36 27 40 46 16 6 10 17 24 25 22 19 15 34 48 67 123 175 200 219 192 133 70 27 13 32 24 15 16 17 21 27 41 43 38 39 
10 8 19 22 20 20 11 23 28 17 16 22 13 11 13 31 30 12 12 16 18 8 16 10 20 36 42 39 40 32 43 47 15 19 25 38 49 55 43 32 30 45 72 109 160 199 197 183 144 84 27 17 22 28 19 10 15 17 23 27 34 29 24 19 
9 10 11 19 13 13 19 25 34 26 23 24 26 19 17 27 24 21 17 22 20 24 28 19 7 31 40 42 48 42 45 50 15 23 24 39 45 40 27 8 15 45 96 135 173 190 169 135 95 54 17 9 13 14 18 16 9 11 13 20 24 31 36 29 
29 31 26 38 32 33 34 31 39 38 39 30 24 8 24 27 18 25 19 30 25 24 31 27 13 20 30 40 48 38 41 41 8 24 12 29 24 29 32 8 27 76 143 185 194 184 145 94 60 40 17 16 15 10 12 23 12 12 15 29 37 44 48 48 
33 36 35 35 27 24 17 14 19 24 29 23 12 24 29 17 10 29 39 49 42 43 43 52 42 34 20 22 38 24 33 27 29 36 29 32 19 35 25 36 78 132 194 213 189 152 112 60 37 35 26 22 24 22 16 28 17 15 20 34 49 55 64 66 
24 20 20 20 13 16 13 15 13 6 17 24 24 33 33 21 16 24 24 36 38 40 45 56 49 38 23 8 21 11 21 9 39 38 31 36 15 34 38 87 133 174 213 199 147 107 72 36 21 24 24 15 21 20 19 27 23 12 9 25 40 52 57 69 
29 27 27 26 23 23 24 14 24 17 12 11 17 34 27 14 7 15 14 25 33 30 20 28 28 25 28 19 24 20 16 15 36 29 34 39 21 22 67 131 171 192 201 164 112 72 52 30 16 20 26 15 19 26 20 20 22 8 12 15 31 39 55 64 
13 7 5 19 34 35 38 30 41 28 18 5 19 32 27 27 10 11 6 19 36 42 22 22 9 18 34 33 31 27 17 26 40 24 29 37 39 66 126 181 209 203 176 130 78 41 33 28 24 16 18 15 26 31 23 10 12 20 19 19 7 12 29 39 
19 26 33 50 55 50 55 49 60 44 33 20 12 28 27 37 26 13 6 10 31 48 31 31 22 22 35 33 20 15 5 32 36 7 23 55 93 139 186 213 212 177 129 80 38 19 29 29 29 27 16 18 22 29 25 14 6 26 26 27 20 16 28 27 
19 11 12 36 34 29 38 36 45 42 44 41 19 6 15 37 37 16 12 13 18 43 31 33 26 12 24 38 41 39 35 36 53 52 78 121 166 196 208 196 165 111 63 29 22 21 31 32 28 38 38 27 9 10 23 30 20 31 28 31 29 27 35 35 
28 24 16 38 31 19 36 32 35 13 20 34 25 8 5 29 37 18 7 10 4 31 12 18 15 17 17 25 32 36 42 60 99 126 156 187 204 198 170 138 98 45 8 17 23 25 36 32 10 26 44 43 32 13 11 22 12 23 22 23 26 30 34 34 
21 23 27 39 20 9 17 17 18 7 15 25 22 16 13 25 36 28 34 43 26 26 12 22 25 30 14 9 17 26 44 76 131 171 192 202 194 165 119 86 55 15 19 20 22 26 41 37 24 8 29 32 37 26 8 14 10 12 21 29 34 29 31 31 
22 17 29 39 35 39 36 24 17 12 14 23 18 14 17 14 27 27 35 43 39 20 19 22 27 47 39 53 69 87 103 139 184 211 211 201 168 129 80 46 19 12 27 10 9 20 40 33 23 11 17 20 33 23 8 9 12 12 14 25 12 13 15 17 
14 8 29 45 50 52 44 31 26 23 22 12 11 21 20 16 15 17 26 38 44 27 29 36 49 71 69 82 111 136 167 204 229 230 207 167 114 72 35 13 15 29 35 26 21 22 32 27 22 13 26 20 34 26 12 7 5 8 10 23 34 40 45 48 
14 12 13 20 30 32 29 28 31 34 26 19 3 14 19 16 17 23 38 41 38 23 27 39 68 92 94 105 126 138 160 189 197 175 142 95 44 26 20 29 22 22 29 12 28 26 35 29 24 32 41 32 38 24 19 6 6 11 3 8 32 30 36 46 
8 17 12 13 26 22 25 24 29 26 13 17 15 20 27 24 21 28 38 31 25 33 44 57 95 126 138 154 173 171 179 181 153 113 81 41 31 17 8 24 16 16 27 22 38 31 29 24 9 22 32 31 38 27 24 6 4 13 6 6 32 26 32 39 
10 16 14 15 26 17 12 3 6 12 19 28 13 10 17 24 32 40 43 27 36 77 103 119 156 178 178 178 186 178 167 152 117 79 54 31 38 19 12 22 13 12 22 27 44 38 35 24 15 27 29 27 32 23 29 6 14 24 26 27 39 30 32 43 
20 26 20 18 24 18 17 14 17 21 25 26 12 17 20 22 27 36 60 75 109 150 171 180 206 207 185 161 145 119 93 81 53 39 30 22 34 15 22 21 6 12 22 33 36 35 36 26 17 22 27 29 36 27 24 4 7 25 10 13 28 27 36 48 
36 37 36 33 30 17 11 8 14 19 23 27 41 60 75 93 117 139 163 171 185 199 199 193 209 199 167 132 101 73 43 28 19 12 12 23 31 21 29 11 15 13 24 41 37 36 36 27 24 16 23 31 40 29 20 4 9 33 4 17 23 29 47 52 
22 30 29 29 27 22 26 28 38 48 63 85 116 130 147 165 181 195 208 201 196 194 173 162 169 150 114 88 61 50 26 17 20 16 10 22 24 27 39 9 24 17 24 40 36 43 31 27 20 19 20 20 27 27 22 26 25 36 19 24 16 22 34 27 
73 80 90 100 101 99 100 92 100 109 134 153 178 184 193 204 206 211 209 194 176 166 137 124 120 94 52 44 28 26 12 13 26 29 22 27 23 36 46 17 26 22 33 39 28 36 24 22 22 20 29 22 26 22 23 12 10 29 15 24 22 19 25 22 
157 163 174 183 183 180 173 162 160 168 182 196 206 204 204 213 210 209 196 173 143 123 94 89 88 52 8 28 21 26 22 21 36 27 15 13 10 32 40 16 26 29 31 28 20 32 8 14 14 18 27 20 22 19 26 18 19 24 21 17 22 15 19 29 
193 190 189 178 176 175 175 170 170 171 174 183 180 173 170 172 153 145 120 104 74 55 41 55 57 38 17 31 24 20 27 33 52 51 38 23 3 34 35 15 18 20 28 20 16 27 24 17 22 21 20 19 22 20 27 23 20 21 27 15 16 14 25 38 
199 196 194 186 178 170 168 161 157 155 154 152 137 123 114 100 67 53 24 30 24 20 17 43 43 26 18 27 25 16 26 27 46 42 29 31 18 32 31 17 25 19 23 16 22 29 36 31 30 19 10 16 13 16 22 27 28 17 21 24 13 5 24 28 
170 173 178 176 166 156 143 126 111 105 103 98 85 73 66 50 21 12 13 31 21 21 22 48 38 16 12 22 31 28 29 24 31 34 33 41 32 32 24 6 17 10 26 19 31 33 33 26 19 20 26 17 17 15 20 23 18 17 16 22 17 12 28 26 
84 86 88 82 74 69 60 59 44 43 38 38 29 32 37 29 22 13 23 33 18 17 29 51 35 15 9 20 30 31 26 24 30 45 46 55 40 43 36 27 21 14 29 29 36 42 41 30 22 31 40 19 14 18 24 26 13 22 28 19 36 22 34 34 
11 10 21 20 8 19 22 45 31 36 29 24 18 29 38 40 35 24 32 32 24 26 40 58 32 22 17 24 38 43 29 10 15 36 50 57 44 39 24 20 2 5 41 34 38 41 39 24 13 35 53 41 19 22 19 20 19 19 39 21 48 19 32 38 
29 24 20 24 10 31 32 57 45 39 31 23 26 38 39 44 34 20 31 30 22 27 45 65 39 19 18 26 41 52 38 23 13 26 49 62 45 41 26 29 12 13 46 32 31 39 29 14 10 45 66 45 20 30 26 25 22 25 52 19 56 22 34 42 

11 12 17 32 24 19 20 30 33 20 26 18 15 23 15 22 12 13 4 19 25 21 3 10 19 34 46 54 53 40 30 22 24 26 29 34 22 17 6 15 17 26 22 20 24 30 27 22 23 30 35 43 50 44 39 70 105 162 203 176 138 93 35 15 
13 16 24 35 28 24 18 19 21 17 29 24 17 19 20 28 12 15 9 25 33 26 12 15 21 35 43 48 50 38 31 22 21 20 26 28 22 16 20 21 24 19 15 16 27 27 28 22 20 24 27 35 43 34 35 65 107 163 198 171 140 91 40 36 
22 26 33 39 34 34 27 15 8 18 27 19 14 10 31 32 22 26 21 31 29 22 20 23 25 31 37 42 42 32 22 15 15 17 18 24 12 17 19 26 31 23 24 23 28 27 28 29 21 24 22 25 32 25 30 65 111 160 188 168 138 88 53 59 
25 32 39 45 37 26 14 11 9 22 24 19 17 10 29 31 26 34 30 38 32 29 29 28 27 32 32 34 36 31 19 18 15 13 14 26 21 15 16 12 19 8 15 16 27 28 27 26 19 22 13 19 20 9 12 61 120 162 171 157 130 66 36 42 
35 41 37 35 29 16 20 20 13 24 24 17 24 33 46 52 55 56 47 47 35 30 26 27 25 21 20 18 22 23 16 8 15 15 8 16 9 16 17 9 12 6 14 15 31 29 24 22 21 22 20 17 12 8 9 64 131 166 167 154 124 50 8 12 
39 48 35 35 34 8 21 13 12 26 25 11 13 26 34 41 41 44 36 33 19 27 24 26 20 17 11 4 10 19 20 23 17 11 5 10 5 6 14 20 15 21 15 14 28 25 19 18 28 26 24 12 2 16 24 74 142 173 165 147 119 44 17 11 
43 51 31 29 33 11 19 10 12 25 21 8 12 22 27 36 30 26 28 34 32 34 25 22 18 23 22 18 15 16 13 14 12 7 6 11 14 19 23 32 13 5 11 13 26 23 16 27 25 21 14 6 11 14 22 78 145 183 176 161 126 58 43 43 
41 45 29 32 35 25 24 17 13 24 12 14 29 31 31 34 17 29 32 28 23 20 13 10 16 25 31 21 22 21 5 6 11 11 4 4 12 24 25 38 27 16 12 12 17 23 26 38 20 11 6 12 20 15 22 80 155 194 189 175 130 56 47 50 
33 37 22 27 27 15 13 15 10 23 10 6 27 18 25 36 22 31 31 10 8 3 4 7 9 32 35 27 26 20 10 8 10 10 8 9 17 26 31 35 31 19 13 7 12 19 15 27 3 22 19 19 12 6 34 83 154 195 192 184 131 36 11 13 
39 35 21 16 22 4 9 12 14 19 9 13 33 43 54 55 41 36 31 11 13 6 8 8 8 27 28 22 20 19 16 17 19 13 8 9 15 24 24 28 34 28 16 10 15 21 13 18 12 31 23 21 20 29 47 91 157 197 189 180 128 32 8 10 
45 38 22 15 13 1 8 13 16 14 17 17 20 25 28 34 26 31 34 16 19 14 4 6 1 23 25 12 11 13 23 27 32 22 12 9 17 20 23 26 39 29 17 19 32 35 34 13 13 30 25 33 26 13 39 98 166 193 184 175 119 33 33 39 
24 17 10 4 5 6 11 11 14 14 16 12 11 10 8 27 38 46 46 32 15 8 8 12 5 17 24 12 9 8 26 28 30 26 20 20 12 16 22 19 24 24 23 29 36 13 27 19 13 27 30 31 26 12 45 114 176 195 170 154 103 43 55 62 
19 19 14 14 10 12 11 10 13 14 8 11 14 15 4 16 31 38 39 31 17 8 3 6 9 20 24 13 10 5 30 27 22 21 27 25 11 17 16 14 12 11 24 34 41 15 38 28 18 22 32 23 17 10 52 129 187 185 150 135 85 39 47 46 
32 27 22 22 19 20 17 19 23 17 11 11 19 22 15 15 24 31 38 27 18 13 10 10 10 16 13 11 10 8 28 27 17 25 34 36 15 25 27 27 29 27 36 43 48 33 44 39 31 31 38 8 9 20 65 142 195 186 147 123 66 38 29 22 
24 21 21 27 26 27 20 15 12 5 19 19 20 21 20 18 22 26 31 28 24 17 15 8 10 20 11 11 8 10 23 24 5 20 29 36 28 29 32 38 39 37 29 31 36 17 35 32 13 20 39 5 12 22 72 148 196 184 146 117 58 41 35 33 
32 31 34 29 27 33 14 17 12 18 24 20 12 3 8 10 24 28 20 17 22 13 15 13 21 33 17 15 7 19 20 31 28 27 20 26 24 20 22 27 36 32 24 31 36 31 39 40 38 39 41 16 11 25 95 155 189 183 148 108 52 48 55 66 
21 20 28 31 32 31 16 29 19 22 26 13 1 19 29 31 37 24 13 26 29 31 23 17 22 38 15 12 10 18 14 14 17 11 6 12 16 9 12 21 22 30 14 25 27 5 23 27 17 22 25 8 12 50 120 170 190 177 148 94 37 30 45 55 
56 51 55 52 43 34 19 32 19 21 15 15 18 33 33 29 22 3 21 24 27 26 15 21 25 38 15 11 8 22 13 10 19 15 14 15 20 15 19 26 18 31 16 28 36 12 21 24 21 21 17 22 36 77 150 184 188 178 149 83 32 23 33 32 
19 5 21 34 38 27 24 26 27 24 22 26 22 31 19 5 17 27 36 19 13 13 9 19 18 31 15 16 14 23 10 5 15 18 21 22 29 29 27 32 20 32 23 36 48 36 39 36 29 24 19 35 53 97 169 189 176 161 131 59 23 22 28 18 
35 25 18 22 28 24 22 26 33 32 23 22 13 24 12 11 17 26 30 17 26 14 12 13 16 21 15 15 12 22 17 12 19 19 31 30 31 24 21 22 19 26 14 15 31 19 26 22 21 22 26 43 64 114 184 196 172 142 102 34 15 19 27 15 
32 19 6 15 20 23 20 20 31 28 24 20 10 15 17 9 20 21 25 26 39 36 32 27 11 12 13 22 16 17 10 6 7 20 24 18 15 12 7 14 21 22 15 17 20 17 13 15 27 26 36 48 83 133 196 209 175 131 78 13 24 24 39 40 
33 26 16 15 13 15 21 19 27 27 20 12 20 10 20 16 29 19 23 19 19 16 22 17 10 17 21 33 29 26 19 13 5 26 27 24 19 22 20 17 18 16 13 13 18 24 13 24 19 9 29 53 98 150 197 202 150 95 46 17 17 7 15 13 
47 44 48 42 32 22 24 17 21 19 22 19 25 13 27 16 24 16 23 22 10 17 28 22 17 21 22 40 29 27 27 20 13 27 17 17 15 26 26 22 26 31 28 30 22 22 13 19 19 15 32 63 121 164 193 189 128 67 32 12 17 12 15 12 
20 22 31 35 38 41 38 20 19 24 34 32 36 21 26 21 24 14 20 22 3 17 34 23 17 27 25 48 32 39 38 38 25 31 26 36 31 31 29 26 22 22 17 24 22 28 29 27 19 15 43 88 149 175 185 172 107 46 19 10 10 10 10 15 
29 22 9 10 24 46 43 26 26 27 34 37 41 29 26 20 24 19 22 18 22 31 45 38 31 31 29 52 29 31 34 37 34 26 19 13 7 12 29 26 24 29 29 13 6 16 24 24 13 13 59 116 170 185 179 150 85 36 17 10 11 8 19 27 
24 21 10 22 19 50 46 35 36 36 38 36 35 32 34 32 32 27 30 36 41 48 52 34 28 28 32 58 34 32 27 29 26 19 15 12 4 12 23 29 23 22 27 22 31 39 32 28 8 18 83 151 185 189 168 119 51 24 13 11 13 13 17 20 
41 36 21 29 21 38 37 34 28 22 24 25 31 27 25 20 20 16 32 33 36 33 32 24 24 24 37 57 34 22 18 21 22 15 14 12 9 8 22 29 24 25 36 25 30 26 31 36 25 53 130 194 207 194 157 90 27 18 21 23 26 22 20 19 
34 29 27 30 28 34 36 33 28 21 14 18 24 30 29 29 23 18 24 12 6 24 24 24 22 30 42 48 32 18 15 18 19 20 24 20 17 22 26 35 21 23 27 13 22 15 20 26 42 88 161 209 208 175 128 69 30 23 17 15 28 26 26 25 
19 19 24 31 34 34 27 28 25 34 22 16 22 24 26 19 13 6 31 26 24 36 24 26 22 30 38 31 19 10 15 15 15 15 25 20 17 17 17 30 24 27 32 21 22 13 17 22 58 111 173 208 189 146 90 44 15 15 13 15 31 24 14 11 
19 19 26 28 35 34 31 24 13 28 19 19 27 24 24 16 17 20 31 32 33 32 29 32 23 27 29 13 14 18 28 27 28 26 32 27 19 12 18 36 29 36 35 24 22 16 6 37 95 147 193 202 170 116 53 28 21 29 31 22 27 20 13 8 
11 17 11 13 21 24 28 30 26 31 23 16 24 24 25 19 13 24 42 48 48 43 36 36 27 19 24 4 8 10 17 19 26 32 38 31 26 15 27 34 27 35 17 8 18 12 13 60 133 178 199 188 147 79 27 15 6 19 21 12 20 22 10 8 
25 28 24 23 32 25 24 21 5 15 14 15 23 27 29 19 8 24 41 52 51 36 22 24 32 17 10 24 22 20 17 19 36 40 44 38 27 15 31 36 34 38 26 29 21 22 38 93 159 178 173 151 105 43 8 7 7 14 19 13 21 27 20 12 
25 33 31 27 27 13 24 19 11 17 19 21 18 18 27 25 6 17 38 48 46 32 26 21 34 22 19 32 23 29 12 22 42 44 46 44 34 31 43 43 39 46 25 27 16 39 67 127 188 185 159 131 76 15 15 20 22 17 6 14 20 28 22 18 
26 28 21 19 13 5 31 15 6 6 12 24 22 26 32 35 21 15 29 34 29 17 31 27 43 29 25 40 31 32 6 25 46 50 53 45 32 25 37 31 23 38 20 13 31 71 104 167 215 187 145 109 50 19 15 6 10 3 3 5 9 15 11 10 
21 22 20 18 17 25 38 24 22 20 22 29 17 17 29 37 31 31 32 31 25 15 44 34 48 27 17 39 36 41 24 31 43 47 50 45 41 29 35 24 21 41 34 13 52 105 137 190 216 171 117 81 34 38 26 25 30 26 28 22 20 20 18 14 
32 28 19 11 9 24 36 23 26 27 23 34 9 13 24 36 41 43 44 38 29 22 45 34 52 38 26 34 24 29 25 37 40 45 45 47 45 38 26 15 10 31 34 33 94 147 174 208 196 140 84 48 20 34 22 13 19 17 29 27 32 33 28 27 
25 22 24 17 15 22 22 17 14 13 15 33 13 17 26 40 41 34 32 32 31 31 43 31 48 42 36 30 13 19 34 41 37 41 35 34 36 41 34 30 28 43 67 97 148 187 200 203 164 104 46 19 15 27 20 12 20 19 26 30 35 33 27 31 
15 2 17 21 19 17 12 22 26 19 13 29 23 26 30 41 43 38 33 33 27 21 29 19 36 43 41 29 8 10 38 51 29 32 29 37 48 56 48 42 38 55 94 136 175 197 185 163 113 59 17 20 23 24 21 5 17 22 34 43 48 41 35 34 
20 14 10 21 9 12 16 18 29 20 15 24 29 27 36 41 43 45 43 37 28 25 24 11 27 41 46 35 24 13 41 53 24 23 15 32 40 30 27 24 30 64 116 156 177 179 154 114 68 32 9 18 17 17 19 12 17 22 29 36 27 21 11 5 
24 26 22 36 28 32 32 29 40 37 37 31 33 30 39 44 41 47 39 41 32 32 36 28 19 29 39 39 36 24 39 54 16 19 5 31 32 26 27 33 58 104 164 198 187 164 126 75 41 31 14 21 24 20 19 27 19 21 32 34 31 27 22 12 
18 23 20 30 17 17 13 9 22 28 32 29 29 34 48 43 41 39 45 48 48 48 54 55 41 25 22 31 39 29 36 43 26 26 15 27 26 21 29 71 111 161 209 213 171 137 101 49 28 27 13 24 30 31 27 34 15 19 22 31 27 28 24 20 
13 18 22 22 12 21 21 26 15 7 22 26 36 45 51 40 38 32 26 36 37 39 48 57 48 29 10 13 32 29 33 31 21 10 10 34 22 15 53 112 152 187 211 183 128 88 59 32 22 27 14 12 15 20 15 26 15 15 15 20 19 16 15 14 
25 29 33 27 21 24 19 17 20 14 17 15 28 36 38 31 27 26 22 26 34 28 17 32 35 31 24 8 29 32 36 29 22 12 17 27 23 37 100 153 180 191 184 143 90 62 49 26 17 19 17 16 13 13 11 19 14 22 22 26 34 34 38 47 
22 23 25 34 39 38 38 29 39 30 24 9 24 34 24 23 13 22 17 24 36 45 17 28 26 20 32 25 32 38 34 39 34 27 29 40 58 95 154 194 201 187 155 105 59 37 32 21 19 12 15 21 19 21 8 6 20 31 32 27 31 23 26 38 
31 31 39 52 55 53 56 49 61 48 39 16 19 31 27 35 18 15 15 26 39 57 41 41 34 29 31 26 30 39 41 45 33 22 39 78 116 163 194 203 185 152 104 57 33 22 29 18 23 19 12 24 16 27 22 17 27 31 39 32 27 18 21 21 
32 28 22 38 34 27 29 20 48 48 55 47 31 29 27 45 34 10 8 12 25 49 36 36 24 15 24 35 44 48 45 50 55 64 98 145 183 208 202 177 137 87 39 14 13 16 26 28 27 27 32 29 10 15 27 34 30 34 38 32 31 20 27 23 
28 26 26 41 27 19 32 32 36 21 26 36 36 38 36 40 37 17 9 13 6 32 11 21 10 20 20 32 34 44 54 76 108 145 177 202 215 202 164 122 85 35 11 12 13 20 30 31 20 18 39 37 27 9 20 29 24 22 30 24 26 25 28 27 
37 32 38 40 17 15 24 22 25 13 23 32 34 40 38 39 43 37 40 39 27 24 11 29 24 38 17 19 28 39 52 84 131 170 191 204 190 156 104 67 43 17 17 9 13 19 28 34 30 17 34 38 42 32 23 26 17 20 27 34 36 34 34 36 
31 22 32 41 38 44 43 33 22 15 15 22 31 35 37 28 34 37 41 43 36 18 8 26 22 50 45 62 83 97 113 139 173 190 189 176 144 107 62 34 19 15 19 9 15 24 29 32 34 12 34 29 45 43 32 27 20 21 19 21 15 19 18 20 
24 26 35 44 48 53 50 41 34 31 29 20 15 28 35 28 19 13 16 28 43 26 31 47 61 94 91 108 131 153 171 202 220 206 178 137 85 48 26 18 9 19 31 21 20 23 22 25 31 17 38 32 41 42 32 29 23 24 19 26 26 34 34 34 
15 20 20 22 31 30 32 26 29 36 32 27 9 13 24 24 24 20 24 25 34 15 26 48 89 124 125 133 148 150 159 183 182 149 111 62 17 22 23 22 13 17 27 12 20 26 29 31 37 32 43 31 32 32 27 26 27 27 21 18 25 24 25 29 
8 20 20 24 33 20 26 20 20 24 17 23 19 13 16 19 20 18 25 23 24 43 62 80 126 154 154 159 172 166 163 164 137 85 52 22 19 14 7 17 15 21 27 16 25 31 27 25 23 22 31 14 18 16 27 19 22 29 27 23 32 27 19 24 
22 19 15 13 27 11 12 8 9 15 24 32 17 12 13 20 27 33 38 37 68 111 143 161 187 196 176 168 167 156 145 136 102 59 37 21 31 20 16 17 13 19 20 15 31 34 38 30 20 27 34 10 17 12 27 15 20 32 31 32 30 21 19 26 
30 19 19 3 20 19 21 19 20 26 29 30 24 27 36 38 47 62 88 110 147 187 204 210 222 209 173 145 121 97 79 75 53 39 29 23 24 13 24 24 18 17 19 22 38 39 39 32 24 23 23 17 24 19 29 8 2 21 19 20 22 18 22 24 
52 45 37 28 24 12 11 17 18 22 33 48 67 88 112 133 154 171 189 196 209 220 208 203 201 176 137 104 76 56 38 32 22 9 13 20 25 24 33 28 18 13 22 38 46 36 41 36 27 14 12 24 32 19 22 4 6 22 10 11 10 22 32 36 
64 58 55 46 43 42 59 65 77 86 106 121 149 161 178 186 197 206 216 212 214 206 181 163 149 117 85 60 42 35 22 19 24 23 11 20 17 27 49 28 21 9 19 35 41 45 38 33 27 17 10 6 23 13 19 12 17 32 15 16 8 17 23 15 
123 125 134 133 136 131 135 133 142 150 170 182 194 194 196 196 196 203 204 194 185 171 138 116 100 66 43 43 26 25 13 10 26 27 20 19 16 29 50 29 15 2 24 36 32 38 33 29 27 26 28 18 24 21 24 20 16 27 12 19 17 19 21 30 
187 189 194 194 194 188 187 181 182 187 197 208 210 206 207 206 199 199 182 159 133 112 83 75 62 31 13 35 15 16 19 15 36 31 21 16 5 27 45 21 12 10 29 34 23 28 20 22 20 14 17 11 19 20 27 27 21 28 17 12 19 23 29 41 
191 191 185 178 171 173 176 175 181 182 184 183 180 172 163 156 134 122 96 84 65 56 49 46 46 24 17 32 21 14 24 32 46 50 36 22 14 31 34 13 8 12 31 30 26 34 38 37 29 26 17 12 17 22 21 26 19 23 24 20 10 7 20 26 
188 187 186 183 175 170 167 160 158 153 147 138 125 107 93 76 44 28 14 29 36 39 34 38 34 26 12 27 24 16 24 25 37 36 28 31 19 34 32 15 18 14 36 31 24 29 36 42 34 22 12 8 12 17 20 23 17 10 20 31 20 10 20 22 
158 157 157 152 144 133 121 109 98 86 77 76 71 62 55 43 19 3 12 28 31 40 38 40 26 9 8 27 29 31 34 20 25 26 24 35 24 36 26 5 15 15 39 31 29 31 29 30 28 25 27 15 6 4 15 20 17 14 13 18 24 21 36 37 
67 66 62 55 48 42 36 45 26 28 17 34 40 40 43 32 27 12 17 26 32 35 40 38 21 11 9 24 34 43 43 32 31 34 35 36 22 39 29 21 15 11 40 31 27 31 34 29 32 34 41 30 11 15 19 15 10 15 24 18 33 20 35 38 
38 34 36 36 27 25 14 45 15 23 17 32 38 41 32 36 31 26 29 32 36 42 48 43 20 12 17 27 38 48 45 26 19 24 39 40 19 34 27 22 16 15 46 25 15 22 22 19 26 31 48 47 19 29 20 20 20 19 39 24 47 24 37 38 
36 37 41 41 30 30 17 50 8 19 15 32 46 45 39 40 36 27 33 32 40 48 55 50 20 12 20 29 41 57 54 35 23 18 39 43 23 37 34 36 27 22 45 23 6 22 19 5 23 38 57 58 23 41 29 22 22 22 50 17 52 27 39 40 

12 6 17 36 25 25 30 29 31 22 34 38 45 48 51 39 29 18 22 27 32 18 18 10 13 7 17 21 13 15 12 17 17 21 17 25 16 25 30 31 24 29 19 10 11 13 18 19 10 20 20 24 27 23 24 79 118 165 206 176 117 75 36 16 
21 19 22 35 28 30 24 19 23 24 39 41 43 45 47 34 24 17 20 31 39 26 23 12 13 15 17 21 19 20 16 15 15 19 19 28 20 29 29 29 26 19 13 10 8 12 19 20 12 22 23 26 30 22 25 79 121 162 201 176 121 74 42 35 
29 27 34 38 36 37 22 12 14 26 38 39 41 35 36 19 10 20 13 24 31 12 9 7 13 19 18 25 22 20 12 15 16 13 16 25 24 27 31 33 36 28 28 20 12 15 25 29 15 19 17 20 26 19 29 81 133 169 190 175 124 72 57 66 
23 24 28 36 34 24 4 15 16 26 26 30 33 23 20 19 26 32 17 24 26 8 12 12 13 22 20 22 23 24 19 18 19 12 14 27 20 23 20 15 18 10 14 11 17 20 24 20 3 10 10 20 25 19 21 88 151 173 183 172 122 60 46 53 
30 28 27 32 33 22 22 23 9 16 17 28 34 37 39 47 49 51 41 44 32 26 19 19 20 22 20 19 23 20 19 19 22 13 10 15 17 22 25 12 12 15 20 16 29 28 19 12 7 16 12 16 20 24 22 100 164 178 176 167 119 55 41 49 
35 34 19 26 34 17 23 11 6 18 16 16 20 27 27 32 31 33 24 25 17 24 29 32 34 37 28 21 22 17 21 19 18 5 6 9 5 10 17 17 10 22 25 20 32 30 20 16 23 26 19 19 17 17 26 104 174 186 178 164 117 56 45 52 
38 38 16 22 31 15 20 12 10 17 11 4 10 26 26 32 22 16 27 32 38 42 41 36 36 31 24 17 26 22 11 12 11 6 7 10 18 21 26 34 18 17 18 25 33 26 18 36 34 24 17 15 17 13 31 113 183 197 184 167 116 58 50 53 
41 36 20 26 32 21 20 13 12 18 11 10 21 27 19 24 10 27 39 36 32 33 25 24 22 19 19 6 22 24 8 11 12 6 5 11 20 18 27 39 31 24 17 22 26 28 33 48 31 14 11 17 17 4 41 118 186 203 192 168 114 54 51 50 
39 32 17 20 24 6 8 7 7 13 10 6 14 19 26 41 35 38 32 25 22 22 18 17 13 17 24 15 19 22 4 4 13 5 2 6 11 20 25 29 24 15 9 9 15 23 20 31 11 18 20 15 8 20 57 119 184 198 183 164 109 29 20 17 
38 29 19 19 20 11 11 6 17 18 14 10 17 35 47 57 41 34 26 24 22 16 15 16 15 17 23 8 16 18 10 6 15 6 2 9 9 13 21 21 29 24 16 6 13 24 20 19 8 26 22 8 14 43 71 121 176 197 177 157 105 24 13 10 
22 17 15 8 16 13 12 8 17 18 20 20 14 16 18 27 17 17 19 15 22 13 7 8 12 10 25 11 12 17 18 22 22 13 9 12 10 12 17 17 24 25 19 13 28 29 36 13 14 26 22 15 29 39 65 122 182 188 159 143 94 26 41 43 
17 15 15 6 6 2 6 6 14 20 21 19 14 15 16 29 21 15 21 8 19 13 13 8 13 8 20 9 13 19 26 31 33 24 20 16 12 12 10 6 8 13 21 21 37 11 28 21 11 24 29 19 29 38 70 130 184 183 143 121 80 37 50 52 
20 19 19 16 11 12 6 9 13 19 19 19 17 17 15 20 19 15 21 16 12 10 17 13 10 13 24 15 9 10 24 31 31 26 29 21 12 13 10 13 11 13 25 22 41 13 39 24 11 22 34 19 24 28 71 141 194 179 126 107 67 34 35 34 
19 20 14 16 7 12 12 15 17 19 19 20 24 28 27 29 24 15 13 3 8 11 25 17 15 11 13 9 10 9 27 34 32 36 42 32 10 18 12 15 25 28 31 32 46 27 44 32 27 26 41 12 13 31 83 150 200 184 126 92 50 23 22 13 
19 22 21 26 20 29 22 20 19 18 22 22 22 22 19 20 24 24 19 17 15 22 33 24 17 19 13 8 5 8 17 30 24 31 37 31 16 22 8 12 22 22 22 26 34 12 36 29 15 23 38 8 8 34 93 158 204 183 123 89 41 27 26 26 
21 15 10 12 8 20 20 25 19 22 22 22 16 17 15 13 30 32 12 16 23 30 45 32 20 25 15 17 12 15 18 31 31 30 26 22 15 13 3 8 24 22 18 19 30 15 37 36 33 34 36 9 12 46 111 162 196 178 128 81 34 24 43 54 
13 13 13 13 10 13 19 29 19 24 20 12 13 21 21 25 27 24 14 28 34 40 43 31 24 32 12 12 15 19 11 19 13 11 15 17 25 19 14 15 24 32 22 26 31 12 31 34 10 13 22 8 25 69 137 180 193 171 128 71 29 14 26 30 
36 42 42 43 33 22 24 33 21 19 12 13 20 32 35 27 20 15 18 26 28 31 27 26 18 34 7 7 10 17 12 21 22 20 19 19 33 20 21 19 29 36 29 33 39 14 22 26 23 20 26 25 49 100 163 188 189 163 119 62 29 22 24 17 
22 19 16 26 32 20 29 34 26 19 21 19 22 34 27 7 10 22 28 22 19 17 13 20 17 33 15 13 12 13 4 20 22 16 19 20 39 24 26 22 26 44 35 41 55 38 39 31 19 20 20 34 67 119 171 190 171 137 97 46 27 29 29 22 
48 41 28 23 24 23 25 32 41 34 31 22 17 22 19 12 23 23 23 20 26 15 8 18 17 29 16 10 12 19 16 24 21 24 27 28 38 20 15 9 22 32 25 27 41 28 34 18 12 16 22 42 80 133 185 192 163 117 68 32 27 28 32 28 
45 34 18 22 20 25 26 30 41 34 24 17 15 17 26 13 27 14 22 25 36 34 31 28 22 19 13 16 8 9 11 21 13 14 16 17 26 13 20 15 21 29 24 19 31 26 23 14 22 16 27 57 97 147 195 199 157 104 53 28 29 29 39 47 
48 40 31 27 13 19 25 27 29 26 19 15 24 6 25 13 31 15 25 26 21 20 26 20 15 5 12 23 12 16 20 27 24 29 27 20 15 14 20 15 17 19 24 17 20 22 22 31 34 15 29 65 114 161 192 182 124 66 26 26 32 22 19 20 
50 52 53 58 41 31 32 24 30 24 24 20 28 3 23 19 27 8 22 27 16 19 25 11 9 12 19 30 10 18 24 29 28 29 15 7 12 18 23 20 26 34 39 37 25 19 8 20 36 29 46 88 140 172 188 168 100 45 15 22 18 15 17 19 
21 21 35 43 45 48 46 28 17 19 27 26 34 16 16 20 22 8 20 26 17 17 22 12 14 23 25 41 13 20 26 34 36 34 27 27 20 27 31 17 14 24 24 32 27 22 26 22 25 29 65 112 162 182 178 149 81 28 15 29 29 26 27 28 
34 30 17 17 25 50 53 44 37 32 23 17 33 26 27 19 22 4 10 17 19 26 29 24 23 31 26 45 16 14 17 24 32 29 27 22 17 21 26 13 13 29 21 21 13 20 31 24 18 38 91 145 187 187 162 122 58 21 18 22 24 19 25 29 
20 19 12 24 30 51 55 50 53 44 31 25 26 34 37 32 30 15 20 26 38 41 37 31 34 37 32 50 22 5 5 14 26 29 24 23 20 17 23 18 15 19 21 17 24 37 38 34 19 51 118 171 199 186 145 90 41 27 21 22 20 15 15 13 
45 37 29 36 28 41 47 48 41 24 15 19 27 29 29 26 17 6 22 24 33 28 26 36 38 33 32 46 22 3 6 3 18 23 22 24 22 15 23 24 12 22 26 15 21 29 31 41 51 97 161 205 209 179 126 66 19 19 24 26 29 22 19 12 
36 27 19 23 20 34 41 48 46 34 19 21 31 36 38 32 20 16 20 13 12 19 20 30 33 31 36 40 24 5 9 8 18 19 20 22 20 17 25 31 22 23 24 18 29 25 13 29 72 128 185 216 199 154 95 48 26 24 15 11 22 16 21 18 
22 17 15 22 25 31 33 31 36 46 34 27 34 35 45 31 19 15 22 31 31 27 25 29 25 24 31 22 19 7 17 19 18 13 16 14 16 16 15 27 16 19 25 24 27 24 7 32 87 145 189 198 171 121 59 29 13 19 9 7 29 21 12 11 
23 26 23 22 27 36 32 30 23 36 28 26 39 38 42 23 17 20 9 15 14 21 21 18 10 16 24 10 18 17 31 27 22 19 25 19 14 15 20 32 27 38 39 37 32 24 23 59 124 174 200 191 148 88 38 20 17 26 22 24 36 31 24 19 
20 29 22 24 26 35 36 35 34 45 38 30 40 36 39 23 12 29 13 19 23 22 29 23 17 21 19 10 13 8 18 12 11 13 24 20 20 19 30 42 38 45 38 29 24 18 36 88 157 193 201 174 121 64 26 12 3 14 15 19 29 27 22 20 
43 42 38 37 38 31 22 14 4 24 33 24 34 32 36 30 15 24 13 18 20 10 18 29 34 28 20 19 19 13 21 15 20 21 24 23 20 6 21 32 43 57 45 36 24 30 59 119 180 188 170 137 85 41 19 15 16 22 27 22 28 25 10 5 
34 34 38 36 29 16 24 17 12 23 35 31 29 26 31 24 24 20 13 24 29 26 26 23 32 23 19 19 13 15 16 22 34 32 32 29 26 17 29 32 37 56 39 23 24 57 85 147 198 183 152 112 59 21 24 27 32 25 22 16 27 31 29 23 
32 35 29 27 17 10 29 17 10 15 27 30 29 33 36 34 32 11 17 23 22 20 28 29 36 24 20 22 15 17 18 27 41 41 44 39 31 12 24 16 20 45 30 12 48 94 120 180 212 172 128 90 39 22 26 24 29 24 24 12 8 17 18 19 
30 31 30 27 22 25 41 22 24 29 39 38 31 21 29 27 33 19 21 17 12 16 32 31 37 17 12 24 26 29 20 29 41 43 43 39 39 29 31 9 8 39 34 16 76 128 150 195 201 146 94 60 20 26 29 34 37 36 29 20 16 19 20 20 
45 47 35 26 22 31 36 25 30 36 34 33 14 13 24 28 41 38 39 28 22 24 38 38 47 26 12 26 19 24 15 26 37 39 45 43 45 38 30 17 10 29 39 55 120 164 178 201 176 113 64 32 12 20 24 21 27 27 26 23 29 29 26 27 
23 27 32 27 25 30 32 33 38 29 24 34 15 10 21 32 43 32 24 17 24 27 45 39 50 36 21 19 5 17 22 24 31 34 36 33 34 40 40 38 40 57 87 123 176 199 196 186 140 79 36 19 9 16 22 15 23 22 28 31 31 31 22 20 
24 12 20 27 22 27 27 34 40 26 25 30 23 26 32 38 47 34 26 24 31 35 48 46 53 44 36 27 7 18 29 30 24 27 27 26 34 45 43 41 52 78 121 159 195 195 175 146 93 36 8 18 22 20 18 13 19 27 39 45 51 46 39 31 
15 14 15 22 17 20 26 22 38 22 17 17 25 26 31 38 43 42 34 31 34 40 44 39 53 53 46 32 13 7 34 42 19 20 15 24 30 19 20 29 48 89 140 178 185 166 138 93 49 22 4 13 8 5 17 19 24 29 31 20 18 17 19 22 
20 24 18 26 24 27 31 26 41 35 36 29 34 25 35 40 41 43 36 38 42 40 45 36 42 44 44 39 23 15 30 43 17 16 5 24 34 19 17 50 88 135 190 208 179 149 111 55 24 19 12 21 14 13 21 29 24 24 26 11 10 15 20 24 
20 22 13 22 12 15 15 9 20 24 31 29 27 24 39 41 43 36 37 44 45 45 57 49 38 27 34 37 36 20 22 38 29 18 11 25 31 9 38 94 138 184 222 208 159 121 80 33 13 19 7 26 22 25 24 30 18 20 23 11 17 16 24 32 
25 24 20 20 7 19 26 24 17 10 20 26 22 30 43 39 36 29 22 27 28 27 40 45 35 15 15 29 36 29 27 29 19 12 15 25 29 22 74 138 173 194 206 165 104 71 48 19 12 19 5 26 11 15 10 27 22 26 32 31 17 17 24 31 
29 27 26 23 12 14 19 19 27 20 18 11 16 30 36 33 31 26 22 26 29 21 12 36 35 21 16 12 40 34 30 28 24 27 17 26 41 67 128 176 185 184 170 122 68 48 31 13 12 17 15 24 4 18 13 26 29 30 39 38 41 37 43 46 
20 21 19 26 26 31 34 30 46 36 27 6 21 32 30 33 33 30 30 31 43 46 27 33 29 16 24 17 39 39 32 40 35 42 46 64 90 130 182 202 195 175 139 87 46 29 23 6 15 12 5 23 11 27 10 21 34 38 40 40 33 26 31 37 
21 22 26 39 43 48 54 52 67 57 39 19 20 27 20 28 19 22 27 36 51 64 56 54 45 29 28 15 39 36 34 40 30 37 65 109 149 185 204 192 166 132 86 49 31 23 18 5 19 18 10 23 11 25 20 13 18 19 17 18 17 6 15 23 
26 20 22 35 27 21 31 21 46 48 53 43 36 28 24 39 30 19 21 22 31 50 42 36 25 17 17 22 36 34 31 46 60 78 120 170 201 213 201 159 119 75 29 21 23 17 12 17 20 20 24 25 11 22 35 29 24 16 13 18 18 9 18 17 
15 15 24 34 24 23 32 26 42 24 27 27 26 27 29 33 34 22 24 22 22 36 19 19 10 26 31 30 38 39 53 80 122 156 195 215 219 194 156 104 72 33 10 17 25 22 23 26 22 20 35 29 25 21 41 41 30 22 15 17 13 16 20 23 
48 38 37 34 16 17 24 18 26 14 14 14 10 15 26 33 43 42 45 45 34 29 9 24 16 34 24 28 45 53 67 97 141 173 190 196 176 135 88 50 31 8 12 10 14 13 21 29 33 17 40 38 43 33 31 37 32 30 34 36 36 36 36 36 
41 31 27 26 29 39 41 33 27 17 13 15 10 12 22 24 38 41 51 45 47 23 10 34 17 57 57 70 97 109 121 139 166 177 164 147 114 78 46 27 12 6 16 6 6 10 19 32 42 20 43 34 50 48 34 31 24 24 22 30 25 27 23 23 
39 40 39 39 41 45 48 44 45 44 39 27 15 4 20 19 6 12 29 34 53 40 46 60 82 112 119 127 147 158 172 191 204 187 152 108 56 28 23 20 8 12 20 22 25 22 24 30 42 20 45 34 44 46 29 24 11 16 11 19 24 32 27 26 
27 31 29 27 36 30 32 25 23 34 32 29 20 11 10 17 13 19 24 22 29 30 44 66 115 152 152 156 157 159 159 168 165 129 88 47 20 34 28 18 12 14 20 13 16 31 27 31 39 30 45 24 31 35 27 20 13 12 10 13 29 29 19 19 
15 22 27 27 38 27 27 19 13 12 16 25 24 15 17 23 27 32 34 27 33 63 88 109 153 176 163 163 166 159 151 143 116 69 38 24 33 27 16 3 15 26 30 19 11 26 20 25 34 22 35 3 10 23 21 15 12 12 11 12 24 26 27 25 
29 25 27 23 36 29 22 13 4 8 17 29 18 17 22 33 41 53 54 65 100 152 174 192 215 208 182 164 151 131 124 110 83 50 32 27 34 29 22 15 17 26 28 19 8 26 21 27 32 29 32 3 13 13 27 22 26 27 27 20 19 19 27 29 
28 24 28 22 25 31 26 21 15 17 22 29 34 46 63 74 88 105 118 133 168 201 209 220 222 204 166 135 104 82 67 65 50 39 35 27 27 19 13 9 15 26 21 12 11 18 19 25 29 27 21 5 17 16 27 12 8 12 17 19 18 17 19 19 
23 21 22 8 6 15 16 15 12 26 42 64 89 120 145 167 179 192 196 197 209 215 201 193 175 152 112 85 62 45 36 33 19 12 15 20 17 11 22 11 13 22 20 28 31 12 10 26 29 19 8 20 24 13 20 5 8 13 11 12 10 22 26 31 
58 56 64 55 55 64 80 89 101 117 134 148 166 180 191 192 202 207 212 208 211 204 172 146 121 89 62 45 32 29 22 19 20 22 15 18 14 19 35 11 14 20 9 15 17 19 1 12 22 19 19 16 20 15 22 9 9 20 13 10 12 20 17 6 
149 152 157 159 156 155 155 157 167 175 191 195 199 192 188 182 181 190 189 182 172 159 120 96 68 48 36 40 21 23 8 6 17 21 22 19 7 15 36 13 8 13 13 20 10 24 8 7 13 27 33 34 38 32 30 22 17 25 6 8 17 26 27 36 
189 191 188 184 181 180 180 175 180 189 196 192 197 192 187 182 177 171 152 127 102 85 65 50 34 15 19 32 7 10 13 13 24 29 31 23 15 24 34 15 9 13 34 37 34 38 29 22 15 17 29 34 37 38 32 27 19 20 8 13 26 32 41 47 
183 179 176 163 161 163 167 168 175 184 175 166 158 149 130 124 106 91 71 57 46 50 50 39 29 19 16 30 11 8 20 24 36 40 37 31 20 27 27 11 16 17 39 35 37 43 43 44 37 34 31 38 43 40 34 29 21 22 17 19 10 12 21 24 
176 174 172 168 170 163 159 154 156 145 133 114 97 77 58 47 25 13 15 15 28 37 42 35 24 18 13 28 10 10 21 15 27 30 35 41 29 33 23 13 24 27 45 30 16 20 32 43 39 31 29 33 38 40 36 28 17 10 24 32 27 22 26 26 
129 123 116 111 108 100 91 86 85 78 60 57 52 41 32 26 20 10 12 19 22 27 33 27 15 12 9 22 11 20 33 18 11 15 29 41 34 27 17 14 26 27 42 22 6 11 15 31 36 32 34 31 26 32 37 35 28 17 10 19 23 19 36 32 
39 31 24 22 14 19 22 45 45 46 32 29 36 29 26 22 27 20 8 17 17 15 27 19 14 6 8 21 8 28 37 27 25 23 32 43 30 26 17 22 27 26 39 19 12 20 22 28 37 31 36 32 3 18 15 12 16 19 22 18 30 20 30 22 
26 19 15 21 17 16 17 45 32 37 19 36 53 25 6 8 31 31 17 19 16 19 34 22 7 11 16 26 23 36 41 29 27 15 36 45 27 20 23 34 35 24 32 19 25 32 31 16 27 22 39 50 19 33 16 10 14 13 32 21 42 22 26 26 
26 17 13 21 19 23 22 50 22 29 13 37 55 30 10 17 34 33 26 20 22 20 36 27 11 16 19 28 24 41 49 39 37 14 34 46 33 16 29 40 39 28 26 19 31 40 37 20 21 22 45 62 33 40 14 6 15 21 42 16 46 27 32 31 

9 13 27 40 24 24 26 22 26 24 13 20 8 22 15 13 20 16 17 17 37 19 19 23 33 28 39 36 29 25 24 20 20 22 20 31 15 19 20 33 24 24 20 27 30 28 22 21 15 23 26 29 31 15 41 115 149 185 216 170 85 50 32 19 
24 26 34 34 21 22 19 21 26 24 20 27 12 13 12 9 15 8 10 26 44 27 30 27 34 27 29 29 25 22 20 11 13 14 20 28 20 19 18 27 23 15 12 24 27 27 25 25 21 22 28 29 32 16 46 117 156 188 211 167 83 45 32 26 
29 33 39 39 31 32 22 25 27 33 31 33 26 6 6 11 20 24 22 24 40 25 27 22 28 18 24 20 16 19 12 18 19 12 21 29 19 18 19 34 32 29 28 27 21 16 27 26 16 16 17 24 27 15 49 123 167 188 201 168 86 43 45 48 
20 21 27 27 17 20 24 39 36 30 19 30 31 10 13 21 34 31 26 22 31 20 22 22 22 13 10 12 6 13 12 17 21 12 22 27 26 24 14 19 19 13 15 15 17 14 26 26 10 11 12 20 21 12 48 133 184 190 188 159 81 26 20 26 
24 24 22 26 27 33 35 35 24 14 3 22 34 31 35 35 35 37 38 35 37 28 28 20 12 6 11 12 19 10 20 18 24 15 16 20 20 29 26 13 8 19 17 8 17 24 34 23 15 12 13 17 17 15 56 143 195 193 180 156 80 22 7 8 
34 31 20 19 27 30 30 23 21 12 6 20 30 32 29 21 17 31 26 27 19 14 17 20 27 29 27 20 24 3 22 19 18 8 15 9 4 18 23 19 4 25 20 20 33 38 36 27 27 25 24 21 18 7 55 148 205 194 175 145 76 20 8 11 
32 25 12 11 24 22 21 19 15 15 14 15 26 36 39 29 22 26 32 33 34 34 31 31 32 30 24 15 29 20 15 11 12 6 6 6 14 20 26 31 20 26 15 28 38 29 16 25 38 29 21 19 19 10 60 146 202 195 169 139 74 27 27 25 
36 31 21 19 21 23 20 15 13 8 2 7 18 30 28 16 7 32 52 55 47 39 26 21 26 22 22 9 26 27 21 22 22 12 12 15 24 21 22 36 31 33 22 28 32 25 27 38 31 19 13 20 12 19 67 145 204 198 168 135 78 32 34 27 
36 27 22 17 16 13 13 12 17 13 3 8 15 25 31 37 41 48 57 55 47 37 20 24 18 17 20 12 24 27 17 20 22 20 12 18 21 22 16 23 17 27 24 19 22 16 15 22 5 5 15 20 8 36 77 139 196 191 162 133 81 16 13 12 
33 29 24 18 14 4 10 16 27 24 18 7 10 24 30 37 39 46 46 49 38 26 14 13 19 15 24 8 16 19 17 15 22 14 14 18 15 19 6 11 16 26 27 13 8 24 25 15 6 18 22 13 22 63 89 138 192 187 145 121 83 25 23 21 
19 17 17 13 17 17 21 22 31 22 20 12 8 11 13 26 28 36 40 36 29 20 10 6 15 11 25 11 12 20 10 12 11 8 13 13 15 7 6 8 6 16 26 7 24 31 32 21 15 23 28 10 29 64 88 135 189 179 131 108 72 38 47 52 
12 10 11 10 5 6 15 20 26 29 28 19 10 12 18 29 30 28 22 17 17 13 17 10 16 13 22 11 9 18 8 19 13 13 14 19 19 13 13 26 22 20 21 9 36 27 19 22 9 22 34 6 32 63 93 144 197 179 116 90 62 36 45 42 
13 14 12 10 7 14 16 21 18 24 18 11 7 12 19 29 31 29 24 22 15 14 27 17 20 18 22 14 13 13 3 13 12 19 26 22 22 22 19 29 32 29 23 10 38 24 31 26 7 17 33 13 29 65 102 153 204 176 101 75 51 29 29 22 
15 16 17 18 18 21 24 17 17 12 13 8 17 21 24 32 32 26 20 17 17 20 36 19 23 17 17 11 8 8 12 22 22 34 41 34 24 27 20 28 37 32 31 26 46 36 39 35 22 26 36 16 32 73 117 166 207 176 97 67 36 21 16 5 
31 34 34 36 33 35 30 20 10 6 11 12 10 5 12 19 29 35 25 31 25 27 37 23 20 14 10 6 10 8 13 24 29 36 43 35 27 29 19 22 29 28 26 19 35 19 37 32 7 16 31 12 39 80 127 171 209 173 102 64 31 23 22 24 
14 13 16 21 21 29 21 17 8 11 12 18 17 19 19 12 23 35 28 41 34 32 39 14 12 17 13 12 6 12 17 29 28 29 34 29 21 22 20 24 35 30 23 12 26 14 36 36 24 21 29 13 45 98 143 180 200 164 100 58 27 15 32 46 
14 20 16 17 16 19 22 26 15 16 20 22 21 25 21 17 22 32 31 46 39 36 32 15 10 29 22 15 13 13 18 26 24 20 24 22 22 19 26 29 39 39 27 19 26 20 34 42 22 15 22 18 58 112 159 188 196 154 96 50 22 15 20 24 
29 40 43 41 41 32 31 32 22 21 27 31 25 29 31 29 24 20 22 34 27 24 15 20 9 31 27 19 6 12 20 29 34 21 24 24 33 10 21 27 42 44 32 31 36 16 24 33 24 24 27 36 76 129 171 194 186 138 93 46 21 24 29 27 
43 48 36 34 32 27 31 32 31 25 32 30 23 29 29 13 15 15 19 27 17 15 13 24 13 31 23 19 10 13 20 32 31 9 13 20 41 14 11 20 33 45 29 37 43 36 36 34 22 18 27 43 93 138 178 190 167 116 71 26 17 22 27 26 
64 68 54 41 27 24 27 36 50 46 47 36 24 17 26 14 24 16 22 22 19 4 12 24 17 23 13 15 19 20 27 32 31 16 22 29 40 10 11 12 27 29 19 21 37 31 31 21 15 19 22 57 104 154 189 189 153 96 41 5 12 19 27 35 
45 48 45 41 24 24 23 31 43 41 33 22 20 11 27 12 23 12 22 24 29 24 27 22 13 16 13 22 13 12 15 31 18 11 15 20 32 12 15 10 20 26 9 12 27 20 20 20 24 10 29 74 124 163 199 190 142 91 44 27 8 11 25 38 
36 36 40 45 27 17 20 17 24 24 22 20 27 10 25 11 24 8 22 22 24 24 24 17 20 20 29 29 19 15 19 26 27 29 26 27 24 5 20 15 19 24 13 12 12 16 22 33 37 24 38 92 139 175 197 172 109 60 29 36 34 34 28 24 
30 32 45 60 50 32 29 15 27 27 24 26 29 8 20 16 25 5 21 26 25 25 19 5 10 23 30 32 13 12 11 21 22 26 22 17 12 13 27 26 31 37 30 29 15 14 16 19 31 29 65 117 159 187 190 150 81 46 19 28 20 26 29 26 
17 5 13 34 45 46 47 32 10 13 18 20 33 15 17 26 21 5 19 22 20 18 17 8 16 26 34 39 10 7 12 9 13 12 6 8 10 29 32 25 17 29 17 31 15 19 22 15 29 46 95 142 174 187 166 121 62 31 26 31 32 36 34 31 
41 34 22 5 24 43 56 57 54 43 26 7 26 34 35 36 29 7 12 16 15 12 13 13 21 33 24 34 8 11 17 8 8 8 14 17 21 32 34 19 15 27 18 26 13 22 34 26 27 67 126 165 190 181 140 93 46 24 13 26 20 20 26 24 
14 18 17 29 26 50 50 62 64 52 36 24 12 30 36 40 34 15 20 25 32 34 32 29 28 34 20 34 15 20 19 17 11 14 24 26 32 39 37 22 10 15 11 22 25 36 43 38 38 92 150 185 194 172 109 62 33 23 15 17 14 19 20 19 
41 38 31 34 19 32 34 45 45 33 23 22 20 22 31 38 23 8 14 18 26 26 27 43 35 33 15 28 27 24 24 16 5 17 29 37 38 41 43 26 10 17 17 18 25 35 43 43 68 130 183 208 192 150 78 36 16 23 29 27 27 29 24 18 
30 26 20 26 13 13 24 36 52 51 29 21 26 25 35 31 18 16 17 21 18 23 20 38 28 29 23 29 26 26 20 15 8 19 37 39 38 35 37 34 22 22 20 26 31 41 37 40 93 151 192 201 176 120 56 26 20 10 12 5 16 20 15 18 
18 17 11 15 11 10 12 12 34 53 32 21 28 16 39 31 22 21 20 31 32 32 29 37 34 27 22 16 20 19 20 13 16 21 31 36 34 31 32 33 22 21 19 22 29 39 33 48 112 161 187 187 145 85 29 14 23 22 19 8 20 24 20 18 
11 7 6 11 17 27 34 32 37 53 27 6 31 19 34 21 21 34 19 11 9 13 16 22 22 23 17 11 23 20 29 22 25 20 34 30 23 17 23 32 20 24 28 32 32 39 48 78 144 181 193 173 121 65 21 3 22 29 26 27 26 26 20 15 
22 28 28 27 34 38 41 42 43 48 29 13 27 20 35 24 22 34 22 15 15 19 19 15 18 21 19 11 15 10 17 10 13 13 26 21 15 10 20 31 23 29 26 29 31 39 65 114 176 194 187 149 100 53 28 13 17 26 22 17 22 22 22 19 
45 43 43 39 36 24 18 15 13 28 19 8 26 26 34 37 34 40 26 20 21 20 19 26 22 21 10 14 14 12 22 14 12 13 25 22 19 14 14 23 31 40 39 37 29 52 91 145 198 190 160 117 74 42 31 20 22 32 31 21 22 21 20 27 
27 36 39 31 30 17 13 16 15 19 22 19 22 20 24 26 33 35 21 32 36 41 32 21 15 16 10 13 8 6 18 17 17 20 31 28 31 24 23 17 19 38 34 31 36 77 110 168 209 182 139 95 56 38 38 29 19 15 21 22 32 37 30 29 
31 37 40 32 26 19 24 19 20 16 17 22 24 31 36 32 36 21 27 43 48 49 42 32 24 24 18 17 12 10 22 17 12 22 34 40 44 41 39 29 20 26 35 29 68 121 143 189 205 159 108 71 41 37 38 31 21 10 18 22 31 37 38 36 
26 33 31 24 18 14 29 26 25 27 32 39 37 31 27 15 23 12 19 29 36 39 36 25 14 11 18 24 26 24 19 14 16 21 38 43 53 46 48 31 22 27 31 30 93 152 173 202 192 132 81 45 27 31 36 36 34 29 24 26 34 36 35 35 
47 48 41 25 15 15 29 27 31 31 25 25 15 14 19 8 25 23 33 37 43 45 46 34 27 3 10 24 22 16 6 10 12 17 28 43 52 48 46 39 29 29 48 76 138 183 190 192 160 103 55 29 19 23 29 26 23 13 22 30 39 41 38 34 
12 17 29 17 8 12 22 31 33 29 12 24 15 14 20 4 26 19 28 31 41 40 43 30 31 13 12 22 13 19 10 4 9 8 15 23 34 41 45 47 55 68 107 147 188 208 195 171 121 67 31 12 15 17 25 22 24 22 26 25 23 25 19 19 
35 22 17 15 12 6 12 24 34 26 8 22 22 27 26 22 33 28 27 33 42 40 46 36 38 22 17 19 15 20 19 18 16 21 20 20 17 22 24 37 53 93 147 188 204 199 170 123 73 36 14 24 24 28 27 18 19 31 41 41 38 35 24 19 
20 17 12 15 13 8 11 12 29 25 7 22 32 22 15 21 30 34 27 31 33 37 41 36 36 30 22 19 9 19 27 27 9 10 12 20 28 8 8 38 66 111 168 194 177 160 130 76 38 19 11 16 15 15 23 27 30 38 32 21 16 14 8 13 
8 15 2 17 19 17 25 21 39 38 30 26 38 20 3 12 22 27 29 29 33 34 40 20 26 24 27 27 16 17 31 37 13 12 15 27 40 14 20 72 114 162 212 212 173 138 98 39 16 20 17 25 18 17 30 29 27 27 24 14 14 4 4 11 
4 11 10 21 27 17 14 8 20 24 22 26 34 12 11 14 19 21 17 26 26 36 40 34 19 8 24 27 28 21 25 36 26 22 22 24 42 28 62 125 169 200 225 203 147 107 76 29 16 22 16 32 26 25 30 29 8 9 14 11 16 9 12 13 
10 15 22 27 29 19 20 20 16 6 24 29 26 15 16 7 8 8 7 23 14 14 26 29 24 7 17 26 28 25 24 29 28 26 26 29 48 53 104 164 189 195 196 150 93 66 46 26 24 29 17 35 24 29 29 29 10 10 20 10 15 12 13 15 
16 20 27 27 22 15 10 18 19 17 26 27 25 27 27 29 28 32 32 43 44 35 29 36 34 23 13 16 33 24 18 20 27 38 29 45 77 111 167 197 194 175 154 107 64 47 37 26 22 30 24 34 28 32 29 35 19 18 29 27 36 31 36 32 
19 22 24 29 22 21 25 34 38 24 20 26 38 39 36 42 44 48 45 53 57 60 44 39 34 20 22 13 37 27 17 24 33 52 69 99 131 159 201 202 183 157 126 79 48 33 23 16 21 32 29 36 34 32 22 27 31 39 40 41 37 32 32 37 
20 17 20 28 22 32 45 52 59 49 39 26 34 31 28 34 31 33 43 53 64 74 63 53 46 36 34 22 39 34 26 26 26 50 97 146 177 194 199 169 138 112 76 46 31 24 13 6 11 27 32 38 36 35 17 6 24 29 29 25 20 17 22 30 
37 32 29 28 16 20 27 29 40 36 37 31 34 34 29 35 29 24 29 35 36 52 41 29 24 19 25 26 40 37 32 46 71 106 154 199 213 208 179 133 93 64 33 28 23 15 9 10 13 17 28 37 39 39 35 31 21 20 18 17 12 15 21 19 
23 22 23 29 20 21 27 32 41 32 22 16 19 15 19 26 27 22 26 27 26 43 26 21 18 24 36 39 48 52 69 100 142 183 213 225 209 175 130 82 55 29 17 24 20 23 29 25 25 9 30 31 36 41 50 48 36 20 20 8 2 24 23 20 
49 38 31 24 15 24 31 31 31 22 25 17 7 12 24 41 46 44 43 43 31 33 16 26 12 29 31 43 64 79 100 126 163 192 200 186 152 108 61 32 24 13 13 6 11 19 26 31 38 11 36 21 27 29 31 39 30 27 30 31 32 43 41 39 
27 21 13 14 29 37 44 41 34 26 19 19 10 12 21 27 36 40 44 48 46 40 25 37 28 63 72 98 121 138 148 159 173 175 156 124 86 57 31 23 10 10 14 9 17 19 26 27 43 10 42 26 36 39 22 31 19 27 31 34 36 42 33 29 
31 27 24 26 31 36 46 48 47 48 37 29 15 5 20 14 8 14 36 41 57 56 60 77 99 140 149 162 170 180 183 194 194 173 132 87 40 16 16 19 16 15 19 26 32 32 24 27 46 9 48 24 29 39 18 22 5 14 11 15 19 34 17 11 
22 20 17 15 25 19 26 24 21 22 25 23 19 12 17 13 4 17 27 24 29 50 64 88 135 178 176 180 182 176 164 162 150 114 72 34 11 29 20 11 16 17 19 16 13 29 22 27 42 23 45 12 20 34 25 22 12 4 8 7 24 29 22 17 
6 13 18 10 24 8 12 13 7 11 19 27 31 13 14 17 23 41 46 45 57 99 117 140 181 194 176 170 167 150 135 121 95 56 29 10 11 12 5 12 19 24 29 30 14 30 15 27 42 24 36 11 24 36 27 26 20 12 3 11 20 27 30 32 
29 20 17 8 20 7 3 10 8 14 19 28 22 10 20 28 46 67 80 97 137 181 198 212 227 213 175 154 129 107 90 83 64 39 26 17 22 23 26 26 19 22 25 25 10 24 16 27 34 26 27 3 10 18 24 22 27 29 24 22 14 20 32 34 
44 40 36 26 9 6 13 13 5 6 19 36 51 72 93 101 114 130 142 150 182 204 208 208 204 174 133 105 74 51 46 53 43 36 27 20 16 10 12 13 17 32 29 20 3 17 15 31 32 26 15 7 13 17 19 13 9 14 23 26 24 20 13 15 
23 28 36 31 27 25 26 29 29 42 66 88 114 149 172 182 189 199 193 192 202 204 182 165 140 100 70 46 31 22 32 33 29 31 24 19 11 6 17 11 17 29 17 22 24 18 13 27 26 14 8 19 24 12 14 10 7 6 16 20 13 16 7 19 
65 74 87 90 95 98 107 119 125 140 157 166 177 194 196 194 194 204 198 196 201 189 149 117 86 53 36 22 13 16 26 27 27 38 31 30 19 16 27 10 19 34 15 17 12 15 6 17 23 16 19 13 28 27 24 15 17 22 15 13 15 24 16 21 
157 163 172 176 182 179 183 182 187 193 199 197 196 196 185 176 175 182 168 161 152 131 88 66 42 31 36 33 21 20 17 15 19 30 32 31 24 29 29 14 17 24 16 26 20 26 9 9 17 20 31 29 42 32 28 22 26 24 13 13 22 28 32 41 
182 181 186 183 185 185 186 181 183 189 188 184 181 181 163 156 147 138 113 96 72 57 38 28 17 6 28 36 13 13 8 9 16 24 26 29 26 27 31 17 16 24 40 51 45 42 32 28 26 19 10 7 28 17 22 22 27 27 13 20 29 37 41 45 
159 160 161 156 159 158 159 159 167 166 157 145 136 120 100 90 76 65 50 38 29 32 35 31 20 10 19 31 10 5 9 10 15 17 12 21 17 21 20 8 22 24 46 46 45 44 41 37 34 29 17 17 25 20 19 26 29 24 20 20 17 10 15 15 
140 138 142 149 152 150 142 132 126 112 92 79 67 45 29 22 14 5 18 13 14 25 32 31 24 17 15 29 7 2 17 13 19 17 21 23 19 12 16 19 24 24 34 25 26 29 29 33 26 20 19 20 19 19 21 24 22 20 25 33 28 20 18 15 
86 78 79 79 78 78 67 53 48 39 32 27 31 17 15 15 17 19 20 24 24 26 36 24 20 16 14 27 9 8 17 20 19 17 15 22 20 13 20 29 27 20 29 15 24 22 21 27 35 30 32 36 29 33 38 35 26 11 5 15 20 22 29 29 
22 17 12 8 13 23 20 34 35 38 34 29 38 13 24 20 26 24 14 20 20 20 27 10 11 10 11 24 6 10 20 23 25 21 24 28 28 21 32 36 26 20 19 15 24 23 26 23 40 36 37 41 19 22 23 24 25 22 16 12 22 15 19 16 
31 27 20 15 7 18 10 36 26 32 29 36 49 15 24 24 31 29 8 15 15 20 31 19 6 4 14 21 15 18 22 20 29 25 31 34 31 24 34 41 31 20 14 15 31 28 31 18 32 20 26 45 17 26 17 17 16 18 21 17 33 23 23 17 
29 26 26 19 20 27 25 41 14 21 19 37 58 23 27 27 27 27 17 12 11 13 30 29 12 14 20 26 21 24 26 24 33 22 28 36 36 21 34 41 29 26 6 13 27 31 39 22 32 17 21 46 19 27 12 13 12 17 26 15 36 25 22 17 

17 20 32 38 19 13 24 41 55 56 55 54 38 41 39 38 40 36 38 34 48 42 45 40 34 28 17 13 15 25 29 23 23 24 17 26 20 22 18 39 26 23 18 19 29 23 27 22 12 10 8 18 22 33 85 154 179 201 206 133 39 32 50 55 
29 33 32 28 13 14 27 41 55 55 53 49 32 29 30 30 31 31 29 27 48 36 34 29 29 17 9 8 17 26 17 17 27 22 22 29 26 24 20 42 28 21 17 23 27 22 28 24 17 14 15 21 25 36 88 157 185 202 199 130 39 27 52 59 
29 31 33 29 23 24 31 45 53 56 51 50 39 21 21 25 34 38 32 31 39 24 27 15 19 10 4 12 16 21 19 26 27 16 27 33 30 27 23 43 35 29 30 29 27 15 31 20 6 2 10 22 22 39 91 161 194 195 187 130 43 26 46 56 
16 19 19 10 8 21 35 52 53 50 43 44 41 15 17 25 28 39 30 29 36 18 22 8 13 7 4 12 9 15 5 20 25 13 27 27 29 27 9 34 29 31 27 33 25 16 31 19 11 6 10 17 19 38 91 170 203 194 172 124 38 12 31 38 
18 20 17 23 27 29 34 36 37 40 31 30 43 23 29 24 22 36 23 31 37 26 29 9 8 6 10 12 17 7 13 26 31 17 24 20 26 36 24 21 20 28 32 30 21 23 38 27 20 12 8 14 19 43 95 173 209 191 159 118 41 14 18 24 
34 29 24 12 17 20 24 29 35 31 25 22 36 24 31 27 26 35 15 16 22 13 23 17 23 29 22 20 26 6 18 23 27 20 22 14 8 17 27 19 21 32 32 33 30 33 34 17 20 14 10 9 8 37 97 177 215 189 150 110 40 15 16 22 
24 17 13 3 15 11 9 12 17 20 19 19 31 30 39 41 39 45 13 2 14 29 31 27 24 23 15 14 27 18 16 12 21 19 18 13 10 12 22 27 31 41 31 31 41 30 22 25 30 29 18 13 11 41 97 173 211 187 146 105 46 17 24 24 
20 19 19 9 11 11 11 8 17 13 13 10 19 22 32 32 27 27 20 26 28 32 31 29 27 24 19 10 26 22 20 21 25 15 10 9 24 26 22 27 34 47 36 28 37 19 27 31 31 22 12 20 5 46 100 168 205 187 147 100 53 27 30 27 
27 26 22 17 20 15 11 10 14 5 6 5 12 17 22 22 21 27 29 32 30 34 26 29 27 19 22 16 19 16 14 12 20 19 15 17 25 23 11 20 21 35 39 19 31 11 17 16 15 12 12 22 14 65 110 163 204 187 135 93 62 23 26 22 
25 20 15 6 6 13 14 17 26 23 22 15 15 11 10 22 23 28 28 33 30 27 15 22 26 25 31 24 22 21 20 24 20 15 21 20 22 21 12 10 17 28 40 19 14 26 29 20 19 14 21 24 28 86 119 159 202 183 127 85 59 32 31 30 
29 27 22 17 14 24 29 24 24 12 12 10 13 16 19 26 26 29 36 38 34 26 17 16 25 26 31 23 20 21 15 20 16 20 24 26 20 8 7 9 5 16 28 13 19 31 26 22 16 14 24 12 39 91 116 155 204 180 111 76 55 31 45 46 
22 22 22 10 8 16 17 13 19 17 20 12 13 19 28 32 31 29 27 19 17 15 24 17 22 29 30 27 24 24 12 17 8 6 20 30 25 14 19 29 31 26 22 10 28 39 21 28 20 17 30 8 40 95 123 157 208 176 98 60 46 27 32 36 
15 17 19 11 9 13 16 16 17 22 16 10 10 19 22 29 28 31 26 24 21 23 34 20 26 28 30 28 24 24 20 20 13 16 20 22 14 31 32 31 33 29 19 14 32 38 29 32 14 12 28 5 45 98 126 164 215 177 88 56 41 27 27 22 
11 16 19 20 22 17 13 16 12 12 10 10 11 9 19 24 29 29 22 27 28 29 35 24 24 24 19 19 22 26 27 30 27 27 23 15 14 36 38 30 34 31 27 21 38 41 40 35 20 17 27 19 52 101 130 165 208 170 88 53 32 22 20 8 
27 29 27 31 29 31 26 19 10 8 10 17 17 20 19 18 20 36 27 37 28 26 36 19 24 17 15 13 22 25 31 35 36 38 34 22 19 36 36 28 30 31 26 23 34 30 39 34 12 12 25 23 58 105 137 171 208 163 91 55 32 27 27 26 
13 10 13 20 20 23 17 14 6 13 8 24 31 38 31 15 8 29 36 50 34 34 29 19 26 7 8 15 24 27 32 34 32 31 35 26 19 30 37 22 27 25 13 17 24 25 32 33 11 10 22 27 66 116 147 180 196 154 91 50 24 13 24 29 
26 22 13 8 5 11 15 20 8 17 16 24 32 34 25 16 6 22 25 43 32 28 24 22 20 13 9 14 19 24 26 29 30 24 39 32 21 18 31 32 35 31 19 12 26 25 32 41 17 17 21 33 82 130 163 194 191 139 87 47 22 15 5 11 
31 32 31 30 32 29 28 24 15 13 21 22 26 30 27 27 23 15 13 34 19 20 16 31 16 16 11 20 23 21 28 31 38 24 32 29 30 5 25 29 38 37 29 27 35 28 19 29 18 20 31 46 100 148 177 196 175 121 77 41 20 17 12 19 
46 48 32 24 22 20 29 29 24 12 19 6 11 21 25 17 24 6 9 27 14 20 24 28 15 16 8 20 26 17 22 30 35 8 16 23 32 8 12 12 24 34 30 31 41 32 26 24 10 10 19 53 113 155 185 198 160 98 58 27 13 15 13 13 
62 65 49 36 20 29 34 39 45 38 35 20 10 15 26 12 20 19 23 22 20 15 22 24 13 15 12 28 28 22 20 32 34 13 19 26 35 12 10 10 16 25 22 28 37 32 29 20 20 8 12 69 123 167 193 194 140 81 32 15 11 14 22 29 
45 46 40 44 27 37 45 53 57 43 32 27 22 17 31 12 24 19 30 32 31 27 19 12 13 21 26 28 21 12 12 34 28 8 14 21 32 10 10 8 14 24 19 21 26 23 24 26 24 6 28 95 142 178 204 179 119 68 32 24 10 4 16 24 
38 36 35 50 45 46 55 61 53 46 33 32 26 16 25 11 18 15 34 33 43 34 27 19 24 31 37 36 26 15 13 29 29 28 34 27 20 8 10 12 13 20 19 16 15 10 28 39 41 22 53 121 152 182 195 151 86 52 27 39 34 37 39 32 
27 28 39 62 58 55 62 64 58 49 41 35 29 20 20 15 18 15 26 32 43 37 27 17 8 13 25 25 17 9 3 22 29 32 34 24 13 5 20 28 29 39 32 29 9 16 33 32 45 42 90 147 167 189 180 126 65 43 7 21 6 13 26 22 
31 21 13 27 48 52 64 67 55 46 33 27 30 20 17 27 27 20 29 32 36 29 28 13 5 15 24 31 18 13 13 5 12 12 8 4 6 18 28 23 19 25 13 24 9 15 23 12 41 69 130 168 181 187 155 95 50 38 20 31 24 31 39 41 
45 41 31 15 25 46 60 71 65 51 28 17 24 38 41 45 42 28 27 30 25 19 15 15 17 17 8 19 8 4 13 9 9 8 6 5 14 24 25 13 12 22 19 28 14 20 26 12 53 103 163 189 195 173 117 63 38 29 12 17 13 12 22 19 
15 19 27 33 26 41 52 62 65 48 35 33 16 21 25 41 41 28 33 32 32 24 23 21 13 23 11 19 13 7 13 19 8 14 13 10 16 29 29 15 7 13 12 24 18 25 30 25 72 135 187 201 191 156 83 41 32 31 13 17 12 16 21 19 
34 32 31 40 15 21 29 39 44 32 31 38 21 12 29 39 31 22 20 17 23 17 27 39 25 29 17 18 20 8 11 18 5 6 20 20 17 29 30 21 17 20 16 21 17 24 32 41 105 173 208 213 185 132 56 21 15 24 32 26 25 27 27 20 
38 33 31 36 12 12 22 34 53 50 36 32 27 17 29 26 20 15 19 22 23 29 33 40 26 24 15 15 20 12 4 14 13 13 24 25 7 23 32 31 29 23 25 27 21 24 30 60 131 183 204 203 166 102 41 17 9 8 15 13 18 25 23 22 
39 39 29 27 17 7 12 13 40 53 34 25 31 10 29 26 15 22 16 28 32 34 38 36 30 23 13 13 20 13 12 13 15 16 25 27 16 8 24 29 30 29 26 25 24 31 45 84 147 187 193 178 125 67 21 11 19 18 19 17 13 26 26 24 
37 35 21 15 16 29 40 41 51 51 30 16 28 28 26 17 8 24 16 9 12 17 20 29 32 25 20 16 24 21 20 17 19 16 20 22 16 13 17 29 26 22 22 31 22 34 69 121 176 197 186 157 99 49 19 17 19 22 27 32 29 35 30 27 
24 26 23 29 36 45 48 46 46 42 24 21 31 28 26 15 12 36 24 17 19 20 17 19 24 27 14 14 20 12 16 3 13 11 22 15 13 17 21 32 26 19 13 15 13 45 96 145 192 196 170 131 80 47 32 29 28 24 17 24 27 37 31 36 
33 31 30 31 28 25 20 17 12 16 20 26 30 30 27 29 26 37 32 27 26 18 14 19 19 26 15 16 10 11 20 13 19 19 27 26 30 28 27 31 32 36 32 19 19 73 128 176 209 185 142 92 48 33 30 32 31 34 31 22 29 36 33 41 
26 28 34 28 23 13 8 12 12 9 16 25 35 31 18 11 33 44 29 32 43 44 39 32 13 27 21 24 17 6 21 22 20 27 31 31 32 33 30 30 26 24 26 14 55 111 154 189 202 163 112 64 32 22 27 29 17 25 34 35 48 45 39 37 
31 36 42 36 27 20 19 22 15 6 10 28 35 42 45 39 36 27 31 45 53 51 48 38 29 34 31 30 22 15 31 23 7 11 21 29 32 36 38 36 31 26 36 50 102 153 177 194 189 135 85 45 22 19 21 24 14 25 41 48 52 52 45 39 
27 34 40 26 22 10 16 20 17 20 31 41 47 41 35 22 22 16 22 10 21 24 26 25 5 31 38 41 35 23 30 22 13 15 20 30 35 37 38 31 26 22 39 67 133 181 192 195 166 103 56 29 13 13 12 21 17 35 48 57 60 56 48 44 
32 37 39 30 24 17 12 15 13 22 20 23 26 27 32 20 19 9 22 16 30 32 39 30 14 20 36 43 43 28 23 20 8 16 16 29 34 31 32 27 27 39 69 112 170 202 190 175 132 76 39 20 9 9 14 11 10 25 52 62 62 57 45 37 
13 7 22 16 22 17 11 11 17 20 13 19 24 25 30 19 20 10 29 27 29 30 32 18 13 19 34 47 42 35 21 13 15 13 9 5 12 26 31 39 55 91 136 179 209 210 176 139 95 51 23 14 12 7 12 12 15 33 46 51 48 40 32 25 
47 32 13 10 19 20 14 10 19 23 12 22 29 38 38 27 29 24 31 30 30 27 39 19 23 13 27 40 41 41 28 15 20 24 24 20 13 6 16 35 66 125 179 210 206 185 144 97 59 26 13 22 23 24 20 17 13 29 41 35 34 23 13 8 
27 23 13 19 24 25 25 11 24 24 21 22 37 30 31 26 31 30 22 22 17 22 38 32 41 32 34 41 42 42 34 20 3 6 6 17 19 6 27 65 100 154 205 204 171 140 104 50 27 22 10 17 16 17 24 27 28 32 26 9 12 6 2 4 
20 22 13 19 28 28 34 24 29 34 33 29 38 24 11 11 10 19 16 8 8 21 33 20 29 31 33 41 42 39 32 20 9 8 11 18 31 22 55 116 161 201 225 205 150 110 77 31 14 20 14 26 15 12 26 27 27 27 22 14 17 14 13 17 
10 13 17 24 34 35 32 19 9 18 18 17 29 12 11 17 18 22 13 17 22 38 45 34 29 28 38 39 38 36 27 26 14 3 11 9 41 56 103 171 203 218 221 178 116 80 51 25 16 26 20 31 22 16 31 29 24 28 32 31 29 21 19 13 
7 17 28 29 39 31 29 23 10 10 18 24 21 14 17 17 15 26 24 31 27 28 34 30 30 26 32 35 32 24 19 17 19 16 15 26 65 97 150 204 209 194 170 114 55 28 19 19 23 30 24 38 25 25 32 31 29 34 35 34 31 23 12 11 
19 22 29 29 31 22 19 16 14 18 28 24 18 19 28 32 36 41 41 46 45 31 27 29 34 26 17 19 29 22 15 15 25 33 39 72 117 153 199 213 190 157 123 71 30 17 15 18 25 33 30 38 32 26 32 30 27 29 32 29 25 16 13 17 
29 28 31 29 23 14 13 26 26 17 20 24 29 29 36 43 48 50 48 46 50 40 24 15 17 13 13 13 27 18 10 21 35 63 91 133 164 185 207 195 158 128 89 52 21 13 5 13 20 40 35 41 34 24 27 26 27 31 30 22 20 16 24 28 
25 24 26 23 14 16 28 42 45 38 31 27 29 18 20 30 24 24 33 32 45 49 42 33 39 32 29 26 35 27 24 31 44 79 129 173 190 189 182 145 108 84 46 19 7 6 16 17 15 30 31 36 34 26 20 10 19 24 20 17 10 17 29 39 
38 29 32 24 6 19 28 39 31 22 20 19 26 21 21 27 21 17 12 12 15 37 28 12 17 8 9 12 26 34 43 65 99 132 175 204 202 178 152 102 71 51 20 23 24 29 27 22 26 24 26 36 43 46 41 29 22 17 14 11 13 21 34 37 
10 9 18 17 12 19 29 39 36 24 12 8 12 15 13 19 24 24 22 26 14 34 22 15 10 12 19 26 46 64 96 127 166 195 219 206 175 134 95 55 40 24 13 21 30 32 31 29 35 17 30 34 45 55 55 48 36 24 12 10 8 30 27 27 
38 29 24 11 10 24 32 36 27 17 17 13 11 13 20 35 43 43 38 39 31 36 29 22 9 21 32 60 91 119 141 154 180 194 185 156 114 72 39 22 23 8 12 10 20 17 18 27 42 10 37 23 26 31 34 36 24 20 21 20 26 37 32 35 
22 10 3 8 19 27 36 37 26 15 4 2 5 8 16 21 28 31 41 46 53 50 43 43 49 81 106 130 158 171 175 171 172 164 135 98 61 38 29 22 13 8 19 15 17 10 13 31 46 6 46 24 27 40 24 38 19 24 35 36 37 45 34 27 
28 24 17 15 18 20 30 41 38 40 33 25 18 15 22 24 20 22 43 50 60 65 72 85 123 164 183 192 203 200 194 183 178 147 104 68 31 19 18 22 15 20 24 24 28 22 17 30 50 8 50 21 24 39 17 31 2 13 19 13 15 31 25 17 
17 20 14 17 19 13 13 14 8 15 15 20 21 19 27 28 24 29 45 31 33 58 76 104 156 194 200 204 201 185 161 143 121 87 53 32 22 27 22 17 22 27 24 27 14 22 17 32 46 18 46 17 27 47 36 36 18 15 10 9 16 28 28 23 
16 20 21 16 20 9 8 9 8 18 28 29 33 20 30 29 32 48 58 57 83 125 146 168 200 208 185 177 157 138 111 89 67 40 20 16 21 32 30 27 26 28 30 31 25 24 16 30 41 18 34 21 27 42 36 29 21 24 6 9 10 20 32 32 
27 27 20 17 17 11 14 10 13 16 21 29 26 31 43 46 58 84 96 120 160 196 209 220 227 204 160 131 101 72 53 48 39 24 20 16 27 39 44 39 29 27 27 29 17 22 16 31 34 22 22 18 18 21 19 20 17 29 19 17 8 6 21 23 
55 47 45 31 22 12 29 28 25 31 48 68 88 111 126 128 132 143 144 154 179 201 194 189 175 137 93 70 46 26 27 36 33 33 27 7 13 27 34 27 29 36 30 22 10 16 17 29 27 19 8 15 15 12 9 6 7 20 23 34 29 29 20 18 
63 61 68 64 65 59 69 67 69 75 93 108 133 163 181 181 189 196 187 181 192 190 157 137 105 64 31 19 12 20 38 41 48 47 39 19 8 18 29 30 27 38 22 17 24 19 20 29 19 6 15 17 19 8 7 2 12 13 22 31 29 32 20 19 
107 116 127 132 139 144 153 156 157 161 163 161 170 187 185 178 182 189 182 178 184 170 123 92 60 32 30 11 15 26 40 41 52 52 45 31 19 13 26 22 27 36 16 17 19 22 16 22 13 14 22 19 32 30 29 16 15 19 17 20 22 30 22 24 
177 182 191 199 207 209 213 210 206 202 197 189 188 192 173 164 160 157 142 137 129 104 65 45 30 29 34 30 25 30 39 39 48 50 44 31 25 17 17 14 21 29 12 17 23 24 18 16 12 20 31 31 45 33 32 27 34 27 11 11 19 29 24 32 
183 185 182 185 188 190 190 188 185 180 173 166 163 159 136 124 114 103 82 69 53 42 17 11 11 17 29 34 14 22 24 27 34 38 32 28 21 15 16 3 19 26 40 47 45 41 34 30 34 36 29 30 33 10 17 26 36 24 5 9 18 29 32 36 
147 145 143 144 146 148 145 147 147 140 124 112 100 86 65 56 50 45 37 32 26 26 22 18 14 7 20 34 12 11 19 15 19 16 17 20 22 17 20 17 27 30 47 41 43 34 33 31 32 44 38 34 36 13 15 24 32 27 15 24 26 26 30 38 
103 102 107 117 126 130 120 114 97 79 60 50 41 32 18 18 7 3 17 20 15 22 30 24 24 15 23 34 10 6 12 9 5 12 11 14 12 5 20 26 31 25 34 21 29 21 24 27 30 34 36 36 25 11 13 24 22 19 23 34 42 42 48 51 
39 36 31 39 46 48 41 38 31 15 20 13 24 17 12 12 11 17 24 32 32 33 43 31 23 19 22 34 12 15 20 18 18 15 13 19 22 17 27 32 31 23 19 3 21 5 16 24 34 36 36 43 31 32 33 28 16 8 12 19 34 43 53 58 
20 20 21 20 29 34 34 32 39 27 29 21 25 10 15 13 22 26 23 31 28 32 41 26 17 12 20 27 19 16 26 24 25 24 22 22 29 26 32 32 31 24 15 10 21 13 18 17 34 33 39 46 27 31 30 24 17 12 15 17 32 39 46 44 
29 28 21 12 8 18 9 20 31 28 32 33 41 11 23 22 26 31 8 13 19 22 38 26 12 11 12 17 8 12 20 20 31 26 30 30 30 23 27 32 30 33 19 22 22 20 31 13 21 7 20 39 19 23 23 24 18 13 13 16 36 38 38 34 
26 23 22 17 27 33 31 31 29 22 29 35 47 17 30 26 29 31 9 5 13 13 24 21 7 13 11 12 6 6 13 16 34 25 27 30 34 29 28 29 30 38 28 26 23 23 35 17 24 6 13 38 13 22 12 17 13 13 17 13 32 41 39 31 

15 19 20 29 12 8 15 22 31 33 34 42 16 23 15 18 19 19 22 18 42 36 31 27 26 23 17 13 20 32 27 24 32 29 11 19 19 22 12 42 17 14 14 12 31 17 27 13 16 9 8 25 15 41 115 170 181 183 165 78 20 48 64 67 
29 30 22 20 8 8 20 24 31 32 38 41 24 15 17 19 17 13 13 12 40 29 25 19 20 15 9 7 13 26 19 26 34 28 17 21 21 24 15 42 14 12 13 12 30 12 30 8 14 9 14 26 20 52 121 175 190 185 162 78 9 39 48 58 
19 24 22 17 13 12 23 29 31 34 39 47 41 7 11 11 15 27 22 23 35 20 26 13 21 15 9 13 15 20 22 32 32 13 20 25 27 29 18 45 23 17 18 17 28 15 27 8 12 6 12 22 26 60 124 181 199 183 153 81 8 24 32 38 
13 15 9 9 8 8 27 29 25 27 31 39 46 12 17 16 22 32 17 19 29 11 26 5 19 14 14 19 19 24 15 27 27 5 25 25 30 34 17 46 29 24 24 24 26 15 34 13 16 10 15 22 27 68 128 188 213 184 147 88 24 24 10 15 
11 12 15 21 24 20 19 24 22 26 28 27 50 22 20 20 27 46 24 22 31 18 32 13 19 14 17 22 25 14 2 28 28 11 23 20 30 44 31 33 18 18 17 25 14 21 36 26 26 20 17 21 30 73 133 194 218 187 140 89 30 31 15 13 
30 26 21 13 14 14 25 29 29 23 16 17 48 31 17 31 45 62 46 41 39 21 32 14 14 18 18 19 28 15 7 26 31 18 26 16 19 39 40 32 16 16 22 34 24 22 29 18 15 16 15 12 25 78 138 191 220 186 137 88 36 26 21 20 
13 9 9 6 19 22 29 24 16 8 12 17 44 31 29 43 56 72 58 46 39 26 31 17 8 12 4 5 24 20 12 25 31 29 26 20 15 22 32 26 16 27 32 34 34 17 19 18 27 28 22 20 24 78 135 187 212 182 133 86 35 19 19 20 
13 9 12 5 15 26 24 22 19 10 12 11 31 19 27 40 50 62 41 35 25 20 22 23 23 19 16 6 17 16 20 22 32 25 14 8 17 29 29 20 13 29 36 31 36 18 16 22 20 25 10 23 26 83 129 176 208 180 126 77 39 8 12 8 
28 25 27 28 28 28 29 22 19 13 8 9 26 13 14 24 29 39 26 29 24 26 28 31 27 25 20 19 22 18 19 12 14 13 10 6 22 26 25 19 10 20 38 22 34 15 20 24 17 22 13 29 39 102 135 169 199 175 111 68 41 10 8 5 
10 15 19 20 20 24 20 19 21 20 20 18 24 15 12 11 6 15 10 15 20 22 20 19 22 18 29 24 31 32 36 33 26 6 5 8 21 26 26 20 16 19 31 17 21 28 34 31 23 17 16 35 58 123 142 167 201 170 97 55 43 20 19 19 
21 25 27 30 29 33 34 26 25 17 11 15 19 22 22 21 19 12 26 34 34 29 20 12 17 17 22 24 26 36 32 38 29 19 22 17 22 16 19 26 27 17 27 13 9 31 24 31 17 10 22 34 69 130 140 165 208 166 82 53 38 24 31 36 
19 26 30 29 22 24 24 2 12 12 17 15 21 26 31 30 27 23 31 27 29 27 24 8 5 6 16 19 22 31 32 39 23 14 23 33 35 28 33 38 46 44 31 26 9 32 13 32 15 12 25 28 74 131 137 161 206 160 71 43 36 19 28 24 
24 28 30 31 24 20 17 10 22 26 26 21 21 24 27 29 29 27 24 22 27 31 32 19 10 11 16 18 19 33 33 45 32 28 25 27 21 38 39 25 29 30 27 32 21 31 19 35 11 5 22 27 73 126 137 162 208 159 69 44 37 27 31 26 
27 31 35 34 31 15 7 12 16 18 20 21 22 20 21 26 24 28 27 30 38 41 40 25 22 12 7 9 19 31 36 45 45 37 24 14 15 48 47 20 13 19 26 34 27 27 29 31 16 6 20 31 74 120 135 162 203 155 73 46 35 29 34 13 
22 25 20 27 20 22 19 13 11 10 12 19 16 27 30 25 17 22 22 31 32 33 36 20 24 5 6 12 23 26 32 38 39 38 26 13 17 46 51 20 12 22 30 39 24 18 34 35 15 10 19 29 73 117 130 163 196 147 82 48 33 31 31 17 
6 2 8 27 31 27 20 15 12 17 15 24 30 31 27 19 8 19 29 43 38 43 35 29 30 13 6 14 21 18 19 24 35 39 36 24 18 36 45 28 21 22 17 27 15 12 31 32 6 9 15 34 81 122 137 170 183 135 78 44 29 15 17 16 
27 26 16 19 23 25 22 20 6 15 10 17 17 15 10 17 13 15 21 42 29 32 34 39 34 15 8 20 24 6 7 9 27 34 47 40 27 22 35 35 39 39 34 23 13 14 31 35 13 13 18 41 96 139 154 181 174 117 72 41 26 17 21 29 
15 25 27 29 37 34 32 27 15 24 22 20 15 17 12 22 23 22 21 42 27 28 28 41 27 12 9 27 26 12 10 15 32 26 35 32 17 3 20 32 33 36 31 29 25 22 19 22 10 13 23 60 117 150 164 181 153 91 58 28 19 6 22 36 
31 40 29 22 22 26 34 29 22 24 27 25 22 27 20 23 22 18 20 32 26 33 34 36 20 12 10 31 26 12 12 25 39 21 24 27 20 13 13 26 26 25 26 21 24 27 16 24 10 6 12 72 131 163 175 176 127 65 35 8 13 11 20 27 
47 56 39 29 17 28 34 34 36 39 41 36 22 24 27 8 8 8 22 28 27 29 29 25 13 16 14 29 26 12 15 27 35 15 24 28 19 9 8 18 15 15 20 21 32 35 23 18 12 12 26 95 145 173 187 168 104 47 14 10 20 19 25 29 
33 40 30 34 23 30 32 39 46 46 36 32 20 22 31 19 17 19 29 31 31 29 17 13 12 21 21 24 12 11 12 30 31 11 21 28 23 13 6 18 8 8 10 11 22 27 15 12 16 10 49 127 163 182 191 150 79 41 24 28 24 16 17 20 
26 26 26 43 41 30 32 43 43 45 39 32 20 20 24 9 7 16 28 34 45 36 30 22 31 36 37 29 19 8 9 25 32 29 36 39 28 19 11 18 7 7 11 15 22 15 13 20 25 15 79 151 166 182 182 118 51 38 37 42 44 44 41 37 
15 13 29 48 50 36 36 41 39 43 38 29 26 24 23 13 13 16 24 33 43 34 31 28 19 20 20 21 11 10 3 18 33 34 41 32 24 15 19 29 28 32 29 24 12 13 27 26 34 43 115 171 173 186 167 98 41 36 22 35 32 28 36 27 
49 36 27 22 40 38 36 43 30 29 27 29 31 26 22 21 24 19 24 33 38 34 33 22 12 13 24 34 31 24 20 6 14 16 20 19 22 26 29 34 22 24 9 19 17 19 28 19 58 93 157 189 183 178 135 70 38 30 15 27 28 38 46 44 
50 43 40 28 29 37 42 50 45 31 18 28 30 36 38 38 37 26 28 34 31 31 31 24 19 16 7 15 13 12 20 15 12 10 16 6 15 21 19 16 17 20 24 25 14 12 15 24 79 131 184 196 180 157 97 49 34 33 10 23 21 24 34 31 
32 30 34 40 20 32 34 47 48 35 33 41 13 6 10 22 30 22 27 36 33 27 22 21 17 18 18 12 14 13 17 21 10 11 19 15 19 29 19 13 11 9 13 21 13 15 17 46 112 167 203 199 167 129 68 34 31 28 10 7 12 17 26 26 
41 34 36 46 12 16 24 34 43 26 27 40 23 19 29 36 27 19 18 15 20 17 20 27 19 21 26 11 17 13 15 22 15 14 24 27 28 34 22 10 20 20 22 23 18 11 18 67 142 194 215 201 154 104 50 27 22 29 31 22 19 15 15 10 
50 42 34 47 17 17 28 38 53 48 34 36 29 22 26 23 15 20 20 29 32 32 24 27 18 20 23 7 15 17 13 26 20 18 29 31 21 31 29 26 32 28 33 34 24 15 38 99 171 206 210 184 131 72 45 30 21 19 24 19 10 11 15 16 
51 44 37 38 22 17 17 13 45 50 31 27 30 22 27 17 10 16 15 26 32 26 19 19 13 14 22 15 16 15 16 21 17 19 24 31 20 13 17 26 37 34 37 31 26 25 69 135 187 205 190 158 95 43 27 32 24 10 22 29 19 20 19 19 
48 43 32 27 24 35 41 44 54 49 26 13 29 35 33 27 19 20 15 12 13 9 13 25 34 32 24 27 27 20 21 21 17 6 19 21 14 16 20 28 34 34 38 37 29 55 112 166 207 203 175 135 74 31 27 32 29 15 29 43 38 45 45 43 
40 35 31 29 32 41 50 48 45 36 13 14 29 32 29 22 16 29 19 12 10 10 8 16 26 26 24 29 22 19 15 12 19 5 13 10 12 22 26 32 27 27 27 25 27 79 138 182 216 195 156 111 62 39 39 42 45 24 19 32 39 49 48 44 
41 36 32 26 22 21 30 27 22 13 7 14 28 35 32 34 27 37 25 20 18 16 16 26 20 27 24 36 24 22 15 15 27 26 31 25 27 28 24 23 13 17 19 3 44 117 170 201 216 178 122 74 42 22 32 41 45 34 22 19 31 39 38 35 
36 31 26 19 13 12 15 12 8 1 6 12 29 27 21 15 27 36 19 22 36 48 47 38 21 32 26 34 26 20 20 20 29 32 34 26 25 30 32 28 18 15 24 38 90 160 188 201 199 149 87 49 24 14 19 31 32 30 26 20 23 24 22 26 
38 32 29 24 17 17 13 14 2 6 9 17 29 31 39 36 33 27 17 42 52 54 48 39 28 43 22 22 13 12 30 19 19 20 21 6 8 24 35 34 36 32 60 89 144 196 202 192 166 112 64 31 13 2 9 22 27 31 34 29 23 15 11 14 
32 26 23 14 3 12 11 13 14 23 34 32 43 33 31 22 21 13 20 19 26 20 15 20 13 34 31 12 12 13 30 25 14 17 19 12 13 18 26 24 28 39 74 119 177 212 201 177 140 86 43 22 13 5 8 19 29 38 43 38 24 16 9 6 
33 29 28 15 10 17 13 12 12 23 22 17 20 19 27 24 16 5 26 12 20 22 28 29 12 24 26 20 15 12 24 24 8 10 18 20 23 17 15 19 27 58 111 158 201 210 181 144 102 59 28 13 7 12 17 22 29 37 46 43 38 38 32 31 
35 24 22 9 11 5 11 9 17 26 26 17 20 17 32 26 17 6 29 20 24 19 28 20 11 25 32 28 19 17 23 32 24 17 11 1 12 19 26 41 65 117 168 209 219 199 154 107 69 38 20 8 6 13 20 24 27 32 40 31 27 31 27 26 
40 33 12 7 12 5 10 12 20 30 28 27 32 31 38 35 20 14 24 3 10 20 41 28 24 8 15 18 22 26 17 22 19 23 25 22 17 15 24 45 94 152 208 222 195 157 116 64 41 29 10 18 17 19 24 18 17 20 27 8 6 8 10 11 
17 24 18 16 15 8 14 9 25 34 36 29 43 32 38 38 27 22 12 8 24 37 52 45 44 38 24 26 26 29 23 13 10 17 27 26 26 31 49 91 137 183 213 198 149 110 74 32 26 28 15 17 15 15 26 20 18 17 24 19 23 25 21 22 
17 22 19 13 15 12 20 18 28 43 41 34 41 26 22 27 8 12 6 1 10 27 38 22 28 26 20 27 22 24 13 2 20 32 36 39 45 58 95 154 193 209 218 182 121 80 52 27 19 27 8 16 6 8 25 18 18 19 29 31 40 38 38 40 
17 21 24 16 25 23 24 15 6 24 24 12 26 11 15 26 22 26 17 10 17 39 44 34 27 23 29 29 24 12 10 20 31 39 42 47 72 98 142 200 216 206 192 143 84 49 38 27 24 28 13 26 10 8 28 17 17 20 31 39 42 44 47 48 
17 13 14 15 28 21 22 17 5 21 22 14 16 8 12 16 19 24 26 31 21 33 35 30 26 18 22 27 20 12 17 32 46 56 57 74 107 137 180 213 198 167 133 78 25 6 20 26 26 31 17 23 13 15 32 17 23 26 31 37 41 45 40 47 
13 6 10 14 24 25 24 19 8 19 29 18 9 9 15 24 29 32 36 40 37 24 28 33 34 27 19 22 30 26 26 38 50 67 85 121 157 183 212 206 159 121 85 41 12 8 20 24 20 29 24 26 18 18 34 19 14 17 20 23 26 24 26 23 
13 8 6 6 21 22 27 24 16 19 14 19 20 19 26 39 39 43 45 43 43 29 19 17 19 24 23 31 33 30 35 51 71 102 139 176 199 194 202 172 123 93 60 32 13 10 17 15 19 34 20 16 12 6 31 17 13 21 14 11 9 10 2 8 
10 8 9 6 19 25 36 38 31 29 27 24 20 8 19 32 23 25 26 31 36 34 32 23 30 30 34 38 41 39 46 62 85 123 171 204 202 180 166 121 79 58 27 6 13 23 29 32 33 37 20 19 14 16 28 9 14 23 19 20 15 19 21 29 
36 32 29 15 8 20 36 38 22 10 11 17 15 8 17 25 25 24 24 18 19 31 25 12 20 20 27 34 44 51 72 101 131 161 193 204 182 154 123 82 48 39 24 29 36 38 36 27 38 38 32 34 42 48 45 36 32 33 30 27 25 26 38 44 
10 13 20 10 7 17 25 31 24 19 15 20 15 16 16 24 29 32 27 26 8 27 27 12 8 11 26 48 69 97 131 157 186 201 204 176 142 100 71 45 31 15 14 24 36 34 26 24 40 27 32 38 50 58 56 53 41 38 35 29 27 38 40 45 
24 24 22 9 11 17 24 27 15 14 17 13 17 21 22 38 39 39 32 32 28 27 28 10 5 27 55 91 123 156 171 180 185 179 159 119 79 49 30 24 25 7 14 12 27 21 19 24 45 19 39 23 17 35 21 36 21 26 32 29 31 43 40 46 
10 16 18 19 19 19 23 27 19 11 13 13 16 15 10 15 19 24 27 38 46 50 54 55 72 105 137 162 183 195 191 171 156 135 98 62 34 31 22 22 19 17 20 13 26 19 20 35 49 15 43 20 19 40 13 33 19 31 39 38 38 48 38 37 
20 26 31 29 25 24 22 29 32 34 30 27 22 15 12 20 6 13 31 45 56 73 93 113 154 190 207 211 213 207 187 168 150 115 71 45 22 19 17 23 20 29 29 22 24 9 20 38 50 9 41 17 20 41 12 27 14 22 21 15 17 31 20 24 
26 36 38 36 36 32 18 6 10 6 17 19 24 15 12 22 19 32 43 45 56 95 120 145 189 211 206 205 190 169 141 116 94 64 38 25 12 10 5 15 24 36 32 34 31 19 22 33 45 5 35 26 37 53 41 36 27 22 22 15 14 21 16 20 
36 41 43 41 40 34 21 8 13 16 21 30 31 24 35 46 60 76 90 103 131 173 189 206 221 208 175 154 126 95 73 56 43 24 16 13 11 12 16 22 26 35 36 40 34 25 17 24 38 8 23 20 29 38 34 32 26 29 24 21 10 10 7 12 
34 38 37 38 37 34 25 14 28 31 38 43 46 64 81 91 109 125 135 153 187 216 218 220 217 177 130 97 66 31 24 22 18 18 23 13 15 15 22 27 26 32 32 36 29 20 11 20 27 17 9 17 10 15 6 8 8 24 26 29 20 13 12 10 
70 67 64 57 48 37 44 45 56 68 88 105 122 148 166 165 175 175 166 164 180 189 173 161 139 95 53 37 19 21 19 26 22 26 32 18 12 8 5 8 25 42 38 31 20 19 16 20 17 10 6 8 6 3 6 4 4 19 34 42 40 40 31 32 
104 107 109 108 102 96 97 95 102 111 123 135 152 180 194 193 201 201 183 170 171 164 126 103 72 31 22 5 12 25 25 29 32 36 39 22 17 15 20 24 30 44 29 13 6 8 21 22 11 8 16 10 14 2 5 6 14 24 32 35 34 33 22 19 
136 144 154 158 163 170 175 176 172 172 165 161 167 187 185 176 178 175 159 151 152 129 88 60 33 26 25 8 13 17 22 30 35 35 39 29 24 26 26 25 29 44 27 11 9 6 21 25 9 13 17 18 36 35 29 20 29 27 17 19 17 26 12 15 
187 190 201 206 217 222 222 218 208 200 188 183 185 188 170 152 144 133 114 104 97 73 46 36 31 34 28 24 22 24 23 26 32 29 29 21 12 17 17 19 23 31 12 8 16 15 24 26 11 3 15 26 42 34 31 26 39 30 10 13 13 17 7 15 
188 187 185 185 189 194 190 185 183 176 161 156 152 138 112 95 83 72 51 44 36 30 26 27 36 31 33 36 22 24 26 28 30 34 27 20 11 8 9 10 24 36 42 47 46 39 38 32 24 20 9 24 40 8 13 22 39 36 15 10 10 15 16 16 
138 133 127 123 128 131 130 126 124 115 97 85 80 65 44 39 35 27 24 27 20 20 26 23 31 24 27 39 19 16 19 25 26 29 23 19 19 19 26 30 39 43 50 46 41 35 33 27 20 20 19 29 36 11 13 26 32 27 21 29 35 32 29 31 
77 71 67 74 88 93 92 86 71 53 41 32 36 26 13 13 8 4 13 20 6 10 24 8 17 8 16 37 8 8 12 13 13 13 19 12 12 13 26 40 44 46 39 32 35 29 27 19 7 15 22 32 34 15 15 25 20 23 23 32 41 41 36 29 
23 12 4 15 20 24 24 27 23 19 22 19 29 15 10 7 10 24 29 34 23 24 36 15 23 13 20 34 11 7 13 18 20 21 14 16 23 25 29 40 45 46 36 22 22 8 17 19 20 26 29 39 34 31 28 22 7 11 14 14 26 34 35 37 
17 24 34 41 43 39 35 36 30 20 20 18 24 12 17 11 19 32 31 36 31 34 40 24 17 9 15 24 10 11 13 15 22 17 17 21 31 35 31 38 46 48 42 28 30 12 20 13 24 28 34 45 32 32 29 22 9 7 8 14 24 33 35 36 
23 26 34 34 32 24 8 12 26 29 32 31 38 14 17 6 15 24 11 15 12 19 34 32 24 25 19 19 8 10 15 19 32 24 20 24 39 40 27 27 41 52 45 36 32 12 30 8 21 12 21 43 22 21 27 27 24 19 7 6 20 29 31 32 
21 26 40 45 45 39 23 17 19 19 32 29 41 8 15 3 13 24 11 14 15 13 24 25 11 15 10 8 4 8 13 18 36 26 16 27 44 44 32 24 40 53 52 42 35 17 32 10 25 12 19 39 17 13 15 15 16 17 8 8 14 28 36 33 

25 26 10 26 17 16 32 32 39 44 49 56 40 8 15 19 20 27 17 17 39 43 39 49 51 53 43 29 18 26 10 18 34 28 15 8 14 27 13 41 9 14 16 19 37 23 26 11 21 13 12 31 20 64 141 173 171 169 130 43 39 43 47 51 
32 31 16 15 13 17 35 32 38 43 48 57 44 13 17 17 18 28 11 17 39 42 46 51 52 53 42 29 16 19 20 29 36 29 17 15 25 31 22 45 17 11 15 14 35 21 22 7 20 11 9 27 22 71 143 178 181 169 127 44 34 39 37 45 
26 26 11 9 8 12 36 34 32 38 43 57 55 25 10 12 16 36 26 26 37 42 51 53 54 52 43 32 21 10 20 25 26 16 22 27 31 36 26 52 27 20 17 15 32 20 22 8 19 12 13 21 24 82 143 187 196 166 120 44 25 33 31 36 
24 24 8 9 11 13 33 29 24 21 31 40 57 31 9 8 15 43 24 27 34 43 57 52 52 51 41 36 26 20 24 27 21 17 27 30 36 40 29 53 39 28 26 24 26 21 21 13 17 15 16 14 27 92 156 198 211 172 119 50 24 32 23 24 
24 21 8 15 17 10 26 27 29 29 26 26 51 32 6 16 29 50 35 31 40 48 57 48 46 41 36 31 33 29 29 34 25 20 28 32 39 44 25 39 34 16 11 19 11 21 26 22 24 19 17 15 36 104 163 203 216 171 111 55 19 31 24 22 
32 25 15 8 20 20 33 38 43 33 19 11 46 31 3 25 32 53 34 32 43 43 53 38 27 24 20 22 27 31 22 26 20 18 25 26 31 39 41 41 35 12 3 21 14 14 18 16 15 18 14 6 31 110 166 201 218 173 113 57 18 20 20 24 
28 24 12 5 23 22 24 22 25 23 22 12 46 30 20 37 34 60 45 39 45 43 45 29 13 10 12 10 20 24 19 26 30 27 29 23 17 24 32 34 29 14 16 20 26 11 11 17 21 34 24 19 32 108 159 192 209 170 106 57 16 6 16 20 
24 15 10 7 22 13 15 15 22 25 26 22 38 24 24 39 33 50 24 22 30 20 26 18 11 3 1 7 17 15 6 14 25 24 18 8 13 24 26 25 22 12 20 20 30 11 10 6 17 31 13 22 36 114 157 182 199 160 93 49 22 3 6 5 
32 31 27 24 21 8 14 10 17 22 20 18 31 21 29 36 29 33 15 15 27 15 19 19 19 10 9 13 20 17 18 17 14 15 8 6 17 27 30 26 24 15 26 20 32 12 17 12 13 34 16 26 51 123 148 170 192 153 77 43 33 8 5 3 
19 13 11 12 8 12 25 19 21 24 22 22 24 17 15 19 12 16 3 6 17 13 17 14 11 5 22 29 20 24 28 38 27 18 7 7 23 32 38 29 27 15 24 19 27 27 32 29 19 34 20 34 74 140 149 164 194 147 65 35 29 13 15 17 
15 14 4 11 17 26 35 27 27 21 13 11 13 11 11 19 17 9 14 21 24 24 15 9 14 18 27 32 21 20 17 30 22 22 15 12 28 35 39 32 31 12 17 21 22 32 27 34 19 36 21 36 90 145 142 163 191 134 49 28 27 15 22 24 
22 19 13 19 17 20 27 10 10 8 10 9 12 22 26 26 25 19 30 27 29 27 17 5 9 17 22 34 28 25 7 19 11 16 24 32 39 46 42 37 45 38 27 29 21 36 27 39 20 27 26 41 105 151 147 164 194 131 41 21 22 13 20 19 
7 10 12 26 22 17 19 13 23 26 25 11 8 12 7 19 26 26 30 27 24 32 26 15 13 11 19 25 25 27 16 18 21 26 32 31 38 50 41 20 19 19 17 36 25 37 27 38 20 20 19 42 103 149 151 169 197 137 47 23 20 19 26 22 
26 29 38 44 37 24 13 5 10 18 17 17 12 19 15 26 21 27 36 37 45 44 36 28 26 16 12 19 22 26 13 17 27 31 26 21 23 49 47 21 5 6 13 33 26 28 27 30 21 15 12 46 102 145 153 172 189 130 46 15 9 18 32 13 
19 15 17 29 16 13 6 12 10 15 22 20 13 24 26 25 17 26 31 31 32 27 26 19 17 8 3 14 21 24 20 15 14 12 9 10 24 45 43 22 15 27 34 44 29 23 29 24 19 14 10 43 102 138 151 179 187 124 52 14 7 24 37 26 
8 7 21 41 32 28 19 14 15 20 27 34 34 38 35 31 28 29 28 33 24 25 18 26 27 13 6 17 26 10 10 17 25 34 25 15 17 41 48 32 19 17 11 32 13 16 32 22 22 14 11 52 109 142 157 183 176 108 45 9 13 27 43 41 
34 28 26 36 36 30 17 10 9 15 13 30 33 39 42 43 33 32 27 29 13 12 13 34 28 15 10 24 26 6 1 7 28 40 48 44 34 27 35 38 35 36 31 29 11 6 26 18 15 5 7 57 121 151 163 189 161 88 41 9 29 35 50 52 
18 24 29 45 48 40 29 13 8 21 22 33 36 46 42 46 37 33 36 44 34 36 32 44 30 14 13 36 31 15 19 17 41 36 41 34 22 15 26 41 36 39 40 31 19 10 18 15 14 9 19 80 139 162 166 177 126 58 29 7 28 29 46 54 
29 33 32 44 45 43 27 10 13 13 12 24 29 39 42 43 43 34 27 36 39 43 43 38 22 5 10 34 29 12 14 21 41 28 31 29 10 21 24 41 34 37 40 31 22 14 14 18 11 13 32 100 156 173 175 168 102 35 23 19 35 30 36 47 
41 40 28 38 39 39 24 3 17 17 21 19 21 28 32 36 29 25 22 27 34 34 31 22 14 13 14 32 26 17 20 22 34 19 29 32 12 15 15 31 22 26 34 29 31 30 24 22 26 17 50 130 170 187 180 145 71 19 24 26 33 29 34 31 
38 29 24 38 36 33 17 11 19 15 17 11 3 19 23 17 19 19 8 8 23 17 23 9 10 23 19 28 26 9 17 26 30 19 26 33 14 14 6 26 10 12 21 19 20 24 20 20 23 17 82 163 182 190 176 119 39 22 27 29 29 26 24 24 
32 20 29 42 43 24 10 20 12 12 10 6 10 20 22 12 4 20 8 9 27 12 24 12 25 32 30 32 26 10 9 19 30 28 36 37 24 18 12 24 13 10 14 6 14 15 13 15 23 31 117 185 181 182 161 86 25 30 41 44 42 41 39 35 
24 15 24 29 33 15 18 31 25 32 20 24 29 38 31 25 19 18 12 16 27 13 27 24 19 17 15 25 24 16 8 17 36 38 41 32 12 10 20 28 27 30 34 22 15 11 26 19 39 68 149 199 184 177 139 67 26 32 35 38 35 36 35 32 
58 49 39 10 23 22 23 33 15 18 15 30 31 32 26 24 22 15 6 10 26 24 32 22 17 15 21 32 37 32 27 17 8 11 16 7 23 27 27 34 34 34 34 31 22 26 25 26 76 116 182 207 176 160 107 48 23 20 20 28 29 36 43 40 
49 48 45 24 17 32 34 48 34 23 15 36 25 29 27 28 32 17 15 15 19 27 31 24 24 17 19 13 22 27 36 35 26 25 22 20 25 23 6 16 29 36 43 36 27 15 8 45 111 154 200 201 162 126 71 31 24 20 12 17 21 30 35 36 
26 29 45 45 11 29 29 43 42 27 31 51 24 7 5 12 22 12 14 19 26 30 30 28 29 19 26 16 27 33 36 38 22 18 16 13 20 21 2 17 22 29 32 33 20 17 17 69 139 183 214 194 143 104 52 24 29 23 10 10 19 25 32 34 
26 30 40 54 13 20 27 39 41 23 31 49 28 19 26 31 27 21 20 19 27 32 24 30 29 16 31 15 24 36 34 38 24 16 16 18 20 24 2 11 30 28 38 31 26 19 33 98 164 208 217 185 126 82 39 31 27 29 26 17 6 10 8 5 
29 24 36 54 24 22 38 41 57 50 41 43 32 24 24 22 23 22 26 31 38 40 38 31 31 20 31 17 27 34 35 38 26 13 15 15 10 28 29 30 35 34 42 31 25 19 64 131 185 210 201 161 99 56 37 36 32 30 27 19 13 19 17 19 
39 39 35 46 32 21 10 11 43 50 39 29 29 25 22 20 13 15 13 25 31 26 13 12 14 15 36 22 22 26 26 32 24 9 15 21 10 12 18 25 39 36 37 24 23 41 104 165 200 204 175 133 71 31 29 40 39 26 24 27 15 15 7 7 
27 23 26 33 38 40 41 39 51 54 32 18 26 29 23 19 9 13 14 16 15 7 12 22 29 31 27 23 22 18 19 22 19 8 13 20 13 15 20 27 37 36 38 36 46 88 146 188 213 197 160 112 58 29 28 40 38 23 26 38 29 41 42 47 
22 22 23 30 33 40 43 39 45 40 17 6 19 15 13 15 15 22 19 17 21 13 12 16 21 20 18 22 15 11 8 13 28 15 22 13 8 19 26 36 32 29 31 29 55 121 174 198 211 178 128 85 50 30 35 42 43 19 13 30 34 46 40 39 
26 18 19 22 21 27 36 38 34 27 9 6 20 26 22 24 22 34 27 23 16 6 15 23 20 17 13 26 10 12 11 10 32 24 24 26 27 22 23 19 7 11 12 24 82 154 199 208 204 150 92 59 32 16 25 41 47 22 14 23 35 40 34 28 
26 19 15 14 13 16 25 22 17 10 7 11 26 22 13 13 23 36 24 26 29 45 47 44 30 26 18 37 28 15 19 16 36 36 33 31 29 28 33 27 22 15 35 66 125 189 208 199 178 119 66 36 27 17 22 33 41 30 24 26 32 37 38 40 
26 14 16 12 12 12 13 15 4 8 19 22 27 27 31 29 33 27 14 32 41 48 45 41 30 39 24 22 22 13 29 25 31 30 22 12 11 20 27 30 37 39 74 117 175 212 206 176 140 87 45 27 19 6 15 26 37 32 27 26 28 32 38 43 
23 10 13 8 8 13 13 14 17 26 31 32 37 29 27 26 27 15 20 15 16 24 26 29 29 38 24 13 8 8 27 31 32 34 23 15 10 19 20 25 29 53 91 143 196 213 190 155 111 61 30 17 11 6 8 16 29 31 32 30 24 27 32 39 
24 13 21 6 8 10 9 15 15 24 26 26 26 23 29 28 24 14 27 6 17 24 29 29 23 27 27 14 13 3 22 31 29 32 28 26 18 18 15 20 37 86 128 178 212 196 156 117 80 39 19 15 8 17 19 23 29 26 30 32 27 30 31 32 
30 24 17 10 13 11 11 14 18 29 29 19 18 15 35 34 26 22 34 19 21 25 31 28 22 31 36 25 8 9 21 39 34 26 19 11 12 22 31 43 88 143 186 218 216 176 126 83 50 24 17 11 3 13 17 21 15 19 30 30 31 29 26 23 
29 27 12 15 18 18 14 15 21 26 25 8 24 27 43 41 29 22 31 4 5 20 39 31 23 12 19 3 5 19 14 31 22 13 19 11 13 20 36 68 125 180 213 210 181 135 89 45 31 24 13 14 10 19 16 12 6 13 31 29 34 29 21 20 
17 21 19 22 22 20 13 14 26 36 39 34 41 38 48 48 36 26 20 6 22 36 55 51 46 35 31 19 11 20 16 29 24 14 24 25 31 47 76 121 169 201 208 180 129 85 50 16 19 31 20 18 10 12 19 15 8 12 30 33 36 32 27 26 
20 26 25 29 32 26 24 19 31 41 45 39 44 42 41 46 26 9 7 14 20 25 40 22 25 15 12 15 12 18 14 27 19 12 24 36 52 81 127 178 205 203 196 149 97 62 37 17 17 26 17 6 6 9 23 12 16 17 29 32 28 23 17 16 
19 22 28 34 34 33 23 13 3 20 26 17 32 36 39 41 32 22 19 16 19 36 39 20 15 14 17 21 24 19 24 31 23 24 32 57 87 118 166 209 205 179 156 101 50 31 16 19 22 27 19 12 9 12 25 17 26 25 29 28 19 15 6 4 
20 19 25 30 33 27 22 11 7 18 23 19 31 32 36 29 27 23 25 32 24 33 31 15 10 15 20 28 31 30 31 35 33 40 59 93 124 155 192 208 175 131 95 39 17 16 20 24 24 27 20 9 16 22 29 19 22 19 20 19 16 19 20 18 
16 17 17 23 26 24 21 11 10 23 29 28 29 27 25 22 19 24 31 39 31 21 17 20 29 33 31 39 43 43 38 39 38 56 94 135 170 183 202 180 126 82 53 13 12 15 19 23 23 27 24 15 20 18 28 14 16 24 27 27 27 26 21 20 
10 7 10 12 17 19 22 12 16 26 31 35 33 27 19 32 26 37 42 46 40 22 6 19 28 34 37 41 37 36 39 56 72 109 153 187 196 185 176 143 93 60 36 14 13 16 20 20 24 30 20 8 12 5 28 10 5 16 16 12 17 19 17 14 
8 12 15 10 18 19 24 13 29 31 36 36 27 19 10 27 19 25 30 32 34 27 18 17 20 20 16 19 19 19 45 74 102 142 188 204 191 162 141 102 59 39 19 11 32 38 40 39 43 42 31 24 25 20 26 12 20 27 26 19 19 14 16 16 
36 34 29 15 16 14 27 15 20 20 27 29 18 8 8 20 21 23 26 29 24 25 22 19 24 24 23 30 35 54 91 123 151 177 199 184 160 124 97 61 38 29 24 31 44 43 34 25 37 40 31 38 45 46 43 42 43 46 38 31 22 8 13 18 
19 22 26 13 13 10 17 12 15 22 24 29 25 22 17 16 24 24 22 23 21 31 24 18 19 31 46 72 97 125 157 185 196 199 186 147 106 74 51 38 27 8 19 23 40 33 22 20 36 29 30 33 41 53 46 45 41 35 29 17 11 20 15 19 
13 22 15 9 12 17 20 13 8 6 10 8 15 25 20 28 33 32 17 26 26 24 28 24 34 58 87 122 157 180 199 195 183 165 128 85 52 40 24 29 27 16 20 18 38 30 27 31 38 24 34 17 11 28 19 20 9 14 13 9 10 27 5 15 
13 17 6 9 12 18 21 16 19 11 14 19 24 26 16 10 17 20 12 30 39 57 69 81 105 133 159 185 201 211 199 169 143 109 69 41 25 17 17 19 17 22 29 19 31 24 26 39 41 21 32 22 18 34 17 27 15 13 24 24 28 32 21 21 
15 15 11 10 9 23 26 24 31 33 31 30 32 29 19 17 11 15 17 36 64 102 128 154 189 209 219 225 217 201 175 148 121 85 50 35 26 15 16 18 17 26 31 20 26 15 24 43 47 20 29 26 28 39 22 18 13 17 22 19 14 26 3 11 
22 18 19 11 12 28 27 8 15 11 15 23 29 29 29 34 37 49 65 72 105 143 166 189 217 217 213 201 176 145 117 89 69 44 26 26 23 17 17 22 15 31 32 31 40 27 23 37 39 15 15 24 36 48 36 34 28 29 27 23 14 17 5 13 
26 20 22 18 19 34 32 13 16 17 24 32 33 38 57 74 94 114 131 151 182 213 222 227 227 196 162 137 97 64 46 34 23 15 11 17 19 17 24 22 10 19 24 26 34 19 12 23 34 23 9 10 15 31 25 24 23 28 26 22 14 10 3 5 
27 27 23 22 21 34 42 34 48 55 62 69 78 96 115 127 138 150 163 179 205 228 219 211 194 147 105 78 39 19 17 18 13 16 24 18 20 13 20 20 18 22 22 31 33 19 8 12 17 20 15 12 10 13 13 12 10 9 12 10 13 6 6 8 
90 90 90 91 85 82 82 81 85 104 117 135 153 177 187 187 183 175 169 161 174 177 151 130 105 58 38 19 12 30 16 20 19 23 36 22 12 5 9 10 19 32 31 31 28 20 13 13 12 15 15 6 8 6 14 10 13 10 19 28 30 31 30 32 
149 154 157 156 150 145 137 128 126 137 142 154 173 196 202 197 197 186 170 151 150 131 90 67 43 18 20 6 18 34 13 22 16 24 44 31 20 19 23 23 32 41 34 25 20 19 21 18 5 12 17 6 13 9 10 6 22 24 25 29 27 31 22 22 
164 173 182 189 199 204 199 196 183 175 164 164 173 189 181 168 157 145 126 116 112 93 50 32 18 27 17 7 17 22 14 16 12 17 32 32 26 30 27 24 24 38 32 12 10 9 22 22 10 14 14 13 31 30 24 11 24 20 17 9 11 20 13 22 
186 191 201 216 230 235 230 218 201 190 175 172 176 178 152 126 111 92 72 67 70 57 41 38 30 31 20 24 28 34 23 22 11 12 27 24 14 19 24 21 21 30 17 11 10 11 24 29 15 9 5 17 34 32 27 24 32 29 19 16 17 16 9 13 
175 175 174 178 183 182 177 166 160 155 143 135 129 119 83 62 56 41 29 39 44 40 41 45 41 37 39 36 27 31 31 29 25 24 31 24 16 11 12 15 16 32 38 45 37 32 28 27 19 15 12 15 32 25 24 25 27 31 21 17 11 4 5 6 
109 102 98 100 102 102 97 93 89 83 74 63 58 49 30 28 27 26 24 38 36 36 43 43 45 41 37 38 19 20 25 25 22 24 28 24 24 24 33 37 43 44 48 44 43 33 31 29 22 19 17 19 35 23 24 23 15 24 17 28 31 31 24 27 
34 27 34 45 53 55 55 53 43 38 33 25 27 20 13 9 11 10 13 26 25 26 34 23 23 12 10 36 7 6 19 13 8 5 11 16 15 17 30 41 45 42 41 36 46 36 36 31 26 20 26 23 29 20 22 25 10 13 13 31 29 39 27 25 
18 20 22 26 25 19 12 15 10 22 29 20 26 12 10 16 15 24 29 32 21 21 33 17 19 13 18 28 8 13 20 24 24 17 18 12 22 26 29 38 35 34 25 23 32 15 26 31 31 31 32 31 36 29 29 25 8 13 10 22 10 24 22 20 
32 36 43 48 55 53 45 39 26 16 24 11 17 18 22 17 22 29 32 38 32 33 41 22 15 8 15 22 13 12 14 12 21 22 12 11 29 38 35 39 32 32 24 24 33 6 20 27 29 31 34 34 27 27 23 21 16 13 12 22 12 26 17 17 
34 35 33 33 37 31 19 18 24 25 39 26 30 24 17 17 15 21 19 14 8 11 30 26 24 29 29 31 26 26 19 12 22 24 17 22 34 37 34 27 19 23 28 29 36 9 26 19 21 17 25 32 19 20 26 34 39 37 27 22 13 20 17 13 
39 38 41 48 52 44 29 12 16 20 36 29 37 21 19 14 13 24 25 19 20 12 15 15 13 23 21 23 28 27 24 11 22 26 15 17 39 44 45 33 13 24 31 29 36 12 25 7 21 13 20 33 11 15 20 26 36 39 35 28 15 19 23 20 

30 29 6 24 22 25 46 35 40 33 53 64 64 33 32 28 27 24 16 15 25 37 27 25 23 21 18 24 20 34 35 34 26 17 9 5 20 33 22 37 20 19 26 22 23 9 22 23 20 19 15 29 24 109 178 185 171 152 95 24 39 23 6 6 
26 28 10 15 14 25 46 36 36 38 52 63 64 39 34 32 30 25 15 16 22 39 34 29 26 20 15 20 12 27 36 38 27 19 10 8 27 34 24 38 21 17 27 19 22 8 17 15 13 10 8 23 34 117 176 193 182 152 97 30 48 31 19 15 
21 27 12 15 13 21 45 34 33 29 45 53 62 41 31 28 22 28 8 20 23 36 36 29 27 20 17 26 15 18 34 25 9 11 17 20 29 32 17 39 26 17 24 19 22 16 20 12 14 4 12 27 52 124 175 195 184 142 85 13 41 30 22 23 
22 31 17 11 12 17 39 35 26 25 37 41 57 40 24 17 17 26 9 27 24 33 34 21 21 17 13 21 13 13 30 19 9 19 26 31 37 38 26 46 38 26 28 23 19 14 21 16 17 12 20 31 62 135 179 199 190 135 74 16 41 34 29 28 
18 23 13 13 10 11 27 32 38 36 34 30 51 37 15 26 27 43 26 32 26 32 34 19 24 18 10 12 8 13 29 24 17 31 31 32 30 28 7 27 26 13 13 15 7 15 13 4 10 16 20 25 62 140 180 194 190 137 69 17 36 39 32 31 
24 24 13 8 14 23 38 50 57 48 32 21 45 34 14 31 22 45 27 31 32 38 31 24 27 17 12 5 7 19 25 27 24 26 30 32 29 35 32 38 39 24 15 13 10 8 14 15 17 22 20 20 62 146 181 193 196 140 66 22 23 29 27 31 
16 22 11 16 28 27 23 29 32 29 28 17 43 28 17 36 19 49 40 41 50 48 44 33 25 15 13 11 13 21 22 29 27 22 24 24 13 20 25 31 33 20 15 12 15 10 13 17 20 31 27 22 60 141 177 187 192 140 66 29 20 27 28 34 
22 22 17 17 21 13 13 12 12 13 28 20 34 24 26 43 38 52 35 36 39 38 34 24 10 7 5 9 14 24 12 11 15 15 12 9 8 8 12 12 19 14 19 10 18 11 11 9 15 32 20 21 65 144 169 180 194 142 63 30 19 15 24 24 
30 31 26 27 22 10 17 15 22 29 31 20 26 30 41 52 41 41 31 27 32 22 11 10 20 12 5 10 21 28 21 22 16 17 12 13 8 8 12 12 16 14 21 15 22 5 10 13 28 39 13 24 76 146 162 174 193 141 57 32 24 17 27 34 
15 19 15 16 14 16 26 20 27 31 29 26 20 16 19 29 22 26 23 24 26 22 8 15 19 12 5 19 25 30 26 25 28 26 20 19 15 15 17 17 19 11 17 21 22 15 25 27 32 50 15 31 104 159 161 176 197 132 56 34 21 22 36 41 
13 20 14 12 16 31 41 29 32 33 27 22 14 9 11 26 26 22 15 17 11 19 12 21 20 18 14 27 26 27 22 11 15 21 18 14 11 16 12 27 26 20 19 26 24 28 32 36 38 52 10 41 119 161 153 172 190 123 46 29 16 22 34 38 
22 22 18 19 19 22 31 10 5 8 10 13 17 22 24 30 27 15 11 23 19 27 20 19 20 18 10 17 26 36 26 21 10 15 26 26 28 29 10 31 41 39 36 39 32 37 36 41 38 52 19 55 135 164 150 169 187 114 43 25 15 22 29 32 
17 22 21 28 20 13 26 20 17 25 19 14 8 12 10 20 20 10 18 27 17 30 15 18 19 24 17 17 20 34 29 24 23 28 34 36 39 49 22 12 29 32 36 47 40 41 36 39 37 46 27 70 142 167 157 174 183 112 36 24 11 24 35 24 
32 33 39 50 41 32 26 15 16 13 12 7 13 24 22 24 11 13 27 39 37 39 27 24 24 28 24 19 19 27 29 27 32 32 37 29 36 53 36 17 20 25 33 48 43 40 34 27 30 30 26 75 137 160 155 173 171 101 36 13 6 27 34 12 
26 20 20 32 17 14 14 15 19 12 19 8 12 15 18 17 4 19 25 26 26 27 21 24 19 22 22 16 16 20 22 22 24 10 19 20 33 55 39 13 22 41 48 55 51 36 34 22 29 28 26 79 136 150 156 174 163 90 35 6 11 24 34 12 
29 22 28 35 13 22 15 19 26 26 30 22 27 17 14 5 14 18 14 14 13 19 19 22 11 20 22 21 22 7 10 17 25 27 22 12 27 45 39 26 17 24 24 41 30 24 35 16 29 19 21 83 138 150 154 179 152 78 35 10 17 27 36 19 
28 25 18 29 17 15 12 12 16 12 19 18 17 7 11 10 13 23 25 24 20 24 22 31 20 23 22 25 26 10 4 13 22 41 46 40 38 34 32 34 25 21 17 29 20 14 31 10 19 9 18 91 145 157 159 174 130 58 29 14 33 34 40 28 
19 18 20 26 27 20 16 10 13 22 25 28 29 20 9 10 16 28 35 46 46 46 41 37 22 22 19 36 32 26 24 27 37 42 42 35 26 17 20 36 27 29 20 22 5 5 27 10 13 5 38 111 153 162 161 159 102 36 27 20 38 26 19 19 
29 21 10 22 26 24 17 8 6 6 5 14 12 15 20 21 26 33 32 43 49 52 47 34 24 7 2 27 23 19 18 24 36 36 37 34 8 16 22 39 29 31 32 22 11 8 13 10 3 8 61 134 173 178 168 144 76 16 19 17 31 13 13 25 
36 24 5 18 22 24 11 8 14 17 22 31 25 30 26 22 23 32 25 32 39 38 36 18 16 8 13 26 33 21 24 16 26 27 30 34 6 13 14 31 19 26 34 26 24 25 22 21 18 23 89 162 182 186 164 123 48 12 12 12 30 19 19 17 
38 19 12 19 25 24 10 10 8 3 8 12 7 21 17 13 17 27 16 24 32 25 35 12 6 20 20 35 41 26 20 14 22 26 30 38 13 12 12 26 10 16 27 19 18 19 15 13 10 38 124 196 192 182 152 86 20 13 13 15 26 22 21 20 
22 22 38 38 36 22 17 20 14 12 16 10 9 25 17 17 13 27 19 24 34 26 37 12 10 23 27 34 43 26 19 10 19 21 29 36 19 16 17 27 15 18 26 13 9 15 15 16 37 74 158 211 186 165 130 56 14 18 29 30 34 32 35 27 
18 23 25 24 22 17 31 34 35 36 26 27 31 39 34 30 19 22 15 26 34 22 38 16 16 23 25 27 36 25 19 20 29 33 38 31 17 17 15 21 13 15 18 12 7 10 17 24 65 107 180 213 175 146 100 41 21 32 38 34 36 36 30 28 
58 56 41 15 21 27 31 24 15 31 24 33 32 30 22 23 15 11 12 19 27 32 36 19 18 14 21 26 36 36 39 36 27 24 26 26 26 29 21 26 21 24 21 17 23 22 20 46 102 144 200 209 161 124 74 29 17 19 22 24 29 32 32 26 
46 49 43 19 17 31 32 37 27 27 24 38 31 20 14 17 23 12 19 18 22 26 31 17 24 17 22 11 22 32 46 56 55 52 43 35 29 16 11 19 30 36 39 32 24 14 16 71 131 168 206 194 138 93 49 20 19 12 12 15 32 36 39 38 
29 41 41 34 10 26 26 38 31 27 29 46 31 17 15 10 14 7 20 17 21 36 31 28 36 17 27 13 20 29 38 48 50 43 37 29 25 16 13 19 20 30 27 24 15 3 36 103 159 190 213 176 111 71 34 15 20 17 8 13 24 32 29 29 
27 36 45 46 12 22 29 43 35 18 27 42 27 17 24 26 29 25 26 26 31 35 30 31 41 19 24 13 23 37 35 47 47 41 32 29 26 17 17 14 23 27 31 22 15 7 57 128 176 206 205 163 93 58 27 16 8 17 17 12 9 20 16 15 
22 25 32 51 28 26 38 49 52 41 34 36 19 14 14 24 24 28 31 38 40 48 43 39 38 19 29 15 20 31 34 39 39 29 20 19 21 27 26 25 31 29 32 22 21 26 92 160 190 199 180 132 67 39 23 15 9 24 22 13 8 26 27 29 
39 37 29 39 34 20 14 11 37 46 31 24 22 20 22 20 15 15 18 22 24 25 16 12 20 13 32 19 17 27 27 33 38 18 14 19 14 19 17 17 24 25 24 16 36 68 136 189 204 189 154 105 47 10 7 23 22 17 17 20 6 22 22 24 
14 16 12 31 43 38 34 34 38 49 30 16 24 23 14 10 3 10 15 19 27 21 12 16 19 21 29 18 8 10 19 25 32 17 15 16 13 21 29 34 35 34 35 43 76 127 176 208 210 179 127 80 37 4 12 29 26 12 14 24 24 37 44 49 
14 15 10 17 33 33 32 36 32 42 17 5 20 24 24 27 24 21 17 23 32 34 29 27 25 26 28 26 16 11 16 18 34 20 17 8 12 23 27 38 34 29 24 49 95 159 199 203 192 145 90 57 34 20 24 37 33 10 6 19 19 33 32 27 
22 24 20 15 26 25 35 43 36 38 20 15 29 27 19 16 19 29 22 24 33 27 27 31 31 31 31 35 24 26 17 8 32 20 12 18 22 21 19 17 14 15 26 62 124 192 215 196 170 107 54 34 28 19 26 36 39 15 15 27 26 27 10 8 
38 32 32 23 19 17 30 31 27 21 5 5 22 18 17 18 28 33 18 21 32 47 47 45 32 30 28 38 38 29 28 13 31 23 21 29 33 31 30 20 28 29 62 102 165 216 218 183 143 80 32 29 32 29 31 34 41 28 24 24 27 26 24 25 
36 34 34 28 19 14 17 12 6 4 12 10 19 20 29 31 37 29 18 23 36 43 41 36 29 33 24 25 29 32 31 22 26 15 10 17 22 22 21 17 27 48 96 150 201 223 200 154 109 52 18 20 26 22 31 27 36 31 20 15 24 33 38 41 
34 28 32 25 17 14 17 17 14 17 21 19 24 30 31 33 37 23 26 20 19 20 19 23 29 38 27 18 22 20 29 22 24 22 17 17 17 24 20 10 22 65 116 169 207 207 169 124 85 39 11 19 19 22 22 22 30 29 23 20 24 32 39 43 
24 15 20 16 13 13 12 14 12 18 19 25 26 31 27 29 26 22 33 12 10 14 23 27 24 27 25 19 19 17 15 20 17 20 29 30 26 26 20 11 58 107 154 199 210 177 135 95 60 24 3 16 22 26 27 21 29 26 19 18 19 27 31 36 
32 27 21 15 13 17 17 23 26 31 36 32 27 17 27 27 21 27 38 16 11 15 31 29 29 38 36 27 19 11 21 30 23 18 26 27 28 34 36 64 120 173 203 224 202 157 109 69 39 13 11 20 19 27 22 16 10 19 31 34 36 31 26 25 
31 26 8 9 10 15 18 28 25 28 29 15 12 9 29 33 16 23 33 8 7 16 38 34 27 27 27 19 10 18 14 25 20 15 29 22 17 31 50 101 164 205 215 209 160 114 72 44 31 20 20 25 19 20 18 3 10 17 31 29 31 27 19 15 
26 26 9 12 13 15 19 29 34 39 44 32 26 20 29 37 22 29 27 10 21 28 45 45 40 34 31 24 14 15 14 33 26 20 34 31 34 65 105 156 201 211 202 166 109 74 50 34 26 25 25 23 12 12 17 5 15 14 17 19 18 26 24 23 
31 27 17 11 9 9 18 25 34 46 49 36 26 20 24 34 25 20 13 13 22 22 33 18 20 16 20 18 21 15 10 36 21 13 27 39 59 111 158 199 211 197 171 124 76 52 36 27 7 13 17 11 7 5 19 15 24 21 20 15 13 19 19 20 
23 20 9 9 5 8 13 5 10 19 31 13 10 17 17 31 31 24 16 7 16 29 31 19 6 12 28 22 31 13 19 44 29 26 41 73 101 147 189 212 195 157 125 72 33 26 22 21 13 19 22 5 9 10 26 20 37 29 27 18 7 17 10 11 
26 21 11 12 10 16 19 12 15 21 19 10 16 16 19 16 29 26 20 19 12 24 29 18 8 16 29 28 32 22 31 50 39 48 76 113 146 176 200 194 152 108 70 25 22 32 32 21 13 19 21 17 22 21 30 21 31 27 26 20 24 34 31 33 
29 23 19 17 14 17 24 15 27 20 12 18 18 20 15 12 17 20 19 25 19 24 27 26 28 34 36 35 45 36 43 57 50 68 108 150 175 185 189 158 102 60 37 16 19 24 21 11 21 26 30 24 23 19 31 17 31 38 43 39 33 35 29 28 
20 18 15 22 17 17 28 13 32 31 27 31 23 22 3 21 20 32 40 39 37 35 26 28 31 41 47 46 45 39 57 79 93 126 164 182 183 167 149 119 72 43 20 5 22 21 22 8 24 24 20 17 20 15 31 18 17 29 26 14 15 22 24 24 
13 15 14 21 20 19 26 15 40 35 32 30 24 26 11 29 27 38 39 41 45 40 35 26 14 11 12 18 22 37 72 99 121 153 183 180 162 129 107 80 45 23 11 13 39 40 36 30 35 36 24 26 29 27 32 15 11 18 19 17 10 19 19 24 
26 22 11 16 15 14 27 6 27 26 26 36 19 19 16 31 34 34 38 43 43 50 41 36 29 27 27 40 56 83 121 148 160 175 176 148 118 85 58 44 25 22 24 33 48 32 21 9 26 26 15 25 36 38 36 34 37 39 34 27 17 3 20 25 
24 26 16 19 13 16 22 10 21 29 38 44 39 31 22 26 31 28 31 34 41 48 44 39 40 50 76 98 127 150 184 191 189 179 155 107 70 45 26 22 12 12 19 24 38 18 17 16 26 22 16 25 35 42 39 34 32 26 22 17 10 13 21 29 
23 20 7 13 15 16 21 10 9 3 11 8 15 22 19 20 26 22 17 29 32 41 43 48 67 88 121 154 176 197 203 186 163 133 97 53 28 21 18 23 20 20 22 15 32 22 31 30 27 11 19 15 17 29 24 19 13 24 29 26 19 19 17 22 
34 30 18 19 8 16 18 10 14 8 11 6 6 16 13 10 17 13 8 23 45 72 88 109 131 152 182 205 209 209 187 156 116 86 52 31 16 12 10 13 15 28 32 8 21 24 31 39 27 19 19 26 25 30 21 17 14 25 28 27 27 27 23 26 
39 32 25 15 5 24 26 23 26 32 27 20 17 17 12 17 20 17 22 49 88 128 154 178 202 213 223 227 212 185 154 118 88 62 36 29 18 13 8 17 17 25 34 26 32 31 25 43 31 17 21 32 35 40 20 10 12 24 28 27 24 23 17 18 
41 36 26 19 12 34 35 11 8 3 3 11 17 8 17 38 52 69 88 115 144 175 190 208 220 213 202 193 157 123 90 65 45 27 22 26 21 13 13 19 20 27 37 41 46 40 18 30 31 22 12 22 33 44 34 26 24 25 26 20 12 9 15 20 
40 33 26 16 10 34 37 19 13 13 15 20 21 31 59 88 112 134 160 182 204 224 220 218 201 170 136 117 74 50 39 25 15 11 12 19 22 16 21 21 13 12 16 19 27 27 11 23 28 29 20 15 20 26 27 15 21 22 20 16 12 6 19 23 
67 65 64 59 56 64 72 71 78 88 92 98 105 117 134 140 146 153 169 177 203 211 193 176 147 104 69 47 22 29 33 29 18 18 27 29 23 18 17 17 15 11 17 22 27 20 15 21 24 27 29 19 17 21 23 8 14 10 12 10 14 17 23 26 
116 117 124 128 134 132 134 128 130 137 149 164 177 190 195 181 176 168 161 157 165 155 118 87 58 29 18 9 19 32 25 32 31 32 39 23 12 6 8 15 16 22 30 31 29 21 22 32 30 28 27 13 15 19 25 8 13 11 19 24 27 34 36 42 
169 176 180 184 186 185 178 168 162 155 159 164 180 192 197 186 185 173 159 135 128 104 56 33 19 30 29 22 32 34 16 17 22 36 43 34 26 24 27 27 28 38 45 41 33 24 23 31 31 26 24 15 12 21 20 12 17 20 30 29 36 35 32 31 
167 175 186 201 215 226 227 216 197 178 163 157 168 174 169 146 135 116 98 81 80 54 17 12 15 36 24 26 32 31 24 15 13 24 32 35 34 35 31 22 16 29 36 26 15 13 23 34 30 20 14 17 26 33 27 19 22 17 22 20 13 17 10 13 
164 168 184 205 223 235 235 219 193 169 152 143 144 141 117 86 72 56 43 39 45 29 19 14 19 29 24 34 39 39 34 23 13 13 17 21 23 30 29 29 14 25 31 22 10 12 21 32 22 7 3 12 24 37 32 26 24 17 19 17 17 10 4 8 
156 153 156 158 157 159 152 145 137 124 111 101 94 79 50 33 26 24 23 25 27 21 20 27 34 38 46 45 40 38 42 34 28 29 26 29 29 27 25 25 17 27 38 42 36 27 27 31 24 12 10 14 32 39 38 35 31 31 22 18 15 7 6 19 
82 76 66 67 62 60 58 56 58 55 48 40 43 32 22 22 27 26 25 30 21 20 29 37 45 48 45 43 27 19 24 26 28 24 22 26 29 34 42 50 46 40 46 47 45 34 33 27 32 10 13 17 36 41 38 27 12 20 16 24 30 32 26 28 
9 4 13 33 30 22 20 15 21 32 28 22 27 21 8 7 9 6 9 19 17 20 26 28 26 20 12 27 5 4 8 15 14 13 15 6 14 22 34 45 41 38 41 45 52 41 38 27 21 11 21 17 29 34 32 29 15 18 7 32 29 34 25 26 
23 23 26 38 31 22 18 10 15 29 32 24 26 18 14 17 23 26 26 24 13 8 23 23 19 13 14 23 10 9 18 24 29 28 24 17 18 19 32 45 37 32 27 24 35 20 22 24 24 22 26 24 27 31 33 28 15 13 8 27 8 29 16 20 
34 37 44 55 59 52 48 38 17 19 21 12 16 17 12 9 15 22 29 31 29 26 24 18 13 12 10 13 7 4 10 16 24 26 28 24 22 25 39 51 46 39 27 19 31 12 12 16 21 27 31 27 22 22 26 31 22 22 15 30 14 26 17 20 
41 35 30 33 28 17 19 26 24 27 34 28 25 24 12 15 10 12 23 22 25 20 21 24 17 30 23 22 21 18 22 13 17 24 29 31 31 29 44 54 45 38 27 17 36 21 27 22 20 22 33 34 20 15 30 43 46 46 36 29 15 22 22 26 
27 18 8 24 29 24 19 14 16 24 38 32 32 26 17 16 12 19 27 30 33 30 21 23 11 34 17 13 19 13 24 14 14 22 31 30 32 34 55 64 53 45 31 13 31 22 29 20 30 21 36 43 26 21 31 41 39 39 34 31 13 22 31 34 

29 23 6 15 20 26 41 27 31 20 33 35 48 21 26 30 37 34 25 32 3 22 6 13 8 10 14 29 20 19 28 30 24 17 11 15 24 37 31 37 29 24 30 36 35 23 21 20 29 32 27 43 55 148 201 191 163 126 72 22 32 20 18 26 
22 21 6 15 20 22 41 24 28 12 30 34 47 22 24 32 39 36 26 33 9 22 19 20 13 13 14 29 20 17 28 22 15 5 4 19 31 39 33 39 25 19 26 36 32 22 19 13 22 24 20 41 68 149 199 201 168 126 78 32 40 26 20 25 
19 21 11 10 12 17 38 32 25 20 32 36 46 26 16 29 33 33 19 34 17 22 24 22 20 19 20 29 24 23 31 18 17 17 22 27 32 31 19 34 22 16 24 27 29 19 15 10 19 19 20 42 81 156 195 202 171 114 62 7 38 18 22 25 
14 17 12 11 12 13 26 24 24 13 26 26 41 31 18 26 29 26 11 32 15 13 12 10 15 13 20 27 24 19 27 19 24 28 31 36 36 32 24 39 32 21 22 27 30 24 19 15 17 22 29 48 90 158 190 196 166 109 57 12 36 26 29 32 
15 16 13 10 13 9 24 30 27 25 26 25 41 32 23 33 35 38 31 36 27 17 10 13 22 23 24 18 13 14 24 21 29 34 32 35 28 20 6 27 28 19 8 17 28 23 17 10 8 17 20 36 89 162 185 187 166 104 45 14 27 25 27 24 
9 15 19 17 19 22 32 46 52 53 45 32 43 36 27 36 32 41 40 51 42 33 13 13 27 22 20 16 12 10 24 21 31 34 31 34 29 31 34 42 44 31 12 15 26 32 27 17 9 15 19 29 86 163 189 187 170 109 45 12 15 9 13 15 
11 12 13 18 26 29 22 27 36 36 31 23 33 25 19 32 12 36 41 49 57 49 32 32 27 18 19 19 11 7 21 26 30 29 22 22 19 27 31 36 37 15 14 17 27 32 27 17 10 20 26 34 86 165 185 182 170 107 42 17 6 12 11 17 
22 23 24 23 32 25 20 16 12 9 13 10 19 15 28 39 32 45 50 60 61 58 44 33 19 13 19 18 14 19 21 21 16 12 9 18 17 18 19 22 15 13 19 16 31 31 24 15 17 22 24 41 95 162 184 180 171 110 38 16 11 13 12 13 
15 19 23 25 27 14 12 10 18 12 15 12 19 29 43 50 46 43 46 47 55 49 28 14 7 23 21 17 15 22 32 33 26 22 17 21 21 19 22 20 9 8 15 18 30 29 20 18 30 32 20 49 109 168 182 182 172 108 35 22 10 22 29 34 
17 22 22 22 19 9 17 17 25 20 23 19 19 17 22 34 34 38 40 43 41 45 28 12 14 20 23 22 10 22 23 17 11 17 20 27 32 23 29 22 8 12 13 22 27 22 15 10 38 41 24 64 136 174 183 185 173 104 39 22 4 36 46 49 
19 24 17 5 5 20 31 31 36 37 30 20 16 11 17 33 36 40 36 34 30 35 19 12 15 21 19 19 8 22 18 4 9 20 22 24 25 20 27 29 13 9 15 25 27 17 17 20 43 53 28 81 157 179 170 178 164 90 32 22 4 35 41 46 
26 25 18 8 5 23 31 24 24 26 20 15 12 20 25 38 40 31 22 18 12 23 6 2 8 17 15 13 10 25 22 11 7 20 24 20 19 22 19 36 29 17 12 24 19 19 13 22 49 61 34 91 168 176 164 170 154 81 30 21 10 36 39 38 
11 19 7 19 13 20 29 17 14 15 13 7 6 8 12 31 29 24 19 21 11 25 2 4 3 12 17 17 19 20 13 6 13 18 26 25 32 40 7 26 26 15 12 24 9 26 19 28 47 55 40 103 173 173 157 161 145 75 26 21 14 32 34 19 
22 24 29 43 39 34 33 20 13 6 4 7 7 15 20 26 19 23 32 36 34 31 20 17 17 16 19 19 20 19 16 19 30 26 36 38 47 53 23 18 28 20 22 32 20 26 23 19 44 45 45 108 167 163 152 153 135 71 27 19 19 34 34 9 
7 11 19 38 23 19 19 12 19 12 17 9 13 10 17 20 20 26 23 26 25 24 24 22 23 13 15 14 11 6 13 19 27 19 29 34 51 53 26 10 32 42 45 48 31 25 20 13 39 34 46 112 163 163 152 153 127 62 31 19 24 38 39 24 
13 12 20 29 6 12 20 22 34 30 29 20 26 12 17 21 25 20 15 13 18 22 22 19 5 13 18 21 15 6 9 19 23 21 17 20 45 52 34 9 19 34 34 38 23 20 28 16 36 22 49 123 169 159 154 153 117 53 31 23 30 45 48 41 
15 13 24 27 9 18 21 26 30 24 23 13 19 8 17 22 25 28 29 28 26 26 22 14 12 27 26 26 16 12 14 15 16 31 34 27 35 32 28 24 21 31 31 35 20 15 29 8 22 22 62 132 173 164 150 142 100 41 29 26 36 52 55 55 
29 21 26 25 15 17 19 24 26 27 29 32 30 20 17 24 31 41 49 52 46 45 37 22 20 26 31 31 30 29 33 29 34 39 39 29 29 15 16 30 22 31 29 29 17 15 23 11 15 24 78 150 184 173 149 126 69 24 33 31 42 45 45 43 
28 16 20 17 20 22 23 27 17 17 16 20 10 20 21 22 31 45 44 47 47 49 47 29 27 22 17 20 26 27 34 26 34 38 36 31 13 20 25 38 32 32 32 26 19 13 16 8 12 39 109 175 199 187 152 116 50 10 22 20 32 22 24 28 
26 14 13 8 13 13 13 16 17 21 27 33 27 34 26 17 26 41 28 27 29 29 39 13 19 12 9 17 30 30 28 20 22 30 38 37 16 19 17 31 20 24 28 17 15 15 15 11 24 56 133 197 199 177 137 88 29 21 14 17 32 25 24 20 
22 9 15 11 13 10 17 13 13 13 13 19 9 26 12 8 25 41 19 21 25 27 48 12 13 13 17 27 43 31 23 13 19 34 36 42 17 12 8 24 6 12 26 12 10 15 10 12 38 85 167 219 192 160 111 50 11 32 26 28 35 27 26 18 
17 31 36 26 21 6 27 19 19 19 26 15 13 30 14 19 19 43 23 26 28 29 50 17 11 20 21 26 39 26 18 10 10 24 27 30 15 10 11 22 20 19 30 18 14 16 15 29 72 119 194 228 178 133 88 29 17 33 26 28 31 28 24 13 
29 38 25 23 13 24 42 34 37 35 26 27 32 42 34 32 21 29 20 30 24 27 45 12 13 25 26 22 34 22 12 14 17 26 31 24 10 13 17 19 17 13 18 12 12 17 21 52 105 147 204 217 159 107 64 24 23 42 45 40 40 32 17 9 
57 55 32 20 17 26 41 16 25 27 17 24 31 36 33 36 22 20 20 25 26 37 43 17 17 17 20 14 24 26 29 31 20 7 5 10 21 26 24 24 20 15 11 21 26 28 36 85 140 171 213 205 136 83 48 26 22 27 37 35 43 37 7 5 
46 56 37 14 13 26 39 36 26 26 15 29 36 35 39 40 27 20 18 20 12 32 32 5 13 15 20 10 9 24 39 46 52 47 41 30 24 17 19 21 25 33 30 36 28 26 50 113 168 191 216 182 112 62 32 17 17 14 18 22 40 43 40 42 
23 39 36 23 15 19 29 36 29 20 19 36 32 38 40 37 28 15 19 11 8 31 29 22 29 12 15 13 13 20 17 26 36 32 29 20 20 13 25 13 6 21 18 14 17 23 75 150 191 205 207 160 86 45 26 17 19 12 12 14 33 31 20 22 
22 32 34 33 17 23 32 43 31 19 23 38 22 24 31 30 28 30 36 35 37 43 27 17 28 10 15 14 19 24 8 22 38 39 36 31 21 12 27 12 17 22 22 23 19 32 99 173 201 209 193 133 65 39 28 19 12 11 4 10 22 32 17 19 
20 24 27 39 27 26 35 48 46 38 36 37 15 15 13 19 27 29 35 37 44 47 43 36 38 17 22 18 19 22 8 21 39 36 34 24 26 27 34 26 24 21 22 20 31 56 133 194 209 202 170 107 48 26 24 10 6 16 19 11 21 39 35 31 
41 36 25 37 36 21 14 19 40 50 41 36 17 18 19 19 21 19 22 23 24 20 13 15 19 15 32 29 22 27 24 20 38 31 27 26 13 20 21 17 16 13 14 26 62 111 178 217 212 186 135 78 34 15 12 20 19 18 17 17 22 38 38 36 
5 8 8 26 38 31 26 22 33 48 35 29 25 17 8 9 13 13 14 22 26 19 9 3 9 12 27 26 22 24 31 16 36 24 22 20 6 22 29 40 39 39 38 65 108 164 211 228 208 165 102 54 30 21 23 26 17 13 11 24 29 50 51 50 
9 11 6 15 32 30 30 30 29 43 26 19 22 15 24 23 27 27 20 20 26 22 22 17 7 10 20 27 20 20 31 19 39 26 20 12 11 25 25 33 28 26 32 76 127 187 218 198 171 120 64 34 37 31 31 25 19 6 8 16 20 39 35 27 
17 15 10 12 26 31 39 43 37 41 26 15 24 17 8 12 28 31 21 17 19 7 8 8 8 11 19 28 20 19 24 6 29 17 12 10 16 20 15 11 15 17 44 98 157 206 213 173 129 71 32 32 40 38 33 31 24 15 19 17 12 19 29 39 
25 21 10 14 21 29 41 41 34 26 10 10 25 28 31 27 38 32 23 22 25 36 40 42 29 22 2 25 25 16 27 8 29 17 17 19 25 26 23 20 27 41 93 145 192 224 205 146 95 42 25 41 56 51 46 34 32 26 17 19 17 13 26 33 
34 26 12 10 8 20 26 20 16 11 15 15 22 27 31 29 35 25 20 27 34 37 28 28 22 28 10 12 15 13 27 12 20 6 7 8 19 26 24 21 32 69 129 183 220 216 171 109 60 23 29 41 51 47 46 32 32 30 12 16 22 29 37 39 
36 27 15 6 5 12 14 8 18 16 9 8 20 27 31 29 31 14 24 28 34 29 20 19 25 31 11 9 12 19 27 14 17 12 5 12 21 27 26 22 51 104 158 202 218 189 131 76 39 18 31 39 44 45 38 29 26 25 9 15 29 33 41 44 
34 24 21 19 20 19 19 19 21 18 12 20 26 24 26 13 10 24 36 26 27 31 28 24 15 14 9 15 18 19 13 10 7 11 13 19 23 29 32 47 104 157 192 216 205 153 96 53 22 21 35 41 48 42 39 28 26 24 10 22 29 36 39 43 
34 28 25 24 27 28 20 24 25 28 29 31 26 15 14 19 15 32 38 17 23 29 36 23 21 26 26 22 16 18 27 26 17 8 18 26 31 42 61 102 171 216 228 228 194 131 71 27 7 26 40 45 43 43 34 26 12 20 30 36 39 32 34 36 
25 21 12 12 19 22 21 34 29 24 20 15 13 12 21 22 9 29 32 12 27 33 43 36 25 15 9 11 16 22 24 23 16 11 30 34 33 57 98 149 209 228 214 189 140 81 38 20 15 22 33 38 38 33 28 18 16 22 31 36 32 30 24 24 
21 19 6 12 21 25 25 34 33 36 40 38 31 23 22 30 21 32 30 19 34 36 46 41 34 24 19 19 22 26 24 34 23 20 43 54 62 105 153 191 218 213 180 136 83 46 26 31 20 14 19 21 27 24 20 13 18 15 17 13 20 21 18 18 
31 24 10 13 14 19 19 22 30 32 36 32 27 22 13 20 17 29 17 20 32 30 41 27 24 12 14 17 29 23 18 36 13 9 46 67 91 148 190 211 204 175 138 89 46 26 24 27 9 1 13 18 14 6 13 13 25 19 22 12 13 21 19 17 
10 8 7 13 18 14 15 11 12 12 20 21 16 15 12 19 27 27 13 19 27 32 39 26 19 18 27 27 34 26 24 48 36 42 75 109 135 174 200 203 166 130 95 43 12 21 35 31 17 8 18 17 15 9 13 9 32 22 22 17 12 16 15 12 
2 11 15 20 17 18 19 19 22 20 13 20 12 12 16 14 28 29 10 8 15 26 34 25 16 17 26 29 44 36 47 64 60 76 111 147 170 189 196 175 124 84 52 16 30 33 41 22 17 20 29 26 22 18 20 10 29 17 26 19 27 38 39 36 
27 29 34 30 25 15 10 13 23 20 15 19 12 17 21 28 31 29 18 15 2 15 29 34 29 30 32 43 55 58 71 78 77 102 138 166 183 183 164 133 81 50 30 24 27 27 29 6 32 29 29 20 10 13 24 3 28 34 48 41 43 45 34 30 
39 42 45 38 29 11 18 17 29 17 16 20 13 30 24 31 35 36 34 31 21 15 19 26 33 39 50 65 71 85 107 115 129 153 175 174 170 143 121 96 58 30 16 12 25 22 22 16 35 26 25 22 24 24 27 15 20 24 31 20 24 30 21 24 
44 44 45 39 28 14 17 10 32 24 16 17 15 39 27 33 38 38 38 34 30 24 19 16 10 21 36 63 78 104 133 145 154 171 171 156 134 102 80 69 37 19 10 22 45 39 29 27 37 34 29 29 32 33 31 20 19 16 25 13 19 27 23 26 
33 32 29 33 22 19 24 7 27 29 25 26 27 30 24 32 40 36 29 29 26 30 24 24 17 34 60 87 112 145 176 176 175 167 150 119 90 60 46 39 25 26 30 36 45 26 12 13 27 21 10 18 27 28 29 26 36 38 36 28 23 26 34 34 
26 24 22 28 19 14 13 8 20 29 36 45 41 28 17 22 33 23 21 17 22 30 29 33 50 73 110 141 170 190 207 195 178 147 119 79 53 31 15 19 19 28 36 29 32 10 26 31 31 19 17 18 24 30 26 27 26 26 13 3 7 26 42 44 
20 17 11 17 13 10 15 3 10 6 11 10 12 12 8 12 22 8 10 15 14 29 41 64 95 117 156 183 198 208 200 168 129 90 57 33 15 12 8 19 17 29 31 20 24 18 36 36 25 19 20 19 14 14 10 9 8 20 19 21 21 27 43 42 
25 20 14 12 1 11 19 20 19 15 16 19 12 21 20 20 24 11 7 20 50 78 104 132 158 172 199 210 204 193 164 118 78 45 27 22 15 11 12 15 14 32 34 8 10 14 33 43 26 24 28 34 32 26 10 7 9 26 17 8 12 10 32 32 
24 22 13 4 10 19 30 32 31 33 31 24 18 19 12 12 12 17 39 72 116 152 176 199 215 211 216 211 185 152 110 73 51 36 27 30 22 15 10 8 14 24 39 29 32 36 27 43 22 17 25 36 41 38 22 9 6 24 17 18 15 11 27 27 
34 33 25 22 22 31 38 32 26 21 13 8 14 22 35 56 71 93 120 147 178 196 202 218 220 197 179 168 121 83 52 34 22 22 22 29 22 12 11 12 13 22 36 35 32 37 12 32 30 32 27 21 35 40 38 26 20 27 27 20 19 13 22 18 
41 41 28 17 13 36 43 36 31 32 30 38 51 72 95 122 143 168 185 201 218 216 201 196 172 134 104 87 39 22 14 5 4 15 23 32 22 19 22 17 10 5 13 10 20 33 13 17 25 36 38 12 20 29 36 26 19 24 19 21 18 17 18 10 
95 93 85 80 82 95 103 110 119 128 137 145 152 160 164 165 167 173 175 186 194 188 159 143 107 67 37 29 13 32 34 27 11 11 31 34 30 19 17 12 14 11 15 14 23 29 17 10 16 35 36 15 15 26 34 23 20 17 15 17 18 21 9 10 
124 126 130 138 145 156 160 157 156 166 177 194 203 210 202 194 180 176 165 157 148 127 85 58 32 27 22 23 28 36 34 36 35 27 28 23 10 15 17 19 10 12 20 22 31 31 18 15 19 35 34 17 11 19 32 23 20 15 18 19 20 29 28 35 
163 166 175 181 185 191 190 180 174 170 167 173 187 192 194 189 185 174 156 127 106 76 29 15 9 33 24 19 26 23 9 21 32 43 36 32 29 26 26 20 16 22 39 43 42 32 17 10 21 27 24 23 12 17 22 19 17 20 20 24 23 32 25 26 
159 164 177 191 204 218 220 209 196 176 160 161 167 164 157 138 123 102 87 75 62 43 16 15 15 32 16 12 19 8 14 13 27 32 27 31 31 30 22 18 17 28 41 39 32 20 7 22 29 26 19 24 22 16 14 12 13 13 15 13 7 10 9 6 
140 147 160 180 192 204 197 184 163 145 129 125 128 112 89 62 49 36 38 39 44 31 24 17 13 16 10 24 26 31 26 23 23 25 19 15 16 22 28 31 32 36 47 46 32 15 5 22 29 17 13 13 6 12 12 8 5 15 17 12 14 10 6 7 
126 126 123 124 111 104 92 92 93 90 74 71 71 57 38 27 24 20 28 32 36 26 27 27 36 38 41 44 41 41 41 38 32 29 22 18 17 17 15 34 29 39 49 50 42 28 11 17 29 12 12 14 10 13 13 20 26 25 22 15 15 16 17 30 
67 60 50 53 26 15 15 22 38 38 25 22 34 31 24 25 29 28 29 26 24 18 16 21 38 38 38 38 26 16 19 25 25 22 19 19 27 27 39 50 43 45 48 53 50 37 27 20 29 12 11 15 24 29 20 12 13 17 13 27 27 35 29 35 
13 10 15 33 10 14 16 13 32 38 23 14 20 16 19 15 13 5 9 13 14 12 11 17 12 9 6 21 12 5 8 5 5 7 8 10 15 19 25 36 22 27 38 44 57 47 43 34 24 6 15 9 15 20 12 7 18 17 6 31 24 36 19 27 
21 21 21 37 26 29 30 27 32 41 34 31 20 9 20 22 27 24 24 19 12 4 13 17 6 6 6 18 15 10 10 17 13 11 13 10 13 22 28 38 17 10 13 27 37 34 34 36 28 27 29 24 26 24 26 17 17 8 6 32 15 26 16 22 
46 45 50 55 56 54 49 45 29 36 36 29 19 10 19 20 22 14 21 22 22 14 13 19 8 15 6 13 17 5 10 13 17 12 10 8 14 24 41 53 40 24 12 17 36 24 26 34 26 23 31 22 16 16 19 21 20 19 15 33 13 26 12 20 
59 56 52 43 28 15 22 36 35 38 38 36 27 15 23 27 29 19 19 14 20 14 16 24 19 34 21 27 31 19 21 19 11 15 16 20 24 36 48 61 41 26 10 12 32 30 37 38 38 29 31 28 15 13 27 38 43 38 32 33 12 19 19 27 
48 46 46 43 27 10 22 32 32 40 44 41 35 24 31 33 30 24 27 24 28 24 27 31 21 40 22 23 32 13 20 17 13 15 19 20 27 38 58 74 52 36 22 12 27 22 33 34 46 39 38 30 15 19 32 37 27 27 30 32 10 20 28 29 

24 25 20 15 3 27 39 26 28 20 43 32 44 22 28 10 23 4 4 31 15 15 15 28 32 36 32 39 32 26 31 24 22 12 16 20 34 41 39 38 31 20 18 20 9 21 24 10 13 18 28 67 84 161 197 165 123 79 54 36 27 14 8 9 
28 24 20 13 7 24 36 22 24 13 38 34 44 24 20 11 22 8 6 35 22 24 20 27 31 31 26 38 30 19 20 11 22 15 20 27 42 42 38 35 23 15 17 18 10 20 22 10 9 16 25 67 97 164 199 179 133 85 62 41 40 23 14 14 
26 26 16 13 6 15 30 30 37 29 40 29 39 24 16 16 31 21 25 45 29 29 23 22 22 22 20 32 26 26 23 20 32 25 26 30 31 27 20 26 22 17 13 11 6 14 18 5 12 13 26 66 109 166 194 182 132 71 39 16 27 12 14 17 
30 25 18 7 5 7 19 25 31 26 29 22 34 29 14 19 34 19 15 39 17 18 4 10 15 19 16 24 20 23 26 25 34 27 24 30 29 27 18 31 28 19 10 15 10 16 17 17 17 21 37 67 114 169 192 182 135 68 31 20 28 20 27 29 
33 26 17 12 7 2 12 24 26 25 19 14 31 32 26 35 43 27 26 43 22 26 8 3 24 21 12 8 13 17 24 21 30 20 19 26 21 13 7 28 34 22 8 5 8 12 13 21 19 27 33 55 110 170 187 176 138 70 26 19 23 20 26 23 
31 28 24 17 5 14 27 40 52 50 46 37 43 41 39 45 46 38 37 46 34 40 20 17 32 22 13 10 7 11 22 16 21 20 18 29 24 33 34 46 46 24 17 16 11 13 6 10 14 11 29 51 111 175 190 176 141 73 26 12 12 6 12 13 
23 19 17 10 15 24 21 22 34 32 32 24 29 29 29 34 27 14 10 29 33 44 37 36 34 19 13 15 12 3 17 11 15 20 17 29 32 36 35 39 31 14 23 23 15 15 8 6 7 18 31 54 107 168 187 169 138 76 26 18 9 8 5 5 
20 20 17 12 15 17 12 14 16 13 13 8 13 22 29 34 27 19 24 33 43 56 50 45 29 15 11 17 19 17 24 23 25 24 23 29 25 18 15 15 19 34 32 31 24 28 28 25 12 13 38 67 116 170 186 164 135 71 13 12 12 19 8 9 
7 11 9 18 22 16 12 5 17 12 16 8 15 27 36 41 34 17 22 19 36 45 39 29 11 8 9 13 15 28 39 41 40 29 22 16 18 17 13 16 24 38 39 36 34 36 35 23 30 22 41 86 126 164 179 161 130 71 17 17 13 29 29 31 
10 15 10 20 19 13 17 5 14 16 15 16 19 20 31 32 29 23 24 29 31 43 36 31 14 12 12 6 8 25 29 13 13 14 19 26 29 26 21 16 26 39 41 44 39 41 38 20 38 35 46 104 149 170 174 157 122 60 11 8 17 41 40 40 
12 22 13 8 11 20 29 26 22 27 25 21 18 24 34 41 35 33 36 36 39 47 41 31 19 10 5 6 3 24 26 10 10 24 22 19 27 22 24 25 21 38 39 45 43 37 39 24 49 54 53 114 167 165 155 149 112 50 7 6 22 42 32 16 
15 26 12 3 10 24 32 24 21 22 13 9 14 17 34 38 32 25 20 16 17 24 20 24 22 16 13 8 9 26 22 15 12 24 26 20 29 30 27 32 19 22 30 35 35 27 31 22 57 65 58 127 177 158 138 131 102 46 10 5 15 39 37 17 
3 18 4 10 20 26 37 29 16 14 8 10 7 12 20 31 32 26 24 21 17 22 22 19 23 20 21 21 22 26 15 10 18 18 26 20 34 34 19 31 13 13 19 27 20 22 25 27 63 67 61 127 176 154 137 129 98 43 11 6 15 37 34 15 
15 23 22 35 38 39 42 31 20 11 8 7 9 15 21 25 21 30 34 40 30 27 21 20 22 23 20 20 21 18 13 15 20 16 27 29 45 45 19 24 16 6 6 23 13 24 19 19 53 56 58 131 178 159 140 126 97 43 20 11 12 34 32 13 
20 18 21 34 32 29 32 19 12 10 10 10 19 13 19 19 18 34 36 37 33 29 24 22 32 24 20 11 10 13 15 17 24 14 26 33 53 50 27 31 32 29 29 35 23 20 22 10 50 52 71 140 185 164 140 126 91 40 25 21 12 30 34 20 
21 17 24 29 13 17 15 14 22 22 24 19 26 8 5 12 17 27 31 37 31 29 20 14 18 6 5 8 7 16 11 17 20 13 11 23 54 53 34 17 16 20 22 34 24 20 26 17 45 42 79 150 190 172 148 121 85 35 24 27 12 29 29 15 
28 22 29 27 6 10 11 8 16 10 12 8 24 15 12 4 5 22 28 27 29 29 22 6 10 13 14 12 1 15 11 17 15 24 20 14 47 46 38 26 12 3 15 26 19 19 26 13 32 44 100 164 199 176 143 111 69 26 31 34 26 35 34 24 
37 25 32 24 11 10 12 14 13 12 23 26 31 29 14 14 22 36 43 45 42 41 37 21 15 21 26 31 31 37 31 31 32 36 32 20 32 26 31 31 18 10 10 22 19 19 22 15 24 53 121 184 204 175 126 86 46 26 38 41 36 36 26 17 
29 16 27 20 18 20 28 32 27 18 20 22 14 27 17 9 20 38 30 32 36 36 46 29 27 26 27 26 34 34 30 29 29 34 35 22 21 24 36 41 31 22 15 17 16 19 20 15 26 79 152 204 213 176 119 76 33 15 25 29 26 24 8 7 
23 15 18 10 10 10 26 26 28 25 30 36 30 34 17 9 27 45 19 15 20 15 42 15 24 20 22 21 24 22 13 22 15 27 30 22 18 21 29 35 26 19 17 12 15 16 16 16 38 94 174 218 199 152 101 55 26 28 20 25 33 32 30 20 
21 20 17 8 10 8 29 26 31 25 24 23 15 29 9 15 24 49 24 24 28 26 50 17 23 16 17 26 34 29 20 21 11 26 27 23 12 17 21 24 13 13 17 7 11 12 8 21 65 126 197 230 181 127 72 19 22 34 23 26 32 23 24 19 
33 41 35 26 17 24 42 32 39 24 27 22 17 24 6 20 27 52 27 26 29 30 51 17 16 10 10 17 36 32 24 25 4 12 14 14 17 19 20 22 19 19 24 13 12 13 4 43 102 155 213 225 159 100 52 15 25 33 20 15 26 14 21 19 
42 45 28 32 19 31 51 37 47 38 34 29 26 27 18 25 24 45 27 25 17 27 45 9 8 14 20 20 32 31 24 22 15 12 20 19 18 20 24 17 15 9 10 10 12 13 22 75 131 172 210 205 136 76 41 18 25 45 38 34 34 19 19 17 
48 50 20 33 25 34 52 22 41 28 17 14 8 15 26 35 34 37 26 25 19 38 43 16 15 20 19 14 15 22 33 34 29 26 17 17 26 27 22 19 15 10 13 24 24 24 45 111 166 189 209 182 110 57 31 21 19 36 41 40 48 34 17 15 
38 48 29 27 20 27 46 36 38 29 15 14 20 29 40 46 37 41 32 26 9 34 31 8 15 19 15 10 5 18 30 39 46 46 39 30 24 15 19 26 32 36 39 41 42 33 72 144 178 195 197 155 85 43 24 24 14 11 22 27 46 44 38 37 
27 40 32 14 17 23 38 42 34 24 16 26 31 38 43 44 41 35 32 21 8 30 29 19 24 16 11 14 18 21 12 17 29 30 22 22 7 6 24 18 12 22 22 19 26 35 101 173 195 197 185 126 60 29 22 20 13 7 10 16 36 24 8 8 
24 36 31 15 21 27 32 43 20 8 22 33 35 34 38 39 33 36 44 41 41 42 32 22 29 20 7 12 23 27 18 6 25 24 23 28 10 7 28 19 15 22 24 24 34 52 127 191 199 194 164 101 43 29 25 24 16 8 6 18 38 31 20 27 
24 26 24 25 29 29 31 44 31 24 32 36 32 29 26 25 26 22 32 29 32 41 38 36 36 22 15 15 19 25 15 9 30 25 28 29 17 21 31 23 24 21 24 24 50 90 159 205 199 180 137 77 31 23 18 15 13 13 16 27 36 38 26 19 
37 31 18 26 31 27 20 24 31 41 36 27 14 15 19 21 19 15 18 19 21 26 16 12 19 15 26 26 22 36 39 21 34 27 28 34 13 17 16 13 8 13 15 48 97 146 202 220 196 161 104 54 26 5 6 15 19 18 17 24 25 34 27 18 
9 13 8 20 31 26 20 13 19 45 41 30 22 10 12 17 19 9 11 28 36 36 22 13 12 6 23 24 15 26 39 20 34 24 22 27 7 25 33 43 43 39 46 86 141 192 227 216 183 135 75 31 24 9 15 17 15 8 18 22 30 41 41 36 
6 13 12 13 24 17 15 23 26 43 31 15 16 17 19 28 27 12 11 32 42 43 32 26 17 12 18 23 15 12 38 24 36 26 21 18 18 32 24 25 26 26 46 109 163 206 217 180 138 90 45 17 24 8 13 10 8 8 17 19 20 32 26 13 
17 21 12 14 24 20 24 31 28 40 28 14 18 12 7 22 31 17 11 27 30 31 17 9 10 10 17 22 16 7 29 11 29 18 15 9 18 23 12 7 15 29 78 142 184 216 203 140 93 50 18 16 24 8 12 12 15 18 21 12 8 32 41 55 
36 32 17 15 24 29 37 38 32 25 22 24 34 31 27 33 39 25 18 13 12 20 30 38 36 29 10 21 22 14 33 9 26 12 12 15 23 19 14 14 29 64 126 176 207 215 181 112 69 22 8 25 38 33 27 20 20 23 13 15 6 10 20 36 
36 31 15 14 19 26 29 27 24 20 19 17 19 22 22 22 33 19 17 12 16 23 22 20 19 22 9 20 21 13 31 11 21 8 11 7 16 12 12 25 52 99 164 206 216 194 135 73 38 17 18 15 22 12 19 13 19 27 8 22 14 11 18 16 
34 31 15 12 11 19 24 12 17 14 13 8 8 13 22 22 25 11 25 30 34 32 31 31 31 26 14 23 31 39 38 22 19 12 8 10 14 13 20 47 90 145 189 211 197 157 96 48 24 20 22 19 20 17 6 8 14 24 13 26 26 17 20 15 
26 22 17 24 27 32 27 21 24 19 11 15 13 21 17 12 11 22 36 32 39 32 33 22 11 11 24 33 36 34 27 17 9 9 6 5 14 19 46 90 149 190 209 209 178 118 66 32 23 24 28 23 24 21 15 14 11 22 31 45 43 31 20 12 
27 22 21 21 31 36 26 31 32 28 26 27 21 21 17 16 19 29 36 26 26 29 24 11 15 26 33 32 29 29 34 32 22 17 1 15 30 59 100 157 209 227 216 196 154 95 49 24 17 27 31 19 22 21 16 19 12 30 43 55 53 39 23 20 
30 19 17 13 20 29 20 38 36 26 17 17 21 26 19 19 10 27 33 20 31 20 24 22 22 29 24 29 29 27 34 15 13 14 24 41 60 100 149 196 226 216 181 148 99 53 16 15 14 23 25 18 25 23 22 27 25 29 40 46 46 38 20 16 
20 17 21 24 29 29 22 30 34 34 33 35 32 31 20 19 19 34 32 22 36 22 20 20 27 31 26 29 31 29 33 29 18 21 50 80 101 149 186 207 205 179 132 93 52 21 18 25 20 20 10 15 25 22 24 17 24 13 19 24 28 28 15 5 
24 18 23 29 26 27 15 15 24 26 22 26 22 23 13 13 22 27 16 20 35 25 19 15 26 28 26 31 37 30 27 30 19 19 72 107 130 175 197 193 170 135 95 58 26 12 27 27 15 22 8 15 19 6 13 17 26 13 11 14 13 17 13 12 
11 21 34 34 33 26 20 22 26 10 4 19 15 14 11 9 29 29 15 22 27 23 21 13 21 28 35 36 42 26 28 46 46 63 111 149 164 186 189 168 130 91 60 25 8 29 41 37 27 16 17 19 20 13 18 18 34 20 20 8 13 25 24 24 
24 32 40 40 33 26 19 22 28 18 8 22 19 15 13 7 29 24 6 8 16 23 25 19 3 15 25 42 46 37 52 71 81 112 157 183 187 180 162 122 83 52 36 13 28 41 43 24 26 26 34 36 29 22 22 18 29 10 23 17 33 45 49 50 
27 34 40 39 37 27 12 15 27 25 31 31 17 24 15 24 32 23 9 7 14 23 33 32 23 20 28 52 64 62 79 92 106 138 176 189 188 157 120 86 45 20 19 20 29 33 29 15 35 26 27 18 5 12 20 10 29 27 40 31 40 49 41 33 
26 34 39 38 33 19 5 18 30 22 24 27 15 30 16 13 13 15 12 8 4 16 25 36 32 34 47 71 88 101 122 134 151 176 190 180 161 119 86 60 30 16 10 16 28 29 27 17 39 29 32 32 33 30 30 20 25 19 29 15 32 37 17 6 
24 31 33 31 24 7 15 29 40 31 17 20 24 41 21 1 5 10 13 12 10 13 19 28 29 39 62 91 111 136 157 162 175 181 168 150 128 89 63 51 22 6 16 26 41 37 22 21 32 26 26 27 33 32 30 21 25 16 21 15 30 39 17 6 
15 13 11 19 8 5 22 31 38 34 27 30 27 33 22 6 12 4 6 10 10 19 10 12 26 57 90 117 147 173 189 182 178 161 143 110 92 63 45 32 24 29 37 32 35 17 21 29 32 20 3 8 22 24 23 26 34 37 34 33 35 32 19 14 
21 17 9 17 6 12 24 34 36 41 39 51 44 32 22 17 26 14 10 11 13 30 27 38 62 96 135 164 190 205 207 181 158 127 98 68 53 38 27 22 28 35 38 23 19 15 38 41 28 14 12 18 21 28 26 29 31 28 18 13 17 25 25 18 
24 14 10 13 5 12 26 33 32 29 30 31 26 25 20 21 27 15 17 20 41 64 81 99 126 149 180 194 203 202 183 141 101 62 41 24 17 12 15 6 3 19 19 9 10 18 39 36 24 14 10 15 15 19 12 14 7 27 22 23 27 32 39 31 
26 21 19 10 10 8 26 33 35 29 26 28 20 22 24 29 20 7 28 53 95 127 149 171 184 191 199 201 187 167 132 91 52 21 20 20 12 10 6 12 17 31 26 15 14 20 38 39 14 9 18 27 34 22 12 12 9 38 25 21 19 19 34 25 
29 24 20 19 10 8 16 32 36 36 34 30 22 21 13 11 20 47 84 122 168 201 215 225 223 205 188 176 140 104 69 45 30 26 24 32 22 21 15 20 19 25 31 28 34 35 31 36 12 10 22 22 35 31 26 19 10 37 27 24 24 26 39 29 
28 32 28 31 20 13 17 30 32 27 29 29 38 53 69 85 106 130 162 192 221 230 230 228 215 175 144 120 74 43 24 20 24 24 22 32 24 30 29 29 31 29 27 26 25 32 22 31 35 34 40 9 24 27 32 31 24 42 29 24 26 27 38 27 
58 58 53 51 41 54 67 72 78 77 79 81 93 111 134 154 178 193 204 217 223 211 190 176 143 102 68 54 19 10 12 8 5 17 20 32 27 38 42 39 39 33 23 11 8 34 32 24 27 38 46 17 8 24 36 32 32 34 24 22 24 30 32 24 
134 131 124 122 121 130 143 154 164 175 190 190 193 190 190 187 192 189 191 190 182 163 134 111 75 50 19 22 22 32 27 23 13 16 34 41 36 35 38 39 36 34 25 11 15 32 36 13 7 30 43 22 8 19 34 31 34 27 21 19 18 29 20 18 
144 147 153 160 169 178 182 180 182 196 208 217 223 220 210 198 192 181 172 153 132 104 67 45 24 39 17 15 29 31 34 33 34 27 26 16 8 27 31 34 32 27 14 12 22 34 37 20 17 34 32 27 21 23 30 25 26 23 19 16 18 30 29 29 
167 174 178 185 192 200 195 186 182 182 185 190 195 194 195 185 182 160 142 107 78 49 18 14 16 37 22 14 19 15 25 31 50 46 37 35 24 26 19 15 17 14 16 26 38 37 38 22 18 27 24 34 26 24 29 22 21 17 16 22 27 32 28 27 
169 174 176 189 197 208 199 190 176 168 168 166 163 156 143 124 109 90 71 50 33 19 10 19 20 32 19 19 26 26 28 32 49 47 43 42 39 30 12 15 22 20 23 32 38 31 26 13 24 21 17 36 31 27 25 21 13 5 18 15 16 24 19 21 
137 138 149 161 170 172 156 140 120 119 116 117 110 91 69 47 41 35 32 27 22 20 19 14 18 24 22 26 32 32 34 33 46 43 43 41 43 41 32 34 31 15 34 39 38 23 15 8 25 19 15 31 19 24 23 19 20 17 25 19 20 29 29 26 
100 97 98 100 84 69 53 48 56 63 69 70 65 50 34 28 22 24 22 19 17 18 19 22 31 36 34 37 34 34 36 36 43 41 38 38 35 27 27 32 30 26 30 46 45 29 19 11 31 25 16 23 12 20 23 31 30 26 27 20 29 40 39 48 
57 50 45 48 20 21 21 26 30 38 39 38 40 29 20 20 21 20 14 12 6 5 5 11 23 31 27 34 17 13 10 15 27 29 29 32 33 31 29 41 32 27 28 44 50 36 36 25 31 29 19 26 24 31 22 18 18 20 27 29 48 55 54 62 
30 27 25 35 8 20 29 34 36 36 24 24 27 21 18 6 6 1 3 12 10 8 6 11 11 9 14 27 19 17 19 17 10 10 17 23 21 15 11 29 14 17 19 31 46 40 45 43 33 29 17 8 11 13 16 7 17 23 23 36 50 62 59 62 
34 31 23 24 17 27 28 26 19 21 11 8 17 17 22 17 20 20 18 18 10 8 17 21 14 10 13 23 24 26 27 25 15 8 12 10 13 12 11 29 27 27 19 8 28 30 38 45 39 38 34 28 23 25 22 16 22 28 31 43 49 58 53 55 
57 54 46 47 47 47 38 31 17 24 24 26 26 18 22 18 20 12 9 13 20 10 12 17 12 19 8 17 27 22 25 30 23 15 8 8 10 17 17 39 39 34 32 15 20 19 22 34 25 20 19 19 18 14 17 22 25 32 38 49 43 51 45 43 
81 74 57 43 25 19 19 31 31 36 39 38 31 19 27 23 33 28 24 23 28 18 16 17 16 30 6 13 26 21 25 29 20 15 15 15 19 26 27 46 41 41 38 26 12 15 22 32 33 27 29 29 21 19 29 38 39 41 41 45 41 44 36 36 
83 74 55 36 17 17 13 24 29 42 48 49 43 32 39 34 34 31 27 25 32 23 22 21 22 36 5 7 26 11 19 24 22 16 20 19 24 31 29 57 50 45 45 37 8 4 18 24 38 35 38 37 28 27 34 35 27 25 39 41 36 43 38 29 

36 34 32 15 13 43 45 29 13 24 41 21 31 25 28 25 33 25 25 26 19 6 4 19 15 15 26 45 38 22 21 24 36 36 39 52 56 53 50 50 46 36 32 33 26 30 34 28 21 21 32 95 126 178 202 159 97 52 44 24 17 17 21 17 
38 36 31 16 13 34 37 21 10 13 34 21 32 24 22 15 27 13 15 34 27 22 19 23 15 15 24 41 35 18 15 22 36 33 35 48 45 41 39 36 36 33 33 30 26 27 32 27 20 20 29 95 132 177 201 170 105 61 53 32 23 14 17 15 
35 35 28 17 13 24 35 32 36 35 39 27 31 20 19 15 32 27 29 50 39 32 27 25 15 15 17 32 26 15 18 21 30 22 19 27 19 15 10 22 29 29 26 24 18 20 22 22 17 11 30 97 143 176 199 172 102 43 36 19 20 3 13 17 
34 32 30 24 20 13 12 13 20 22 25 22 26 24 10 5 29 11 8 39 22 20 19 19 15 20 19 20 23 24 23 29 27 13 13 22 16 12 9 20 27 22 19 20 12 17 20 16 13 15 40 95 146 181 197 175 105 38 32 22 25 20 27 29 
34 31 29 30 29 15 15 17 22 25 26 23 24 19 3 16 35 26 22 43 20 26 22 20 27 24 14 10 12 20 22 22 17 12 10 21 14 14 14 25 32 22 16 10 6 12 17 19 17 12 36 87 145 182 196 170 105 38 22 23 20 19 19 19 
45 43 39 36 27 24 27 33 41 38 33 27 27 31 35 41 53 46 48 58 36 39 27 24 38 29 19 11 3 6 8 9 8 7 10 20 22 31 38 43 45 26 22 14 3 10 13 17 12 8 36 85 140 185 198 173 112 48 20 14 16 12 12 13 
39 36 34 29 25 22 12 12 15 17 17 16 21 26 29 28 34 27 26 31 15 28 25 37 44 24 15 15 17 5 13 9 8 23 22 31 35 36 36 29 24 6 22 17 6 12 13 8 11 12 45 95 144 186 198 166 111 47 22 13 13 11 10 5 
35 33 30 26 18 17 18 18 18 15 11 12 12 22 30 21 29 29 27 35 32 41 39 44 36 19 11 12 20 10 25 27 29 38 36 36 31 22 15 4 7 24 25 17 6 18 22 15 10 3 53 106 145 183 197 161 105 47 12 6 10 17 13 16 
29 23 18 12 17 21 15 12 11 17 12 13 12 19 30 19 21 21 23 20 12 24 22 31 19 6 10 19 27 28 43 43 43 36 22 15 6 10 11 5 12 24 17 8 7 26 32 15 19 11 64 124 150 177 189 150 97 49 22 12 14 28 31 36 
19 16 4 12 24 16 17 6 10 23 19 20 16 22 30 13 20 22 27 27 19 19 18 29 19 15 15 16 22 29 32 13 7 10 19 22 29 25 22 10 20 26 5 8 10 31 43 22 36 26 67 138 165 168 176 145 89 40 11 5 27 46 41 43 
12 20 13 17 18 5 17 5 12 29 21 15 17 27 36 22 24 31 36 38 41 39 29 24 10 14 17 22 29 39 32 14 13 20 24 18 29 23 24 13 18 19 9 16 17 24 41 24 45 46 75 150 179 160 153 128 76 31 6 5 29 45 33 17 
20 28 22 20 21 12 24 8 11 23 9 7 10 22 32 27 21 22 20 22 16 17 17 15 13 9 17 16 25 37 31 17 19 24 32 26 44 38 36 27 12 16 19 27 24 22 40 22 55 65 84 154 183 153 137 116 70 32 9 5 26 42 41 24 
21 32 22 13 19 11 28 19 15 16 3 5 7 12 21 29 20 16 17 15 15 5 13 15 15 17 22 26 31 35 24 22 25 19 31 33 46 31 25 31 10 16 19 24 23 16 29 23 65 75 85 157 183 152 129 104 67 31 12 6 20 36 36 22 
19 27 19 17 32 36 43 37 26 22 18 14 8 12 11 15 13 16 17 19 10 12 16 10 17 20 26 22 27 26 19 17 22 8 28 38 50 31 10 27 23 12 12 20 6 17 18 12 64 74 90 161 187 152 125 102 67 32 21 12 16 35 31 15 
12 17 9 22 39 40 43 33 21 10 5 11 17 14 15 13 8 12 7 12 13 19 19 26 31 31 29 21 24 17 13 14 22 10 23 38 52 32 13 27 35 22 19 22 8 17 12 9 60 81 107 172 197 162 121 94 60 31 28 25 13 32 34 26 
8 12 18 28 42 47 46 41 31 31 30 22 22 9 6 19 13 14 12 17 19 23 20 22 21 17 17 18 24 22 14 15 16 10 10 32 55 39 14 13 24 19 22 26 19 16 18 17 60 83 122 183 204 161 120 86 53 20 24 31 17 28 28 20 
15 8 27 32 39 48 44 39 31 20 19 19 19 17 8 7 10 11 12 14 21 25 29 21 14 12 19 22 20 27 20 22 15 16 15 19 48 40 31 17 18 9 17 24 17 17 16 20 51 90 140 192 205 161 105 66 36 17 29 42 29 33 31 19 
25 15 33 30 32 39 39 38 28 25 26 31 27 24 8 19 24 34 35 34 34 36 41 31 15 18 31 34 40 37 36 32 34 31 29 17 39 31 27 25 15 12 15 19 17 12 9 15 53 106 159 199 204 147 83 47 32 30 39 44 36 28 22 13 
16 16 25 25 24 27 40 36 34 29 36 39 36 38 18 13 18 40 27 23 26 25 45 37 27 33 37 46 45 43 38 39 37 36 27 15 23 29 39 34 30 20 14 13 10 9 3 25 65 130 187 213 200 138 78 41 19 13 23 31 22 20 10 7 
18 22 19 15 11 18 32 26 26 27 32 42 39 41 18 18 22 48 34 20 20 3 38 28 22 25 30 34 29 21 19 24 20 20 11 13 27 36 39 38 26 22 10 9 10 8 11 41 85 147 201 215 174 111 56 31 26 23 14 24 30 36 34 27 
20 27 16 8 9 12 34 9 25 19 26 22 26 30 12 28 19 52 38 35 33 20 43 23 19 17 20 26 20 21 10 24 13 17 11 22 27 34 32 26 17 17 11 9 5 8 13 62 113 172 215 210 143 83 32 12 26 34 21 26 24 24 29 26 
31 40 24 17 8 20 39 15 28 12 24 16 19 29 13 29 13 50 38 34 32 22 43 20 19 12 13 15 20 32 21 24 8 10 15 25 36 30 24 24 19 20 17 13 10 14 29 88 148 192 218 199 123 59 19 13 22 32 13 7 13 12 27 25 
43 45 28 32 10 24 45 26 48 29 29 21 24 21 10 27 17 49 36 32 22 23 39 10 13 10 12 13 26 31 29 27 19 12 22 27 23 15 12 11 7 7 8 6 14 24 56 124 176 200 209 175 103 45 21 22 34 45 32 30 21 9 25 20 
34 39 13 32 11 17 46 12 41 24 20 15 14 13 14 24 19 41 39 35 25 31 34 23 21 20 22 22 17 21 28 32 34 32 26 18 17 12 15 14 12 8 13 21 29 36 78 157 190 201 190 147 77 30 11 23 28 46 43 45 43 27 20 13 
31 42 17 32 9 12 45 30 43 32 20 16 13 11 14 19 20 39 38 37 16 26 29 16 20 22 20 18 16 13 17 29 38 39 37 27 15 17 15 19 24 28 38 39 46 51 111 179 196 193 170 114 54 19 5 22 19 27 34 34 47 34 27 24 
32 44 30 20 5 14 38 37 43 29 15 13 12 6 6 13 24 37 43 36 16 24 25 22 20 20 13 12 16 17 13 21 29 29 26 22 9 14 18 15 12 20 36 26 53 76 138 199 201 183 146 88 39 19 19 30 24 22 23 29 44 29 17 20 
36 42 34 14 10 24 35 36 23 12 21 27 17 20 13 16 24 31 48 44 37 39 36 29 34 25 10 9 19 24 22 9 23 18 20 29 4 11 19 12 18 22 32 34 65 98 163 212 199 174 123 68 25 22 26 29 21 15 17 32 48 34 34 41 
42 38 29 12 16 31 28 38 22 16 29 37 34 28 21 15 19 17 28 25 22 32 38 36 39 29 17 15 12 23 27 13 24 19 22 34 15 19 25 24 20 21 24 52 95 137 187 208 181 150 95 46 18 15 18 16 19 15 24 42 45 32 27 24 
33 28 17 11 20 31 32 32 32 37 39 38 17 13 19 14 19 8 21 19 19 29 27 12 18 17 27 28 24 36 45 24 33 17 25 39 20 21 22 17 11 9 28 78 132 180 215 203 168 125 67 31 26 15 15 20 19 17 26 34 29 29 24 16 
23 17 9 11 26 33 32 22 12 36 44 35 23 9 11 23 19 6 16 24 29 34 26 19 22 17 24 20 20 21 46 20 20 7 21 38 28 32 29 39 37 37 52 116 166 208 217 189 140 100 48 17 28 13 19 17 20 25 31 32 27 27 23 21 
15 17 8 8 26 29 34 30 26 39 39 31 18 9 13 30 26 5 15 25 33 39 36 29 24 18 30 23 18 10 43 19 26 17 25 32 31 29 15 17 20 29 74 144 180 204 198 138 90 65 26 16 26 9 15 13 20 26 32 25 17 20 19 10 
18 22 12 10 20 20 30 29 20 29 27 23 20 13 7 31 30 15 17 20 18 19 22 17 21 22 26 27 23 12 38 12 22 18 27 28 26 21 5 5 11 48 112 175 197 203 171 96 52 31 26 24 32 8 17 17 18 24 29 25 21 38 40 47 
39 38 21 18 17 26 37 32 20 15 24 34 36 34 28 37 38 20 23 26 21 10 12 31 31 33 22 18 22 6 39 10 27 24 34 30 26 13 4 18 42 92 157 200 205 186 146 79 38 15 12 20 38 26 24 14 16 22 16 21 16 22 29 37 
38 43 28 24 20 27 33 31 28 15 14 13 17 21 20 22 30 9 11 15 21 26 29 23 22 15 12 17 23 19 39 19 27 27 33 26 22 8 10 43 82 135 186 212 195 152 102 48 25 12 13 6 27 10 12 12 10 26 6 21 12 26 39 51 
36 39 27 22 15 21 29 23 30 26 17 17 10 15 20 20 28 13 19 26 24 26 25 33 22 15 21 20 30 41 48 37 34 31 33 27 23 12 27 78 131 178 209 208 168 117 71 27 15 12 20 12 24 14 15 16 17 26 15 23 14 24 43 57 
30 30 27 31 30 29 23 22 30 24 7 13 17 29 27 28 20 20 24 32 34 28 28 25 19 20 32 24 22 27 32 29 32 30 36 26 29 39 74 135 187 210 205 180 133 84 51 31 21 18 26 17 26 19 19 26 19 32 31 39 33 34 41 54 
24 21 24 29 31 34 15 24 38 32 25 29 35 41 40 36 27 22 22 20 24 19 15 15 18 26 31 13 9 24 38 46 36 36 32 32 53 81 130 190 224 217 183 150 105 65 38 29 24 32 35 16 24 18 19 33 22 26 32 27 24 25 24 36 
18 13 20 20 22 19 11 29 34 31 32 41 42 47 39 32 17 19 23 23 32 20 10 19 22 26 16 12 6 15 29 22 27 31 40 65 92 130 177 215 215 184 131 93 58 27 10 13 22 34 36 27 39 36 32 35 29 20 26 24 24 30 22 20 
19 22 26 19 18 17 11 27 30 33 41 45 42 42 35 24 19 26 26 25 34 22 7 14 24 26 10 10 11 12 29 27 33 39 74 116 137 176 200 201 176 138 87 55 33 12 13 19 22 27 26 28 39 36 33 27 24 8 10 11 20 24 15 8 
30 23 16 8 16 21 19 15 14 17 24 31 25 27 25 14 22 22 13 17 32 27 20 27 28 20 10 10 20 15 19 31 31 45 101 142 160 187 194 171 133 101 60 32 24 7 22 22 17 22 12 20 27 22 27 22 27 8 3 15 24 24 20 12 
14 14 13 6 20 29 32 32 27 17 17 24 18 17 22 13 28 26 16 17 27 25 24 31 31 29 25 17 20 13 24 46 60 88 146 184 180 186 174 140 95 71 44 21 10 17 39 33 31 16 13 21 26 26 27 26 29 17 17 13 24 23 24 22 
24 22 22 15 26 28 26 27 24 25 17 21 10 10 16 8 29 20 11 7 19 22 22 25 24 18 17 32 32 37 61 93 112 149 196 213 193 172 140 96 58 41 28 12 19 27 41 24 24 20 33 36 29 24 26 22 22 13 25 25 45 46 48 48 
16 20 24 26 34 35 25 26 26 32 39 32 19 19 16 27 34 24 15 10 20 23 29 32 23 26 36 58 62 69 93 114 135 172 201 202 175 136 96 58 29 21 21 8 21 32 33 18 32 22 24 12 8 17 26 19 28 23 36 33 47 46 39 32 
34 37 37 32 36 28 22 26 31 26 31 32 20 33 16 11 10 8 7 4 13 12 19 26 22 32 62 90 99 113 135 144 162 182 184 167 137 96 63 42 22 11 10 15 30 28 29 23 34 34 40 38 40 41 34 29 29 21 22 18 41 39 16 6 
36 34 29 19 22 21 21 38 38 31 27 25 31 39 24 10 8 14 12 12 13 3 11 27 34 65 97 123 130 149 159 163 170 173 157 135 107 69 45 33 6 8 19 31 42 38 28 26 27 20 22 24 31 28 29 27 29 19 19 13 40 39 18 13 
20 13 17 17 15 11 15 36 39 40 31 26 28 31 27 11 19 9 13 20 19 24 29 39 56 95 127 148 158 170 174 163 155 147 125 100 79 54 34 24 19 30 32 30 33 27 34 34 32 29 20 19 17 19 19 26 34 34 35 32 44 39 25 26 
12 9 16 19 17 13 15 30 33 37 39 43 39 26 24 26 33 19 25 27 40 57 62 71 95 128 157 169 181 179 173 145 123 100 81 64 47 31 24 25 32 40 34 31 29 36 47 41 27 17 17 29 29 32 27 36 40 41 36 35 39 38 40 36 
6 5 14 13 14 10 12 24 25 25 25 27 28 19 24 28 30 16 34 53 80 105 124 131 153 170 188 187 181 166 142 102 69 48 48 42 36 26 17 9 13 17 19 28 36 39 49 37 17 16 13 24 24 17 19 24 34 43 42 43 47 50 53 50 
21 21 21 10 12 10 17 17 22 17 20 21 22 21 21 19 9 26 68 101 139 172 190 196 198 192 185 178 150 128 93 65 43 28 31 26 15 11 4 15 19 18 22 34 39 45 46 36 12 3 11 25 32 26 20 26 32 50 38 32 31 33 39 38 
28 22 13 17 13 8 11 19 34 40 42 42 34 36 33 35 50 83 124 164 201 225 230 225 208 178 154 134 97 67 46 34 38 32 26 26 13 10 12 20 19 15 19 34 41 44 40 29 8 6 20 21 29 24 19 19 30 46 30 26 26 27 40 34 
10 11 21 34 19 24 31 46 58 63 67 71 72 85 98 116 132 159 185 211 228 225 212 204 175 137 103 85 50 27 24 25 32 36 17 19 10 23 24 32 34 27 13 15 26 31 29 31 29 29 39 23 22 20 22 20 28 43 18 17 15 21 31 26 
72 72 78 82 85 97 102 118 124 126 129 130 129 137 154 172 188 201 209 209 202 177 147 129 93 68 46 44 17 15 19 20 19 27 18 24 17 32 33 37 39 41 23 9 8 25 39 29 31 26 39 18 19 31 34 32 33 27 7 8 12 27 21 10 
157 154 154 159 159 167 176 190 201 212 222 223 214 200 197 189 187 189 189 173 154 130 93 69 41 38 23 23 24 30 33 25 23 29 41 45 39 44 36 42 42 45 29 15 8 22 38 22 15 25 34 22 16 24 27 25 20 11 9 6 12 25 13 5 
148 156 168 182 192 201 202 199 204 212 223 231 225 213 199 186 170 166 154 129 105 78 41 26 13 31 26 22 32 35 36 31 36 32 27 22 15 38 30 32 32 32 13 3 12 21 36 22 20 30 28 31 28 14 22 8 5 12 11 10 15 26 22 25 
166 173 182 193 201 206 199 187 178 173 176 176 173 170 165 160 146 133 111 76 48 31 10 11 12 29 23 21 18 13 22 31 46 38 22 13 21 32 26 27 29 27 5 10 22 24 34 23 21 27 26 40 34 22 24 13 15 15 17 19 22 31 26 26 
176 172 179 185 187 187 180 160 145 131 128 122 117 111 106 92 83 66 47 26 10 11 10 15 16 23 22 15 18 16 21 28 48 38 26 19 16 20 17 29 39 34 24 23 32 25 25 18 13 20 19 45 41 29 29 25 20 12 24 24 13 22 27 26 
119 119 129 137 139 136 121 98 78 69 62 57 48 34 26 19 16 13 15 6 15 20 25 20 17 20 20 19 12 18 15 26 40 34 24 19 19 21 14 22 30 11 15 29 36 22 19 8 16 13 12 42 35 31 32 32 34 20 33 27 19 30 35 35 
69 69 76 76 58 46 26 23 20 23 26 24 28 21 19 20 13 13 8 6 16 17 22 22 26 25 27 26 24 20 16 26 43 30 24 20 20 18 8 25 28 12 6 26 39 24 19 13 11 12 7 33 29 32 34 41 38 17 36 29 28 33 38 47 
42 38 39 40 13 24 29 33 29 23 20 19 29 22 15 8 10 8 7 12 13 13 8 8 11 15 31 36 30 26 16 22 32 27 24 24 29 29 20 33 30 26 23 33 43 32 27 21 8 13 13 29 28 31 29 27 24 20 37 29 45 48 48 58 
32 28 29 29 5 21 30 35 32 32 29 26 31 33 31 20 18 13 12 13 15 8 5 9 14 17 31 42 38 31 22 26 34 19 26 25 25 24 5 31 32 38 38 31 41 34 35 38 26 23 15 12 17 24 26 26 32 34 39 34 51 56 53 59 
24 21 20 12 19 26 18 13 12 18 8 8 19 31 36 25 23 22 13 17 15 16 19 16 22 20 31 41 41 30 26 20 26 18 19 24 24 26 18 35 45 53 51 34 32 34 40 51 45 48 40 36 22 16 24 21 29 35 43 42 56 58 54 57 
11 17 22 29 41 41 27 20 7 20 19 17 23 31 37 31 24 15 7 24 26 22 12 6 24 26 26 36 36 27 23 19 27 11 13 19 17 29 19 34 45 51 60 40 30 27 30 39 35 30 29 20 7 6 15 22 26 38 41 52 56 61 53 53 
33 33 32 31 34 32 22 31 23 37 36 34 29 28 39 29 25 29 24 31 35 27 13 8 28 34 26 31 34 21 17 17 27 15 15 27 20 34 23 37 45 53 55 48 17 10 21 30 38 38 32 27 13 9 22 29 34 35 39 47 57 57 53 51 
32 29 27 24 29 24 19 27 24 44 43 44 41 41 51 26 9 17 15 28 32 26 14 13 32 35 22 25 27 13 11 10 27 20 20 29 23 38 26 44 50 54 62 52 20 11 17 26 42 46 42 32 17 19 30 26 24 18 38 51 54 61 55 51 

32 22 27 22 36 58 39 17 19 33 46 20 21 24 20 19 31 19 22 19 12 18 26 36 39 31 22 39 47 59 61 61 48 34 30 44 42 40 37 27 24 13 13 22 30 26 23 19 16 15 53 128 173 202 209 160 93 52 47 38 29 30 32 31 
34 25 29 17 27 47 36 23 20 29 39 25 25 19 21 15 24 7 8 36 34 34 32 35 34 24 15 34 41 53 55 52 42 27 25 33 29 26 25 16 19 16 19 25 28 29 24 19 16 18 46 125 173 195 204 159 85 50 45 31 23 20 19 21 
38 32 28 14 23 40 42 38 40 38 41 29 27 20 17 20 32 24 31 52 41 38 36 29 27 23 17 24 30 34 39 39 26 13 11 22 18 17 13 19 26 26 25 27 29 27 22 23 11 17 48 125 173 190 197 153 75 31 24 12 16 16 15 19 
29 29 26 25 24 26 21 22 26 29 31 24 22 17 12 3 26 6 6 43 24 18 13 4 19 27 22 20 19 20 32 29 15 7 6 14 17 19 10 17 17 17 17 21 21 20 22 17 8 19 53 127 177 188 189 150 67 14 19 12 19 23 29 29 
29 27 27 24 30 22 22 26 26 28 24 22 23 20 10 5 27 12 12 45 26 19 15 16 29 25 19 13 18 20 25 24 19 12 14 18 22 27 22 26 26 17 16 10 12 16 18 18 6 19 54 121 170 189 190 143 68 21 19 7 10 16 14 15 
34 34 32 29 29 26 33 35 35 22 20 11 15 21 27 37 43 38 39 54 35 32 20 21 40 31 17 18 12 6 4 9 8 7 6 19 27 38 38 44 39 27 22 9 6 12 21 20 12 10 60 126 168 194 188 140 67 21 17 9 11 13 19 18 
27 29 24 25 21 22 17 13 10 10 12 6 17 27 32 29 34 22 19 32 20 26 28 42 46 29 16 14 17 9 9 14 12 22 20 26 32 37 36 32 26 12 17 15 11 8 15 12 11 16 76 135 175 200 191 133 67 26 19 10 10 10 12 13 
23 19 19 15 11 20 22 21 13 16 11 12 15 29 27 20 27 28 31 38 39 41 44 51 43 26 13 16 22 7 23 26 31 39 36 34 32 24 22 17 19 31 27 20 15 19 29 6 6 19 90 152 178 197 185 130 62 20 9 8 15 18 22 28 
26 21 15 8 8 19 17 10 5 18 8 10 10 26 27 15 22 22 27 24 15 18 20 34 26 11 15 20 26 30 49 49 50 41 24 16 15 19 20 19 22 38 27 20 22 33 40 15 22 32 103 164 181 193 184 130 68 36 20 17 26 39 48 53 
26 17 7 12 24 20 15 5 7 27 16 17 10 29 29 10 20 27 27 26 22 13 19 32 21 20 15 22 19 32 42 31 29 9 11 19 27 28 25 19 26 35 16 15 24 39 52 29 36 43 114 180 192 183 172 125 61 27 11 19 42 51 52 55 
14 19 6 13 22 5 21 5 13 29 11 13 12 31 35 20 26 33 36 38 41 36 21 26 14 21 21 27 24 41 43 33 31 11 22 24 34 32 26 19 27 32 13 22 31 40 55 28 51 65 124 187 201 173 154 118 61 25 6 19 45 53 48 43 
7 15 6 17 27 18 26 14 18 29 6 8 5 19 28 19 12 17 17 17 13 19 15 17 6 12 19 25 15 33 34 27 34 16 29 24 44 43 40 28 24 28 20 38 40 41 52 33 62 85 125 187 201 160 137 102 55 28 8 12 35 50 53 45 
13 22 16 22 31 19 29 17 24 27 9 8 6 12 15 19 13 15 15 15 13 9 18 15 11 13 24 29 26 31 25 21 36 13 27 36 53 39 31 28 10 21 28 41 44 38 41 31 72 92 131 188 195 156 123 90 52 26 9 8 29 38 40 34 
10 21 24 33 45 34 41 31 27 30 18 15 12 14 11 15 13 10 10 15 17 6 9 9 15 29 33 26 27 13 17 17 28 7 21 40 51 27 16 24 11 16 27 41 43 37 34 27 74 94 129 186 188 142 113 77 44 29 17 9 15 31 29 23 
5 20 27 41 52 46 45 31 24 19 7 13 19 19 15 13 17 11 8 15 10 3 12 21 36 39 42 36 43 23 19 16 22 8 18 45 57 34 16 27 29 14 15 29 32 29 26 29 78 105 140 194 190 135 95 64 38 33 29 26 6 29 36 38 
15 18 28 43 54 49 43 31 23 30 34 29 25 19 11 19 22 13 12 1 13 4 15 23 25 27 30 26 37 33 24 15 13 9 16 40 59 38 10 12 25 22 16 25 22 22 22 33 77 114 152 194 190 130 81 45 23 11 12 29 19 24 36 39 
8 8 22 36 45 46 34 23 12 15 20 24 26 26 24 20 20 20 12 5 14 12 24 26 16 19 29 29 31 28 20 15 12 3 11 27 58 47 22 13 18 19 15 15 9 13 18 35 81 128 167 198 183 116 57 29 14 10 14 32 31 34 43 46 
12 6 19 26 34 32 26 17 8 13 22 34 34 39 29 27 20 31 19 29 32 29 41 41 19 26 34 36 40 35 26 22 18 21 20 21 41 39 22 8 15 19 23 19 6 12 13 38 88 144 180 194 174 98 39 24 31 31 28 38 36 40 49 46 
19 20 15 16 17 19 22 16 15 17 28 37 41 41 32 23 10 27 13 9 25 22 39 46 28 39 50 56 57 47 38 31 30 28 26 19 32 36 27 18 15 12 18 19 8 8 15 50 104 171 200 201 163 90 30 17 11 6 13 31 35 43 44 46 
25 29 17 14 14 17 31 8 19 13 17 27 31 38 26 33 10 32 21 12 25 20 38 38 19 34 47 56 50 36 20 16 14 9 5 9 18 27 31 26 22 12 9 13 12 17 29 78 132 189 214 193 135 64 21 31 22 13 10 27 39 53 55 50 
25 31 11 13 15 22 38 22 30 29 29 17 13 21 17 32 15 35 32 27 31 25 43 34 13 27 31 45 28 31 15 19 15 9 8 9 12 17 26 18 18 17 12 11 7 14 42 102 157 202 215 176 98 38 13 31 25 16 14 26 34 43 44 44 
27 29 10 8 16 24 40 29 41 29 31 15 7 18 8 29 7 37 32 26 26 22 41 29 15 18 22 27 13 27 26 26 19 8 10 15 10 17 23 23 20 25 20 19 15 31 70 138 190 215 209 150 77 20 14 25 16 15 8 29 33 45 50 49 
34 39 25 20 13 26 48 42 52 39 39 27 17 15 8 32 17 43 36 34 23 14 35 15 12 12 11 15 5 19 22 24 19 13 8 15 14 13 15 13 19 23 25 21 32 53 102 173 206 214 188 130 62 24 26 34 35 39 26 27 31 39 43 43 
31 38 17 23 8 29 54 43 50 35 31 26 28 24 27 27 20 38 36 36 27 23 31 17 10 16 16 20 20 13 19 17 20 31 19 3 9 12 13 12 24 26 32 32 43 69 132 201 216 206 165 102 45 13 19 24 28 34 32 32 31 34 32 27 
24 38 19 24 10 26 53 50 46 35 24 20 17 23 19 17 16 31 37 39 26 12 16 3 11 19 20 23 23 17 10 17 20 31 32 22 12 13 7 15 31 34 48 48 64 88 152 208 208 185 135 71 27 14 20 28 27 24 31 26 32 22 19 13 
15 31 19 16 12 26 41 39 38 24 14 11 8 11 15 12 19 33 47 48 34 22 17 9 17 20 15 13 20 25 19 23 19 26 29 27 11 10 8 6 29 29 46 48 81 117 179 222 204 168 102 50 18 24 27 36 32 26 24 15 35 24 18 21 
6 24 22 11 13 23 24 30 15 11 13 14 13 19 14 16 24 33 51 53 45 34 34 34 35 29 10 10 19 33 32 23 13 15 26 34 8 5 9 9 22 24 43 63 109 147 194 216 189 148 84 42 15 26 27 34 27 19 14 37 46 28 29 34 
12 11 20 11 11 17 8 27 20 13 20 25 29 28 26 19 26 24 39 36 23 22 34 34 45 31 24 15 21 32 38 24 23 17 27 38 10 4 13 15 24 22 46 87 136 176 201 203 168 126 62 29 18 20 26 24 24 16 21 43 35 12 13 9 
13 9 10 8 10 23 16 24 32 31 25 26 18 15 25 19 21 19 35 32 20 19 29 26 21 15 26 22 26 36 49 30 27 20 21 38 13 12 17 16 17 24 60 119 168 203 213 182 133 97 43 23 29 26 27 24 19 18 22 38 30 19 20 19 
14 17 13 16 19 29 25 19 14 26 39 35 21 8 11 24 20 19 29 19 13 27 40 30 17 11 27 20 18 24 42 24 17 5 14 31 14 17 22 35 42 52 92 157 193 213 201 154 104 76 29 15 33 27 28 18 21 23 33 32 22 13 10 10 
8 18 19 19 23 27 29 29 22 24 31 31 17 15 12 36 22 24 22 24 28 42 51 33 19 13 26 19 15 10 41 16 11 7 15 27 22 23 17 23 39 68 128 184 197 196 164 102 58 48 26 22 37 26 29 19 22 29 37 23 22 14 6 15 
6 17 19 25 28 27 19 27 19 17 24 29 29 26 11 36 27 22 26 30 32 32 40 28 22 12 25 15 16 9 36 15 12 14 24 29 24 23 15 26 53 101 161 209 199 176 135 65 28 33 29 33 43 31 32 22 19 24 29 29 30 29 29 38 
24 27 10 6 12 24 27 29 23 6 21 33 40 38 24 38 36 29 36 41 45 33 25 19 27 27 25 17 21 10 43 19 20 27 32 30 27 17 21 42 88 142 195 218 189 150 114 53 31 24 19 27 41 32 31 17 14 27 23 30 19 26 12 10 
24 29 13 6 12 29 30 31 38 22 13 19 27 29 21 22 31 17 16 27 34 39 36 28 17 8 22 23 25 32 44 24 28 31 32 31 26 18 30 77 130 180 214 212 161 110 74 34 26 24 24 24 34 24 20 13 11 23 11 20 15 31 28 34 
23 33 15 13 15 27 28 17 36 32 28 26 23 16 12 19 36 30 25 20 7 10 14 23 20 15 26 17 19 42 47 38 34 32 37 34 28 27 58 122 173 208 218 189 127 81 53 24 15 15 22 19 29 19 14 15 8 24 19 23 27 39 32 38 
25 26 23 26 31 33 28 9 22 27 11 15 17 12 13 21 33 27 23 30 28 27 26 32 29 31 35 19 11 25 16 25 25 31 36 34 43 53 97 164 205 215 194 150 90 56 44 27 19 15 24 10 22 12 11 14 4 17 27 39 42 48 41 40 
19 18 14 26 29 39 30 18 27 27 18 17 9 9 12 22 29 27 15 22 31 24 22 23 20 29 32 13 13 26 40 45 38 32 34 42 71 95 149 207 218 194 152 101 55 44 39 26 19 22 32 11 16 5 7 20 13 13 26 38 45 49 45 43 
18 20 24 26 29 34 32 23 25 29 34 27 26 21 16 19 21 19 19 27 38 33 24 28 26 34 29 25 24 20 26 11 24 26 50 85 116 151 189 216 193 150 95 53 34 39 30 20 6 19 30 20 34 27 27 21 20 27 39 43 45 43 41 41 
26 27 32 27 29 31 28 22 17 27 34 32 24 22 25 19 21 13 20 29 46 39 25 19 20 28 22 25 27 19 22 21 43 49 98 141 165 186 199 187 143 103 57 34 39 45 39 25 14 12 19 28 38 31 34 14 18 29 38 42 35 23 23 17 
22 20 17 23 34 37 35 23 10 12 15 21 15 22 31 22 26 8 13 19 36 34 22 19 18 21 22 18 27 16 12 31 51 75 133 174 175 185 178 147 102 75 40 33 46 48 41 29 18 12 10 16 30 22 31 20 20 29 31 31 27 19 17 12 
18 20 18 28 36 41 38 36 26 27 16 29 20 25 35 22 32 12 19 19 29 25 11 13 20 24 18 16 22 16 32 67 90 124 180 205 182 180 156 113 73 50 29 25 38 38 34 24 19 14 9 20 27 19 30 19 24 33 26 19 24 17 24 23 
28 27 28 34 45 37 33 27 22 31 24 26 10 15 20 16 34 11 7 8 24 22 8 9 5 1 19 36 45 62 95 130 160 196 227 225 184 152 117 78 46 33 22 14 25 33 27 11 17 18 32 27 26 8 21 13 15 27 24 19 36 37 45 45 
29 33 33 39 48 45 37 31 27 38 41 33 15 22 19 28 40 21 16 12 24 24 17 23 19 26 46 72 82 103 137 159 180 206 213 196 150 111 76 50 27 24 17 4 17 20 18 9 22 23 22 8 6 8 18 12 18 22 27 24 38 32 26 26 
35 36 37 34 41 39 33 34 30 31 39 34 28 33 14 18 19 15 12 9 17 13 10 19 22 39 78 107 121 142 166 171 178 184 169 143 100 65 49 39 21 14 15 15 22 20 15 13 26 27 32 33 37 38 37 32 29 16 17 25 50 42 24 21 
28 24 22 12 25 27 27 33 26 22 24 31 34 36 27 25 19 22 18 14 21 11 22 39 55 91 128 152 158 173 182 173 170 161 131 101 69 41 29 20 12 14 17 27 29 22 21 26 24 25 20 19 23 28 27 25 26 12 8 11 38 41 15 13 
5 3 24 19 22 20 18 38 27 19 11 13 28 26 22 24 22 23 24 25 25 42 53 70 93 128 158 171 171 178 178 158 143 126 97 71 49 29 22 17 20 22 21 22 19 22 28 33 34 29 22 20 18 14 8 16 25 17 19 15 39 36 17 10 
13 10 20 19 28 24 19 28 18 24 31 35 34 18 15 26 29 26 34 41 56 79 93 105 127 151 166 168 166 159 149 117 96 74 57 38 22 22 24 29 39 34 31 26 17 24 32 29 17 16 18 32 32 26 22 24 32 32 27 24 38 41 30 23 
15 13 19 13 20 13 11 19 10 14 17 15 19 6 10 20 19 29 62 82 100 130 147 162 178 185 189 175 154 132 107 76 52 40 43 42 43 34 34 28 24 13 12 20 19 22 31 22 16 21 20 27 29 21 20 22 33 43 36 30 35 37 34 24 
32 35 27 19 24 20 20 22 24 28 24 21 21 18 25 26 39 71 115 139 164 186 202 205 206 193 180 157 128 98 76 53 43 36 39 35 28 22 17 16 18 18 22 27 24 22 23 20 17 14 10 17 26 25 19 22 34 50 36 31 22 29 27 15 
45 40 25 24 20 10 18 37 57 67 69 70 65 64 71 82 100 131 169 190 204 211 205 197 180 153 126 100 69 42 34 32 39 41 36 28 25 18 23 22 15 13 16 20 24 19 19 15 14 9 15 7 19 14 14 14 31 44 31 29 27 29 32 21 
35 32 26 32 28 49 62 79 97 102 109 117 118 123 134 150 166 185 206 210 204 189 167 154 130 104 73 60 39 25 24 27 32 38 22 18 15 21 27 27 29 29 21 10 20 8 20 21 25 18 29 13 14 12 16 14 32 40 22 29 27 34 31 21 
107 105 104 112 118 130 143 156 158 159 159 166 161 168 176 189 194 204 202 185 161 129 92 71 52 46 38 32 23 22 24 21 19 27 16 12 11 27 8 6 16 32 28 13 19 8 32 32 33 24 29 12 18 30 34 32 30 26 15 25 28 39 30 21 
178 171 169 170 173 182 197 208 216 222 227 228 220 211 199 192 182 185 167 141 108 81 43 29 12 26 22 22 24 34 31 23 17 20 38 42 43 42 26 23 27 44 34 17 19 9 38 27 20 15 31 27 22 29 26 22 19 11 15 18 22 36 24 18 
152 152 159 171 183 194 199 202 201 204 211 214 212 199 181 165 150 145 121 97 66 51 24 17 5 24 22 27 34 42 42 29 29 18 26 24 36 43 22 25 22 40 21 9 9 15 38 28 19 18 26 30 24 22 16 11 8 9 10 14 16 30 21 19 
150 148 157 168 175 180 180 167 154 142 136 132 133 133 133 122 114 101 77 46 25 21 13 14 10 20 25 24 22 19 24 27 34 16 13 20 39 42 32 29 38 39 19 12 17 22 36 27 16 20 22 36 26 20 17 23 18 7 12 16 19 32 29 28 
140 138 138 140 139 143 134 114 97 77 65 51 60 68 76 72 68 50 35 11 8 13 8 16 16 20 26 26 21 20 26 29 35 17 6 12 30 32 33 39 50 46 27 24 32 33 34 30 17 25 24 43 27 8 13 29 31 5 21 28 26 35 38 43 
58 64 74 80 86 94 75 55 39 21 7 10 14 12 17 13 16 10 11 12 13 17 22 27 26 28 32 25 10 12 15 27 29 8 6 13 20 17 21 22 36 21 5 17 38 32 25 17 9 15 15 45 32 22 20 38 38 17 30 36 29 34 39 38 
21 23 38 38 38 47 30 33 27 28 31 37 43 41 31 21 14 13 15 7 10 20 19 23 24 20 31 24 8 6 9 29 33 13 8 6 16 16 15 24 32 24 14 15 37 26 25 22 10 13 13 34 31 29 31 45 36 20 41 43 28 15 12 23 
30 29 33 32 33 46 50 57 49 48 48 46 46 40 27 10 12 12 13 13 12 18 9 13 8 11 35 31 24 23 22 38 39 6 9 15 23 26 23 23 27 26 26 17 31 23 24 25 10 10 13 30 32 20 17 25 20 16 38 39 30 21 15 27 
29 27 27 24 28 36 44 51 48 51 48 48 41 38 34 19 17 20 18 18 19 15 7 7 6 10 33 37 27 22 17 39 43 13 8 9 20 32 28 34 41 41 45 25 29 19 20 34 20 11 8 13 22 16 8 17 22 32 37 26 24 21 15 22 
28 26 23 19 28 29 21 27 33 36 33 29 26 29 31 15 17 17 21 27 28 26 21 23 19 17 32 41 31 22 19 29 39 11 11 14 26 40 31 31 36 42 48 36 30 35 39 52 48 43 36 28 19 9 3 8 15 26 29 14 18 27 16 23 
16 15 5 9 28 26 10 12 20 34 25 29 24 31 34 24 22 23 22 34 34 23 20 22 26 27 29 39 30 24 19 24 33 8 10 20 28 42 34 22 29 31 50 48 38 41 34 41 34 27 15 17 7 8 10 14 20 32 31 14 12 22 15 19 
16 15 14 17 33 30 20 15 13 34 32 29 21 27 39 24 33 34 30 42 39 20 22 27 36 36 31 34 31 21 17 14 29 24 28 34 34 42 30 17 19 22 46 53 24 17 19 24 30 27 17 13 5 15 22 34 41 46 39 30 20 26 20 25 
12 11 16 25 38 34 29 23 21 44 35 34 31 37 46 27 27 32 33 39 37 24 26 32 43 41 31 31 22 16 15 5 20 30 34 37 38 43 31 24 24 26 51 59 31 26 23 22 36 38 24 20 11 21 27 29 37 45 41 30 24 29 19 22 

22 17 34 38 45 51 20 34 32 27 27 4 15 24 31 33 41 34 34 29 24 26 24 21 19 22 20 19 21 38 54 60 48 31 22 37 20 15 19 11 23 12 9 4 24 16 10 24 22 39 93 167 213 211 206 150 77 48 37 13 7 17 14 13 
12 8 29 27 34 49 34 36 26 17 21 10 21 24 31 24 34 20 20 39 39 45 39 32 24 17 16 15 15 35 51 58 46 29 19 29 13 13 10 8 18 10 10 3 22 15 13 24 17 37 83 161 206 204 201 145 68 39 34 12 11 10 12 12 
24 15 26 26 35 50 44 38 32 27 21 15 25 26 30 30 35 27 31 54 48 51 50 39 27 12 12 16 22 36 50 53 43 26 18 28 31 25 24 22 25 23 17 13 20 12 11 24 11 32 75 153 200 191 189 138 54 27 25 14 15 13 17 15 
17 18 23 22 28 33 26 24 24 24 19 17 22 24 24 20 26 8 8 40 27 13 15 15 23 23 20 12 15 29 46 46 36 18 12 22 24 26 15 13 12 14 14 19 26 23 22 26 10 35 76 152 192 183 177 130 46 12 21 11 20 25 27 29 
9 13 15 13 20 23 26 27 21 18 10 15 25 27 27 19 28 11 20 47 32 17 14 19 34 27 11 8 13 29 33 31 27 17 12 18 21 29 20 22 19 20 17 22 20 11 17 21 6 29 75 152 189 185 172 118 40 6 17 9 8 19 14 13 
17 19 19 17 17 24 34 37 26 16 18 15 23 26 30 35 40 34 39 51 41 32 24 20 38 34 15 12 15 21 24 23 17 13 17 26 31 33 37 36 36 29 19 16 11 16 23 23 14 29 87 154 180 187 173 111 39 17 18 3 11 19 20 20 
6 10 10 19 20 26 24 24 20 13 20 19 26 31 30 27 26 14 15 36 33 29 34 42 50 37 19 15 20 16 17 15 13 25 26 34 32 30 24 19 18 12 10 12 17 10 22 14 14 34 103 166 186 191 166 100 31 16 22 7 10 13 19 19 
6 4 13 24 26 36 38 32 26 26 18 12 20 32 22 10 14 24 32 45 45 46 47 49 48 31 14 21 27 12 18 24 31 42 39 34 30 17 10 7 16 34 28 24 27 22 34 20 23 45 119 176 181 182 156 93 22 17 22 20 26 27 36 40 
24 18 23 16 8 22 22 26 22 26 10 8 17 32 20 10 13 17 24 29 25 13 22 34 31 13 15 27 30 19 40 39 41 39 27 19 15 12 11 12 21 43 36 33 39 35 46 28 39 61 135 189 186 174 147 91 34 36 32 24 36 38 47 55 
15 13 14 12 24 20 22 25 26 36 19 17 15 34 22 11 15 24 29 32 31 6 18 34 24 18 16 31 29 19 30 17 28 15 5 12 19 17 9 7 27 48 33 29 34 36 50 29 46 75 148 198 188 165 139 90 25 25 29 36 50 38 32 37 
22 24 15 15 29 15 21 24 27 38 6 10 13 35 32 19 22 27 34 36 38 31 15 29 25 28 20 38 23 30 30 22 41 21 22 17 23 19 10 5 32 47 29 27 28 34 48 24 58 91 157 204 195 153 116 78 16 11 15 31 50 41 29 19 
24 27 22 33 39 31 34 27 33 43 5 9 10 26 26 13 6 17 13 15 20 26 21 26 27 27 19 31 24 30 28 30 48 13 23 17 36 36 30 24 34 41 29 34 29 34 39 25 71 110 160 204 190 137 102 69 17 10 14 26 41 43 43 40 
36 38 29 36 43 30 37 24 32 41 17 23 17 20 17 19 8 15 7 8 16 29 28 29 27 38 31 29 22 31 26 26 43 15 29 36 50 41 27 17 23 31 32 32 29 24 32 23 82 117 164 197 181 130 91 54 16 6 13 20 31 35 38 43 
39 39 31 40 48 36 47 35 39 45 20 23 20 22 12 16 16 11 11 8 18 24 26 28 29 45 43 29 30 16 20 23 32 10 26 43 52 27 22 16 8 26 36 37 34 22 19 27 85 121 165 195 174 124 86 47 24 18 14 11 17 29 36 38 
41 42 34 41 45 41 53 41 37 36 20 27 27 29 20 15 15 10 16 14 20 18 21 33 43 55 58 49 55 37 25 19 23 7 21 44 52 23 23 24 19 14 19 29 28 19 16 35 89 133 172 196 172 117 73 36 27 29 31 26 9 22 32 37 
43 44 39 41 50 45 49 34 26 32 40 40 32 21 12 13 20 10 12 12 20 16 23 36 42 48 45 27 39 37 24 15 8 11 22 43 58 34 6 14 23 20 17 24 27 19 22 43 98 146 180 198 173 107 61 30 13 9 13 26 20 9 15 17 
30 32 29 37 39 44 38 29 8 11 20 20 16 8 16 15 19 21 10 11 20 16 26 36 31 36 37 10 22 24 13 12 8 10 23 34 54 39 20 12 21 17 15 21 26 19 23 52 106 159 190 196 162 97 48 28 15 10 9 29 31 8 15 17 
22 20 25 28 29 26 18 17 3 10 17 18 14 8 19 24 14 29 17 22 30 31 34 48 27 29 36 16 26 26 20 18 17 20 26 32 46 40 14 12 22 20 15 17 18 21 29 59 121 176 193 188 158 83 42 34 34 27 24 32 32 13 18 11 
10 13 19 26 30 23 12 17 8 20 24 23 24 14 20 29 6 31 20 13 26 23 31 51 33 38 41 42 46 42 36 33 34 29 31 22 30 38 19 15 16 12 17 14 7 20 34 76 140 193 203 185 140 69 36 29 19 26 26 38 39 27 21 15 
17 19 19 27 28 27 25 19 13 17 13 9 8 11 15 28 12 27 27 14 19 20 25 45 24 36 46 52 55 39 24 19 19 15 21 14 16 31 23 24 14 4 15 17 16 24 54 109 169 207 206 169 111 49 31 31 20 22 27 40 45 48 43 34 
17 19 9 13 15 12 29 25 31 32 37 27 22 20 8 33 16 32 34 26 24 19 27 37 17 27 29 39 32 26 10 19 23 10 19 12 10 18 19 20 14 12 6 10 8 31 72 137 186 206 192 134 69 36 32 30 18 25 27 43 39 41 32 27 
22 24 17 13 12 12 24 25 29 18 27 13 8 19 8 30 14 31 34 26 24 13 24 30 13 23 26 31 24 26 19 21 26 6 16 17 12 21 25 21 17 17 8 8 17 53 106 172 204 206 169 105 52 19 20 17 14 23 30 45 41 42 36 30 
29 38 26 15 16 13 35 32 39 25 31 18 8 16 16 31 19 38 41 42 34 20 25 20 16 29 30 27 21 24 27 20 20 17 4 21 19 23 27 26 24 24 17 15 40 82 139 199 211 192 145 88 45 32 36 31 31 34 30 43 38 41 36 32 
32 39 22 10 12 19 41 39 37 25 24 17 16 22 26 26 24 29 42 38 38 25 28 19 19 21 21 21 26 20 22 9 12 25 16 5 6 10 26 28 29 29 27 22 57 101 166 215 211 178 117 58 27 22 26 12 15 25 28 39 31 37 28 23 
34 41 27 8 13 26 44 47 31 21 15 11 6 15 19 20 18 26 40 45 38 24 23 19 26 31 28 30 33 29 19 18 20 28 28 19 14 13 24 27 31 29 38 41 76 124 180 216 196 153 81 37 16 27 28 16 7 17 29 32 32 33 24 19 
35 43 29 7 12 22 33 33 13 14 15 11 4 16 17 12 20 24 45 50 41 34 30 29 31 31 20 20 24 27 26 32 31 27 26 24 13 7 12 19 29 29 40 56 105 153 192 209 181 131 58 28 18 29 29 31 27 24 27 26 34 36 34 30 
35 38 35 10 7 17 20 30 10 17 13 10 10 29 26 22 25 23 40 46 36 34 37 37 38 24 17 14 22 37 39 34 28 19 23 31 13 8 11 10 27 25 47 86 136 173 193 195 163 112 45 25 15 27 22 27 19 12 13 38 43 43 40 39 
36 36 36 29 27 26 7 24 23 21 12 19 22 35 35 29 29 25 41 44 23 20 28 31 36 25 23 15 23 37 45 31 20 13 12 34 18 13 9 7 24 36 69 123 164 190 192 173 137 95 38 26 13 18 7 16 8 11 17 47 38 32 43 45 
38 37 39 33 29 34 24 24 33 32 24 25 24 38 40 29 32 27 50 43 31 31 36 24 15 10 27 13 19 29 43 22 17 17 15 32 12 16 20 13 32 53 100 161 190 208 190 151 107 76 29 21 17 11 5 12 12 12 20 44 23 30 33 39 
34 38 36 33 34 38 37 31 26 22 32 34 36 37 30 32 17 28 34 29 25 33 49 31 13 10 27 15 14 6 35 17 5 9 10 27 6 9 14 29 53 88 140 199 207 202 171 119 73 55 24 11 13 6 5 15 17 29 35 40 17 19 24 28 
32 36 34 34 26 31 33 31 25 6 29 37 36 41 31 38 16 40 38 37 41 46 57 37 21 24 32 26 24 14 31 12 4 6 9 22 15 17 19 35 71 116 175 218 204 175 137 82 43 41 22 15 16 13 9 19 22 34 38 24 6 5 10 13 
20 28 31 31 32 24 18 27 27 12 22 39 42 46 32 34 17 39 39 48 52 46 57 39 31 26 33 29 29 19 35 13 8 12 9 23 24 33 32 52 95 147 196 227 190 150 112 52 20 29 24 27 27 22 15 13 11 24 29 20 22 22 14 19 
25 25 24 19 17 17 15 26 32 20 20 32 43 46 36 33 29 38 50 60 63 54 43 26 19 20 21 24 24 23 36 10 15 17 11 15 20 32 45 82 135 184 217 220 169 121 88 40 22 17 11 20 24 26 12 4 10 24 26 22 14 26 22 28 
17 28 18 14 8 22 22 27 41 39 22 17 24 33 29 17 23 19 29 42 52 56 51 35 24 9 20 21 20 30 39 23 23 23 15 12 20 41 65 123 171 208 219 194 128 79 56 24 24 20 16 19 24 20 6 9 7 23 20 13 20 45 36 40 
21 27 13 10 7 26 27 14 31 42 36 27 29 24 28 17 31 29 29 31 24 24 23 17 19 19 31 27 15 33 36 29 24 23 10 16 38 68 107 170 203 215 206 159 95 56 41 19 15 13 17 17 16 16 11 15 11 24 26 21 27 45 29 26 
20 25 15 19 16 21 26 7 16 27 21 24 26 23 19 12 12 19 21 29 24 21 22 27 30 31 39 33 26 31 24 27 24 18 6 26 65 97 149 206 218 209 176 116 61 36 31 20 18 13 19 11 16 10 4 11 6 17 26 29 32 46 29 20 
18 12 10 15 19 18 18 9 13 21 12 12 11 15 11 10 2 13 16 18 18 17 11 20 19 28 39 25 26 43 44 50 39 22 16 60 105 142 191 230 214 176 127 70 31 20 24 30 31 23 25 17 21 13 8 10 17 19 19 26 29 38 33 22 
28 24 19 15 11 10 15 11 10 21 27 24 20 21 24 12 12 17 20 20 24 24 11 20 10 18 24 29 31 35 32 19 39 38 71 117 158 188 218 221 175 125 74 28 6 20 24 29 26 19 22 17 32 24 24 17 19 26 27 27 27 39 46 43 
39 33 30 22 12 12 15 12 7 12 18 19 12 16 27 8 17 11 15 18 29 34 25 23 12 10 11 19 22 22 17 35 71 87 133 181 197 204 209 178 125 86 43 10 8 24 29 29 27 13 14 20 36 26 32 20 24 32 27 25 14 10 26 26 
39 32 19 26 26 26 28 26 21 27 11 19 11 15 36 16 22 10 13 9 19 26 23 26 20 12 6 12 17 20 22 60 97 121 173 199 187 185 170 130 91 65 30 20 18 24 25 26 22 12 4 13 34 15 32 26 29 32 25 15 7 14 20 24 
32 27 13 27 29 27 31 37 31 35 20 30 19 29 36 19 29 10 12 17 19 21 15 17 21 20 13 8 24 38 60 100 138 169 202 211 180 160 135 98 62 42 21 14 16 20 16 10 12 12 10 9 27 22 34 25 29 36 20 6 16 21 29 31 
32 29 20 33 32 24 26 27 27 41 24 27 9 21 24 10 31 8 16 13 17 20 5 6 10 15 27 49 62 94 131 170 197 220 230 212 157 117 93 57 36 31 19 10 10 9 6 5 19 20 20 20 27 29 34 31 22 32 16 12 32 37 50 52 
31 32 36 44 48 40 34 30 27 40 37 26 13 22 13 19 33 19 20 20 23 24 19 20 28 39 65 94 110 140 172 191 202 210 197 166 111 70 53 29 19 17 13 9 13 10 12 17 19 17 15 15 27 32 39 33 29 20 13 19 41 37 39 44 
32 30 31 36 42 37 31 24 17 29 36 30 26 23 10 17 16 7 15 17 24 22 15 12 32 57 97 129 144 166 187 182 176 166 141 111 65 38 31 18 19 12 19 19 20 10 13 11 17 20 32 38 44 53 51 48 36 19 6 22 46 41 38 44 
26 21 21 28 41 43 34 26 12 21 36 38 38 29 26 29 6 10 7 14 25 22 30 47 78 114 147 170 170 181 187 166 153 140 104 81 52 31 23 16 26 18 23 27 18 13 16 17 13 8 19 27 39 41 41 37 35 11 7 15 44 41 32 32 
19 16 28 33 41 39 37 36 22 11 11 21 26 17 23 28 15 12 16 23 34 62 83 102 133 164 179 190 179 173 163 142 126 108 84 64 43 35 30 24 31 15 16 16 9 15 16 15 14 18 24 29 28 29 23 27 27 12 8 8 38 36 21 16 
20 23 33 40 50 48 37 32 16 23 32 36 33 17 12 26 28 27 45 64 79 111 134 145 169 180 177 166 154 133 121 99 84 67 55 39 32 34 35 39 48 33 29 23 17 19 15 12 8 18 21 22 26 20 16 15 26 24 17 22 38 43 32 18 
26 24 31 38 45 39 32 22 11 20 22 23 22 22 24 38 46 65 97 116 131 159 181 193 202 201 185 154 127 94 80 59 48 45 50 46 46 45 46 45 43 19 12 13 17 22 17 9 10 18 14 16 20 11 9 10 22 31 17 13 25 34 29 19 
31 31 31 31 33 29 27 25 30 42 42 43 52 58 69 86 104 127 161 177 190 205 215 213 208 192 167 133 105 74 57 43 40 41 44 40 39 35 32 33 35 22 22 22 25 22 6 10 15 19 13 5 19 18 8 3 25 40 22 14 15 32 29 13 
36 37 23 18 13 24 39 58 76 95 102 105 110 115 124 140 160 179 200 205 203 197 185 175 157 130 100 72 43 25 20 19 35 38 38 34 31 26 29 31 31 10 13 12 21 21 14 10 10 12 8 5 10 12 9 7 28 36 17 19 14 34 29 15 
52 58 55 62 76 89 105 119 132 143 154 161 166 170 179 189 202 211 206 196 176 151 130 116 97 72 48 31 20 10 11 11 21 32 26 26 29 33 36 41 45 36 31 15 27 23 24 24 17 14 12 9 13 12 11 5 26 36 17 24 24 36 32 23 
140 143 145 148 159 170 174 180 185 183 187 187 190 192 197 201 201 202 181 151 124 94 60 48 35 30 23 16 10 14 12 5 11 21 18 12 13 21 9 13 23 26 29 7 26 29 33 39 35 26 19 5 14 21 27 28 28 25 17 30 34 43 34 27 
201 194 186 180 183 193 199 209 220 219 222 216 211 201 192 181 172 163 137 104 74 56 24 17 11 17 15 6 6 15 16 12 7 17 26 30 28 32 13 15 19 39 36 17 26 24 37 40 28 17 15 16 19 20 16 15 11 19 23 25 27 38 32 26 
170 164 164 165 170 176 182 187 190 190 193 190 178 165 149 138 124 117 91 65 43 35 17 13 15 7 10 17 26 31 27 17 15 14 22 21 24 27 13 17 12 39 34 20 17 15 37 39 30 20 18 20 24 25 17 15 13 18 19 23 20 31 22 16 
155 153 155 151 154 154 150 138 127 114 106 95 97 97 93 93 83 77 55 38 24 20 9 6 15 12 24 23 31 27 26 22 22 12 14 13 30 30 15 20 27 45 38 24 11 15 32 38 29 21 13 22 24 34 26 29 15 19 28 23 20 30 23 20 
121 120 114 107 103 102 89 68 55 41 27 14 29 42 54 56 54 41 25 15 12 10 8 5 19 16 30 36 43 37 34 28 25 8 7 11 30 33 29 27 43 47 39 14 16 24 38 42 32 32 24 31 27 30 22 34 24 17 27 31 28 35 36 41 
43 40 45 46 49 57 44 25 11 13 15 13 14 11 12 17 19 12 11 12 10 17 20 20 24 26 36 39 39 32 20 25 24 6 4 13 26 25 24 6 31 30 26 16 27 27 26 26 15 15 13 35 32 28 27 41 32 21 38 41 32 31 32 36 
19 13 26 19 29 41 36 34 28 26 26 29 31 33 25 17 11 13 17 9 15 24 24 15 13 11 38 41 38 32 27 36 38 8 12 17 30 31 26 12 23 25 29 9 26 24 26 30 13 10 10 29 32 29 30 42 26 21 38 48 26 3 9 15 
18 20 30 20 26 32 36 50 39 43 42 43 40 39 30 20 20 20 20 6 7 19 13 13 17 16 45 43 31 32 33 50 53 7 10 18 27 31 24 8 13 19 25 8 26 25 22 32 15 10 10 24 27 16 16 24 17 17 34 46 27 11 10 13 
21 19 20 15 23 22 28 33 34 33 32 29 29 34 27 16 20 19 21 11 19 17 13 13 10 11 37 39 14 19 25 48 61 15 11 11 22 37 26 25 29 27 38 18 20 13 15 32 22 10 8 15 26 18 11 17 21 24 34 36 20 15 12 15 
24 20 20 17 29 19 17 26 27 29 22 17 15 31 29 10 15 13 15 18 27 25 19 17 15 15 36 43 25 26 29 45 53 20 24 27 33 38 25 11 10 16 33 26 11 19 29 45 41 38 29 27 19 12 9 10 6 14 24 24 17 27 29 30 
12 15 13 9 26 24 15 17 31 34 27 27 20 32 32 10 10 11 20 34 42 29 20 19 21 24 35 40 30 27 26 37 45 19 25 31 32 31 12 16 17 19 38 45 34 36 33 35 34 23 20 21 20 13 6 14 19 27 30 24 22 26 28 27 
4 7 16 20 32 28 18 7 26 43 38 32 26 33 36 19 24 27 32 45 50 27 19 22 29 27 29 37 33 32 28 25 31 32 39 43 38 30 13 16 16 19 37 45 6 6 15 17 28 22 16 28 27 24 18 26 32 36 34 22 23 29 32 32 
10 15 26 29 39 36 26 6 28 48 35 31 28 39 40 17 31 37 45 55 56 27 24 27 32 25 26 29 28 26 22 14 19 31 41 45 40 27 14 22 23 24 39 49 19 19 21 19 29 29 25 35 38 31 14 19 29 34 31 24 23 31 34 36 

52 48 48 45 45 45 17 43 33 18 18 15 18 24 22 13 25 20 27 31 32 27 25 18 6 12 25 34 37 36 29 31 19 25 10 32 8 13 15 15 25 21 18 12 23 10 11 24 39 83 144 204 242 215 190 119 61 43 26 12 18 19 17 25 
38 33 39 38 45 52 36 41 26 9 15 16 20 22 17 7 20 11 27 45 49 50 47 34 27 22 23 29 27 24 17 20 12 19 3 25 15 12 22 22 22 19 15 13 22 12 6 24 38 83 137 199 234 207 183 112 48 28 18 10 18 13 12 22 
19 12 27 30 41 52 39 36 26 17 15 15 20 24 22 21 27 26 36 57 58 60 58 46 32 16 8 12 20 15 12 15 19 24 17 29 32 34 31 29 19 18 13 11 21 10 11 22 41 79 131 192 223 192 166 100 29 11 11 10 18 17 15 22 
14 8 16 19 29 38 31 26 29 26 26 20 16 15 10 9 22 18 24 50 43 25 24 23 31 27 15 8 13 10 18 10 25 23 17 26 34 36 29 20 8 13 13 21 31 27 23 21 38 82 128 188 216 186 157 95 31 15 17 12 12 24 29 32 
16 10 5 12 20 29 37 34 28 17 20 16 18 18 14 7 22 17 31 52 41 13 15 27 40 31 17 15 25 23 15 6 23 19 12 16 20 33 31 22 16 19 26 28 29 25 17 13 40 78 130 188 208 183 150 86 27 8 15 15 6 10 12 8 
19 15 12 13 22 30 43 38 27 13 34 22 19 16 18 26 33 31 35 50 45 22 19 29 43 36 20 17 26 20 12 10 20 20 15 19 16 24 25 27 29 26 24 17 24 29 30 15 34 73 134 189 202 185 145 76 27 12 15 12 11 14 19 16 
24 17 13 19 25 32 23 24 26 24 41 22 20 27 19 24 17 15 32 49 47 31 41 51 54 41 25 24 30 17 11 5 22 28 23 21 12 15 15 13 19 10 9 23 31 33 26 13 33 74 143 192 199 182 136 69 20 13 16 15 16 22 22 22 
33 26 22 29 34 45 39 32 30 33 40 18 20 31 19 18 23 32 45 62 61 50 48 52 49 31 17 26 29 10 16 24 36 38 31 22 13 15 17 12 12 19 22 34 45 34 31 20 46 81 150 192 189 165 117 55 12 10 17 20 32 39 43 50 
41 32 25 15 19 32 28 31 31 36 34 13 19 35 21 22 28 34 40 51 48 25 19 34 31 20 19 30 29 23 39 39 45 35 22 11 12 13 17 8 11 39 39 48 54 40 38 18 53 96 163 196 182 147 101 53 26 27 24 13 27 39 53 60 
32 29 19 15 29 22 19 25 27 43 29 15 12 33 20 26 31 42 43 54 54 30 18 26 26 31 31 41 27 19 26 22 34 17 6 9 15 15 13 4 19 50 34 41 41 28 35 10 60 106 168 198 181 133 86 55 24 26 23 31 44 34 34 36 
20 20 17 19 31 10 12 7 20 43 17 6 8 31 22 27 31 41 45 52 55 37 13 24 38 46 41 46 23 29 29 31 46 26 26 14 17 16 7 9 29 50 29 25 27 34 36 14 76 128 176 197 170 111 66 52 22 15 6 22 45 46 46 47 
13 19 14 24 39 25 22 11 21 44 8 5 6 24 19 17 24 33 36 38 39 30 20 20 34 46 38 39 24 42 34 32 47 15 26 16 27 28 22 25 38 44 18 12 21 35 35 21 90 137 177 192 162 93 54 41 16 12 5 16 36 43 49 57 
34 34 26 32 38 24 25 12 32 48 28 20 15 23 13 21 20 29 30 29 32 29 23 22 26 47 42 38 22 38 26 27 45 11 30 31 45 37 22 20 25 26 12 10 20 36 23 34 101 147 182 185 147 88 48 30 13 9 10 13 26 37 48 55 
12 19 20 31 42 20 38 24 36 51 19 16 13 22 13 24 26 20 22 15 24 24 22 24 30 49 48 32 26 25 19 19 32 12 32 41 52 38 27 13 15 20 26 19 21 26 12 43 102 145 179 178 138 84 48 25 17 13 13 6 10 23 33 39 
12 17 12 23 33 12 43 36 36 45 28 31 31 29 23 29 31 20 26 20 27 20 22 31 41 64 66 61 63 43 28 16 22 10 27 38 54 37 35 24 17 15 22 19 20 14 13 50 111 159 185 180 135 74 30 12 24 29 31 27 19 9 14 15 
11 20 10 16 31 24 45 37 22 29 39 46 37 30 29 27 33 17 19 13 24 18 19 33 39 55 53 38 41 38 22 6 12 18 24 31 50 34 24 16 11 19 26 22 28 14 26 66 126 167 187 177 131 69 28 4 6 12 15 22 30 19 18 16 
3 13 13 19 30 36 41 39 11 11 24 24 22 22 33 30 36 34 9 1 18 11 22 35 36 45 45 13 20 27 17 6 7 18 22 20 45 34 18 15 17 25 32 32 30 27 43 85 144 183 192 173 123 55 13 13 10 6 7 19 32 24 26 32 
13 15 17 19 23 20 20 30 6 20 19 10 10 16 38 36 32 38 20 15 26 22 24 40 35 41 41 16 22 31 26 15 12 21 27 16 32 34 11 15 13 17 27 35 34 39 55 99 163 197 192 165 114 47 24 26 24 27 17 18 29 17 26 26 
9 13 24 33 36 33 15 27 6 28 12 4 8 17 36 36 24 36 29 16 25 21 20 42 34 40 41 32 43 42 41 30 32 26 30 12 26 39 5 15 14 21 25 26 27 50 75 124 189 211 190 156 102 41 32 38 38 41 32 26 25 5 22 23 
18 20 28 38 44 35 22 27 12 31 19 13 10 18 34 34 20 34 33 15 21 22 21 37 27 38 41 49 53 47 38 20 29 11 27 8 13 34 17 19 8 13 17 19 28 56 93 153 206 210 183 131 74 36 36 43 48 49 36 34 31 23 25 24 
28 29 31 33 32 19 13 24 17 31 31 26 22 16 16 28 21 29 34 24 22 26 27 34 23 29 19 32 34 33 26 8 26 7 24 14 12 27 18 20 14 15 12 13 26 69 114 175 209 197 150 91 46 34 41 47 45 49 39 39 25 14 7 13 
31 31 26 31 23 13 10 15 11 14 22 14 9 15 9 20 15 24 31 23 30 27 29 35 27 26 14 28 27 28 19 15 29 10 20 20 19 30 21 17 11 13 10 10 41 90 140 191 206 175 116 56 22 19 32 36 46 45 39 37 22 16 6 14 
26 32 28 27 22 11 10 10 16 10 19 15 8 16 17 24 20 24 36 38 39 30 30 32 31 29 26 26 26 22 19 16 26 20 10 20 22 31 29 24 15 16 20 30 71 123 168 202 196 152 88 50 35 29 39 39 42 40 32 32 20 15 17 22 
27 34 22 19 19 17 23 17 11 12 21 19 10 21 30 32 29 20 27 28 32 20 19 24 22 24 19 19 23 15 19 10 12 25 22 12 10 10 27 27 20 19 22 38 90 143 185 205 178 128 59 29 16 15 25 24 26 26 19 21 7 10 8 12 
23 31 23 17 20 17 22 29 6 10 19 15 15 20 32 38 38 22 27 31 30 19 15 20 25 32 27 30 32 28 17 7 10 18 28 25 12 7 22 24 26 26 34 64 112 168 187 190 154 98 23 17 24 25 32 26 20 16 25 20 15 10 10 15 
17 31 30 21 17 12 26 34 13 18 10 10 11 17 21 28 30 21 32 41 29 22 24 27 29 27 22 21 22 24 14 8 12 12 23 27 17 8 19 20 29 35 49 97 152 192 197 177 138 81 10 12 17 27 28 28 21 16 22 8 20 18 20 20 
12 28 31 22 17 19 20 35 13 12 6 5 3 18 13 19 27 19 26 36 17 2 13 21 26 15 20 11 11 27 24 12 13 13 24 36 22 16 25 22 32 44 79 137 181 206 191 162 122 74 17 27 23 29 21 22 10 5 19 34 36 34 31 34 
6 15 32 31 32 32 17 29 17 17 5 12 12 17 12 11 24 26 46 49 29 21 19 20 22 17 23 13 12 22 30 16 14 9 16 38 29 16 12 9 39 65 108 170 194 208 185 147 107 67 21 20 16 24 12 10 10 9 12 33 24 38 43 50 
9 10 24 28 32 39 27 15 20 27 20 22 15 17 22 17 23 36 52 48 34 33 36 25 20 6 26 8 16 19 31 15 19 22 17 33 25 23 25 19 53 88 142 196 209 204 170 128 87 58 26 26 21 19 12 15 10 10 6 38 29 41 42 46 
10 8 12 13 24 35 31 20 22 19 30 26 19 19 9 20 10 35 33 22 15 31 52 30 12 10 33 20 24 15 23 16 12 15 14 27 15 12 19 34 79 122 171 218 207 180 142 98 71 55 36 29 27 19 16 15 15 18 28 41 34 39 37 36 
24 26 21 24 20 28 29 25 26 8 21 23 15 26 15 27 14 46 27 14 14 27 55 31 19 19 34 27 32 21 20 8 13 10 3 20 20 26 31 56 102 151 190 220 183 140 104 72 48 50 40 38 28 23 17 24 27 34 39 37 25 26 26 26 
10 13 19 27 32 26 22 25 31 13 13 21 22 36 24 25 17 40 21 17 22 20 45 30 21 17 27 24 24 20 13 12 21 23 15 15 32 41 50 75 126 172 199 206 158 112 82 48 41 45 44 48 38 29 22 24 28 39 41 34 27 16 14 11 
16 12 12 18 23 21 12 24 33 22 2 10 16 36 32 22 20 39 36 45 46 40 36 23 12 14 20 22 15 7 15 20 26 29 21 10 26 38 53 101 160 198 202 185 128 80 57 34 30 36 38 43 33 32 20 22 25 35 36 20 12 36 42 50 
31 31 25 18 16 26 21 22 40 41 34 18 15 26 31 6 17 13 22 36 45 50 51 40 31 19 18 24 11 19 26 31 34 32 27 14 32 55 86 143 185 202 185 143 84 41 31 20 19 23 29 39 27 31 19 20 17 28 34 14 25 48 43 52 
39 34 17 7 6 26 29 10 24 34 37 20 19 17 28 15 27 23 20 23 17 22 26 18 19 19 26 28 24 31 29 36 32 31 21 27 63 97 140 187 199 196 160 107 53 28 26 17 7 7 15 26 21 25 21 16 15 19 32 11 23 48 30 30 
37 34 22 22 18 19 24 12 6 20 25 20 23 15 19 15 6 13 19 22 22 26 23 24 26 20 26 29 30 34 23 32 20 30 31 59 101 136 176 209 201 176 131 72 34 22 15 11 7 6 8 13 19 19 13 15 10 12 29 16 25 45 30 28 
36 24 19 17 21 18 14 9 5 17 19 19 19 19 10 12 6 12 20 16 19 28 23 21 23 29 29 20 23 39 38 36 32 34 51 99 145 176 203 222 182 138 87 32 16 8 12 18 18 19 15 17 19 17 12 13 14 17 19 15 24 38 38 33 
32 26 22 17 13 13 12 13 11 19 23 21 20 27 27 17 17 22 23 16 22 35 27 31 16 11 5 15 19 29 17 13 62 76 107 154 182 199 209 194 134 86 45 13 19 7 7 17 17 21 17 8 15 12 18 15 8 9 7 16 28 40 52 50 
38 38 31 20 8 3 7 8 12 8 1 13 12 19 27 7 16 20 19 8 24 42 44 43 34 24 12 17 1 15 27 65 117 139 174 202 201 197 182 148 97 61 24 14 13 12 19 20 19 23 21 25 29 21 22 13 13 16 15 19 19 22 31 37 
20 24 7 20 21 20 24 22 20 20 10 23 13 24 31 13 24 20 19 13 15 41 46 54 48 38 26 23 19 36 59 108 155 176 200 208 178 163 136 104 65 43 24 25 20 8 8 5 10 19 21 31 43 31 29 15 19 25 19 21 10 13 11 19 
29 31 13 26 21 17 19 24 23 31 17 28 14 27 33 16 24 14 15 16 15 34 45 50 48 41 25 21 34 62 99 150 182 197 206 196 149 123 104 68 34 21 13 18 24 21 25 25 19 19 16 28 43 40 36 20 19 30 20 16 15 17 15 19 
24 26 10 25 22 11 13 15 25 40 31 28 17 25 26 6 27 17 21 17 13 31 41 50 47 43 43 61 88 126 168 206 222 224 215 178 118 81 62 29 14 9 6 12 17 11 20 15 15 17 21 31 36 38 33 32 15 22 6 11 29 28 35 38 
24 29 32 39 40 30 31 25 25 36 32 19 15 19 15 17 30 22 24 13 11 25 31 41 54 62 84 118 140 168 199 210 207 197 170 135 82 48 32 10 13 11 13 7 14 13 15 18 13 17 13 26 29 36 34 35 25 14 6 13 31 19 19 23 
24 26 24 26 23 13 11 11 12 24 27 21 19 23 23 31 31 24 22 15 8 10 24 45 61 83 116 147 161 175 183 170 154 137 110 88 50 35 26 12 24 21 25 23 15 5 8 3 10 25 34 45 50 52 46 46 35 10 7 17 40 33 29 32 
17 13 14 17 27 24 23 10 11 26 32 36 32 26 34 42 29 17 13 17 21 38 57 76 107 135 161 181 179 171 161 137 119 104 83 66 40 27 22 12 39 17 23 23 10 7 6 10 13 24 34 40 42 41 34 36 37 15 13 8 32 37 34 40 
16 10 7 12 19 16 12 15 10 5 12 15 19 17 29 39 12 3 22 46 68 98 121 138 165 183 190 198 180 152 129 107 90 79 69 53 36 27 21 27 42 10 6 10 12 15 5 14 23 39 39 41 35 31 22 29 30 20 15 8 32 39 40 39 
20 15 12 19 37 31 26 10 9 26 35 40 36 27 27 38 25 43 74 103 126 156 173 182 189 189 170 150 126 93 77 60 48 47 45 33 26 21 23 38 48 26 22 18 20 22 10 15 31 38 45 35 32 22 17 15 27 32 25 22 34 45 39 34 
29 24 15 13 26 24 15 13 20 32 39 40 46 50 57 69 78 101 130 155 170 192 206 204 200 187 156 119 91 55 43 36 20 27 42 36 38 34 34 41 44 23 20 16 19 24 13 19 29 44 40 40 30 19 14 12 26 38 19 5 18 33 31 21 
36 38 29 30 36 42 46 55 60 72 72 80 91 105 115 131 143 161 184 195 204 210 209 194 181 156 127 102 78 53 46 39 17 16 31 31 29 28 22 24 37 28 32 30 33 30 8 13 25 36 39 32 30 21 13 5 28 40 26 17 13 34 30 16 
62 64 59 60 65 74 86 104 117 138 145 151 157 163 171 179 189 195 201 195 186 169 153 130 108 81 54 34 22 14 23 24 5 14 25 27 27 22 21 20 29 14 28 24 28 31 18 17 19 27 29 29 25 17 11 10 27 37 23 20 17 36 32 26 
95 103 112 125 138 153 163 168 180 192 201 206 207 207 207 211 206 199 185 163 136 114 88 66 45 29 10 17 17 27 32 31 17 18 24 30 38 38 39 43 53 44 44 28 32 36 22 23 18 19 16 22 24 17 15 5 29 37 19 20 10 31 22 8 
170 176 185 196 209 213 211 204 207 204 210 205 205 199 197 192 181 168 145 111 86 62 31 22 9 19 13 11 13 20 25 22 12 11 17 23 27 32 15 16 29 28 38 16 29 36 19 26 26 23 13 20 24 24 22 25 31 32 10 20 23 32 19 10 
216 208 205 202 206 199 202 201 206 206 206 194 187 175 165 156 142 126 98 63 46 37 12 19 19 17 15 14 10 17 19 16 10 8 23 24 29 33 16 16 24 29 38 4 24 36 22 30 19 9 8 15 26 27 20 17 17 27 4 4 12 25 17 8 
176 174 172 171 171 163 163 162 164 161 161 149 140 121 113 105 96 90 65 44 32 26 11 18 19 17 10 8 19 17 23 13 7 10 13 17 24 29 20 24 15 29 34 13 21 25 8 22 11 10 13 20 21 26 20 15 12 24 6 5 6 18 11 11 
146 150 149 149 141 132 121 106 93 78 69 58 64 59 60 62 62 58 43 31 25 20 7 13 24 15 16 7 10 4 16 20 13 10 7 13 29 28 21 24 22 37 40 27 24 17 16 27 15 13 9 14 23 35 31 32 12 22 9 8 12 23 23 19 
112 110 107 98 85 69 56 36 25 16 13 24 26 22 34 37 45 37 22 14 7 8 10 19 25 15 20 25 29 29 21 23 19 10 4 11 30 36 34 31 31 37 38 19 20 19 27 37 25 28 20 20 17 30 23 31 17 17 9 19 32 42 46 48 
65 64 59 49 37 31 22 8 13 20 19 27 25 23 18 20 27 22 21 17 12 17 20 26 29 15 18 16 12 15 5 24 22 1 1 6 20 25 31 19 16 11 22 20 19 18 15 20 6 11 13 28 24 29 16 37 28 26 16 26 32 44 50 52 
60 57 48 37 25 17 8 21 24 24 26 28 32 34 23 13 17 15 27 17 17 25 31 31 26 16 31 42 47 48 44 45 39 5 8 16 21 31 34 24 16 2 20 12 15 16 19 25 13 6 10 23 25 31 25 40 32 31 25 36 28 31 38 37 
43 42 43 34 32 13 16 34 34 39 44 40 38 39 29 24 29 24 27 11 10 23 26 29 29 22 39 46 40 38 40 53 60 8 10 26 29 40 36 26 18 6 23 18 15 15 14 27 15 5 5 19 24 18 19 27 25 24 29 41 22 23 29 31 
22 23 27 22 27 22 25 31 16 25 29 24 24 38 26 16 26 29 34 17 15 13 19 19 17 19 37 39 11 11 17 52 64 12 12 25 33 49 43 38 36 24 37 23 17 7 8 26 20 10 5 17 24 22 13 21 22 26 27 36 13 19 24 22 
17 16 20 15 29 24 29 26 20 18 17 12 19 38 27 12 20 24 29 13 26 15 15 15 17 26 43 41 17 15 19 45 54 19 24 34 37 45 34 33 28 17 29 26 7 13 19 32 32 26 18 18 12 12 20 21 20 19 29 33 18 22 26 25 
15 13 17 16 26 24 27 24 19 17 9 5 14 34 25 4 5 8 14 21 41 25 19 15 25 33 42 36 21 17 21 40 36 17 22 26 26 32 29 37 45 38 43 44 34 36 25 28 32 29 22 23 17 13 2 4 7 15 28 28 17 9 7 6 
3 3 17 8 22 22 27 20 21 29 26 20 20 37 29 11 12 6 12 26 45 19 17 20 30 36 39 36 36 35 32 31 22 25 31 35 31 30 30 40 39 40 34 36 3 20 27 31 36 32 26 21 15 21 20 28 19 22 31 36 28 23 20 22 
8 5 14 8 20 17 25 22 31 39 20 19 27 43 33 14 20 15 15 29 52 21 19 22 31 33 37 29 37 27 24 19 5 27 27 32 26 26 32 43 48 45 38 41 19 27 30 36 39 36 26 20 12 12 10 18 13 17 29 36 33 26 21 23 

43 46 48 40 40 38 14 47 34 16 16 14 8 4 11 6 16 19 21 19 17 18 26 22 27 28 27 20 32 32 29 27 7 21 15 31 27 34 36 43 47 46 41 38 27 18 12 8 51 115 171 227 250 205 169 109 83 66 39 36 24 21 16 19 
43 44 47 44 46 48 32 38 25 11 13 16 10 6 12 1 16 14 24 39 43 48 46 39 36 36 29 26 32 25 17 20 5 23 15 27 29 33 32 38 32 34 32 31 24 13 6 11 59 117 170 220 238 196 162 100 67 50 29 25 20 17 13 17 
29 26 34 38 45 53 39 27 22 12 8 7 13 16 17 14 19 22 29 52 57 62 62 50 38 26 20 12 29 16 11 13 15 24 20 27 34 36 32 26 17 20 13 15 13 3 8 24 68 122 167 213 228 183 145 85 41 32 13 12 22 21 24 27 
19 19 19 24 29 41 34 27 31 29 27 19 20 20 24 14 18 17 18 41 45 29 29 28 32 27 17 8 25 14 10 12 15 25 21 23 29 32 22 18 10 15 6 19 23 24 22 31 79 127 173 215 223 178 133 77 39 29 16 9 19 29 31 36 
22 21 10 15 25 40 45 43 34 24 20 14 20 21 21 19 19 22 28 48 55 25 14 27 39 34 24 18 34 19 7 7 26 29 20 17 12 19 16 21 12 21 25 34 29 26 24 40 86 130 176 213 216 177 130 73 32 22 5 13 19 25 29 25 
24 24 6 6 22 34 46 45 29 13 37 26 22 21 21 24 26 24 29 49 55 26 16 29 39 31 15 9 27 10 5 10 27 29 20 17 10 15 16 21 24 26 30 18 11 11 12 38 86 130 178 208 207 172 118 61 30 19 11 13 13 19 22 25 
31 30 20 24 23 13 8 16 20 23 48 24 22 21 10 15 12 15 28 46 58 41 43 50 52 40 22 23 31 8 9 11 24 24 16 14 13 15 17 16 14 15 23 22 24 22 8 33 77 123 181 212 208 172 111 57 26 20 14 8 13 15 23 27 
36 36 28 34 42 40 21 7 12 27 53 29 17 30 19 26 26 35 44 59 71 61 55 51 43 29 13 24 29 13 25 32 38 36 28 19 19 17 17 7 3 10 28 36 43 39 30 38 78 128 184 209 196 149 91 48 26 24 22 22 31 36 43 49 
39 41 31 24 29 28 9 8 16 32 45 26 12 32 31 35 38 36 36 47 56 39 36 30 22 13 10 26 26 21 37 36 37 29 20 15 13 12 8 7 15 31 41 51 56 49 28 36 83 137 189 206 187 133 75 36 10 14 17 12 23 32 47 57 
32 28 18 15 32 26 16 23 26 44 39 20 12 36 39 45 41 37 33 39 54 38 32 20 16 23 24 34 23 23 26 24 26 17 15 12 13 10 8 13 20 46 43 54 49 43 29 33 94 146 190 203 183 114 57 36 13 14 22 22 39 30 24 22 
28 31 21 27 38 29 24 26 17 37 21 10 14 34 39 46 37 31 25 34 49 43 29 30 38 37 31 38 20 36 24 27 41 29 25 14 12 13 11 15 29 51 40 38 34 31 20 39 114 166 197 204 173 99 46 31 13 13 12 5 34 36 31 26 
26 27 24 32 46 41 33 26 20 43 18 12 17 32 33 34 31 26 29 24 45 36 32 30 31 27 15 29 20 48 32 33 45 13 29 14 17 18 20 25 37 45 32 22 24 30 13 52 127 178 198 194 156 81 39 29 13 12 8 5 22 31 36 32 
45 43 35 43 55 39 39 27 31 53 31 28 23 29 28 29 24 22 25 23 42 38 25 25 19 36 31 26 18 43 21 20 39 15 29 18 26 27 24 26 29 31 22 12 22 27 10 70 134 178 198 182 139 73 31 24 11 8 9 11 23 29 39 41 
37 39 34 42 53 35 43 31 34 54 20 16 19 22 19 22 22 13 19 18 41 29 17 19 13 48 41 27 24 31 15 17 34 16 34 30 41 36 31 29 22 19 20 6 27 26 32 83 132 175 193 169 118 64 31 18 10 9 4 6 5 19 27 31 
39 38 32 38 52 29 46 36 33 51 34 34 33 27 20 22 24 15 22 26 34 20 10 15 36 66 67 61 63 52 29 13 22 21 31 24 38 38 39 34 26 12 19 15 32 31 50 97 143 178 187 162 107 55 27 15 19 22 26 21 18 7 8 6 
42 42 38 34 40 28 47 38 23 34 43 49 45 28 16 11 26 16 14 17 29 12 8 21 38 59 52 38 43 36 23 3 19 31 31 13 34 32 31 27 14 5 17 19 28 29 57 109 157 184 189 160 99 50 20 12 18 13 13 12 19 13 8 15 
46 45 35 28 31 34 45 41 11 10 31 34 35 31 25 8 24 32 17 14 25 15 6 21 31 49 47 18 11 26 29 17 19 31 25 6 32 33 30 25 24 19 22 18 22 43 76 130 176 189 179 147 83 32 10 14 19 15 12 13 19 12 8 17 
42 38 30 20 11 20 26 27 9 25 22 13 20 24 30 14 17 32 26 20 27 22 13 27 34 46 48 22 14 30 35 20 22 29 22 7 29 39 31 28 16 8 15 26 34 59 93 146 196 196 170 132 70 26 11 20 17 22 17 19 26 20 13 19 
34 27 26 20 22 22 17 27 9 32 12 8 16 22 31 20 15 32 35 24 26 25 9 31 34 40 39 32 31 34 39 28 28 29 26 7 21 38 26 26 18 12 8 19 38 79 112 169 216 199 166 123 67 22 17 26 21 21 17 15 22 5 17 17 
30 19 18 18 31 27 20 27 16 32 21 20 16 24 32 26 15 31 34 18 20 22 6 24 29 40 35 38 38 31 33 17 26 17 26 12 17 40 26 26 14 4 8 23 53 97 138 193 222 192 147 97 48 15 17 24 22 26 21 23 23 21 24 22 
24 18 8 15 23 7 10 24 17 32 26 22 20 20 29 31 20 31 36 17 12 15 14 25 26 27 17 25 32 29 32 15 27 14 25 6 14 27 19 18 13 7 8 23 64 116 159 203 211 165 110 62 40 34 30 27 24 27 29 30 22 19 17 12 
19 13 1 24 19 7 6 19 5 21 22 15 13 19 27 27 22 19 26 15 18 18 17 32 31 22 10 23 31 31 26 12 29 15 19 17 19 29 22 17 13 6 10 35 86 143 179 206 196 135 69 32 25 17 21 21 29 28 34 36 26 24 17 10 
17 17 19 31 22 15 13 8 12 4 15 17 13 19 14 17 22 14 27 26 25 19 19 27 24 17 22 26 32 25 14 6 23 18 15 20 26 31 31 26 17 15 27 57 117 170 193 198 172 106 46 38 37 25 26 19 23 23 31 35 26 30 22 22 
17 18 19 32 23 22 22 12 3 10 19 26 8 9 18 16 35 13 20 16 23 15 5 26 25 13 15 17 20 17 13 6 13 17 17 17 12 20 29 31 27 25 35 76 137 189 194 183 144 81 30 32 29 8 14 3 13 12 20 22 17 17 12 10 
24 26 26 33 17 8 17 18 10 11 19 17 8 11 26 32 41 29 27 25 23 20 13 27 32 27 31 31 32 27 11 8 12 20 27 27 21 15 30 32 27 31 49 91 153 200 187 157 117 60 20 26 29 19 22 17 12 6 19 19 13 16 17 12 
19 29 28 31 18 15 28 38 27 19 12 11 16 15 26 33 41 32 31 34 24 26 23 32 32 22 19 21 25 29 22 10 14 14 19 27 22 17 30 32 29 48 81 133 186 217 184 135 98 50 15 28 33 27 26 19 15 16 19 10 11 8 17 18 
15 28 36 32 22 14 24 32 14 13 15 8 10 17 23 26 34 27 31 34 16 8 8 21 26 11 13 10 15 26 24 12 19 16 20 30 29 24 27 29 36 76 130 175 202 215 171 117 84 50 17 34 28 24 18 20 20 23 29 29 26 17 17 33 
17 23 34 40 38 30 14 20 19 22 17 12 8 15 18 22 27 31 47 46 30 22 21 24 28 8 15 12 15 24 28 20 24 14 13 35 39 26 17 30 61 109 164 195 204 201 159 113 80 55 24 21 8 24 15 17 26 24 21 22 6 32 24 33 
18 17 27 32 36 43 29 12 15 25 22 15 11 13 28 26 29 36 50 41 27 27 31 26 25 13 27 19 25 24 25 13 21 21 15 25 32 34 29 46 93 135 186 214 198 182 143 100 68 48 22 14 8 15 10 16 26 21 17 28 8 33 26 27 
29 22 10 5 6 28 22 17 26 21 29 18 19 28 29 32 22 36 24 20 15 31 42 22 22 19 36 23 34 21 16 16 21 21 16 20 17 23 30 72 130 175 212 227 187 144 107 73 51 41 26 16 12 5 12 13 13 10 8 31 22 35 31 34 
37 34 24 19 13 22 19 22 32 19 32 25 23 39 34 35 28 41 15 19 22 27 43 26 26 28 36 22 25 15 6 10 17 19 8 10 14 29 54 103 161 198 213 209 149 98 71 52 35 37 24 22 12 6 10 13 15 27 21 27 14 22 31 30 
27 24 18 19 18 13 15 25 34 17 25 29 34 48 38 36 25 36 9 15 24 22 35 26 19 15 26 13 18 10 11 17 18 24 16 13 30 58 86 131 185 207 198 175 119 69 54 39 29 29 27 32 24 19 12 17 21 34 29 20 15 12 33 40 
41 34 29 27 26 18 1 26 35 21 18 16 24 41 45 27 31 37 28 30 36 32 34 26 22 23 29 28 22 13 15 17 10 22 19 17 41 67 101 159 206 216 185 149 88 44 31 27 20 25 20 29 17 19 8 24 22 32 31 15 24 39 48 58 
55 48 38 31 24 24 18 19 32 36 32 27 19 29 36 20 21 25 26 36 38 39 43 39 33 24 22 20 16 20 23 23 14 27 27 32 56 88 134 180 203 196 149 98 43 10 19 21 11 14 13 23 8 21 6 13 17 26 39 21 24 42 29 38 
54 41 31 15 13 25 25 22 25 24 25 12 12 14 25 9 15 10 12 20 13 16 18 21 17 16 18 20 26 26 22 27 14 26 34 58 95 128 166 190 186 159 113 57 23 12 15 14 7 5 7 15 6 20 10 6 4 15 38 12 14 41 18 15 
43 34 27 22 12 18 28 32 26 22 19 15 15 10 15 12 15 11 12 16 6 9 19 16 23 13 13 16 28 32 16 20 23 48 68 102 141 163 185 193 168 132 89 41 27 19 13 9 5 7 3 7 9 19 13 9 10 8 36 17 15 37 26 23 
31 23 15 13 15 20 25 29 25 27 24 30 29 29 15 11 10 12 19 10 5 8 5 7 24 27 31 17 15 31 19 12 45 64 90 137 171 172 183 175 128 88 55 24 16 15 10 7 4 7 8 13 17 19 11 10 12 13 27 17 25 40 46 47 
24 26 20 17 18 21 24 26 22 21 21 21 26 32 39 29 24 25 27 17 15 19 12 17 18 13 13 13 8 27 19 34 86 105 134 171 178 172 164 133 78 42 32 31 29 16 12 11 6 9 14 16 22 20 10 13 8 6 10 22 32 41 53 55 
36 40 30 21 13 13 15 19 20 20 13 18 15 21 30 18 11 22 24 17 17 25 26 27 24 12 6 20 15 38 56 97 147 163 186 200 186 163 138 104 56 34 31 29 29 27 24 13 13 15 18 24 29 20 10 7 15 19 21 29 27 27 30 36 
19 31 17 21 21 24 23 22 22 24 13 15 17 27 34 25 15 21 17 22 16 21 27 33 37 31 27 34 45 71 102 151 189 190 201 192 156 128 105 75 40 34 39 43 39 30 25 12 11 17 24 25 36 21 13 11 19 25 21 20 8 11 11 17 
32 36 23 27 19 13 14 18 18 24 12 17 22 33 38 33 25 24 18 21 13 14 19 12 13 12 13 32 60 97 143 187 198 186 177 154 105 86 70 41 7 14 28 39 42 42 39 31 26 26 20 22 26 18 13 20 19 23 21 19 14 17 20 24 
26 29 15 23 17 8 14 19 23 41 34 31 26 36 32 34 26 19 17 21 21 25 30 27 20 26 41 82 119 167 206 232 223 196 166 130 76 52 41 21 8 12 24 30 41 34 34 24 24 25 22 26 21 8 14 27 16 15 10 13 22 27 33 38 
16 13 20 38 31 32 31 27 22 29 26 26 24 30 25 27 26 16 15 24 22 33 42 48 56 75 109 151 178 206 225 216 194 159 126 95 57 36 27 10 17 6 15 22 26 27 27 24 21 19 6 21 7 11 19 29 27 6 8 14 29 25 25 24 
22 15 15 22 17 11 16 13 10 16 24 28 31 27 20 22 17 13 15 16 24 32 48 66 86 111 149 178 188 189 185 157 128 97 71 55 26 32 26 14 27 13 20 19 15 12 17 17 17 29 34 43 41 42 39 41 37 11 11 10 28 28 26 24 
31 27 22 21 20 26 23 14 13 18 34 41 41 29 27 34 17 21 31 41 50 71 88 106 135 152 173 187 176 160 139 110 84 62 45 36 8 13 8 14 41 19 19 17 6 7 13 15 14 19 25 31 26 26 21 37 42 26 19 12 21 29 26 29 
49 38 25 17 16 15 15 9 9 5 18 26 29 19 28 46 29 39 54 79 104 137 156 169 182 192 187 186 163 131 101 76 57 45 41 29 15 14 10 21 43 11 10 12 9 15 10 17 19 22 10 10 16 21 17 26 29 29 20 10 19 26 28 25 
41 35 29 23 34 28 22 8 11 31 42 48 48 50 53 73 65 81 104 127 147 177 194 191 195 182 151 123 102 61 48 41 32 32 37 13 10 6 6 35 44 19 20 19 18 24 16 26 27 29 22 15 13 13 11 18 31 39 26 19 23 32 31 24 
48 38 32 33 36 36 38 39 39 55 63 67 79 90 102 116 118 131 150 164 171 186 193 178 168 147 110 78 57 20 22 34 22 20 30 15 23 22 22 36 41 17 13 10 12 25 19 29 30 35 22 23 12 9 15 12 22 39 19 15 16 29 34 26 
65 59 58 65 69 79 85 91 93 109 115 121 135 152 162 172 171 175 182 186 180 182 173 150 129 106 79 67 53 39 39 42 19 13 21 21 27 29 25 26 31 13 29 27 29 32 25 31 30 31 26 26 16 18 13 7 22 38 24 18 10 26 28 17 
99 96 95 101 108 120 137 149 162 179 192 193 196 202 201 201 192 183 172 160 138 124 102 76 58 36 25 19 16 14 24 26 7 11 20 20 25 21 20 16 25 9 26 13 13 27 19 31 28 36 27 27 17 11 6 12 21 29 20 23 21 31 33 33 
134 140 147 161 180 193 205 211 218 226 235 232 223 216 210 202 188 171 147 117 89 61 41 31 24 27 22 20 23 19 32 29 19 20 29 32 34 32 31 31 44 38 43 18 25 35 14 28 26 25 22 20 21 14 8 3 22 31 25 27 22 22 14 5 
196 203 211 219 232 230 227 220 218 213 215 202 194 183 174 163 150 135 110 79 53 35 31 39 41 36 21 17 12 11 19 13 12 17 29 27 29 29 15 11 31 24 40 11 20 41 11 27 23 24 19 24 22 17 14 15 24 34 29 31 32 29 19 11 
226 221 211 206 202 194 192 192 188 178 171 159 145 139 131 122 105 95 67 43 28 24 22 34 36 35 23 24 19 18 27 19 14 22 21 27 22 26 15 20 29 29 36 5 20 44 16 29 19 16 17 26 28 27 21 14 27 34 27 28 26 26 15 13 
173 167 158 152 149 144 143 138 137 123 113 98 91 76 75 72 67 65 49 41 31 26 17 22 32 29 19 17 9 15 22 19 12 17 11 16 20 21 15 22 22 26 34 8 10 34 19 27 15 17 21 28 29 29 21 17 18 32 26 31 27 32 26 24 
127 122 127 121 119 105 96 78 59 41 25 24 37 17 23 29 34 43 34 36 32 21 11 15 26 25 22 13 10 9 20 15 5 13 6 17 22 17 21 22 28 36 40 23 22 23 24 36 27 26 21 24 30 43 39 32 22 24 23 31 34 41 32 27 
82 78 81 76 66 52 41 21 12 26 36 48 36 23 24 26 29 25 21 17 15 10 7 6 27 28 29 27 28 27 26 20 15 10 12 14 25 25 32 32 33 34 32 11 15 14 23 30 20 23 16 14 22 40 31 35 30 24 20 34 42 55 48 44 
32 36 36 42 34 28 19 7 11 22 35 39 32 37 31 32 36 17 22 22 16 13 4 13 25 22 10 12 6 8 10 19 17 3 12 14 21 19 27 26 26 20 23 15 15 15 12 19 9 8 6 17 19 32 7 22 24 17 12 22 35 54 47 45 
31 31 27 30 27 21 13 22 17 22 35 35 29 35 24 19 20 12 33 22 6 6 6 18 20 19 30 48 53 58 60 50 45 10 11 25 24 26 29 31 32 24 17 10 10 15 13 20 12 7 11 20 22 29 18 32 36 31 15 24 26 41 35 29 
27 24 26 26 31 21 20 36 24 31 38 32 33 36 26 23 25 13 34 20 10 19 15 24 15 17 30 45 40 41 38 43 57 11 16 31 17 27 27 28 33 31 22 19 15 16 14 22 22 10 3 15 26 23 9 21 28 26 21 31 20 30 27 27 
19 20 20 15 21 19 28 35 15 13 21 10 26 39 29 22 29 26 43 24 15 19 22 16 6 14 32 36 17 17 24 48 60 19 14 24 22 40 38 43 45 37 31 18 13 5 4 25 25 13 3 17 24 21 13 10 22 20 22 29 3 19 16 14 
8 8 17 7 17 17 31 38 20 20 22 20 32 48 39 32 34 36 41 12 27 23 20 17 12 31 43 41 24 24 27 52 50 26 34 39 37 37 31 36 39 39 29 20 10 6 6 17 26 19 13 22 22 23 27 25 31 25 28 29 17 24 19 19 
20 19 20 15 19 23 34 35 20 20 24 23 36 50 40 33 35 30 29 10 45 31 24 17 26 38 37 24 9 20 28 48 38 24 27 28 26 22 22 38 46 46 41 34 30 26 15 17 32 24 26 31 27 22 14 7 12 17 31 26 8 12 6 9 
24 22 18 13 19 19 34 34 29 29 31 34 39 49 39 27 24 22 21 22 50 20 16 26 36 40 32 19 26 36 43 48 18 27 30 40 37 31 33 37 35 34 22 20 15 32 27 29 37 34 38 40 29 31 26 25 20 22 36 26 14 15 13 19 
29 24 22 7 14 18 34 35 33 38 34 45 45 55 41 30 26 17 18 30 57 19 18 32 38 38 30 13 26 29 34 45 26 35 26 34 31 29 34 39 36 29 19 24 25 38 29 31 40 39 45 41 31 26 22 19 13 15 31 24 12 8 8 12 

28 30 26 22 32 40 24 38 22 18 24 23 29 24 19 15 34 38 30 23 17 19 21 13 17 21 20 19 32 32 29 23 3 22 35 36 47 51 46 44 46 45 43 39 31 21 22 27 93 148 184 220 210 149 114 68 65 61 41 50 31 17 4 13 
36 41 38 34 39 45 22 31 19 14 21 20 22 15 15 19 34 34 32 38 42 45 43 37 37 35 32 30 38 30 23 18 6 19 29 29 38 34 36 34 36 43 40 36 27 19 18 31 93 143 177 211 200 146 112 69 61 51 31 42 28 13 6 12 
28 32 32 31 39 48 27 24 17 14 10 5 8 6 15 25 30 33 33 45 58 60 58 53 43 31 20 13 34 19 14 15 11 24 27 20 24 21 17 22 22 29 31 25 17 12 14 39 102 145 175 203 192 139 93 50 39 36 25 21 19 12 8 13 
20 22 26 25 31 46 31 26 28 29 19 13 13 20 25 34 37 33 27 43 55 37 37 39 40 28 20 8 29 16 18 22 19 26 24 22 20 20 12 15 19 19 19 9 11 21 26 58 112 149 184 206 189 138 93 50 36 36 28 24 23 21 21 22 
17 24 27 29 34 47 48 42 36 29 27 22 22 25 19 22 29 26 27 45 58 40 32 39 42 32 26 24 38 19 6 14 28 34 26 20 9 13 6 19 10 17 27 31 36 39 47 80 127 156 188 204 188 145 95 52 30 21 13 19 26 32 30 26 
26 26 22 29 33 46 55 50 35 25 39 29 31 31 19 23 20 19 20 39 58 37 28 31 34 28 13 10 31 6 9 15 33 32 23 15 3 18 17 15 10 22 32 19 25 31 48 89 127 155 191 205 182 138 83 38 19 13 14 22 26 29 21 24 
31 34 27 33 32 26 23 29 36 39 58 34 22 27 19 27 19 13 19 39 60 46 51 45 41 35 19 19 27 2 13 17 27 23 13 5 5 13 17 22 17 21 31 21 27 25 45 87 127 164 199 207 183 134 76 40 15 9 10 14 20 20 22 24 
36 36 29 36 42 38 15 7 16 33 64 36 14 25 20 27 24 27 35 47 62 59 58 46 33 27 15 22 21 18 31 37 35 26 12 7 7 15 17 21 20 24 30 20 25 19 34 79 130 174 204 209 176 116 62 34 25 19 14 17 20 22 29 35 
31 32 26 25 39 39 22 22 18 38 58 37 3 18 19 27 29 33 31 36 44 33 31 22 10 7 11 20 20 26 39 38 33 19 13 10 13 15 15 18 24 22 26 28 29 19 26 77 139 180 202 201 167 94 46 30 15 6 12 10 13 25 41 48 
33 26 10 10 32 36 34 36 31 41 46 28 3 19 21 22 16 15 17 23 33 21 19 15 16 16 15 27 16 27 21 21 20 8 22 18 21 19 21 21 18 27 24 29 26 13 17 71 144 193 201 195 159 81 36 24 2 8 18 18 33 32 25 17 
26 20 15 12 32 37 34 36 19 32 34 24 6 15 23 19 8 12 19 20 34 23 21 32 41 34 27 36 23 38 24 27 32 24 33 25 20 16 9 2 12 34 27 20 19 12 24 85 166 210 209 189 143 66 39 24 6 11 18 9 26 41 34 32 
22 20 13 11 32 39 33 22 15 37 32 21 11 18 20 17 15 19 29 22 34 25 27 39 39 28 21 30 26 51 29 27 37 29 45 29 21 10 3 13 23 33 24 15 24 13 34 95 174 213 206 176 128 55 33 18 12 15 13 13 20 31 28 34 
25 24 17 24 39 46 38 20 11 38 39 26 18 13 20 20 18 14 27 25 40 34 27 36 32 38 31 31 27 46 13 17 38 28 44 27 17 9 10 26 27 32 33 24 32 10 51 114 173 211 203 161 110 51 26 19 13 15 15 14 13 21 24 33 
24 25 22 27 43 37 39 26 20 43 28 15 5 12 17 25 20 4 15 15 35 26 19 27 19 45 33 22 22 32 3 13 31 30 42 27 26 17 16 26 31 27 36 29 36 24 67 119 168 200 192 149 102 55 33 25 10 11 8 11 6 15 26 32 
20 17 10 20 39 32 38 29 21 44 35 24 20 18 15 26 24 13 18 24 35 19 12 17 25 61 55 52 55 44 27 13 22 28 32 21 27 23 32 34 38 29 34 28 29 28 79 131 168 190 182 139 86 51 39 31 25 22 24 26 22 15 12 8 
6 14 12 22 34 24 36 27 15 30 32 40 32 27 13 16 19 12 11 15 26 12 8 15 32 59 50 43 40 30 28 10 19 29 22 7 24 19 13 17 23 14 19 19 10 27 85 138 175 185 171 137 86 56 45 39 36 22 12 12 15 18 17 22 
10 18 19 22 29 32 34 26 10 12 27 39 37 38 22 8 17 21 16 13 25 20 9 12 26 48 49 29 27 26 36 17 15 23 12 7 26 23 13 20 26 19 16 17 13 52 104 158 189 182 157 122 67 43 43 39 40 26 22 17 19 19 10 22 
10 15 17 21 26 22 21 21 6 19 19 19 20 20 22 14 18 22 12 7 24 21 12 18 30 46 48 36 34 40 45 23 21 18 15 14 18 30 20 19 19 15 9 12 35 76 117 167 198 168 137 105 58 42 44 45 37 31 27 25 27 24 22 31 
8 15 21 22 19 17 9 20 16 28 7 15 25 29 24 9 16 26 32 24 27 24 13 17 27 42 44 37 41 43 47 34 34 19 19 11 19 34 24 26 21 14 11 20 57 102 137 187 208 164 128 97 52 31 31 36 31 17 19 15 19 11 20 24 
20 17 19 18 22 19 14 22 20 30 8 20 19 22 20 9 19 32 36 19 19 17 6 18 24 36 36 26 32 36 45 29 39 16 22 19 14 38 31 26 19 13 11 34 84 135 170 206 210 151 109 71 34 23 23 29 20 21 16 8 13 15 27 32 
32 25 20 12 15 11 14 28 26 36 22 20 12 19 20 15 14 32 34 15 9 10 12 21 27 26 13 13 23 29 41 32 39 21 19 18 15 29 24 24 20 11 16 46 105 156 185 206 190 119 71 54 46 38 31 22 21 20 16 13 9 18 23 16 
26 20 11 17 14 15 19 31 24 30 25 17 10 17 23 24 15 24 29 15 11 12 15 26 29 20 2 17 27 26 33 26 36 16 8 22 19 27 20 21 19 13 26 62 132 183 196 196 162 86 38 34 32 24 23 21 27 20 15 13 8 27 29 20 
22 18 12 28 22 26 24 25 22 20 16 5 12 22 31 27 20 15 22 20 19 13 10 26 24 9 17 21 27 12 13 12 26 13 10 27 23 33 26 29 22 20 46 94 157 204 194 173 132 60 19 28 32 21 12 6 16 15 17 23 18 36 31 20 
15 12 13 36 29 36 32 23 13 15 15 18 13 19 26 15 26 12 19 9 14 15 11 29 26 12 21 24 27 19 13 4 13 15 19 29 18 12 22 29 30 41 63 105 175 213 190 152 109 46 13 24 29 9 14 6 10 7 11 17 10 24 20 15 
27 22 24 41 29 26 20 15 19 17 13 10 10 13 29 13 32 26 25 19 21 29 25 34 38 28 31 32 37 31 19 7 10 17 24 36 22 5 16 25 32 57 87 123 178 208 163 117 79 29 7 29 29 15 15 12 12 10 12 11 14 20 22 14 
23 29 39 53 41 34 37 37 38 27 15 5 16 17 25 24 34 31 29 21 17 27 29 41 40 20 20 21 31 36 35 27 21 9 15 34 39 21 26 34 38 80 127 156 192 210 150 91 58 27 7 33 34 23 17 13 9 14 20 12 12 15 24 30 
28 37 47 55 41 29 22 26 19 19 19 8 11 10 15 17 23 25 33 26 21 20 17 30 31 11 10 8 17 35 31 24 28 17 14 31 43 26 25 34 56 119 170 185 187 185 124 65 48 34 24 41 27 22 16 13 15 12 29 24 26 27 37 53 
31 39 50 54 46 29 14 24 27 28 24 12 11 9 12 11 22 29 42 35 24 19 12 23 26 12 13 13 15 26 32 28 34 19 17 31 48 38 34 63 99 151 194 190 173 157 112 73 62 53 38 24 4 25 10 8 20 13 26 20 24 45 45 46 
25 27 34 36 39 46 33 21 14 26 24 17 11 16 23 21 26 34 36 26 16 19 19 21 30 25 31 29 29 26 24 31 38 27 19 19 34 38 49 93 140 183 215 210 168 143 101 69 53 43 24 13 12 19 4 10 23 16 20 23 20 48 44 40 
45 36 27 17 7 25 16 17 28 27 32 19 20 33 29 26 26 25 9 13 11 23 29 17 30 31 39 31 38 23 22 20 32 26 17 10 20 34 74 135 192 222 230 211 152 103 77 52 36 31 23 19 20 15 12 19 20 13 12 26 26 42 39 28 
43 39 29 22 17 25 15 21 36 29 36 20 19 42 27 36 28 24 2 13 16 17 28 25 31 34 32 19 26 18 20 19 24 24 10 10 23 56 107 173 222 230 208 178 114 68 52 50 34 31 21 19 18 6 10 19 15 23 8 20 17 22 29 12 
24 27 21 24 20 19 11 17 32 17 33 28 32 52 38 34 31 20 10 8 14 5 23 24 24 24 27 21 28 26 26 20 21 24 16 22 50 88 142 195 230 215 176 138 86 49 43 48 31 27 24 32 30 12 17 22 10 31 20 16 17 17 41 36 
38 42 38 40 32 22 13 16 31 19 19 15 22 48 46 30 30 23 15 23 22 26 24 32 27 34 32 38 32 30 26 20 16 31 25 38 70 111 160 206 224 201 149 104 57 29 26 39 28 26 17 22 15 10 10 23 19 32 32 22 31 36 50 61 
30 32 35 29 27 26 25 17 21 24 25 21 17 34 41 21 26 20 20 35 30 37 40 43 38 32 29 27 26 30 29 19 14 31 39 57 92 137 173 196 192 161 100 50 20 20 24 38 27 29 22 20 15 15 12 9 15 26 37 25 21 32 31 46 
22 22 28 24 13 17 23 17 17 9 9 10 6 17 31 12 13 10 8 22 12 27 26 31 25 17 17 13 28 32 32 24 19 39 52 86 127 156 175 178 152 116 66 22 6 10 6 19 17 26 31 27 26 24 18 6 8 14 41 17 6 34 32 48 
26 26 32 23 18 8 15 23 20 15 11 6 3 7 22 23 21 15 13 15 13 17 20 19 18 12 13 15 26 31 26 27 46 71 97 136 164 170 175 162 123 92 62 31 24 20 13 15 25 31 32 27 20 24 19 17 11 11 38 15 20 38 45 54 
24 26 19 16 17 13 12 16 24 25 25 27 25 30 18 20 15 12 18 15 13 12 20 7 13 23 27 23 22 26 9 19 65 93 123 162 173 164 159 133 88 62 41 13 13 15 12 15 29 38 37 32 27 26 19 12 7 8 26 21 34 48 60 67 
31 36 26 15 12 15 19 20 24 23 20 22 26 39 43 40 32 26 25 13 15 17 16 19 15 15 13 15 20 32 36 62 107 131 151 173 164 147 124 94 48 26 24 17 20 16 5 14 26 34 38 33 31 31 19 15 8 2 13 21 37 42 52 63 
50 52 37 19 5 8 12 17 20 24 22 20 21 27 24 22 12 25 22 16 19 26 33 34 27 18 16 24 43 64 87 133 173 183 190 188 161 129 109 79 49 26 12 8 26 21 23 20 29 34 30 29 32 29 24 18 10 13 20 31 34 31 34 42 
44 46 35 22 19 22 23 24 21 22 17 17 25 32 22 19 10 26 13 23 15 26 35 41 45 41 44 52 75 103 143 185 209 201 194 170 129 100 83 57 36 31 19 13 21 7 23 20 22 24 29 24 32 29 28 28 23 21 21 26 16 16 27 29 
40 43 32 24 17 12 12 15 12 20 17 15 24 33 14 15 11 24 18 26 17 16 20 20 16 19 43 64 97 140 179 207 202 176 148 115 74 56 47 28 10 20 12 17 31 22 34 31 28 31 22 26 22 26 27 34 22 15 13 18 13 22 30 37 
29 28 18 19 12 12 13 21 26 39 38 36 38 41 22 12 3 17 8 21 17 13 18 15 21 40 77 114 157 201 227 232 203 157 120 83 47 22 29 21 13 17 11 19 38 26 38 24 19 26 24 34 24 21 24 37 30 17 12 15 19 29 44 52 
31 20 3 20 23 20 22 16 19 21 26 27 36 41 42 34 20 12 8 19 19 19 36 46 72 104 149 185 210 223 224 198 157 109 82 61 46 32 26 12 20 16 5 16 29 29 32 22 15 22 4 29 17 13 21 31 35 13 16 14 20 30 40 45 
29 26 24 26 13 12 15 10 6 4 11 20 29 30 27 27 17 12 17 22 28 38 60 85 115 145 182 201 197 190 166 124 82 45 29 36 31 35 26 8 20 22 14 9 18 19 20 14 13 28 31 37 32 33 28 31 33 17 17 15 10 24 31 38 
42 37 32 32 19 19 22 17 19 22 23 24 24 17 29 41 35 39 47 58 78 98 117 137 159 170 183 185 170 142 112 76 46 26 28 41 30 25 16 10 31 19 16 8 5 12 17 15 13 20 31 29 26 23 22 29 40 32 32 21 13 12 23 26 
46 36 32 25 14 15 22 17 23 25 15 16 22 36 56 70 64 71 81 102 132 159 175 187 194 189 176 163 141 103 71 45 31 31 41 42 32 26 19 20 31 15 13 10 9 8 16 21 17 20 13 8 8 19 12 19 24 34 32 26 18 10 10 13 
30 33 34 35 35 31 22 31 39 54 64 75 78 87 105 114 115 122 136 147 168 185 196 197 197 172 140 107 83 41 26 22 21 32 44 37 24 17 13 27 39 19 19 22 23 26 27 35 26 28 15 20 6 10 7 13 27 48 34 32 25 20 23 14 
39 39 44 41 45 48 62 73 86 92 110 118 128 141 159 167 165 168 174 176 178 178 176 161 147 121 87 55 39 16 10 24 27 34 39 20 19 17 20 34 40 15 14 11 15 26 31 31 19 20 6 27 6 10 15 8 15 42 31 27 29 29 37 28 
86 88 91 99 111 115 123 133 138 143 158 167 182 196 208 207 199 188 182 171 163 149 136 112 91 67 52 42 39 29 30 39 31 27 26 8 23 28 26 23 31 20 28 32 34 43 40 37 20 20 9 22 6 12 15 8 17 38 29 27 23 20 24 13 
129 128 127 133 143 156 171 182 191 202 213 213 216 212 214 203 190 168 153 126 106 86 71 45 29 17 11 10 10 5 21 26 17 19 16 11 24 27 22 19 30 20 40 39 43 49 36 36 24 30 26 21 12 6 8 9 19 29 24 24 27 26 35 36 
172 174 179 187 201 215 223 228 229 234 232 222 210 195 183 174 159 138 119 83 57 40 29 22 16 25 17 20 21 22 29 31 24 26 21 23 30 32 22 27 41 35 48 52 53 59 34 30 19 17 15 3 7 10 5 6 20 32 32 34 28 20 15 7 
218 222 223 227 231 225 222 207 202 194 182 168 156 142 130 123 109 97 76 54 27 20 26 35 32 29 22 19 15 11 27 17 11 24 20 23 29 33 9 8 28 11 38 38 43 58 32 27 20 19 18 20 16 14 5 10 22 31 37 39 36 31 24 19 
213 205 191 182 172 164 160 157 145 133 118 102 98 92 84 79 69 55 36 25 15 16 17 17 21 29 24 31 25 29 38 30 22 24 17 22 27 26 14 18 29 15 29 24 31 51 29 28 21 17 20 24 19 24 19 17 31 37 38 38 36 27 22 19 
138 126 112 101 98 95 100 95 91 81 64 49 52 32 33 35 36 38 30 33 28 27 22 18 19 27 31 27 8 10 26 15 9 20 9 23 27 21 15 18 19 13 26 18 18 37 31 32 24 19 22 30 27 34 24 24 29 31 39 39 36 35 32 31 
73 71 68 69 68 64 63 55 36 21 11 32 37 15 16 7 17 23 28 34 31 26 19 10 13 27 24 22 7 15 26 19 12 19 11 19 23 20 27 26 32 31 38 32 34 17 16 32 24 21 24 32 36 49 43 44 37 34 35 30 25 33 24 24 
48 47 39 34 26 26 31 24 23 29 36 50 35 19 20 19 28 21 10 13 13 15 12 8 20 34 40 37 34 34 34 24 16 17 3 14 19 21 28 31 35 28 32 19 31 19 13 16 5 13 17 26 34 56 41 45 42 38 43 36 37 43 32 31 
45 39 27 17 9 15 22 26 19 15 21 21 7 29 34 37 38 26 8 19 24 20 13 5 19 27 17 10 20 20 22 17 7 8 6 4 13 18 25 24 22 19 24 19 22 20 20 22 19 15 15 20 26 43 25 15 15 4 28 12 21 40 36 38 
49 43 33 23 15 10 8 27 19 15 22 22 12 27 19 24 34 20 23 24 21 21 13 18 15 15 23 41 54 59 63 51 41 20 10 21 27 27 31 27 29 24 24 22 27 24 22 20 13 3 9 13 20 32 16 20 22 19 20 6 14 32 30 32 
32 29 27 27 29 20 17 38 21 22 29 21 27 31 18 19 25 8 32 26 17 14 10 20 12 8 26 39 53 45 41 32 39 19 24 38 18 19 22 20 27 34 29 29 29 28 24 26 21 10 4 15 21 25 6 6 16 17 21 28 29 33 24 27 
20 13 15 10 14 12 26 41 13 15 24 24 38 45 35 28 22 13 40 30 17 7 12 20 10 17 30 43 48 46 44 43 43 17 20 30 25 30 26 31 36 36 36 27 29 22 17 26 30 16 6 16 24 26 22 13 13 10 8 20 7 22 11 16 
7 11 17 11 13 13 30 38 12 11 22 22 38 44 32 20 20 27 46 25 23 16 15 14 13 35 45 49 52 50 45 43 33 20 33 35 34 29 17 22 33 41 32 27 24 20 18 15 30 18 6 10 11 22 32 37 41 39 32 31 21 27 16 21 
6 13 14 12 12 15 27 36 16 14 20 22 35 44 33 31 31 31 35 15 45 37 27 19 27 41 35 34 45 46 45 41 19 16 22 26 25 21 15 26 32 39 34 25 23 17 13 15 27 19 14 24 15 11 11 18 19 20 32 27 21 25 20 22 
12 21 19 18 19 19 36 36 19 16 17 22 33 36 25 18 26 20 22 26 58 39 27 23 37 46 26 27 42 50 53 49 26 20 21 33 44 40 36 35 22 24 14 7 29 32 19 13 21 13 24 26 19 22 24 24 24 26 43 32 26 30 33 34 
15 27 20 17 17 20 36 32 24 24 17 28 30 41 29 24 29 14 19 33 64 39 23 36 41 41 19 24 40 40 43 43 37 36 21 31 36 38 43 40 26 20 18 17 34 38 20 10 15 13 31 29 12 17 21 26 25 20 39 28 27 36 41 47 

23 22 19 29 41 52 39 34 32 34 44 43 45 35 36 29 26 19 19 19 27 31 24 10 8 14 19 34 48 54 46 29 6 16 39 8 7 22 27 22 23 24 19 26 24 21 31 65 131 166 186 208 176 109 86 52 58 53 43 60 25 22 11 10 
31 30 29 31 39 48 31 31 27 29 41 39 39 27 29 27 23 24 27 34 47 48 40 31 26 28 31 36 49 50 38 25 4 17 38 10 14 22 32 26 28 30 21 28 27 23 34 69 132 163 187 201 166 106 82 53 53 44 31 46 24 22 15 15 
24 25 22 22 29 43 29 26 23 24 27 28 26 15 22 27 18 27 34 47 64 69 55 46 32 23 16 17 41 36 31 21 11 25 39 19 13 5 17 17 21 29 24 27 27 27 37 72 133 161 183 194 161 100 58 24 29 32 29 32 17 22 22 22 
13 17 17 15 19 36 23 23 24 17 12 12 11 8 18 28 39 42 38 42 61 56 46 43 32 24 22 15 38 26 20 19 16 31 32 22 17 20 12 19 19 27 18 13 17 24 41 91 142 166 190 190 149 99 55 20 30 37 38 30 17 19 17 17 
10 15 25 24 26 35 31 31 29 19 10 15 17 22 8 17 28 32 29 37 57 52 38 40 30 29 37 33 45 19 7 21 36 41 35 24 6 12 6 17 13 21 18 28 36 38 50 101 145 164 189 185 144 98 62 34 29 24 17 14 18 27 24 17 
17 15 24 27 32 38 43 41 33 25 32 25 22 29 12 13 17 13 17 30 51 43 37 27 15 15 22 28 35 11 12 22 43 43 29 14 5 19 13 15 3 22 17 15 24 30 55 110 146 171 192 177 133 86 44 19 9 16 14 18 19 19 13 13 
29 26 32 39 36 29 24 31 38 41 55 38 17 25 12 19 19 4 13 23 49 48 43 33 27 26 33 29 30 10 19 18 29 20 6 6 8 20 20 17 11 20 27 19 15 22 56 112 150 178 185 175 132 76 39 18 10 15 10 12 15 20 24 24 
34 30 29 37 42 37 21 19 12 32 62 43 19 26 15 25 26 25 34 37 55 61 56 43 29 29 37 35 29 24 37 43 39 24 12 14 18 21 22 23 21 22 27 19 8 12 55 116 158 185 187 168 117 57 24 25 21 20 10 12 15 24 29 38 
36 33 28 30 40 42 29 27 26 34 56 45 17 20 20 28 39 39 40 36 41 40 32 29 18 27 35 34 24 28 40 41 36 20 19 23 24 30 26 31 29 24 26 24 8 13 54 117 171 196 180 160 111 33 15 26 19 12 15 15 27 31 49 55 
30 23 12 15 26 33 35 38 34 38 46 40 17 17 17 17 22 13 20 15 32 28 25 20 22 17 26 27 10 27 27 31 21 12 29 30 37 32 34 36 29 23 15 25 22 17 53 116 183 204 176 152 102 24 12 17 11 11 24 14 32 43 54 57 
29 22 19 17 17 27 31 38 23 20 29 31 11 6 12 5 19 9 18 10 29 27 26 33 34 17 20 20 14 36 27 27 13 18 36 34 31 31 27 24 14 26 13 17 24 19 67 129 197 213 178 142 88 22 26 17 14 15 24 19 26 42 55 67 
22 18 13 12 19 25 19 25 20 21 21 22 14 3 1 11 23 13 27 15 31 26 31 38 37 13 8 23 22 47 24 22 21 22 39 31 27 20 13 6 13 25 22 21 25 16 76 134 194 209 171 125 71 9 24 17 17 26 24 24 15 32 41 58 
13 11 8 24 29 39 32 20 5 21 32 34 24 13 5 14 24 15 21 24 34 32 30 36 26 27 21 21 27 39 9 14 20 22 29 18 10 8 10 14 27 31 31 29 24 22 95 145 192 206 166 110 62 9 20 19 19 35 24 26 11 19 23 32 
32 27 22 27 36 39 31 22 15 33 36 37 26 12 9 24 24 13 14 21 31 26 20 27 12 38 24 19 21 27 10 11 24 25 24 14 13 15 16 20 30 29 38 39 34 42 110 152 181 192 159 103 62 15 6 20 19 32 24 26 8 10 22 26 
17 10 15 28 39 43 27 17 17 38 46 40 31 20 18 31 20 18 24 27 32 19 10 16 15 55 42 43 43 32 27 15 17 22 8 17 26 31 36 39 45 38 35 38 25 53 122 157 178 186 150 95 60 29 10 17 20 36 27 29 21 15 20 17 
15 9 17 29 39 38 31 15 12 28 29 36 33 27 24 22 15 19 19 20 29 17 12 20 31 60 49 45 38 27 36 18 19 21 6 25 29 29 24 25 27 19 19 29 17 60 123 167 185 175 143 102 64 34 18 6 24 27 15 15 14 20 21 19 
17 11 19 31 39 45 33 20 8 8 19 23 31 31 26 20 19 24 22 18 27 19 14 22 38 57 54 45 40 35 44 22 16 17 11 24 29 29 22 19 29 6 6 27 46 91 147 187 196 168 136 91 53 29 19 18 27 25 22 19 17 19 13 14 
17 3 13 26 36 37 26 12 6 12 17 17 19 15 12 27 36 27 21 12 18 16 10 11 32 51 52 51 50 48 46 29 23 12 6 26 19 26 15 13 26 20 22 36 69 117 158 198 201 155 118 86 48 33 26 26 30 22 24 24 24 27 21 17 
22 14 6 19 27 27 24 7 13 19 12 15 17 14 22 34 38 41 32 23 28 26 12 10 26 46 55 53 55 53 45 31 31 13 6 19 13 23 16 16 32 29 35 53 98 146 176 208 206 145 108 81 46 25 20 24 18 3 11 13 18 16 8 13 
19 15 8 10 14 14 13 5 13 22 6 14 17 19 27 39 44 41 29 20 18 21 11 11 22 34 41 40 44 43 41 26 33 20 14 25 5 19 15 17 27 28 39 67 126 175 199 218 197 122 85 56 31 23 22 28 17 12 12 8 13 17 19 20 
14 6 6 6 12 8 8 13 18 32 20 24 19 24 26 33 34 36 25 2 10 19 18 21 26 28 31 29 37 41 46 33 38 25 19 26 8 15 8 15 23 24 47 86 151 196 208 202 165 90 60 62 53 43 32 28 19 17 13 10 16 26 26 22 
16 12 13 14 12 19 17 24 24 35 31 31 29 24 24 27 24 27 21 12 20 23 22 31 32 20 10 17 31 36 41 29 34 21 13 31 10 13 5 17 22 32 67 110 175 212 197 171 128 58 40 44 39 32 32 29 29 21 13 9 19 38 42 36 
17 12 10 14 8 26 19 31 24 28 32 33 29 27 26 23 19 17 15 13 19 20 23 29 27 12 9 12 22 20 33 28 32 23 19 31 19 24 19 26 25 44 90 134 197 218 180 137 90 27 12 27 29 10 15 16 23 21 20 20 26 46 40 31 
20 17 12 26 27 39 41 34 24 24 27 29 32 26 23 18 26 14 8 5 10 16 17 34 32 22 26 27 30 24 27 25 21 22 26 40 15 8 12 23 31 67 115 157 206 214 161 105 60 9 12 31 27 8 10 16 12 12 9 11 15 32 30 27 
41 32 24 32 24 36 32 27 22 18 17 22 20 20 24 8 27 17 19 16 16 20 15 34 37 28 29 29 31 27 22 14 13 21 22 39 28 7 9 22 40 97 149 173 206 203 133 75 37 11 17 36 29 4 8 15 12 10 17 13 15 31 33 27 
37 29 23 41 44 49 50 45 45 31 19 12 26 20 31 24 29 24 22 17 9 14 9 29 34 11 17 9 16 32 36 25 20 20 13 37 39 24 24 32 58 131 188 191 201 189 109 46 24 14 21 40 29 11 5 19 20 22 31 13 8 6 21 27 
20 22 13 34 37 39 36 31 23 15 19 13 19 15 17 17 20 24 38 39 43 37 29 36 37 20 13 4 6 24 28 21 21 16 6 34 44 24 22 51 95 167 215 197 176 159 91 43 27 29 30 39 23 15 7 16 20 11 31 19 18 20 34 52 
15 20 24 33 43 34 34 29 33 24 19 13 17 15 22 20 26 32 39 35 31 32 29 34 36 21 15 19 16 15 19 22 29 19 12 27 50 38 57 101 143 194 221 183 149 130 84 59 57 57 41 28 12 17 5 8 25 24 34 20 20 40 33 28 
5 1 11 22 34 42 38 32 20 18 13 13 8 17 27 22 27 29 25 15 15 22 24 26 35 24 29 35 36 16 10 18 35 31 24 15 32 45 84 137 178 211 215 175 125 104 72 55 52 47 29 13 15 16 3 5 20 16 23 18 22 47 39 37 
50 46 39 29 21 22 18 19 27 18 19 10 10 27 22 19 16 12 11 20 12 17 20 21 28 29 32 36 46 26 14 12 32 34 27 12 25 67 121 183 215 218 198 156 96 60 48 34 31 24 20 22 23 14 13 19 17 6 15 29 32 47 38 26 
45 40 31 27 21 29 25 31 38 31 27 9 12 32 17 22 15 1 14 17 16 10 13 20 24 22 22 18 32 17 16 21 33 36 24 27 53 100 157 208 220 194 148 109 53 22 36 41 29 24 18 24 24 6 12 24 20 26 12 26 28 34 34 17 
29 27 17 17 12 24 13 11 30 20 27 14 24 48 24 12 15 8 17 16 13 11 14 17 17 17 21 32 41 32 26 21 31 35 28 50 88 137 183 213 206 165 110 74 35 7 26 41 26 26 30 33 33 15 19 24 3 29 19 26 29 27 44 39 
46 47 43 37 31 26 18 12 18 12 18 13 20 41 41 21 28 16 12 20 12 24 17 24 31 32 38 41 41 31 22 24 27 43 48 72 117 163 192 204 189 147 88 55 24 3 19 42 36 32 30 27 27 9 15 29 20 34 32 28 30 27 41 43 
23 29 32 28 22 21 18 18 15 9 12 8 12 30 35 15 27 16 15 25 20 31 31 37 39 32 35 30 29 27 26 21 26 54 71 101 143 176 189 183 151 105 55 24 12 20 29 41 43 42 36 26 28 10 12 17 19 27 38 21 17 20 24 30 
19 24 32 30 18 13 11 9 12 6 10 1 9 21 32 13 19 17 13 27 20 31 28 35 30 20 17 12 20 32 26 22 39 75 105 138 166 178 178 151 110 80 45 16 8 11 10 18 17 26 32 29 28 22 17 8 8 13 33 17 19 28 32 46 
8 19 27 25 12 15 8 10 10 17 11 5 7 19 32 26 29 24 25 26 27 34 34 36 34 27 22 24 32 40 43 58 88 125 156 180 186 182 172 135 92 73 51 36 37 36 26 10 19 20 17 15 6 15 15 10 13 9 32 27 33 39 43 52 
13 25 29 21 11 22 25 22 17 27 24 22 24 24 24 17 17 17 29 33 38 36 43 36 27 31 29 27 29 36 48 78 126 156 182 192 184 164 144 105 68 53 42 31 31 31 23 19 24 22 19 14 7 15 13 7 13 19 32 41 54 61 70 81 
12 27 27 19 12 22 26 24 21 27 27 23 32 40 48 41 29 17 21 10 16 19 27 24 28 27 28 26 38 60 84 121 161 183 185 182 155 126 102 70 37 32 36 38 39 34 22 24 27 18 21 20 24 26 19 3 9 20 28 38 48 52 62 73 
23 34 28 17 12 19 24 17 13 16 15 5 23 27 29 24 9 20 17 12 15 15 25 31 32 36 45 49 75 104 141 184 213 209 198 176 135 105 86 61 42 26 30 34 40 41 30 24 23 15 19 17 23 23 21 14 8 17 27 41 41 38 46 50 
17 27 17 12 14 23 24 21 17 18 15 2 27 27 21 23 19 27 17 21 17 12 21 36 49 60 76 89 111 149 184 213 226 207 182 144 107 83 64 46 34 30 19 27 43 37 35 22 9 22 28 26 31 27 28 29 21 12 17 26 19 22 32 31 
16 22 10 6 6 8 4 6 7 15 11 7 30 28 19 22 30 36 28 30 29 25 30 36 52 68 94 111 142 176 199 213 194 157 121 87 53 39 31 24 10 28 15 15 34 20 28 16 20 32 29 32 21 28 31 40 29 10 13 24 8 11 27 26 
42 31 20 13 12 11 10 15 22 34 32 32 43 34 17 17 25 29 26 26 31 30 38 54 74 103 136 171 194 219 220 209 165 114 75 50 22 13 24 22 8 30 17 13 31 15 28 15 17 26 24 36 26 25 31 37 39 27 27 29 15 16 31 36 
50 39 27 24 21 24 17 13 8 15 21 29 45 53 55 45 27 15 12 20 28 36 59 88 126 163 200 222 227 223 195 159 111 62 47 43 32 27 23 22 8 27 12 10 26 14 20 12 13 22 5 29 16 20 23 28 36 26 29 31 19 8 19 20 
45 43 41 45 36 39 35 29 23 13 12 19 34 38 41 38 19 18 31 39 53 72 98 133 167 192 218 217 197 166 126 78 45 12 15 27 23 26 19 19 20 28 19 19 15 12 12 7 13 29 32 34 26 29 26 24 32 28 32 32 26 10 13 14 
57 53 53 57 44 42 38 34 27 29 25 11 10 15 36 54 56 64 79 92 113 133 154 170 187 190 186 170 144 107 72 41 21 12 20 34 24 19 14 18 24 26 19 19 16 17 17 8 8 27 29 27 19 21 17 23 33 37 36 35 30 19 14 24 
71 67 65 62 50 44 43 39 39 41 40 46 54 69 91 100 94 101 117 133 156 179 189 191 190 177 156 132 102 65 30 10 16 22 27 34 27 20 22 24 27 22 18 18 10 13 22 22 13 22 14 18 6 16 8 12 19 35 32 31 27 10 10 23 
79 83 81 74 63 61 52 64 72 85 93 109 116 129 144 152 147 151 161 171 178 186 192 183 175 150 119 85 53 22 10 15 22 26 35 33 26 21 22 28 32 27 24 27 29 29 33 30 22 20 14 29 8 17 8 12 20 46 36 29 31 16 17 11 
111 112 113 105 102 104 107 118 121 132 148 161 175 185 199 197 189 182 185 180 171 163 156 136 117 93 67 40 24 12 12 23 30 35 36 27 24 26 32 32 32 17 17 6 6 15 23 23 7 15 8 33 8 19 22 20 24 44 34 27 25 22 29 24 
163 168 173 173 175 173 170 166 163 173 189 199 216 226 227 214 199 180 168 152 133 116 104 76 54 43 34 28 22 20 26 36 38 34 28 24 26 37 33 20 27 12 24 21 22 30 35 35 23 25 13 28 6 20 22 22 21 41 32 29 30 19 27 14 
188 192 192 193 198 202 205 202 201 211 217 215 216 213 202 185 166 143 124 96 79 65 53 32 17 14 19 14 15 8 21 31 31 31 27 24 28 34 26 20 26 6 23 15 17 27 19 27 17 27 25 22 10 17 14 16 19 31 27 26 36 26 29 34 
203 211 216 216 227 230 232 227 221 222 218 196 181 168 149 134 125 106 88 60 41 26 25 20 12 20 22 22 24 19 30 27 22 24 13 18 26 26 9 12 28 20 29 24 25 39 17 25 10 12 22 8 11 3 7 7 14 22 32 35 43 31 25 20 
213 217 223 219 220 210 199 181 173 166 161 133 120 102 88 76 75 66 56 39 23 10 21 30 26 30 24 22 17 12 31 18 11 27 17 19 29 25 4 4 21 3 19 13 15 40 29 26 19 15 27 22 22 17 8 3 8 16 24 38 52 46 41 43 
178 171 161 150 142 126 117 106 98 92 86 68 62 53 47 44 44 34 27 22 15 12 12 13 12 15 27 34 26 34 46 31 19 22 9 19 24 19 10 12 21 13 17 17 17 43 36 28 17 13 25 19 10 22 6 3 6 12 23 31 44 37 36 41 
83 79 73 65 61 53 51 50 49 47 38 34 39 20 21 21 24 28 32 36 38 38 33 22 22 20 34 38 11 17 27 6 17 20 12 21 24 13 11 8 9 6 20 22 26 37 41 39 25 14 18 19 10 27 14 6 11 8 29 32 35 31 29 34 
28 32 35 40 41 36 32 23 13 18 26 41 51 37 33 30 24 17 26 34 37 31 21 8 23 26 34 32 10 13 26 13 21 26 19 20 20 15 18 18 20 24 37 41 47 29 25 30 24 17 10 15 17 38 26 28 34 31 44 28 20 24 17 20 
29 25 19 17 17 13 19 8 19 30 35 50 37 15 10 12 24 20 10 12 12 17 9 13 26 40 52 43 34 27 26 17 24 17 12 12 10 6 15 15 20 25 29 27 42 36 25 21 13 14 13 19 24 39 28 34 45 41 55 43 35 38 22 24 
33 27 17 8 10 17 20 22 26 22 26 33 12 24 31 31 27 18 9 15 22 18 9 9 23 36 39 19 8 7 6 13 16 14 9 1 10 15 18 11 11 11 16 3 23 28 26 27 21 20 17 20 25 39 24 17 25 10 39 18 26 39 32 38 
36 29 20 4 10 17 16 29 25 17 24 27 15 20 14 19 26 20 12 20 21 21 11 14 13 19 25 19 34 39 48 45 39 27 18 24 31 34 34 31 26 23 18 15 20 25 20 20 15 5 5 6 13 28 11 12 24 10 30 17 26 39 38 43 
23 24 27 25 32 32 25 41 22 21 27 25 29 26 13 15 27 14 15 21 22 26 15 21 8 12 9 18 34 25 19 7 26 28 26 33 24 15 15 17 19 27 20 20 20 23 22 26 22 9 7 9 14 23 10 5 19 13 26 33 32 38 25 27 
15 17 22 17 23 25 30 45 24 24 26 29 40 46 41 40 28 15 36 32 30 19 14 25 3 12 21 29 38 26 26 31 31 25 18 26 26 24 22 20 15 23 20 15 17 19 14 24 31 19 13 17 16 24 23 16 23 13 9 8 13 24 15 15 
15 20 21 20 24 22 33 43 24 19 24 23 39 37 21 6 8 27 42 22 24 13 15 19 14 31 38 41 42 32 24 23 20 13 22 28 31 27 24 26 17 28 13 13 22 23 24 20 29 22 20 19 10 16 27 34 38 34 29 20 12 22 8 7 
15 23 22 15 15 13 32 35 16 17 22 24 38 39 33 23 28 35 34 10 34 29 23 16 25 39 29 37 39 38 32 31 16 13 15 18 24 22 26 33 20 24 12 3 31 29 28 20 29 20 27 27 18 11 4 12 18 23 33 23 20 21 13 12 
22 34 23 22 19 17 39 35 13 13 14 18 30 32 28 11 31 31 23 8 37 24 13 18 33 41 26 36 36 39 42 46 36 35 26 38 45 43 45 52 23 27 13 15 44 33 20 13 18 27 34 27 17 22 14 15 25 34 51 36 33 26 18 17 
29 44 26 14 11 12 43 34 16 17 12 19 28 36 29 17 40 24 11 11 45 32 7 29 39 41 22 32 35 31 35 40 39 51 43 46 43 34 40 55 29 31 20 21 48 37 19 10 16 31 38 22 11 19 18 14 27 33 50 31 36 28 17 15 

34 33 36 45 36 43 16 16 25 39 52 48 42 41 42 46 40 26 21 13 6 26 26 19 13 15 22 19 24 34 40 25 10 10 41 33 30 36 34 20 22 27 27 36 35 37 65 119 182 185 182 181 124 65 70 62 68 55 40 51 20 22 8 5 
31 34 30 36 31 43 13 19 26 34 49 48 47 41 41 41 36 14 10 6 24 38 36 26 24 29 34 36 36 36 36 24 10 6 37 28 29 35 41 31 27 29 26 38 39 43 71 123 184 184 184 175 117 58 57 48 52 36 26 42 24 30 16 14 
24 20 14 21 22 39 20 26 31 37 43 43 43 34 35 39 29 15 19 27 45 54 41 33 22 22 29 25 31 29 29 27 15 15 36 25 26 22 26 23 24 24 28 37 43 49 72 128 183 184 185 170 109 57 36 19 27 22 26 30 22 24 17 17 
12 13 5 10 15 31 15 32 32 29 36 42 39 30 26 33 39 43 41 37 50 47 36 31 31 33 44 34 42 26 26 26 13 24 31 24 29 25 15 12 15 21 19 31 38 43 78 134 182 186 191 162 102 57 31 16 29 31 38 37 30 32 19 15 
8 10 11 5 8 23 19 38 35 30 31 39 37 32 24 22 29 27 26 29 45 41 24 24 29 40 55 51 51 22 4 22 34 45 33 24 20 20 15 23 10 15 12 31 41 50 83 140 178 180 187 151 90 63 46 34 24 18 22 28 29 31 22 17 
15 8 10 5 11 22 33 39 34 31 32 32 21 28 20 16 20 12 17 24 38 30 10 6 19 28 39 38 34 17 22 27 45 44 26 13 20 28 26 22 16 19 11 20 36 47 86 143 176 178 177 142 85 45 27 13 8 15 16 28 26 24 13 12 
27 19 18 16 15 19 32 34 31 39 49 40 13 23 15 21 24 13 17 12 29 28 29 21 24 36 43 31 27 20 26 15 26 20 21 29 30 28 20 15 8 18 13 12 17 41 83 143 177 179 168 137 78 36 25 17 13 15 21 21 26 23 18 19 
31 19 17 17 26 32 31 24 19 34 54 44 6 21 13 26 33 20 29 32 41 48 49 41 29 34 39 27 22 33 40 32 31 22 37 38 34 27 14 5 9 16 20 14 5 29 87 142 180 183 161 129 78 23 20 22 29 20 12 6 8 14 12 19 
31 20 19 19 29 43 39 34 36 41 53 43 7 17 17 29 43 42 45 41 39 37 31 31 31 29 33 26 26 34 41 38 38 34 48 36 32 26 12 5 13 13 20 23 12 31 89 147 190 186 151 124 71 8 9 19 22 10 22 19 17 12 20 28 
23 14 12 12 19 34 38 38 39 34 43 38 9 11 12 16 26 21 22 19 22 24 20 26 29 26 24 20 18 31 28 20 19 36 45 33 26 19 20 22 19 17 20 28 22 38 96 149 201 197 151 118 71 21 13 10 19 13 26 15 12 15 25 23 
32 26 21 19 5 22 29 27 25 17 23 34 15 8 13 4 17 15 19 14 24 27 19 30 33 7 6 5 15 31 17 15 17 33 43 26 23 25 24 26 17 22 20 19 19 53 113 161 209 201 149 112 59 27 24 12 17 12 29 28 7 17 20 30 
24 19 17 16 13 15 12 13 12 10 12 27 19 12 12 10 25 23 26 24 27 30 29 36 38 15 13 23 32 41 17 15 16 32 43 26 31 24 19 15 13 29 27 17 10 62 130 169 202 191 138 90 45 17 17 6 19 19 22 26 10 12 8 15 
19 15 7 15 17 25 22 22 12 8 17 31 26 24 16 16 20 19 20 25 33 39 37 43 41 32 29 32 33 31 6 12 17 24 25 22 22 12 13 8 13 24 28 13 21 85 154 182 195 183 128 73 39 11 15 11 15 24 20 26 10 15 12 16 
37 27 16 17 13 18 17 19 20 20 22 31 26 22 21 26 25 23 17 22 29 34 34 39 38 45 32 24 24 19 19 19 28 29 22 19 8 9 13 9 19 23 32 30 48 104 174 189 188 173 119 62 42 12 12 17 15 24 8 19 9 10 20 25 
26 24 15 15 14 20 13 7 8 16 26 26 27 25 25 36 32 32 32 26 20 19 25 34 36 50 30 20 21 13 28 20 24 27 15 20 5 25 26 34 39 38 32 36 57 116 173 192 183 159 105 56 38 22 19 15 17 27 12 18 13 7 22 25 
28 26 21 20 19 26 24 15 11 13 12 18 28 23 29 32 27 27 26 17 11 9 16 25 26 44 22 13 22 17 39 25 31 29 20 24 12 24 22 26 36 27 17 36 67 120 175 196 182 152 107 67 47 36 21 22 24 19 6 10 10 13 11 17 
27 29 23 26 29 38 35 27 20 7 1 8 22 24 26 27 21 22 23 23 20 19 10 10 13 38 29 20 24 30 41 28 30 26 19 21 17 24 27 31 31 19 20 53 91 142 187 206 189 148 100 62 43 31 26 31 27 24 27 19 19 18 9 10 
27 27 26 24 27 36 34 29 22 17 10 6 12 10 17 22 19 12 6 6 15 15 15 13 19 39 35 29 34 35 42 28 33 24 18 26 8 21 17 22 37 29 33 61 109 153 182 201 182 126 86 57 29 16 19 36 32 20 19 17 17 22 17 19 
20 21 22 25 31 34 37 32 30 24 17 7 10 13 18 20 19 13 21 21 20 20 15 9 13 27 33 27 27 31 28 19 29 19 13 22 11 16 16 30 36 31 41 78 128 172 187 196 168 108 77 52 31 13 1 24 20 14 15 14 10 10 4 5 
13 15 17 20 20 27 29 27 26 25 22 18 19 20 20 22 16 13 21 28 27 26 13 6 15 26 27 12 9 12 17 3 26 15 11 24 3 14 13 23 38 36 52 95 153 191 196 190 148 85 58 38 20 16 13 22 9 13 22 16 10 10 13 16 
17 14 14 17 15 15 20 12 16 17 5 17 21 22 20 20 13 13 21 30 32 28 19 20 24 26 24 12 16 16 26 19 29 19 18 27 6 10 8 23 29 34 75 123 179 206 187 158 111 54 48 57 47 39 22 18 4 8 19 12 7 15 15 20 
20 18 18 19 20 27 24 16 15 20 17 24 27 25 22 16 8 15 22 35 39 36 31 32 27 17 7 6 26 27 27 13 26 8 16 35 8 15 13 26 41 61 112 156 204 207 164 123 76 41 46 50 39 31 24 27 21 17 15 8 9 28 29 32 
14 11 12 8 15 24 16 20 19 26 29 32 33 31 24 17 9 11 15 26 30 27 26 24 22 12 13 8 24 23 26 17 26 10 19 34 11 19 21 33 45 80 143 183 215 199 135 83 46 29 24 32 29 13 13 15 22 24 23 17 21 36 28 26 
19 17 17 19 25 34 32 34 30 30 33 36 38 31 20 15 15 13 17 21 20 22 16 22 25 20 29 31 36 38 33 12 10 16 30 43 17 6 18 35 62 112 174 199 210 184 111 55 19 13 8 33 34 17 6 11 8 12 12 11 12 26 24 20 
33 31 22 19 22 32 29 29 26 26 31 38 39 37 21 6 22 15 15 17 8 11 8 29 31 13 16 15 20 33 27 6 4 19 27 48 28 13 6 43 86 151 211 209 199 162 81 26 5 13 17 45 32 18 13 17 13 13 19 16 21 27 33 32 
37 34 26 26 27 38 35 38 34 26 23 33 45 42 31 18 22 15 7 4 13 18 19 32 37 20 19 15 10 28 32 22 19 24 19 48 46 26 24 61 117 190 235 205 180 143 61 21 4 12 18 41 29 15 9 27 26 24 33 26 20 19 20 28 
34 32 27 19 12 23 25 19 12 7 22 23 34 40 31 17 12 15 31 39 48 51 46 48 49 32 28 24 20 23 25 22 26 25 18 41 56 39 57 99 152 218 240 189 145 114 46 34 24 31 32 39 24 12 5 20 26 13 32 34 31 34 44 53 
32 39 33 34 19 8 22 24 22 19 17 13 19 27 31 24 23 22 27 22 27 32 36 41 43 33 31 33 32 20 18 20 27 25 18 29 57 64 112 157 198 235 230 164 117 93 53 52 60 58 48 27 12 13 5 14 29 32 43 34 34 50 49 49 
15 20 27 30 26 21 26 22 15 6 10 10 11 20 22 20 19 14 11 20 21 31 28 30 32 33 34 40 41 25 6 16 28 31 29 22 52 90 152 197 225 233 204 142 95 71 48 45 51 49 30 19 13 13 6 4 16 20 27 19 16 35 38 38 
44 40 36 32 28 15 7 10 16 12 13 15 16 21 12 13 6 10 22 22 21 21 23 18 19 20 25 27 40 31 13 6 17 22 30 44 78 124 192 230 234 213 165 109 64 38 37 29 25 18 19 30 26 17 8 17 11 10 18 19 24 35 29 22 
34 26 18 16 14 24 28 32 32 24 11 11 21 34 15 13 6 9 15 15 16 8 8 11 10 4 6 13 32 27 19 13 15 24 44 74 111 157 211 231 215 169 116 71 34 15 32 38 17 9 12 27 24 15 14 30 22 26 6 14 23 30 27 13 
31 30 20 17 6 18 16 19 19 12 11 8 22 35 24 20 20 12 12 3 9 13 10 6 10 22 31 45 50 39 21 11 25 44 74 112 146 185 215 214 184 131 84 46 22 6 27 48 26 17 21 29 31 16 22 29 7 27 8 18 27 29 46 39 
57 61 52 45 33 21 11 7 8 5 12 12 25 36 37 26 30 14 6 13 8 26 10 25 24 32 34 43 33 21 7 29 55 83 111 135 172 195 203 188 154 102 62 36 13 6 19 48 43 30 24 18 20 10 14 29 22 35 32 28 32 24 35 30 
22 29 31 29 19 13 11 12 16 17 21 19 13 23 35 15 28 15 10 24 15 32 24 38 29 29 29 29 16 6 29 48 75 108 141 159 180 188 180 149 107 69 39 22 20 22 27 45 50 47 36 25 23 12 8 17 12 27 27 17 17 15 28 31 
17 19 26 29 21 16 6 15 20 30 31 23 16 17 26 5 23 12 11 19 10 27 13 27 15 13 22 17 10 28 48 71 101 142 170 178 183 175 151 112 77 54 29 14 10 12 13 10 22 36 38 39 33 22 12 13 12 22 31 20 22 24 24 32 
8 13 24 25 8 9 8 20 24 33 34 25 17 18 22 19 22 13 8 17 4 21 13 23 20 27 31 40 51 69 91 121 155 186 200 197 182 159 131 90 54 44 34 27 35 38 37 27 22 32 32 34 22 16 15 13 17 19 31 31 31 32 30 32 
8 19 29 32 22 20 24 35 32 38 36 27 22 23 18 17 17 19 31 35 35 34 34 27 12 19 29 34 58 80 111 142 182 200 202 185 161 131 101 64 35 34 29 17 16 20 27 36 35 31 27 26 17 12 19 20 24 25 34 39 43 51 55 58 
18 25 31 29 22 15 17 30 35 41 41 28 36 39 38 32 20 16 20 17 17 13 8 6 13 14 25 39 73 111 142 170 194 195 177 157 119 86 62 33 12 20 31 24 15 9 12 34 39 35 26 22 24 26 27 26 29 31 26 27 26 27 38 40 
29 29 22 19 20 24 25 24 24 22 20 11 36 32 28 24 13 26 27 24 22 17 17 19 27 32 47 72 112 152 184 208 217 197 167 133 99 73 59 45 38 29 24 20 26 24 20 34 31 28 24 12 15 20 26 33 29 33 29 31 16 9 20 14 
39 31 19 10 11 17 20 21 15 16 13 7 35 26 32 21 24 29 24 27 24 18 21 33 51 68 90 111 147 181 201 209 204 173 140 104 76 53 42 38 29 29 19 24 32 26 30 27 23 27 29 25 14 12 23 39 35 29 25 21 8 13 31 29 
37 31 16 8 6 9 8 10 3 17 15 20 38 22 24 17 23 27 26 36 36 37 46 56 71 90 119 137 169 189 192 187 159 110 75 48 25 19 28 32 15 32 23 21 34 19 24 3 13 29 31 36 16 14 22 42 38 27 21 23 15 17 33 35 
52 41 28 20 19 20 20 22 17 27 27 34 44 24 17 4 22 27 32 42 52 60 77 93 116 140 171 191 202 211 191 166 118 67 36 22 13 14 27 35 19 36 25 20 32 15 29 13 15 23 21 34 27 27 22 36 36 28 21 27 26 26 43 43 
55 46 36 27 24 31 24 20 13 9 18 29 49 49 48 34 16 17 42 57 69 85 105 130 154 188 213 216 208 190 149 110 70 32 26 27 31 29 27 32 17 32 22 20 26 20 23 21 15 20 8 17 13 20 26 28 28 10 1 21 27 27 41 42 
46 41 41 37 36 37 39 33 29 22 9 22 39 42 42 38 38 57 81 90 107 123 144 167 186 205 216 195 160 127 78 38 27 10 8 13 17 24 22 29 26 36 30 24 22 23 21 20 17 26 27 24 19 21 20 25 18 6 9 23 27 27 32 32 
51 45 44 45 35 34 34 26 27 34 30 34 45 55 78 88 101 116 131 143 159 170 182 189 187 181 172 146 110 76 39 17 13 15 17 21 17 22 26 24 26 30 24 24 24 29 25 16 15 22 25 21 15 21 17 24 29 29 27 30 32 24 29 23 
72 69 67 64 55 55 47 39 39 49 56 81 101 120 144 145 148 155 160 171 182 188 183 178 158 142 128 100 70 39 17 13 13 14 15 24 23 22 27 29 29 30 24 24 20 24 23 13 15 17 16 26 8 13 6 8 5 19 18 19 25 14 13 22 
93 94 95 93 91 89 81 85 86 101 115 137 154 174 190 185 183 180 179 176 177 169 158 147 126 106 88 62 39 28 28 25 17 20 26 28 25 26 29 27 32 27 26 28 29 26 29 22 19 18 17 29 13 25 17 15 11 34 29 31 32 19 9 10 
145 149 154 158 158 163 156 150 148 151 172 182 196 206 213 198 190 179 174 161 147 131 116 98 78 62 45 34 27 19 17 10 26 34 32 27 22 29 31 25 27 17 17 8 13 14 21 16 15 15 12 29 6 25 20 18 17 38 28 17 22 14 25 26 
198 203 216 225 232 231 216 195 187 181 194 200 212 213 212 190 170 150 135 113 93 77 63 43 24 16 20 23 27 19 17 29 29 32 24 25 32 39 32 21 25 13 26 20 22 27 29 32 27 24 24 26 6 26 17 19 10 30 25 31 39 34 36 32 
199 204 210 220 230 235 228 215 202 195 198 192 185 175 164 141 119 100 83 58 43 36 36 24 3 12 22 12 22 10 11 19 25 34 27 26 32 35 26 19 20 8 25 24 26 26 6 13 14 20 27 21 8 22 9 6 7 20 19 24 32 30 31 31 
182 191 201 208 220 226 223 208 197 189 183 161 143 121 102 82 73 64 55 38 20 17 22 21 13 20 27 24 31 17 24 14 12 25 20 27 29 28 10 8 21 20 27 27 26 34 10 11 6 7 27 10 12 6 9 5 6 13 26 37 52 44 43 42 
165 170 176 183 185 173 163 145 136 130 125 107 82 62 44 33 37 39 38 31 17 5 19 25 29 29 33 21 17 12 36 26 13 24 12 18 27 24 10 9 15 12 14 13 10 29 21 9 3 13 31 22 24 19 13 12 10 7 22 42 58 54 52 52 
110 105 99 94 90 75 67 56 52 54 52 45 43 30 26 22 21 21 22 24 20 11 10 10 18 21 29 29 20 26 47 29 20 22 13 20 27 15 8 11 13 12 10 8 10 27 28 7 14 17 32 26 29 33 27 23 11 8 31 38 45 41 38 35 
26 32 29 29 28 23 12 13 13 31 23 20 33 27 21 14 8 12 24 39 44 45 36 25 34 20 36 34 5 19 38 11 17 22 20 19 28 18 15 15 9 8 10 13 14 16 28 21 24 20 27 29 32 41 32 26 15 12 34 31 36 24 13 11 
8 16 16 22 24 20 16 19 16 20 17 38 50 46 45 39 27 14 13 27 31 29 16 13 36 15 36 34 6 13 28 18 28 26 31 15 20 10 20 20 18 22 34 38 46 24 17 19 24 24 24 26 31 43 31 31 32 36 56 40 35 15 5 15 
6 13 12 11 8 5 10 17 21 26 24 42 39 24 11 13 24 32 20 10 15 22 15 13 32 27 51 45 32 22 23 9 22 13 25 14 13 5 15 16 19 21 31 26 40 31 22 20 17 20 17 24 27 38 20 22 33 39 59 46 36 24 12 17 
8 15 13 14 10 15 9 19 21 19 16 27 17 19 23 22 27 35 27 13 14 20 12 12 24 27 42 26 17 10 8 11 19 8 19 6 6 11 16 16 16 15 22 13 27 30 23 26 23 22 27 27 29 37 17 8 20 17 46 27 26 30 28 36 
12 13 18 13 9 17 9 29 22 17 15 22 8 13 8 15 29 34 31 17 15 20 13 8 17 16 31 15 17 21 31 35 32 24 24 23 27 33 35 32 29 22 27 15 21 24 24 25 13 16 16 13 10 24 8 14 24 19 36 27 33 40 43 50 
25 31 36 29 24 22 15 37 17 10 9 10 20 20 17 24 26 32 27 22 15 13 13 15 17 13 21 11 13 12 15 13 15 20 24 34 25 14 21 19 26 25 22 14 17 19 17 27 22 12 15 8 7 22 16 17 27 22 35 41 38 36 22 25 
26 27 32 21 17 12 17 37 20 10 10 12 33 42 45 49 36 27 29 28 21 10 17 29 19 12 13 19 19 11 15 26 29 24 11 27 32 22 20 12 15 24 21 19 24 19 17 24 22 12 12 10 11 21 26 26 35 27 15 18 15 18 12 16 
15 17 15 7 12 15 27 35 19 13 19 16 31 27 16 6 17 27 26 9 22 24 32 31 27 29 22 26 15 12 10 15 12 13 17 27 32 29 24 26 16 28 23 24 34 34 29 18 25 6 13 11 7 13 25 26 36 29 22 11 6 13 5 10 
9 16 10 12 8 7 31 31 19 13 20 24 38 34 29 17 32 36 22 19 39 39 39 36 37 41 22 22 12 18 17 20 14 15 8 8 19 22 20 37 24 35 31 31 43 39 33 21 18 6 10 13 17 13 10 9 24 20 33 27 26 20 14 13 
18 27 13 20 19 19 39 26 15 17 19 20 31 26 24 4 35 32 22 34 47 43 32 39 45 45 24 29 23 22 24 36 32 34 19 22 35 39 39 52 36 45 38 32 46 34 27 20 14 15 20 20 25 21 13 13 31 29 43 24 24 17 19 17 
25 31 15 22 22 21 41 24 18 21 19 19 29 28 26 6 43 31 26 39 52 50 33 41 46 41 24 28 32 20 26 34 20 38 32 35 27 27 34 55 38 44 35 30 46 28 24 22 8 24 25 27 31 29 18 19 38 24 38 16 29 24 18 17 

23 20 20 28 22 45 21 25 34 46 54 35 23 33 39 42 35 15 23 26 21 19 15 13 19 19 24 33 32 36 36 24 14 7 26 8 5 43 45 24 27 34 41 56 45 50 88 146 188 166 141 138 86 59 79 74 63 42 27 34 10 24 15 15 
11 10 10 23 24 46 24 26 29 35 43 34 29 34 36 39 36 14 17 15 16 24 26 24 27 29 33 40 38 35 29 18 16 14 29 8 12 37 48 35 33 32 38 52 48 57 91 147 187 163 142 134 76 47 63 55 50 31 22 29 19 31 24 22 
14 20 16 32 28 44 23 30 22 23 31 18 20 19 26 36 34 22 26 27 36 45 35 26 24 26 20 26 22 20 20 24 28 26 31 12 9 15 27 21 25 20 30 44 53 63 97 152 182 157 140 123 65 36 43 36 35 26 21 15 12 21 19 24 
25 26 29 29 25 33 25 31 17 8 21 27 29 20 13 26 41 43 46 36 42 46 33 35 34 43 39 41 36 30 24 34 31 39 34 23 23 22 15 13 23 19 29 42 50 71 111 162 183 159 147 112 53 33 31 27 32 32 30 28 26 27 20 19 
29 33 31 28 19 24 24 37 23 15 10 32 33 32 12 10 19 22 24 22 36 34 27 28 37 38 45 48 43 28 21 29 45 43 30 19 13 17 17 23 24 17 23 34 55 87 127 169 183 160 143 100 42 33 36 34 32 26 17 16 23 24 19 15 
20 20 26 22 17 17 30 40 23 29 20 27 19 29 20 10 13 16 19 25 32 25 13 10 14 19 18 20 13 23 24 26 42 36 20 5 9 26 23 22 22 17 17 34 60 100 145 184 190 162 140 98 40 20 21 18 27 29 24 19 18 16 11 11 
13 12 13 3 11 13 34 33 20 32 32 36 5 24 17 17 21 19 18 23 21 16 14 15 21 22 17 18 12 31 22 10 27 19 24 22 12 21 15 13 14 17 15 35 58 103 150 191 199 168 135 95 46 16 13 16 23 30 31 32 26 22 20 18 
23 19 15 17 14 19 31 26 19 27 38 40 6 22 27 36 39 29 31 37 45 49 48 39 32 31 17 12 12 30 27 25 32 22 34 23 19 17 6 6 8 15 14 31 50 94 152 190 201 173 135 93 41 7 15 20 27 22 22 17 10 9 8 15 
40 32 32 32 30 30 36 37 33 27 40 41 17 12 22 33 45 47 52 52 52 43 41 38 33 33 25 20 25 38 41 45 50 41 38 10 12 12 9 2 8 11 16 29 46 90 152 189 202 173 123 83 40 9 5 15 18 8 24 23 19 6 9 20 
35 29 25 25 14 22 26 29 26 17 29 34 19 8 10 13 20 17 24 26 30 22 25 34 35 25 29 24 29 29 29 42 46 44 44 15 12 13 17 24 18 17 13 32 50 93 154 190 206 175 122 82 44 27 18 14 16 8 23 21 9 11 10 8 
32 27 28 24 17 17 20 15 6 10 26 38 30 20 15 4 13 20 26 33 22 16 17 32 31 20 20 22 24 26 22 36 43 46 46 17 22 19 23 29 20 26 13 28 55 105 168 192 201 173 116 74 36 24 20 11 19 13 25 28 16 12 10 16 
25 19 21 19 19 23 18 12 10 17 18 27 22 21 13 17 25 31 32 32 21 12 7 25 32 25 31 35 35 32 22 33 41 49 50 36 39 27 22 21 17 29 26 33 64 116 180 191 189 164 111 60 31 21 21 9 20 17 19 27 11 12 12 17 
20 19 22 21 21 29 25 22 18 17 10 21 25 23 14 22 29 34 31 36 31 31 32 33 39 36 34 29 28 19 15 16 27 40 41 38 36 22 19 15 15 28 34 46 77 140 196 200 181 156 98 50 26 13 15 6 16 21 21 28 7 14 18 24 
36 29 27 26 21 17 16 16 16 14 14 19 17 19 20 31 32 38 34 38 37 35 41 40 48 43 26 15 17 13 27 22 27 34 29 32 26 11 12 11 8 25 39 64 101 157 204 198 173 145 90 43 27 6 7 15 14 21 17 20 10 9 10 16 
21 18 27 25 21 12 18 4 3 6 11 17 26 24 29 37 36 36 35 27 24 24 42 45 50 43 17 6 14 10 33 13 21 26 24 33 22 5 15 22 31 38 42 69 105 152 197 191 159 126 78 38 25 8 9 10 12 17 12 21 12 8 10 11 
27 27 28 27 22 17 23 17 12 8 8 17 28 27 36 36 26 26 20 18 9 15 31 40 45 38 10 11 19 22 34 15 19 21 25 33 10 8 15 18 27 29 39 76 116 157 188 183 156 120 74 43 38 26 22 16 13 15 9 15 15 15 14 9 
17 17 17 22 29 26 35 27 19 15 12 12 24 26 29 27 13 16 29 26 17 12 17 28 31 35 22 22 30 29 36 18 20 19 27 30 4 10 18 23 32 29 43 91 138 176 190 187 151 105 67 46 37 29 28 24 16 20 16 13 14 15 13 17 
16 20 15 10 19 22 22 26 15 14 17 13 20 18 15 14 7 3 13 13 12 15 15 17 24 32 24 17 22 24 31 21 24 20 22 32 10 11 16 27 41 49 63 109 152 179 184 170 130 77 46 29 24 27 27 34 20 13 15 10 18 18 13 17 
7 4 13 8 19 23 21 23 26 26 21 22 19 15 7 13 9 13 8 6 13 25 15 7 7 25 23 8 9 15 20 13 23 17 21 28 18 20 26 35 45 48 72 114 164 187 175 155 114 60 39 29 27 22 24 36 27 22 27 24 22 13 7 12 
8 3 13 6 10 17 18 30 36 36 31 26 26 17 6 12 13 19 15 14 5 24 16 9 18 20 26 15 14 17 16 7 15 15 16 28 13 7 15 29 41 54 83 130 180 197 174 143 96 41 26 18 6 8 14 34 29 35 38 32 22 10 16 22 
11 7 8 3 5 10 15 23 28 20 16 17 20 16 10 12 19 28 25 24 20 31 22 26 30 27 31 19 22 19 22 14 18 13 19 27 11 6 6 26 43 63 111 159 199 196 154 112 57 21 39 50 45 37 24 26 21 32 39 28 12 8 21 36 
16 18 26 25 31 29 29 17 27 29 22 24 24 20 21 12 17 29 32 39 34 38 34 31 29 19 11 12 24 33 30 13 14 6 18 34 10 8 11 38 64 100 154 190 206 184 128 72 34 38 46 48 41 33 25 28 28 32 32 20 2 18 34 45 
14 19 20 20 24 25 16 14 23 31 29 26 28 26 24 17 22 24 27 32 26 26 11 15 17 15 13 15 29 35 27 21 20 8 22 33 10 8 15 47 79 117 180 199 196 163 91 45 29 36 34 31 27 20 15 23 28 35 29 22 9 31 37 46 
26 26 31 25 21 24 17 19 27 38 29 29 26 24 21 18 25 24 33 36 31 32 22 16 20 20 27 31 39 46 34 15 8 22 31 47 23 17 17 60 108 157 210 206 180 139 72 28 19 20 22 31 27 14 6 22 25 28 24 22 8 25 29 32 
22 22 28 12 10 17 5 17 20 27 25 25 23 22 19 16 27 24 24 26 26 24 8 22 32 20 12 1 17 32 27 10 9 26 24 50 37 33 42 90 146 199 237 203 161 116 51 26 22 25 32 40 32 18 8 25 25 24 29 22 11 22 26 24 
19 12 19 14 19 30 27 31 24 22 9 22 24 30 22 17 24 14 22 28 36 27 22 30 42 38 36 32 22 26 22 15 22 31 15 47 53 53 74 123 177 225 239 179 124 89 29 32 24 36 45 45 32 11 8 29 29 24 34 23 19 10 8 13 
14 10 13 14 17 20 6 13 12 6 17 21 26 22 12 5 17 26 37 47 57 49 44 43 50 48 45 35 26 19 24 20 23 29 22 39 62 74 119 163 207 236 223 141 88 62 13 24 32 46 50 46 33 15 8 21 27 6 25 24 22 22 27 38 
32 32 30 27 20 17 6 17 14 17 22 14 10 3 10 15 19 23 26 25 19 9 14 24 37 45 47 46 43 26 19 23 28 33 39 39 71 107 176 218 242 248 202 114 65 52 35 36 53 53 44 29 20 15 7 15 32 32 38 30 25 34 37 39 
14 17 20 26 20 20 16 14 10 10 20 15 15 11 6 8 13 12 9 15 16 21 19 18 27 38 48 46 46 31 11 18 24 34 50 51 85 138 214 244 245 222 168 91 50 40 39 40 43 34 24 15 20 16 11 5 17 15 28 22 20 29 22 22 
34 28 26 20 17 14 12 15 12 11 21 20 29 22 12 13 13 11 19 26 21 20 18 11 14 22 28 26 39 32 13 15 19 31 69 88 121 180 241 255 229 186 124 67 29 23 36 32 15 15 20 29 26 9 8 10 8 10 17 19 13 24 14 8 
26 18 16 8 11 20 33 37 32 20 14 11 25 27 15 15 12 10 19 23 22 15 12 8 11 14 20 29 43 39 15 22 35 58 105 126 152 201 237 233 194 142 90 45 18 10 35 45 24 24 27 31 27 15 12 22 21 22 10 10 14 25 20 11 
33 29 22 19 13 22 24 29 20 12 9 2 22 22 17 15 13 6 6 5 6 10 9 14 17 22 34 45 47 35 19 36 61 100 143 165 185 213 224 205 159 107 70 41 20 10 26 44 34 29 34 32 33 17 19 26 15 30 19 17 22 32 40 39 
67 67 62 51 38 28 20 12 11 13 17 18 24 19 20 12 18 8 7 12 8 23 15 24 20 21 24 34 23 8 43 71 102 139 176 182 196 205 192 160 113 66 45 33 20 12 19 36 38 32 25 23 21 17 7 26 17 29 21 17 19 22 32 31 
35 34 36 27 17 13 13 17 19 24 21 21 24 15 20 5 24 8 12 28 24 36 26 34 25 19 21 30 17 29 64 92 125 167 192 190 186 181 154 114 74 43 28 20 21 18 20 34 38 36 25 13 11 14 6 20 12 26 19 6 19 22 35 39 
15 15 17 21 12 10 12 23 21 18 13 19 24 20 26 8 22 8 14 31 24 35 22 29 7 7 21 29 26 57 89 118 152 188 196 182 169 145 112 76 45 35 22 8 8 6 15 13 17 24 24 24 22 22 15 16 15 21 27 28 27 26 29 35 
13 15 21 26 22 19 25 28 20 12 16 26 29 20 12 6 19 3 13 27 22 35 17 27 17 23 38 55 78 111 142 170 194 206 202 175 147 116 90 48 21 29 31 19 29 32 36 30 20 21 22 22 15 11 3 20 19 16 32 37 38 36 29 29 
8 13 25 31 29 32 30 37 26 14 20 22 32 21 3 11 22 23 33 38 38 45 35 26 9 11 31 50 91 128 159 180 202 197 179 145 116 83 58 27 20 36 39 32 26 20 20 31 26 26 29 25 18 9 15 26 22 21 29 36 38 45 46 48 
22 24 29 30 27 31 29 39 32 24 32 29 42 32 28 20 17 19 20 18 17 26 16 15 12 17 36 69 116 153 175 185 190 173 142 109 77 48 32 26 27 39 41 39 29 24 8 30 26 36 39 30 31 26 23 25 19 13 16 13 10 26 37 45 
22 20 23 13 14 22 27 29 22 21 33 27 42 29 34 26 20 26 15 10 18 24 22 25 40 49 76 111 159 190 197 201 192 159 119 93 67 45 40 43 43 36 32 31 29 28 23 24 22 28 38 29 21 17 25 31 20 13 12 10 7 16 31 32 
34 29 21 10 6 9 11 22 17 25 23 16 37 10 39 34 29 27 12 16 23 23 29 41 72 98 131 156 187 203 196 186 169 129 98 69 46 31 31 34 32 27 12 21 28 29 34 22 13 22 38 34 28 22 25 33 26 10 5 15 17 26 32 34 
44 35 22 16 13 7 7 17 10 23 24 27 45 15 29 22 22 22 33 43 54 58 71 85 115 142 164 175 187 189 164 144 119 74 45 26 10 10 21 29 17 26 16 13 27 25 29 13 8 19 29 37 31 30 26 34 28 15 21 23 18 15 25 23 
44 32 22 15 10 8 10 23 14 26 28 35 43 12 17 22 34 45 64 71 85 99 116 137 164 187 202 202 194 182 145 116 83 43 22 10 5 7 23 31 14 27 22 13 25 19 24 22 16 17 12 25 26 28 28 28 32 27 29 26 24 16 32 27 
34 29 26 18 11 6 18 17 12 7 11 36 46 41 40 27 31 57 81 92 108 125 138 161 183 207 211 198 173 150 102 69 46 17 19 21 22 21 20 26 10 29 26 8 21 26 25 30 16 11 11 8 18 26 32 38 32 22 19 10 15 14 30 31 
36 36 41 35 24 24 33 30 26 27 25 50 62 69 73 75 81 106 123 127 142 152 165 176 192 194 189 159 121 83 44 13 21 15 6 8 11 17 13 22 27 34 27 14 13 22 16 27 17 18 18 22 22 33 38 42 34 24 20 7 17 4 22 18 
42 45 48 43 29 30 31 31 34 51 67 92 108 119 136 142 154 170 178 175 180 184 180 182 175 159 142 107 75 46 24 12 12 19 19 20 10 16 17 16 19 25 7 10 12 20 13 17 13 20 16 31 27 38 45 48 41 35 27 15 19 6 19 15 
58 60 60 59 53 57 55 57 66 85 113 147 168 187 196 194 189 193 190 182 184 177 159 142 124 105 91 70 48 29 27 26 20 22 22 23 11 18 15 15 20 17 10 8 3 6 8 7 17 18 20 33 27 36 31 34 27 15 6 10 20 12 17 17 
70 72 75 74 81 93 104 116 124 135 166 187 201 211 217 201 191 185 176 164 156 140 118 103 87 70 64 48 45 42 38 28 12 20 26 26 17 16 15 16 28 24 22 17 18 15 17 15 19 21 20 37 27 37 35 32 18 22 23 24 29 21 15 10 
120 126 140 147 161 172 183 185 183 187 202 209 213 207 204 183 165 154 143 134 116 97 78 72 58 46 43 31 41 40 28 13 19 32 34 22 14 22 18 16 28 22 29 8 10 19 19 24 20 22 28 34 26 34 20 20 11 26 24 7 15 12 11 20 
163 168 188 201 218 223 227 213 205 194 200 195 194 186 176 151 132 113 97 80 59 40 39 38 17 17 31 27 40 29 19 20 19 22 18 25 30 33 24 17 30 27 38 26 21 31 27 34 29 33 34 36 25 35 22 20 9 26 26 27 36 41 43 48 
140 142 150 159 175 194 204 201 189 178 173 159 147 136 116 91 74 58 44 34 20 14 32 32 15 19 32 20 31 15 14 16 16 26 21 21 20 22 14 13 26 29 37 30 32 31 10 15 15 22 34 33 27 32 18 10 10 14 20 25 25 22 16 13 
115 118 127 133 150 160 173 170 160 150 140 119 95 78 57 41 40 34 29 22 17 12 29 28 11 19 33 24 31 13 26 20 24 36 35 41 36 31 15 17 25 31 36 35 31 37 15 10 8 13 30 29 29 26 24 9 12 15 26 34 34 29 23 20 
112 110 115 114 117 107 107 101 97 93 91 73 54 35 21 16 25 29 24 23 24 19 32 29 24 29 39 21 22 13 41 28 20 29 12 28 26 20 19 20 24 25 24 26 20 27 16 3 6 12 29 31 38 30 22 21 20 17 24 31 39 40 36 36 
64 57 46 38 37 27 29 26 26 31 36 34 37 26 20 20 21 24 21 24 31 26 27 20 26 19 37 22 15 31 52 26 22 24 23 29 27 12 15 29 27 25 21 20 12 22 22 5 6 12 27 29 36 34 26 24 22 22 34 31 32 29 20 19 
27 26 21 18 22 12 8 5 5 29 26 9 22 16 15 19 22 24 33 38 50 52 44 22 35 13 42 33 10 29 45 18 24 27 25 35 38 24 24 29 21 22 19 15 7 12 20 16 17 18 20 30 33 38 26 24 22 27 41 25 27 21 17 24 
10 16 14 14 22 20 14 13 9 25 23 27 40 43 37 41 42 41 31 31 38 38 27 19 40 8 39 32 10 21 38 26 34 34 36 26 29 20 26 27 21 25 31 38 41 31 27 20 23 22 21 29 30 38 21 28 27 39 57 41 38 25 17 18 
13 22 17 18 17 14 1 15 8 24 22 34 31 27 11 17 34 48 48 40 41 37 29 26 33 24 52 39 22 14 25 16 29 24 34 30 26 19 26 22 17 21 31 26 30 30 20 24 17 23 20 25 20 31 8 13 17 34 55 40 29 13 10 17 
25 29 29 21 18 19 3 24 14 17 15 22 15 15 17 24 27 40 44 31 30 29 24 22 31 27 43 25 12 10 13 17 26 17 29 19 16 17 24 17 19 19 29 20 22 25 17 22 17 26 28 29 19 26 6 10 18 15 42 17 16 17 18 31 
29 32 35 27 21 24 9 33 22 17 19 22 12 9 8 15 29 38 40 31 24 25 24 24 24 24 29 20 9 13 23 29 28 22 24 17 27 29 37 28 31 27 34 21 26 22 20 25 13 26 22 20 8 18 8 12 21 14 36 22 27 29 36 45 
38 38 43 35 29 28 14 36 25 12 10 8 19 19 17 23 31 33 31 26 19 10 5 18 24 19 17 14 13 10 12 17 19 22 20 29 34 15 36 32 39 34 34 17 20 13 10 24 13 20 21 20 8 20 6 11 21 16 36 37 36 29 17 20 
32 33 35 33 31 29 24 34 24 19 17 17 32 39 42 48 44 38 29 23 22 4 17 26 22 15 10 20 19 10 10 24 27 22 10 27 41 35 41 38 43 41 33 20 23 17 16 21 18 13 18 19 14 19 18 18 30 19 19 24 22 18 8 15 
16 17 17 22 26 31 32 31 19 16 15 19 27 29 22 21 31 34 20 13 27 30 31 29 26 27 15 11 10 12 11 15 9 7 21 31 48 42 48 52 48 42 27 15 24 17 19 10 17 13 14 20 13 11 13 11 26 21 22 26 28 24 17 16 
13 15 12 20 20 22 32 22 9 12 15 21 33 35 36 35 38 34 12 15 34 30 27 20 36 37 21 5 11 18 14 23 15 19 22 25 41 45 46 60 55 48 31 20 33 26 26 10 19 10 15 17 19 4 9 7 24 22 36 43 41 31 19 11 
14 17 17 25 20 25 32 17 6 14 17 18 29 32 33 29 37 29 10 19 31 29 16 23 42 39 30 16 24 18 20 35 29 34 29 35 44 53 50 62 53 46 24 12 36 27 31 24 20 14 19 17 18 5 13 10 28 27 41 46 44 42 31 24 
20 25 20 29 23 22 34 15 10 21 19 15 26 31 40 32 38 21 12 25 33 31 12 31 44 36 27 16 29 24 26 37 9 39 40 45 39 41 42 62 51 39 15 6 37 26 23 17 12 22 26 23 20 1 8 13 35 30 44 50 53 45 35 29 

18 15 15 17 28 49 13 11 21 38 46 34 29 31 32 40 31 18 24 27 19 19 15 12 12 18 28 29 31 29 31 20 12 7 17 9 11 46 50 28 31 36 49 80 94 120 160 194 197 140 95 91 57 37 46 41 29 12 6 23 27 39 34 31 
11 15 21 30 36 47 5 20 20 32 43 29 34 34 30 39 33 17 18 15 9 19 16 15 24 30 37 41 38 24 25 17 14 15 13 5 8 38 52 36 32 35 45 76 97 117 158 189 189 133 97 88 50 34 43 38 29 14 9 20 29 38 32 32 
17 20 21 31 22 34 19 38 24 24 30 11 17 14 19 34 38 24 33 27 36 39 32 24 29 29 32 30 29 17 20 15 12 16 17 11 10 16 27 20 22 19 38 68 90 113 153 184 177 128 97 79 39 32 38 33 32 24 20 13 20 31 27 32 
32 27 27 28 20 27 31 39 19 12 24 20 23 15 9 28 35 33 41 32 37 43 38 33 45 46 50 48 44 35 28 21 19 24 22 26 29 22 13 7 22 17 39 65 86 115 160 189 172 127 104 74 28 29 36 34 36 31 25 24 36 35 34 31 
37 32 32 29 18 10 33 41 27 15 17 36 36 36 22 13 10 10 14 15 25 34 26 29 42 44 46 52 52 44 29 25 32 30 26 21 26 20 13 22 26 25 39 57 87 127 168 187 170 125 100 60 12 24 33 34 40 26 14 20 31 36 34 34 
32 33 36 25 20 13 38 43 28 29 14 36 27 32 25 6 6 18 21 27 29 30 17 20 26 25 13 22 25 43 28 22 36 20 20 22 28 38 26 19 20 19 36 58 98 138 182 199 173 128 103 58 6 12 21 24 32 27 19 23 30 35 38 42 
19 22 26 21 22 19 40 32 24 31 30 39 12 19 16 14 15 20 22 27 17 10 7 11 17 19 10 15 21 35 19 17 36 29 31 32 34 34 26 19 13 21 40 65 102 149 190 205 185 137 100 60 11 3 13 17 27 19 22 33 36 41 48 50 
11 9 12 7 10 17 32 28 22 19 28 38 12 13 20 31 36 32 30 32 41 41 39 32 29 26 12 17 15 29 12 7 22 23 33 36 36 32 15 6 12 24 42 67 100 145 193 209 192 145 98 52 12 13 16 21 18 4 19 30 39 48 57 62 
13 11 16 23 26 34 40 32 30 24 32 38 17 17 22 29 34 37 39 43 43 43 41 34 36 36 23 27 27 30 29 27 27 19 24 20 24 22 8 9 19 25 43 63 97 145 192 202 192 147 89 43 17 15 15 11 11 15 35 38 44 46 57 68 
10 6 8 13 10 17 22 15 14 12 23 26 16 15 16 19 20 23 24 26 32 26 35 33 34 36 37 38 34 29 17 11 10 17 30 8 15 7 19 27 24 29 33 58 91 133 188 197 185 147 90 45 36 34 28 20 17 23 31 34 32 42 54 63 
16 11 14 19 10 15 15 7 8 21 26 36 31 31 22 22 30 34 36 37 34 31 31 32 31 29 26 27 24 14 8 8 12 27 31 10 22 17 27 34 26 32 31 51 85 135 189 186 173 143 86 41 32 23 20 7 18 20 29 32 27 31 42 50 
17 10 11 15 14 21 18 16 17 19 13 19 17 24 24 27 34 38 34 36 35 24 20 27 26 26 26 33 29 26 26 21 19 31 32 27 38 23 24 26 19 34 40 54 89 140 192 176 154 131 77 30 22 20 20 15 22 19 21 25 15 23 32 36 
24 17 13 17 19 25 22 22 19 13 15 22 20 22 19 29 34 34 34 38 42 26 19 14 17 22 30 26 21 15 18 15 17 36 30 30 32 20 22 21 13 32 52 72 109 164 207 180 146 121 69 23 11 7 15 7 18 10 18 23 10 22 29 32 
44 35 25 20 15 13 13 11 15 17 21 25 19 19 25 33 31 39 34 41 45 31 20 9 8 19 28 29 27 29 31 24 20 27 8 20 26 17 21 20 13 42 66 91 130 173 203 173 137 106 59 26 19 12 12 8 20 17 22 19 6 16 15 11 
41 33 27 15 21 5 20 8 8 17 20 30 27 26 29 32 26 26 19 24 29 22 26 15 14 16 27 29 25 25 27 24 23 26 7 23 24 19 24 23 30 52 76 105 138 176 193 158 123 91 53 29 27 14 17 20 20 20 18 20 9 15 19 13 
46 40 33 21 27 17 29 20 18 23 22 25 28 27 32 30 17 15 17 15 23 12 21 22 23 17 17 24 21 22 28 11 6 6 20 28 24 24 28 30 39 63 86 122 162 185 182 157 119 79 41 26 24 17 17 20 22 15 12 15 12 17 12 13 
36 36 27 26 36 30 33 29 24 27 22 17 20 24 24 25 14 19 26 24 20 13 19 19 25 23 11 15 19 18 23 13 8 5 24 28 20 24 26 21 38 68 105 151 186 199 187 154 114 70 43 32 31 25 27 28 22 20 18 15 20 11 12 10 
34 30 26 14 25 22 20 22 22 24 19 15 17 17 13 19 17 17 26 24 22 22 19 16 27 34 22 12 5 12 27 14 19 16 24 33 22 19 26 37 60 91 125 163 194 198 166 128 93 45 19 24 26 25 29 28 15 19 19 18 21 13 5 6 
29 28 22 13 20 26 21 27 34 25 24 18 19 20 6 12 11 7 20 19 24 27 12 11 23 38 33 22 12 9 19 13 17 16 15 29 28 26 36 43 71 102 137 172 200 191 154 115 74 34 22 26 26 27 32 36 21 22 31 25 28 16 13 10 
32 28 28 16 12 22 27 37 45 37 31 23 22 26 9 6 9 4 13 9 18 30 12 22 29 39 36 22 18 16 24 19 19 15 15 30 20 6 20 36 68 104 140 173 198 185 145 105 64 24 24 23 15 10 15 29 28 33 37 31 32 20 21 15 
41 38 34 24 17 16 18 26 32 17 10 14 17 25 13 5 14 12 19 17 22 36 25 31 32 34 30 17 18 15 22 10 15 7 10 29 15 8 19 47 83 117 159 185 193 167 119 71 26 22 34 43 36 32 23 27 19 32 37 34 28 19 20 22 
38 37 39 36 34 30 27 19 28 18 15 17 22 27 25 8 12 15 27 36 37 46 40 34 28 22 15 12 26 32 32 13 17 5 16 33 9 15 33 69 115 150 192 201 184 140 88 43 26 34 38 41 36 31 25 26 20 28 32 30 24 19 10 16 
32 34 29 29 23 18 20 12 23 26 18 23 24 34 34 15 15 16 22 27 20 25 16 17 12 12 12 8 24 34 22 19 15 5 19 31 5 15 34 82 130 167 202 189 155 109 55 20 31 30 28 29 27 19 17 21 21 22 22 26 13 14 8 19 
36 32 31 27 20 17 14 14 25 31 13 12 14 24 34 17 16 17 29 31 31 36 29 17 13 8 18 24 35 51 38 23 18 29 39 50 24 28 46 109 168 196 215 187 132 81 38 10 14 8 20 26 22 12 5 21 18 17 15 22 10 15 13 17 
35 29 24 18 10 10 6 10 24 31 17 17 9 21 26 17 27 17 22 29 30 32 21 13 20 16 17 17 22 43 34 24 24 31 26 46 32 49 86 152 213 230 232 176 106 60 22 21 19 22 30 32 26 12 8 23 15 8 17 15 11 18 22 18 
24 20 17 9 6 14 16 20 13 20 12 22 25 27 26 17 20 12 27 36 47 46 31 25 34 36 38 40 35 40 34 32 29 31 9 38 43 73 119 180 226 232 206 134 66 35 14 15 17 31 29 30 13 4 9 23 20 12 19 20 20 16 17 17 
11 12 12 15 15 22 10 17 8 13 23 30 35 28 17 10 16 24 38 52 61 55 39 34 34 33 29 27 17 24 34 34 32 31 19 29 56 102 161 204 228 219 168 86 36 29 22 5 20 30 26 27 19 14 13 22 27 17 25 30 30 28 19 20 
21 27 21 13 11 20 7 17 15 22 25 23 20 19 17 17 22 26 28 31 34 17 14 8 13 23 25 26 27 24 21 36 32 36 41 36 75 140 213 241 241 210 141 66 26 31 38 36 36 30 22 10 11 14 2 12 28 29 30 29 26 26 26 26 
16 17 23 18 19 24 16 19 15 12 19 10 22 19 20 18 20 18 19 20 23 27 27 17 4 12 21 24 35 33 8 26 29 40 68 72 104 173 234 237 213 170 102 41 26 38 49 51 40 35 29 22 25 22 18 7 15 15 26 29 31 29 23 16 
13 13 13 10 10 16 6 21 17 11 19 14 27 28 29 26 25 16 18 22 26 29 28 24 13 10 13 17 39 43 10 19 18 42 100 118 152 209 242 222 171 119 57 23 26 37 53 57 46 45 39 27 27 10 13 9 11 9 21 19 15 19 12 9 
12 17 26 24 18 13 22 33 22 15 19 6 19 19 27 26 24 15 17 19 28 30 28 23 22 21 27 40 49 44 17 25 38 81 138 160 182 211 222 184 130 78 41 24 24 33 41 57 48 54 41 31 22 5 14 13 16 16 10 13 18 24 20 11 
34 31 22 22 19 19 29 29 18 11 13 6 19 17 26 27 17 8 6 12 20 23 25 19 12 24 27 39 39 25 23 51 75 125 176 187 191 202 187 148 91 46 29 21 24 18 32 48 49 49 40 29 24 9 19 16 17 23 11 1 11 26 31 25 
65 67 62 52 40 31 29 17 16 17 21 19 23 10 18 20 8 5 6 20 19 27 15 12 8 13 20 31 20 24 64 93 124 171 201 194 187 182 148 105 55 19 10 17 24 13 13 29 39 36 27 23 22 23 10 15 12 22 7 8 17 23 29 24 
53 50 45 34 26 19 22 23 21 28 31 26 26 5 20 18 17 8 13 31 27 35 20 22 20 22 25 35 25 48 83 116 149 190 203 185 168 149 108 78 50 33 27 22 23 5 7 14 26 25 17 12 9 17 12 18 15 21 17 20 24 28 34 32 
42 38 27 21 15 11 24 24 17 21 13 26 34 14 19 17 18 11 6 26 10 28 8 22 23 22 27 38 41 82 117 150 180 209 200 175 143 117 83 57 41 33 26 14 16 9 9 7 17 19 15 21 20 23 18 23 19 24 34 36 36 34 34 36 
36 32 34 29 25 15 17 20 12 9 19 31 39 22 13 11 21 20 11 14 8 27 13 26 34 35 46 67 100 143 174 199 210 212 191 149 112 90 62 34 19 26 29 7 11 30 29 28 9 10 8 13 9 9 8 22 24 22 31 36 35 36 24 23 
10 8 20 22 20 19 22 29 15 19 24 26 38 18 10 14 24 32 30 25 27 34 36 32 39 43 52 71 119 157 182 196 208 197 164 126 88 62 41 19 10 24 31 11 6 27 15 32 14 13 14 7 13 8 10 26 25 12 19 17 24 32 23 26 
33 29 37 29 24 21 20 28 20 26 32 29 41 17 14 1 17 33 28 17 15 30 39 48 58 67 76 97 142 169 173 180 180 160 124 94 62 39 23 12 7 17 26 17 17 28 12 29 14 5 19 19 27 31 29 33 31 23 17 16 13 19 19 26 
27 20 26 10 12 19 20 29 10 28 30 31 43 25 34 16 10 29 22 24 36 50 65 77 104 117 135 154 188 198 183 177 169 132 102 75 52 38 39 33 39 32 26 6 12 31 22 28 13 12 21 18 13 17 17 32 38 27 24 30 26 27 27 29 
44 36 31 18 16 12 10 29 14 30 17 11 36 12 43 30 20 19 19 32 50 67 91 112 149 175 187 193 202 195 159 142 131 97 73 52 36 22 24 20 29 27 26 17 22 27 29 24 11 11 17 23 24 20 24 34 38 38 34 38 34 28 25 24 
47 36 24 18 19 15 15 32 15 29 23 34 45 26 40 24 11 24 45 64 84 100 126 155 187 208 208 192 176 156 109 95 90 53 40 31 26 18 16 24 26 30 34 25 30 22 23 12 19 22 22 32 26 17 11 26 39 38 41 39 31 22 22 23 
26 23 12 20 13 7 18 32 15 22 20 34 43 13 30 39 53 73 93 102 120 138 161 189 216 224 215 192 160 134 87 69 57 18 24 19 21 25 25 35 31 38 41 24 31 20 21 24 19 12 10 10 13 6 11 20 32 34 36 30 23 14 26 23 
15 22 19 20 15 12 19 26 10 13 19 46 43 26 30 43 62 99 116 122 140 150 162 185 203 208 192 167 131 104 60 41 39 5 11 19 26 29 25 29 28 32 40 17 22 19 17 36 23 12 13 12 12 12 22 24 24 22 26 15 19 10 26 26 
36 41 41 36 29 31 37 43 47 55 66 86 78 77 86 102 123 154 164 163 163 169 168 182 184 171 147 111 79 45 20 10 23 14 1 15 22 23 17 29 34 43 34 16 11 19 12 33 19 15 7 22 8 8 10 6 5 13 17 6 13 6 25 21 
52 57 59 61 63 64 68 71 85 102 122 151 154 156 167 176 190 209 206 192 185 173 161 164 154 131 103 69 45 26 24 13 8 15 19 24 15 27 13 9 19 26 13 6 11 21 13 24 17 17 12 31 15 24 29 32 31 32 22 15 12 8 20 15 
84 88 89 98 104 112 116 124 131 149 179 208 216 221 223 211 200 202 186 172 161 146 123 116 104 78 65 40 29 22 23 26 20 24 31 33 15 26 12 7 20 20 15 12 3 9 6 17 15 19 17 31 23 29 24 29 26 17 7 8 12 8 21 18 
128 126 127 129 137 149 162 171 180 189 211 228 229 223 220 197 178 171 150 139 126 102 81 84 72 57 55 35 33 33 31 31 16 15 21 26 13 19 12 14 29 27 27 20 12 11 12 9 12 11 10 25 20 30 31 29 24 17 20 25 24 24 19 16 
167 172 177 185 192 205 213 218 218 213 220 218 208 196 180 158 140 128 116 104 91 72 62 71 62 52 49 29 39 40 28 23 20 24 25 22 9 21 16 17 36 20 36 13 9 24 20 18 15 14 10 23 16 28 24 25 19 23 27 9 5 10 13 19 
168 173 185 192 206 212 218 211 204 189 187 171 163 152 141 116 101 85 69 56 48 38 34 46 41 36 41 30 45 34 13 13 9 13 17 22 31 27 15 13 34 24 37 19 13 35 24 27 22 19 16 15 10 28 17 16 12 27 27 27 36 42 48 55 
119 121 123 123 136 143 156 159 154 143 132 121 107 93 81 60 51 39 34 31 29 28 32 47 36 45 45 31 41 22 8 8 11 22 22 18 7 12 10 13 31 24 38 31 32 41 19 15 8 5 13 13 11 27 15 10 8 22 29 34 30 24 26 21 
86 87 92 90 104 104 108 112 110 103 90 79 60 50 39 31 34 29 29 28 25 14 24 36 21 34 43 35 39 14 22 21 31 45 51 47 38 26 17 19 26 23 31 30 29 40 20 17 14 10 15 10 14 20 19 14 17 15 32 36 29 17 13 10 
74 75 77 72 74 59 50 52 53 55 56 53 40 32 21 20 23 20 19 20 28 15 25 35 25 34 43 27 29 12 40 27 26 33 31 29 29 20 22 31 22 19 22 20 22 31 13 13 20 8 10 16 13 12 17 22 26 9 25 35 32 31 24 22 
22 19 16 12 27 19 14 16 6 15 34 34 36 29 22 17 21 12 8 22 30 13 20 26 26 36 35 18 17 26 56 21 13 17 17 25 33 17 22 36 14 19 22 18 20 22 20 17 13 5 13 22 20 17 16 27 33 17 30 39 40 39 31 27 
40 38 29 30 27 24 22 17 13 26 22 16 13 20 12 19 19 8 13 31 45 43 34 20 27 20 39 26 17 32 53 17 16 14 26 27 38 31 33 37 19 18 23 24 24 15 15 15 9 7 14 23 19 21 13 32 34 20 32 32 43 47 43 43 
20 24 21 19 22 27 18 18 14 24 17 16 30 38 33 41 41 28 24 29 45 39 27 13 29 13 39 28 8 18 39 13 26 22 34 16 29 25 37 40 20 22 32 43 43 30 22 8 4 15 22 29 24 26 10 32 36 35 50 46 50 45 38 26 
25 30 29 13 13 24 8 21 6 26 13 25 29 35 24 28 23 24 38 36 45 38 27 12 21 22 47 35 20 12 27 12 27 24 40 24 20 15 36 30 12 17 28 30 22 16 8 6 3 18 21 20 12 25 17 23 13 22 42 36 31 24 19 20 
36 40 37 17 16 29 5 26 3 19 17 20 18 22 17 22 19 13 31 23 33 31 23 19 24 26 38 28 15 13 9 14 31 20 38 20 15 5 33 27 8 15 29 26 20 17 7 15 4 26 22 24 8 20 11 20 18 6 29 15 13 10 6 14 
22 25 36 17 12 29 6 27 16 24 27 27 22 10 12 15 9 15 27 20 20 28 29 24 30 25 31 21 5 6 11 21 27 20 30 21 25 14 39 23 18 15 31 24 19 13 14 26 8 29 13 18 8 13 9 17 23 13 26 14 13 19 29 44 
45 45 39 24 16 23 10 30 22 15 17 15 13 13 14 26 23 12 17 13 13 4 10 19 27 19 9 15 17 13 7 10 19 24 24 29 39 21 39 20 22 22 32 24 26 12 8 22 3 28 12 21 10 16 8 13 19 13 32 24 27 26 34 43 
40 34 31 20 15 16 11 23 22 3 4 6 25 32 36 46 41 30 13 14 20 13 16 27 24 15 13 18 26 17 6 13 24 26 15 31 51 44 47 35 29 27 30 19 24 8 7 19 8 24 12 21 15 21 19 19 22 13 25 24 33 33 42 48 
21 18 16 16 13 15 20 17 14 6 1 15 23 23 21 33 41 33 15 18 33 30 27 24 24 22 22 8 15 22 13 14 11 11 24 26 42 45 47 43 31 31 24 18 18 4 16 15 20 17 13 22 20 22 22 24 21 10 17 26 35 38 44 48 
12 12 12 15 13 12 18 10 6 10 8 16 20 29 34 45 43 34 17 29 34 22 24 30 30 26 27 8 18 22 19 22 15 24 30 17 24 39 38 44 34 28 24 19 21 18 27 19 22 13 15 17 26 24 32 32 29 14 25 34 44 43 44 43 
24 23 24 26 20 15 26 12 13 17 19 15 19 16 22 31 36 24 19 30 31 26 37 44 45 34 34 19 29 27 26 38 24 37 41 29 27 36 32 45 29 19 15 23 27 32 39 34 35 19 26 19 27 31 40 36 31 14 19 34 45 52 50 51 
29 31 32 34 26 17 20 10 14 24 28 6 21 13 19 30 30 22 22 32 31 34 48 53 45 34 32 19 32 32 35 42 7 38 48 43 21 17 19 43 29 16 13 24 34 36 38 35 33 12 24 14 25 29 41 38 37 11 15 38 52 58 55 54 

26 27 20 24 30 43 26 27 28 32 36 29 35 40 33 37 20 26 32 31 29 27 27 29 33 22 20 20 29 32 31 25 20 16 26 32 34 52 52 19 20 27 70 116 146 178 216 221 200 143 97 70 38 14 19 31 28 21 15 15 25 34 23 24 
24 28 28 32 33 41 24 31 26 26 30 26 34 36 27 32 24 22 27 19 21 19 20 24 29 17 22 26 30 26 24 22 20 19 24 27 25 38 48 23 20 21 64 116 143 170 206 211 190 139 96 68 37 17 19 28 26 20 16 18 29 30 19 21 
18 22 16 22 14 27 33 45 34 29 30 5 21 19 22 34 40 43 47 43 41 38 26 25 26 20 19 21 19 15 21 14 7 11 20 23 20 19 30 20 17 8 58 106 133 161 197 199 173 130 87 55 20 13 24 29 27 19 26 27 27 22 8 10 
19 16 15 19 13 26 42 45 30 26 23 15 14 3 12 23 34 36 36 32 30 32 25 29 32 39 42 46 37 29 18 9 10 16 25 31 35 31 24 22 21 13 58 102 129 157 195 190 158 118 85 45 12 19 29 29 25 18 26 35 34 26 13 3 
15 11 14 21 15 15 39 45 35 25 27 40 35 33 19 18 17 18 19 15 21 20 16 18 32 29 42 46 45 33 18 4 20 22 20 26 26 27 26 32 29 28 62 97 125 161 192 183 145 107 77 38 12 19 30 32 25 17 26 38 36 23 8 7 
21 13 18 18 17 12 39 38 29 29 25 42 30 35 27 15 16 22 28 35 34 26 20 19 25 23 19 24 25 29 7 10 29 11 8 12 15 32 35 32 22 19 58 89 128 163 194 182 142 100 71 27 12 19 23 23 20 13 26 36 31 22 17 8 
12 13 20 26 23 18 40 27 24 26 27 43 24 22 20 20 15 18 17 22 15 13 10 15 22 20 14 16 24 28 12 23 37 29 25 31 22 29 32 31 14 12 46 83 126 167 197 189 143 92 62 26 13 14 17 19 20 10 27 38 31 25 17 9 
21 17 11 3 10 15 34 27 24 12 24 38 17 19 22 35 37 31 41 43 43 39 35 24 21 24 13 15 20 22 13 14 29 24 26 32 31 28 27 26 16 12 46 81 125 169 201 192 151 95 58 22 10 18 19 13 15 13 31 34 32 31 32 26 
31 27 26 25 30 31 39 32 30 24 29 35 22 20 28 28 32 26 28 29 35 32 32 27 26 29 19 22 26 21 22 25 31 17 13 16 17 20 18 16 12 12 43 78 123 169 203 194 158 103 57 19 2 7 9 9 10 14 29 30 26 27 32 36 
43 38 29 19 12 18 15 6 9 8 20 23 6 12 15 26 23 17 13 7 13 5 24 19 23 29 32 31 33 24 20 11 13 11 27 14 19 3 13 22 23 29 46 83 125 163 200 186 152 110 62 26 27 31 31 27 17 6 17 24 27 34 43 46 
43 38 33 20 13 22 20 13 15 19 30 36 31 29 29 28 29 22 16 5 17 11 23 25 26 31 28 33 26 19 9 8 17 26 34 13 22 11 22 31 28 41 55 89 124 163 199 175 137 109 62 29 22 19 15 8 10 9 19 24 20 20 28 32 
42 38 32 25 15 24 18 21 16 13 12 19 8 19 27 32 27 22 15 14 25 8 18 26 26 29 29 36 31 33 26 23 15 19 21 22 37 29 28 26 21 50 76 105 136 173 201 163 124 102 54 16 11 9 18 17 29 23 22 22 14 17 29 36 
27 24 25 23 17 20 16 16 6 3 19 24 15 13 22 23 22 22 20 29 35 19 17 14 17 27 27 29 25 26 22 26 27 38 27 29 36 30 26 20 23 64 96 125 157 189 207 162 116 88 45 13 12 10 17 11 17 6 20 23 6 14 27 32 
37 28 27 30 21 14 12 8 5 12 22 24 13 15 27 24 25 27 24 34 38 26 21 12 15 20 26 16 26 32 31 27 18 22 3 19 32 24 24 16 28 78 112 147 178 200 198 149 100 69 32 12 10 9 17 7 17 8 20 24 8 13 10 8 
26 22 24 25 29 16 27 14 13 9 14 26 20 19 20 20 20 18 17 18 27 24 26 18 14 8 24 10 16 23 29 34 30 29 14 24 34 24 17 10 41 90 126 163 188 201 183 136 90 49 20 17 20 20 27 20 15 7 17 26 7 14 20 20 
32 29 26 26 34 24 30 29 26 27 10 16 9 8 14 17 14 10 8 12 14 18 25 24 24 12 21 15 10 19 24 17 13 17 27 34 31 22 8 29 64 116 149 184 206 201 173 128 87 40 10 6 11 18 20 14 14 12 12 26 17 10 19 25 
23 22 20 27 39 33 32 36 36 33 20 16 13 13 13 22 10 12 16 6 13 15 19 22 29 25 22 19 4 15 22 18 16 18 35 37 31 17 15 41 71 123 161 197 216 208 165 117 79 34 21 24 24 27 28 24 19 15 11 28 17 7 13 20 
26 24 21 18 27 26 22 29 36 31 24 15 19 22 16 24 18 17 24 15 15 17 10 19 34 39 31 28 18 13 26 22 22 26 32 41 33 22 36 60 91 142 173 201 209 190 140 95 61 21 15 28 31 34 34 21 6 12 20 31 31 18 13 19 
16 12 22 16 20 27 26 35 49 39 26 24 22 31 15 17 17 15 29 20 15 16 7 27 41 45 36 32 24 17 27 18 10 17 25 38 36 32 56 75 109 149 180 196 196 173 121 72 44 17 21 35 39 38 36 32 19 22 22 32 29 17 15 18 
13 10 26 20 17 26 32 44 57 42 34 26 23 34 13 12 15 12 24 21 24 32 26 39 41 45 37 25 23 20 32 24 15 14 12 34 27 26 50 74 110 154 176 187 183 152 101 64 35 15 24 41 35 26 15 22 31 31 24 23 22 12 24 23 
47 41 39 31 20 22 27 38 48 27 21 14 16 34 14 6 20 11 26 29 34 40 35 36 34 29 24 19 21 15 29 15 12 11 10 28 17 30 57 90 127 159 186 187 168 132 82 36 6 23 32 46 42 38 26 23 27 27 16 23 13 5 22 24 
26 20 25 27 30 27 32 32 41 24 17 15 19 36 26 11 20 15 27 42 41 45 34 24 10 13 11 17 27 36 35 12 20 8 11 29 12 43 72 114 163 196 211 191 150 103 57 24 25 31 28 34 36 31 25 22 21 21 17 29 17 13 15 15 
30 25 15 17 19 24 29 29 36 31 27 27 28 38 38 22 23 21 19 13 16 26 10 5 6 15 10 14 25 36 25 17 17 8 18 32 22 50 77 133 185 203 206 174 119 65 33 25 32 32 20 26 27 26 18 14 15 22 29 35 21 20 11 15 
28 20 12 15 22 15 16 10 31 36 10 8 4 27 38 22 24 22 22 13 17 36 32 32 29 26 23 24 36 49 31 19 17 35 37 45 41 60 93 162 218 220 210 162 93 38 22 15 22 14 15 19 25 24 15 15 20 29 32 31 20 19 19 23 
29 22 15 17 15 12 6 10 29 41 31 25 15 25 34 22 28 22 24 8 20 34 31 34 36 32 28 27 27 48 32 19 16 29 23 38 49 88 136 205 251 240 214 147 72 24 21 23 22 26 26 31 27 31 15 13 19 30 33 23 15 16 18 13 
26 28 24 17 12 13 15 13 13 26 23 29 28 31 33 19 26 20 28 31 41 46 39 30 38 34 34 36 31 39 29 20 17 28 12 36 67 120 170 225 250 219 169 99 35 14 26 20 20 31 28 28 29 24 10 15 20 24 24 15 12 6 11 11 
12 21 17 19 16 20 17 19 8 8 24 32 39 33 30 17 17 24 39 46 60 49 32 24 26 25 19 19 6 20 32 27 21 29 33 52 97 154 203 228 227 182 126 64 36 27 31 24 17 31 29 30 32 26 18 15 26 13 17 18 15 18 7 6 
19 29 26 20 19 23 13 19 22 20 29 31 26 19 16 16 24 33 36 34 36 16 8 8 4 11 19 24 19 12 25 31 31 41 62 73 116 180 228 232 209 160 95 39 11 13 36 38 27 29 29 27 26 22 13 5 19 15 20 13 12 8 14 14 
11 23 23 19 24 27 15 22 27 15 18 15 18 20 20 19 31 29 29 26 28 28 24 19 11 11 21 26 34 27 12 34 32 53 95 111 147 206 231 202 157 102 42 14 15 24 41 50 31 34 38 32 34 27 22 12 12 10 23 22 25 24 20 19 
5 11 18 9 13 12 9 22 24 15 21 17 21 31 30 29 31 26 18 22 24 28 24 21 18 20 17 28 39 36 14 37 49 84 142 162 188 220 215 164 100 45 13 21 26 29 43 51 38 42 38 32 27 12 22 9 9 13 19 20 13 15 17 16 
20 26 36 31 19 8 25 39 29 15 18 11 19 24 34 31 34 21 19 19 23 23 18 17 20 22 25 38 41 31 30 60 83 133 187 197 197 205 176 121 60 35 36 39 34 29 36 44 41 48 45 33 23 10 18 6 11 9 8 13 17 19 19 19 
30 25 17 20 9 13 34 35 22 9 16 6 16 28 38 39 28 15 6 5 11 9 10 8 17 21 20 34 29 27 61 93 121 172 206 196 183 171 129 83 31 29 32 34 33 19 22 34 39 42 38 30 21 13 22 6 13 10 7 8 6 12 15 21 
52 55 53 48 36 30 40 23 20 14 19 11 17 24 36 40 22 11 4 14 12 13 10 6 6 9 7 31 36 66 110 142 166 204 215 185 162 143 94 55 22 27 22 22 29 15 13 15 22 29 30 32 30 28 19 9 6 6 10 12 15 12 16 18 
34 38 40 36 29 29 36 21 22 24 23 19 18 22 32 41 13 10 16 26 19 21 15 12 6 4 10 32 51 92 130 160 190 220 207 164 132 101 60 42 29 22 15 7 22 17 15 12 9 13 15 19 18 17 12 12 15 23 17 20 16 14 19 22 
40 41 34 26 24 21 28 17 19 17 14 22 25 17 34 34 22 16 12 12 8 22 14 12 12 10 20 44 76 128 164 192 212 221 190 142 104 81 47 35 27 24 22 13 17 17 12 22 13 16 6 17 18 21 19 19 14 18 22 22 17 17 22 29 
46 47 43 34 30 19 17 12 8 20 22 29 33 24 26 31 19 23 15 14 18 29 28 31 34 43 53 85 131 185 213 227 227 210 163 112 79 57 33 23 26 31 36 19 10 25 15 31 16 20 17 10 12 11 12 21 24 13 19 17 21 25 6 15 
17 12 10 13 13 7 11 16 7 27 30 26 32 8 22 22 22 29 24 18 20 36 43 43 55 67 83 105 152 191 201 199 197 173 129 93 65 45 27 19 18 24 28 13 11 31 12 34 12 23 20 13 15 9 14 20 24 13 15 20 18 24 8 16 
35 34 29 29 21 19 19 15 12 36 38 25 28 8 27 16 12 27 16 19 29 53 71 83 93 105 117 130 164 183 171 163 155 123 90 65 46 31 22 18 15 17 19 12 20 39 20 29 6 17 20 19 27 27 25 26 33 27 32 35 32 27 23 26 
29 25 22 20 27 27 26 20 12 42 34 22 29 19 42 13 8 18 23 38 61 85 105 121 143 156 168 173 193 191 157 137 121 85 57 43 32 32 31 34 38 34 20 9 13 33 22 24 13 17 17 17 14 17 16 16 24 26 27 33 35 31 30 34 
52 43 34 31 36 26 23 22 19 45 24 12 27 15 42 14 14 24 38 59 88 112 135 162 187 201 203 194 185 163 112 91 83 45 26 20 15 17 18 25 34 32 24 15 9 19 18 14 8 15 13 19 24 28 30 22 19 13 17 24 26 27 29 34 
53 40 22 33 32 28 20 28 17 38 26 27 38 14 29 17 39 64 86 104 128 143 162 188 210 210 195 168 135 104 55 47 62 21 16 8 7 9 14 23 31 27 28 18 15 12 17 15 20 22 25 27 26 28 21 14 8 7 19 17 20 22 29 36 
27 27 17 34 18 17 13 27 25 37 27 32 43 31 55 72 100 131 147 155 174 181 187 209 214 200 172 143 103 79 46 39 52 22 17 8 6 17 20 31 31 21 34 22 22 21 26 28 22 9 6 7 19 19 22 17 8 6 18 2 13 10 24 29 
26 31 24 29 23 31 36 46 56 57 62 81 81 75 86 106 124 163 172 180 187 189 178 188 180 161 128 108 83 68 43 32 38 13 9 13 14 15 15 24 20 27 40 18 17 22 22 39 27 14 17 25 18 20 22 29 24 19 19 15 10 6 25 29 
63 65 64 65 68 69 72 83 91 102 111 137 128 130 138 157 178 203 202 201 192 182 163 164 149 117 84 61 48 31 23 13 19 7 18 26 24 22 17 26 38 43 42 23 20 15 17 38 24 17 13 31 16 12 12 6 13 15 20 22 17 7 18 17 
92 96 102 110 117 119 119 121 136 146 169 194 195 199 206 212 217 226 209 194 175 157 138 135 118 79 50 30 44 31 22 12 16 22 27 32 25 31 19 18 25 32 26 20 19 15 9 31 25 20 19 38 18 22 26 29 31 28 27 25 22 13 17 12 
133 141 141 153 161 173 170 173 179 185 209 229 233 235 230 211 189 177 152 138 123 114 91 87 71 39 28 16 37 35 18 19 31 41 48 45 30 35 25 19 25 23 21 24 24 22 14 19 17 18 20 32 20 23 18 20 22 22 24 27 22 15 17 13 
185 187 183 190 193 200 199 197 194 189 200 211 208 204 196 172 147 130 102 88 78 64 52 62 52 29 26 12 34 39 22 15 22 32 37 41 29 35 27 22 38 24 22 26 26 17 15 8 6 10 8 26 13 22 16 17 11 15 26 22 19 7 8 8 
198 204 205 213 215 219 213 208 191 181 178 173 161 159 149 128 108 88 67 53 47 42 42 62 57 43 34 6 36 43 23 8 15 26 25 26 26 32 29 30 38 19 18 16 22 30 17 15 10 7 11 21 14 26 17 23 17 22 29 7 5 10 24 33 
164 168 180 180 189 188 190 172 163 146 131 119 119 110 106 90 71 52 28 18 16 19 24 52 41 32 29 22 46 43 24 15 12 15 27 36 39 35 25 26 39 20 22 9 26 39 22 25 13 17 20 21 19 24 9 11 10 30 29 24 33 39 55 61 
109 114 114 110 116 111 108 104 103 90 80 73 69 71 62 51 48 32 22 17 17 26 36 58 52 50 45 29 39 33 22 26 23 22 15 10 11 16 22 29 38 22 19 15 32 42 15 17 12 13 23 27 23 29 20 16 10 26 27 32 26 27 38 43 
69 72 80 73 83 67 65 57 61 54 46 39 38 44 46 43 48 44 40 36 31 24 25 45 28 36 41 35 41 20 24 39 46 50 54 50 35 29 22 38 37 21 17 20 38 48 24 22 12 15 22 24 20 25 20 20 15 19 26 33 20 8 23 26 
46 47 55 44 48 28 20 16 29 32 41 41 38 40 44 41 44 39 39 39 41 34 26 36 23 29 38 28 35 13 33 39 43 48 46 35 27 19 27 45 30 20 15 14 26 28 9 6 18 13 12 23 11 16 16 31 31 12 25 32 29 27 19 17 
5 6 13 12 27 27 29 32 19 17 31 37 36 34 39 36 39 31 32 41 42 27 24 36 23 37 32 15 20 18 52 38 31 34 33 22 24 14 26 47 25 10 12 12 27 20 2 13 16 13 19 29 20 17 18 37 38 16 34 45 47 48 42 41 
34 32 22 21 23 28 32 26 23 22 26 27 14 30 32 40 43 29 25 36 37 20 21 18 15 25 36 22 20 32 54 38 36 34 39 26 28 22 36 48 18 17 19 26 31 22 10 16 15 7 24 24 25 19 17 45 44 21 38 50 53 61 54 52 
10 15 13 18 20 32 32 34 27 26 16 21 22 37 39 48 49 37 22 26 24 8 16 15 21 28 39 21 7 17 40 25 28 27 41 26 19 15 38 48 22 22 31 42 41 36 24 13 5 12 29 31 32 26 20 41 43 29 44 47 51 53 44 43 
27 27 24 10 12 35 29 31 24 24 8 19 27 38 34 43 44 32 27 26 22 6 13 19 32 34 44 24 13 15 31 28 41 38 50 37 26 7 38 40 13 15 22 29 19 22 19 8 10 23 29 27 29 29 26 35 17 13 28 29 24 26 34 38 
38 34 34 12 17 39 31 34 15 17 8 14 19 24 19 28 29 12 17 19 30 31 29 27 34 32 32 16 17 19 23 32 48 41 51 40 33 12 35 33 5 8 22 25 6 17 15 19 10 28 24 28 23 18 17 29 10 8 22 23 11 18 19 17 
43 36 32 5 16 38 28 27 12 21 26 22 26 17 15 22 19 14 20 23 28 32 33 29 30 23 20 15 20 22 19 27 35 28 36 33 38 13 36 27 7 4 25 22 9 10 14 22 13 32 13 24 16 8 12 19 20 12 23 13 12 18 29 34 
46 36 28 13 19 28 22 22 15 19 19 19 16 12 10 22 13 8 10 13 14 4 11 17 22 17 1 19 31 28 14 18 27 30 27 25 43 14 33 18 12 10 31 24 19 14 5 24 8 31 9 24 9 12 17 19 20 14 29 21 22 33 42 50 
37 30 19 16 18 18 12 13 20 10 11 12 22 30 27 32 24 15 8 13 20 13 17 16 15 13 22 26 32 27 17 10 24 24 16 9 38 32 46 29 18 19 34 22 19 5 10 20 12 22 4 25 16 17 12 16 20 13 26 20 25 34 46 55 
15 15 15 15 13 6 11 11 15 18 12 21 21 19 11 22 15 10 7 26 33 26 19 20 19 20 31 20 19 29 20 15 15 17 26 12 24 27 36 20 17 20 36 26 19 17 25 29 24 14 7 17 16 16 13 23 17 5 23 18 24 32 45 53 
7 5 13 13 10 4 13 9 15 22 20 21 27 25 26 24 14 8 11 26 29 12 25 31 29 26 34 17 21 24 20 31 26 31 39 29 20 29 27 23 13 13 32 28 12 21 29 26 28 12 10 13 19 19 25 27 27 18 21 17 22 30 33 41 
15 13 20 20 17 8 19 15 20 24 26 22 28 20 13 4 7 9 15 25 24 22 44 48 45 38 39 23 27 26 24 39 30 36 52 45 38 39 27 31 18 3 31 34 26 34 39 38 41 24 22 13 17 22 31 26 27 23 28 13 23 34 38 47 
20 20 24 25 23 13 12 9 18 26 36 24 34 26 22 15 17 19 19 24 21 23 48 50 44 39 36 22 29 28 29 48 26 38 57 57 48 39 24 37 26 8 30 42 36 49 51 46 50 26 22 7 15 26 37 32 34 26 35 17 24 42 37 44 

29 27 27 22 23 26 29 36 27 18 22 32 45 39 26 22 12 34 39 45 54 47 40 34 36 39 38 27 40 41 34 27 20 22 18 13 14 41 54 15 12 28 92 145 178 205 208 178 145 99 71 45 29 7 8 27 20 20 28 20 10 15 15 23 
26 30 30 32 31 27 28 31 20 9 18 29 41 31 19 17 16 34 39 44 53 45 38 32 29 31 29 17 28 30 28 24 22 26 24 20 15 28 46 20 12 29 91 146 179 202 203 175 138 96 59 36 24 11 12 23 20 20 30 26 10 7 6 13 
18 18 15 17 7 19 32 37 26 17 24 29 38 26 27 27 32 43 52 55 56 47 36 27 24 31 29 18 17 14 22 17 7 10 14 20 22 28 32 15 13 26 88 142 173 194 200 169 128 90 53 24 6 6 13 15 16 19 31 30 19 17 10 8 
13 10 5 16 19 27 41 38 25 12 16 24 24 16 18 17 19 28 31 34 38 31 22 22 28 31 43 40 34 21 18 8 8 21 26 33 37 33 20 10 12 32 96 145 171 192 201 163 118 83 49 19 3 12 13 12 11 24 30 29 26 24 15 13 
10 6 8 24 24 17 34 32 20 15 11 31 24 21 13 9 6 13 18 22 29 22 14 17 24 17 32 34 38 24 14 6 19 22 27 29 28 19 12 22 22 44 102 142 168 197 204 161 108 78 43 15 20 12 11 13 12 22 29 31 34 31 29 24 
15 13 17 24 21 13 33 29 20 19 14 31 20 23 19 7 9 22 26 39 38 29 18 19 20 19 20 22 28 22 7 10 20 6 13 10 6 16 22 24 17 42 98 139 175 199 202 163 109 67 41 11 20 12 13 19 7 23 31 38 44 36 24 26 
12 6 19 33 26 19 36 32 19 12 20 39 25 16 9 12 13 12 19 26 19 19 10 14 14 17 19 20 27 24 14 19 28 24 28 26 17 17 24 32 19 34 91 135 171 195 204 162 103 58 37 10 16 10 21 26 22 18 26 35 41 37 31 29 
14 8 15 20 23 15 27 24 15 7 22 36 26 16 15 25 24 30 39 46 42 38 27 19 20 27 24 22 32 26 23 23 24 19 22 28 24 28 26 34 20 33 89 128 164 190 197 163 110 58 41 21 17 8 20 13 13 23 31 37 41 37 34 33 
24 20 26 32 36 34 37 31 28 26 35 43 31 24 21 26 18 9 19 26 31 27 31 21 26 32 31 24 24 12 17 22 26 16 12 13 22 27 30 30 21 31 83 123 159 184 194 162 112 61 39 16 19 15 22 11 10 17 27 33 32 26 21 16 
40 31 25 17 12 28 14 9 18 16 28 27 15 10 12 22 20 18 21 16 18 8 20 10 18 32 29 27 22 17 22 19 19 7 13 22 26 22 26 21 23 44 89 130 158 179 189 154 110 72 43 25 32 40 40 27 22 16 20 27 25 27 32 31 
46 39 28 9 12 36 20 15 19 19 26 30 26 29 26 25 17 15 10 13 22 15 23 19 21 29 24 21 13 16 26 34 33 34 31 24 21 20 22 15 32 51 98 140 159 173 187 142 97 76 48 27 29 30 29 16 8 4 15 23 17 16 22 23 
62 50 40 22 20 36 17 13 13 3 23 20 10 13 16 19 13 13 4 14 22 12 20 23 24 29 26 26 24 29 32 34 31 19 12 7 24 24 22 18 42 78 124 153 172 186 185 135 91 73 42 19 24 23 25 26 27 22 22 23 15 19 27 38 
53 47 36 21 20 27 12 6 10 7 26 25 17 12 5 4 10 15 13 20 26 20 12 7 11 22 24 17 16 31 38 43 43 38 26 23 37 32 27 27 56 100 142 178 189 193 189 131 81 61 32 16 16 20 24 21 24 12 25 24 14 20 31 41 
53 43 32 26 11 19 13 7 12 22 31 35 24 22 17 19 22 23 23 24 24 22 16 6 8 20 23 6 20 32 36 36 29 18 9 15 34 34 30 36 69 121 166 190 196 185 166 111 67 44 24 13 16 12 22 18 22 12 24 24 8 8 15 15 
49 34 29 19 14 8 24 19 15 15 18 28 22 20 12 10 22 20 24 20 19 17 20 12 15 17 31 12 19 29 32 36 29 24 17 15 34 36 20 42 84 141 176 201 194 164 138 90 49 26 15 18 20 26 31 23 19 13 24 24 8 13 24 19 
40 33 22 15 21 14 27 29 27 34 14 19 6 10 5 13 24 18 20 17 16 19 25 24 29 19 31 26 25 29 19 17 2 4 19 22 40 31 22 60 107 163 194 201 189 157 117 76 49 19 10 13 11 14 15 8 13 19 23 25 9 14 26 25 
29 26 22 20 32 26 26 27 30 34 13 9 7 15 13 22 22 21 17 12 9 10 24 31 41 23 24 28 22 21 15 5 6 7 20 29 39 24 34 74 111 165 188 191 178 144 104 68 43 21 12 6 6 18 17 12 15 20 18 27 12 11 21 21 
31 24 22 13 17 18 13 18 31 31 14 9 12 19 13 27 29 24 27 13 6 8 23 32 44 31 18 31 26 22 22 13 15 20 20 36 43 32 60 90 121 171 186 175 154 122 70 33 27 13 18 18 22 27 24 20 8 11 19 30 25 17 13 12 
26 22 20 15 18 21 19 19 39 24 15 13 12 34 17 26 29 29 36 19 19 19 31 42 45 29 18 29 26 19 29 20 8 10 12 36 44 48 79 104 130 165 173 161 140 106 53 17 19 24 31 32 38 34 39 32 24 24 22 31 27 15 6 10 
35 34 36 27 20 23 26 35 48 36 27 23 19 40 22 23 24 24 31 23 29 35 38 39 30 26 15 23 21 17 36 26 14 12 10 32 32 43 71 92 123 154 159 145 122 95 48 22 26 28 35 42 42 29 19 10 27 34 22 25 17 8 15 11 
57 52 48 39 23 23 24 33 46 24 15 15 17 43 22 24 27 17 27 27 29 31 29 19 12 18 15 22 24 19 33 19 20 13 15 28 26 58 81 105 137 158 159 141 110 81 45 22 27 34 38 44 46 38 31 20 23 31 15 21 12 10 23 21 
20 19 29 31 26 26 27 33 44 20 14 13 21 43 29 22 26 16 27 36 34 31 18 7 12 22 21 27 32 39 41 15 23 12 10 29 30 76 95 137 181 194 180 152 102 55 37 28 36 31 24 28 32 29 22 19 16 20 17 20 17 13 17 15 
32 28 21 20 27 28 32 39 47 35 32 32 33 46 37 27 30 19 13 14 17 25 15 22 24 29 17 10 19 32 22 12 20 12 20 29 51 89 114 163 202 190 170 132 72 27 27 23 28 19 13 13 20 21 17 12 8 21 29 29 23 17 11 6 
43 36 19 25 34 25 26 22 39 32 6 6 11 34 38 25 24 19 21 19 31 46 46 48 38 34 19 13 20 43 21 19 15 33 42 48 70 107 141 197 225 201 167 117 54 26 16 10 13 12 17 13 5 11 11 10 16 26 22 19 15 15 19 24 
45 43 27 28 31 24 21 15 34 44 27 22 11 27 34 20 24 22 16 15 32 46 43 36 37 33 23 21 22 46 17 15 15 24 32 50 95 140 185 238 252 210 163 103 46 29 10 10 14 26 31 27 20 13 15 12 11 22 17 15 17 12 17 16 
55 54 41 31 19 18 21 15 16 31 24 24 21 27 31 19 22 14 18 19 36 43 32 20 24 20 24 26 21 38 15 13 17 29 26 65 123 176 218 247 234 175 118 59 37 34 17 11 10 29 28 29 24 19 14 15 16 6 15 20 29 21 19 19 
28 33 18 10 7 19 28 24 15 15 26 31 36 34 32 27 22 11 19 32 42 41 22 12 13 15 15 20 5 26 27 18 24 41 64 104 155 202 235 232 196 135 85 51 51 39 29 22 10 19 23 27 27 21 10 10 19 12 20 27 32 31 26 20 
20 29 14 17 20 28 19 17 32 32 39 42 36 28 26 22 20 24 26 27 30 16 5 8 3 11 19 24 14 12 22 27 40 62 100 131 171 215 235 213 168 111 54 29 25 20 26 40 13 9 19 27 26 26 15 11 20 17 20 26 25 26 26 26 
17 20 13 12 24 20 11 21 38 15 15 20 19 19 22 23 33 34 25 15 14 19 20 17 8 17 21 29 27 20 22 48 67 98 145 166 187 213 210 164 111 56 27 24 23 15 31 44 12 3 17 25 29 22 17 11 13 20 24 32 33 32 30 29 
11 16 21 11 17 10 8 26 34 17 12 10 7 13 23 27 39 32 16 10 15 24 22 22 20 26 21 33 34 30 34 67 102 147 194 208 206 207 176 115 53 24 25 19 17 16 34 41 7 13 9 6 8 12 19 12 12 9 9 15 15 24 28 32 
29 36 46 33 24 6 27 40 33 23 20 15 16 13 25 30 43 30 20 12 15 17 16 15 22 26 29 41 36 37 67 108 149 196 225 213 189 165 120 70 23 28 31 31 35 24 24 23 19 28 22 21 12 9 20 8 12 13 14 8 13 19 29 36 
19 15 17 25 15 18 41 35 26 22 17 6 12 19 22 28 39 24 16 6 8 9 9 10 16 24 24 34 40 67 105 143 182 219 221 190 151 117 69 43 15 34 31 26 26 8 10 12 22 24 24 23 17 11 24 12 19 17 17 9 3 11 17 26 
33 38 38 39 31 30 51 27 26 17 11 7 5 21 20 37 35 24 20 15 13 4 15 9 10 10 22 42 70 113 151 181 206 228 204 159 123 90 43 31 24 34 24 15 24 19 19 17 15 28 32 40 40 38 34 22 22 10 8 6 6 12 20 29 
17 26 31 39 26 27 45 17 23 15 14 23 17 26 17 31 27 29 32 29 20 18 19 11 9 17 39 59 97 143 171 192 213 223 178 124 89 55 18 24 21 20 21 18 27 24 22 24 15 22 24 29 29 25 29 22 20 16 13 12 15 17 22 28 
43 46 47 34 28 24 34 12 21 24 28 34 22 19 23 36 39 38 37 25 19 21 26 17 19 32 60 90 133 180 201 209 213 202 140 86 53 36 20 21 16 10 22 5 17 14 8 28 12 19 5 20 25 23 27 19 4 17 21 24 24 24 23 33 
52 56 58 44 41 26 24 10 26 41 48 47 36 25 34 38 42 41 36 25 27 34 43 46 57 75 105 138 180 225 228 219 201 163 97 58 39 26 15 13 20 26 34 24 22 18 10 31 11 23 8 15 18 14 19 16 6 19 24 24 22 24 17 20 
16 19 21 12 14 9 10 6 26 52 52 48 32 18 35 34 37 37 22 14 17 41 55 65 90 116 147 170 199 222 203 176 150 110 62 40 35 26 19 17 15 13 19 7 10 28 19 30 12 25 17 13 18 13 14 13 13 17 25 26 21 24 12 12 
29 28 27 17 10 9 11 5 32 57 55 40 26 19 40 26 24 18 13 30 47 69 84 97 120 150 170 183 199 196 161 130 109 67 32 27 27 19 21 17 17 13 12 6 10 28 20 27 10 26 18 27 31 31 28 27 26 21 24 21 18 13 8 9 
19 13 14 16 14 14 12 7 36 54 36 28 17 23 44 15 22 32 53 80 100 115 126 132 156 175 187 192 192 176 127 96 78 39 13 17 13 21 29 31 35 26 14 3 10 23 18 20 12 23 17 21 20 22 19 21 26 17 15 11 7 7 3 2 
46 40 29 34 26 17 18 17 35 55 32 25 23 17 34 19 45 67 95 122 142 157 162 174 192 202 199 189 168 134 79 54 55 24 13 13 3 10 20 24 34 34 32 22 13 13 6 12 4 15 8 19 24 27 26 25 28 24 24 19 19 10 6 8 
51 41 29 41 28 24 21 29 45 52 35 35 35 27 42 58 94 123 149 168 181 182 182 187 194 189 169 141 101 72 34 23 50 27 19 14 10 3 15 19 20 19 31 23 16 13 13 14 24 27 27 30 28 21 20 20 29 31 34 31 23 16 13 20 
29 29 19 36 17 36 34 49 60 64 59 60 72 78 95 125 150 178 192 200 205 199 184 184 173 150 120 90 61 44 21 21 44 21 15 13 16 14 19 27 22 8 26 18 15 17 18 19 15 7 2 7 8 10 16 24 31 39 49 45 32 20 13 16 
34 38 33 43 50 67 72 89 101 107 112 131 139 147 156 171 181 200 195 198 194 185 160 154 128 96 69 56 52 41 28 24 38 17 5 15 15 10 11 18 15 21 32 22 19 26 22 31 17 10 10 19 8 9 20 32 45 50 57 50 40 25 15 14 
90 89 88 92 97 100 109 121 138 152 168 190 194 192 201 206 209 212 195 182 171 153 131 124 98 64 48 37 46 29 22 16 29 22 28 35 26 21 8 21 32 41 42 32 26 28 26 39 24 15 8 26 10 9 17 21 34 48 53 51 43 32 20 17 
124 129 133 138 147 149 151 157 175 184 210 230 230 229 232 220 208 194 166 142 129 119 101 99 76 45 32 33 49 34 20 19 26 24 31 29 20 31 13 17 28 34 34 17 15 20 17 36 27 24 19 30 21 26 29 38 39 46 52 48 40 34 30 22 
163 164 164 168 178 180 190 195 201 203 222 235 227 224 215 185 149 124 87 75 76 73 62 62 41 9 20 27 48 36 15 12 26 34 43 35 20 32 24 22 32 26 24 15 15 5 9 22 21 17 20 29 20 18 22 24 35 42 48 45 40 32 31 27 
190 186 183 183 180 180 189 189 181 175 182 184 164 161 150 128 99 80 52 41 43 36 32 45 31 11 24 29 42 38 17 7 16 29 36 35 21 28 30 28 36 27 12 13 19 11 13 12 5 8 7 19 15 14 13 22 22 34 39 29 29 22 24 29 
155 158 163 164 163 168 170 164 154 140 138 131 105 95 87 72 65 46 32 26 29 27 36 54 52 41 33 24 36 43 18 12 13 26 29 30 26 29 27 34 43 22 7 6 28 30 19 9 5 8 7 13 15 19 19 29 29 34 31 20 19 20 28 39 
88 96 104 109 121 124 131 129 124 104 92 81 62 50 43 36 37 15 5 5 14 10 20 49 31 6 7 22 45 49 24 23 23 32 44 42 45 31 21 29 34 17 10 10 34 38 20 24 13 10 13 6 10 15 11 17 21 34 29 26 30 39 45 52 
32 38 45 45 58 50 54 58 60 50 39 36 28 22 13 10 27 18 17 13 7 20 37 63 60 50 41 36 45 43 16 16 18 19 26 22 16 13 12 32 34 11 10 8 39 39 12 18 7 12 10 12 12 19 13 13 4 34 26 26 26 23 32 23 
17 18 26 20 45 25 19 23 31 35 11 24 16 22 26 25 34 43 47 39 27 21 11 37 32 32 38 40 45 31 16 28 27 34 39 35 27 20 8 38 33 12 10 17 41 43 28 29 16 13 8 14 15 22 21 23 14 27 17 24 12 10 30 22 
36 35 32 21 36 19 15 9 19 32 29 46 39 37 38 27 25 20 23 34 37 24 10 31 24 22 29 30 37 25 26 31 31 34 41 28 20 10 10 48 32 11 18 20 45 39 28 23 13 7 12 23 20 20 22 34 26 24 15 17 12 20 34 36 
32 29 24 22 32 32 36 35 19 21 31 47 36 29 31 15 24 23 27 44 45 29 20 36 33 29 22 15 23 17 41 34 21 26 37 13 22 5 15 52 25 13 19 28 43 40 31 20 13 19 30 37 31 29 23 45 34 19 9 14 26 37 38 47 
19 17 12 26 19 24 30 20 24 19 29 46 15 6 20 23 40 29 26 39 40 17 6 21 22 15 19 18 24 31 49 36 30 30 42 24 20 12 25 52 23 20 26 40 48 43 36 26 16 13 26 19 15 11 15 48 45 22 17 21 32 44 29 36 
29 28 23 29 20 27 32 22 29 26 27 38 10 13 29 36 48 39 32 41 31 11 20 22 17 13 23 19 10 10 35 17 24 24 39 32 24 17 28 50 29 31 39 45 51 43 39 23 19 17 26 9 17 8 8 43 38 24 20 21 26 36 16 22 
43 41 26 26 7 29 25 17 36 26 12 22 11 26 34 44 53 43 38 36 22 13 17 22 28 26 32 19 15 10 24 23 36 36 45 37 33 17 26 41 22 28 31 34 31 32 32 26 23 29 30 21 24 19 22 38 20 17 12 16 17 29 39 49 
52 46 33 27 18 34 23 17 32 17 3 15 10 19 23 30 37 25 15 19 27 31 31 26 22 16 16 12 18 15 15 26 41 38 47 38 34 27 22 39 23 22 23 27 18 19 22 24 20 34 27 29 30 24 26 37 12 13 14 20 20 29 35 35 
48 35 20 20 20 38 20 11 24 19 22 22 24 27 23 27 27 19 15 18 26 30 33 26 24 13 13 12 20 17 9 26 29 13 24 24 41 27 25 36 25 19 23 20 13 13 15 22 24 39 25 34 27 12 11 17 14 12 17 21 17 20 19 12 
34 25 8 26 34 37 26 8 13 21 27 24 21 15 13 19 16 10 6 12 13 5 13 15 23 11 4 21 24 25 9 21 37 31 27 20 39 24 24 29 22 17 21 17 17 18 13 19 15 32 21 33 22 6 10 15 12 8 22 19 13 21 20 22 
12 12 18 30 36 32 19 10 15 21 18 25 24 26 24 30 19 14 5 15 21 11 10 10 12 8 19 25 24 27 17 8 22 26 20 8 29 25 43 39 31 22 29 16 10 15 11 21 5 22 12 27 21 10 6 15 7 8 18 13 12 19 16 16 
12 17 29 33 34 21 16 11 8 20 13 27 26 15 17 23 13 11 10 21 31 15 6 4 9 14 27 14 10 24 22 11 15 17 20 16 22 22 35 19 11 4 30 24 22 23 26 29 19 12 12 14 13 13 20 31 23 17 25 21 22 26 24 32 
11 13 29 26 27 13 11 7 12 13 11 25 26 26 29 25 13 15 12 22 24 12 15 12 12 12 24 12 13 19 23 24 28 27 31 30 24 35 39 27 15 15 38 34 22 22 20 15 25 22 24 14 12 24 36 32 28 13 25 17 18 19 8 13 
13 11 24 16 21 9 16 15 17 13 14 15 25 17 26 21 27 26 17 17 18 20 29 22 27 26 30 21 24 22 26 36 27 24 37 38 37 43 44 34 20 16 35 43 27 22 13 12 39 44 34 26 9 27 36 20 21 19 30 16 15 27 17 27 
10 8 20 12 24 10 4 8 9 13 20 8 29 25 36 32 32 35 22 19 15 23 29 13 24 28 34 24 29 24 29 42 28 15 38 46 46 53 47 41 24 17 38 46 26 29 20 13 47 46 36 26 4 37 45 23 13 14 41 22 17 36 18 23 

48 41 41 33 19 14 25 32 25 16 17 26 38 32 20 8 13 20 15 13 32 20 19 24 13 34 23 4 27 32 32 22 19 24 24 24 19 31 51 22 42 85 147 189 213 210 162 109 74 34 38 23 17 7 12 19 22 17 25 36 20 20 24 24 
42 39 36 32 19 24 29 27 17 12 14 26 34 24 21 14 19 21 11 10 27 15 16 19 10 32 22 3 24 27 31 24 24 26 30 33 28 29 42 18 46 91 145 190 213 203 160 110 74 31 27 13 8 12 11 19 20 18 27 39 26 30 27 24 
32 26 20 20 16 31 34 32 20 20 24 29 37 28 29 22 28 30 30 29 32 20 12 19 10 33 27 22 9 15 27 15 10 7 14 21 29 26 28 15 45 88 145 188 204 199 163 112 72 39 28 13 16 15 15 17 20 22 32 46 41 41 37 33 
19 15 17 26 27 32 34 26 22 23 25 32 30 27 26 17 15 13 5 7 17 9 11 24 15 32 32 38 32 22 19 6 12 13 29 29 36 28 17 19 51 100 154 188 201 201 168 112 71 39 21 16 17 18 17 17 21 24 32 40 41 44 39 38 
15 13 10 24 24 24 27 21 17 20 22 27 19 18 22 20 19 15 8 6 15 12 15 19 15 15 24 22 36 24 20 10 17 24 34 32 31 19 11 26 55 104 161 190 197 199 168 111 64 39 17 23 24 17 16 13 12 24 27 36 45 41 39 39 
13 6 11 19 13 15 22 31 15 19 12 16 8 8 14 16 22 22 26 31 29 24 20 20 19 13 22 23 39 31 27 19 20 11 22 15 16 15 20 34 60 107 163 196 201 194 163 110 62 38 26 20 30 19 26 16 6 24 24 29 39 41 33 36 
17 8 10 22 15 9 21 29 13 11 17 25 19 6 4 16 17 21 21 22 10 15 12 17 12 9 22 27 49 36 32 28 25 24 27 29 24 18 22 38 55 95 157 191 197 189 164 111 57 31 12 6 24 22 32 29 21 24 18 22 37 30 27 31 
19 17 15 17 15 16 19 26 10 2 12 24 19 11 9 19 26 32 45 43 40 32 25 23 20 15 23 20 41 39 41 32 31 24 29 30 31 29 22 43 58 92 154 185 192 185 157 111 58 28 31 24 31 10 21 17 16 27 27 26 41 33 36 41 
24 27 29 27 28 24 26 29 28 23 29 41 34 27 23 13 11 10 15 25 27 31 31 24 21 22 26 20 24 13 15 16 19 15 22 24 29 32 24 39 57 83 142 178 181 170 153 112 59 29 24 11 24 15 15 17 6 19 15 24 30 17 20 23 
38 38 34 20 13 19 13 9 20 10 23 29 21 15 12 21 16 20 23 19 19 17 19 8 5 15 22 8 12 1 5 11 12 13 19 27 34 27 20 31 60 88 142 175 172 160 145 104 60 36 30 19 32 39 38 29 19 12 13 28 25 24 34 41 
20 27 27 6 17 35 20 13 20 8 24 22 16 20 22 19 15 10 10 13 24 21 19 13 12 17 22 6 10 20 24 30 34 34 31 29 27 27 12 28 63 88 142 171 157 145 141 93 52 46 45 28 31 29 26 29 19 6 13 26 15 12 18 26 
36 39 30 19 28 35 12 10 14 9 27 19 8 12 14 15 10 13 8 25 28 27 27 27 22 21 20 23 23 29 20 24 20 19 6 4 19 20 15 40 78 109 156 174 152 140 137 85 53 52 41 20 22 18 22 26 24 20 20 26 19 14 19 27 
33 31 24 15 22 27 11 10 12 17 27 15 12 13 10 8 11 17 15 24 28 26 26 22 16 20 23 20 27 34 35 38 36 32 23 19 27 29 24 48 91 126 168 184 157 136 133 81 50 45 38 26 22 24 25 29 35 20 29 28 22 17 29 34 
17 17 10 11 16 13 9 10 12 19 35 36 34 34 27 20 19 17 11 20 24 26 29 24 22 22 24 13 20 26 20 26 22 19 16 17 34 31 37 67 110 155 186 187 152 123 110 58 33 35 32 29 29 26 24 18 31 20 28 27 11 6 17 17 
19 17 13 16 10 8 18 16 13 9 11 22 23 27 14 13 13 11 9 13 15 22 24 19 26 26 29 17 20 17 13 15 6 9 14 14 34 25 37 85 132 177 199 190 143 98 90 51 29 27 34 33 35 35 34 20 19 12 27 26 18 17 19 17 
5 3 6 13 10 19 23 22 26 27 14 14 18 19 19 14 17 8 13 15 22 20 24 18 22 22 27 31 28 24 20 18 19 25 28 22 34 20 53 107 154 206 214 185 145 101 72 39 34 26 29 36 31 34 24 15 6 6 22 21 24 24 24 23 
10 8 15 20 25 26 26 22 24 29 16 13 16 19 20 17 21 12 8 15 6 17 22 27 32 16 24 32 29 24 20 24 24 36 35 27 36 15 78 122 167 214 211 176 142 98 71 44 35 20 24 22 22 27 15 15 11 15 24 29 26 28 24 24 
3 6 8 11 15 27 27 30 39 36 22 13 15 26 19 20 26 23 22 15 7 14 24 31 41 26 26 35 31 22 32 32 35 39 36 33 38 46 98 138 173 213 202 162 123 83 39 20 19 16 20 10 7 15 18 23 13 8 12 20 17 19 13 8 
7 11 19 15 21 31 32 34 43 32 20 14 12 34 15 13 19 27 30 18 13 16 34 42 37 27 16 35 29 24 35 38 28 29 24 26 37 64 112 145 173 197 183 143 109 74 32 12 15 12 20 8 17 22 27 29 17 16 15 23 19 16 9 13 
43 40 42 34 29 34 36 39 50 32 27 31 25 45 15 10 10 17 29 24 29 31 34 27 21 23 15 25 25 17 41 36 13 15 11 15 23 62 106 131 158 173 160 126 96 69 31 8 13 13 19 16 27 26 31 22 22 26 6 13 8 5 20 15 
69 60 55 43 35 34 26 32 41 19 15 24 20 48 14 8 21 10 25 24 28 16 20 11 17 30 19 24 22 22 40 34 14 15 9 17 35 85 117 146 168 166 142 111 79 57 34 15 12 20 20 15 23 25 31 27 19 20 13 12 8 17 26 34 
16 18 29 33 32 33 18 27 42 16 11 17 20 45 17 8 22 14 19 32 33 26 15 13 16 29 29 26 34 36 40 19 17 17 10 24 57 109 135 172 193 175 150 117 66 29 36 27 24 17 9 11 11 12 17 20 14 9 15 15 20 22 32 38 
22 25 31 36 34 27 20 36 53 38 39 34 33 46 30 24 30 20 26 25 37 32 21 22 24 25 19 8 20 29 22 4 17 19 23 38 81 125 152 188 197 159 128 90 41 15 24 15 12 16 16 21 13 11 12 16 8 18 30 25 33 36 36 45 
46 42 31 38 38 15 7 27 46 33 17 17 24 41 26 13 24 28 36 34 41 47 43 43 27 24 13 8 20 41 18 13 12 30 38 62 104 146 175 208 206 156 114 74 37 29 15 4 12 25 25 30 24 13 8 10 13 23 15 22 22 28 34 36 
47 53 39 45 33 8 12 20 40 42 26 31 28 39 28 9 27 31 34 26 36 41 33 20 21 20 19 19 19 43 16 12 18 34 39 75 132 176 206 232 213 156 111 62 46 35 10 13 17 37 39 43 38 32 22 15 3 26 26 31 24 16 24 27 
71 69 49 39 23 16 31 20 19 29 19 24 33 35 27 8 21 27 31 27 31 38 27 8 23 13 16 24 19 39 12 13 29 49 56 103 159 197 220 225 184 116 58 15 42 36 13 18 21 34 31 34 34 26 19 13 17 13 19 19 19 16 9 22 
45 52 39 36 24 27 35 31 18 10 22 21 40 39 44 27 27 13 19 26 31 36 15 13 11 4 13 19 9 27 20 18 48 74 104 142 179 209 215 189 135 74 36 46 61 42 27 28 15 24 21 19 20 17 8 9 18 9 11 12 15 20 19 22 
29 39 31 33 32 24 16 13 43 41 50 44 45 39 40 31 20 16 20 24 23 17 11 11 4 9 20 29 15 17 24 35 71 105 137 164 187 199 192 154 103 55 27 33 34 20 26 36 12 10 17 20 23 22 18 13 20 13 8 11 13 10 13 19 
30 28 19 27 26 11 8 24 49 27 26 30 32 32 34 30 27 31 24 19 13 16 17 12 6 20 24 35 27 20 38 65 109 140 171 184 180 177 156 102 52 36 39 38 29 11 29 43 13 5 12 19 22 17 15 6 18 17 19 23 21 21 20 22 
12 20 18 19 19 8 17 25 40 16 10 13 13 12 22 29 40 38 24 25 15 19 23 22 13 25 19 37 30 36 63 103 149 180 202 197 180 154 117 65 24 38 40 26 14 12 32 36 5 14 12 13 6 13 23 13 22 18 20 14 12 13 26 34 
29 33 36 27 16 15 36 41 41 15 8 13 20 13 20 17 40 38 28 29 21 19 21 26 21 31 29 41 41 69 105 145 188 213 209 183 145 107 64 34 5 34 23 21 27 22 24 18 27 32 31 29 20 15 24 11 15 15 15 8 10 12 17 27 
22 18 15 19 10 27 50 36 21 13 11 15 23 25 28 20 38 30 30 30 20 15 15 13 15 30 43 51 76 115 147 176 203 216 183 140 103 62 26 29 16 34 18 19 22 12 12 11 27 22 19 22 20 20 29 10 19 5 4 9 7 6 16 16 
22 24 21 29 24 34 54 22 22 21 16 23 27 36 34 25 29 21 31 31 20 7 20 20 27 41 68 79 114 160 184 199 212 209 152 110 79 47 17 22 19 33 27 20 25 24 19 27 22 26 32 45 45 41 42 17 21 12 19 20 12 9 12 23 
20 20 24 32 24 34 49 12 28 23 26 42 43 48 38 20 6 20 30 31 20 12 24 32 45 65 93 111 141 185 198 201 204 190 126 84 60 30 8 13 11 28 36 32 37 31 22 33 24 29 31 37 31 19 19 16 26 17 20 18 16 7 8 13 
45 46 44 39 26 31 36 2 26 29 39 45 41 45 38 14 9 17 20 19 18 22 38 54 72 97 124 144 171 210 208 198 185 157 91 53 26 18 22 16 12 13 30 16 24 22 26 37 27 32 27 31 27 19 24 15 21 20 25 23 19 11 7 14 
51 52 57 50 42 32 26 10 29 43 52 52 46 49 45 17 10 21 21 33 43 55 74 93 114 142 168 186 206 228 212 185 156 116 55 34 21 14 13 11 18 26 36 24 29 26 23 34 30 38 29 22 17 8 7 6 24 29 29 27 15 13 12 14 
24 28 36 38 36 26 15 19 37 53 55 52 43 43 47 9 12 19 25 41 60 80 101 124 155 181 200 206 204 202 168 135 109 74 30 32 26 15 12 5 3 6 17 9 12 14 26 30 25 40 26 19 17 10 12 17 27 37 38 27 12 8 15 22 
21 25 34 36 35 27 20 27 45 54 52 39 36 40 46 13 29 36 59 79 94 109 126 141 170 190 200 194 183 162 125 97 78 46 22 31 26 8 10 6 12 17 17 18 13 13 22 25 28 33 24 24 27 27 27 29 38 39 34 21 10 11 24 29 
9 8 20 29 30 22 20 24 47 55 41 29 27 37 50 36 56 71 104 126 141 155 158 161 179 189 190 178 161 135 87 64 62 41 27 29 12 6 22 24 24 20 18 17 14 12 15 22 19 31 23 22 15 19 23 29 35 35 25 15 10 15 26 32 
36 27 23 33 36 29 36 37 55 55 36 31 32 37 52 65 91 111 144 165 183 186 187 186 196 192 181 160 129 96 55 39 46 34 27 24 12 8 15 24 33 32 39 29 24 13 12 13 17 18 15 17 22 29 31 36 38 32 27 12 10 17 24 33 
46 35 25 42 38 46 54 58 70 64 50 50 53 58 83 109 141 164 188 196 202 192 181 179 176 159 135 107 74 49 30 24 41 24 15 17 21 14 9 9 17 13 24 24 25 23 19 20 26 29 30 28 26 30 32 39 36 31 20 12 11 14 23 27 
38 35 39 56 61 78 84 89 93 89 88 92 103 116 138 160 180 194 197 196 189 175 153 144 127 93 67 51 43 28 19 19 39 25 19 27 29 26 13 17 17 6 22 15 12 13 10 12 17 9 8 13 19 25 34 35 34 31 24 24 23 19 19 19 
86 85 92 104 114 126 134 139 143 145 154 170 178 186 189 194 192 194 178 170 159 142 116 106 78 45 26 27 37 20 17 17 34 19 17 24 26 20 10 12 10 15 26 13 19 22 19 27 16 10 6 19 22 29 29 36 36 35 20 28 26 24 21 16 
142 144 149 159 164 168 168 173 176 186 197 216 212 208 198 196 183 177 154 140 125 107 87 80 56 36 27 26 37 16 19 20 34 27 38 40 32 26 12 12 25 32 35 29 31 34 31 38 19 17 3 19 20 19 23 20 10 15 17 24 26 27 22 20 
170 178 185 195 204 201 198 200 198 201 213 226 209 199 185 168 143 131 100 85 73 67 53 55 42 31 29 34 43 29 26 27 33 24 32 29 24 27 14 17 26 30 34 31 38 39 41 43 33 27 19 25 23 27 29 32 23 27 28 24 26 26 29 24 
181 185 192 199 202 201 208 208 206 199 204 206 182 169 150 119 79 57 30 26 32 29 27 33 20 20 24 32 45 32 25 29 27 28 32 26 13 26 19 20 27 22 27 31 37 35 34 36 26 24 19 19 19 16 22 31 29 37 41 32 31 27 24 19 
170 174 176 176 171 171 176 175 167 158 152 148 114 98 85 68 53 34 25 19 25 13 20 31 22 21 31 37 44 43 24 24 17 17 24 22 11 19 20 29 35 26 20 18 31 23 19 19 14 13 13 19 14 13 26 31 31 39 42 31 35 34 39 37 
109 114 117 120 123 123 131 130 125 115 108 98 69 45 34 37 41 19 18 12 24 16 29 46 42 44 39 40 37 32 19 19 20 20 19 19 15 19 25 33 29 12 13 6 29 22 9 6 11 13 17 22 20 27 37 45 47 48 43 33 38 37 42 50 
39 43 52 57 71 74 89 95 95 81 68 59 38 26 10 24 32 6 11 12 20 10 23 41 24 15 20 39 39 43 27 30 34 40 45 39 38 26 19 33 28 10 13 12 37 34 22 19 6 9 11 6 12 18 26 36 46 54 42 36 40 43 50 53 
16 17 19 13 36 18 31 38 52 45 29 31 30 25 13 17 29 24 32 25 15 15 34 59 53 51 42 41 35 36 17 10 19 30 34 28 19 10 5 38 28 10 13 10 39 33 14 12 10 16 9 6 15 17 10 3 21 46 39 38 42 46 49 49 
28 29 25 24 39 15 8 19 36 36 15 16 15 20 18 27 41 48 56 46 31 20 13 40 33 40 38 43 36 26 6 19 22 24 35 26 20 20 8 43 26 11 11 3 41 28 20 16 12 21 8 10 26 31 29 24 7 45 34 38 40 41 52 46 
30 32 33 22 35 19 10 16 24 32 17 36 32 39 38 29 21 17 14 27 36 32 12 22 17 22 26 28 29 20 9 15 20 25 36 24 16 11 12 50 27 15 11 10 39 17 15 10 8 19 12 24 36 41 43 39 22 39 28 29 38 41 54 53 
26 27 22 12 25 19 28 32 21 21 19 42 31 30 35 13 17 15 22 39 43 31 19 29 24 20 16 14 21 18 30 23 14 15 36 14 18 7 8 53 26 18 9 19 38 22 19 16 13 20 34 43 52 53 57 60 38 37 26 27 44 49 53 55 
21 20 20 22 15 14 24 14 15 8 27 52 29 19 24 10 31 31 29 45 39 22 12 13 18 6 13 20 22 30 43 30 24 18 31 17 15 11 13 45 26 26 31 31 38 19 24 12 15 13 29 29 39 37 45 61 48 37 29 26 40 37 20 21 
30 29 24 38 21 19 27 9 22 14 29 45 27 17 26 22 43 45 40 48 29 15 24 32 26 17 19 20 16 16 30 12 20 7 24 18 19 19 18 48 39 45 45 41 37 22 22 8 8 13 26 19 28 23 29 49 39 30 20 26 30 32 20 24 
7 12 12 36 22 20 19 12 31 21 21 35 21 24 31 40 57 58 51 48 26 15 21 32 31 26 22 24 18 13 27 17 34 23 31 27 27 30 9 31 30 36 35 31 17 15 24 10 13 21 25 10 24 6 10 35 13 26 20 27 26 24 32 38 
10 17 22 41 29 27 16 4 33 19 16 23 15 8 13 24 40 45 39 33 29 32 26 20 6 11 15 17 18 11 17 24 45 31 38 27 32 39 5 31 31 35 36 25 13 10 18 11 12 26 17 12 25 16 26 32 13 22 22 31 32 38 43 41 
6 6 15 34 15 23 5 8 35 10 10 13 9 13 20 26 31 34 29 29 30 31 24 17 13 12 16 13 13 13 13 22 34 6 19 18 39 42 5 30 34 36 38 28 17 11 13 8 14 26 12 23 27 19 19 22 20 23 27 38 43 39 34 27 
12 12 16 25 8 24 12 13 26 13 22 26 13 9 15 19 13 14 17 19 23 14 12 6 22 21 17 20 15 25 17 22 39 33 34 22 37 38 12 27 37 40 42 26 24 15 6 14 13 29 13 24 24 16 17 21 18 19 28 33 34 30 22 17 
20 20 24 23 20 27 13 17 23 20 20 24 19 17 22 29 12 5 6 15 26 10 3 7 22 28 26 20 16 30 25 4 28 31 31 22 26 17 27 42 48 45 45 30 26 16 19 22 6 20 15 26 25 17 14 20 17 16 21 27 30 28 17 17 
25 24 31 24 31 18 7 12 17 19 16 26 19 6 25 26 14 6 10 16 26 5 13 19 24 26 22 14 15 27 29 15 20 28 28 25 23 10 26 30 39 34 49 31 27 29 24 31 15 8 22 15 10 14 22 30 28 16 24 24 25 26 26 27 
20 19 33 20 34 19 13 12 16 20 19 27 27 26 29 19 8 7 9 13 20 16 23 20 16 19 18 9 18 20 29 33 31 33 33 30 27 31 36 38 43 43 53 38 26 23 10 26 26 24 20 8 6 27 40 32 27 10 18 17 22 24 13 20 
19 17 25 11 27 13 15 17 13 12 14 14 23 4 24 17 28 24 19 12 18 29 35 31 22 26 20 14 19 16 25 38 30 20 29 34 36 43 43 39 37 34 49 34 19 13 10 25 42 38 20 23 6 32 45 27 28 17 31 22 12 26 19 24 
19 14 21 5 28 12 7 5 4 12 22 8 32 22 31 29 33 25 24 11 16 33 37 25 24 27 21 19 23 20 29 44 29 2 25 36 42 51 43 40 34 29 45 33 8 11 11 30 48 43 17 29 13 45 48 29 23 13 38 24 11 32 26 31 

30 24 37 28 21 38 34 41 39 41 34 19 24 19 22 22 29 26 11 7 27 5 5 22 22 44 23 12 29 24 27 11 15 19 19 22 19 26 41 36 89 156 211 232 232 194 118 67 52 30 44 31 33 31 26 15 15 23 34 48 27 32 36 34 
22 17 26 24 25 42 38 36 34 36 31 19 20 15 17 19 32 31 23 16 23 5 8 22 22 41 22 16 24 24 30 17 18 22 27 31 27 24 36 32 91 154 204 230 231 190 119 72 50 26 41 26 26 29 22 13 18 23 34 46 29 32 34 30 
8 5 23 33 35 44 34 33 34 39 32 22 22 8 19 11 27 27 21 24 25 12 18 27 26 43 34 24 10 22 35 20 18 22 21 26 20 22 19 36 90 149 198 222 217 185 124 73 51 30 43 28 27 26 16 11 16 24 30 35 31 32 32 33 
17 20 29 43 35 34 28 24 25 35 27 21 18 12 20 17 27 24 12 12 17 13 16 32 22 37 31 27 24 13 25 20 24 29 38 32 28 21 12 41 93 149 197 213 204 177 122 70 44 32 39 28 18 18 14 16 23 20 24 27 29 31 37 40 
29 29 29 38 32 31 31 29 23 27 19 20 22 15 20 18 20 22 11 15 17 18 17 30 22 25 12 13 29 4 21 20 31 41 47 42 29 17 18 57 100 150 197 208 189 164 117 62 31 23 32 29 27 12 21 22 17 27 13 12 23 26 31 37 
26 24 24 33 22 26 29 34 12 17 12 20 22 12 13 15 20 25 17 21 15 17 13 21 16 22 10 19 39 18 28 26 23 29 34 22 9 11 26 67 106 151 195 202 178 149 105 55 31 34 32 34 34 19 34 33 22 31 10 6 27 27 34 41 
27 20 12 20 4 17 15 28 11 10 17 21 22 18 8 8 8 16 24 28 15 12 5 14 5 10 10 26 43 17 12 4 7 17 27 24 15 13 28 75 112 145 189 200 172 138 104 61 26 26 12 12 38 34 52 45 31 34 13 11 32 26 34 41 
24 25 24 23 25 24 19 27 23 11 6 12 16 16 15 7 15 27 39 47 35 24 23 20 26 24 27 17 39 34 32 26 13 8 19 14 17 21 35 81 117 146 187 195 169 132 101 67 23 20 26 34 48 34 45 44 32 40 21 24 45 38 43 54 
27 30 29 26 26 23 25 34 33 26 26 27 29 21 19 8 5 13 22 33 31 33 33 31 31 23 29 12 18 21 16 14 11 6 13 10 13 25 34 85 117 142 178 190 162 131 105 76 35 17 22 16 34 23 29 41 28 34 17 21 38 27 33 45 
45 48 43 25 20 21 15 18 29 13 20 24 24 21 17 17 16 24 31 24 20 14 15 15 19 20 27 12 6 15 15 19 19 22 20 27 29 38 41 88 124 143 180 189 158 126 109 75 43 33 35 24 33 37 42 47 33 30 23 34 37 25 34 39 
25 38 34 14 23 31 14 17 22 17 25 19 2 5 15 16 5 14 18 22 14 12 7 11 12 19 24 12 19 25 27 29 31 32 28 24 27 30 45 87 122 140 174 185 145 122 112 77 48 46 49 39 34 31 36 46 32 26 25 36 28 17 21 24 
41 45 41 26 36 36 8 4 17 21 34 17 5 8 13 11 2 15 17 20 16 16 12 10 5 14 24 19 26 22 14 7 8 22 10 10 12 29 46 95 128 151 186 183 138 118 111 68 50 55 53 32 22 13 22 39 27 20 25 33 29 16 12 17 
43 39 31 22 28 20 6 6 8 19 21 8 9 9 9 12 13 20 21 25 18 17 22 17 18 16 25 21 29 32 19 17 12 24 14 13 18 27 49 98 137 163 190 188 139 111 112 63 39 49 49 33 28 24 28 37 38 22 29 36 30 21 23 29 
13 16 18 13 17 12 5 8 13 24 35 37 39 36 26 18 14 15 9 17 21 26 28 25 24 19 19 9 21 21 10 13 13 27 17 20 28 36 65 112 150 182 201 185 129 99 91 43 28 41 39 31 26 30 29 29 39 19 26 25 20 11 16 20 
16 19 22 20 8 7 12 14 14 17 13 18 20 17 15 3 11 10 8 9 18 17 26 24 36 24 23 16 27 29 24 19 19 29 20 20 26 34 80 128 169 206 207 174 124 84 72 37 28 35 32 27 30 35 38 24 33 18 26 20 14 9 13 18 
18 15 16 13 6 10 15 19 20 30 20 17 16 15 22 10 19 12 16 19 15 18 21 22 34 27 30 36 41 45 42 30 27 32 22 12 24 45 110 159 197 230 209 164 117 77 63 36 30 29 23 30 32 38 36 27 19 8 13 8 12 13 13 15 
7 6 10 19 18 16 15 6 12 31 21 22 15 10 21 10 24 16 12 15 5 20 19 22 35 24 27 41 49 46 40 34 27 37 24 17 22 60 138 176 215 235 202 150 112 74 55 39 29 21 22 27 32 34 32 27 19 20 20 18 13 17 18 24 
12 5 6 10 10 14 15 15 16 27 22 19 16 16 20 17 30 27 25 19 8 22 19 26 38 26 18 38 41 35 35 31 29 36 32 25 41 91 162 195 216 231 189 129 91 60 31 24 23 24 31 24 18 14 12 35 21 26 15 15 8 11 6 12 
8 10 17 22 24 22 27 23 19 19 24 25 19 28 19 18 22 26 27 21 16 19 29 27 27 17 6 34 36 30 32 39 30 32 35 34 58 116 173 203 215 213 170 118 83 55 32 24 27 26 29 12 12 9 12 23 13 23 19 24 20 12 12 8 
45 39 38 37 31 27 27 29 26 25 31 31 31 36 15 14 13 14 23 22 24 22 23 15 26 31 20 25 31 19 33 45 24 28 26 26 62 121 172 196 202 185 150 105 70 55 34 24 27 31 31 13 17 22 30 31 15 24 8 11 6 8 17 15 
65 56 46 34 26 29 23 26 24 15 19 28 20 43 10 10 22 6 18 17 12 8 21 26 32 36 29 26 31 25 45 44 20 19 24 41 81 140 178 198 190 161 124 90 52 39 37 28 24 33 29 16 11 17 31 34 22 15 11 10 13 15 26 34 
21 22 22 19 26 34 23 26 32 13 22 28 24 45 10 5 16 7 6 9 19 19 27 31 30 38 35 29 36 37 40 31 14 19 31 60 109 161 187 206 191 150 115 81 36 17 34 31 29 24 12 16 15 14 25 32 24 13 16 9 24 21 27 36 
18 24 21 26 31 27 22 31 45 34 41 38 32 47 20 15 22 17 14 11 27 30 20 29 27 31 27 9 24 24 24 15 14 27 45 79 124 171 185 197 177 126 90 61 28 11 23 12 12 17 10 11 7 9 19 25 22 24 26 26 32 23 29 34 
43 37 22 34 39 24 11 23 43 28 28 27 34 48 24 12 10 11 19 19 30 35 29 32 18 20 24 14 22 34 20 8 19 35 58 95 143 182 190 195 166 109 76 50 43 34 24 13 11 26 23 14 16 16 17 14 17 24 15 24 17 16 29 29 
36 42 32 40 33 15 19 22 35 30 22 26 33 43 26 19 13 12 10 6 19 34 24 15 14 15 18 19 20 37 14 10 33 48 73 114 163 192 196 193 157 102 74 51 52 43 24 19 24 36 35 27 29 29 28 17 6 30 33 39 18 4 31 39 
62 58 33 25 28 29 43 35 24 16 6 19 27 34 26 18 13 10 6 6 16 34 24 10 15 6 17 20 17 34 18 22 50 78 102 143 178 197 193 170 124 65 29 19 45 32 13 25 29 42 35 27 23 20 11 18 21 17 21 24 17 17 17 28 
30 34 5 13 25 29 41 30 25 9 12 19 32 34 32 28 24 15 15 14 17 30 22 17 13 9 9 19 10 30 23 39 79 117 139 170 187 188 169 129 74 28 21 51 60 40 24 26 33 33 38 35 32 26 21 22 29 13 8 8 20 22 20 24 
27 27 6 13 19 12 15 24 51 50 52 45 43 32 29 26 16 19 21 16 17 23 16 5 6 17 21 27 11 27 39 68 116 149 166 180 179 162 140 91 43 19 30 40 40 22 18 34 24 27 32 37 36 36 27 29 29 20 13 9 17 17 20 24 
44 38 20 22 9 8 12 25 55 34 38 35 40 24 18 12 12 21 26 23 16 15 17 7 17 25 31 38 24 38 69 109 163 182 187 184 159 128 100 56 16 34 45 45 35 12 22 36 22 17 24 27 26 22 17 19 23 18 21 20 18 13 13 13 
24 27 21 19 14 20 21 24 41 11 20 12 21 10 13 12 26 24 18 26 15 18 27 26 19 23 16 28 31 74 113 158 199 208 192 172 137 96 65 36 21 43 43 27 17 15 30 32 12 14 22 20 15 13 24 27 32 31 31 24 8 8 29 44 
31 35 38 24 25 32 45 41 37 8 20 11 24 22 20 18 26 19 14 27 22 22 31 27 29 31 34 32 67 124 159 188 221 213 172 140 103 58 28 30 18 38 22 10 22 22 22 13 20 32 31 30 20 8 21 17 23 26 22 17 7 7 23 27 
26 29 33 31 30 39 46 24 13 12 24 11 16 24 34 26 29 12 10 22 13 12 23 29 25 40 69 78 120 170 190 201 216 192 128 91 68 24 13 31 22 39 16 14 12 11 8 12 26 22 18 27 19 18 29 13 20 12 9 17 5 7 24 24 
21 27 29 26 25 36 50 15 16 22 31 27 26 30 33 22 16 12 15 19 13 13 36 43 50 72 109 123 159 204 205 204 198 163 92 65 50 24 19 23 12 36 26 24 19 22 15 24 16 16 22 40 44 41 39 24 33 18 24 27 11 10 15 20 
20 16 16 17 13 36 46 10 30 31 38 39 39 41 40 18 8 13 19 22 29 27 49 65 78 104 141 154 180 209 205 187 171 140 77 45 34 16 19 15 8 31 38 34 31 24 15 28 17 15 27 42 35 25 26 24 43 19 11 9 7 17 10 6 
32 29 23 17 13 36 36 11 29 29 32 29 27 38 44 20 9 18 25 32 49 60 78 97 117 145 173 187 199 213 190 162 143 112 58 32 10 13 25 19 13 20 27 17 26 21 24 34 17 24 25 36 34 31 28 24 39 25 17 14 10 14 17 14 
41 39 38 31 33 39 29 15 29 35 38 30 31 43 53 26 20 31 47 67 90 109 125 151 173 193 206 210 203 198 168 140 113 77 35 27 16 17 19 12 19 17 30 18 26 19 15 26 23 32 29 31 22 17 17 20 36 31 27 20 15 19 24 29 
36 34 34 40 41 43 26 24 32 41 43 25 31 45 56 31 35 46 69 95 117 138 159 182 204 219 215 197 175 157 121 97 76 50 17 31 30 18 17 12 12 13 23 15 24 22 21 25 20 33 28 23 17 15 16 26 37 38 33 25 14 12 21 24 
28 29 33 36 43 39 29 31 41 48 41 24 33 52 66 46 62 74 102 124 140 164 178 189 204 206 185 161 136 113 85 66 55 34 16 28 26 13 17 11 13 14 13 10 10 5 7 18 17 29 24 21 24 28 27 31 38 38 29 26 19 17 22 24 
25 27 32 35 37 34 34 40 52 50 41 36 46 64 75 81 97 114 138 160 175 187 188 184 192 184 156 131 107 81 50 45 46 36 29 32 17 12 23 19 24 16 4 9 13 12 10 15 12 24 18 15 10 11 17 24 32 37 30 23 17 19 23 25 
40 39 42 43 50 51 63 72 83 78 69 69 77 87 107 126 149 162 185 194 197 197 189 184 183 162 135 108 74 46 24 24 38 34 27 21 5 10 23 26 35 30 27 22 16 16 13 18 18 20 19 15 17 15 20 26 36 35 33 23 15 19 19 25 
67 65 65 69 71 83 97 107 119 115 107 104 109 121 143 168 189 198 206 196 185 173 157 146 137 109 76 57 34 19 19 17 30 20 6 10 13 10 11 15 22 10 19 11 13 17 23 23 27 29 24 19 13 8 20 26 33 38 34 19 11 13 20 20 
102 104 104 111 115 128 132 140 150 149 149 148 156 165 180 194 203 196 187 168 149 131 111 95 77 46 25 20 34 13 14 16 32 19 13 17 18 13 9 16 26 22 27 16 10 10 6 8 17 13 10 6 6 5 15 27 42 48 44 34 24 20 18 19 
165 167 174 184 190 197 196 196 196 195 197 197 202 207 203 199 191 178 157 143 123 104 79 64 32 12 16 14 32 8 17 15 29 19 9 13 7 10 12 17 27 30 26 15 12 5 5 14 19 15 11 13 9 9 20 36 45 48 38 26 15 13 13 10 
203 211 218 227 232 233 219 210 206 202 199 202 199 189 175 165 152 143 122 112 97 81 64 55 29 23 24 24 34 11 19 17 32 24 28 27 22 19 12 19 32 35 31 17 18 5 7 16 9 18 12 13 14 13 26 29 32 37 27 20 5 10 12 6 
209 217 227 231 235 225 212 197 183 171 167 164 156 142 126 109 88 72 57 51 46 41 36 29 20 27 25 33 35 16 20 30 36 26 29 27 23 28 15 18 24 22 20 20 24 13 19 24 25 27 21 19 19 23 34 38 26 32 18 15 11 14 19 21 
192 197 204 206 201 200 187 176 164 147 137 137 118 110 97 73 45 18 19 27 26 19 27 22 11 19 22 38 40 27 22 33 36 25 27 26 22 24 15 23 23 9 22 17 34 21 21 20 21 17 15 16 13 12 29 26 15 28 20 10 11 10 3 3 
156 161 163 161 157 154 150 137 119 102 86 82 57 48 47 50 46 29 22 20 20 10 27 24 19 29 37 43 46 38 29 32 32 15 16 20 18 22 24 31 24 20 25 13 34 13 8 8 5 12 12 17 8 6 26 25 15 24 23 19 26 31 33 34 
90 92 95 93 95 94 91 85 69 55 44 46 25 6 15 36 41 17 22 19 26 19 34 34 34 36 39 48 36 32 23 28 30 19 17 17 16 18 21 32 22 19 29 11 36 17 10 12 8 17 19 22 24 24 38 37 35 38 34 28 34 38 38 38 
40 41 45 44 52 52 55 58 57 38 24 24 27 23 14 28 31 10 14 18 24 17 27 31 18 17 22 40 30 31 24 30 39 38 39 31 26 17 16 32 19 25 32 13 39 18 15 13 9 19 20 17 22 27 41 46 52 50 34 28 32 38 34 37 
22 19 22 26 37 22 27 25 36 30 14 22 32 31 21 21 31 34 41 33 22 6 32 43 43 39 31 35 22 27 22 8 19 27 31 26 10 6 11 39 26 27 27 13 39 18 19 20 15 26 18 19 27 26 25 16 34 53 39 34 38 46 45 43 
17 16 19 26 43 26 24 20 36 39 18 15 23 31 27 26 36 46 53 47 33 20 17 30 34 32 32 36 31 22 13 13 13 12 29 23 8 8 10 43 22 24 22 12 39 20 20 13 8 27 12 13 36 29 31 15 22 51 39 36 39 39 46 47 
13 12 15 22 36 24 18 26 27 38 19 36 38 38 40 30 26 20 19 22 34 36 31 27 22 24 29 28 29 24 13 10 11 19 36 29 19 16 12 48 35 24 21 18 36 16 13 13 8 26 8 14 43 38 34 25 18 53 36 25 29 36 49 53 
21 23 26 25 34 23 26 36 28 32 19 34 24 20 31 19 18 13 12 31 43 43 41 32 30 22 24 19 26 19 19 22 20 22 39 33 24 19 8 44 34 25 14 12 29 21 17 13 15 21 20 31 46 48 45 41 16 45 34 25 40 41 48 48 
38 36 36 35 32 24 29 22 22 17 19 37 26 18 31 20 24 22 25 40 46 45 45 39 40 33 29 19 20 22 34 34 31 25 36 32 27 20 6 41 36 31 31 30 29 20 13 7 8 16 20 27 41 36 43 52 37 47 36 19 33 27 21 22 
31 31 31 38 38 32 32 20 21 15 16 33 22 12 31 17 24 31 36 50 35 32 44 48 45 37 22 13 9 10 29 17 26 19 25 26 26 29 15 34 40 41 41 34 32 20 19 6 3 11 24 24 30 31 30 51 32 36 22 9 26 26 28 27 
11 14 10 30 32 31 28 20 27 19 13 20 19 21 36 34 41 42 46 48 26 27 39 45 42 33 19 8 9 8 20 12 27 26 28 30 26 36 15 20 20 21 22 16 15 15 20 11 10 20 22 15 20 12 7 34 17 32 20 12 15 15 29 31 
23 24 27 36 43 36 26 11 29 21 19 17 15 6 20 25 33 33 33 27 15 23 26 26 22 26 10 2 9 10 19 19 41 35 27 22 26 45 23 15 8 11 15 6 11 6 18 11 10 27 19 13 14 11 13 27 6 19 8 12 17 30 41 40 
16 13 19 36 32 32 18 12 39 14 15 11 6 15 23 38 44 35 24 12 17 23 23 19 15 20 5 3 8 10 14 15 36 14 17 17 27 46 25 15 11 11 17 16 15 11 17 11 14 27 22 15 16 13 19 24 16 19 18 27 34 41 41 29 
26 20 21 20 26 37 27 27 36 12 19 19 17 15 20 27 28 20 16 9 16 12 8 5 19 16 10 11 9 17 17 21 42 30 29 19 24 40 18 12 15 17 26 16 26 15 18 15 11 29 22 18 13 10 15 19 11 17 21 27 29 29 19 10 
32 22 23 10 35 43 31 36 42 31 29 19 15 22 24 22 2 8 11 15 26 8 12 14 15 18 14 13 16 20 26 5 31 29 34 27 24 24 22 27 39 33 34 21 24 21 18 26 3 20 20 29 22 17 13 19 20 18 19 22 20 21 13 10 
29 22 26 14 41 34 29 32 41 34 29 20 13 15 26 21 7 7 12 13 26 8 20 24 19 20 10 6 12 17 27 13 26 34 41 41 38 23 21 27 35 29 36 18 21 24 16 32 12 14 20 17 7 8 21 24 25 22 24 25 20 24 19 20 
25 20 26 24 45 29 27 32 37 39 39 33 31 29 29 12 15 17 18 12 20 18 24 21 19 22 15 12 12 13 31 29 36 41 41 37 34 29 29 36 40 32 43 21 22 20 11 32 20 19 15 15 11 20 38 27 26 20 26 25 14 19 19 20 
16 7 19 15 37 22 23 26 27 29 27 14 19 8 22 30 35 29 25 11 22 32 36 36 34 39 36 30 16 12 31 38 36 35 36 39 33 37 31 31 27 22 36 10 19 16 10 33 29 36 29 32 11 24 45 28 32 19 28 26 12 22 15 13 
15 11 13 19 34 15 15 19 24 27 30 17 30 24 30 32 32 24 34 19 25 36 39 36 41 46 41 40 27 16 35 43 34 30 33 35 36 43 26 29 22 16 36 8 25 20 4 34 38 48 42 36 15 36 45 30 30 12 34 31 13 22 22 21 

19 17 32 36 38 45 30 41 48 55 50 32 34 32 29 38 46 48 51 50 45 30 20 22 22 45 20 23 25 14 26 11 21 22 24 17 17 17 22 62 132 213 248 237 212 157 78 40 31 26 38 36 40 40 34 19 11 13 22 45 30 34 45 46 
14 10 27 35 39 43 29 35 43 54 45 31 34 25 26 34 39 45 46 52 47 37 26 28 26 47 29 31 24 17 24 12 21 15 24 23 25 17 20 70 138 211 243 235 209 153 78 43 29 24 36 30 34 42 32 20 13 12 19 39 27 29 38 41 
24 22 42 53 49 43 25 27 32 46 46 31 32 24 15 25 38 31 38 45 50 42 36 39 33 51 44 38 26 24 32 9 5 13 6 11 17 17 29 74 137 199 230 227 200 152 85 41 29 19 42 30 36 38 32 17 15 6 10 27 19 26 32 34 
44 40 49 57 43 27 20 19 24 38 38 29 33 20 11 21 36 34 28 37 40 39 32 41 34 48 40 42 35 22 29 10 1 3 24 27 25 22 36 86 135 188 220 207 176 145 87 41 26 24 45 39 34 32 27 20 18 8 5 17 22 32 39 46 
48 44 44 53 36 32 33 41 29 36 23 24 34 27 19 12 29 31 27 34 36 32 25 39 29 40 31 34 43 21 27 16 21 26 46 41 32 26 48 99 141 181 210 193 154 126 81 35 19 15 41 36 36 31 25 17 22 19 9 7 19 34 39 44 
42 36 37 44 34 45 38 42 26 16 11 17 31 27 22 20 24 26 19 26 21 19 12 29 18 26 19 29 43 29 35 31 21 19 38 27 25 34 57 111 151 178 199 178 132 100 69 32 24 26 38 39 41 16 17 9 19 36 5 15 24 40 53 55 
45 39 37 36 31 33 14 24 22 17 10 6 16 20 19 9 14 19 24 30 17 17 11 20 10 20 10 19 39 8 12 7 10 17 32 31 31 40 65 119 157 171 189 174 124 93 67 38 20 22 20 25 41 20 33 24 17 39 3 17 31 45 60 65 
41 35 36 38 35 26 8 26 24 24 19 12 13 10 12 13 19 24 32 39 31 31 31 35 31 36 26 6 36 31 29 17 12 15 27 27 36 43 76 130 164 170 182 163 114 83 66 43 11 15 19 32 55 34 34 29 19 43 12 22 45 53 68 77 
29 29 24 23 20 11 8 19 26 19 22 19 16 11 13 12 13 12 8 29 31 38 37 36 32 26 27 16 22 30 25 12 4 12 17 24 33 46 76 133 168 168 175 162 117 80 66 55 20 11 21 22 50 34 27 35 11 35 16 24 48 50 63 72 
48 51 46 26 22 18 19 26 23 12 9 14 21 16 12 16 15 22 24 23 20 22 22 22 20 21 30 27 11 20 19 24 20 23 26 32 48 57 91 143 174 170 176 168 120 92 76 58 33 24 24 20 40 38 36 41 19 24 19 30 43 37 46 55 
29 39 41 22 31 31 22 21 16 13 20 19 15 12 13 12 10 13 20 21 20 23 21 19 17 21 34 24 12 12 26 26 24 27 22 26 36 55 96 145 175 171 179 171 129 98 90 69 43 31 39 31 34 36 36 49 30 17 12 26 34 23 28 38 
38 43 37 29 41 32 13 15 11 24 22 10 8 7 14 12 12 22 20 24 16 19 10 13 13 18 29 22 17 13 13 10 9 24 5 14 29 57 100 151 179 180 189 179 134 111 102 70 47 45 45 23 24 20 28 41 28 4 3 18 24 12 15 19 
46 41 33 30 34 17 13 15 10 22 18 15 15 12 17 17 26 33 33 27 24 20 19 18 15 12 23 27 33 35 26 19 14 31 12 17 30 66 107 153 185 185 189 179 134 109 97 59 39 45 41 16 8 17 27 41 41 22 21 20 25 17 19 20 
35 35 29 33 25 5 11 12 8 17 21 26 29 29 22 24 24 31 25 27 27 28 20 14 12 19 24 28 29 42 34 31 22 35 16 19 41 79 124 164 189 195 190 168 119 93 78 45 27 43 34 8 12 16 22 34 44 32 28 22 8 12 17 19 
43 38 37 34 17 7 15 19 19 17 10 12 17 20 18 25 27 31 19 20 18 17 13 13 20 29 22 27 31 39 43 41 40 41 30 31 51 92 145 178 204 208 182 151 106 71 62 42 23 32 27 13 17 19 24 24 42 42 45 31 24 13 13 16 
42 39 33 31 12 8 15 14 12 19 17 14 17 20 26 22 34 33 26 20 20 27 21 21 27 32 24 28 32 41 42 43 35 37 25 34 58 115 171 195 211 209 164 117 76 52 46 34 31 34 15 15 20 24 27 26 34 33 39 29 27 20 24 26 
23 19 12 14 11 13 19 14 13 20 21 17 16 14 20 19 32 24 16 19 12 31 17 12 29 28 23 24 28 29 32 33 28 27 24 39 70 133 195 204 208 194 135 85 60 38 32 34 25 22 17 20 26 29 26 29 30 39 40 31 27 23 24 27 
10 8 7 16 19 17 17 15 6 17 20 14 12 10 19 12 30 27 26 24 16 30 18 15 33 28 22 15 19 17 22 34 24 28 36 60 91 156 206 208 196 175 111 60 41 20 11 13 13 15 34 30 25 16 16 37 35 39 38 27 23 17 23 25 
15 17 32 39 41 32 26 17 6 12 20 21 15 17 13 8 15 22 26 27 20 24 20 20 34 39 27 19 20 10 20 34 24 31 50 80 117 176 215 213 186 151 89 48 42 38 25 15 11 11 27 12 11 13 20 36 29 38 36 26 28 17 20 17 
43 43 47 51 48 40 24 20 21 27 33 38 28 27 11 6 6 6 20 24 19 14 17 32 45 46 38 11 20 10 26 50 26 29 58 87 124 176 209 201 164 124 82 49 38 42 35 20 12 11 29 12 9 13 23 39 30 38 29 24 22 17 23 28 
56 52 43 38 41 39 22 16 6 15 20 33 30 39 15 13 14 8 19 17 14 14 32 43 48 53 44 17 27 25 42 57 24 25 58 98 138 188 205 192 150 104 65 39 20 33 41 34 29 22 30 15 9 10 3 24 16 16 18 8 20 17 24 32 
7 10 13 24 38 40 23 20 25 19 24 33 36 50 27 26 20 12 8 10 28 31 37 42 43 48 46 24 35 35 48 46 22 35 74 116 162 201 205 194 150 98 64 43 15 19 40 39 32 24 12 8 12 11 6 17 12 6 19 8 27 15 16 23 
15 18 8 20 37 30 16 22 36 34 37 39 32 53 32 28 24 20 12 13 36 34 27 32 28 36 40 15 27 30 36 33 26 52 90 133 181 208 199 182 135 78 51 30 19 13 28 23 22 22 10 8 8 10 5 13 13 20 28 26 34 20 21 15 
38 36 25 36 43 27 6 20 37 30 31 30 39 52 32 34 24 20 9 17 36 34 25 22 13 25 27 13 24 33 34 31 46 71 110 146 187 205 189 163 121 70 53 43 44 30 24 15 12 28 19 14 12 15 15 8 10 26 20 24 20 15 32 25 
58 61 47 43 36 14 16 15 27 20 13 20 31 40 29 32 29 27 10 16 32 37 20 12 16 19 24 15 20 35 32 32 60 95 128 162 196 203 171 148 104 64 54 50 55 38 19 15 20 36 27 26 24 30 26 22 6 29 37 42 22 8 29 42 
81 74 47 30 33 36 46 35 26 15 6 13 31 31 15 22 23 23 14 16 29 34 16 8 18 17 17 15 16 39 44 49 90 129 153 177 199 190 156 124 79 42 22 22 42 29 10 17 20 31 26 22 6 14 7 16 28 27 36 31 25 22 22 31 
67 59 44 33 27 27 36 32 25 13 13 19 38 24 17 12 15 17 21 19 15 28 24 15 21 11 10 15 24 53 69 88 126 163 176 184 185 163 124 85 46 17 10 38 53 34 15 15 26 26 19 26 15 24 15 25 28 20 19 19 23 27 25 29 
53 46 36 29 12 10 23 27 52 50 53 43 54 31 26 19 17 13 26 19 6 13 19 7 11 19 17 20 34 74 101 126 164 192 189 178 159 124 85 53 23 6 23 41 45 25 12 19 21 14 6 16 14 23 18 24 28 17 14 16 25 24 27 32 
45 36 29 32 15 15 20 26 55 44 49 45 50 31 32 22 17 12 20 22 7 10 26 16 20 27 29 34 59 108 138 171 203 208 185 162 130 86 58 39 27 41 52 47 39 14 19 29 22 7 9 12 12 14 6 13 17 11 16 19 17 19 26 35 
27 28 20 27 17 27 22 16 36 17 27 16 35 27 33 29 24 15 16 27 13 13 33 21 11 20 28 47 93 156 189 210 231 211 164 133 98 58 29 27 26 43 45 31 17 18 29 28 15 13 17 14 12 11 21 23 29 33 36 27 14 6 29 48 
26 26 27 22 26 40 40 37 29 11 24 9 25 29 31 28 26 12 9 30 23 23 41 32 20 38 56 77 131 193 210 223 228 192 131 96 67 27 13 25 19 32 21 5 10 22 25 22 25 35 31 17 19 15 24 18 19 30 34 28 15 12 29 32 
22 24 28 26 23 37 32 17 10 7 27 11 20 22 35 28 26 17 17 31 25 22 35 34 33 68 111 128 170 215 209 204 199 155 90 65 42 15 22 28 23 38 14 11 8 20 19 25 36 37 26 17 17 22 29 20 16 20 20 24 15 4 31 33 
21 25 27 23 24 37 39 6 19 22 35 32 35 31 35 20 12 13 21 39 43 46 60 69 76 111 152 166 197 222 203 180 160 116 57 36 27 17 20 21 10 34 5 15 12 22 21 26 31 31 25 30 28 32 38 24 26 26 35 35 19 12 26 34 
25 17 19 8 9 39 38 15 29 31 42 43 41 42 46 29 14 19 32 49 58 62 78 93 113 147 186 193 202 211 180 145 126 92 45 26 19 16 27 20 12 31 34 32 25 21 13 26 24 19 21 32 26 20 23 28 40 9 15 10 6 17 16 25 
14 12 8 12 20 44 37 26 32 34 43 32 19 29 43 27 16 29 47 69 88 98 109 131 152 184 210 215 208 197 151 116 92 64 36 24 13 27 31 24 14 13 23 10 15 15 23 31 22 18 19 32 19 15 19 25 42 13 17 7 12 22 20 26 
23 23 24 30 36 52 43 31 33 36 45 27 20 31 51 38 39 58 83 109 135 147 157 178 198 215 221 213 194 170 123 90 65 41 23 30 29 28 25 18 14 13 28 12 22 10 8 14 13 20 22 27 18 14 13 27 43 22 24 16 16 21 19 27 
27 28 40 41 47 57 46 40 36 45 50 31 31 46 62 57 70 90 115 140 156 173 176 190 204 205 190 174 154 127 94 63 40 17 15 38 40 23 17 10 12 18 30 25 31 28 24 24 21 27 25 17 14 8 17 30 34 17 21 27 24 16 17 21 
27 34 39 42 52 57 57 57 61 59 62 43 43 57 77 86 106 127 150 161 173 182 171 170 181 166 143 129 109 91 67 46 27 12 17 41 38 17 12 8 17 20 19 15 17 16 6 11 14 18 19 13 18 16 24 25 19 6 31 41 32 22 16 13 
36 42 48 48 58 64 74 80 85 82 81 71 76 93 112 129 153 170 185 192 187 180 157 146 149 127 102 90 73 58 47 41 36 28 33 43 26 12 14 15 20 16 11 17 17 21 13 19 13 19 18 8 8 6 19 12 10 15 36 48 38 28 19 11 
65 65 67 67 75 88 105 118 129 126 121 117 123 138 155 181 201 211 216 212 189 167 141 124 120 102 74 62 44 30 27 29 32 31 29 30 18 15 17 22 27 24 20 24 23 28 27 27 21 22 19 10 8 4 25 13 10 20 39 46 40 27 13 8 
114 109 104 103 110 126 145 156 169 166 160 159 163 178 194 211 222 217 209 185 154 128 104 82 78 57 31 25 29 20 26 23 20 12 9 20 25 21 15 9 18 8 7 7 17 24 27 28 23 19 17 9 7 10 26 10 15 24 42 46 31 26 8 7 
170 164 158 155 159 171 178 182 189 187 183 183 193 201 206 206 202 180 157 131 105 80 56 41 36 30 20 20 32 18 26 22 22 15 15 25 29 26 20 16 26 30 26 22 18 15 13 10 6 10 14 12 11 15 18 22 26 35 39 32 26 17 8 8 
220 216 218 221 225 231 225 218 212 206 198 196 204 208 198 192 176 150 123 105 81 63 39 24 8 23 31 18 32 17 26 24 24 13 11 18 29 27 26 24 31 34 30 18 20 12 8 15 23 22 24 20 13 15 15 27 33 36 31 15 8 5 14 12 
219 220 222 227 228 227 214 201 192 182 169 166 170 160 149 138 125 97 79 71 58 52 43 34 26 15 22 11 28 20 26 22 23 15 22 29 35 34 29 29 38 36 35 26 29 15 8 12 15 32 31 26 20 24 25 22 20 31 28 14 7 7 16 6 
193 196 193 194 186 180 163 154 140 126 111 114 108 95 89 77 61 41 38 40 27 23 22 17 31 21 18 22 22 19 26 29 32 16 24 31 33 36 26 27 31 26 23 23 37 20 18 24 28 41 38 32 24 20 36 26 11 29 24 19 15 20 24 28 
152 153 152 147 143 139 134 124 112 95 82 83 74 69 65 53 38 16 26 39 31 20 32 10 24 16 17 26 19 12 17 33 36 17 20 24 27 27 17 26 20 13 19 16 39 20 23 19 15 29 29 32 22 21 34 25 15 34 26 19 13 11 12 12 
102 102 99 97 95 97 100 96 77 63 51 57 45 36 36 46 45 27 17 22 12 15 35 17 26 30 30 42 26 22 19 29 38 15 12 12 13 13 15 27 13 10 27 11 41 16 15 12 3 19 20 24 24 15 32 27 22 32 20 12 17 27 32 32 
38 36 38 37 41 44 45 43 38 20 20 31 34 17 14 33 38 22 12 13 13 16 40 27 27 35 32 45 18 11 15 22 36 16 11 10 6 10 16 29 15 22 37 16 43 18 24 20 13 24 19 22 29 32 41 39 39 38 22 20 24 30 30 31 
35 31 25 23 30 26 26 27 41 22 12 20 34 29 13 28 32 21 13 8 13 20 37 21 6 10 12 38 15 19 27 26 38 38 36 27 20 17 22 34 28 29 43 23 41 13 19 20 14 25 11 8 27 31 48 52 60 54 28 10 14 26 10 17 
19 19 10 23 35 22 27 15 38 24 1 15 29 31 10 18 31 42 43 37 26 8 29 34 32 29 18 31 17 25 34 15 23 25 29 27 13 15 17 32 31 40 42 31 36 13 12 29 29 36 17 10 29 16 24 17 39 53 34 20 21 29 20 17 
15 12 9 29 38 23 22 14 32 34 10 9 22 26 10 13 20 33 43 40 32 16 16 19 26 32 25 31 24 24 32 19 15 16 22 25 10 4 5 32 29 38 41 31 32 7 6 30 22 39 24 21 40 11 20 10 29 57 43 35 31 27 19 7 
17 12 7 26 33 20 22 22 30 32 18 24 27 28 19 22 19 23 26 23 31 30 22 15 9 19 20 20 24 26 25 10 8 13 24 31 16 12 13 30 31 36 36 32 24 8 8 31 24 36 25 22 43 13 17 10 19 48 35 15 22 25 32 25 
24 25 28 31 26 13 19 31 29 29 21 19 16 13 22 27 29 26 18 13 27 31 29 20 13 8 10 14 22 22 17 8 13 12 27 34 23 24 20 21 31 32 29 24 21 12 17 23 20 27 19 24 45 39 31 29 15 48 36 22 32 36 36 31 
51 51 46 42 29 16 22 24 22 23 26 30 30 20 26 32 31 29 16 29 32 35 38 29 23 15 12 11 15 19 24 26 31 27 32 37 28 27 24 19 29 31 35 32 26 20 15 14 14 15 19 22 38 38 36 43 31 46 32 12 27 24 29 26 
36 34 29 32 29 27 27 25 23 20 23 24 25 14 27 22 19 24 27 39 20 24 31 33 23 17 11 11 13 14 19 16 25 26 27 29 23 32 28 22 29 31 37 31 29 21 18 12 8 6 16 21 32 31 27 39 23 34 21 12 24 17 24 20 
28 26 19 22 24 23 23 26 17 21 15 24 30 26 31 26 25 29 35 42 10 17 21 25 19 24 15 6 11 15 18 7 33 32 23 26 20 36 30 7 8 14 18 13 19 21 26 16 7 18 11 12 14 17 18 32 22 34 22 13 10 5 26 24 
27 32 36 38 39 36 29 24 18 18 15 19 26 17 22 19 29 35 37 34 14 22 8 5 4 19 13 6 9 13 20 20 39 27 19 14 15 40 31 12 5 13 10 2 11 13 27 17 4 20 17 13 7 3 13 23 13 22 11 6 10 29 40 40 
14 20 26 34 33 25 20 17 26 13 10 12 14 15 31 36 42 36 27 24 26 27 13 1 10 19 12 1 3 7 12 12 36 19 20 19 17 43 34 18 12 15 9 3 9 16 30 19 18 27 24 14 5 5 8 13 6 12 10 23 32 39 33 31 
24 24 26 27 27 27 27 27 31 6 17 16 20 20 29 34 32 25 20 19 27 20 6 8 17 18 12 6 5 13 22 19 43 27 30 14 13 39 29 13 8 13 7 6 10 8 27 26 19 28 20 12 12 10 7 14 10 13 16 29 32 28 17 20 
34 31 26 17 42 31 22 26 30 20 23 17 13 15 22 27 6 19 19 20 31 15 12 15 16 19 15 14 11 12 24 8 37 34 40 31 24 25 22 13 12 16 17 8 12 2 26 36 24 23 13 19 21 13 6 8 3 8 14 26 20 14 15 16 
28 25 23 20 42 23 16 16 24 10 21 9 10 11 26 23 13 13 13 13 31 6 21 22 20 23 16 13 12 10 33 21 27 34 46 45 43 30 26 11 15 6 22 10 15 17 25 48 24 19 16 14 6 5 17 19 21 14 20 29 19 13 17 20 
34 31 32 29 43 19 8 12 19 22 32 29 29 27 22 13 24 24 27 13 25 13 28 27 19 25 10 20 13 19 44 41 36 36 41 29 27 19 15 13 22 18 33 18 27 24 26 50 27 13 10 12 9 12 34 21 25 18 21 32 13 13 23 30 
18 15 21 27 32 12 6 10 8 8 20 7 17 13 31 31 38 25 29 7 18 27 43 38 34 36 24 36 22 15 46 48 31 30 31 19 24 26 12 18 13 8 31 16 27 29 21 49 22 12 15 17 10 20 41 36 43 30 27 32 8 13 23 30 
26 22 26 30 27 7 11 15 8 8 18 15 29 29 36 32 25 24 41 15 20 28 47 43 35 39 24 43 33 26 52 53 25 14 18 13 29 40 11 21 15 16 39 19 36 31 19 49 15 5 20 15 13 26 43 46 50 40 34 30 6 11 29 37 

7 8 27 48 41 37 26 22 12 39 37 29 36 32 28 38 24 12 17 27 26 25 11 11 36 50 27 26 28 19 31 20 26 28 36 34 22 3 55 119 187 251 245 189 146 86 38 33 32 29 26 26 12 36 20 12 26 27 36 57 44 45 57 60 
17 17 32 47 38 29 17 24 19 38 36 24 35 34 23 38 29 13 13 26 26 24 10 11 33 43 31 24 20 15 26 20 25 27 32 31 19 15 60 127 192 245 238 185 141 83 32 30 31 32 29 15 12 37 24 8 15 24 27 47 36 37 50 53 
30 31 46 58 38 21 14 19 8 27 27 17 33 32 22 35 34 20 19 23 20 24 10 14 31 45 28 17 14 20 35 27 27 33 27 19 8 26 75 137 193 233 228 180 136 86 22 17 26 30 30 7 17 34 27 17 10 16 19 33 24 26 34 38 
43 38 46 55 24 8 9 19 17 26 17 15 31 35 22 38 45 32 19 23 20 24 10 23 17 36 27 22 31 14 29 26 33 29 30 22 21 38 85 145 190 225 218 164 119 90 29 13 19 18 33 17 25 29 28 23 14 8 6 17 24 33 43 53 
38 34 39 43 13 28 36 45 43 38 17 5 35 34 24 26 36 38 27 29 20 24 12 29 3 24 11 21 41 13 27 22 28 29 45 36 31 43 93 155 193 215 208 152 98 76 40 17 24 21 35 33 38 38 40 32 29 18 10 7 15 31 33 38 
25 24 23 29 30 50 41 45 37 30 17 6 30 34 35 33 40 35 27 31 20 24 10 27 10 21 11 27 43 21 29 25 20 14 37 17 25 46 97 164 202 208 194 139 83 60 38 19 19 17 36 41 44 29 29 22 34 33 8 15 16 36 41 37 
45 38 39 36 41 46 19 23 22 26 27 15 15 15 15 26 29 33 31 38 27 28 21 29 24 32 28 24 37 7 17 7 11 10 31 22 28 48 103 169 201 199 183 141 89 65 50 31 15 14 20 27 41 6 19 10 26 41 6 19 10 36 45 40 
52 44 42 39 38 34 11 25 21 19 29 21 20 19 12 20 30 39 39 40 30 31 29 36 38 37 27 16 29 25 20 23 20 16 20 12 24 52 105 171 204 194 171 128 74 50 42 35 11 5 11 27 55 32 31 28 22 43 1 13 24 39 53 56 
42 33 27 19 14 12 8 17 14 10 10 7 10 8 4 15 22 33 33 37 33 30 25 27 26 17 20 29 31 34 24 21 24 22 20 15 34 55 113 173 204 183 159 124 76 43 39 40 15 10 21 29 57 40 36 34 13 32 5 10 34 46 59 64 
64 60 50 37 19 10 22 32 31 19 8 8 13 8 9 16 17 22 19 19 16 14 10 13 10 4 27 33 22 26 19 27 30 32 31 41 52 80 125 176 197 175 154 126 78 41 39 44 19 12 24 23 43 35 34 39 11 23 8 13 32 28 43 46 
50 48 43 29 30 25 15 19 17 16 24 24 21 22 23 23 24 20 9 12 12 13 10 8 5 7 31 36 26 21 14 14 19 27 27 38 53 86 133 177 197 175 157 134 84 43 46 43 21 17 38 31 36 36 41 48 33 19 10 13 26 15 24 33 
33 38 33 31 45 32 7 8 13 28 24 12 10 8 17 13 17 11 15 12 11 11 8 12 13 13 26 27 30 30 24 13 9 24 19 43 56 91 141 178 193 176 160 138 87 51 48 34 22 33 47 30 31 32 39 46 32 17 11 16 28 15 22 24 
33 27 23 32 38 17 9 13 16 26 25 22 17 19 17 17 20 22 22 20 17 20 19 20 16 9 23 26 33 40 31 23 17 23 17 42 65 107 149 182 196 176 159 136 85 46 44 26 20 38 46 12 8 16 27 38 36 13 13 13 25 20 12 10 
2 12 14 32 31 8 12 8 11 16 12 15 21 20 13 7 6 14 16 20 26 24 18 14 15 20 20 23 33 43 44 37 32 30 25 51 71 122 165 190 200 179 156 126 69 32 32 17 17 41 41 13 19 19 27 32 35 20 17 15 12 23 22 26 
16 16 24 36 26 11 13 20 27 23 14 7 12 5 8 5 3 13 12 13 17 12 5 4 26 25 11 15 22 36 45 53 47 45 46 62 81 139 185 199 208 185 144 106 57 20 22 13 12 33 36 11 17 11 15 24 36 34 31 29 20 22 25 31 
39 31 39 41 25 15 19 17 17 6 12 8 13 10 16 9 14 22 13 12 5 18 13 15 27 26 10 14 14 24 32 39 36 27 49 72 94 159 203 204 198 166 112 73 39 15 20 17 15 29 16 10 17 12 19 12 10 6 12 15 17 20 32 41 
31 25 30 32 27 26 30 30 32 26 26 20 20 17 27 11 21 12 8 16 4 22 12 17 34 29 24 17 8 11 15 26 22 12 60 90 111 176 213 196 177 142 83 45 31 12 17 19 12 17 17 22 28 20 23 10 3 11 10 13 10 6 21 29 
27 28 39 41 37 31 32 29 32 22 26 16 20 19 31 15 20 19 16 24 5 24 20 27 39 39 31 23 16 10 13 31 24 27 76 108 132 184 213 185 156 118 56 24 24 15 17 20 17 20 38 37 30 15 9 26 21 23 14 16 10 6 23 27 
42 46 58 64 60 45 35 32 33 22 24 18 19 24 26 13 13 21 26 36 22 25 30 33 45 43 42 24 20 10 8 33 27 44 96 134 157 197 209 176 131 90 36 25 38 33 33 27 19 7 19 8 13 15 20 39 25 22 9 13 10 12 22 19 
55 57 63 66 57 46 29 24 25 23 17 13 10 10 15 8 5 15 17 29 18 20 27 37 41 46 42 19 18 7 19 50 41 60 107 144 161 189 189 151 104 64 33 29 30 34 36 32 23 5 21 12 8 12 19 43 39 33 27 23 24 27 35 41 
54 52 52 46 49 49 30 21 15 16 6 13 6 15 10 4 9 16 9 23 25 30 32 31 31 40 48 12 15 15 39 65 52 71 116 150 170 191 178 143 97 55 24 12 8 24 33 38 37 36 30 23 16 15 6 19 19 12 12 8 20 18 31 40 
26 26 34 36 48 48 29 22 22 20 19 22 16 31 20 19 17 10 9 24 32 29 15 14 6 37 52 23 29 27 48 68 66 93 135 170 191 200 178 145 98 57 30 19 6 17 32 36 38 34 15 1 12 15 12 15 12 5 15 11 23 16 24 31 
17 21 24 31 43 36 19 14 31 32 30 27 21 35 15 14 12 19 10 18 32 24 14 16 19 39 49 31 35 31 46 65 78 109 150 180 201 199 166 130 82 44 26 16 16 8 20 18 21 27 12 14 17 17 17 9 13 17 24 18 27 20 25 24 
19 17 19 38 48 30 5 19 38 35 38 31 28 37 13 20 22 19 12 19 28 17 15 22 32 45 48 32 39 41 62 79 97 128 157 176 194 190 148 112 69 39 40 40 40 23 15 6 12 34 17 19 21 24 19 14 3 24 23 19 13 18 31 29 
42 40 29 27 29 8 16 14 26 21 27 29 34 39 20 19 24 25 20 23 26 20 14 30 33 39 36 27 27 45 70 92 121 150 166 178 187 171 123 91 54 32 39 45 50 34 16 11 11 34 22 24 22 27 20 19 13 27 37 34 24 6 20 25 
53 41 20 7 29 34 46 36 34 22 20 25 31 33 21 14 13 15 20 26 25 20 12 21 31 31 30 26 41 68 98 117 149 173 179 177 171 144 97 63 39 26 26 30 39 25 15 13 10 32 20 27 12 17 9 25 32 28 32 27 22 16 8 20 
20 12 19 19 20 20 35 27 24 10 10 16 35 26 17 9 15 13 25 26 13 21 15 20 19 16 19 34 67 105 138 154 176 191 179 160 139 106 65 48 39 30 23 30 44 27 18 13 21 27 13 27 19 27 22 31 33 15 15 9 16 15 20 27 
12 3 24 26 7 12 30 33 42 39 39 34 40 24 18 4 5 5 20 20 6 15 20 10 17 20 37 53 88 133 157 175 196 197 171 143 110 71 46 40 39 26 22 30 38 23 13 15 27 25 12 18 19 29 24 23 22 6 11 17 20 16 21 33 
16 11 19 25 13 22 33 38 47 42 46 37 41 23 19 11 9 3 21 25 1 8 27 19 26 38 57 78 121 169 187 201 213 192 150 113 79 39 26 38 37 38 45 44 36 16 21 29 35 23 19 14 19 22 13 10 14 13 19 21 15 10 30 40 
12 12 10 22 18 31 28 27 30 17 33 16 24 19 17 12 8 8 9 22 9 5 26 17 10 42 71 105 151 200 209 210 205 164 109 77 48 16 18 27 26 32 39 29 17 7 23 28 27 20 31 17 15 13 12 21 26 34 40 32 19 12 26 34 
14 12 15 20 28 38 38 27 27 10 26 8 10 16 18 13 13 8 4 27 15 16 35 31 33 75 109 134 173 213 197 189 179 130 72 49 31 10 16 22 15 27 25 6 12 15 22 18 21 34 39 25 17 6 12 17 24 41 37 32 22 20 39 29 
17 19 19 19 17 33 25 13 8 9 29 20 16 17 18 19 12 8 16 36 35 39 53 69 79 127 163 176 196 206 171 153 141 92 44 30 18 20 22 27 20 35 19 7 13 17 23 14 26 37 39 29 14 7 20 20 19 27 19 17 12 13 37 32 
27 25 29 28 31 39 32 11 16 21 43 41 40 35 29 20 9 15 30 63 72 85 104 124 140 170 202 200 200 192 152 124 107 67 30 13 10 24 23 19 6 29 7 17 14 20 19 12 24 36 38 32 26 24 28 28 20 32 34 36 25 17 28 24 
26 22 22 19 23 40 37 17 27 31 49 43 39 41 48 40 32 40 58 81 97 112 130 158 174 199 215 199 178 161 119 94 76 48 26 12 9 21 24 21 9 22 22 28 21 9 8 15 26 29 29 32 23 22 24 31 34 12 24 12 6 14 15 18 
16 8 15 25 31 46 38 26 32 38 52 40 31 38 55 55 62 78 96 117 137 151 166 185 202 211 215 192 164 134 91 64 46 30 22 22 19 25 28 20 13 13 17 13 13 19 22 29 30 28 31 32 19 15 13 30 38 1 17 10 13 15 23 23 
15 10 25 31 36 50 41 27 29 41 53 45 41 49 66 76 89 113 133 153 174 187 186 201 210 199 188 168 138 103 67 46 30 21 24 30 31 20 11 13 13 8 25 12 20 13 8 15 14 16 32 31 13 10 17 33 46 19 31 20 12 14 12 20 
19 24 39 41 45 57 60 55 55 59 69 60 59 73 94 105 123 148 166 180 190 194 181 180 182 156 133 113 89 70 47 26 16 20 27 40 38 16 11 17 21 27 38 32 38 37 32 28 26 25 27 20 11 12 22 32 40 11 29 26 14 20 19 22 
38 44 57 61 66 74 85 91 92 93 97 84 83 97 119 137 154 172 186 186 189 181 154 136 137 101 75 66 57 48 34 20 8 17 29 41 31 8 10 15 22 24 24 15 19 19 12 19 12 14 21 15 13 19 20 20 22 17 45 45 36 34 28 24 
78 79 90 91 100 107 122 125 128 124 128 121 128 140 161 176 194 198 204 198 181 161 128 103 100 75 43 41 34 33 31 27 19 22 29 38 19 12 13 17 21 18 13 12 16 17 15 22 13 16 17 8 10 8 19 11 7 24 40 42 29 20 19 20 
128 124 128 130 137 144 160 166 164 163 156 156 157 177 189 206 212 211 208 189 159 132 99 71 73 55 24 22 20 24 30 29 23 19 15 27 9 17 15 16 24 17 13 12 12 21 21 29 26 26 17 9 11 14 29 13 12 22 38 39 18 15 16 17 
183 178 173 173 178 189 200 203 198 188 179 176 182 192 203 208 201 185 170 142 116 95 69 44 46 43 10 8 22 26 30 27 21 22 19 24 15 18 6 4 15 15 16 13 2 8 15 22 17 12 2 11 17 24 23 7 19 28 38 28 11 8 6 10 
228 223 213 215 209 214 211 204 194 183 176 175 181 190 185 178 158 126 104 76 58 42 27 15 25 34 20 14 29 31 31 27 23 23 19 23 18 12 8 4 17 25 32 31 29 20 20 17 5 5 17 19 27 29 27 20 26 31 36 19 11 6 13 8 
239 236 233 238 234 232 218 202 187 175 163 166 171 171 160 150 130 95 71 55 38 28 15 12 15 29 34 28 39 38 38 29 22 20 14 15 13 13 12 13 10 16 14 17 19 16 10 14 17 20 28 29 32 30 27 26 28 27 21 11 17 17 20 15 
192 193 194 197 197 193 178 164 147 135 128 126 125 116 102 91 72 47 31 36 26 38 34 37 29 11 31 26 40 40 36 24 19 10 8 11 14 17 8 18 19 10 8 13 30 22 20 20 15 34 33 36 37 36 38 27 19 24 24 22 21 10 13 6 
144 147 137 136 126 119 109 107 95 85 78 76 71 57 51 42 38 39 40 44 20 8 18 29 40 16 26 23 38 41 37 30 23 12 13 11 17 16 10 21 24 10 8 14 37 21 14 19 20 39 28 32 32 24 45 29 10 24 26 24 26 27 36 40 
95 90 90 85 79 76 79 78 69 58 54 46 48 40 38 31 28 15 22 43 27 19 25 15 35 19 19 24 30 36 34 32 31 13 10 8 19 12 4 25 15 8 16 17 49 27 29 28 24 36 17 24 27 24 41 26 15 31 29 26 25 18 23 29 
36 38 34 39 39 48 56 62 58 47 39 38 36 30 29 32 38 31 19 28 12 13 34 10 32 27 23 30 27 29 29 29 34 8 8 6 19 14 13 27 8 9 27 24 53 32 39 38 32 38 15 7 21 18 35 25 29 30 21 21 17 26 34 45 
36 35 31 28 25 22 21 30 39 23 20 20 23 20 16 28 32 25 14 15 9 20 40 18 31 35 29 38 20 27 29 23 34 13 8 8 15 17 17 32 17 20 36 31 57 34 41 43 39 39 22 10 20 22 40 32 41 32 21 19 19 28 35 46 
59 55 42 38 35 23 22 24 46 30 14 13 24 31 10 20 26 29 21 12 8 22 40 17 13 21 12 32 22 26 36 24 33 29 27 17 16 10 14 26 15 14 32 28 50 34 41 39 36 43 31 19 29 25 44 47 60 48 29 17 12 19 26 39 
41 39 29 38 39 25 31 24 45 32 17 12 26 31 11 10 23 36 37 28 24 18 31 21 23 30 19 22 12 24 42 26 25 26 29 26 11 10 19 26 21 16 30 29 44 36 33 42 38 46 32 26 39 10 24 24 42 41 32 29 31 33 30 37 
36 32 30 46 39 19 29 19 41 31 17 22 21 29 15 14 13 20 27 34 32 20 17 11 23 34 32 27 22 19 34 25 23 17 24 30 15 8 4 16 14 17 27 37 37 33 28 41 24 40 33 33 46 16 17 19 31 34 36 34 40 31 20 13 
27 26 22 45 33 15 29 24 37 26 7 11 22 24 21 24 24 24 29 34 38 31 24 19 17 25 30 24 18 19 32 25 24 23 31 37 22 12 11 21 17 18 28 34 38 29 27 36 22 32 24 31 48 19 22 21 27 35 26 15 22 31 29 20 
32 34 34 43 25 12 24 26 32 20 12 18 31 27 28 32 29 25 21 8 14 13 17 22 17 27 24 18 8 10 24 25 24 17 13 29 17 20 24 5 13 23 27 31 29 27 28 28 19 24 18 24 34 28 27 25 28 32 17 15 33 42 46 41 
57 54 55 49 30 20 22 20 17 3 18 32 46 39 37 41 35 29 23 26 26 23 19 14 12 26 25 24 13 6 14 22 29 26 13 22 11 24 33 8 20 24 36 36 33 26 21 14 15 11 12 20 34 33 35 32 30 32 17 13 29 41 52 50 
31 29 32 38 36 36 30 24 15 13 20 27 41 27 31 32 31 32 26 29 19 12 6 8 19 28 30 26 21 14 14 12 26 26 7 10 5 29 37 11 19 27 34 30 32 21 11 12 12 5 11 24 31 32 26 27 18 24 10 12 28 33 46 45 
26 22 19 31 32 41 31 27 13 20 27 26 37 23 17 15 30 31 34 41 20 23 13 22 32 34 29 25 19 17 12 4 24 29 15 11 8 33 35 1 7 18 20 16 18 19 19 13 8 11 17 19 19 21 18 26 19 24 19 15 17 20 31 31 
43 46 46 49 49 48 37 28 8 25 30 25 33 18 11 19 43 46 46 44 23 33 24 31 35 36 31 24 17 20 20 18 28 32 27 24 14 35 34 3 10 18 13 10 8 9 27 24 16 24 24 25 19 17 15 19 13 17 15 7 7 24 29 27 
31 33 41 55 49 45 29 19 17 26 22 13 18 14 26 40 47 40 32 25 25 34 26 30 36 36 33 26 22 17 16 4 27 30 32 22 17 36 32 13 6 17 6 5 7 10 40 34 31 32 30 23 13 13 9 12 5 12 8 18 27 26 23 17 
24 26 34 54 50 32 19 17 22 25 17 15 21 23 35 43 34 20 19 19 27 32 19 25 28 28 27 26 22 20 26 24 32 26 24 11 5 34 29 14 6 13 6 6 5 12 43 34 26 30 27 19 10 6 5 11 8 14 20 31 34 26 22 26 
30 24 23 43 45 17 2 13 32 32 27 15 13 11 23 34 14 20 19 13 32 16 5 11 21 24 20 19 17 17 27 18 34 31 30 26 19 27 30 15 12 13 14 11 17 19 42 46 33 34 26 24 22 15 5 13 5 10 15 28 21 10 26 33 
26 27 22 36 38 14 15 23 30 24 18 6 8 9 23 29 17 13 12 12 36 19 15 15 14 23 15 15 14 13 34 21 26 28 38 45 45 36 34 17 15 7 17 14 17 20 41 56 39 38 32 26 20 12 13 16 20 19 25 32 9 15 31 43 
50 44 39 39 33 9 12 24 34 30 29 27 27 21 19 21 29 34 30 20 34 19 28 24 17 27 12 22 12 17 45 39 35 34 38 36 36 25 24 20 22 14 26 24 25 28 45 65 48 42 32 26 23 15 28 24 36 37 42 43 18 22 38 52 
23 21 24 31 20 12 12 19 25 21 11 5 13 20 31 38 32 27 28 5 34 34 41 42 37 41 24 33 16 15 50 43 34 39 38 37 37 32 28 25 24 15 27 31 36 38 41 67 51 44 41 32 29 23 36 34 52 54 55 49 26 27 40 55 
20 16 24 25 10 17 15 26 29 20 10 11 22 28 31 29 19 22 35 15 39 41 54 50 43 50 28 48 33 15 50 43 20 32 40 39 46 43 24 26 23 20 34 39 45 45 40 67 48 41 42 34 33 25 36 41 62 62 68 58 37 31 38 57 

6 10 24 46 34 35 43 57 34 29 15 23 45 45 32 32 14 13 22 24 23 22 18 20 35 42 27 32 36 34 41 36 36 32 29 28 31 72 136 189 229 255 207 121 71 25 53 46 18 14 13 30 17 34 27 34 42 39 45 64 54 48 60 66 
23 27 37 53 36 31 38 47 32 30 19 26 39 45 25 33 17 13 27 26 19 23 22 22 36 46 38 36 35 31 36 35 27 25 17 17 41 79 141 194 232 246 200 121 69 25 44 41 23 23 16 25 9 31 21 24 36 38 40 50 39 36 52 57 
39 41 51 59 33 34 41 50 36 27 14 17 36 41 24 33 22 11 27 24 15 21 17 24 39 45 35 29 34 34 39 36 30 26 17 16 48 90 143 196 228 235 194 123 76 42 25 33 22 26 25 11 8 25 15 17 29 38 37 42 27 24 30 38 
42 38 41 48 27 41 43 45 36 22 8 16 31 39 25 38 29 14 20 23 13 19 5 19 26 43 32 36 46 28 33 34 29 31 5 17 55 95 145 193 223 226 186 112 72 55 21 27 19 14 24 8 22 26 17 17 13 20 25 23 13 32 32 44 
32 32 31 38 28 45 39 45 36 32 18 9 27 32 22 32 37 22 16 23 9 22 6 22 13 32 26 37 55 29 32 32 27 29 27 29 62 99 152 200 220 214 170 96 53 49 30 27 22 15 33 29 40 39 37 20 11 13 22 11 11 37 21 28 
14 15 17 19 33 57 37 40 34 27 28 13 20 26 32 39 38 25 10 20 13 22 9 29 6 26 18 32 48 20 22 22 12 18 24 16 62 99 151 204 223 201 157 88 43 38 26 13 10 5 32 34 39 32 33 27 31 19 15 17 19 38 15 6 
29 32 32 36 50 56 27 22 18 19 31 22 17 9 12 29 30 24 19 25 22 29 27 32 30 42 40 39 39 15 13 5 17 20 27 20 60 103 158 206 224 194 145 93 60 48 37 23 15 13 33 31 37 12 15 19 37 34 10 12 10 42 23 3 
43 38 37 38 45 44 24 22 21 17 29 24 24 22 26 35 34 34 33 31 29 32 35 39 40 44 29 22 25 16 27 20 24 13 25 25 62 107 166 213 223 183 133 86 50 39 34 30 20 17 24 27 43 33 34 26 31 35 6 16 3 32 31 16 
28 22 12 10 18 29 21 28 22 22 21 13 8 4 12 27 26 34 34 36 32 29 25 21 19 21 17 31 32 29 26 24 21 22 32 43 79 121 173 211 216 169 121 86 53 34 33 39 17 14 24 36 57 52 43 33 22 28 6 12 17 38 43 39 
53 47 43 26 20 22 32 43 38 33 15 5 7 6 15 29 19 24 19 18 19 19 15 15 12 12 21 38 21 21 20 27 24 34 50 74 103 140 178 208 206 158 120 91 57 28 31 36 15 12 20 26 39 38 29 27 4 22 8 5 16 25 31 24 
65 54 45 29 24 24 27 30 18 16 17 17 22 25 31 38 32 27 17 10 11 8 10 7 6 9 26 32 19 12 12 14 10 27 49 74 104 145 180 199 194 155 121 101 64 35 32 38 14 15 23 26 31 36 39 46 28 26 16 17 25 18 26 21 
63 47 34 29 36 31 25 20 3 24 19 10 10 13 17 22 19 12 13 10 6 12 11 16 19 17 23 19 19 25 23 24 24 28 52 83 108 147 176 190 182 147 118 98 57 24 24 28 12 26 43 31 34 35 41 43 30 19 18 18 29 27 36 36 
60 48 35 35 38 20 17 17 15 27 23 13 16 19 22 19 23 19 27 16 20 19 20 18 22 9 17 17 23 29 27 24 22 19 54 87 114 154 180 184 174 147 117 91 43 21 20 25 13 32 39 9 7 14 26 32 31 20 14 16 25 19 15 19 
55 46 37 40 33 5 9 11 13 24 9 4 8 15 10 4 10 13 19 23 29 24 20 18 24 25 21 26 34 39 45 39 31 24 61 95 117 164 185 187 175 149 116 84 36 25 15 24 20 41 45 26 27 22 24 25 28 11 10 3 19 28 20 24 
53 49 48 44 31 7 12 17 32 29 16 7 10 14 7 3 5 20 18 20 20 16 14 15 34 25 7 16 27 34 43 49 43 38 81 104 125 178 201 190 178 148 106 72 31 22 12 20 19 34 37 21 15 6 15 26 34 32 31 25 20 22 20 27 
53 51 54 51 34 16 10 13 16 9 13 12 12 13 11 8 17 24 13 13 10 22 20 24 34 30 8 13 24 22 23 29 15 23 92 120 138 192 212 188 162 131 85 55 32 16 5 17 29 40 32 24 15 11 13 10 9 19 29 34 25 22 24 30 
48 48 48 40 25 17 13 15 27 24 26 19 17 19 15 11 17 13 10 20 12 27 26 28 41 31 15 12 15 19 17 23 20 41 113 143 157 206 216 174 146 117 72 47 35 23 11 13 19 28 31 34 28 23 21 15 8 22 33 36 32 24 17 12 
47 45 53 39 33 17 12 10 20 12 15 9 1 10 17 10 17 13 16 29 13 30 34 33 38 31 20 10 12 19 18 41 42 69 130 166 176 206 212 166 130 100 60 43 41 26 14 13 27 32 41 39 32 22 15 20 23 34 34 39 31 24 20 12 
47 47 60 55 57 41 26 18 24 19 19 13 13 15 20 12 12 20 27 45 31 27 31 31 36 31 29 13 12 13 14 50 59 93 150 187 191 211 200 155 111 82 55 52 52 47 26 17 20 14 22 12 10 19 30 41 39 34 32 34 29 23 23 20 
37 36 47 39 46 41 14 16 24 16 7 3 6 12 17 13 8 18 17 42 26 24 31 27 32 37 42 20 14 7 29 69 79 105 159 191 195 194 178 133 93 69 59 53 51 45 24 19 21 14 20 11 5 19 27 45 50 48 37 33 27 26 34 33 
27 22 27 12 42 45 31 29 26 21 15 15 12 8 10 3 4 13 10 38 29 27 21 15 18 36 51 22 15 14 46 87 99 121 162 192 191 184 158 120 83 60 48 41 41 36 22 27 36 36 36 23 9 21 20 32 39 33 26 20 16 13 19 29 
13 13 20 15 44 49 32 28 22 22 18 24 21 27 22 22 15 12 10 33 32 21 6 12 22 41 56 22 22 34 71 108 126 149 183 198 197 173 146 107 74 52 45 31 31 30 22 23 29 30 17 13 12 17 24 34 36 35 27 19 13 7 11 19 
29 29 29 26 46 39 22 15 10 22 24 26 23 29 19 17 9 8 13 31 39 32 29 32 29 40 49 20 36 54 94 124 147 166 188 189 183 157 114 81 44 41 29 16 19 25 16 12 12 23 14 18 21 17 20 24 34 39 36 27 19 13 19 23 
30 27 34 37 48 39 17 15 24 31 38 35 29 29 12 10 13 21 21 36 43 34 38 32 29 35 32 25 57 84 121 145 163 178 180 171 161 130 81 52 27 34 34 28 27 12 12 6 12 35 21 21 21 24 28 26 27 38 40 27 10 12 26 31 
37 36 31 27 34 32 19 13 10 23 38 39 36 33 17 6 12 19 27 38 50 42 45 39 32 23 15 35 72 106 143 168 187 190 179 159 138 108 58 35 19 24 34 38 41 27 19 15 17 38 22 24 22 16 26 32 29 31 39 27 20 13 15 20 
34 26 15 20 29 32 33 27 27 29 39 38 37 31 19 12 5 14 25 42 46 45 39 39 26 22 29 65 103 139 178 194 201 200 179 144 115 85 41 33 35 30 31 32 36 26 17 20 16 36 26 31 27 19 32 36 36 34 39 28 24 20 11 13 
16 12 19 26 21 27 29 27 25 19 25 24 29 23 17 16 20 19 28 37 35 36 31 29 13 17 45 88 126 168 201 209 209 196 163 121 84 58 36 40 46 36 32 24 32 19 12 12 20 31 24 29 26 25 32 30 33 22 22 19 19 22 14 12 
5 10 15 27 8 19 21 27 32 32 36 27 34 13 12 12 13 12 17 27 22 28 23 11 22 43 76 109 142 182 205 209 201 181 142 99 62 41 27 35 40 29 16 18 33 19 3 16 31 34 22 26 22 29 32 22 27 20 24 29 26 24 17 21 
5 6 12 25 17 28 32 37 43 36 37 26 26 9 15 18 20 13 11 21 16 20 31 31 43 66 98 124 159 196 208 204 189 159 113 74 43 26 17 25 31 24 36 37 32 15 9 22 33 22 22 10 15 22 19 10 19 17 25 26 16 20 24 29 
8 9 8 17 22 30 24 19 25 20 31 17 15 6 13 20 25 21 15 24 13 20 41 47 62 88 124 148 178 209 208 184 159 116 70 39 22 10 8 15 15 17 34 32 26 7 19 25 27 15 22 4 10 19 14 17 24 26 37 25 16 20 31 29 
16 17 23 24 26 29 17 11 12 6 21 6 5 10 17 26 27 31 31 38 36 38 60 77 95 129 161 173 189 204 174 143 125 79 46 31 20 15 11 17 12 26 32 18 9 10 26 27 24 4 24 13 22 13 5 14 26 42 47 33 26 26 39 38 
15 20 17 13 8 20 15 14 10 10 29 22 22 23 22 26 32 37 49 69 76 85 109 133 148 175 201 200 194 180 138 105 86 45 30 15 13 21 26 25 22 32 24 2 7 17 29 23 10 12 17 19 17 10 6 17 22 34 32 7 9 12 36 35 
27 31 33 31 31 30 22 21 17 26 45 43 45 40 36 34 38 53 78 106 123 135 161 180 187 199 215 194 170 149 104 71 58 24 24 12 15 29 25 24 21 26 9 10 21 22 31 17 6 13 8 8 13 12 16 22 21 34 40 32 25 23 24 24 
22 22 24 24 29 40 33 22 20 34 51 41 42 47 54 61 68 95 117 142 152 166 180 197 201 203 198 164 131 102 65 41 31 9 15 6 11 24 22 18 18 15 14 24 23 18 19 14 22 23 22 13 15 22 26 35 26 14 29 12 18 14 23 24 
24 20 29 37 40 53 51 43 38 52 62 50 48 59 74 88 111 137 161 173 194 199 203 204 202 187 171 142 109 76 44 24 17 13 18 13 24 27 23 16 24 13 19 21 13 15 23 26 36 35 38 35 22 21 18 29 32 7 31 18 17 19 19 18 
29 29 39 44 46 58 56 47 40 56 68 61 62 78 95 111 134 164 178 197 208 211 199 194 182 149 121 97 69 42 27 19 20 25 23 29 31 22 15 17 22 13 26 18 15 12 8 13 22 19 38 36 24 20 19 35 39 21 38 26 16 14 14 12 
39 41 47 52 54 69 80 81 77 76 85 79 83 101 121 140 159 181 189 194 197 189 170 152 142 94 64 46 31 18 6 12 21 27 31 36 34 17 21 26 27 30 32 27 32 33 28 31 29 29 37 32 17 14 19 29 34 15 33 20 13 20 24 29 
74 72 79 76 81 87 107 116 120 118 117 110 113 130 149 169 181 189 185 178 173 163 133 108 100 55 19 24 22 15 9 8 16 20 27 39 29 16 21 22 26 24 17 8 8 10 8 19 11 11 19 17 11 13 18 19 22 20 47 45 42 46 47 50 
142 136 133 128 128 129 138 146 149 148 148 145 151 164 175 188 193 188 180 161 147 131 102 73 72 41 20 24 19 19 17 10 12 9 21 39 17 17 17 20 26 16 7 10 15 16 15 19 7 19 13 1 5 12 19 10 12 28 46 43 40 43 45 45 
199 189 185 178 172 170 175 180 177 168 163 158 156 168 173 181 175 168 154 131 107 92 67 43 49 41 13 16 9 15 26 17 14 9 17 34 17 22 18 18 26 15 10 14 17 22 24 29 30 32 19 13 10 16 22 12 12 26 40 43 43 44 43 43 
241 233 224 216 209 204 206 200 190 171 157 145 146 152 157 154 144 122 107 81 70 62 48 28 34 36 18 15 8 19 24 22 19 26 26 40 23 23 15 8 20 14 12 13 18 19 16 16 12 14 17 15 12 14 15 3 17 28 41 46 41 38 34 29 
249 244 236 231 222 209 193 180 164 143 132 127 130 135 128 115 100 69 48 33 31 32 24 15 22 34 25 17 19 24 25 20 19 22 23 31 24 17 13 5 17 31 32 32 36 38 32 24 16 19 27 15 8 12 10 20 20 28 41 36 36 32 27 19 
213 213 216 219 212 201 177 159 135 119 104 104 102 103 89 81 68 48 29 25 21 27 14 10 11 31 38 20 25 31 27 21 20 22 19 27 25 20 13 15 17 25 22 10 21 31 29 22 15 20 20 19 12 10 24 25 19 27 38 40 43 38 31 21 
138 145 150 160 161 155 134 119 94 78 64 64 59 50 33 28 19 18 5 21 18 35 26 23 16 19 45 28 34 38 29 21 14 10 12 17 20 19 8 21 22 26 21 15 24 32 37 32 20 36 26 21 20 16 39 17 19 30 37 38 36 27 17 12 
82 85 83 88 84 83 69 65 50 35 22 20 24 17 12 21 31 41 38 38 12 16 13 29 34 15 34 20 33 43 33 27 19 12 8 10 17 14 6 19 24 28 32 26 28 21 17 15 22 41 19 15 12 11 47 26 16 32 36 39 41 43 47 52 
38 36 36 40 41 41 36 40 35 27 9 20 26 24 20 16 17 18 22 41 20 12 16 21 38 19 34 17 31 36 35 25 19 9 8 16 24 22 17 21 8 22 29 29 40 11 4 6 25 44 18 12 15 13 43 21 17 33 36 35 38 30 24 27 
20 18 8 15 17 23 28 39 42 36 29 35 34 34 33 29 27 24 14 31 14 8 25 19 29 24 20 11 22 27 27 25 26 5 12 19 32 26 25 26 5 19 30 34 52 22 24 19 29 39 17 10 17 15 39 16 22 33 26 27 31 26 30 29 
55 51 46 41 30 19 5 20 38 22 15 19 24 24 27 29 26 20 7 19 14 13 30 24 32 34 31 22 17 15 24 8 24 12 19 25 33 32 26 29 24 32 35 38 52 27 25 22 29 37 13 18 24 16 35 24 34 25 18 24 22 19 22 24 
55 49 41 46 41 25 15 13 43 28 7 10 19 24 16 20 24 26 10 8 9 19 31 22 22 26 19 19 20 16 29 6 22 17 20 22 29 23 17 23 22 24 24 27 46 30 31 25 23 34 13 18 32 21 39 39 50 36 24 21 20 17 22 26 
15 15 17 50 47 24 25 15 50 31 14 9 20 26 9 10 20 31 21 13 16 15 28 19 19 27 18 15 6 6 27 10 7 14 19 21 19 19 16 15 20 19 20 19 35 29 20 29 15 34 19 24 37 17 26 32 41 29 25 29 36 37 40 42 
14 9 19 55 46 20 28 6 39 26 16 28 32 26 13 3 9 24 22 25 26 18 20 11 19 29 27 22 22 8 23 8 9 11 19 22 15 15 8 8 18 20 13 16 14 20 13 29 7 27 25 34 48 32 33 35 35 24 24 26 30 24 22 24 
22 17 25 58 40 17 27 15 39 17 6 15 19 21 16 8 11 26 31 39 39 35 26 27 15 15 19 15 19 10 15 13 17 19 26 35 21 12 11 19 23 19 13 13 10 20 12 33 5 16 12 28 41 32 34 34 34 19 9 8 12 6 15 17 
41 38 39 53 21 11 22 17 35 11 12 19 27 16 11 10 10 21 20 19 15 8 10 29 29 20 18 12 13 12 9 12 22 24 21 29 17 17 22 13 12 13 13 8 13 12 22 22 6 11 16 30 32 29 32 33 30 21 11 5 15 11 3 13 
48 52 53 55 32 22 13 13 25 5 9 19 38 29 26 24 22 24 24 26 25 20 13 22 17 20 11 7 15 16 13 5 26 31 35 27 15 17 29 14 10 13 25 20 28 19 17 14 10 12 10 24 30 29 32 32 27 19 6 3 10 15 15 13 
33 32 35 46 39 37 20 26 30 20 11 5 35 22 29 34 35 33 19 22 19 26 12 17 16 13 19 15 19 20 20 13 9 29 36 35 24 24 31 13 15 17 22 16 26 22 20 19 19 13 4 10 22 24 22 24 14 12 3 10 17 24 26 22 
53 44 27 36 20 36 21 32 35 23 25 21 42 24 12 19 30 28 17 29 19 29 15 17 9 6 15 11 19 24 22 16 8 29 38 33 24 27 27 9 17 20 13 7 15 25 30 19 12 14 13 10 3 10 8 19 8 15 14 17 16 18 20 19 
67 61 48 54 33 41 32 40 33 24 27 23 38 25 18 29 48 47 43 40 25 38 16 15 11 5 16 11 12 19 23 18 15 31 41 35 20 23 21 14 21 22 12 6 2 21 39 29 30 32 30 24 14 15 5 16 12 21 17 18 17 20 24 20 
48 46 43 60 41 45 32 32 29 27 34 26 32 27 29 46 44 32 24 20 19 35 22 17 12 15 19 16 18 16 18 16 22 35 41 27 20 27 22 21 22 23 12 6 5 33 58 49 50 47 45 32 20 15 5 9 5 10 7 21 18 13 9 7 
32 28 42 71 52 43 28 27 28 31 30 35 38 39 37 46 25 8 14 25 37 42 29 24 13 7 10 11 12 18 28 28 27 33 33 23 15 24 27 24 24 24 10 4 6 32 56 41 34 40 45 37 20 11 1 10 10 13 15 27 24 17 15 13 
19 21 36 66 52 36 19 16 25 34 36 31 31 28 24 36 12 13 7 12 34 25 20 20 25 17 12 13 15 16 34 31 39 35 29 15 8 28 31 27 20 21 14 12 18 32 53 45 29 45 39 41 34 27 13 12 5 11 20 36 20 21 24 26 
33 36 44 56 39 22 16 19 24 28 26 26 31 27 27 34 10 14 9 13 39 15 15 11 23 27 15 19 12 14 39 27 24 31 30 34 39 36 38 31 20 20 19 17 22 22 46 47 27 36 38 37 35 26 19 8 10 15 20 25 10 22 29 34 
57 55 52 49 31 15 6 20 24 31 20 26 22 24 20 30 29 29 31 21 42 16 17 15 24 38 22 27 17 17 49 34 24 20 19 22 31 32 39 40 29 26 28 26 27 24 46 50 25 31 26 29 36 29 30 15 25 24 24 22 14 33 36 39 
24 26 33 30 21 19 12 23 25 27 9 11 21 26 34 39 35 22 26 11 38 10 19 20 27 50 27 38 29 26 56 47 30 22 20 24 38 40 47 45 34 36 38 34 34 25 36 48 31 31 34 27 34 33 34 18 39 26 25 26 28 41 36 36 
16 17 21 21 13 24 19 29 27 29 10 13 23 30 32 34 29 21 21 8 36 8 22 22 29 53 26 50 31 20 56 42 18 23 29 36 46 50 46 48 35 39 38 45 41 28 24 41 23 22 38 23 41 36 38 20 49 26 27 26 39 52 39 29 

26 24 21 34 21 28 42 62 37 20 10 16 34 35 16 19 13 4 20 18 20 17 22 20 24 34 24 17 17 5 17 20 32 28 27 41 73 122 171 193 198 197 139 62 27 8 54 47 17 14 3 29 13 27 21 34 34 19 14 41 38 39 46 46 
38 36 34 41 26 34 41 57 34 19 13 22 34 39 15 20 12 4 24 19 15 17 20 21 31 35 31 25 17 7 19 26 29 26 28 45 81 124 172 194 194 185 129 62 28 13 43 39 12 15 11 29 8 27 20 31 30 20 4 36 20 25 39 41 
53 48 44 45 26 43 45 56 39 21 11 17 30 38 13 27 20 10 29 22 13 17 20 22 33 34 20 13 24 22 28 26 29 32 26 39 84 124 164 192 192 173 126 62 33 22 29 27 15 22 19 29 11 24 19 29 29 28 27 39 20 30 22 29 
41 34 26 28 31 52 48 48 36 28 17 20 29 34 16 31 28 19 29 21 13 13 12 10 32 36 32 29 33 15 21 24 22 36 18 38 89 130 163 185 186 163 114 55 43 41 26 19 9 8 15 21 24 31 22 19 13 19 19 25 7 31 23 32 
29 28 29 31 39 57 37 36 28 29 27 17 19 24 15 30 32 20 21 21 12 20 10 10 26 38 31 39 46 25 29 29 23 32 15 44 96 138 171 192 182 150 98 37 36 41 31 15 16 10 25 29 45 42 31 20 11 16 20 15 12 39 20 24 
15 20 17 13 33 53 24 27 29 29 29 20 15 10 23 34 34 13 12 23 19 20 15 17 22 40 32 33 34 15 11 20 17 27 19 46 108 148 187 202 189 138 76 17 17 32 21 13 27 24 38 36 47 39 37 27 31 21 18 16 17 41 15 4 
29 30 35 37 53 53 26 17 20 25 35 34 34 17 19 27 20 7 15 23 29 34 32 34 38 51 43 29 23 12 19 21 22 24 24 49 112 163 199 217 198 131 63 27 24 30 30 32 38 31 45 38 49 31 25 18 26 28 15 13 15 35 21 9 
48 45 43 43 45 42 20 13 19 22 37 38 38 32 37 39 23 21 29 32 39 44 41 40 41 43 21 7 11 26 33 24 23 23 30 63 123 173 213 222 195 127 60 27 20 29 38 48 45 36 41 27 39 34 29 29 36 31 10 11 7 32 21 9 
21 15 11 9 15 19 8 19 25 29 32 36 35 23 30 37 15 26 29 31 39 36 31 25 22 24 8 26 25 26 34 26 26 38 57 94 142 184 218 222 190 121 71 39 31 34 46 54 45 30 31 36 52 52 45 33 27 22 10 12 13 32 32 27 
17 23 30 24 14 8 20 43 44 39 30 29 29 22 30 36 11 20 19 24 32 32 26 17 19 12 14 29 15 17 27 29 27 39 75 116 160 192 222 214 183 121 78 58 47 42 51 58 39 26 17 21 31 33 24 17 17 22 11 7 17 31 36 32 
25 26 29 22 16 6 20 30 24 19 17 11 24 31 39 46 36 33 19 21 29 24 23 11 11 3 26 28 10 5 22 23 18 40 81 119 155 196 211 202 171 124 88 77 65 58 56 55 40 24 12 17 26 38 37 35 33 29 22 20 22 21 26 21 
42 38 30 27 32 26 28 29 15 22 24 12 18 21 23 29 17 12 15 15 19 20 21 20 27 19 28 17 17 26 31 36 37 51 94 131 163 192 201 183 156 116 89 79 61 56 49 46 27 27 32 32 39 43 50 39 34 26 22 19 27 24 33 36 
50 44 36 33 34 28 30 32 20 27 28 18 24 29 30 29 19 19 22 20 24 26 29 29 28 16 20 17 24 26 26 26 26 50 103 137 164 196 196 173 148 116 87 71 54 54 37 33 22 31 39 22 20 18 26 23 27 27 24 19 24 12 19 27 
49 43 34 27 22 5 12 16 13 24 17 8 22 31 36 32 24 21 19 24 29 26 19 18 28 22 20 24 27 30 31 33 31 56 115 145 166 197 192 169 142 114 83 65 47 46 29 13 17 44 54 46 45 27 26 24 22 16 10 8 23 22 8 14 
52 46 41 34 19 6 12 21 29 34 18 16 30 37 41 36 28 29 20 19 20 16 8 16 36 30 19 25 33 31 36 45 44 72 128 157 173 203 195 164 134 104 72 52 33 39 22 12 12 34 50 36 33 19 17 25 29 24 17 5 19 27 15 13 
47 44 39 39 24 20 14 10 13 13 13 17 30 36 41 34 31 27 12 16 16 19 8 15 29 32 24 26 27 12 8 27 46 82 146 174 182 206 194 151 116 89 53 41 32 26 11 12 31 41 44 36 27 22 14 20 9 11 17 8 25 27 27 26 
45 38 35 24 19 11 10 11 20 22 26 25 31 36 35 24 22 20 12 18 15 15 17 16 29 34 26 27 26 22 20 46 65 111 168 194 194 210 189 142 104 78 45 35 25 20 17 13 25 35 39 38 36 33 31 27 20 22 27 17 25 27 24 16 
48 41 39 23 36 19 15 8 13 8 13 6 15 21 23 17 10 8 7 28 20 23 19 18 29 32 28 20 12 14 28 64 90 131 182 211 199 201 180 129 91 71 43 38 32 19 20 12 30 31 34 30 26 24 26 25 28 29 26 24 26 29 28 27 
40 34 41 39 55 40 28 17 13 10 10 14 12 14 16 13 8 18 24 49 27 12 14 7 32 32 30 24 14 15 38 79 112 147 194 221 209 196 170 120 76 57 45 46 46 38 36 9 20 24 21 20 6 15 23 32 35 36 31 27 26 22 23 24 
22 19 29 18 45 35 13 14 18 12 10 15 16 17 24 17 19 28 24 45 29 14 14 14 31 36 38 19 13 32 62 103 129 154 189 209 195 175 146 98 62 50 47 48 48 40 31 13 26 19 14 10 7 25 10 22 31 39 31 28 23 23 25 28 
13 7 25 17 48 42 26 28 31 29 23 19 13 5 11 6 13 25 26 48 36 31 20 14 24 38 48 21 20 50 86 130 152 165 185 196 176 151 117 78 47 38 42 38 41 36 31 21 35 36 31 29 12 29 12 9 17 26 23 19 13 10 20 24 
26 27 38 31 47 41 20 19 15 15 9 8 14 17 21 20 19 22 24 38 32 25 20 28 29 38 47 20 45 79 124 160 178 185 187 180 160 129 95 60 34 36 34 32 36 36 32 20 23 23 12 24 10 27 15 12 16 27 26 15 12 5 9 16 
42 43 45 41 41 34 9 17 17 20 7 6 16 23 29 25 23 21 22 35 50 43 45 38 25 31 41 45 88 119 157 184 197 189 182 161 138 109 69 41 19 36 34 26 31 36 32 26 13 20 12 32 23 27 25 20 18 27 29 20 10 11 14 18 
45 45 48 41 33 27 10 20 19 18 13 13 9 14 8 6 8 12 5 17 35 24 26 13 16 26 46 76 119 151 190 209 208 197 173 139 109 85 50 27 15 33 35 30 29 28 24 21 3 29 19 31 24 23 29 29 19 28 31 25 17 8 8 10 
41 41 35 29 15 17 13 8 10 17 27 34 33 31 24 15 5 12 14 19 38 25 17 6 22 38 58 102 137 168 204 221 218 201 173 131 93 69 36 27 22 15 21 29 31 31 27 26 10 34 25 29 32 23 38 29 22 23 31 27 20 17 19 17 
38 34 32 30 16 22 19 13 20 24 33 36 31 26 19 19 10 6 8 21 34 24 16 16 39 52 85 130 163 188 226 225 210 191 161 117 78 57 27 19 24 12 15 23 30 27 19 22 3 29 22 30 34 24 41 32 35 34 40 33 22 15 17 17 
33 29 27 34 13 22 19 13 13 13 20 13 20 16 18 24 29 32 26 29 29 22 13 35 53 76 109 151 175 206 233 221 197 170 133 94 60 44 24 17 34 28 27 26 31 27 16 18 9 24 21 29 31 26 42 27 31 19 29 31 17 18 15 17 
21 23 23 32 14 19 9 14 24 20 27 20 19 15 21 30 30 29 20 18 14 21 38 62 87 111 138 166 183 206 220 206 175 145 110 71 52 40 32 24 40 31 29 27 39 32 6 10 25 34 22 21 17 26 35 18 26 25 38 45 28 13 6 14 
15 13 9 24 24 34 31 34 34 20 23 10 9 17 25 34 32 31 25 26 32 48 77 97 114 135 156 175 187 208 207 183 145 112 79 50 39 34 27 23 33 30 35 39 40 27 2 13 31 27 15 15 12 22 28 12 17 20 37 36 17 20 29 37 
5 8 13 21 22 31 24 26 29 24 29 19 18 19 27 38 43 47 47 57 67 83 111 132 146 161 178 182 187 201 182 143 107 72 41 27 22 26 27 23 26 23 38 38 38 20 15 25 31 18 13 15 16 27 27 19 19 19 38 31 19 19 26 27 
20 18 15 18 14 17 24 29 31 22 23 11 12 19 26 42 56 67 76 92 103 114 138 162 171 194 204 198 186 184 142 101 74 40 27 19 23 26 31 24 23 22 35 27 25 15 22 32 32 20 11 6 10 16 18 17 24 35 50 32 30 21 36 35 
20 16 14 13 10 17 30 37 30 26 29 22 23 33 32 46 65 85 104 130 143 154 174 190 193 206 213 194 168 145 98 65 49 22 21 20 21 27 32 27 24 28 34 13 13 12 27 34 20 14 4 4 15 12 10 15 17 32 38 16 17 17 33 29 
24 21 29 26 29 25 32 36 35 33 48 45 52 49 52 60 79 107 135 160 175 186 195 200 192 191 192 157 125 95 58 32 31 16 16 15 24 34 38 31 30 27 21 10 17 22 27 23 13 19 19 6 7 4 6 14 15 35 43 29 33 22 28 24 
10 12 24 25 34 37 43 47 45 49 62 52 57 67 79 94 116 152 170 187 196 197 188 189 176 164 157 117 82 52 25 8 19 15 7 16 22 34 29 19 20 13 4 15 17 12 13 11 27 34 34 20 5 15 21 26 15 22 40 20 22 8 26 25 
26 33 44 52 58 68 71 74 74 78 85 74 79 91 113 133 161 188 195 202 209 197 176 164 150 128 119 94 69 48 29 16 13 10 5 12 28 24 24 12 17 3 12 15 12 13 12 22 34 38 42 36 19 21 14 26 21 19 36 16 20 9 22 21 
61 62 66 71 67 81 87 91 92 97 106 100 104 119 133 154 173 194 190 196 193 178 148 134 118 79 67 53 32 24 27 20 14 10 5 15 30 27 22 12 21 12 22 22 17 19 12 19 24 15 36 35 21 15 15 27 27 24 40 31 28 24 32 32 
90 91 89 87 89 104 119 128 132 128 130 121 125 136 154 173 182 190 178 166 157 138 105 93 80 36 26 36 27 12 10 16 19 17 9 20 27 17 19 15 27 22 25 20 18 22 26 31 32 31 38 39 22 4 8 25 30 23 33 13 12 18 31 39 
135 131 123 120 118 129 146 163 167 170 163 157 154 168 176 190 192 189 161 141 126 109 74 55 55 19 12 27 23 15 10 16 17 14 12 24 19 16 11 16 27 19 14 17 18 12 18 27 17 20 21 23 10 11 17 22 22 20 34 26 30 41 51 58 
201 192 178 170 159 163 167 178 182 183 181 175 171 176 178 184 182 168 140 114 92 69 43 31 45 25 13 30 27 21 12 9 13 6 15 32 15 18 9 13 27 15 10 22 23 21 19 21 10 23 16 12 12 15 26 17 11 18 26 22 24 37 46 55 
230 222 207 195 187 184 186 185 185 180 171 161 152 153 149 149 142 130 108 81 54 36 19 16 38 27 8 27 22 20 21 9 12 15 25 43 31 27 18 19 30 15 13 24 20 17 17 27 30 34 22 15 16 24 32 18 12 13 21 22 24 39 43 51 
229 222 206 194 189 182 178 170 160 143 128 117 114 119 115 111 102 84 60 43 34 26 22 12 27 26 12 22 16 19 19 12 12 19 22 39 30 21 19 10 21 10 16 26 22 21 16 11 12 9 20 19 26 27 22 13 14 16 22 22 26 34 43 39 
199 194 182 178 167 158 143 130 116 101 88 85 88 93 86 77 68 45 24 13 13 14 16 15 24 26 24 35 27 24 19 11 6 12 8 19 22 13 17 11 20 29 33 37 38 37 34 31 29 27 36 29 24 21 14 17 14 9 23 24 23 34 37 36 
140 142 141 140 137 130 110 91 78 64 51 46 51 55 43 43 41 31 20 13 9 23 14 16 22 29 33 31 19 22 15 13 12 13 10 11 20 19 19 16 8 15 11 15 15 22 21 19 16 14 26 14 18 16 26 23 16 11 24 34 39 45 40 36 
67 73 71 74 78 80 65 55 43 29 17 8 20 27 21 21 26 29 19 22 19 29 21 23 24 29 41 40 29 27 20 16 8 6 9 10 15 17 8 16 12 8 13 15 27 31 39 34 23 28 22 17 17 20 39 17 15 18 24 27 32 34 32 28 
24 24 17 12 10 10 8 20 30 29 22 24 27 27 23 27 39 44 36 34 18 22 17 26 33 19 43 36 29 39 32 27 18 10 6 20 31 31 22 20 4 10 15 19 26 31 33 28 31 41 20 10 12 15 50 20 13 16 29 34 44 55 63 64 
17 20 15 19 18 15 13 24 29 31 19 26 27 20 13 14 32 38 43 41 27 20 16 17 33 24 39 29 30 38 35 31 21 11 12 20 31 27 29 24 13 15 13 20 23 17 21 23 42 48 23 14 10 16 48 18 12 25 32 38 45 45 43 38 
30 31 27 29 28 28 27 34 39 40 32 37 36 33 19 8 22 28 36 39 26 19 20 15 26 15 24 20 29 37 38 38 29 15 12 17 26 19 19 14 21 27 22 32 37 26 26 24 46 52 29 20 20 23 46 20 13 23 27 25 35 33 36 34 
58 53 47 43 31 26 20 26 41 31 24 30 30 30 22 15 21 25 27 29 24 18 22 7 15 19 23 17 18 17 28 19 20 10 13 17 24 24 20 20 34 42 32 38 42 18 15 10 34 45 21 17 26 21 40 22 24 13 17 24 25 22 32 29 
49 41 34 44 39 23 21 26 51 37 26 22 23 24 13 16 19 22 19 20 22 17 17 4 11 15 17 16 17 13 27 10 15 8 13 15 22 17 13 16 32 33 25 29 37 20 22 13 27 40 17 16 28 26 39 36 39 21 19 20 26 27 39 39 
19 12 17 47 41 23 26 23 50 43 27 13 12 21 6 10 12 16 9 11 12 13 15 12 15 19 17 17 8 11 24 4 6 7 12 20 17 16 8 10 26 33 24 24 29 24 24 19 15 35 21 22 34 36 36 38 34 14 23 31 41 48 55 52 
18 13 21 55 44 19 27 19 46 30 21 26 29 32 18 11 11 20 9 12 10 12 11 22 24 28 27 25 26 10 21 4 10 10 12 20 15 19 9 6 22 29 22 17 10 22 22 27 8 24 26 36 50 52 48 39 32 14 13 22 30 25 36 31 
24 22 32 52 31 13 24 19 45 18 11 9 19 22 15 10 17 24 30 34 37 35 32 34 8 12 17 16 20 5 13 10 10 13 12 22 17 13 15 19 30 29 23 13 14 20 16 28 12 10 12 27 39 46 46 35 25 19 7 14 20 15 24 20 
49 41 42 47 17 10 20 19 31 3 12 20 31 26 21 12 11 17 20 23 27 29 25 37 24 23 20 14 15 17 14 7 12 14 15 13 17 16 23 22 20 17 18 15 22 17 20 26 12 4 10 28 36 44 38 29 22 17 11 10 17 17 22 22 
36 36 45 45 26 15 12 17 24 15 26 36 43 29 22 12 19 29 27 35 41 40 25 21 10 18 21 20 22 27 27 22 8 13 21 16 13 13 26 21 20 17 19 20 27 18 12 20 17 12 10 27 36 39 33 21 13 10 12 15 19 17 11 3 
16 14 36 49 44 39 21 31 36 30 32 31 39 27 29 31 37 33 25 32 34 44 24 20 13 19 33 31 15 15 20 25 12 6 20 21 21 24 27 21 26 22 14 15 26 18 16 24 29 26 17 12 22 27 24 20 7 7 17 18 17 24 20 15 
30 28 34 47 20 32 19 41 40 24 32 27 42 22 8 15 32 31 18 36 29 40 15 13 20 27 33 32 12 20 21 26 22 7 13 15 10 21 17 12 27 26 5 6 15 29 33 19 20 21 26 16 13 15 7 26 13 19 23 24 21 15 11 8 
50 51 54 64 10 29 20 45 43 12 22 16 32 20 13 26 46 41 36 42 26 42 10 13 26 30 37 29 5 7 13 21 17 9 14 17 12 20 15 19 33 32 9 8 5 27 41 35 43 37 40 28 13 17 5 23 19 29 32 29 22 17 13 8 
33 38 49 73 13 27 18 43 43 4 16 9 27 26 19 38 36 26 20 21 13 36 10 10 26 32 37 29 13 11 17 20 10 8 12 18 16 19 6 20 36 39 19 14 12 43 65 60 60 51 50 33 17 17 10 27 27 29 27 31 22 12 18 19 
26 32 48 75 26 28 16 38 41 13 25 26 33 34 28 41 26 10 19 26 36 43 31 20 27 31 31 33 23 21 34 32 17 12 19 25 19 20 9 20 30 29 14 11 15 46 57 43 38 41 49 41 27 26 10 22 14 19 17 27 14 6 6 10 
28 31 43 65 32 34 23 34 32 27 34 27 17 17 15 37 15 12 10 12 31 28 19 13 25 29 29 30 31 24 39 34 31 23 15 21 14 17 10 16 28 23 12 12 19 44 49 41 29 41 41 37 39 38 22 18 13 9 17 27 17 17 6 13 
47 48 53 52 24 30 24 39 28 35 29 24 19 14 15 31 12 7 13 15 36 19 13 5 21 29 31 32 25 22 44 25 13 20 25 38 32 22 10 22 26 24 15 13 21 29 39 39 15 28 24 30 36 36 26 13 11 20 24 27 12 20 22 29 
62 58 57 39 22 20 20 36 32 42 24 14 4 8 20 32 20 25 22 23 40 22 18 11 20 34 19 26 13 10 44 32 13 12 15 22 20 15 16 25 24 22 17 8 23 14 34 40 21 27 17 16 30 29 30 13 20 26 28 23 23 32 32 35 
29 36 37 27 25 27 27 41 35 45 21 12 23 29 29 38 24 20 29 24 41 30 25 13 25 43 19 27 9 22 56 46 27 24 19 20 23 29 30 27 24 24 22 20 29 17 32 48 42 40 34 14 26 28 32 9 29 34 28 19 29 48 50 49 
25 31 29 24 24 29 36 43 38 47 22 18 26 26 22 32 32 24 26 19 42 27 31 16 24 45 15 38 14 15 54 41 20 27 29 29 29 34 24 30 22 31 27 28 35 29 31 46 41 30 45 15 25 27 35 10 40 39 18 10 31 56 65 58 

50 46 34 17 8 32 37 58 36 19 15 8 29 37 26 21 20 11 21 15 14 11 24 25 19 29 27 14 17 13 10 15 16 8 54 83 126 173 193 171 145 131 76 39 33 26 28 32 21 20 5 20 9 24 17 31 26 20 24 42 36 34 32 34 
60 52 43 32 23 38 35 52 34 18 14 12 25 33 15 17 19 11 22 15 10 9 15 20 17 22 22 10 5 8 8 15 10 27 58 90 130 171 191 171 143 119 72 39 38 32 29 27 13 17 5 24 12 23 18 33 27 19 19 32 19 25 24 31 
60 54 42 29 27 42 34 49 41 30 17 12 19 29 17 24 28 19 24 20 7 15 15 27 33 35 25 22 21 21 15 15 12 40 60 82 127 168 183 172 143 111 67 32 36 36 21 17 11 19 19 28 14 26 22 31 24 24 23 37 20 32 14 21 
37 33 20 8 34 52 31 42 37 38 27 22 20 26 15 30 34 25 22 17 11 21 22 32 44 49 42 31 27 12 15 20 10 43 51 76 129 166 182 171 145 108 66 37 48 50 31 17 6 13 13 16 18 26 23 26 13 18 15 27 5 36 18 22 
22 23 24 27 48 60 34 26 23 30 29 21 15 13 13 36 36 18 9 17 19 32 30 39 53 54 46 40 36 29 23 26 16 43 47 86 136 176 187 175 141 97 49 40 51 52 37 13 15 12 15 9 29 34 31 15 12 14 15 21 15 39 14 13 
13 19 23 16 40 52 18 10 20 31 34 31 20 8 17 31 32 12 17 24 22 36 34 41 50 56 40 29 22 11 10 23 29 46 52 95 149 182 192 174 143 81 26 25 32 41 32 24 30 25 27 16 35 34 30 20 15 18 17 20 16 32 15 12 
34 30 32 38 46 49 27 17 16 25 36 42 37 36 27 26 22 13 27 22 32 41 37 31 45 44 24 12 9 23 24 28 36 42 59 106 160 192 201 183 137 69 10 19 21 37 39 31 28 15 43 31 48 44 37 20 14 18 23 19 17 31 26 28 
48 42 43 36 42 45 29 17 7 6 20 34 45 50 55 45 30 25 39 29 39 39 38 31 28 30 5 12 17 26 33 32 41 50 71 117 166 197 204 178 131 60 14 15 16 27 33 35 25 24 40 26 41 45 39 41 36 32 20 18 9 20 27 28 
13 7 8 16 26 35 34 31 31 25 22 27 43 42 48 46 24 24 32 20 22 21 24 20 19 25 18 22 19 15 32 34 48 72 106 141 179 204 204 169 123 60 29 15 23 22 31 38 17 17 35 36 53 62 53 43 33 21 7 15 7 20 29 29 
8 10 24 26 27 26 29 41 48 43 35 34 44 40 50 45 20 20 19 13 17 13 24 18 19 20 20 24 11 8 38 38 48 77 112 144 180 199 198 164 123 69 48 44 45 30 22 32 15 6 13 13 26 36 30 29 31 15 12 15 18 26 33 31 
13 21 25 24 22 17 24 35 32 33 34 26 38 34 45 52 32 29 20 13 17 6 23 13 19 16 26 24 7 9 34 40 48 78 120 143 170 195 192 157 117 79 55 51 47 33 12 28 20 21 15 15 11 28 31 32 38 31 25 24 23 23 22 17 
27 33 35 31 31 26 34 38 22 26 35 28 34 27 32 36 12 8 3 2 12 13 27 23 22 19 21 10 17 20 41 51 67 91 133 150 170 187 180 145 117 80 54 46 31 32 10 19 17 22 34 32 34 38 39 36 32 25 15 10 15 22 26 32 
31 34 37 28 27 22 32 35 24 28 36 29 32 26 28 27 13 8 17 17 25 26 34 26 27 13 12 12 20 23 39 53 71 101 145 159 175 189 173 140 111 79 52 37 27 36 15 19 17 29 34 29 22 16 20 17 25 25 26 23 20 10 15 26 
25 28 30 20 12 10 17 27 19 30 32 27 31 27 30 30 26 21 15 22 26 25 21 21 22 17 12 20 27 28 46 61 82 114 154 168 182 189 166 133 105 72 43 32 26 40 21 8 20 46 55 52 48 42 27 23 20 18 17 14 25 20 8 10 
31 31 32 26 13 12 13 25 32 41 34 26 29 20 31 24 30 33 26 22 26 18 12 19 21 24 21 27 38 45 58 74 96 126 171 185 187 187 161 119 88 56 33 20 17 31 23 15 11 19 34 21 24 30 24 29 19 19 24 10 27 23 13 10 
28 28 31 30 29 24 15 18 23 27 19 17 27 22 29 29 32 35 26 26 27 22 17 23 17 26 26 39 49 53 63 88 119 152 190 203 194 177 143 100 64 40 25 25 26 23 22 19 16 22 24 14 16 31 31 44 35 28 28 11 31 31 27 24 
29 27 24 16 27 19 9 13 15 26 20 24 34 27 27 17 19 26 24 27 25 22 22 23 21 29 34 46 60 67 86 111 144 178 207 216 192 165 129 83 47 32 13 6 11 13 20 18 10 13 26 24 32 39 42 55 46 40 35 18 36 31 26 22 
34 31 26 15 36 23 11 15 13 17 8 8 19 26 26 21 17 14 17 35 36 35 29 18 22 29 36 53 62 81 100 130 166 192 214 218 184 146 114 69 35 31 15 14 14 15 32 21 3 14 14 13 15 26 34 46 46 42 28 15 31 31 27 29 
22 26 29 31 60 41 29 22 10 8 7 8 12 13 13 15 17 11 13 38 23 5 7 8 27 30 39 57 72 95 114 150 179 197 211 215 170 125 97 51 17 17 15 20 25 14 35 15 13 26 21 26 17 19 17 32 34 37 22 16 20 19 11 10 
12 8 19 15 52 41 27 27 19 11 10 18 22 26 27 27 25 29 28 45 32 13 11 14 33 31 36 54 83 116 141 171 198 197 197 189 145 98 64 30 10 19 26 29 32 26 38 20 17 18 6 21 9 29 9 15 15 26 17 8 15 19 19 17 
16 16 27 26 58 48 38 39 38 29 24 25 23 24 27 24 26 32 38 51 41 32 19 15 27 29 38 61 99 144 171 196 211 200 183 161 122 76 48 25 13 17 12 12 17 14 32 22 29 30 26 34 13 36 13 11 5 19 13 4 8 14 20 24 
29 30 36 33 52 45 27 29 19 3 10 16 23 29 32 31 29 38 39 46 44 32 34 36 33 30 41 74 123 172 200 222 225 206 175 141 100 61 33 22 17 22 17 19 23 20 29 27 12 13 7 33 8 35 14 14 7 20 22 11 12 15 19 23 
36 32 34 32 43 39 25 21 19 10 12 20 22 34 38 34 33 40 43 53 64 55 53 37 17 24 59 105 160 198 222 234 223 194 160 115 81 55 30 23 13 29 23 21 26 32 31 33 12 14 12 35 20 32 29 21 5 17 22 13 12 13 15 18 
36 31 30 31 25 26 19 16 19 11 12 24 19 25 27 28 22 33 29 32 41 29 27 15 34 51 90 136 182 211 232 229 213 180 139 96 61 43 24 21 15 23 30 23 24 25 28 32 10 16 17 32 24 22 31 26 6 15 25 24 17 6 7 11 
17 15 14 27 10 22 12 14 19 15 22 34 36 40 37 37 25 27 25 25 42 34 28 40 56 74 110 157 185 209 229 220 193 169 131 94 55 38 24 23 23 9 19 24 26 26 30 32 15 18 15 26 27 26 39 29 15 8 22 24 12 20 34 38 
8 4 12 32 6 24 10 12 20 19 29 30 29 31 30 34 28 28 22 27 47 41 40 58 81 99 138 179 196 213 223 197 163 139 104 79 47 31 16 14 24 14 17 22 26 27 25 31 20 14 14 21 29 25 44 31 24 24 34 37 15 16 28 33 
18 10 13 38 9 26 15 14 19 8 14 8 17 23 25 29 32 33 36 38 53 58 69 96 117 142 170 200 206 215 214 173 130 104 72 54 35 29 19 18 34 31 27 29 27 35 27 27 17 15 13 22 24 22 41 23 21 5 31 38 13 27 37 43 
15 20 17 32 9 24 6 10 19 12 18 10 15 21 21 28 29 34 36 50 65 85 102 127 147 168 188 205 201 198 185 140 98 71 50 39 32 32 24 25 36 30 12 18 30 38 26 24 25 31 29 27 17 20 33 22 35 41 49 51 27 21 22 26 
34 23 16 22 19 29 21 18 15 7 13 12 15 25 23 25 28 39 53 76 95 118 141 157 164 183 196 199 189 188 162 107 64 45 23 29 18 24 13 11 28 20 24 26 36 41 19 18 22 29 29 31 20 29 32 22 28 35 41 36 8 12 23 29 
17 19 19 29 22 26 17 13 16 16 20 20 23 27 23 32 44 66 91 116 132 156 172 182 188 202 204 193 175 166 123 67 34 12 14 14 3 10 7 5 20 17 29 34 38 34 13 15 20 19 23 32 29 33 34 24 24 23 35 22 10 16 24 26 
26 20 19 17 14 11 19 16 18 15 15 17 21 30 35 53 72 100 133 159 175 183 196 208 205 217 215 192 157 137 83 32 15 12 19 17 19 17 16 11 17 8 28 26 29 27 15 20 22 14 15 26 26 29 25 24 31 37 46 28 24 19 26 29 
23 21 24 24 19 15 22 17 20 24 35 40 48 59 64 81 101 131 163 192 202 204 208 206 194 195 188 156 116 87 39 10 23 13 14 11 8 6 17 11 17 19 29 18 14 15 17 30 17 8 15 18 26 24 22 24 25 33 40 12 21 23 39 38 
24 22 35 32 34 31 35 33 36 51 64 74 80 88 94 106 128 161 190 208 213 212 206 196 176 163 154 105 69 43 16 15 27 21 13 10 10 29 35 34 34 33 29 23 23 25 23 20 10 19 27 22 21 22 19 22 31 39 38 24 37 35 37 35 
32 39 46 50 52 57 62 65 67 81 93 95 100 115 124 143 166 194 201 211 206 193 175 159 138 123 111 76 44 22 8 11 19 17 12 12 15 23 27 23 29 31 31 32 26 20 12 8 27 34 43 31 21 16 15 22 17 30 34 8 29 26 44 44 
72 77 86 90 94 100 105 107 112 123 131 125 132 143 156 176 198 212 202 201 190 166 142 122 100 79 81 66 47 39 31 17 11 4 15 17 29 30 37 41 45 40 40 38 26 21 11 17 32 27 38 32 22 16 8 16 18 22 28 7 24 24 36 35 
110 110 110 107 106 113 124 135 143 157 158 156 157 167 171 186 190 189 171 159 146 118 94 77 60 31 40 41 17 19 24 15 10 2 22 29 41 45 50 50 51 43 38 30 24 21 15 22 27 7 24 29 21 15 9 22 21 22 32 31 39 36 44 41 
142 137 128 120 117 130 147 167 179 184 180 171 166 171 174 182 178 171 140 123 107 79 50 39 31 1 28 44 31 12 11 15 18 8 18 27 45 48 54 50 47 32 22 15 9 11 19 29 20 19 26 34 26 13 8 19 25 23 27 24 29 30 34 30 
176 170 156 149 140 150 168 184 197 200 195 181 175 177 176 180 173 153 119 97 79 50 26 15 26 13 20 35 23 12 13 21 23 12 8 30 43 46 48 43 37 17 6 15 20 17 14 25 14 17 17 25 22 6 16 22 21 14 21 19 32 34 39 38 
208 199 185 171 163 163 170 174 182 183 179 168 164 160 158 156 145 126 95 71 52 24 15 8 26 15 26 38 20 13 8 23 27 21 6 26 34 35 38 29 26 11 12 22 19 20 14 20 14 27 26 24 20 3 19 20 17 14 18 13 24 29 33 36 
201 194 180 171 163 159 158 157 154 149 142 133 124 121 117 111 97 83 61 42 22 9 17 2 25 12 18 34 17 17 22 26 28 27 24 29 34 32 32 29 28 16 26 32 21 19 19 22 32 39 34 22 15 8 22 15 10 11 12 8 20 31 31 32 
166 160 149 143 137 134 129 123 112 99 91 86 83 88 85 78 71 55 35 30 22 22 23 8 23 13 17 31 6 7 17 26 29 31 21 22 25 24 27 21 22 2 23 34 22 23 20 20 25 19 17 12 13 21 18 4 13 12 16 13 24 30 32 34 
112 112 106 105 105 98 92 79 71 61 58 55 58 65 62 53 48 32 24 14 17 24 26 19 27 22 31 41 25 20 20 27 32 32 24 7 13 24 24 22 22 19 31 34 27 29 34 29 33 28 36 30 25 22 6 9 7 8 12 10 17 26 32 38 
60 66 64 64 66 69 53 49 42 36 29 27 27 38 31 24 26 24 21 13 8 24 17 13 17 15 24 38 10 12 17 22 26 26 20 13 15 23 26 21 20 17 21 22 13 10 12 13 15 7 18 11 9 8 20 21 17 6 10 16 24 25 26 31 
10 16 15 16 24 33 26 27 26 28 17 13 24 34 32 24 19 24 23 20 15 32 20 18 21 26 36 39 12 6 19 19 19 11 13 15 13 27 28 24 26 24 25 27 26 25 26 22 10 17 18 15 15 16 32 15 17 11 4 2 10 15 23 28 
32 44 48 48 46 36 21 20 27 36 23 15 19 24 33 26 32 33 27 24 14 28 20 22 29 26 37 32 15 11 12 18 13 12 7 19 32 36 32 26 21 24 24 32 35 36 32 20 19 29 20 20 19 21 46 12 21 8 5 14 26 41 53 57 
26 35 36 41 41 31 15 17 26 38 20 12 15 13 26 26 29 36 30 28 17 22 14 22 38 32 39 29 15 14 15 15 13 23 22 26 32 35 29 32 26 27 23 27 29 26 26 26 40 39 10 8 9 23 52 19 20 17 15 20 27 32 35 31 
32 38 27 36 32 31 24 26 31 39 24 27 22 15 20 18 26 32 32 28 24 19 17 17 26 22 27 22 21 25 29 32 32 29 30 27 27 18 12 11 29 27 22 34 32 31 25 24 50 47 20 20 19 29 50 16 13 20 21 19 28 26 29 28 
57 54 42 39 29 24 15 24 34 29 6 20 24 29 22 13 17 27 32 28 20 19 17 13 17 26 31 22 12 17 25 28 31 29 27 20 17 15 19 21 37 35 24 31 26 21 15 2 38 46 15 17 17 27 43 16 8 8 22 21 24 20 29 29 
35 33 20 38 33 22 17 17 42 30 10 12 20 21 19 13 17 25 30 30 27 20 15 9 17 26 26 19 19 15 27 17 26 25 22 13 19 18 20 17 27 29 10 18 24 19 24 6 30 43 20 13 13 17 34 27 29 16 21 21 26 32 44 52 
10 11 21 48 38 20 17 15 46 37 29 19 20 24 15 10 6 20 26 32 25 22 13 20 26 27 24 25 14 17 23 15 17 20 19 12 11 11 8 9 20 26 15 17 26 27 28 12 12 38 31 29 24 22 19 19 22 11 18 28 38 48 60 66 
15 10 17 40 32 19 24 11 34 18 18 29 32 36 25 22 14 15 20 17 13 11 13 29 35 39 29 28 20 11 19 13 16 19 19 14 10 15 6 11 21 22 14 8 12 25 30 28 10 18 26 33 34 33 30 22 26 20 16 12 24 30 45 57 
20 22 28 42 33 22 20 15 34 13 11 12 20 22 17 17 16 21 20 20 19 20 28 35 24 25 21 19 18 7 15 14 12 13 11 12 10 9 17 29 34 32 27 21 25 20 10 26 12 3 11 20 18 26 26 15 20 27 21 7 25 32 52 61 
50 45 38 36 22 20 25 16 28 12 13 13 26 17 20 15 16 14 8 8 13 21 30 41 38 36 27 22 23 24 13 10 6 6 2 8 12 13 19 26 35 22 22 24 37 20 20 27 18 15 17 21 18 18 20 10 16 26 20 10 25 33 45 53 
22 26 32 35 29 24 21 17 22 20 19 31 31 26 20 14 19 20 17 26 34 40 35 40 34 38 27 31 30 34 31 24 14 6 9 15 8 13 20 23 40 30 25 24 38 26 5 21 18 21 19 24 20 15 17 17 15 19 22 16 21 29 35 39 
18 9 29 43 51 43 28 24 27 29 20 13 25 20 29 29 31 28 12 23 31 43 35 27 26 30 32 38 24 19 15 17 19 19 20 26 22 26 20 7 38 32 18 19 26 26 14 27 34 38 37 22 15 5 13 31 22 24 24 15 17 26 32 27 
27 20 28 46 36 38 24 34 36 22 27 24 33 24 18 19 29 24 13 31 27 41 25 17 19 20 30 38 15 19 17 18 21 19 12 24 12 24 13 10 37 38 10 12 19 38 34 10 11 22 36 22 12 13 15 39 28 25 24 15 13 9 8 8 
48 45 46 65 23 35 21 38 44 18 25 11 22 17 13 26 34 29 22 33 17 41 20 1 19 10 27 33 8 8 8 14 25 24 10 24 8 20 12 19 41 41 24 10 10 36 42 27 33 34 45 26 18 20 16 40 26 31 28 20 12 6 9 9 
36 33 43 71 18 38 21 32 45 16 31 20 19 22 16 29 26 17 16 22 6 31 14 7 18 6 27 26 10 10 18 12 17 17 9 22 13 16 11 23 38 43 29 24 26 58 70 61 62 52 61 36 25 29 21 36 27 31 16 17 13 21 31 29 
26 29 45 69 19 34 26 39 43 17 28 33 31 32 20 30 17 17 24 31 36 41 34 29 19 15 18 26 23 24 36 31 17 19 11 30 19 16 15 10 31 32 15 17 23 53 50 28 19 19 37 19 22 30 22 28 20 26 5 20 19 19 17 13 
18 24 41 58 17 38 34 45 40 5 24 22 24 24 14 30 15 15 15 25 35 32 31 26 29 22 21 24 28 30 42 34 31 19 6 29 17 18 13 8 26 26 12 13 22 50 45 35 26 27 30 18 29 39 29 23 22 16 10 26 21 20 8 1 
36 43 48 38 14 34 39 49 35 24 24 27 31 34 24 29 15 18 20 29 31 18 22 27 31 32 32 30 24 22 37 22 19 20 19 35 27 12 11 13 27 26 15 11 24 41 37 29 13 19 14 20 31 38 34 30 20 21 25 32 21 19 7 18 
45 45 42 22 22 31 29 43 24 41 22 16 27 32 31 32 13 8 11 20 31 13 17 24 30 41 28 32 20 17 43 30 23 17 13 27 20 12 11 7 20 26 16 6 22 26 34 36 24 31 20 22 28 33 39 32 24 24 29 31 22 32 26 28 
22 31 32 9 26 27 32 45 19 44 26 27 41 42 41 42 20 6 13 21 31 14 10 25 34 49 27 27 7 24 54 47 39 30 17 28 29 34 22 14 24 35 23 17 22 21 43 48 52 43 49 32 30 31 41 31 21 27 25 28 24 40 46 48 
34 38 31 8 27 29 38 45 18 52 34 32 37 43 39 42 29 3 2 13 27 8 15 24 34 51 26 34 11 25 53 41 29 29 29 32 34 36 17 24 25 37 25 18 23 14 26 34 32 31 54 36 28 29 38 29 22 32 16 14 19 42 58 62 

11 12 16 7 13 31 22 55 49 36 29 25 39 46 41 43 52 54 55 45 41 31 28 27 12 24 27 20 23 18 24 31 46 77 128 154 190 225 208 156 119 97 38 27 31 31 32 22 18 26 7 19 20 33 33 46 37 31 38 48 46 43 40 45 
29 29 29 27 28 33 18 50 46 34 27 23 31 39 36 34 47 46 51 45 40 34 32 33 19 25 19 12 17 19 26 34 51 87 137 161 192 220 202 154 116 85 36 30 36 36 30 22 21 24 12 24 20 35 34 48 38 31 32 43 32 34 31 35 
31 33 28 22 31 42 18 46 45 40 32 22 19 27 27 31 43 39 47 45 43 42 39 41 43 38 28 21 22 25 30 34 53 97 138 156 187 209 195 157 117 78 36 22 33 33 27 20 17 24 22 32 29 38 41 53 41 35 33 43 28 33 14 19 
7 8 8 8 36 52 22 38 43 45 39 29 25 22 13 27 39 32 41 42 43 43 41 41 51 45 31 17 11 13 24 33 58 101 135 157 189 204 191 151 116 76 33 30 36 38 30 26 18 25 26 36 31 41 43 45 36 33 32 38 19 31 8 9 
10 14 25 30 56 68 38 31 24 30 26 22 17 8 10 26 32 30 37 37 38 42 32 37 57 52 38 27 20 29 31 39 61 99 136 167 190 204 184 147 104 60 31 36 44 42 32 19 23 31 31 27 32 38 38 39 37 31 24 30 7 27 15 12 
16 21 26 26 43 61 32 10 9 24 23 22 22 15 17 26 35 27 32 26 27 32 23 25 53 46 32 20 9 23 24 41 72 107 140 173 196 197 182 139 93 45 8 22 11 30 35 32 36 39 39 29 24 27 23 23 20 24 19 22 7 26 36 39 
37 34 38 38 45 50 32 15 13 22 29 35 40 42 38 32 32 24 30 20 26 26 23 10 44 39 20 20 20 32 34 50 75 105 140 180 199 196 180 135 83 27 17 20 11 33 42 34 31 22 30 17 26 33 20 8 17 21 26 21 17 34 45 48 
50 50 45 46 39 47 34 26 24 20 20 27 32 46 52 42 41 27 38 26 32 29 35 20 26 30 14 22 19 32 45 57 81 111 147 183 202 199 176 123 68 15 20 17 19 30 31 34 30 19 30 13 27 41 34 31 35 36 31 18 13 26 33 37 
46 45 50 46 47 41 39 36 40 39 36 26 20 22 48 39 24 15 26 14 19 26 42 27 29 21 13 17 13 28 48 62 91 126 168 199 205 197 170 114 59 22 29 20 30 24 25 34 22 9 26 36 47 57 45 36 29 21 15 6 13 21 28 32 
51 50 57 57 54 42 32 29 36 42 43 36 30 8 39 42 20 17 22 15 16 20 34 25 22 14 17 19 13 26 57 75 97 134 168 189 197 194 166 113 69 45 52 51 52 33 16 32 21 7 14 19 29 39 26 11 12 12 10 11 17 24 26 32 
49 52 54 55 46 36 25 24 21 22 39 39 36 5 29 43 31 27 22 19 21 13 31 13 10 9 24 21 15 26 62 84 105 138 172 182 184 179 154 102 64 42 38 43 38 31 15 24 17 18 19 20 20 28 26 26 27 32 27 24 16 13 13 21 
45 47 53 53 48 33 36 33 18 15 36 40 41 22 14 30 15 6 7 8 19 15 30 18 19 18 17 19 20 37 72 100 121 150 182 183 179 175 142 98 69 46 35 25 10 31 19 17 8 13 26 26 28 34 36 27 22 19 12 13 10 12 15 23 
38 41 46 38 32 22 26 30 17 12 34 39 43 26 5 24 19 13 12 20 27 29 39 28 26 17 13 13 19 44 83 113 141 163 189 189 178 165 137 98 68 50 27 12 7 35 17 13 13 20 24 15 17 12 15 14 24 32 32 29 22 13 16 27 
34 37 39 30 20 17 19 29 17 17 31 31 43 29 15 24 28 25 8 15 22 22 27 27 26 17 12 8 22 57 93 133 157 179 195 192 180 157 123 89 62 36 18 10 14 38 22 5 26 39 48 45 47 41 36 36 32 31 35 34 35 23 12 7 
39 43 45 27 21 19 9 27 24 30 32 29 40 31 8 15 24 29 13 15 17 13 12 18 15 14 13 15 33 73 111 146 173 190 206 202 178 146 108 74 43 19 13 11 12 32 25 19 19 16 23 1 6 23 24 36 32 39 44 38 46 38 20 5 
39 40 43 32 28 30 13 26 12 24 24 22 39 36 24 24 24 24 8 16 21 16 9 21 8 12 11 19 46 86 117 157 185 205 211 209 175 128 91 60 36 25 24 20 17 24 27 24 23 16 24 3 4 21 32 52 46 43 49 41 55 43 36 27 
35 39 32 16 29 26 18 23 11 17 18 25 38 39 27 20 12 13 6 13 17 8 18 27 13 10 17 35 65 104 134 166 201 215 216 209 166 111 72 48 27 19 17 12 16 23 34 28 20 15 27 29 33 37 46 60 50 52 46 38 52 41 29 30 
28 31 19 11 40 35 26 34 29 22 13 13 23 33 37 33 31 24 26 33 38 32 22 21 16 13 20 45 72 113 134 168 202 218 216 208 158 96 64 45 23 21 17 13 20 20 36 24 8 13 13 17 20 29 38 54 50 50 38 31 48 39 32 34 
10 18 10 27 54 44 34 34 26 5 7 14 17 24 28 29 30 24 15 26 21 13 19 24 29 15 33 59 89 125 144 171 204 213 205 191 136 77 47 33 12 15 23 26 25 19 39 26 11 27 21 34 31 34 27 43 39 39 30 28 36 28 17 17 
26 24 23 36 60 48 36 35 27 15 13 17 29 31 31 33 30 26 16 22 20 13 24 26 26 19 39 76 112 147 164 183 209 197 185 161 108 48 27 21 11 19 28 36 32 26 38 26 15 19 13 27 25 41 27 36 34 39 27 18 24 19 12 14 
44 41 40 46 60 48 38 37 34 31 26 27 34 41 41 43 34 32 28 32 39 36 31 24 20 26 59 100 140 178 189 201 211 192 163 130 86 36 17 17 10 12 10 16 14 12 31 31 23 32 26 43 22 41 16 23 19 26 17 3 13 13 13 16 
49 39 39 38 44 34 22 28 21 12 12 15 38 45 47 48 39 32 22 20 30 18 34 27 24 43 83 128 167 200 208 213 212 182 149 104 61 26 17 20 14 22 12 19 12 12 26 32 6 6 10 38 16 38 15 19 15 22 19 7 11 12 14 20 
38 29 26 20 25 27 13 23 21 15 11 19 34 53 54 53 44 43 43 48 58 49 49 31 43 74 122 159 196 218 220 212 194 158 117 75 38 22 24 26 22 20 12 12 15 19 29 41 13 7 13 42 20 36 24 23 13 21 25 15 14 6 6 12 
30 20 19 24 16 28 15 19 23 9 10 19 29 46 48 50 40 44 38 36 48 39 45 63 93 117 154 187 209 215 212 193 165 119 85 58 23 15 23 24 21 25 26 23 12 15 20 38 16 15 19 36 18 31 32 26 15 19 29 29 20 17 20 24 
18 26 32 45 35 39 17 16 24 15 19 25 31 44 45 48 39 45 44 46 64 60 65 90 113 134 171 199 202 207 197 170 131 99 68 58 30 13 20 20 19 8 15 20 12 10 20 35 21 19 16 23 26 31 45 33 22 13 25 31 12 21 34 41 
49 52 47 54 36 37 13 10 25 21 27 21 23 29 31 43 39 50 53 64 79 78 89 109 138 156 188 206 205 199 185 143 97 64 45 50 36 14 18 14 20 17 13 20 16 10 14 28 27 23 24 20 18 24 45 29 22 20 30 35 12 13 12 12 
69 62 54 53 30 33 7 13 24 19 24 15 10 21 21 29 36 56 69 83 102 110 124 148 169 183 206 214 203 185 166 112 60 38 23 38 31 14 21 17 29 30 27 26 24 19 15 24 26 24 22 16 12 29 43 28 20 8 30 35 16 27 34 39 
65 58 45 42 15 25 14 24 31 22 29 16 10 4 8 19 37 62 86 109 130 142 156 172 186 198 205 204 183 158 131 78 33 15 7 31 31 29 36 25 31 29 14 12 23 31 22 28 31 34 31 24 9 25 37 31 40 48 50 48 28 23 21 20 
61 48 36 34 23 28 15 17 22 17 20 14 17 19 21 34 48 79 114 140 155 168 181 185 189 197 201 182 156 138 104 49 14 8 7 22 21 22 13 13 22 26 18 27 31 38 29 30 32 38 38 35 26 30 34 29 29 34 37 30 20 24 23 27 
44 43 39 38 30 25 12 8 16 12 12 6 15 20 24 48 76 112 149 170 181 189 198 200 201 204 192 163 130 111 71 24 19 24 25 25 19 22 19 19 29 29 30 32 39 38 35 35 34 31 26 29 27 36 37 27 19 12 20 20 28 30 27 27 
38 32 27 27 22 19 27 24 24 34 37 39 45 52 58 83 115 144 181 204 206 205 211 211 197 196 181 140 100 79 41 19 14 12 13 13 21 25 17 10 17 5 24 31 32 34 30 34 32 29 26 29 23 27 27 19 24 22 35 32 37 32 34 32 
46 45 48 44 41 41 44 41 45 64 76 88 97 107 112 126 144 170 196 211 208 206 202 192 171 156 133 93 59 40 19 20 14 12 13 18 20 19 19 14 17 11 22 13 15 22 20 27 20 15 22 21 24 27 24 20 19 24 32 34 43 37 40 35 
63 62 63 60 63 69 77 83 91 112 129 137 142 153 150 154 170 190 202 204 198 190 180 167 143 117 98 50 27 16 15 18 21 18 8 8 17 26 32 28 28 17 15 10 14 21 12 17 15 21 24 17 17 26 23 19 16 19 24 41 48 36 34 23 
97 97 92 91 95 102 112 119 130 150 162 164 175 179 180 183 198 209 201 191 175 155 136 118 98 73 61 24 18 12 11 5 14 16 10 8 11 17 15 6 13 5 10 17 22 23 11 10 27 40 49 39 26 19 19 19 11 18 24 38 40 25 32 23 
143 137 135 134 134 142 148 156 164 183 188 189 192 201 196 201 208 208 187 170 150 121 99 79 59 36 43 30 29 31 31 21 14 14 19 9 17 17 24 23 28 21 22 20 18 19 14 13 24 22 32 38 30 19 10 13 10 7 23 38 35 22 27 17 
168 159 150 145 140 150 160 176 187 199 197 196 192 190 187 180 171 164 139 123 105 78 61 41 29 6 36 36 21 21 20 11 6 10 23 14 17 15 19 17 24 17 19 16 12 21 17 22 22 9 24 29 26 13 7 18 13 16 32 45 41 30 28 19 
180 173 159 154 145 159 171 192 197 198 185 178 163 167 154 149 139 128 100 87 78 52 39 22 12 13 34 44 37 31 22 17 12 5 20 13 17 18 20 17 21 15 12 15 16 14 17 26 17 13 21 32 31 17 14 19 20 17 34 46 43 32 24 22 
181 175 164 161 154 158 169 180 180 178 161 149 140 137 131 129 116 98 72 59 50 30 23 15 12 15 32 38 30 32 34 29 21 13 22 17 22 21 20 17 13 8 17 27 29 19 17 23 13 19 13 29 29 11 16 26 23 5 24 46 44 34 25 18 
175 168 157 154 143 142 142 145 138 134 121 114 104 102 99 86 74 57 43 34 29 17 15 10 16 22 34 43 30 33 34 35 31 22 18 9 16 19 14 7 7 14 19 20 17 15 15 10 13 24 17 24 27 9 20 20 18 6 25 46 46 41 32 27 
143 141 134 130 124 116 111 109 98 86 76 69 59 57 50 39 25 19 19 19 10 15 17 6 20 13 27 39 34 40 45 43 34 32 23 19 22 24 15 12 15 19 32 28 15 15 17 8 21 30 27 27 24 12 26 19 12 5 17 33 41 36 31 26 
97 98 93 91 86 79 71 63 49 37 32 27 26 36 31 26 22 16 20 18 16 20 17 10 19 8 26 39 35 40 46 43 43 41 29 15 6 13 10 8 10 12 30 33 16 20 17 16 25 20 11 6 21 22 28 12 8 10 15 33 36 35 25 29 
50 53 50 48 48 44 36 30 29 19 20 19 22 36 33 26 22 13 13 15 17 24 26 19 31 22 29 47 43 48 48 50 44 46 40 26 8 12 12 10 14 16 31 30 15 14 22 20 29 26 31 30 32 30 21 15 9 7 11 20 28 25 26 27 
27 31 34 26 26 36 29 20 29 22 6 16 11 34 24 7 9 10 17 9 15 21 20 19 15 8 18 41 41 47 47 47 45 42 38 34 21 15 15 7 17 23 34 34 30 14 12 15 22 10 21 12 12 6 13 21 13 10 6 19 21 19 15 19 
20 28 31 18 17 27 24 16 24 24 19 25 29 41 37 19 15 6 19 12 15 24 17 11 6 10 20 44 43 48 51 49 45 38 32 31 27 23 19 10 23 28 39 41 43 37 27 24 8 15 22 17 18 13 26 17 15 15 12 6 10 12 19 24 
39 51 55 48 46 32 22 12 21 32 24 17 15 26 33 22 15 6 12 8 6 21 8 9 14 7 22 38 45 48 51 46 42 36 32 32 36 38 28 23 26 28 34 41 50 48 39 28 20 25 32 27 27 26 43 15 12 13 15 12 17 30 45 48 
26 33 21 17 17 22 20 15 22 39 31 19 13 17 35 27 19 17 17 15 11 15 8 14 21 17 25 29 37 46 39 41 36 31 32 39 36 38 35 33 39 30 27 33 31 36 28 27 43 32 16 19 12 28 53 20 22 13 16 11 21 31 44 48 
28 32 11 16 24 34 29 22 25 38 36 24 16 8 22 30 20 17 10 10 6 10 12 14 15 5 17 21 31 36 36 33 32 27 38 40 40 31 27 20 39 31 23 27 17 26 16 19 46 40 15 16 21 33 52 10 13 15 22 14 26 29 45 48 
51 45 26 22 20 26 16 16 22 30 22 16 19 19 22 26 13 14 15 10 6 9 19 20 13 13 25 18 20 19 25 24 27 23 30 31 31 32 27 27 39 36 21 22 9 20 18 19 45 39 5 2 7 27 44 13 5 12 26 20 24 27 37 46 
26 22 29 44 32 22 15 24 32 30 27 29 24 23 22 26 14 13 11 10 7 8 18 17 23 17 20 14 15 10 20 11 22 11 24 20 32 34 32 25 30 32 20 19 28 27 34 26 32 36 19 6 4 19 29 22 24 22 29 26 26 34 46 54 
23 31 34 45 31 16 15 13 34 35 38 36 26 22 15 16 16 17 17 24 15 15 24 27 37 34 30 26 17 12 22 9 12 3 12 12 12 12 11 9 18 25 21 29 38 36 38 27 27 40 41 36 31 26 11 13 21 19 29 26 33 45 55 60 
34 34 36 38 31 20 15 17 29 12 18 23 24 26 22 24 15 7 6 8 6 14 26 29 43 43 41 36 26 13 13 9 12 9 13 6 10 13 10 13 19 26 17 24 28 29 36 31 28 19 27 32 31 33 25 21 29 26 28 17 23 27 26 33 
29 29 34 29 17 19 12 17 30 17 24 14 15 20 14 21 16 10 12 13 12 8 22 19 13 18 22 23 20 17 15 20 12 11 12 7 5 8 20 24 36 29 27 29 34 17 13 22 22 13 12 19 16 16 28 15 27 31 30 14 30 31 25 32 
45 34 27 14 12 23 22 18 26 14 13 8 20 20 14 20 10 13 11 16 12 8 12 27 17 20 14 19 27 34 26 18 15 14 13 15 15 17 16 19 32 22 8 20 39 24 16 29 26 28 26 30 19 6 35 27 34 40 36 17 26 30 24 27 
12 12 21 21 29 26 27 25 23 24 22 27 28 19 16 18 10 16 14 21 24 20 12 20 15 24 24 24 33 41 40 33 22 11 10 17 12 19 20 26 46 31 11 17 38 29 19 28 21 29 25 30 19 5 33 36 31 36 26 14 18 30 32 39 
26 27 38 50 52 46 33 30 27 27 23 21 25 24 24 28 20 21 7 21 25 29 18 13 18 27 32 34 14 22 18 20 17 14 19 29 19 21 20 24 48 41 11 12 36 40 24 29 34 49 50 36 30 15 34 45 32 29 21 14 15 30 38 39 
26 32 45 57 50 50 38 39 34 17 20 17 25 24 29 29 19 17 8 24 27 34 20 12 19 23 39 37 22 22 20 17 27 26 19 27 15 27 26 31 50 48 12 6 26 50 36 10 10 32 52 30 24 19 27 46 31 21 10 10 12 7 6 5 
35 35 49 66 41 43 34 32 34 7 22 10 19 26 28 35 24 19 15 27 26 37 20 7 16 13 34 34 13 15 17 14 31 30 18 33 16 17 26 32 49 51 24 15 13 42 33 26 32 39 56 27 18 19 23 43 19 32 28 29 29 22 17 14 
17 19 36 68 34 45 33 31 36 12 22 10 13 25 29 30 13 15 20 27 25 31 19 12 13 12 28 26 13 13 20 13 24 27 20 34 13 17 29 32 43 46 23 22 24 60 58 55 60 56 69 41 35 30 22 36 10 34 18 26 31 32 32 30 
15 20 39 62 27 43 31 31 31 12 27 17 13 26 24 22 7 16 29 35 36 39 32 27 17 15 26 34 31 27 36 21 12 29 19 36 18 19 29 19 31 29 3 10 15 52 35 29 32 29 48 22 16 27 15 20 20 34 21 30 29 28 25 17 
12 22 38 46 20 45 36 44 33 13 26 10 9 14 15 17 9 17 23 32 39 34 24 21 17 20 22 27 31 26 38 24 14 15 8 34 16 16 20 11 31 29 9 7 18 49 33 29 32 29 28 13 15 27 16 11 16 28 18 31 31 30 20 12 
31 37 42 34 20 41 35 42 24 26 29 17 17 19 17 18 14 20 30 29 31 15 21 22 27 30 29 32 35 27 42 26 20 21 17 39 25 15 17 8 31 29 11 10 25 44 32 26 19 18 14 17 26 32 28 22 21 22 30 41 34 31 12 9 
34 37 38 24 24 32 25 32 5 39 29 13 15 22 29 28 8 13 21 33 31 19 13 15 25 27 19 26 29 25 39 33 24 19 17 28 18 15 13 8 29 30 12 8 25 41 33 24 20 21 8 16 17 21 22 24 16 20 29 39 37 33 20 15 
31 38 41 17 26 31 36 46 15 46 34 27 26 26 37 36 20 11 25 36 36 26 10 14 27 38 22 16 22 24 50 46 45 31 28 28 23 29 15 16 29 36 20 20 35 45 50 46 46 36 31 24 12 19 22 30 10 20 26 38 32 32 24 26 
39 47 44 14 22 27 42 55 22 50 38 29 25 19 34 41 28 15 24 37 38 28 13 13 29 41 23 23 22 29 52 49 45 39 38 32 31 36 15 28 32 38 16 17 24 33 42 38 39 30 39 29 12 17 24 29 15 32 28 34 24 27 20 25 

14 6 17 21 17 29 18 44 50 35 22 24 38 58 56 57 56 54 46 32 27 17 13 17 16 24 31 31 40 45 70 91 123 161 206 214 220 222 161 91 49 42 29 34 33 25 20 18 24 30 12 16 19 18 17 32 16 17 29 31 38 31 31 32 
30 27 29 32 30 34 20 37 44 27 19 18 28 52 53 55 58 50 43 32 22 12 17 24 23 27 29 31 39 50 74 95 133 173 213 216 219 213 158 93 52 36 19 24 28 22 15 13 19 28 9 17 20 26 25 39 20 19 24 30 31 24 18 19 
26 22 24 24 29 37 21 36 43 29 19 19 25 43 44 51 56 48 39 29 14 21 18 21 27 27 25 32 42 52 81 103 141 180 214 212 211 203 154 98 56 31 11 12 13 20 13 12 20 24 12 18 22 30 36 43 29 22 23 34 26 24 19 19 
6 8 15 18 36 50 20 32 39 34 27 28 26 37 39 48 52 40 32 23 14 24 9 13 31 19 6 14 24 45 72 98 138 178 206 209 206 191 150 100 64 31 11 14 19 26 22 17 14 22 10 23 30 40 39 48 34 29 22 31 23 22 28 26 
12 14 29 38 57 68 46 27 29 23 13 12 16 28 37 51 52 44 29 25 14 26 6 15 44 24 13 17 27 46 71 93 135 172 209 212 206 187 148 101 65 33 21 30 36 32 22 9 15 24 19 14 27 35 38 42 38 30 15 26 21 29 50 51 
28 26 32 30 46 63 41 13 17 18 17 17 19 20 32 40 49 43 30 19 14 25 10 10 45 26 19 17 18 41 64 93 134 172 204 213 204 181 147 103 66 33 23 28 22 32 28 20 24 34 32 28 29 35 34 39 34 27 20 26 31 45 66 71 
33 31 31 24 32 53 38 11 11 22 25 32 38 37 41 45 53 48 36 24 20 21 15 17 50 40 31 31 32 54 75 98 131 162 196 215 206 178 147 97 55 22 22 21 26 36 32 19 24 24 32 19 17 26 24 19 24 26 31 29 39 53 64 66 
43 40 34 29 30 46 43 31 24 15 12 24 38 32 43 40 51 47 41 26 24 13 24 14 43 38 31 30 34 61 84 104 129 156 194 213 204 170 137 84 44 13 21 15 29 29 22 23 24 21 26 19 22 32 33 31 36 32 27 23 32 44 51 53 
39 38 40 39 39 41 37 40 36 38 31 32 38 19 36 35 41 41 32 16 8 13 30 25 34 27 22 23 34 61 91 111 134 167 202 220 202 170 131 76 39 23 29 27 29 23 19 22 20 15 27 31 38 46 41 36 29 22 4 9 24 31 36 37 
38 37 47 48 53 46 31 22 26 29 33 39 44 14 34 32 35 34 25 16 10 17 29 30 37 31 27 26 36 70 104 121 138 170 194 202 192 163 126 79 54 48 57 53 50 38 27 22 16 6 8 14 15 24 24 17 15 20 8 10 14 17 23 25 
32 34 40 48 51 46 32 23 9 15 34 39 45 14 22 41 36 32 27 20 20 13 27 18 29 24 29 24 43 79 116 137 148 169 196 194 174 149 108 58 30 29 36 41 36 35 29 29 22 14 8 7 14 23 27 29 30 32 24 16 5 4 8 14 
31 37 43 45 52 43 39 27 16 19 34 44 43 22 12 31 26 18 17 13 20 13 27 17 27 28 23 16 52 85 121 148 159 180 199 188 170 142 94 50 24 19 15 17 12 32 31 32 27 22 18 20 22 26 31 30 22 33 20 19 13 11 9 14 
32 34 36 37 34 27 22 16 12 13 31 38 43 27 5 27 27 16 26 29 38 32 26 15 27 24 14 13 57 94 133 163 180 194 205 192 166 139 92 51 23 11 8 13 16 31 28 31 26 23 18 19 22 22 27 24 29 38 35 32 25 18 22 22 
39 40 43 31 31 29 26 32 27 22 25 27 43 31 12 26 30 27 21 31 34 32 26 26 33 29 18 20 69 104 147 180 200 209 209 189 160 120 79 50 27 21 19 12 15 26 20 25 27 35 36 38 36 39 38 42 40 44 39 36 39 34 31 14 
47 48 48 36 26 26 15 32 34 22 27 19 39 38 10 22 32 34 31 32 26 22 6 11 24 21 22 28 72 117 157 196 216 219 213 192 152 102 62 41 26 19 19 13 15 22 19 19 22 19 19 10 5 16 27 41 36 35 40 31 44 43 36 22 
50 48 45 33 33 36 22 34 28 15 17 19 40 45 26 30 31 34 28 32 28 22 13 20 19 13 16 37 83 123 163 199 221 223 206 184 136 83 48 36 22 19 23 18 12 14 19 22 20 18 20 11 11 14 39 54 40 37 36 29 53 46 39 32 
43 38 36 21 34 40 34 39 32 8 11 19 36 46 29 24 20 27 25 21 15 7 19 31 26 12 31 58 91 134 166 196 220 217 196 172 123 71 43 31 17 15 22 15 9 8 17 24 23 23 27 30 28 29 37 52 34 38 32 27 50 39 26 24 
34 34 24 26 50 48 41 46 45 24 12 15 22 39 39 39 38 34 29 26 29 29 24 32 12 13 48 74 102 138 157 181 206 202 176 161 111 71 44 39 24 21 24 13 7 8 26 28 13 17 15 14 18 23 26 44 32 38 29 28 46 39 27 25 
17 22 17 32 56 44 34 33 42 12 5 20 17 31 35 40 36 36 23 13 24 26 29 22 6 32 69 95 115 150 156 174 190 178 152 133 85 57 36 32 16 15 21 22 22 15 24 22 15 21 19 24 26 27 14 39 27 39 33 31 41 30 16 14 
36 33 28 41 52 41 30 25 32 20 17 26 24 27 26 28 27 26 17 8 26 29 34 39 42 67 104 124 143 163 168 170 181 156 122 98 61 40 27 29 19 26 33 35 34 28 27 26 14 20 6 21 20 34 17 38 39 45 38 25 31 28 17 20 
48 41 39 39 46 34 27 14 29 32 31 34 39 36 32 39 29 22 22 27 41 43 43 48 65 97 134 157 166 185 176 168 168 133 94 65 42 26 15 23 13 24 17 28 21 17 15 27 22 23 22 29 13 33 6 23 22 35 26 14 24 25 21 24 
38 34 27 23 26 24 19 17 13 25 30 33 42 47 39 43 31 27 12 11 28 15 32 61 92 130 166 183 195 198 186 171 160 120 77 41 17 15 12 21 14 21 15 18 19 19 13 36 17 22 26 38 18 36 6 22 16 29 26 22 29 27 32 34 
34 28 21 12 18 26 19 19 12 23 34 35 41 52 44 47 34 35 32 32 50 43 57 91 128 165 194 207 204 206 186 161 135 90 48 34 10 17 15 19 12 17 7 15 12 19 17 39 25 29 30 37 18 41 23 21 17 26 32 25 31 29 31 38 
25 23 20 23 24 36 27 22 12 19 31 29 34 42 36 44 38 41 35 41 58 63 91 133 169 190 215 213 201 187 166 133 102 55 32 44 24 8 15 22 17 23 27 26 15 22 19 43 31 31 31 37 20 32 32 24 13 19 28 33 34 32 35 39 
35 32 32 41 32 38 29 27 20 13 29 17 19 27 22 36 34 46 53 66 88 94 116 152 176 195 211 206 178 164 140 106 70 36 28 48 32 14 26 27 19 21 24 20 13 19 23 39 31 26 26 24 23 31 43 27 12 8 21 29 21 22 32 38 
48 35 29 30 17 33 23 20 19 14 29 13 13 20 13 38 44 65 78 97 111 120 138 168 186 201 209 196 168 145 124 83 40 17 13 43 38 19 34 34 29 31 24 25 19 10 16 32 32 27 27 19 9 24 39 20 10 12 24 27 10 17 11 13 
33 22 20 24 19 33 19 19 14 7 22 9 11 19 22 35 62 87 107 127 147 150 171 196 204 206 208 189 150 128 105 56 12 13 15 36 32 22 41 39 39 41 32 31 26 18 12 21 25 21 19 12 5 24 36 22 19 20 32 31 13 24 23 29 
34 26 21 21 15 29 16 18 14 12 21 14 16 24 34 56 79 111 133 157 173 183 193 208 204 199 186 163 124 101 82 34 15 6 3 22 27 35 50 47 43 38 24 24 23 20 13 15 18 19 22 15 17 26 31 36 41 49 51 38 19 20 11 15 
38 31 24 24 23 27 24 34 36 43 42 41 44 52 60 82 106 132 160 182 192 201 207 204 190 178 159 128 95 81 60 20 22 13 4 19 19 31 39 35 31 37 24 27 26 23 13 10 15 24 31 32 34 39 34 31 31 34 33 20 12 17 13 20 
39 39 41 39 39 38 45 54 65 71 74 74 77 83 93 114 138 162 185 195 200 201 202 193 178 161 134 102 74 65 43 17 24 18 17 21 24 27 40 44 43 41 36 34 32 28 20 14 13 16 17 20 27 36 32 24 15 10 12 6 18 24 29 34 
48 52 53 55 59 66 78 85 89 109 111 118 119 123 128 143 160 176 197 203 204 197 193 176 154 128 107 76 51 39 24 25 25 11 13 17 15 15 8 9 13 24 32 37 40 36 24 21 26 23 25 26 10 15 16 17 16 13 10 26 27 31 39 41 
93 96 97 95 93 100 109 114 123 142 150 155 158 160 163 165 172 182 191 185 180 171 158 137 106 78 56 29 18 19 22 29 20 12 8 18 19 14 11 8 8 15 22 29 33 33 21 13 16 15 21 20 12 15 17 13 16 17 26 39 43 39 45 45 
133 128 121 116 114 125 137 152 163 183 183 183 185 187 179 176 181 180 172 159 142 128 112 93 67 45 36 13 23 21 24 27 20 23 7 13 13 23 29 27 29 24 12 6 13 17 9 13 20 22 25 20 15 17 19 15 6 12 27 57 49 38 41 32 
173 161 148 140 134 148 160 175 185 203 197 194 196 196 192 188 192 185 161 133 109 81 62 48 38 24 26 9 21 23 18 15 17 25 17 10 16 22 16 9 15 22 19 15 16 19 8 13 23 38 48 42 38 24 19 19 13 14 31 51 46 31 36 30 
207 196 180 174 164 175 178 194 196 205 195 188 181 186 182 180 176 164 132 105 78 50 34 24 15 9 26 22 31 37 34 24 19 17 17 7 16 24 32 32 34 29 26 22 20 23 17 13 12 15 28 35 34 25 13 15 15 6 19 41 35 32 33 31 
210 201 183 175 165 173 183 200 206 203 187 170 158 154 149 140 128 114 88 65 45 29 26 13 11 9 29 29 28 26 20 12 7 13 21 10 10 10 13 10 16 21 24 24 22 26 23 19 14 7 15 26 26 15 9 19 22 15 20 32 26 16 9 13 
196 192 177 168 161 169 176 189 186 179 152 135 121 119 111 105 95 79 56 41 36 23 23 15 14 16 31 32 33 30 24 15 4 9 21 15 6 8 12 12 15 22 23 23 26 26 24 22 11 4 8 26 29 17 11 23 29 27 28 36 32 31 29 32 
167 163 157 156 148 151 152 154 148 139 123 109 98 93 90 83 72 56 39 28 21 22 21 17 17 17 25 20 22 26 20 16 7 12 26 27 13 8 12 9 10 21 21 29 29 24 19 19 16 11 7 25 29 14 13 24 35 26 22 28 12 12 6 13 
134 134 128 126 121 114 113 107 97 91 83 78 64 62 56 40 31 22 21 15 11 18 16 13 14 18 29 30 12 12 9 15 8 8 16 20 10 10 11 6 6 16 15 12 10 13 17 15 18 22 23 24 28 10 10 22 28 18 20 33 20 16 8 3 
95 99 96 94 87 79 74 69 55 51 48 43 35 31 26 15 12 6 12 17 7 17 16 13 20 18 21 28 20 26 28 19 8 12 17 26 13 12 11 10 17 27 31 24 10 9 17 20 22 27 25 22 23 4 13 15 15 12 19 30 20 15 9 4 
60 58 60 55 50 46 39 27 21 17 25 22 16 26 20 13 15 17 15 22 9 15 17 10 21 13 8 21 15 12 11 10 7 20 18 26 15 13 6 12 14 20 31 32 20 10 16 20 32 31 12 13 24 26 27 16 4 11 16 29 23 17 12 12 
31 32 34 19 26 38 22 22 22 8 27 22 21 32 27 20 19 13 17 19 18 24 23 19 26 24 22 30 25 27 15 15 15 22 25 34 20 12 7 10 11 15 31 33 29 15 13 22 33 27 23 28 31 34 26 19 8 13 15 23 22 19 17 23 
23 29 36 15 25 43 29 31 24 11 21 15 13 31 21 12 8 6 15 14 20 31 30 24 24 13 1 22 26 27 27 21 18 22 26 32 29 20 19 18 13 8 24 32 39 31 15 17 22 19 12 17 12 18 18 27 17 17 15 20 14 12 10 12 
20 23 31 12 14 30 27 26 21 17 22 32 32 41 31 14 13 9 17 9 9 26 17 13 9 14 12 21 32 36 36 36 34 33 27 34 38 39 37 31 26 10 16 26 45 40 31 21 13 12 10 19 12 12 26 24 16 15 13 13 10 6 12 13 
37 50 53 43 38 22 19 15 17 27 15 15 15 28 29 15 17 8 13 6 8 20 9 5 11 10 8 24 36 43 40 45 41 39 38 39 43 46 48 43 41 23 15 23 43 46 35 29 22 16 17 22 17 22 38 15 13 8 17 14 9 14 21 22 
19 27 22 8 6 20 27 22 27 41 34 24 13 20 34 30 24 24 19 10 8 17 9 13 17 16 20 24 32 39 38 41 42 44 43 45 44 51 52 52 51 31 20 18 29 36 27 24 41 29 10 8 12 34 54 23 22 13 19 15 11 24 30 31 
24 27 11 24 32 38 34 13 12 33 35 23 15 8 26 30 26 19 12 4 6 14 12 11 8 6 12 17 27 29 24 26 36 35 47 48 43 43 41 39 48 36 29 22 15 29 24 36 48 38 9 10 15 32 52 11 17 8 24 17 18 28 38 41 
37 31 20 26 17 22 18 15 17 25 22 19 15 19 12 20 15 26 15 12 11 16 20 17 13 7 23 25 27 26 13 19 24 27 43 43 36 36 31 36 46 37 27 14 17 32 35 44 50 39 20 15 10 29 44 15 12 8 27 17 17 28 31 38 
19 18 25 39 24 17 17 20 20 22 24 31 29 25 24 10 12 26 17 17 8 12 20 11 27 20 30 24 30 20 13 12 17 15 37 34 43 43 45 38 36 32 17 21 31 38 47 43 35 39 22 11 11 19 30 19 19 19 30 17 20 27 37 43 
33 36 38 41 24 8 13 14 26 24 29 29 21 17 17 12 12 25 19 22 10 13 20 19 36 26 24 21 19 12 10 17 20 10 30 24 25 21 20 13 20 25 20 34 39 40 41 38 34 43 41 40 38 34 13 6 17 19 28 18 22 33 38 43 
37 35 35 36 31 22 17 24 34 20 19 13 8 13 24 26 14 15 7 12 11 17 32 26 41 42 40 33 22 15 9 12 10 9 22 21 21 17 16 16 19 22 10 26 26 23 31 25 30 25 27 31 36 34 29 13 27 26 32 12 14 29 13 15 
31 34 31 24 17 17 8 20 29 20 22 17 13 15 19 24 15 12 3 9 7 15 21 11 23 26 27 25 17 27 9 15 12 9 16 11 17 18 22 19 27 30 26 36 38 15 15 21 31 28 27 27 26 21 37 17 27 29 34 6 17 34 24 24 
31 24 17 11 13 22 17 19 21 18 15 10 17 16 20 24 16 17 15 16 10 10 15 13 18 21 15 22 26 38 23 17 17 13 8 13 9 20 23 27 35 28 20 24 39 18 12 28 32 36 37 42 29 15 41 27 32 36 30 13 23 34 22 29 
9 10 12 15 20 27 31 25 15 19 13 19 20 11 19 21 12 13 8 13 19 10 5 9 13 17 17 24 34 46 39 32 26 15 5 19 16 29 35 43 56 45 30 26 46 33 24 33 26 39 25 27 23 17 45 38 27 29 18 11 17 34 40 46 
26 20 20 28 39 32 26 19 8 26 13 16 13 6 21 23 19 15 2 12 20 17 14 19 21 22 23 21 24 32 32 27 21 12 13 28 20 27 30 43 61 55 31 28 47 45 23 33 32 55 53 41 44 32 37 40 17 11 3 19 17 32 44 46 
20 20 29 45 41 41 34 34 27 22 17 15 12 16 28 31 18 13 6 20 27 27 24 20 22 19 26 29 26 29 25 19 24 21 15 31 24 31 41 41 61 60 31 22 41 55 30 17 8 38 51 29 39 20 28 43 14 17 16 19 18 19 24 26 
19 22 36 55 36 32 22 15 22 14 19 11 13 29 35 34 22 9 6 20 22 23 20 13 12 13 25 22 19 22 27 17 25 26 12 34 24 32 41 40 53 53 24 20 24 49 22 15 24 34 48 23 33 13 23 34 17 39 35 30 29 24 22 24 
8 6 26 53 32 29 15 13 27 18 20 16 25 36 34 30 15 5 12 21 19 17 15 22 18 17 24 24 18 20 29 13 20 25 9 34 26 29 36 26 40 44 11 16 30 60 40 41 45 50 62 43 40 30 20 21 15 38 22 19 21 24 27 27 
13 14 29 49 29 30 9 16 22 15 19 19 26 35 32 26 19 13 12 17 19 23 26 27 18 22 21 27 29 27 34 15 14 29 19 43 22 24 28 19 41 36 13 4 19 45 19 22 34 29 37 22 17 16 7 15 27 44 24 18 16 13 19 20 
19 21 29 39 13 30 26 36 34 19 17 15 23 29 25 19 16 15 9 24 32 31 27 22 11 24 10 10 17 15 27 11 5 19 13 34 8 7 13 17 39 35 18 8 20 43 23 28 39 33 29 16 10 21 10 14 28 31 15 17 15 21 23 20 
31 31 33 26 15 33 26 34 21 20 26 22 24 29 24 19 12 17 20 20 20 21 22 26 26 30 19 21 24 19 32 10 1 19 11 29 18 9 11 20 38 31 16 13 27 48 31 27 36 29 29 26 29 31 26 34 33 36 34 39 34 36 26 16 
22 27 28 19 17 31 26 32 15 31 32 24 22 27 34 24 9 7 13 24 17 13 17 17 21 26 8 10 15 13 29 15 6 11 6 19 13 18 16 28 36 32 11 22 31 40 19 16 26 32 31 38 36 34 35 36 35 38 39 41 37 39 27 26 
17 27 28 17 20 31 32 38 10 33 35 27 24 25 38 30 20 12 19 30 29 23 14 11 27 40 23 13 7 17 35 29 28 17 15 16 15 31 17 32 31 30 12 26 32 38 36 32 33 30 36 43 38 38 34 38 31 35 39 41 34 33 22 24 
20 33 34 17 15 24 33 46 13 36 38 32 25 13 38 32 20 8 19 31 15 16 10 7 34 45 22 21 17 24 38 32 31 22 21 15 20 39 25 38 28 29 9 26 29 33 28 24 22 23 33 42 40 38 35 36 35 40 41 46 33 30 17 14 

23 15 29 26 17 31 29 37 44 24 19 25 32 53 48 27 33 39 38 26 27 13 15 15 10 22 25 38 67 93 133 157 182 202 221 206 176 155 86 22 15 36 27 27 28 12 12 10 20 28 15 15 19 16 26 32 18 18 34 25 43 32 44 53 
35 29 36 36 27 36 28 32 40 20 19 24 31 52 49 41 46 39 39 27 21 8 17 21 19 28 29 40 70 97 133 160 184 205 220 199 170 145 84 29 17 31 18 15 20 10 1 5 22 25 12 12 22 18 31 38 21 17 27 24 39 26 39 41 
25 19 26 24 17 34 24 29 32 23 19 24 26 39 29 26 32 27 29 23 12 21 23 24 29 32 34 46 73 103 140 166 188 202 213 192 163 141 89 39 16 18 7 8 16 14 13 12 19 22 9 10 22 24 34 40 5 10 21 24 34 27 34 38 
12 5 18 16 25 43 30 29 32 27 26 27 25 29 17 23 31 15 19 19 11 24 7 15 32 20 20 35 66 98 138 163 183 199 204 185 156 133 92 50 22 15 5 8 15 20 19 19 20 24 15 19 30 25 29 34 5 15 16 24 32 29 36 32 
15 19 34 41 57 68 46 25 24 17 19 19 19 20 17 24 25 7 12 19 8 26 11 17 47 23 19 38 64 97 135 161 185 197 206 188 156 130 92 62 36 18 13 19 27 26 22 10 12 22 17 17 22 19 26 32 9 22 21 26 39 37 41 45 
32 31 29 26 38 58 43 13 19 12 13 14 21 12 11 13 22 12 9 20 17 27 17 24 48 24 23 39 64 98 131 162 183 195 201 187 154 123 91 60 37 24 21 26 21 24 20 5 17 26 26 27 27 27 36 44 31 34 32 29 42 41 47 52 
25 17 15 17 26 52 45 6 11 10 17 19 35 28 32 32 38 32 29 32 32 28 29 29 50 34 36 53 71 107 140 161 180 190 197 192 157 120 86 55 29 25 27 20 12 17 21 17 24 26 25 17 12 15 25 29 32 32 38 34 40 39 36 36 
29 17 7 10 29 54 58 41 34 22 6 8 34 21 26 27 34 36 33 33 31 26 32 29 43 34 36 57 75 110 143 163 173 184 194 185 152 113 78 39 14 17 16 6 13 20 21 22 27 27 27 22 25 31 35 30 30 29 25 22 26 26 24 29 
23 18 9 17 24 46 51 49 45 37 25 13 38 14 29 27 38 38 31 26 22 20 32 29 31 12 35 55 73 112 145 164 176 186 192 180 141 102 70 39 27 25 26 22 23 19 17 20 27 27 35 32 29 36 37 23 20 13 12 20 22 20 22 20 
17 17 24 27 34 41 38 29 26 27 27 28 42 12 32 36 37 36 24 15 6 12 22 27 30 19 37 58 83 121 156 169 168 173 173 155 120 94 67 45 42 43 46 41 38 27 23 22 24 18 19 22 22 24 31 8 6 15 4 15 9 7 8 2 
6 6 13 25 35 46 39 32 19 17 33 37 41 20 21 33 34 29 23 15 12 14 17 5 15 14 39 58 94 131 157 173 163 168 166 138 104 79 45 19 24 29 33 36 34 28 24 19 14 10 19 26 30 32 35 26 17 25 8 19 14 20 28 27 
10 9 13 19 30 37 33 22 13 20 41 45 43 26 19 29 29 24 22 24 29 26 19 9 16 19 31 58 107 135 160 177 167 164 163 131 100 74 33 7 20 27 29 27 17 15 13 18 12 6 17 29 37 40 42 35 28 27 16 20 19 25 26 26 
17 19 6 14 27 29 26 13 15 25 43 47 41 31 14 27 28 27 38 47 50 43 30 17 16 27 27 56 116 149 168 189 182 174 158 133 99 71 33 17 17 23 26 14 13 21 20 23 12 14 17 32 37 41 46 42 34 39 26 26 24 26 34 38 
24 24 19 13 21 31 31 37 34 34 38 34 36 31 12 27 34 26 25 29 36 38 31 34 29 33 36 73 139 163 183 199 196 181 166 131 100 63 37 37 39 39 32 20 14 17 13 23 20 23 22 27 32 38 45 50 44 45 35 31 30 31 36 28 
25 28 32 29 29 29 19 25 32 29 33 22 32 38 15 21 32 33 28 20 14 19 10 14 13 34 48 88 143 169 184 206 204 187 164 135 90 44 27 38 38 34 30 20 11 13 8 17 16 12 8 12 18 23 40 45 34 29 20 15 29 28 30 24 
20 17 32 29 33 39 21 26 34 31 29 24 34 48 29 32 32 27 17 20 21 24 16 8 19 39 67 102 150 175 192 209 211 184 153 121 76 33 9 19 22 24 28 20 13 10 10 15 12 12 13 8 20 23 41 48 27 19 9 22 43 41 36 27 
7 22 34 32 37 34 23 24 32 13 19 22 29 48 32 27 20 17 14 13 12 8 14 22 39 61 90 124 158 187 194 206 206 175 131 105 64 33 13 20 19 20 28 20 19 17 18 18 17 23 26 22 30 23 28 45 15 19 16 28 46 34 19 10 
10 24 36 38 49 48 38 41 50 27 20 25 8 36 37 36 37 26 23 13 19 13 17 36 55 83 121 150 172 189 192 190 187 152 111 90 52 41 25 24 16 18 23 21 21 19 17 20 20 22 20 20 27 20 22 43 19 32 26 34 46 36 22 22 
24 34 38 38 48 32 20 24 45 14 13 30 19 34 40 38 39 33 27 15 17 19 32 59 82 119 151 171 182 196 182 175 163 129 83 66 29 28 17 17 8 19 40 43 40 31 14 20 26 30 24 24 27 24 17 41 32 43 43 43 43 38 18 13 
46 39 38 34 39 27 20 15 41 22 10 27 29 24 31 24 20 21 32 24 36 44 65 97 121 150 184 193 199 202 187 164 150 110 63 46 26 24 13 17 13 34 41 46 39 31 17 25 29 32 26 26 32 36 31 46 43 51 40 29 29 27 7 3 
48 35 28 22 27 23 23 8 32 32 25 32 28 15 13 17 14 14 31 36 58 68 85 113 140 174 201 211 209 206 179 152 131 88 46 19 18 21 16 19 22 40 34 39 32 31 9 31 37 40 36 32 29 36 26 34 36 37 28 20 20 23 13 15 
27 22 14 6 20 27 25 19 17 34 35 31 35 29 17 27 21 23 29 41 62 71 84 122 153 184 211 215 212 196 171 138 115 78 36 14 12 22 20 20 22 31 24 27 22 33 15 38 43 45 46 41 32 43 25 31 28 31 22 15 12 17 17 29 
22 24 14 9 19 29 29 24 15 32 36 26 26 29 20 24 23 35 44 58 82 91 111 149 178 204 219 215 196 180 146 114 84 52 24 34 20 21 21 13 6 24 24 27 24 33 18 40 42 43 41 38 24 39 27 29 29 31 29 20 16 10 10 19 
10 24 29 27 29 36 34 29 12 28 43 28 26 32 27 33 39 57 69 91 114 123 142 176 196 204 216 196 172 143 116 77 51 24 21 46 29 23 27 31 31 35 42 38 27 31 24 41 38 39 34 32 19 35 31 28 22 22 24 20 17 11 17 20 
53 50 50 46 34 38 31 36 24 24 38 24 17 25 23 36 56 82 103 126 147 152 165 185 195 196 196 172 132 107 85 52 30 17 17 46 38 36 45 39 33 29 26 21 15 24 22 37 34 27 24 21 23 36 39 29 25 30 34 29 17 15 18 24 
57 40 32 23 15 25 15 25 32 29 46 30 29 36 43 64 91 125 140 159 172 173 178 194 189 185 176 143 101 82 71 38 26 24 9 36 35 39 50 41 31 27 16 24 17 20 23 34 32 25 13 8 10 22 31 23 28 43 44 35 21 20 10 7 
26 15 13 13 19 25 17 27 34 39 54 46 49 57 73 90 127 145 164 178 190 189 201 206 196 174 156 118 79 65 61 32 28 30 22 27 27 36 50 38 29 22 22 34 28 17 22 23 24 17 8 15 21 24 15 24 39 53 59 42 31 24 22 22 
39 37 38 31 36 31 34 44 57 64 81 77 86 95 111 128 147 163 176 189 199 202 203 199 175 150 121 88 56 49 50 25 32 24 19 13 20 38 52 36 24 16 8 25 23 6 13 17 12 5 8 23 31 33 24 31 45 59 58 41 27 20 12 17 
59 57 57 52 53 51 64 79 97 110 117 118 124 131 143 154 170 177 189 197 202 202 197 176 145 115 81 53 33 41 39 14 32 22 13 12 20 37 40 20 17 21 21 31 27 16 12 9 4 17 24 35 44 43 31 27 28 41 38 28 22 22 24 23 
81 82 86 75 81 75 95 112 133 147 162 159 163 166 169 176 183 189 198 192 188 185 171 147 114 88 60 38 26 32 29 8 24 14 8 10 25 35 51 50 50 43 29 20 18 9 6 6 8 14 17 26 36 41 32 24 12 17 20 23 22 25 33 34 
107 112 117 117 118 120 132 135 149 168 175 178 182 180 178 178 184 179 184 176 168 160 148 121 88 64 44 33 19 22 26 22 25 16 11 11 17 13 17 17 18 27 23 15 13 15 18 13 20 25 25 26 21 26 24 19 10 11 11 35 29 31 41 38 
145 145 152 149 149 150 156 158 171 187 191 191 192 185 180 176 173 170 163 146 133 123 104 80 46 25 13 11 21 22 34 36 29 14 8 10 20 14 13 12 1 15 22 25 29 29 25 15 13 12 16 22 13 17 24 22 20 17 26 46 32 30 45 38 
163 159 157 155 157 164 171 180 194 207 201 199 194 189 178 170 170 155 132 111 91 69 60 44 30 22 17 26 33 27 27 26 18 23 17 10 13 21 26 28 20 22 15 15 19 24 25 20 20 16 18 22 16 7 17 19 19 20 35 57 39 38 43 40 
189 181 177 174 173 181 182 185 197 203 198 193 187 180 172 163 156 135 99 71 51 29 30 31 27 24 17 10 20 14 15 10 19 26 16 6 13 20 15 10 10 8 17 12 13 19 21 22 29 36 41 45 41 29 19 15 17 22 34 57 41 35 43 45 
204 204 197 199 191 197 187 188 188 187 171 161 151 145 139 131 120 96 57 36 18 17 11 12 17 17 19 8 17 26 29 22 18 19 15 4 14 27 36 36 36 25 15 6 9 15 25 24 29 32 29 36 34 25 17 10 16 16 27 46 31 39 44 52 
187 185 182 179 175 176 176 180 183 176 157 134 121 110 99 83 68 45 19 9 15 19 12 4 8 18 26 16 15 14 11 7 16 19 20 15 17 18 24 22 22 19 12 6 6 15 19 24 25 30 25 27 25 17 13 10 19 24 26 33 14 27 20 24 
158 159 152 147 143 147 145 147 146 140 119 106 91 86 77 60 45 27 8 11 19 22 13 8 13 21 26 22 20 17 8 10 15 19 22 19 13 13 19 21 17 20 9 8 16 20 21 26 24 25 18 24 25 19 16 13 25 34 41 33 17 22 19 19 
124 123 121 121 113 112 110 106 100 101 97 86 76 70 64 54 39 25 18 8 14 22 15 12 10 12 28 17 19 27 20 15 19 25 36 31 19 12 20 19 17 23 20 22 23 17 12 10 12 6 10 22 31 29 18 10 29 39 46 40 21 20 20 26 
87 88 86 83 78 65 70 60 55 60 65 60 54 51 44 29 24 10 16 17 10 15 9 8 7 16 22 19 12 12 13 13 17 12 10 25 19 18 22 20 20 29 17 18 20 20 11 8 11 16 20 27 36 29 16 13 29 43 47 39 28 26 25 36 
50 51 53 52 45 38 38 31 25 38 48 45 45 43 41 32 27 17 18 21 9 15 12 9 13 6 13 22 26 31 29 26 12 10 11 29 21 9 16 17 19 31 35 33 33 29 20 13 18 24 26 29 37 29 21 15 21 27 32 31 22 26 35 43 
25 26 24 19 24 29 25 24 26 25 40 35 38 44 38 34 31 28 27 26 15 19 15 20 22 8 3 12 13 12 12 13 17 15 16 32 23 21 10 15 8 20 24 32 42 36 15 7 24 32 31 34 45 47 43 32 19 21 26 27 26 33 44 54 
25 27 25 10 28 43 25 29 20 12 43 31 36 43 34 27 29 26 27 31 21 26 24 26 34 19 19 19 15 9 4 11 17 19 14 32 26 10 8 16 8 15 20 30 45 33 8 7 26 36 29 43 46 50 42 36 20 15 16 22 26 38 52 58 
26 28 34 18 31 47 29 32 25 14 37 24 29 39 27 27 24 22 22 23 31 43 44 40 31 17 12 11 20 14 10 5 16 19 13 20 24 10 19 22 25 10 12 23 43 41 20 15 20 22 24 31 32 34 34 32 26 3 12 21 29 43 50 54 
24 20 29 15 19 33 26 30 15 5 31 39 42 45 28 12 22 17 23 13 10 23 26 24 17 15 17 24 29 26 17 12 17 20 17 19 29 27 32 27 28 13 5 17 41 41 29 22 15 21 19 29 22 26 32 36 31 17 15 17 27 38 46 46 
40 45 52 44 36 22 18 26 22 23 20 26 27 38 27 19 27 19 21 6 10 26 20 17 12 12 13 26 31 36 28 24 24 15 18 20 26 24 24 27 32 17 24 22 39 38 27 27 27 23 24 22 13 27 37 25 23 11 16 18 20 30 34 29 
16 17 20 6 1 17 33 34 38 43 48 34 26 32 32 29 31 27 24 13 6 18 11 17 11 20 15 29 35 38 36 31 23 9 17 29 39 37 38 38 43 25 31 22 30 35 15 30 41 31 24 13 10 39 51 22 19 8 24 19 9 15 20 21 
12 12 15 30 37 43 36 20 13 26 37 30 19 23 32 33 37 29 17 12 6 14 8 12 7 13 10 19 27 33 28 28 26 15 26 28 33 34 26 33 43 28 39 24 24 30 14 31 44 34 17 19 13 37 48 8 21 13 29 20 6 3 6 14 
18 19 14 19 13 19 16 8 20 26 27 22 20 23 23 29 30 30 14 17 17 20 22 22 15 9 19 24 30 27 15 18 9 5 29 22 23 27 26 37 42 35 36 15 24 31 30 39 39 33 21 30 15 28 45 18 19 13 27 17 11 8 8 20 
26 24 26 32 20 18 20 22 24 33 32 35 31 29 23 20 24 32 15 17 11 12 15 13 21 17 30 32 34 26 17 15 13 8 30 19 27 33 41 42 37 28 25 26 39 36 36 31 20 30 17 19 13 16 31 22 17 13 25 9 6 13 17 31 
39 43 41 32 22 19 17 19 21 27 29 24 19 15 21 13 20 27 13 18 12 18 26 20 29 9 21 19 20 16 19 27 22 24 29 10 10 10 22 20 12 22 26 45 44 35 29 25 23 37 42 44 39 31 11 6 15 13 27 15 15 27 31 34 
35 30 26 21 20 19 24 33 38 38 36 26 12 5 27 24 18 20 9 11 12 22 33 27 35 27 26 27 15 20 10 14 11 16 29 10 3 4 23 16 11 14 16 34 27 16 18 11 24 22 24 26 29 25 26 13 21 18 31 11 14 29 14 14 
28 30 22 20 17 20 16 21 20 24 27 21 16 13 26 23 17 8 8 12 12 22 29 22 30 22 16 21 15 23 8 10 12 23 21 9 11 7 18 17 17 24 26 38 34 20 17 22 36 37 29 31 27 16 32 17 21 22 28 22 22 34 19 19 
21 24 19 22 22 28 15 19 14 25 24 15 15 7 25 27 14 16 13 11 11 14 20 13 19 18 12 19 23 31 20 13 12 20 17 18 12 18 24 31 32 36 25 27 37 16 12 25 36 44 44 45 32 16 41 27 30 32 34 25 29 38 24 25 
23 29 28 28 27 33 29 26 15 28 23 20 15 6 22 21 11 5 6 10 12 12 12 9 12 13 19 24 37 41 35 25 21 20 19 22 25 26 31 34 45 43 29 27 39 27 19 31 30 44 37 32 20 17 48 39 29 32 24 25 20 33 38 43 
29 32 24 18 20 18 13 12 10 34 20 20 15 11 21 19 9 1 6 10 12 12 8 19 19 16 19 20 32 38 36 22 13 14 23 32 25 15 15 21 46 46 31 29 41 36 13 26 27 51 53 43 48 39 42 40 13 11 13 29 27 36 47 47 
29 31 26 24 22 25 32 35 29 38 26 21 8 10 19 12 8 4 6 13 13 21 14 20 15 19 18 21 32 37 34 20 12 21 31 33 33 19 20 16 50 54 31 31 38 50 21 13 11 38 49 38 41 27 34 34 4 24 27 34 29 28 23 21 
32 33 27 30 15 15 20 8 15 26 26 26 15 13 13 12 13 12 10 12 7 11 8 11 3 18 15 13 26 30 35 13 14 27 26 39 32 23 24 16 45 49 20 23 29 46 11 9 13 31 38 27 31 15 25 23 24 41 37 33 31 19 15 12 
32 27 21 31 13 15 17 6 21 24 32 32 28 17 11 6 15 15 6 15 13 12 10 19 13 22 17 15 20 28 32 9 13 24 30 41 29 18 22 14 46 45 12 13 22 47 19 17 29 35 42 32 31 19 16 13 24 40 30 20 17 16 15 17 
24 17 21 36 22 25 17 10 15 15 21 18 22 4 8 5 14 16 8 8 7 11 15 29 10 26 16 20 26 22 32 8 10 28 25 45 24 20 19 26 48 38 8 6 22 45 14 20 34 32 32 22 10 15 17 27 37 42 29 22 19 12 17 19 
10 10 26 32 13 24 22 32 27 21 22 9 23 19 10 4 12 16 11 15 22 20 14 22 21 32 24 12 13 10 27 4 7 21 17 34 15 18 24 31 46 32 9 8 20 41 16 19 33 32 36 25 25 26 20 28 31 34 22 13 8 9 22 22 
14 26 34 33 21 33 26 27 19 12 27 20 22 25 19 12 7 12 13 17 10 10 8 19 19 32 23 24 25 20 33 12 6 17 11 32 17 19 15 29 36 23 6 18 28 43 29 26 29 30 34 33 32 31 29 31 32 27 26 34 33 33 34 28 
20 26 36 32 25 36 22 15 8 20 38 27 21 29 29 21 10 6 13 22 10 13 7 17 19 34 16 6 6 12 31 19 11 12 8 19 13 17 11 30 29 21 8 27 31 41 25 22 24 30 39 39 40 37 36 29 31 26 22 32 26 24 32 27 
20 31 36 35 32 39 31 20 8 18 36 32 19 22 34 22 16 10 20 39 30 29 19 13 27 43 29 19 12 11 32 23 19 9 13 10 13 28 11 32 21 22 14 34 38 38 27 20 17 22 27 36 32 32 22 23 25 17 14 30 12 14 24 19 
23 34 41 38 34 43 38 28 15 26 42 36 19 8 33 19 16 10 23 38 17 23 17 16 36 51 32 26 21 20 36 22 19 12 15 9 11 31 12 34 16 24 13 33 31 26 22 10 8 16 22 31 29 26 16 19 29 20 22 30 11 14 22 15 

47 34 36 25 19 34 35 33 42 24 24 19 19 42 44 34 38 44 38 29 29 15 15 16 9 25 48 76 119 140 159 178 192 202 197 171 126 100 51 32 27 37 32 31 29 17 25 22 18 20 19 16 17 15 36 31 16 13 29 22 47 37 52 64 
52 39 39 35 26 36 36 31 39 27 27 26 22 36 39 41 45 46 41 29 24 3 21 23 18 28 50 78 122 143 165 182 192 199 190 161 120 93 49 29 29 36 30 29 27 12 17 17 20 24 18 13 17 14 37 37 17 12 22 19 43 36 52 62 
43 25 27 20 8 32 26 20 34 30 31 27 20 26 19 19 26 29 24 17 8 21 28 27 27 32 58 88 130 157 173 183 188 189 178 150 110 90 51 24 20 23 20 20 26 17 9 5 20 25 11 14 18 12 33 38 14 16 16 19 41 36 48 54 
41 29 18 15 20 39 27 17 30 31 29 22 14 20 18 21 23 22 16 15 9 26 19 13 23 17 53 90 129 159 182 190 187 188 172 142 102 85 53 29 18 23 17 19 29 27 20 19 29 32 20 28 25 17 31 41 17 23 16 22 40 39 38 43 
42 35 36 39 43 57 42 17 22 19 20 17 17 19 28 30 26 18 9 14 20 32 15 16 34 15 56 90 131 164 185 193 192 182 169 139 99 74 52 32 27 24 21 25 31 34 29 21 26 23 8 16 11 7 26 39 23 29 22 25 46 45 42 44 
44 39 29 26 29 49 42 6 17 11 20 19 23 17 19 17 16 13 11 15 27 36 26 22 29 17 66 97 133 165 190 197 194 189 168 135 88 65 42 32 23 17 24 31 39 40 32 20 18 19 21 24 19 23 29 44 36 36 28 28 43 41 29 37 
30 23 20 17 24 47 45 8 16 8 17 26 36 27 31 29 31 31 32 32 32 31 26 19 31 37 81 114 140 173 189 196 192 185 166 137 84 53 30 24 25 28 33 36 31 28 22 12 19 18 21 20 10 6 20 28 27 30 27 27 35 36 13 15 
23 18 20 31 41 64 66 49 41 26 19 26 46 31 25 18 16 19 17 13 14 15 24 26 27 47 84 120 140 169 194 198 192 189 171 132 79 43 20 13 15 17 19 19 16 11 6 11 19 24 19 23 26 23 27 24 15 15 15 23 23 27 27 26 
24 19 11 17 26 47 61 55 44 36 17 17 47 32 27 18 12 22 17 16 15 6 16 13 20 45 88 121 143 172 196 199 194 183 165 122 66 34 29 26 21 15 15 19 13 11 13 19 26 29 29 27 24 20 28 15 15 15 7 21 19 26 31 30 
23 24 25 23 17 30 34 22 20 31 22 15 38 24 27 22 17 27 20 18 17 14 12 20 32 58 95 130 151 179 197 196 178 172 147 98 49 34 38 41 39 32 29 29 25 26 26 28 31 25 19 13 13 13 31 18 22 15 9 19 12 22 26 26 
12 13 19 20 19 28 24 17 27 39 36 26 31 15 19 22 19 26 23 20 20 16 15 17 31 59 98 135 161 179 196 190 170 158 133 85 38 26 38 46 45 34 31 32 32 36 34 33 24 13 15 20 11 17 33 22 23 21 9 19 22 29 33 38 
20 13 17 16 16 23 13 19 36 36 41 35 23 8 12 25 20 22 27 31 24 20 16 15 26 67 100 137 173 187 197 192 166 152 126 73 34 31 39 48 47 41 38 31 26 19 17 9 5 4 10 20 19 22 31 27 24 23 16 12 20 24 27 28 
29 24 19 19 26 30 29 28 26 28 41 38 29 22 15 26 24 28 46 46 46 35 24 22 29 73 102 142 190 200 199 197 170 143 113 73 33 24 37 45 49 41 38 26 13 14 17 13 17 13 10 24 17 22 34 29 27 23 16 15 12 17 29 36 
41 34 32 22 29 35 42 39 33 25 29 26 25 27 17 21 28 31 37 27 22 33 32 39 40 82 109 157 204 212 206 201 169 137 106 67 34 17 39 56 53 50 40 32 11 13 10 16 16 17 10 17 14 11 30 31 34 38 34 29 24 23 30 27 
37 36 38 36 33 31 27 21 22 19 23 15 16 35 18 19 29 38 43 31 10 19 26 38 55 95 123 166 211 211 205 197 166 126 95 59 23 16 38 48 47 38 35 30 5 6 7 12 9 8 6 19 20 10 31 29 17 17 12 8 15 19 24 19 
27 35 41 40 41 35 17 17 29 28 27 28 29 50 30 26 33 38 39 24 17 33 48 62 83 116 140 179 214 218 205 196 160 116 78 48 21 21 24 29 29 25 33 22 7 5 8 11 3 5 10 12 22 22 35 37 17 18 19 31 43 43 39 34 
17 27 42 33 36 34 20 19 34 13 18 23 22 49 30 32 31 32 30 17 38 57 80 97 112 133 157 191 217 223 206 185 154 101 60 45 21 36 23 28 28 32 35 26 13 12 10 11 9 14 18 17 24 20 33 41 29 30 34 36 36 26 16 8 
21 36 45 42 51 48 37 37 46 22 19 29 8 34 29 38 36 33 20 19 50 78 100 123 137 156 178 202 216 214 194 167 140 91 53 41 20 35 25 31 22 26 32 30 27 17 8 10 15 18 13 19 27 24 28 45 46 46 44 44 38 28 16 12 
29 32 39 38 43 35 26 26 48 15 14 35 27 37 41 43 41 39 23 26 62 90 119 146 161 184 199 212 211 206 177 148 121 78 44 39 15 24 20 24 17 29 41 43 41 30 17 7 19 20 13 11 20 17 19 39 48 60 59 52 44 30 13 17 
39 32 34 31 38 28 18 18 42 25 17 36 33 38 43 34 29 29 27 46 84 112 138 170 183 196 212 211 206 195 164 136 112 74 38 31 23 13 9 9 18 41 34 38 34 34 27 10 22 19 13 17 26 28 20 36 48 55 54 43 31 26 16 20 
49 36 24 23 27 27 27 10 38 36 20 30 30 12 16 15 10 15 31 60 97 122 141 169 184 200 213 204 194 171 145 112 93 58 30 17 27 23 21 19 29 48 30 38 33 41 32 11 19 19 13 10 19 29 14 23 38 45 45 38 32 26 19 19 
36 27 10 15 26 28 30 14 20 37 31 25 26 17 12 22 23 34 50 77 108 127 141 170 182 196 207 189 166 146 116 86 69 46 26 20 24 30 28 31 24 38 15 24 22 45 33 13 20 24 17 10 13 30 9 22 30 39 36 33 29 27 22 24 
31 34 21 13 24 29 29 24 16 41 35 18 22 24 25 37 48 67 81 104 130 144 161 183 194 197 197 170 140 113 88 60 44 36 22 35 20 33 29 23 20 39 36 44 39 46 29 11 17 22 13 5 11 34 20 21 31 39 39 34 32 31 27 24 
12 30 36 24 22 32 32 37 17 38 39 13 22 44 48 60 74 100 116 140 162 170 179 194 192 183 179 142 106 76 56 24 24 27 17 38 15 23 26 27 32 38 46 44 36 37 19 16 14 19 21 20 16 32 26 20 22 31 29 31 34 33 32 24 
52 51 52 38 31 31 34 44 31 39 50 30 39 60 74 86 111 135 157 176 189 187 192 189 175 163 152 110 74 48 42 28 35 43 29 41 13 26 34 35 29 23 20 16 16 26 19 20 12 19 19 28 33 34 26 17 20 35 32 30 29 31 31 26 
64 53 43 22 17 16 17 30 38 54 68 62 72 94 112 127 151 175 187 200 203 200 190 182 152 137 120 81 49 39 41 34 43 48 37 41 22 29 29 24 13 8 13 26 22 26 17 19 16 6 7 21 22 25 22 16 23 39 32 30 27 32 28 20 
71 64 56 39 37 31 36 48 60 79 102 100 112 133 142 152 170 182 190 201 200 192 186 164 133 109 91 54 38 37 45 40 43 42 36 33 16 26 26 19 14 24 27 39 35 25 19 13 19 16 16 29 27 19 5 12 26 41 31 21 21 24 25 15 
105 102 101 85 76 67 70 74 90 106 124 129 137 149 157 162 173 180 189 199 189 178 163 133 97 75 62 32 19 31 40 37 41 31 28 25 20 36 36 28 29 32 40 41 40 23 20 19 19 16 20 33 34 29 20 24 31 40 26 12 17 22 22 14 
131 130 121 110 102 95 105 117 135 148 161 157 163 168 173 174 180 185 194 192 175 159 134 98 60 43 32 8 9 34 39 30 39 29 27 27 22 32 34 28 37 43 50 55 48 32 18 8 3 13 26 44 42 38 26 17 14 26 10 16 20 21 24 15 
154 153 144 131 125 118 126 134 149 170 175 181 185 185 181 178 176 177 179 165 140 122 94 61 41 35 26 22 20 35 34 19 21 12 10 14 20 32 52 58 57 53 55 53 47 29 15 8 12 19 24 37 47 44 30 26 19 26 23 31 27 29 35 29 
167 164 165 162 156 154 150 148 159 171 178 183 189 184 178 166 161 152 149 132 107 88 71 45 40 31 31 30 22 27 29 20 24 15 12 14 23 23 27 29 29 36 46 45 37 21 6 14 19 14 13 22 29 36 31 33 31 36 43 53 42 33 40 32 
167 170 165 168 164 164 159 161 171 183 182 183 183 173 165 151 143 128 119 93 74 56 47 29 22 11 5 19 26 29 38 40 32 21 12 17 32 32 29 26 20 28 37 34 29 14 15 20 21 15 8 20 24 32 32 36 36 36 40 49 24 15 31 27 
165 163 157 157 161 168 168 179 190 202 196 192 187 174 159 142 132 109 81 58 36 17 22 26 26 18 14 26 33 24 27 25 22 22 15 20 31 32 30 25 20 19 25 17 12 8 20 24 27 24 15 20 16 21 27 34 37 36 43 53 22 15 28 27 
175 171 168 173 171 177 171 171 182 187 184 178 174 156 140 121 105 74 39 28 20 23 31 32 31 24 15 24 20 15 19 22 31 31 11 15 31 31 18 9 12 11 18 10 4 14 21 31 32 31 32 39 33 20 15 17 32 28 41 55 16 15 24 24 
163 166 171 180 180 179 168 164 164 165 157 145 134 118 97 78 64 35 16 20 20 16 8 17 26 28 22 19 24 31 33 29 33 28 10 8 24 28 39 39 39 29 22 13 14 21 31 35 37 38 32 38 34 26 15 5 25 26 35 51 26 36 36 48 
129 133 140 146 152 150 144 142 147 138 128 112 100 77 58 35 22 12 17 26 19 19 8 11 20 31 26 24 13 12 15 20 29 27 20 21 27 27 29 34 36 35 29 24 20 24 32 34 38 36 36 35 33 22 23 19 30 32 43 41 24 29 24 30 
90 90 98 103 105 104 102 98 102 95 87 81 72 57 40 31 15 9 17 19 21 17 14 13 18 27 26 24 17 19 10 21 25 24 15 13 10 15 23 34 35 38 31 30 29 33 38 41 43 44 38 36 33 26 26 25 29 34 43 34 8 19 16 13 
54 55 64 69 70 65 66 60 61 58 57 55 50 43 36 35 29 23 19 20 15 15 9 9 6 17 17 13 22 29 20 15 17 31 37 34 23 21 32 37 40 43 37 36 38 36 34 32 32 30 31 34 35 36 34 23 26 38 50 32 3 8 11 12 
22 25 29 32 31 26 41 41 31 38 36 34 33 31 23 13 15 8 16 24 10 8 8 6 6 10 18 11 12 17 10 12 12 13 10 19 24 19 23 31 30 39 34 43 43 43 34 34 27 22 21 16 19 29 28 29 30 43 53 32 15 13 18 24 
13 12 13 12 16 19 32 39 34 42 41 29 27 31 24 19 16 6 14 27 17 12 11 12 15 13 17 25 31 34 29 24 15 11 15 31 31 10 16 19 14 29 34 46 50 47 38 32 23 13 6 5 19 27 24 36 36 43 45 32 21 26 34 41 
25 20 19 13 26 34 29 36 29 40 47 33 33 36 30 26 24 24 21 36 26 19 21 21 29 13 8 11 17 18 19 19 19 20 26 41 40 27 24 26 10 12 17 34 52 53 38 27 15 17 12 29 36 46 45 53 50 45 44 36 36 45 57 57 
34 33 28 15 33 38 16 20 6 40 55 36 33 34 25 17 19 18 25 32 32 30 19 20 33 26 19 19 15 6 10 17 19 13 17 38 38 22 15 31 16 10 13 29 54 50 24 22 12 13 11 32 27 32 31 45 46 40 36 38 41 56 60 63 
27 31 36 24 40 49 20 27 15 32 49 36 33 36 29 33 29 19 22 25 33 48 41 34 36 19 17 23 23 25 19 17 19 14 19 27 32 18 19 30 24 12 15 22 45 43 24 20 12 11 8 32 20 19 19 27 29 31 31 37 42 59 60 59 
20 15 16 12 32 40 20 24 9 19 40 44 43 36 18 9 22 12 22 12 14 38 32 32 31 26 27 35 40 34 26 17 27 22 9 13 22 15 24 29 32 20 15 12 36 38 19 15 11 14 10 26 13 29 32 31 29 26 24 27 36 43 46 45 
30 32 39 41 34 20 13 27 27 27 22 31 31 31 17 17 27 19 24 11 18 34 33 31 30 26 25 36 31 34 29 27 35 27 7 7 17 21 27 32 31 17 21 10 29 31 13 20 26 11 13 11 8 39 37 34 23 15 19 24 33 41 39 38 
9 14 24 24 22 19 26 36 37 32 29 25 24 29 26 20 20 12 23 13 16 32 30 36 35 31 28 39 46 39 41 39 37 31 11 22 32 39 46 49 41 23 29 16 32 31 15 24 38 19 17 11 17 49 46 24 15 4 26 26 31 35 32 34 
15 17 26 34 37 36 34 19 8 12 24 20 15 22 24 27 23 15 14 15 20 29 29 33 32 31 29 25 34 37 44 46 43 31 13 14 29 37 38 36 34 22 37 21 25 26 6 32 38 17 17 24 19 41 35 12 27 16 32 20 20 20 15 16 
19 24 26 24 13 13 13 7 12 10 21 20 24 21 20 22 19 19 4 18 24 22 24 25 29 33 29 25 34 36 35 37 29 23 18 18 21 29 26 31 31 24 38 20 29 26 19 33 31 17 13 29 22 39 39 20 24 15 30 13 10 9 5 13 
36 35 28 23 10 12 17 14 16 22 29 31 29 24 20 19 22 24 17 14 17 16 20 15 26 29 32 27 36 34 33 27 26 17 23 11 22 28 30 34 31 31 33 29 41 29 27 28 10 21 20 21 16 23 33 24 19 12 27 9 8 12 14 20 
39 41 38 29 26 22 19 11 11 15 15 19 13 9 21 15 23 22 11 8 15 24 29 17 23 19 17 13 17 27 31 32 36 26 31 11 14 19 24 22 19 24 34 44 40 22 15 16 13 33 36 38 33 31 13 16 19 17 32 17 17 23 26 27 
30 24 20 13 6 6 14 29 37 36 34 27 12 6 27 14 16 12 8 7 13 22 32 23 24 13 13 20 9 18 19 16 11 22 29 12 20 20 26 13 15 26 29 38 28 15 10 10 20 22 15 22 31 32 24 19 15 20 29 14 17 22 6 10 
28 27 19 21 17 19 17 22 17 20 17 13 6 4 24 12 19 12 10 16 20 31 38 36 30 20 9 17 13 17 10 2 6 29 26 17 19 21 20 17 23 30 37 39 36 20 12 17 31 37 26 31 32 27 29 19 19 22 29 21 26 31 13 15 
21 19 19 22 25 24 20 19 13 22 15 15 12 8 25 11 16 15 13 19 24 30 36 34 29 18 11 23 22 17 13 8 13 32 17 12 19 28 22 28 28 39 39 38 36 21 19 23 35 44 40 42 38 27 32 22 22 22 19 14 6 21 4 7 
19 19 20 26 27 32 31 26 19 26 6 16 8 9 22 15 10 13 11 17 24 32 34 27 22 13 12 21 27 26 18 15 20 28 11 11 20 29 20 23 31 39 37 31 35 22 16 24 31 44 38 34 27 23 38 41 32 31 23 17 3 21 27 32 
26 22 16 6 12 14 14 12 17 29 2 16 9 16 19 13 9 13 15 19 28 34 27 24 15 10 9 17 22 24 22 21 19 18 7 11 21 23 19 22 34 39 31 26 34 27 10 22 20 44 46 38 45 43 45 42 13 13 14 27 24 31 36 34 
12 13 6 8 14 21 26 29 32 31 19 22 8 13 17 19 13 17 11 17 22 26 22 16 13 18 7 19 19 23 21 19 16 17 19 24 27 23 15 13 39 45 30 24 26 36 13 9 7 33 36 34 36 27 31 29 9 31 32 37 31 27 16 8 
8 9 8 17 7 12 19 3 10 19 12 22 26 21 16 14 10 17 8 7 14 19 13 12 8 22 9 10 18 23 26 17 13 26 21 29 24 24 19 17 44 44 24 18 19 36 3 8 5 22 22 22 25 12 20 11 29 43 32 25 12 6 8 24 
6 9 6 18 12 8 17 8 13 27 29 35 39 22 10 7 17 26 6 14 19 16 16 18 12 23 12 6 11 21 26 14 15 28 24 33 21 25 20 28 52 45 24 13 17 43 8 10 15 20 20 24 18 9 16 19 34 39 24 9 4 7 23 34 
10 5 13 27 19 19 10 4 13 20 22 19 29 8 5 4 14 19 19 15 14 6 18 30 20 27 20 16 15 13 26 6 15 29 31 41 12 16 15 37 51 28 10 8 19 36 12 14 18 20 19 23 20 23 30 38 42 42 30 20 23 24 38 46 
15 13 23 29 6 20 23 31 35 26 22 2 25 20 13 8 13 14 10 13 20 19 22 35 37 48 41 34 25 15 31 3 8 25 20 37 13 19 24 40 46 25 12 14 19 34 8 12 14 22 27 31 37 36 30 32 29 24 9 16 17 27 43 46 
17 22 28 31 19 29 28 26 19 8 26 20 24 29 22 20 12 12 8 19 19 20 20 26 30 41 41 38 34 22 32 8 8 17 17 32 20 26 22 46 41 17 9 21 25 38 20 23 15 17 28 31 35 26 24 22 22 22 22 43 38 39 46 41 
29 32 35 34 27 36 23 13 10 13 36 33 24 28 27 19 17 18 15 24 16 26 28 29 38 44 36 31 24 13 31 17 6 5 17 22 17 21 20 41 25 11 9 34 28 34 15 24 15 21 31 32 36 31 22 17 20 22 21 34 19 18 27 22 
34 38 43 40 36 43 31 13 7 11 37 36 22 27 29 18 21 25 31 45 37 35 26 11 31 49 39 26 22 15 33 19 11 17 26 27 20 24 19 39 17 14 3 35 30 29 20 18 7 13 23 31 30 27 14 7 22 17 17 26 5 12 27 18 
34 39 43 46 42 47 36 17 9 19 39 39 17 19 31 13 20 27 36 46 29 29 20 18 43 53 34 27 29 21 32 17 17 25 31 31 22 24 22 39 15 16 6 37 30 24 24 15 14 21 16 22 28 21 15 9 29 24 15 27 13 25 38 29 

37 36 32 21 24 33 37 24 27 20 24 17 10 29 38 32 29 34 41 33 32 15 22 26 45 78 116 143 166 171 171 181 184 180 163 138 102 81 53 46 43 44 34 33 31 24 31 24 19 14 33 34 41 49 65 57 31 25 32 24 53 36 31 31 
45 39 41 29 27 36 39 19 24 17 20 19 5 18 26 30 32 38 41 29 26 6 23 32 52 83 125 149 171 175 176 182 184 176 157 129 93 71 44 39 36 44 34 35 32 26 28 27 27 17 31 30 36 42 61 57 35 24 26 20 47 35 24 28 
36 27 26 14 6 31 34 11 19 18 20 18 11 15 9 5 5 30 27 22 20 21 31 41 61 90 134 159 180 183 182 185 180 167 143 117 83 58 39 27 28 32 34 34 36 24 21 13 21 22 23 30 30 35 53 60 40 31 26 19 37 34 22 22 
39 31 20 12 10 36 31 7 12 9 22 22 17 20 21 19 19 27 22 19 12 20 23 40 65 95 143 170 184 190 188 185 177 163 140 109 70 52 32 25 22 32 34 43 44 36 27 19 33 34 31 34 30 33 44 57 41 36 29 24 40 43 27 29 
45 39 34 33 35 46 39 17 15 15 31 32 27 26 28 29 24 26 22 15 8 17 22 40 71 101 149 176 192 197 193 187 171 154 131 95 55 35 31 22 28 36 44 51 54 43 38 32 41 28 20 21 19 29 39 52 43 38 32 32 45 45 32 34 
53 43 37 31 25 41 37 6 17 12 31 41 39 31 29 21 13 19 19 19 26 30 32 46 72 108 159 181 194 201 200 185 169 147 119 83 43 27 25 28 24 29 43 55 59 58 48 38 39 17 8 14 10 26 29 43 39 41 33 31 38 39 22 29 
41 35 32 28 28 37 43 10 17 12 30 46 50 44 38 35 30 26 32 32 32 23 29 41 73 116 160 189 196 201 198 185 157 137 111 72 31 14 16 24 34 41 52 61 64 57 47 36 27 9 4 11 12 19 22 32 31 29 24 26 32 27 16 15 
37 36 38 41 50 58 64 46 35 26 24 50 63 59 47 41 26 16 10 10 10 5 30 43 69 112 160 189 196 199 202 180 150 131 109 68 32 14 9 12 20 34 43 50 45 37 25 13 7 12 15 19 27 24 26 20 16 13 6 22 19 22 29 34 
22 21 19 26 27 47 58 48 34 28 13 41 67 64 53 45 38 29 26 24 19 17 27 43 69 112 156 187 191 197 197 174 142 126 105 62 26 20 17 14 8 22 32 36 31 20 13 6 15 26 28 24 21 8 31 18 11 8 4 28 19 24 33 37 
15 17 15 10 10 17 36 21 28 42 24 35 53 55 54 47 38 34 25 19 15 15 25 45 79 121 156 185 195 191 192 168 134 118 98 54 19 17 26 23 14 8 12 20 17 18 20 27 34 32 26 15 8 13 33 15 13 13 13 24 20 21 25 24 
17 18 19 17 11 13 21 28 41 41 26 18 28 35 36 40 32 28 26 17 15 17 34 53 86 128 163 189 197 194 189 168 135 119 97 52 15 22 43 45 39 29 15 13 20 27 30 31 24 16 10 20 7 7 26 11 13 21 17 24 24 27 30 31 
13 15 23 23 24 26 19 26 41 34 24 12 19 26 33 36 27 23 28 29 24 32 43 63 97 145 172 197 213 197 186 166 131 115 93 52 15 22 50 57 55 41 35 30 21 20 17 8 10 10 6 17 13 8 21 12 10 14 17 12 15 12 15 11 
19 16 11 18 31 36 31 31 36 20 27 23 20 23 25 28 21 24 45 50 57 57 67 80 114 154 178 202 223 202 184 167 131 105 84 52 18 20 45 57 57 49 42 35 11 11 16 18 22 19 11 20 17 10 24 13 3 6 6 7 5 10 20 25 
31 27 19 17 25 31 36 33 22 8 18 12 19 24 23 23 22 27 40 38 43 64 84 99 123 164 182 206 234 209 185 168 126 93 72 43 18 22 45 53 57 49 45 42 15 16 16 22 24 19 14 13 17 17 28 20 19 26 26 24 13 15 15 18 
27 26 29 31 22 22 23 17 15 9 16 6 9 27 24 10 19 28 46 53 51 72 94 115 138 170 187 209 231 209 182 157 117 77 54 29 16 29 40 37 39 32 36 37 15 18 20 26 24 20 15 8 14 22 38 28 24 19 14 15 16 17 19 14 
28 33 41 36 32 24 12 24 29 32 32 28 24 41 27 20 22 33 50 60 78 103 126 140 161 183 194 211 228 203 170 145 104 66 40 20 10 31 33 26 31 31 36 27 13 19 22 24 20 16 13 4 16 26 41 38 32 27 27 37 40 46 45 41 
8 26 35 31 30 19 12 20 30 20 20 17 15 39 29 29 29 33 56 80 107 135 153 164 164 179 188 201 208 189 155 126 92 47 27 22 13 35 27 20 19 16 24 17 17 20 21 22 16 7 7 7 19 24 36 38 34 24 22 18 12 20 17 19 
22 34 48 45 46 40 36 39 45 26 26 21 14 28 22 31 33 33 55 88 123 154 171 178 176 182 187 188 185 159 130 106 79 45 24 26 13 29 26 19 10 10 26 33 32 26 19 20 10 6 8 13 29 26 26 29 35 26 22 20 13 22 18 14 
24 32 43 34 34 30 27 38 48 17 15 26 29 35 43 47 45 47 65 97 137 163 181 193 189 193 193 183 161 137 105 83 71 45 29 30 20 18 27 27 17 26 21 34 29 32 27 15 13 10 10 14 17 14 16 20 29 33 40 34 22 20 13 4 
33 27 34 28 32 26 12 24 45 26 14 36 48 49 61 59 57 69 85 119 154 180 190 205 199 194 190 168 139 111 87 66 57 43 32 31 23 16 21 24 27 44 17 18 20 33 37 16 11 9 14 17 29 22 15 12 18 22 23 6 15 23 20 27 
50 34 26 22 29 32 30 21 43 32 14 30 36 24 42 53 64 82 104 133 159 173 185 201 197 189 181 147 111 77 57 44 43 29 27 22 26 26 29 28 40 60 22 25 21 43 46 12 4 13 19 13 21 27 11 6 12 20 16 15 16 19 16 16 
40 31 6 20 32 35 35 26 34 41 26 30 45 50 63 77 90 104 118 138 160 173 187 201 201 190 173 128 85 53 38 24 26 26 17 20 29 38 35 39 42 55 19 8 7 43 47 3 10 16 17 12 14 31 8 12 16 22 13 10 6 8 12 13 
31 38 25 20 36 41 44 38 34 52 48 53 71 90 103 119 128 142 145 158 169 180 187 202 194 178 155 105 65 40 34 25 26 25 12 24 26 34 35 34 34 52 51 49 43 51 37 3 13 18 17 10 10 30 19 13 21 31 23 9 7 1 19 20 
36 45 46 34 37 39 48 51 46 64 67 65 90 116 131 143 155 168 170 179 182 182 187 191 176 154 127 78 43 14 26 24 32 36 22 33 20 32 26 26 28 41 45 44 33 33 23 5 15 20 24 21 15 28 22 15 19 28 11 8 13 10 21 15 
84 77 69 52 45 46 56 68 71 84 88 88 112 140 154 167 180 185 189 190 189 178 180 171 147 124 98 49 36 14 29 32 40 48 34 34 15 27 25 24 24 19 13 17 16 23 19 13 19 24 35 36 33 29 24 19 26 36 24 13 10 16 26 16 
118 104 88 62 52 50 53 65 83 103 114 119 136 165 175 183 194 203 196 194 186 175 160 145 111 88 69 32 30 19 31 28 31 40 36 39 27 39 24 15 1 19 22 29 27 29 22 20 22 16 23 26 27 26 27 27 33 36 21 17 10 22 27 16 
149 141 122 99 90 81 85 95 112 135 152 157 171 187 185 188 197 199 188 187 167 149 130 105 71 51 41 13 15 21 32 26 27 27 31 34 29 38 27 15 18 26 27 38 37 34 31 24 29 19 23 30 14 14 23 29 35 40 13 10 12 24 32 18 
169 168 159 147 138 129 132 137 146 163 171 171 175 178 174 175 180 178 175 168 143 121 100 67 38 24 27 5 4 21 26 20 30 17 22 29 30 44 36 21 26 35 38 48 48 41 38 27 31 27 29 36 17 11 20 23 30 34 11 19 18 24 29 14 
177 180 167 159 156 155 158 171 178 192 191 187 183 180 170 168 167 165 158 143 118 96 69 38 22 17 20 10 9 26 27 20 37 36 36 38 35 39 31 26 35 46 48 55 48 46 38 22 23 27 38 45 32 21 17 15 23 29 13 21 17 22 30 15 
189 185 178 172 169 172 174 178 187 199 197 199 194 188 169 155 143 138 126 107 76 57 30 24 30 31 24 15 12 26 29 12 22 17 16 19 14 29 39 45 51 42 38 41 40 38 32 19 26 32 45 51 48 39 27 21 26 39 34 36 25 24 34 22 
189 186 183 183 189 189 190 190 192 194 192 189 185 172 153 133 114 100 92 72 46 32 23 36 46 43 38 30 16 22 30 26 24 17 19 22 26 22 25 26 26 21 29 39 36 35 26 10 8 14 24 30 38 40 33 34 33 45 41 52 39 34 34 26 
183 182 176 180 180 188 186 187 188 188 178 168 160 148 133 108 93 79 63 51 32 24 24 31 41 33 26 27 21 24 35 37 29 20 14 15 17 12 16 17 19 22 31 31 27 21 10 3 3 5 11 21 31 39 36 41 38 37 31 38 22 14 30 22 
173 170 161 160 162 170 169 173 178 179 164 156 150 139 121 99 84 66 34 36 29 10 20 19 22 13 19 35 28 24 25 23 17 15 19 22 23 17 15 24 26 29 32 29 16 16 10 13 12 9 17 22 29 37 41 42 46 39 27 37 14 24 27 29 
159 159 161 162 159 166 158 151 154 149 136 126 121 115 100 81 66 40 9 22 31 30 33 27 18 10 12 31 20 19 19 24 25 21 22 25 25 19 13 16 28 34 35 31 21 19 12 15 12 11 19 21 25 13 17 26 41 36 33 43 5 24 22 27 
117 124 137 144 150 149 137 126 123 112 97 83 76 67 62 53 39 23 19 8 15 11 19 14 6 15 15 39 30 34 34 29 27 19 31 32 30 30 37 41 46 43 38 31 23 22 12 17 17 15 20 24 27 19 14 8 35 36 37 45 19 33 29 41 
71 80 90 98 106 112 101 100 101 81 65 55 48 36 33 29 21 15 19 4 8 6 19 21 27 32 15 29 13 16 12 15 25 27 40 45 48 43 45 45 46 43 37 26 15 8 15 15 17 18 24 23 27 15 19 21 36 44 43 42 21 30 19 26 
26 29 41 53 65 71 71 65 59 47 37 34 31 22 22 26 18 14 22 15 13 17 22 29 29 41 25 27 17 16 9 12 22 20 30 36 33 24 17 15 18 22 9 8 7 15 22 29 34 33 30 26 27 16 19 24 29 47 53 36 13 12 12 7 
14 6 15 26 39 47 54 51 41 29 26 27 19 22 28 33 27 24 22 20 11 12 11 19 13 29 11 15 20 33 19 8 22 27 44 43 39 24 14 12 17 29 15 12 14 14 12 11 14 22 27 28 36 39 31 18 7 36 55 31 6 5 13 11 
19 13 11 13 16 31 49 48 40 37 24 22 16 17 9 17 17 13 17 27 17 7 14 20 19 30 9 8 13 20 10 10 12 16 19 29 39 23 8 10 17 31 27 29 26 28 13 10 12 19 22 19 14 32 29 24 13 34 53 26 8 9 20 25 
17 19 15 19 15 26 46 51 48 48 36 23 17 21 11 19 15 10 13 32 24 7 13 21 28 31 27 29 34 36 31 22 9 8 9 26 40 31 28 26 14 23 27 32 31 35 17 19 22 22 22 26 22 37 32 32 20 29 48 28 22 26 39 36 
15 16 17 15 24 28 38 41 39 53 46 25 24 25 19 21 22 22 24 36 29 19 19 20 27 22 8 15 20 30 27 25 16 12 15 28 38 39 38 39 23 15 22 23 40 43 26 23 21 26 22 39 39 51 51 53 39 26 34 22 19 27 36 32 
38 34 31 19 34 30 13 22 22 57 54 26 24 24 16 12 11 19 29 41 36 28 20 15 31 26 15 15 15 17 22 25 22 10 8 17 31 27 27 36 26 2 12 17 43 43 17 24 24 22 19 39 14 31 34 50 51 26 24 12 16 27 34 31 
28 29 35 28 50 45 26 22 21 50 50 29 31 32 36 34 32 22 27 27 36 48 38 26 32 17 18 27 32 32 27 19 23 10 15 19 27 32 27 39 28 9 8 4 38 34 14 21 23 21 17 42 17 28 22 31 45 27 20 12 19 22 24 12 
18 12 14 22 41 42 26 21 20 33 39 38 34 30 15 6 18 15 29 27 29 40 38 30 29 12 12 29 36 35 27 19 30 24 14 19 31 34 31 38 27 19 18 10 38 29 13 17 26 24 17 31 14 41 34 30 34 28 22 17 18 11 19 26 
27 29 32 39 43 29 19 26 31 24 17 22 28 26 15 15 27 20 35 28 32 45 34 26 18 15 16 32 27 10 13 19 40 41 24 32 31 32 30 34 22 21 29 24 39 29 12 12 27 24 20 27 25 49 41 31 25 20 20 21 26 26 31 34 
27 28 36 39 38 24 24 31 31 20 15 15 28 31 22 15 16 14 32 31 32 41 29 30 22 13 9 28 39 20 19 17 29 41 32 34 39 39 34 40 36 28 36 28 36 31 17 15 36 25 34 27 28 52 33 19 4 13 29 32 32 31 32 31 
31 31 37 41 38 36 27 20 15 13 17 12 19 22 22 18 12 12 21 24 32 35 27 27 19 18 15 20 32 14 25 31 30 38 27 25 21 22 18 22 24 28 41 29 36 30 18 24 32 27 39 38 29 38 17 21 23 22 33 29 28 24 21 20 
34 36 32 24 18 5 12 15 18 17 17 18 21 22 20 20 7 8 15 24 29 21 16 15 16 20 14 19 32 27 29 28 25 29 20 19 16 17 13 19 18 23 39 22 29 21 14 33 31 31 42 41 29 36 26 27 25 14 24 11 12 13 15 19 
32 27 20 13 7 10 21 25 26 29 25 24 16 15 16 17 23 20 19 12 20 19 17 13 16 22 23 29 43 37 39 27 26 24 16 9 12 19 24 26 22 20 29 22 34 26 23 25 19 34 41 36 26 27 32 32 28 20 29 9 15 16 18 18 
29 27 30 25 24 28 29 29 22 27 20 17 4 3 22 18 16 12 10 4 22 32 40 33 34 24 13 13 22 30 32 36 33 32 20 17 15 19 25 20 15 9 18 29 26 16 12 21 20 32 32 30 22 16 13 22 28 32 39 22 19 19 13 16 
13 8 6 11 10 15 20 25 27 32 29 27 12 6 21 19 19 5 13 14 12 19 31 28 19 20 16 13 7 22 31 31 24 23 16 17 22 24 31 17 22 6 9 25 12 19 13 19 22 21 13 11 15 19 24 21 27 28 38 20 13 13 12 22 
23 20 15 16 15 11 13 17 6 15 8 10 8 3 20 20 22 10 10 15 13 28 34 35 24 25 22 28 25 17 22 24 19 26 9 22 19 24 28 27 24 15 13 20 10 19 15 15 19 18 9 8 20 10 17 19 23 35 38 33 26 28 29 32 
12 16 12 20 17 18 6 19 7 17 10 12 8 7 20 20 25 17 18 24 21 26 33 32 22 27 24 40 32 17 6 13 15 27 12 27 26 34 35 32 24 24 20 14 13 11 13 10 19 22 17 25 24 13 14 12 10 12 13 13 12 23 30 34 
6 7 12 20 20 26 22 24 18 22 8 14 8 7 13 17 23 19 17 20 22 28 29 26 22 26 26 44 39 23 11 5 12 27 17 29 31 36 24 19 13 20 16 10 13 10 10 10 13 20 24 27 24 20 18 22 30 27 20 19 14 27 38 38 
15 12 13 6 12 24 24 31 27 24 10 16 5 11 11 15 17 22 17 20 27 28 28 20 13 20 10 36 30 25 9 14 15 22 24 36 38 40 24 22 20 27 13 15 18 20 10 10 8 23 34 37 37 38 33 35 30 29 25 29 29 35 35 30 
4 2 5 8 17 27 34 38 32 27 14 22 13 16 19 19 20 26 19 20 23 20 20 15 15 26 13 34 24 19 15 17 14 25 34 38 39 41 25 12 25 32 17 21 12 29 8 8 5 21 34 39 36 34 27 20 26 38 35 34 33 26 19 15 
4 4 5 11 17 28 35 29 22 12 6 23 29 24 20 18 19 29 13 14 22 17 15 10 11 22 8 27 26 25 22 20 22 34 35 40 38 39 25 18 37 37 21 20 13 32 10 8 12 14 25 29 25 19 12 7 30 36 14 12 14 21 31 35 
13 8 6 18 22 34 36 31 24 26 31 40 46 25 15 10 22 31 13 17 23 21 17 18 3 18 5 10 19 29 28 21 23 35 38 43 29 36 23 36 52 43 30 19 9 33 5 11 12 12 20 25 19 18 20 22 30 29 17 26 29 32 38 40 
10 8 16 26 20 24 32 29 28 26 26 31 39 17 11 6 19 21 25 20 17 13 13 19 8 21 11 5 3 20 31 20 27 34 41 48 24 30 15 40 45 20 13 13 14 34 3 13 8 8 10 15 22 29 34 41 38 36 36 43 45 41 45 45 
22 19 22 27 15 28 34 41 39 29 27 26 32 24 13 7 15 14 19 8 14 16 24 33 36 45 39 28 19 18 34 15 22 30 40 41 12 25 20 48 45 16 19 21 17 31 11 17 11 14 21 25 33 31 30 31 22 24 31 44 46 44 48 44 
23 24 24 29 19 37 32 33 23 15 30 28 31 27 22 19 20 19 19 19 24 30 24 23 20 34 27 29 23 20 38 18 19 19 32 34 16 26 28 60 41 17 22 26 26 36 19 26 17 13 27 24 22 11 12 14 12 23 34 48 49 44 42 38 
24 21 17 20 17 34 26 24 19 20 38 41 29 26 17 12 15 18 8 18 25 40 43 41 32 39 19 17 24 17 34 19 12 14 25 14 14 24 32 55 28 10 20 34 31 37 20 32 25 27 36 22 27 20 20 19 19 16 20 34 21 22 29 24 
28 25 17 12 17 45 35 39 34 29 43 47 31 25 20 8 13 17 19 32 34 40 36 32 31 38 21 25 33 26 30 13 12 15 18 4 14 22 33 48 14 2 13 41 38 33 18 15 18 32 40 23 26 23 25 19 15 12 15 27 17 19 28 26 
36 34 19 8 20 47 47 49 43 34 46 50 27 25 23 2 12 16 23 36 25 33 33 30 41 45 27 36 40 27 28 4 8 11 13 8 10 20 31 43 13 6 13 38 37 30 24 8 8 27 31 17 24 26 29 19 14 13 10 23 11 15 28 29 

40 36 29 20 22 28 44 31 20 13 19 19 25 36 49 52 48 43 43 34 43 36 53 83 125 159 189 192 194 183 167 159 145 123 105 93 65 44 21 12 15 15 22 32 39 47 47 31 19 13 21 9 17 24 53 43 14 22 35 43 64 51 37 29 
45 41 34 27 24 27 43 26 19 9 12 16 20 26 39 38 34 39 34 28 41 36 55 89 127 164 192 196 194 186 168 159 148 119 98 81 55 38 16 4 12 20 27 33 40 44 46 34 25 14 19 17 20 31 46 48 20 26 33 36 52 46 26 26 
32 24 17 10 8 25 38 24 16 9 15 15 12 17 27 23 19 32 24 22 39 41 65 97 137 167 201 201 197 190 170 161 143 117 90 78 54 37 21 12 6 15 23 32 36 32 29 22 21 13 13 26 27 31 39 50 30 29 35 31 41 41 14 6 
32 26 13 2 6 33 39 29 19 16 28 32 31 31 32 31 18 26 13 16 36 44 67 104 140 173 201 202 198 189 174 161 141 105 80 63 42 29 25 19 13 20 29 42 41 32 26 19 27 26 27 34 29 36 37 49 38 37 38 40 50 45 24 20 
27 24 15 18 11 31 36 26 24 20 39 38 31 31 34 36 24 26 14 13 31 45 76 110 146 175 206 204 201 196 179 161 135 103 67 41 19 12 16 22 24 31 34 39 39 27 19 26 40 29 25 28 29 36 33 48 41 41 41 41 39 36 13 13 
38 35 25 19 15 25 32 21 20 16 42 44 31 27 26 31 20 19 17 19 36 52 83 112 146 180 205 204 204 199 183 157 128 86 52 24 5 13 19 26 29 31 27 35 38 39 31 36 42 22 13 26 19 38 29 44 41 46 38 33 31 24 8 10 
50 45 37 31 23 25 34 17 19 15 40 50 41 39 28 31 23 20 26 28 38 42 81 108 144 176 204 206 205 199 184 153 114 76 40 15 8 13 21 29 36 38 36 41 45 43 41 39 39 15 12 12 21 32 27 34 39 31 29 26 22 15 13 18 
62 58 55 55 48 50 52 33 30 19 33 51 39 45 31 32 24 6 3 7 10 31 74 105 138 176 197 205 204 192 176 137 94 60 38 26 28 20 17 19 27 32 29 31 31 31 26 24 22 3 6 12 26 29 25 29 31 30 25 28 24 24 36 39 
60 60 53 48 44 45 53 38 21 19 26 57 57 55 40 26 21 12 21 23 27 44 79 106 142 177 196 205 202 189 167 127 84 57 40 23 33 27 19 16 17 27 22 22 24 20 13 10 15 22 22 15 21 19 29 29 26 22 13 26 22 26 34 40 
45 43 43 39 39 36 43 23 23 37 27 48 48 43 36 27 17 10 12 5 28 49 85 114 155 181 196 206 201 178 157 119 72 50 41 19 32 28 27 22 23 27 22 12 15 16 19 27 34 38 31 19 11 13 26 23 21 17 11 13 14 20 18 23 
30 31 31 34 34 32 35 27 39 44 22 24 23 24 20 19 9 13 22 18 36 67 101 135 160 189 196 206 199 175 153 119 72 52 39 19 36 33 39 37 34 34 29 19 12 20 26 27 26 29 26 29 11 5 26 21 22 20 19 19 19 22 24 27 
10 15 17 26 32 35 34 29 36 32 17 1 10 15 15 17 5 8 28 39 64 94 130 152 185 202 203 211 205 171 143 112 67 47 36 21 36 32 43 36 40 33 36 35 12 12 17 16 31 33 32 33 19 8 17 14 8 9 12 7 8 8 1 2 
26 23 8 13 26 29 31 26 29 24 23 19 16 12 9 17 10 22 54 69 93 121 152 175 196 211 207 210 206 171 140 115 70 48 41 29 40 32 43 35 37 31 43 46 15 22 28 38 46 47 41 36 21 8 21 11 10 10 12 12 17 17 21 23 
34 26 24 20 19 24 26 19 13 18 17 20 21 20 15 15 22 34 58 76 98 131 165 185 206 219 209 211 215 171 139 113 69 47 40 31 33 28 42 27 34 27 42 48 22 27 30 42 48 48 46 39 25 17 26 8 13 23 27 24 26 19 11 4 
24 20 28 31 22 20 19 17 17 21 21 15 13 25 23 22 31 45 74 94 108 135 163 187 202 218 213 209 208 166 125 97 59 38 33 33 34 36 43 12 19 19 36 39 20 31 34 45 48 52 46 35 23 13 30 17 18 24 26 34 32 33 22 15 
26 29 31 32 26 21 13 30 33 33 29 24 21 37 36 45 53 70 98 119 136 154 172 190 208 222 215 208 199 148 107 81 55 40 28 20 18 35 45 36 42 37 43 26 23 32 39 44 48 48 43 27 17 11 25 22 30 31 36 46 45 40 36 33 
12 28 39 34 27 11 15 29 34 20 25 8 13 32 45 67 79 94 121 147 158 166 178 187 192 201 199 182 169 128 86 64 43 27 16 10 12 34 38 26 20 10 24 17 24 29 36 40 46 40 30 19 12 8 22 23 31 30 27 31 24 17 14 12 
30 43 52 45 39 35 32 43 41 22 26 16 15 28 55 81 93 111 133 156 165 176 182 189 196 197 187 165 144 99 69 54 43 26 17 20 12 19 24 13 10 20 28 36 31 25 27 33 33 24 15 12 19 19 17 19 32 27 24 20 10 12 15 16 
27 34 45 32 30 23 29 43 46 18 24 30 38 50 82 102 116 134 153 173 183 189 191 197 194 194 183 150 117 75 49 40 41 28 20 25 17 14 24 27 29 36 19 22 24 26 26 18 13 16 10 11 11 10 15 23 29 30 36 24 17 10 13 9 
27 24 32 23 33 28 27 41 48 35 35 52 71 84 112 125 143 158 172 191 197 198 195 197 187 175 157 123 83 53 34 22 19 17 21 28 23 13 17 23 31 51 13 12 6 29 37 7 6 13 13 17 19 14 19 19 22 14 8 16 23 31 36 41 
38 22 19 22 36 46 54 58 57 55 51 64 83 95 117 138 153 167 179 190 196 190 190 189 178 156 133 85 57 28 17 9 15 19 18 17 17 17 12 10 35 60 24 22 17 36 49 16 19 22 23 24 21 25 8 16 15 13 13 22 24 22 22 19 
43 29 26 43 58 65 74 76 80 86 87 99 113 122 138 149 162 173 179 185 189 189 184 183 170 145 111 71 43 15 12 15 22 20 12 10 21 28 23 18 36 60 31 21 22 41 51 19 17 19 22 24 21 27 10 15 17 20 5 14 20 25 26 27 
63 60 51 55 64 73 84 98 106 121 123 131 144 154 161 170 180 192 194 192 189 181 168 162 142 116 87 52 42 21 22 26 24 28 13 13 25 33 29 25 29 60 57 56 46 45 45 15 16 20 19 24 15 30 20 8 14 26 15 10 9 19 31 31 
103 93 85 78 77 86 102 121 137 150 152 152 161 162 165 171 186 195 199 192 177 157 142 128 108 83 58 36 43 19 20 18 24 31 27 33 39 49 34 29 20 32 38 34 27 24 24 15 17 24 27 26 16 22 25 15 17 22 8 8 13 20 32 29 
143 133 116 100 96 100 114 136 154 172 170 170 170 173 168 175 180 188 184 171 154 129 116 98 72 55 40 31 45 21 23 29 31 42 35 37 27 39 23 16 11 15 15 15 16 24 19 15 26 39 38 41 35 24 20 19 29 31 29 13 12 18 29 19 
166 156 141 121 118 114 121 135 164 180 189 187 189 190 182 176 187 189 173 157 132 111 88 66 40 34 30 21 31 24 30 27 19 22 10 15 20 39 24 11 6 22 24 24 19 26 19 20 29 32 34 39 33 29 27 26 31 28 26 14 6 22 26 15 
192 183 173 157 150 142 145 159 177 196 204 207 203 204 185 180 178 172 154 136 105 81 58 32 19 23 32 20 13 19 30 29 27 8 5 19 22 43 33 24 26 34 27 24 20 29 21 23 27 17 26 24 15 25 29 36 38 32 17 13 10 21 27 16 
192 192 190 183 187 181 185 194 204 208 209 202 196 189 173 164 156 143 123 102 74 54 35 16 17 12 26 22 16 21 19 13 24 1 10 22 21 37 28 18 27 40 35 34 29 38 32 28 31 27 32 32 21 24 29 27 36 28 20 16 14 20 24 15 
188 186 182 175 180 187 196 205 213 213 201 195 185 176 160 147 133 116 96 72 48 36 20 27 26 20 31 22 18 27 23 19 30 34 41 42 37 37 26 19 32 45 36 34 24 33 36 20 26 27 35 36 26 27 34 36 39 37 20 22 20 20 26 19 
190 184 179 173 177 184 197 199 204 196 189 182 176 163 144 124 108 92 76 50 25 14 15 34 32 28 34 24 22 21 27 19 24 30 35 35 15 11 16 29 36 38 27 26 22 33 38 24 33 38 46 50 43 36 22 17 32 43 43 34 31 26 29 18 
183 179 174 175 180 187 195 192 183 173 156 149 135 123 107 94 73 65 54 36 16 6 23 39 45 41 41 31 13 19 32 38 39 37 34 26 19 19 24 19 15 19 18 29 31 34 34 25 24 29 34 38 40 43 27 17 13 31 40 45 43 34 32 24 
173 169 165 160 165 170 173 163 159 141 124 105 95 81 74 62 55 49 37 34 22 10 30 41 52 45 39 25 10 13 30 45 43 39 30 15 9 15 17 16 15 11 12 25 25 32 30 20 13 20 20 27 29 43 34 29 20 10 22 31 26 17 24 18 
150 149 141 138 137 137 132 121 117 101 86 73 68 61 58 55 50 43 22 29 29 20 26 29 31 21 15 24 19 15 21 33 35 37 28 16 16 17 24 17 19 13 12 24 20 26 23 15 10 17 19 27 33 52 46 43 43 13 11 31 20 24 26 24 
121 124 132 130 131 121 111 91 85 70 58 48 46 48 48 50 41 30 15 16 32 27 27 24 14 12 11 32 19 16 22 31 41 37 28 18 10 19 27 27 30 19 15 21 21 31 17 9 3 6 17 21 24 30 32 38 51 32 20 34 6 24 19 20 
72 84 98 107 111 103 85 66 61 38 27 23 23 19 19 31 24 19 28 5 11 10 19 18 7 18 24 36 29 30 34 34 38 39 31 21 5 17 32 35 38 34 26 29 32 33 11 9 7 9 17 20 26 27 17 19 40 36 32 43 18 31 31 36 
41 51 61 63 70 64 55 48 46 30 18 17 24 14 6 15 7 10 20 9 5 16 24 27 31 34 15 32 11 5 17 22 36 41 40 34 32 34 39 45 46 49 43 38 27 24 9 11 10 13 19 19 22 23 24 22 34 42 42 39 20 27 20 24 
15 16 32 36 42 41 34 25 26 12 8 13 19 10 11 18 8 10 20 21 17 22 26 30 38 45 26 32 13 10 10 17 26 29 28 29 27 24 22 24 29 34 27 26 17 19 24 32 33 34 24 24 32 33 34 34 29 45 52 41 28 19 15 12 
23 26 32 32 35 39 39 26 17 8 4 17 14 20 26 33 25 24 20 26 17 13 4 13 19 37 17 24 29 28 19 15 20 26 34 27 36 30 25 16 12 25 16 23 24 13 10 17 17 22 17 27 34 46 44 34 17 34 53 32 24 19 23 24 
15 14 23 31 34 43 51 43 36 27 17 17 13 16 11 19 13 13 17 34 24 11 4 19 21 36 13 10 15 13 13 20 8 12 13 13 34 28 17 19 5 20 20 27 34 29 15 13 6 11 13 18 14 38 41 38 26 30 55 30 26 22 30 32 
15 6 11 22 26 37 57 52 45 41 31 17 19 19 20 22 15 8 8 30 29 11 19 28 32 44 34 35 32 31 19 16 10 9 12 10 28 31 26 30 17 13 17 20 38 39 17 17 15 17 19 35 30 43 45 45 33 27 46 27 27 30 36 34 
21 17 11 9 19 27 45 44 41 50 34 11 19 19 24 20 16 20 19 36 36 24 22 15 24 29 15 10 17 22 20 20 18 22 24 17 20 28 33 43 31 21 15 17 46 44 25 21 12 15 29 49 41 53 53 59 45 19 34 17 21 20 31 27 
37 33 28 20 32 24 32 26 26 60 42 6 16 13 31 11 9 17 22 36 40 34 22 4 25 29 21 13 12 24 31 33 31 28 32 25 16 7 12 38 24 9 15 17 50 40 13 13 12 10 19 39 9 27 32 46 43 19 24 7 15 22 36 32 
24 29 32 35 50 41 34 27 28 52 36 15 23 24 39 34 31 26 20 25 34 39 25 12 29 27 30 29 36 42 43 38 37 29 34 28 20 13 4 37 26 12 17 16 46 36 12 13 9 8 19 41 22 33 26 30 42 13 13 13 19 27 31 26 
12 10 21 27 49 44 36 25 25 38 34 26 27 20 29 9 18 19 24 24 27 34 29 22 29 17 8 20 35 38 42 40 45 37 29 25 14 15 10 35 23 24 26 23 43 29 16 5 13 17 10 34 23 41 36 24 34 15 12 13 12 5 18 26 
19 17 15 15 29 19 17 17 22 22 17 23 27 16 15 15 26 29 31 26 35 39 24 17 22 21 30 38 42 31 34 30 46 45 29 20 16 20 17 36 26 22 31 24 41 26 23 4 20 13 15 31 34 57 42 31 26 9 11 13 19 24 29 34 
10 8 19 22 27 12 13 13 19 12 15 19 32 26 14 13 20 32 34 32 36 34 13 16 17 15 24 32 43 27 23 30 35 39 29 25 24 24 22 33 27 26 29 18 33 24 19 9 27 17 26 18 24 48 22 19 5 13 27 24 30 32 27 27 
11 17 20 22 26 24 18 11 10 5 13 9 19 13 8 10 16 31 32 34 40 34 26 22 19 16 27 29 36 17 15 8 24 29 17 16 17 15 8 14 12 14 32 16 26 22 19 18 24 18 26 22 17 34 15 26 21 24 32 29 31 34 29 28 
24 19 14 3 12 11 12 14 13 9 12 8 14 4 8 12 15 24 29 30 34 17 10 15 20 17 11 11 30 13 21 15 15 25 17 17 21 19 20 17 8 12 30 15 22 12 9 26 20 22 29 24 20 32 24 29 18 15 26 18 18 25 15 13 
17 14 15 14 22 22 19 15 20 22 24 24 19 6 7 16 25 29 27 20 30 26 26 26 25 22 23 29 44 38 38 27 22 17 7 12 20 20 28 27 22 14 21 15 26 16 17 19 8 27 24 25 25 30 34 31 23 21 22 15 13 13 6 10 
24 24 28 27 30 30 24 24 19 25 26 24 17 12 10 12 12 17 20 18 26 33 45 45 39 31 19 11 26 30 35 32 31 26 20 26 32 32 38 27 29 5 8 19 15 13 8 18 15 24 17 23 19 10 10 17 19 19 24 15 12 12 12 14 
12 13 14 17 24 22 19 12 13 14 18 15 15 6 6 15 20 19 25 21 14 19 26 30 21 22 20 6 17 34 35 36 26 15 8 26 34 34 37 26 31 5 5 18 17 26 18 22 20 18 15 15 13 21 26 29 17 20 19 18 13 15 20 20 
29 28 24 20 17 14 10 10 3 6 12 10 11 6 7 19 19 20 20 19 5 19 15 23 14 21 31 32 44 39 39 27 22 13 7 30 27 31 31 36 35 15 12 15 19 26 22 22 15 12 6 1 12 5 8 21 26 31 36 36 32 28 26 23 
19 13 11 12 16 5 3 10 12 19 12 11 4 19 12 27 20 22 25 20 7 14 11 19 13 18 24 36 29 28 26 23 18 17 12 31 26 36 38 39 29 20 13 18 19 28 26 24 19 9 15 15 18 8 8 16 20 24 26 30 26 26 24 20 
6 7 12 15 17 15 9 13 20 20 16 14 3 13 1 15 16 20 26 15 2 8 13 17 19 33 32 48 34 15 8 10 7 16 20 36 32 44 40 35 26 24 21 17 24 28 30 21 12 9 24 31 24 10 10 24 31 30 25 18 10 12 13 12 
20 22 24 23 22 23 23 26 28 22 22 19 8 19 6 7 13 24 22 15 6 12 20 19 15 21 13 38 25 13 9 17 15 10 19 32 35 53 45 39 31 34 20 19 20 28 27 20 12 18 32 41 34 30 31 41 44 39 28 17 20 15 14 13 
13 12 14 15 24 29 30 26 20 13 13 19 17 23 22 28 29 36 24 18 11 12 20 10 19 20 17 34 14 5 6 17 7 15 20 26 36 54 49 38 34 34 20 15 12 21 19 13 7 15 27 39 28 26 27 34 38 34 19 21 27 23 19 19 
11 13 13 20 28 34 28 27 13 11 17 29 38 31 21 18 23 38 16 21 21 20 17 8 11 15 8 23 27 21 15 18 20 30 12 17 33 49 40 32 36 32 19 12 10 26 15 6 10 14 20 20 13 6 15 22 22 26 17 27 36 34 39 42 
17 16 15 20 31 31 31 26 23 29 31 39 35 12 10 13 26 36 15 23 23 22 19 15 6 17 10 20 26 34 29 11 18 26 20 26 24 44 38 43 45 32 18 10 9 28 10 8 12 16 18 16 18 15 20 22 17 26 30 45 46 47 46 50 
11 6 13 24 22 26 32 39 40 36 30 26 22 8 16 17 26 26 30 26 22 17 20 23 15 24 20 10 4 19 29 12 20 27 37 41 22 38 32 45 39 8 11 17 19 31 12 19 10 10 16 22 30 29 36 35 32 38 46 50 44 32 27 27 
13 8 18 20 17 21 42 48 45 30 25 11 12 16 20 22 26 20 31 22 12 13 28 36 38 45 39 26 18 20 32 5 10 19 34 34 17 28 31 44 28 12 22 24 21 30 12 26 21 18 31 36 35 32 31 27 29 34 45 57 48 36 24 24 
21 18 20 22 24 32 45 41 29 20 23 22 19 24 26 29 27 23 27 19 17 14 8 19 27 42 40 33 29 23 38 11 9 7 31 27 23 31 34 55 32 24 23 27 26 29 11 31 22 16 27 22 17 9 8 8 18 24 42 57 49 40 27 26 
15 15 15 15 24 43 46 38 29 27 37 40 24 19 15 14 12 12 15 9 24 34 30 27 20 32 32 39 39 28 35 16 18 19 27 18 21 23 32 49 27 26 27 33 26 28 19 38 34 29 36 13 17 8 9 16 20 11 30 48 37 38 28 27 
20 22 15 3 15 36 42 38 48 40 48 52 29 17 10 10 7 9 13 31 38 40 33 20 19 25 31 45 45 29 30 10 16 19 20 14 19 15 27 41 8 12 14 35 32 24 12 22 29 34 40 21 20 8 17 24 24 9 22 37 39 39 35 33 
24 24 15 10 18 45 46 40 52 52 58 60 31 14 6 6 8 15 21 38 46 48 39 26 30 27 36 52 47 32 28 15 2 3 15 13 22 13 25 36 17 10 5 35 32 21 17 19 20 31 34 16 22 19 26 30 29 17 13 27 27 25 14 7 

26 27 20 15 20 11 29 20 10 6 13 22 38 31 36 52 53 53 51 43 60 78 93 130 168 192 210 204 187 168 129 92 66 40 25 43 18 34 27 6 14 20 37 39 27 38 37 26 17 20 24 10 15 10 48 39 13 23 40 48 63 52 34 30 
31 28 29 21 20 17 28 17 10 5 12 22 32 31 34 43 42 47 43 39 62 78 97 134 165 190 207 203 186 170 133 101 67 35 20 41 26 36 29 6 11 22 40 34 29 32 34 25 22 11 22 10 17 19 34 38 16 24 34 41 53 46 34 35 
25 18 17 6 13 19 29 20 14 1 13 19 22 21 29 42 34 46 40 36 69 79 104 140 168 188 208 201 185 176 139 109 72 32 17 39 32 39 25 20 12 20 34 27 8 22 24 19 20 3 17 18 17 19 20 36 18 20 29 31 38 32 9 4 
34 29 13 7 15 25 34 24 19 10 30 39 34 32 29 38 19 33 23 31 64 80 109 145 167 190 204 198 185 176 149 117 76 36 19 35 36 39 23 25 16 26 36 24 13 22 24 24 29 17 20 20 15 20 12 29 14 16 24 29 35 30 17 21 
28 20 3 13 15 28 38 29 22 15 38 38 24 24 24 43 24 31 26 33 63 85 116 146 168 189 202 196 189 185 156 123 79 39 19 22 26 23 21 24 22 35 36 19 10 20 23 29 38 21 18 15 13 25 8 22 6 10 9 10 13 19 18 15 
28 22 8 10 14 27 34 24 14 10 43 44 24 15 10 42 26 27 27 37 67 96 125 149 171 189 197 194 191 183 156 119 75 39 15 14 20 20 24 30 34 46 39 28 29 33 33 38 39 15 13 12 10 27 4 18 14 15 8 9 15 24 22 24 
32 29 17 7 6 16 31 22 18 17 46 55 32 33 18 40 29 16 32 45 72 102 138 156 175 197 202 194 192 176 144 103 68 34 12 15 21 21 32 38 46 56 45 29 32 37 39 38 36 19 12 5 16 26 6 10 7 12 12 20 26 31 33 39 
43 41 31 31 32 34 39 29 24 15 39 52 17 29 19 36 35 24 35 48 72 109 143 163 189 211 209 204 196 166 130 86 54 25 8 24 29 24 27 35 38 45 35 15 14 24 24 22 22 4 12 18 26 25 10 13 12 20 20 24 29 36 45 48 
51 45 36 28 26 22 35 20 12 16 37 60 48 49 34 24 33 35 52 63 91 119 152 171 202 220 218 209 199 158 120 74 45 24 17 32 37 32 31 32 31 34 31 11 10 19 14 15 15 15 19 16 18 15 18 20 15 19 13 17 21 34 43 48 
52 48 38 31 35 20 30 15 24 34 35 55 46 41 37 33 38 41 57 74 102 131 159 184 211 225 223 216 197 150 109 67 33 22 31 36 43 38 31 33 32 32 26 11 10 19 11 21 29 24 20 8 13 19 19 24 21 30 28 17 7 15 22 30 
45 41 32 34 35 29 30 22 33 36 19 29 27 24 36 41 49 52 71 88 114 144 173 192 213 228 223 213 189 142 102 63 27 17 28 37 47 40 38 34 39 39 34 21 8 14 16 16 22 11 9 10 6 19 21 31 32 41 37 27 18 17 19 27 
39 31 24 25 33 29 32 22 35 34 14 8 12 20 33 46 52 65 91 110 136 161 185 202 227 234 225 215 187 134 95 62 22 9 25 29 49 42 38 15 25 27 36 38 2 12 14 19 31 20 21 17 6 15 20 32 35 41 39 35 26 19 12 10 
43 34 20 16 24 27 27 21 21 26 21 17 14 15 26 46 62 79 108 130 149 169 190 207 226 231 216 203 179 128 93 65 26 19 25 32 48 43 50 24 22 19 36 43 3 19 23 38 45 36 32 24 14 13 22 28 33 34 34 37 34 29 29 30 
28 24 23 21 12 19 19 9 12 24 22 25 28 33 38 59 74 91 113 130 143 161 185 206 222 232 210 200 175 125 86 68 33 25 20 24 41 30 44 19 16 19 35 41 9 25 20 39 43 41 39 31 28 13 20 22 27 34 35 37 33 28 19 15 
19 20 32 25 7 13 6 15 18 26 29 27 28 42 52 70 85 102 121 138 145 157 177 199 218 225 208 186 164 107 67 46 11 19 24 37 37 31 41 14 13 20 38 34 17 26 20 36 38 39 45 36 34 11 19 22 24 29 32 38 36 32 27 24 
29 31 38 29 19 8 10 27 29 31 35 41 46 60 76 97 107 124 144 161 160 169 181 202 216 222 199 176 143 91 48 36 26 36 29 20 19 29 41 45 45 41 41 22 19 20 14 25 25 40 47 40 35 19 9 17 28 31 37 45 41 34 27 30 
32 43 42 38 26 9 16 28 29 25 36 46 60 81 104 128 135 146 162 177 171 172 181 192 196 199 178 145 124 72 34 24 13 27 13 13 12 27 30 27 22 12 23 13 17 8 15 27 33 38 39 36 32 17 5 13 21 24 29 34 26 19 10 5 
43 46 46 32 23 15 28 40 40 36 51 70 83 104 132 153 149 159 163 173 166 170 173 183 184 183 154 129 99 60 32 27 24 30 20 26 14 15 14 8 22 27 39 40 25 12 20 35 37 37 32 29 27 24 14 20 22 29 26 26 19 8 13 17 
27 29 34 27 27 30 48 58 63 60 82 98 116 131 154 170 171 173 181 185 174 172 173 174 170 162 140 103 76 36 32 34 36 38 26 32 19 15 22 23 33 35 15 22 15 29 24 22 25 23 25 27 19 17 16 26 27 34 32 24 19 6 17 14 
10 13 24 38 52 60 77 82 89 92 107 129 147 156 176 189 184 190 193 196 182 173 166 157 143 129 102 71 42 29 22 5 5 13 28 39 29 24 26 30 43 53 14 10 14 34 38 22 20 14 18 26 26 19 21 25 25 25 19 21 32 26 39 46 
30 30 38 57 77 92 115 116 118 122 129 140 152 157 169 177 175 182 185 188 176 163 154 141 119 100 72 41 33 29 24 10 8 17 27 29 22 12 10 13 38 55 16 18 17 38 48 27 26 25 31 32 29 22 17 28 24 22 20 20 23 6 8 9 
76 73 80 91 105 119 131 140 142 149 149 154 163 159 163 163 163 168 173 173 165 153 138 124 98 76 55 38 36 26 13 17 16 22 32 20 18 20 4 13 34 56 33 26 26 35 48 19 10 11 22 32 29 33 12 16 23 19 10 15 16 15 14 6 
119 114 110 114 120 134 147 158 167 173 168 170 176 170 167 167 170 177 179 172 158 135 112 93 67 42 27 30 42 22 20 21 25 28 25 11 16 26 13 8 23 49 48 46 36 34 39 17 18 20 21 27 22 29 22 7 15 20 11 8 10 16 22 24 
158 149 139 133 135 144 160 171 182 186 181 174 172 165 158 156 165 175 173 163 143 112 81 69 47 31 19 36 45 21 10 12 17 24 17 25 33 41 31 24 12 20 21 17 12 16 24 20 26 29 26 32 15 19 24 16 17 18 8 12 12 20 26 15 
185 179 163 149 146 154 164 178 193 202 192 181 173 166 157 149 150 156 145 130 112 87 60 43 24 18 19 33 41 17 24 24 31 38 38 38 34 36 22 17 18 19 17 17 20 19 21 26 33 38 42 39 27 13 10 19 32 30 27 17 17 26 31 27 
196 192 178 165 161 158 163 171 189 197 201 190 184 176 165 149 150 143 125 105 85 63 36 20 20 31 33 26 24 32 40 33 28 19 5 12 16 38 29 20 22 25 26 29 22 27 20 34 41 44 52 45 41 27 13 17 24 19 27 12 13 24 27 29 
216 213 201 194 185 177 177 181 189 197 201 194 190 181 163 148 136 128 102 84 61 46 13 11 29 38 40 29 8 21 29 30 28 13 4 13 20 43 39 31 38 35 30 27 20 36 26 34 32 25 30 26 32 37 31 24 25 9 24 12 14 25 31 40 
206 205 202 197 195 193 195 193 193 191 185 171 162 152 135 117 108 91 69 51 33 27 17 27 29 26 27 19 18 24 17 12 22 14 20 24 25 40 32 27 33 36 34 29 23 36 29 24 29 23 26 26 32 43 45 31 25 13 21 20 17 20 29 43 
192 186 182 175 176 178 185 188 181 171 154 139 131 121 109 97 80 76 55 32 14 21 28 38 28 20 21 17 23 26 21 12 26 23 30 36 39 39 29 20 28 34 27 19 13 31 32 15 22 18 28 26 20 38 54 54 48 31 15 12 18 21 27 38 
185 178 169 166 164 166 166 163 147 129 116 103 95 93 83 71 66 58 47 25 6 14 32 38 23 16 19 16 22 18 17 13 20 25 33 37 30 23 11 12 29 35 21 20 15 28 31 10 19 26 38 45 32 22 23 33 46 48 37 29 26 26 31 40 
161 154 150 149 152 153 149 133 119 95 77 63 55 49 48 53 47 54 39 27 11 14 34 34 31 30 28 22 17 8 26 27 29 26 26 22 19 17 19 16 22 30 20 24 32 34 34 21 21 26 32 38 37 31 13 13 29 41 39 37 34 34 40 45 
130 121 117 114 117 114 111 97 83 63 47 28 22 19 22 34 38 45 34 26 23 13 29 34 40 44 43 35 24 20 20 19 22 17 15 15 10 3 6 8 19 24 13 27 34 38 35 21 18 13 22 27 31 39 21 5 18 31 38 40 39 34 34 39 
86 84 82 83 82 78 70 54 46 29 20 22 24 22 24 33 30 38 23 24 27 16 13 13 19 24 22 31 31 32 27 13 15 12 16 15 16 18 25 27 32 31 18 17 18 29 31 15 12 14 22 26 39 54 49 37 28 21 33 47 42 36 34 31 
53 59 72 76 79 69 54 33 29 26 22 32 37 34 32 36 29 26 17 17 29 20 12 15 8 18 22 35 40 39 34 20 17 9 8 7 14 23 36 39 49 46 31 19 20 32 19 12 6 11 22 20 31 45 41 41 43 27 27 41 34 26 21 21 
26 39 53 62 71 62 50 37 35 32 25 27 26 25 22 32 23 17 24 4 16 9 14 19 13 19 24 41 40 39 38 26 22 13 17 20 27 33 41 42 52 45 37 29 32 39 15 15 10 20 22 20 33 41 38 29 31 26 20 35 27 22 17 27 
24 34 41 35 35 26 25 27 36 33 26 24 21 13 14 24 18 17 29 19 19 22 29 32 37 33 19 29 31 29 31 29 29 30 34 31 34 40 45 39 52 53 45 36 32 32 13 13 10 20 29 18 26 32 38 36 32 34 26 32 25 17 13 16 
24 29 41 33 32 22 6 20 27 34 23 18 13 13 15 24 20 21 27 26 24 26 29 34 43 44 27 26 30 27 22 22 20 21 28 27 32 36 36 24 36 37 31 21 15 31 32 35 35 27 25 24 23 29 35 41 41 46 45 38 36 27 23 22 
38 38 48 38 32 24 8 20 31 32 24 15 12 23 30 38 31 32 30 31 20 18 8 15 32 41 15 24 31 31 23 21 18 20 31 27 31 33 29 15 11 18 20 22 6 15 27 29 30 28 21 26 21 31 36 41 33 30 36 19 22 13 17 18 
38 36 41 39 38 39 33 29 34 34 29 14 12 12 20 18 18 21 19 32 29 13 5 20 32 43 15 19 21 11 17 12 6 8 17 18 23 28 29 22 12 7 22 30 24 17 16 13 12 18 17 30 14 22 22 34 37 24 34 20 26 22 23 24 
35 29 31 31 31 38 41 38 36 39 32 18 17 11 26 25 20 14 6 26 30 7 19 32 34 48 32 34 34 21 18 14 8 7 10 10 16 27 27 27 26 10 11 22 27 26 17 15 15 24 22 38 26 26 20 32 35 21 36 29 36 35 38 35 
29 26 20 19 27 32 40 36 31 48 36 21 26 8 32 17 15 16 13 27 36 19 17 17 21 34 17 17 19 13 6 11 11 8 8 8 13 22 33 38 39 27 23 28 43 42 26 19 13 24 30 49 42 43 34 42 39 15 27 24 30 27 31 27 
33 30 25 20 34 36 39 27 16 52 35 22 32 5 37 11 6 10 12 24 40 32 24 15 19 25 24 17 16 22 13 16 4 12 8 3 2 9 12 27 28 24 23 31 43 32 9 12 13 8 19 39 33 39 32 43 45 13 25 15 17 17 26 20 
20 22 28 32 50 50 50 41 27 45 27 22 33 21 48 36 34 34 26 19 28 34 29 8 20 20 30 34 41 50 41 27 11 5 16 13 16 12 13 32 19 11 13 23 41 26 13 19 14 12 22 43 42 53 45 41 43 15 19 17 19 24 25 19 
16 9 27 28 49 47 49 41 29 34 14 18 28 18 39 19 20 31 32 28 31 29 22 19 30 26 21 2 21 30 35 29 29 22 10 14 13 25 19 40 21 13 15 17 38 21 21 11 6 12 15 38 41 61 51 39 38 17 17 13 13 6 8 18 
15 14 24 15 27 27 32 30 26 20 4 17 27 19 35 25 29 38 27 20 29 27 15 14 26 25 27 29 31 24 26 25 36 37 29 26 27 32 30 47 32 27 18 10 34 12 27 8 13 12 15 30 39 62 46 41 27 16 15 13 13 21 22 27 
8 5 16 20 27 22 19 20 23 11 14 20 33 27 33 34 39 48 36 22 27 19 5 19 21 17 13 15 31 15 17 23 31 36 27 30 29 39 36 49 39 29 26 5 30 15 26 13 24 19 23 22 27 48 29 27 18 17 24 20 22 26 25 24 
27 28 29 26 26 16 10 10 14 5 20 21 29 25 31 39 40 47 39 21 27 26 30 29 21 10 16 32 43 27 26 12 22 29 23 32 35 39 41 45 34 29 30 18 30 28 29 23 24 22 27 13 14 36 22 34 27 29 33 31 32 36 36 38 
29 20 13 17 26 24 24 23 20 10 23 18 26 28 32 40 42 50 36 26 24 11 18 18 12 8 8 16 27 15 20 14 17 26 22 28 32 38 34 36 30 24 27 12 19 15 18 26 23 28 26 17 14 29 27 38 28 33 36 34 32 40 37 38 
24 22 25 27 35 34 27 19 14 11 17 24 28 25 29 34 40 44 39 31 29 30 30 22 20 19 25 34 43 32 30 24 20 19 17 17 26 27 33 26 28 12 17 14 24 21 23 22 15 28 20 13 25 34 43 46 42 39 41 33 34 33 33 33 
31 31 32 34 45 38 29 25 12 10 13 20 19 22 22 24 31 40 35 34 22 35 43 39 36 29 17 12 19 25 24 27 28 27 27 33 36 37 36 27 31 10 7 10 11 15 13 24 20 27 19 19 17 6 12 23 20 23 29 27 24 23 26 22 
27 24 15 16 34 40 26 20 14 15 11 10 15 12 17 19 33 38 39 32 19 27 21 26 19 15 25 7 15 29 29 31 26 21 27 38 37 39 35 31 40 13 9 10 8 19 12 17 20 22 22 19 10 17 25 29 22 19 20 20 14 12 16 11 
41 39 34 28 36 28 22 11 17 20 22 21 13 17 14 26 20 34 33 28 21 31 21 26 10 7 34 39 52 55 39 22 17 18 33 40 29 29 27 36 39 20 16 12 8 19 13 15 16 18 20 18 12 6 5 17 22 29 27 27 21 20 20 19 
31 20 7 7 19 23 19 13 22 27 20 12 11 22 22 29 13 12 17 5 19 27 19 23 12 4 15 26 29 39 29 21 15 19 33 40 32 36 42 48 41 26 22 13 7 11 7 13 13 7 14 4 10 8 12 10 14 23 24 28 26 29 27 29 
30 24 17 6 15 16 22 13 25 18 20 17 19 26 20 25 8 10 15 13 20 25 19 27 28 34 43 50 37 21 17 15 12 22 35 39 36 45 46 49 41 35 27 17 15 19 20 13 6 13 12 12 15 12 17 8 9 5 5 6 8 14 24 29 
35 31 27 15 8 13 13 11 16 13 22 20 17 21 17 15 12 21 13 20 11 22 24 22 16 18 14 31 25 17 13 15 10 20 27 33 32 51 49 50 39 37 22 17 11 12 21 17 17 23 20 27 24 26 30 24 11 7 6 9 13 18 23 31 
31 26 20 16 13 22 16 14 9 6 18 23 26 22 23 27 31 39 17 22 11 17 16 18 20 21 19 30 19 13 8 18 8 18 18 17 35 55 53 46 37 34 21 10 7 12 17 14 8 18 13 20 26 36 39 32 17 18 6 17 29 31 31 36 
27 27 21 20 29 26 17 15 7 15 24 33 35 28 22 21 26 39 16 27 21 19 12 4 11 7 12 26 29 27 12 24 25 30 5 12 28 50 41 30 22 20 11 4 4 9 19 11 13 19 24 21 25 32 32 28 22 34 32 38 41 37 38 43 
27 29 24 17 27 19 7 21 21 31 32 33 26 5 19 15 27 32 14 25 17 16 14 11 10 15 14 25 28 34 26 19 23 26 21 15 18 41 42 36 29 19 10 11 10 20 16 5 7 19 26 26 31 32 27 12 8 24 27 42 49 54 52 55 
15 18 21 20 26 27 32 44 44 43 32 20 13 16 22 23 28 19 26 19 10 12 17 20 18 26 26 17 15 27 29 24 30 33 36 29 26 37 34 27 13 17 19 20 19 27 18 17 16 11 26 34 36 32 30 27 31 26 26 24 16 15 15 20 
10 11 13 13 17 26 38 52 41 36 17 7 6 17 25 17 20 7 26 13 11 17 31 32 27 31 27 10 10 19 32 22 24 29 29 22 19 24 27 26 12 26 24 22 17 19 8 22 24 21 34 41 37 33 25 27 34 24 24 36 15 24 13 24 
20 19 17 23 24 34 45 47 32 26 15 20 14 20 22 20 16 11 27 12 10 17 26 33 34 38 30 17 19 17 34 22 25 23 28 21 24 24 30 39 27 33 26 25 19 20 10 29 27 18 29 22 25 16 6 17 37 26 29 39 22 27 17 18 
8 10 8 17 28 44 58 50 38 27 25 38 22 14 11 9 11 17 20 3 11 19 26 24 17 22 13 20 20 13 30 24 32 33 22 10 19 13 23 38 34 43 34 29 20 25 19 38 33 29 36 16 24 13 11 17 34 29 29 43 22 34 24 31 
20 18 11 16 17 36 51 36 33 22 31 51 28 12 8 6 2 9 12 12 12 15 11 11 16 13 8 23 23 19 19 27 29 29 12 7 17 5 10 29 17 22 22 36 34 27 13 21 25 35 44 30 28 12 6 5 20 22 29 38 34 41 34 37 
19 19 16 24 19 36 47 13 24 16 39 58 29 15 6 4 6 11 13 16 10 12 8 10 24 13 18 18 15 12 17 32 22 21 8 5 19 13 16 32 20 17 16 29 31 24 10 12 22 34 44 35 35 20 17 12 13 13 20 25 17 20 10 6 

25 20 19 17 15 10 15 25 19 6 24 43 64 62 24 20 48 73 89 102 119 131 136 161 182 193 203 194 161 123 71 29 29 34 33 53 34 38 41 21 25 25 34 34 18 34 38 25 17 20 26 13 12 11 38 36 28 32 38 32 34 31 35 41 
26 20 22 17 18 12 17 20 18 7 25 39 52 58 29 24 52 73 84 93 117 130 138 163 180 193 198 190 154 119 66 32 31 24 34 51 46 47 36 19 17 19 36 33 17 39 37 29 26 22 28 17 15 18 27 30 22 24 31 22 25 34 39 45 
22 12 12 10 17 18 21 21 20 6 21 32 41 47 27 37 58 80 81 95 121 130 145 174 186 194 199 185 149 117 69 34 25 14 23 39 38 42 25 24 15 19 36 26 12 36 35 31 36 27 32 29 22 20 15 23 18 22 23 19 10 19 27 30 
32 24 15 20 25 27 27 25 26 13 29 41 47 45 33 42 50 70 74 90 125 135 154 185 195 199 201 185 150 117 73 46 26 8 21 27 34 33 20 24 17 24 38 22 13 35 34 31 36 28 27 20 17 20 13 20 10 15 19 16 15 24 31 38 
31 25 23 30 31 29 31 20 22 13 29 35 26 28 32 52 54 71 79 97 127 147 171 190 198 202 196 180 153 121 78 48 19 24 30 23 30 28 26 28 24 35 39 20 9 26 31 36 41 22 19 16 12 26 17 15 6 9 6 9 17 27 35 38 
31 33 29 36 34 38 34 20 13 6 42 49 29 27 34 55 61 76 88 105 137 156 180 194 197 197 188 173 149 120 74 41 19 31 30 10 9 8 17 28 31 49 48 31 28 34 34 36 36 20 17 15 14 23 17 18 12 9 5 9 15 24 34 37 
30 34 29 31 35 31 32 13 6 13 51 60 35 43 47 72 78 90 105 124 147 171 194 196 199 204 187 170 155 112 67 36 23 32 26 18 15 3 10 22 29 51 43 22 26 30 38 37 32 13 14 2 13 27 17 19 16 11 10 11 17 27 31 39 
20 29 27 33 32 31 33 19 13 14 43 51 18 33 54 76 95 105 126 136 158 178 197 197 208 213 194 174 152 107 58 31 26 23 17 19 24 16 12 15 18 43 34 9 13 22 30 24 19 6 16 22 22 21 15 13 15 15 13 15 23 32 41 45 
22 34 27 22 19 17 26 14 17 18 44 64 51 58 74 90 112 128 144 151 166 181 197 195 209 213 191 170 146 93 55 20 16 20 13 17 29 21 13 19 20 40 32 13 16 24 26 13 14 10 21 15 11 13 13 8 11 10 11 6 15 27 34 43 
29 32 17 12 15 11 26 19 26 25 32 56 55 69 93 112 131 145 157 161 170 176 187 192 201 207 187 164 137 83 45 13 11 20 26 27 32 26 19 24 31 38 26 12 8 19 14 13 22 15 20 10 13 15 15 16 19 19 22 20 14 19 10 15 
32 35 15 10 17 12 24 17 30 19 24 52 66 88 116 134 151 159 172 171 175 177 189 185 202 202 187 159 126 74 36 15 9 13 18 25 39 35 27 27 40 45 29 17 12 24 22 21 23 5 15 17 17 29 19 22 19 23 24 20 24 25 16 10 
45 41 18 10 13 17 22 11 19 25 39 64 78 98 123 143 154 169 184 181 182 182 184 189 199 202 182 156 118 66 34 14 8 8 17 20 40 36 40 21 34 41 34 29 17 29 27 29 27 18 19 21 28 36 33 36 31 29 24 20 20 24 22 24 
61 48 27 8 14 19 23 3 13 38 58 83 93 109 124 145 157 171 184 188 181 175 180 180 192 187 173 146 112 58 38 27 27 21 28 31 46 36 46 26 33 31 36 34 10 32 28 32 38 35 33 28 36 43 42 42 35 29 19 21 30 38 41 44 
47 37 29 17 10 18 12 20 29 53 70 97 108 123 134 156 159 169 182 181 170 170 170 172 178 179 158 140 106 63 46 39 40 29 23 29 36 22 43 23 29 30 35 36 15 29 11 31 36 32 35 25 39 41 41 38 32 28 21 20 17 24 25 26 
32 28 30 21 6 11 18 42 50 71 87 104 116 133 143 157 162 169 173 175 164 159 163 168 175 171 154 130 100 51 29 18 12 23 20 31 32 18 39 24 26 29 34 31 21 29 7 31 26 20 27 15 38 35 32 31 26 22 14 25 20 20 21 24 
29 32 32 28 18 24 39 62 69 85 95 116 124 141 152 170 168 176 183 183 168 168 166 166 164 159 135 107 82 43 24 24 25 35 21 12 19 25 43 46 47 40 41 25 27 25 22 31 29 17 29 15 26 20 19 19 17 16 19 29 19 15 11 15 
41 46 45 43 36 49 67 83 90 100 114 128 138 156 172 189 182 184 180 182 166 161 160 153 141 129 106 82 65 29 22 16 17 31 11 8 8 17 24 27 27 22 29 21 27 24 28 35 34 28 19 10 21 14 12 12 10 11 17 24 19 16 13 13 
68 71 72 68 69 79 97 105 112 121 133 149 156 170 187 196 183 178 175 164 149 150 147 133 118 105 78 57 48 26 35 27 27 36 24 25 9 9 11 13 28 34 43 41 31 20 30 34 48 37 23 6 10 17 19 20 14 14 8 10 13 10 12 19 
91 98 105 110 112 119 130 134 139 150 163 173 181 188 196 197 187 184 176 164 146 139 133 111 96 80 60 34 24 22 41 38 39 41 25 32 12 12 13 24 39 38 32 32 29 27 20 22 27 31 28 15 8 5 21 29 19 25 20 11 20 12 19 14 
99 105 113 127 138 150 158 157 161 169 179 189 196 198 202 199 187 187 181 165 142 129 114 87 62 51 24 8 12 23 28 8 5 15 19 37 22 19 24 33 52 59 39 38 27 26 28 14 6 21 20 14 17 10 27 34 8 11 6 16 32 29 38 44 
115 118 128 142 159 173 186 178 180 186 187 192 197 194 195 189 178 177 168 155 130 111 97 71 46 31 15 12 22 33 23 15 7 10 28 34 25 17 12 15 39 60 36 36 25 25 38 24 20 27 29 26 22 19 17 37 28 22 18 19 29 11 9 14 
142 142 147 157 167 178 180 180 178 186 185 189 195 190 182 177 167 163 156 137 114 95 76 53 30 26 16 26 28 25 15 17 8 8 28 29 27 29 11 7 29 52 34 31 24 24 39 19 13 17 24 30 31 27 4 20 21 16 5 6 23 20 7 12 
167 164 159 162 168 173 176 175 178 183 183 189 199 195 189 177 168 164 147 128 102 78 53 43 27 15 15 30 33 20 16 27 25 32 32 28 26 31 20 11 17 38 32 35 25 20 31 19 28 28 20 24 20 26 19 8 16 17 5 5 14 21 17 24 
183 175 166 160 160 166 171 171 175 178 174 171 176 178 168 159 152 150 133 112 86 63 37 34 29 24 24 35 35 13 8 15 12 8 15 19 33 43 38 36 29 23 12 6 14 15 24 19 27 26 27 24 16 15 17 17 12 13 5 12 6 21 20 22 
204 200 183 168 162 165 163 166 173 176 165 159 163 157 149 136 130 119 97 81 65 55 37 23 17 15 20 29 29 13 16 19 22 30 37 41 41 45 38 30 30 26 20 17 12 16 14 22 27 33 34 30 22 3 18 30 30 29 20 15 13 26 27 32 
209 204 191 180 170 163 157 155 157 158 153 147 144 140 128 112 106 97 72 54 46 41 26 15 27 31 33 17 19 33 34 33 22 12 9 16 20 39 39 34 32 26 22 26 15 22 14 33 35 48 50 48 42 29 19 26 29 23 23 13 5 17 16 22 
210 208 202 190 183 175 161 152 151 145 137 131 126 119 100 90 84 77 53 50 36 35 23 17 26 32 34 23 22 29 31 32 30 20 20 16 22 39 46 38 36 30 30 31 28 35 21 29 28 17 24 26 44 45 34 19 9 12 20 10 14 17 19 30 
182 180 182 175 171 170 159 149 137 130 111 94 83 71 57 48 53 52 36 26 26 31 27 27 19 18 24 33 34 32 22 20 24 24 27 26 23 38 38 34 30 33 33 31 23 32 16 24 26 22 19 6 35 54 54 30 12 8 27 9 10 17 28 39 
147 148 146 142 141 142 135 125 114 95 74 60 50 43 36 31 34 49 43 32 21 30 34 32 12 11 30 30 34 27 14 13 15 15 27 22 29 34 34 24 26 20 15 8 12 27 20 10 24 20 19 13 16 43 58 52 32 19 13 14 15 18 27 35 
117 119 116 117 114 114 99 85 67 52 37 31 31 30 26 21 26 37 28 16 8 23 39 32 8 17 29 34 30 15 11 8 4 15 26 30 32 31 26 26 27 27 20 9 17 26 22 5 17 24 35 32 31 24 33 37 32 34 25 18 18 26 30 40 
86 86 84 81 80 78 69 52 39 31 23 17 15 18 19 24 24 35 21 13 8 21 39 28 23 27 32 26 17 12 22 25 22 11 13 8 14 20 29 24 24 24 13 15 19 25 28 20 21 30 32 33 33 24 22 33 27 30 24 20 21 29 36 45 
78 67 50 43 36 38 34 27 20 17 17 4 11 15 20 26 26 36 19 15 15 20 31 29 39 46 43 34 21 16 22 17 22 26 20 8 6 14 20 19 17 24 20 34 38 39 38 29 17 20 19 19 22 28 8 20 23 29 27 28 33 43 53 58 
47 38 27 20 15 17 18 19 16 7 10 12 15 6 15 26 22 32 15 11 22 17 17 19 27 36 24 22 17 25 31 17 29 27 21 19 19 27 38 36 31 31 24 20 19 28 26 11 6 9 15 10 18 43 32 30 27 22 32 42 52 58 64 65 
17 17 25 27 29 19 12 17 17 18 13 19 22 20 17 26 22 23 19 11 26 12 8 22 13 17 8 17 14 31 32 24 31 26 22 15 13 19 29 30 33 29 21 10 17 26 18 9 7 12 16 8 8 27 22 29 29 20 20 37 45 49 53 58 
3 16 29 36 45 45 42 37 29 26 19 18 20 20 19 24 19 17 21 12 22 18 7 20 10 15 12 16 21 29 29 27 26 27 23 17 12 20 16 10 27 27 23 22 27 36 22 21 17 21 22 2 11 18 12 9 17 11 5 26 31 38 43 51 
8 22 25 21 23 23 35 37 38 31 26 18 19 19 19 13 5 17 25 24 27 26 24 31 32 24 7 9 14 19 22 25 28 28 27 23 18 27 24 20 30 34 34 31 24 32 7 14 10 20 27 19 12 10 6 12 16 24 16 21 20 27 34 34 
10 16 26 17 18 19 24 32 33 33 27 20 15 18 22 18 8 13 20 22 22 23 24 31 41 38 20 15 13 21 12 13 6 11 8 11 11 25 24 15 24 20 24 19 16 27 25 31 27 19 19 21 15 12 11 19 28 38 36 35 32 28 24 24 
11 12 24 15 10 6 10 22 29 33 30 20 24 30 40 39 35 38 26 28 19 15 10 5 32 31 13 20 15 21 13 15 20 24 22 17 23 32 36 27 25 10 17 27 5 19 22 27 23 20 15 31 27 31 21 14 24 21 26 9 18 17 20 22 
25 24 32 36 38 32 21 18 19 27 29 15 25 15 28 17 19 27 20 26 26 12 20 19 31 38 19 28 17 19 19 18 18 13 13 10 20 34 38 31 27 17 16 32 19 6 13 15 12 26 24 39 45 41 24 10 30 21 22 3 14 16 18 19 
24 20 22 28 32 40 36 28 20 23 26 15 31 9 32 19 18 20 16 26 36 19 22 23 36 48 34 35 31 21 21 15 15 13 12 6 9 23 24 23 32 25 19 26 26 21 22 20 22 37 28 45 45 45 30 16 33 19 24 23 29 29 24 23 
28 25 18 24 32 43 47 41 24 32 26 13 35 6 34 12 10 21 20 30 43 26 15 17 27 40 31 35 29 23 20 21 20 17 19 13 11 19 18 20 24 26 27 38 45 39 27 17 17 33 39 53 57 58 39 27 37 7 14 8 14 15 19 27 
25 19 15 23 32 48 53 51 28 35 23 11 38 5 39 14 17 27 22 28 35 24 20 18 29 36 37 31 29 21 14 20 16 20 20 11 8 12 15 18 17 19 29 41 45 26 4 15 19 24 27 41 42 47 38 27 34 8 15 14 13 20 29 42 
22 14 19 25 39 49 57 58 37 35 11 8 39 13 48 30 38 44 43 36 37 27 25 24 27 32 38 43 45 48 35 22 13 21 29 26 22 10 17 26 10 6 16 34 39 11 19 23 21 28 29 39 42 54 43 31 32 7 17 12 23 34 46 53 
16 7 34 32 36 39 46 50 29 22 2 15 34 24 46 21 25 39 38 39 30 20 23 22 32 25 23 12 12 16 22 12 9 19 19 17 17 8 14 29 8 13 10 19 32 12 26 22 17 20 16 24 24 45 35 32 28 18 20 13 21 34 42 52 
21 14 24 19 23 32 33 41 24 13 19 26 38 27 37 8 19 33 28 27 24 24 19 16 22 17 26 23 20 16 21 16 19 22 22 22 17 17 14 33 19 20 9 10 26 18 38 28 26 24 17 20 24 43 31 27 22 16 17 6 16 32 40 46 
28 22 20 24 29 31 27 27 18 8 32 33 42 32 30 13 24 38 25 21 22 14 9 13 14 16 19 15 28 25 34 27 29 24 15 14 12 14 8 28 18 22 13 2 23 27 39 33 34 31 23 24 16 39 12 21 12 19 22 11 5 18 20 22 
37 34 27 26 16 12 8 15 13 13 41 31 38 29 22 20 24 38 27 21 22 23 29 27 18 12 20 31 45 37 34 26 22 24 17 13 14 17 8 15 8 8 17 17 27 32 34 32 29 35 27 14 10 29 10 21 12 18 26 22 18 19 9 5 
29 22 13 21 27 31 36 29 24 22 32 23 29 31 26 32 31 40 23 29 19 15 22 19 13 10 8 20 27 13 15 19 27 27 12 3 8 10 10 12 10 10 17 13 15 23 22 33 29 39 31 26 12 24 20 33 26 27 34 32 31 32 29 26 
17 21 29 30 34 33 28 19 17 14 22 20 24 26 24 30 33 38 26 40 29 33 34 26 24 23 27 38 42 29 12 18 26 27 17 3 4 12 16 18 15 10 17 17 27 24 25 23 22 38 27 22 27 38 49 52 45 39 33 30 30 32 31 36 
20 32 38 36 43 34 26 26 13 14 13 14 13 22 22 27 32 35 31 40 17 29 38 35 33 23 12 21 22 22 5 24 34 30 30 29 29 28 26 24 28 21 12 7 6 13 10 20 22 31 20 27 25 12 23 27 22 16 13 23 27 32 36 36 
14 29 22 25 43 39 32 32 24 27 25 20 11 13 17 29 40 46 40 34 5 18 18 27 24 17 13 18 13 27 29 34 38 28 33 36 32 34 32 31 36 25 22 14 7 17 13 13 19 22 19 21 17 22 29 32 24 10 3 24 29 35 37 38 
31 39 38 36 43 37 27 26 14 21 22 23 19 15 24 31 31 45 43 30 21 20 19 30 24 22 32 38 54 54 43 30 31 19 24 25 13 5 8 22 34 23 26 14 11 17 15 17 21 24 20 22 12 10 16 23 29 24 19 17 12 13 6 8 
17 22 17 17 27 30 31 29 19 16 17 17 22 20 29 36 11 15 22 11 25 18 11 26 22 25 19 21 26 35 28 22 19 15 27 27 12 18 22 38 33 17 23 17 11 16 20 24 27 21 27 15 5 8 18 25 25 27 24 26 26 27 20 19 
22 20 19 15 22 24 26 23 17 14 24 26 27 15 29 32 15 8 12 22 26 20 17 31 38 48 55 57 46 26 17 19 22 20 26 26 11 18 24 34 27 11 15 16 22 27 27 26 26 31 27 22 22 26 32 25 24 18 15 9 8 15 17 16 
26 22 19 12 4 9 14 14 11 11 27 27 31 19 23 24 16 22 10 26 21 13 13 22 19 24 26 33 32 25 11 12 15 17 24 18 13 22 29 34 22 15 3 5 10 16 27 34 33 31 34 31 32 19 17 6 13 8 12 12 8 11 19 19 
30 20 17 12 15 24 16 6 8 17 24 29 24 10 22 26 29 36 15 30 15 13 15 21 28 27 27 35 27 25 3 20 15 24 22 24 27 36 41 36 26 22 19 15 13 19 29 36 29 30 31 38 41 39 32 29 24 11 9 15 26 32 41 40 
29 26 22 23 32 29 17 15 5 19 26 33 32 22 22 20 25 36 22 32 23 18 12 4 19 15 21 30 32 32 8 20 15 23 10 12 17 29 33 23 13 24 29 22 12 16 31 36 32 31 36 34 36 31 31 33 38 37 36 34 34 24 29 27 
40 38 31 24 28 15 9 17 18 30 22 24 12 8 18 16 24 29 20 24 18 13 10 8 17 20 24 30 31 40 19 16 12 20 13 9 6 24 34 22 19 29 27 26 20 23 34 32 25 24 25 27 26 20 18 16 17 13 22 38 50 52 51 49 
34 37 31 22 31 34 43 48 45 44 31 19 12 15 27 24 25 17 25 15 6 18 20 24 32 37 34 28 17 29 20 15 19 27 25 24 26 22 29 14 14 27 26 24 22 27 35 32 26 17 24 29 24 14 13 22 27 15 12 17 14 22 17 21 
37 39 32 16 18 19 35 38 34 33 24 13 11 20 19 12 19 12 33 16 10 12 22 17 15 26 23 15 17 19 22 10 14 20 14 5 24 21 29 14 17 29 24 26 15 5 9 24 32 23 32 33 34 29 19 22 38 15 11 30 10 30 8 20 
36 39 32 21 24 24 38 34 31 32 25 20 17 13 17 17 13 10 29 8 9 17 27 29 34 36 31 19 14 12 24 12 17 19 11 19 27 26 29 24 23 26 20 20 11 12 12 26 31 20 21 11 26 28 24 32 44 24 15 36 15 34 15 18 
27 27 24 22 27 39 56 52 48 39 29 33 21 14 15 10 13 20 26 6 6 10 13 11 8 15 7 13 19 11 22 20 27 27 19 15 22 24 24 29 39 44 38 33 14 16 20 34 36 29 30 13 27 31 24 30 50 30 19 36 21 37 26 30 
15 14 12 15 19 29 55 40 42 26 24 46 27 19 15 6 10 15 25 6 6 7 6 5 17 7 15 26 26 22 19 23 18 18 12 16 23 26 15 13 13 14 15 28 27 27 14 26 28 29 31 14 25 27 17 24 39 29 20 36 30 43 37 36 
11 6 7 18 17 31 53 31 35 16 26 52 28 17 15 9 17 16 24 10 4 13 10 13 23 8 22 12 13 17 20 32 13 22 19 21 26 27 22 25 21 16 13 24 24 24 17 21 22 25 29 20 19 24 16 24 36 29 10 22 10 30 20 17 

40 29 27 26 27 26 32 43 40 36 49 43 71 85 77 93 124 148 167 174 174 175 173 182 184 170 147 104 53 22 11 24 20 33 31 57 48 39 38 15 15 20 31 35 17 38 35 21 23 30 41 27 17 24 27 25 8 19 19 17 18 40 57 63 
29 19 17 21 22 20 27 38 37 36 50 50 75 93 86 97 124 147 158 167 173 175 171 183 184 170 145 107 57 25 6 17 24 21 19 50 48 50 41 26 15 20 35 34 22 43 34 25 29 31 42 26 20 22 24 25 5 16 16 15 16 38 53 62 
27 14 14 17 20 19 23 31 35 35 55 65 87 98 97 105 130 148 157 166 175 175 175 190 189 173 147 107 61 29 7 19 26 21 14 24 19 27 16 22 17 20 36 26 19 42 31 31 39 33 43 31 27 19 12 20 15 22 22 20 10 18 37 39 
34 26 19 26 27 27 28 27 33 37 56 76 87 102 104 112 128 145 150 166 183 182 189 203 198 178 154 112 69 34 20 24 26 23 24 19 21 28 15 29 18 25 38 21 19 40 34 34 40 27 29 13 12 16 4 12 13 23 26 23 15 19 34 41 
37 32 29 32 25 24 29 20 26 32 62 72 84 94 104 121 133 146 156 173 192 199 202 210 202 184 153 119 77 48 31 22 10 28 39 34 39 37 29 32 29 35 38 17 12 37 34 36 37 22 22 8 6 16 8 15 20 29 34 32 27 24 29 33 
41 42 34 34 27 27 32 19 20 32 67 84 79 91 107 122 137 154 160 176 197 209 213 212 199 181 145 114 86 49 20 12 8 34 39 32 34 26 14 20 31 50 52 32 28 33 39 42 37 22 21 16 14 20 6 11 24 29 29 24 13 12 18 26 
39 45 38 32 28 20 29 17 26 41 79 88 83 95 114 135 153 161 173 185 200 214 220 208 192 174 136 104 88 50 18 8 17 31 34 37 40 30 18 9 20 47 46 27 25 29 43 41 31 19 19 12 13 22 9 11 20 29 30 32 23 25 22 25 
40 43 34 29 21 21 30 31 38 54 78 86 76 90 114 135 152 171 179 187 201 219 218 201 187 168 120 92 81 36 18 17 26 30 20 25 33 32 23 11 12 41 32 9 12 19 36 27 19 18 27 31 25 22 6 5 18 25 31 30 28 36 32 32 
26 37 34 24 15 15 24 32 41 61 89 95 95 104 121 137 154 169 178 183 196 210 206 190 175 156 102 74 61 19 35 26 26 19 7 12 29 29 23 15 16 36 26 20 21 28 38 21 17 15 27 18 13 12 7 7 10 15 17 13 12 25 21 21 
32 39 27 24 23 19 28 41 58 78 98 111 111 119 133 142 154 165 172 177 185 195 194 173 161 138 88 57 44 17 39 26 26 26 20 16 26 28 26 19 20 31 18 26 27 34 29 22 19 17 22 13 11 15 13 19 20 20 22 20 26 31 26 20 
38 41 33 36 35 31 43 57 74 96 117 124 133 140 145 149 155 164 174 176 183 189 184 168 151 127 81 52 32 12 36 32 31 29 24 12 26 34 33 31 31 32 13 19 24 29 25 24 21 17 21 10 17 22 15 15 8 13 13 10 15 21 23 31 
57 56 50 50 50 55 59 74 93 116 135 147 146 150 152 157 155 166 181 182 183 184 173 159 141 112 72 46 24 20 38 38 37 33 29 17 22 34 38 32 35 29 15 15 23 29 18 19 16 17 14 3 19 27 17 16 11 19 15 9 13 19 33 43 
78 74 62 65 67 72 80 93 108 132 148 156 158 158 159 162 164 173 183 187 180 174 164 143 123 97 62 45 21 22 36 44 41 34 32 26 27 32 42 36 39 32 22 19 20 28 12 22 28 36 32 19 32 35 24 20 17 20 13 20 32 46 58 69 
83 78 78 77 84 87 97 111 126 144 162 171 173 176 175 181 176 180 189 182 171 163 153 131 113 83 57 42 28 31 45 51 50 39 27 17 20 17 37 34 36 30 25 21 20 27 2 25 29 36 39 29 44 40 26 21 24 22 8 10 17 28 43 55 
88 87 93 91 89 100 116 131 143 162 171 179 176 182 185 193 192 197 198 188 168 154 139 117 100 76 55 43 30 13 13 12 22 25 8 19 23 21 37 41 39 37 31 20 19 26 11 36 31 21 32 28 46 46 25 22 22 17 11 24 17 28 41 50 
95 100 105 102 105 116 130 145 156 164 171 177 175 182 192 204 204 209 204 187 161 142 126 100 83 62 41 20 18 15 21 22 22 31 13 8 17 23 34 43 46 43 39 26 27 24 17 34 33 17 29 22 39 39 28 20 22 10 16 22 11 21 32 39 
109 117 120 126 125 138 150 157 159 164 168 170 171 186 206 220 219 216 201 177 147 124 109 78 59 41 30 20 20 13 19 17 21 33 15 11 6 7 18 24 33 34 35 28 26 21 19 32 36 20 19 13 27 34 30 24 19 10 17 20 15 23 29 35 
134 140 153 159 161 166 171 165 163 164 166 169 172 189 205 216 213 204 187 153 122 102 91 53 40 29 20 10 17 17 30 26 28 38 22 22 5 5 6 13 24 38 47 45 31 17 20 30 42 39 19 5 18 29 32 22 11 12 8 16 19 19 17 17 
156 165 178 189 192 192 189 176 166 169 171 172 181 190 201 204 201 200 178 147 109 90 71 36 19 19 11 9 22 31 42 37 30 36 20 30 11 12 13 15 30 38 47 45 37 27 15 14 29 38 29 19 6 16 29 29 13 18 19 11 18 19 25 19 
170 177 184 198 206 209 204 189 176 175 173 179 191 199 199 196 188 176 158 125 89 63 57 21 5 15 12 13 17 30 31 19 16 22 22 33 19 19 25 28 36 41 45 43 38 26 16 11 13 29 20 15 19 12 29 36 14 17 22 23 34 28 34 34 
187 187 193 202 212 216 216 200 185 183 176 181 194 196 192 184 168 154 131 102 75 49 47 22 19 22 15 12 10 24 22 22 18 20 20 29 20 20 22 9 26 40 35 41 38 29 26 19 20 30 26 21 24 15 19 34 27 24 27 26 34 23 23 22 
205 203 199 203 207 207 201 194 182 187 185 189 196 194 177 162 143 128 105 77 50 31 28 24 20 21 21 20 19 26 24 25 17 12 20 26 21 26 19 10 24 36 24 29 29 24 26 12 12 22 19 24 34 28 12 17 19 14 15 26 36 34 26 29 
208 201 194 191 188 190 187 187 181 187 187 192 195 187 166 143 125 109 86 62 38 17 19 34 38 34 24 28 22 18 17 28 29 31 27 18 17 24 23 10 22 27 19 30 26 24 29 14 26 26 17 16 24 19 17 11 10 8 8 18 37 41 35 37 
203 194 182 175 170 173 176 176 185 185 178 172 173 152 130 111 94 81 63 52 33 19 10 23 31 27 25 29 24 8 7 21 18 11 3 11 21 32 36 32 35 23 16 15 23 20 22 18 16 17 20 20 17 14 20 17 10 8 12 19 34 43 40 36 
203 199 185 169 162 159 154 158 165 166 151 146 136 116 95 74 62 48 23 15 13 22 20 12 15 12 13 19 12 5 5 13 23 27 35 35 34 33 36 24 26 22 15 12 15 20 21 26 26 24 26 22 17 15 27 33 29 18 17 24 28 34 35 34 
189 188 181 167 159 149 140 137 143 137 125 114 104 85 57 41 41 35 6 10 11 25 26 19 27 30 24 8 13 22 26 21 15 19 16 8 15 24 31 17 18 15 8 11 13 22 17 36 42 46 52 49 44 32 27 29 32 29 29 20 23 17 15 21 
162 160 163 154 150 143 126 114 115 105 86 79 77 55 38 29 35 38 24 29 21 27 29 20 27 31 32 20 19 22 21 21 21 27 23 10 8 20 32 24 27 24 24 32 33 30 20 27 24 19 27 31 50 54 41 15 15 20 26 17 11 5 20 31 
114 114 121 120 124 123 112 97 90 78 55 45 38 26 13 12 23 32 17 21 21 33 34 20 25 30 32 32 28 22 10 17 21 30 31 20 8 16 27 24 29 32 36 31 28 29 9 20 26 22 12 17 41 60 52 26 16 21 29 13 6 13 24 24 
70 73 83 82 90 91 83 74 63 44 27 22 17 17 10 6 18 34 24 31 20 32 38 28 32 36 39 35 32 23 11 21 14 16 27 10 13 17 24 18 29 14 6 20 26 36 19 13 20 19 17 19 33 52 60 42 29 16 18 15 8 13 25 24 
33 42 54 53 62 62 53 42 28 15 10 17 17 22 20 18 19 29 8 10 6 27 43 24 27 31 33 31 24 15 15 16 5 15 32 28 24 18 19 17 23 13 17 29 34 38 27 12 17 25 29 35 33 34 37 27 20 15 13 10 12 17 19 20 
26 35 35 29 34 35 31 24 18 15 18 17 19 24 29 27 29 34 19 9 8 25 39 23 24 35 27 19 15 16 29 19 17 10 20 22 14 8 13 12 16 13 20 29 35 38 32 27 31 38 34 37 36 28 31 31 20 24 12 8 7 10 8 11 
54 50 36 20 20 13 10 17 12 15 9 12 23 27 36 34 34 41 25 20 12 20 35 26 40 44 35 24 15 19 24 15 20 13 15 20 16 8 6 10 17 22 34 38 41 38 34 25 20 18 24 19 22 32 21 30 22 22 19 9 8 9 11 9 
47 43 34 30 30 31 32 35 26 22 11 9 19 25 28 34 31 41 30 19 19 16 21 20 27 31 20 21 17 27 31 19 22 10 11 17 24 28 42 45 43 40 35 22 17 19 17 7 11 16 17 6 15 36 30 35 24 22 22 15 20 24 25 22 
22 14 9 13 12 15 22 32 27 26 17 12 11 8 7 15 24 35 31 24 19 10 18 19 24 21 11 11 12 31 32 24 19 12 13 17 26 34 36 34 28 28 19 8 6 20 22 21 15 17 19 7 5 26 24 34 30 22 22 29 27 25 17 9 
22 9 17 31 43 45 43 43 34 39 35 26 23 21 17 15 16 24 26 27 20 11 13 24 23 15 10 13 14 27 27 24 20 19 11 5 10 21 11 6 17 19 19 18 25 38 36 34 28 25 23 6 5 15 14 24 27 29 22 27 20 15 8 16 
13 13 29 38 46 46 48 50 45 51 50 43 37 29 26 14 12 25 38 38 36 27 25 27 32 24 12 10 13 26 24 26 26 20 17 7 10 26 19 12 26 27 33 32 34 39 34 31 25 27 28 22 15 17 17 18 22 27 28 26 26 20 19 17 
10 13 28 36 43 44 42 46 50 53 54 52 50 32 35 22 7 12 19 32 33 26 24 25 36 32 23 19 10 24 15 19 23 26 20 17 20 32 31 25 36 34 39 39 39 46 38 39 30 20 13 15 6 13 15 17 22 29 33 32 33 27 15 16 
16 13 24 29 32 32 36 47 43 47 52 49 55 41 51 41 34 31 26 30 34 28 19 10 26 30 23 27 6 23 19 22 30 27 29 21 27 39 43 40 39 39 42 45 38 38 31 27 25 23 5 18 10 12 17 11 18 10 14 13 22 24 16 16 
22 21 30 31 27 15 2 24 28 29 37 35 50 27 39 27 23 29 13 19 38 29 25 19 31 36 22 27 15 27 25 18 20 17 22 13 17 28 31 24 31 34 42 52 42 33 27 22 18 31 19 34 37 34 29 8 26 11 9 10 19 23 14 14 
20 13 15 21 24 23 22 32 29 11 30 22 41 22 33 23 20 22 8 21 41 27 25 25 31 42 24 26 20 16 24 21 20 10 17 5 10 22 17 6 13 26 32 46 41 31 27 24 25 40 17 27 24 20 26 10 32 24 21 27 24 25 13 15 
29 21 18 24 27 37 39 50 39 15 17 9 44 20 36 21 15 19 9 22 46 31 29 25 24 32 22 19 16 13 24 22 20 12 15 14 13 27 28 24 17 8 24 46 46 40 29 18 22 41 29 40 42 35 32 15 41 27 20 15 20 27 30 41 
26 13 9 15 20 39 50 60 49 27 16 2 40 14 42 20 20 17 15 15 36 24 26 20 24 27 32 31 29 24 17 26 22 6 9 13 19 33 38 36 26 13 22 39 31 16 8 16 22 27 15 26 27 24 22 21 36 27 21 23 29 37 39 55 
25 13 16 16 15 37 43 57 47 32 20 5 39 14 46 30 32 34 33 28 32 24 26 18 22 22 32 39 44 45 31 13 15 19 28 23 20 27 34 36 27 21 19 27 21 9 20 24 26 27 22 26 31 31 26 24 34 24 21 18 27 34 48 60 
22 10 32 26 24 36 31 51 35 25 19 12 40 28 49 27 28 29 26 24 17 11 20 14 20 10 15 12 7 15 24 10 7 15 12 10 6 11 24 26 12 15 14 24 29 22 34 23 21 17 17 22 19 24 15 19 28 20 24 19 22 31 43 55 
15 8 20 15 16 34 27 44 29 19 38 25 45 32 39 8 21 26 17 21 19 18 19 9 14 8 17 11 13 14 27 19 13 13 17 17 16 10 17 27 13 19 9 11 24 26 37 27 22 27 21 16 13 27 13 18 13 7 16 19 26 41 49 60 
15 7 13 16 24 36 29 38 23 21 45 26 43 32 29 10 25 34 10 17 10 8 9 14 13 9 7 10 24 30 41 35 26 17 6 5 5 8 11 23 21 20 11 5 16 28 31 22 26 29 21 22 15 27 13 22 17 9 17 18 23 37 48 57 
24 23 25 24 10 18 19 24 25 22 47 15 36 34 24 20 24 34 9 23 13 18 29 26 20 11 10 22 34 32 41 31 27 19 15 16 12 13 13 23 15 10 15 18 18 26 16 15 18 26 13 9 7 19 15 26 15 13 16 19 18 26 32 37 
25 24 20 25 29 37 43 38 31 24 37 11 28 35 26 29 25 36 14 31 13 10 20 13 16 18 19 28 33 26 17 23 26 22 15 13 15 18 20 21 15 10 13 14 10 16 19 21 15 22 12 12 5 11 19 34 29 36 38 29 21 23 19 18 
27 30 29 25 32 34 26 25 19 13 19 20 20 35 23 24 29 29 26 46 29 27 31 24 25 30 38 46 45 30 10 22 27 27 20 20 19 24 26 22 12 5 9 20 26 27 19 9 12 20 8 16 27 37 50 50 50 45 37 25 8 8 17 24 
26 37 34 26 38 31 13 27 10 10 12 17 17 29 27 27 34 31 33 44 24 28 34 26 21 20 13 24 29 31 10 19 34 32 38 37 34 29 27 20 20 13 12 6 6 11 8 8 13 15 12 22 31 28 26 28 16 17 13 31 19 19 23 21 
31 39 32 20 34 31 24 39 27 28 28 23 20 18 20 29 47 43 45 33 8 14 16 29 21 20 15 23 15 32 29 39 45 41 43 42 43 43 42 32 29 22 24 16 11 14 13 10 8 7 11 20 23 21 27 24 17 10 6 35 34 42 48 51 
25 40 35 27 39 28 30 44 27 24 25 19 21 21 26 31 44 52 48 36 21 13 13 34 22 26 20 30 41 50 44 31 33 32 38 39 31 36 28 18 20 16 27 19 16 17 19 19 15 8 7 21 19 15 9 15 12 13 15 29 31 38 39 42 
15 30 24 19 34 36 48 43 23 17 8 13 25 19 29 24 9 18 29 23 31 10 5 30 24 29 23 22 13 22 20 22 22 30 37 33 21 17 15 15 26 17 27 22 12 19 32 30 29 19 20 22 12 6 3 12 12 19 18 29 30 34 31 32 
14 30 22 20 29 28 42 32 15 13 16 23 27 21 33 27 11 7 12 26 32 15 16 39 38 52 59 58 45 17 13 27 28 32 38 31 17 10 8 26 29 17 19 17 20 27 31 25 34 31 26 15 24 32 37 31 24 16 9 12 17 19 20 25 
11 22 12 6 11 12 24 13 5 16 20 26 24 11 24 13 19 22 12 29 24 10 16 29 24 29 29 31 28 25 10 9 9 24 34 27 15 6 17 33 28 15 15 6 4 13 20 27 36 31 28 20 26 20 21 19 20 17 9 9 10 10 10 15 
19 19 14 15 17 22 14 6 16 19 19 24 19 8 21 24 30 34 14 26 9 10 16 31 38 39 36 34 26 34 8 21 19 33 42 40 31 25 34 45 41 27 26 24 20 20 15 24 26 21 21 20 31 23 22 24 27 16 6 12 20 30 35 38 
24 19 20 17 22 25 15 12 12 17 19 31 23 16 13 17 25 39 17 29 15 11 8 11 25 20 23 26 27 39 11 20 13 26 34 32 25 21 34 43 40 28 29 30 24 25 14 22 20 23 26 24 29 21 30 42 48 43 36 31 31 18 13 19 
32 26 24 12 13 15 17 17 13 17 15 24 16 20 17 19 20 26 20 22 15 10 4 8 25 19 14 21 26 45 19 19 15 32 32 29 26 9 31 38 33 11 10 21 29 34 20 24 16 13 17 18 15 15 22 26 22 20 24 37 47 45 38 45 
32 28 27 17 27 35 40 43 34 29 26 26 24 31 27 27 29 21 29 19 17 19 17 24 31 32 31 20 17 34 18 23 24 32 29 25 25 15 28 32 35 19 12 19 27 38 34 26 21 15 14 17 10 15 15 20 25 8 12 12 23 29 29 45 
31 29 27 17 9 14 27 24 23 29 28 27 28 29 24 18 20 17 31 20 15 10 11 12 12 15 20 16 17 24 12 12 15 19 18 11 31 22 29 31 34 22 18 26 24 19 9 16 27 19 26 27 31 29 18 24 39 24 21 22 19 41 36 52 
38 36 36 27 22 20 32 26 34 34 32 30 29 29 35 20 14 9 31 17 12 17 26 27 29 27 29 13 17 14 13 7 10 20 19 23 27 23 23 23 30 20 20 24 15 12 16 29 37 22 21 17 33 39 26 26 41 27 24 22 22 48 46 57 
31 32 29 27 32 40 54 53 53 46 35 39 27 27 32 22 17 20 34 15 7 8 8 13 6 11 22 18 19 10 16 12 13 25 21 21 23 24 22 29 42 45 43 41 19 13 19 32 40 32 35 29 39 45 24 29 48 34 27 33 19 51 47 55 
22 17 20 19 31 39 62 54 49 36 22 43 29 27 36 26 22 17 27 4 14 22 25 21 13 7 22 29 27 19 14 19 20 38 38 36 28 22 15 13 19 13 13 27 26 27 6 24 35 29 35 38 38 46 24 27 39 31 29 36 33 55 49 50 
20 16 18 19 29 38 64 55 38 21 15 49 32 36 43 34 30 23 34 10 22 34 31 30 19 13 26 16 17 13 16 29 33 53 50 46 34 27 26 27 27 20 10 22 21 29 11 21 30 24 34 40 41 46 24 26 30 17 17 13 15 43 37 37 

62 65 81 96 111 111 110 111 113 123 145 158 182 187 176 178 178 177 171 169 167 185 180 173 145 106 61 28 31 26 14 31 15 24 20 46 45 45 46 32 27 17 29 27 6 29 38 22 14 9 32 29 13 27 23 27 19 24 14 19 19 29 38 26 
61 64 78 98 109 112 109 110 112 122 145 159 179 185 174 173 175 178 172 173 168 182 178 169 143 105 64 24 21 22 12 24 20 19 12 38 41 50 42 28 17 18 36 26 6 33 35 22 20 13 34 24 12 20 25 27 19 26 12 16 19 29 37 28 
67 67 82 97 109 109 108 109 111 124 143 160 178 185 175 172 175 183 180 182 178 187 179 174 145 112 67 24 10 6 10 20 36 30 30 20 10 22 12 22 14 17 31 15 16 41 36 32 31 24 39 32 22 13 14 27 27 29 20 22 22 26 32 21 
81 79 89 102 105 105 106 105 110 120 137 153 166 173 170 171 174 182 185 190 190 195 193 178 151 116 77 32 15 11 20 26 34 31 31 15 11 16 8 19 15 24 32 21 26 42 39 39 38 18 29 13 8 10 5 16 22 29 13 21 22 28 39 28 
95 95 100 105 104 106 108 104 109 122 138 141 149 154 158 162 176 188 193 198 200 202 190 177 145 116 76 44 21 24 29 24 23 22 38 32 34 33 30 29 26 34 37 32 38 51 51 48 40 25 24 9 6 17 8 10 19 25 24 30 27 31 36 27 
105 107 104 106 105 104 107 108 114 129 143 149 138 145 150 159 170 192 195 201 204 208 191 170 143 112 71 42 30 22 21 19 19 31 34 20 20 14 12 15 26 46 46 43 46 55 55 48 36 20 26 19 20 20 8 9 20 20 10 19 13 24 28 29 
114 112 111 105 102 103 108 112 127 140 155 149 140 142 152 162 176 190 200 201 204 208 191 162 132 103 56 30 42 24 19 15 26 34 31 27 29 25 17 3 17 43 44 45 45 47 54 43 28 17 18 12 12 20 5 11 19 19 16 23 19 28 29 25 
121 117 110 100 96 95 109 123 142 156 164 152 138 138 145 153 165 185 190 197 203 211 190 159 124 93 39 26 42 13 26 23 33 32 24 13 19 17 16 6 9 38 32 37 38 34 46 29 17 24 26 29 22 15 2 8 21 28 27 32 29 34 33 29 
123 121 110 101 95 104 116 137 152 169 171 161 144 142 142 143 151 167 177 182 192 199 178 149 114 82 33 22 35 15 43 31 29 27 17 8 17 17 12 10 13 36 24 31 35 28 39 16 9 12 19 18 14 12 9 7 13 7 12 17 12 21 17 10 
133 122 112 105 104 109 126 145 164 174 181 169 158 152 147 143 145 156 163 176 181 185 166 135 99 75 29 24 34 24 46 16 3 6 8 15 15 20 22 12 15 24 12 29 29 26 27 9 8 10 22 18 17 20 21 20 25 18 19 25 27 32 33 27 
145 134 124 119 120 124 143 158 173 180 183 170 164 159 147 142 140 146 159 170 173 174 154 125 89 64 24 19 21 19 39 11 12 13 15 13 13 27 31 29 27 26 12 15 8 10 15 4 11 19 27 21 32 29 31 22 20 14 12 10 10 15 19 14 
154 145 136 133 131 143 156 170 177 187 179 174 163 158 150 147 142 153 166 175 170 164 138 108 71 46 25 25 22 22 32 14 18 23 27 20 6 29 38 39 36 24 6 7 8 10 8 4 5 20 21 19 31 26 22 25 22 22 12 6 8 9 20 27 
163 156 147 144 150 159 170 176 181 177 174 165 161 156 150 154 155 164 176 175 161 143 118 86 52 31 23 28 24 21 33 34 37 32 34 23 14 24 41 41 38 26 18 6 17 17 11 20 17 34 22 10 34 27 20 20 22 29 14 31 39 48 55 61 
164 157 156 155 163 165 174 174 174 173 172 173 170 174 171 174 175 182 185 175 148 128 100 71 39 29 29 39 39 37 45 47 50 42 36 20 5 19 32 37 34 27 23 15 24 22 14 29 18 38 26 13 40 27 12 12 20 25 6 23 17 21 27 29 
152 154 158 163 165 172 175 177 173 176 173 175 167 171 173 185 185 197 193 171 138 112 83 55 34 26 34 42 36 27 22 17 25 25 17 10 15 19 28 36 35 34 26 20 29 26 22 41 27 29 29 21 39 31 10 13 26 19 13 26 15 15 20 27 
140 145 157 159 167 173 175 173 173 168 168 171 169 171 179 192 199 202 190 161 122 86 66 38 27 23 33 38 35 32 24 18 23 29 14 9 12 13 22 32 35 34 32 24 29 26 20 38 32 23 28 18 32 31 13 19 31 20 17 22 10 13 25 29 
135 142 154 165 176 178 181 175 166 164 166 168 170 181 189 197 200 190 171 135 95 64 58 33 24 16 27 25 23 26 22 20 24 34 18 16 15 8 11 16 22 31 29 20 27 24 23 35 34 10 17 19 31 33 26 24 32 25 17 24 12 15 26 30 
144 153 170 185 190 188 182 169 163 163 168 172 179 185 190 190 185 174 148 105 69 46 49 21 17 13 12 13 13 17 24 24 36 41 28 23 12 8 17 9 16 27 30 32 23 22 26 29 39 24 6 12 22 33 31 32 26 27 20 19 19 25 26 24 
152 159 181 192 201 193 187 171 166 167 170 170 177 178 176 164 160 149 127 88 58 32 39 17 14 16 15 20 23 29 32 24 26 36 23 27 13 11 21 16 21 27 35 32 30 27 27 20 30 36 25 19 7 19 30 28 23 24 17 17 21 26 33 24 
170 176 184 192 199 197 190 182 173 171 170 171 180 177 162 147 134 112 93 60 31 17 39 30 20 20 12 15 21 29 24 12 11 28 20 33 17 17 27 21 21 24 27 24 27 26 25 16 17 26 20 17 17 10 32 38 21 21 15 19 24 26 34 27 
193 189 195 196 200 201 201 192 180 175 167 161 169 157 141 115 97 80 62 38 30 26 39 34 27 22 13 9 9 23 19 15 15 28 22 32 20 23 31 10 17 25 26 27 27 22 24 11 15 26 20 25 27 9 13 32 23 23 18 20 29 28 32 36 
216 211 206 201 193 189 187 179 170 166 155 147 146 130 105 81 65 52 39 22 17 22 34 35 30 25 8 10 15 23 21 13 12 25 13 29 23 29 29 12 19 22 12 10 12 11 17 3 14 19 23 30 37 23 7 12 15 15 6 11 29 23 22 31 
210 203 196 189 182 180 176 173 162 156 142 129 119 98 68 50 35 22 17 6 9 22 30 39 39 35 26 24 27 24 20 23 25 41 27 24 13 28 33 13 20 20 6 15 11 11 16 8 16 17 18 19 28 19 10 6 7 9 2 7 27 22 12 19 
189 185 175 170 166 165 165 160 155 145 123 104 91 58 41 22 12 8 17 20 22 31 20 21 25 23 17 17 17 20 13 20 10 18 8 12 3 21 32 25 33 26 19 16 21 15 15 15 15 11 18 20 22 15 19 16 12 10 14 13 19 19 27 29 
171 168 163 151 150 147 141 137 131 115 95 81 59 43 35 26 29 26 24 22 14 29 26 22 16 15 6 8 14 19 15 19 15 34 34 31 32 31 41 29 32 22 19 19 17 19 22 31 29 24 20 15 6 21 32 33 31 17 12 14 12 19 26 28 
147 146 141 133 126 119 114 111 105 86 71 57 40 24 13 17 30 36 29 20 13 17 19 12 17 17 15 7 17 27 20 16 8 29 12 20 29 29 38 20 12 20 20 21 19 17 15 34 34 41 44 44 36 29 23 24 41 32 24 22 18 20 26 33 
100 97 103 102 98 95 91 81 79 57 38 36 27 24 13 21 31 36 26 27 21 27 30 20 23 20 16 18 19 18 17 15 17 35 24 20 27 26 29 18 17 30 31 39 38 31 19 26 24 21 27 31 42 41 35 8 30 29 23 15 12 19 30 37 
53 53 68 59 64 68 67 57 51 29 19 23 7 21 11 17 26 34 20 18 16 34 41 29 29 23 21 27 21 8 12 18 20 30 22 16 27 25 26 13 24 36 42 46 42 36 24 32 32 34 27 22 38 48 43 19 22 24 25 19 21 20 24 15 
30 34 46 39 43 51 53 49 36 16 3 22 12 20 12 15 15 24 14 21 26 39 50 37 39 29 28 29 21 10 15 23 19 23 23 15 24 22 24 18 24 20 27 34 39 41 31 29 34 30 29 25 30 43 45 34 22 13 22 22 24 13 19 19 
11 26 36 23 31 37 36 32 18 10 7 22 15 16 16 14 17 28 17 17 20 33 48 40 39 36 30 26 17 20 24 13 6 17 34 32 24 19 19 15 22 26 29 38 41 49 39 36 40 42 43 38 30 28 34 26 19 13 13 10 15 13 19 19 
22 30 31 17 19 19 19 17 13 13 19 26 16 14 17 14 26 35 29 28 28 35 51 36 41 35 27 22 22 24 32 14 22 19 32 38 35 24 12 15 19 20 26 37 45 48 46 44 46 47 43 35 27 19 24 32 27 24 12 11 13 8 6 14 
38 39 32 24 22 17 12 19 15 12 15 15 6 8 19 13 18 38 28 34 26 28 39 31 40 41 30 21 19 31 32 17 32 19 13 15 24 19 19 20 29 34 38 42 44 45 43 35 27 26 22 11 12 22 19 31 24 26 6 11 13 10 5 9 
39 41 38 36 38 38 34 32 20 9 6 9 15 22 28 29 24 39 26 31 19 19 25 19 29 29 21 22 20 31 31 18 29 24 17 12 20 28 38 45 49 51 43 33 24 27 27 29 24 25 19 10 8 26 16 29 22 24 17 10 8 16 26 26 
26 24 19 12 13 24 25 32 29 19 8 5 12 20 27 27 26 36 12 22 15 15 17 13 22 17 6 10 13 31 26 17 19 19 21 17 24 32 32 25 24 24 29 27 19 15 13 11 10 13 14 8 7 19 19 26 22 21 19 26 26 26 22 21 
35 27 19 17 19 22 22 19 10 20 16 13 14 26 32 34 36 34 10 11 12 15 17 17 20 8 5 10 15 31 16 19 18 22 24 15 14 17 3 8 8 21 23 16 10 13 15 17 10 14 13 10 8 12 17 19 12 26 25 29 14 8 21 26 
38 28 13 17 24 33 32 32 21 27 27 29 29 36 45 38 39 39 31 26 24 22 24 21 25 13 12 13 17 29 18 15 20 25 25 21 17 24 12 17 17 13 15 15 6 17 14 9 8 11 20 19 19 19 19 12 17 26 33 29 19 15 22 34 
35 24 12 13 23 33 34 39 32 34 31 36 44 38 43 41 39 30 22 15 21 27 33 31 31 21 22 21 19 27 3 9 18 27 26 28 12 19 19 24 26 17 14 17 11 22 12 17 12 10 8 10 8 12 10 15 24 31 32 29 20 19 23 32 
31 29 20 26 35 48 55 58 51 42 44 46 60 48 59 52 44 37 19 22 24 35 38 32 28 20 19 26 15 29 6 14 31 32 39 31 22 24 23 36 32 32 23 27 10 19 6 13 18 25 6 13 8 6 8 17 26 24 28 16 13 19 17 22 
33 31 29 19 19 12 17 39 45 35 40 41 56 41 49 41 38 29 15 14 30 38 46 39 32 28 19 23 11 25 13 21 31 34 37 31 24 17 10 17 24 29 29 27 10 10 13 19 20 31 17 32 36 31 27 12 24 17 13 13 17 23 22 18 
27 24 23 25 27 12 6 33 45 32 41 39 50 34 36 25 19 20 19 19 38 37 42 38 32 36 15 16 10 18 20 21 27 26 32 22 27 31 27 26 24 30 26 31 6 6 20 22 33 45 20 10 8 8 35 19 20 9 12 22 19 23 13 8 
29 24 27 31 37 36 33 41 46 25 27 27 43 33 34 22 15 8 15 20 43 32 34 32 29 33 21 16 11 15 24 27 26 13 29 26 24 31 27 22 24 19 21 29 19 23 23 19 24 42 30 29 32 31 41 21 21 10 5 10 19 29 38 40 
23 17 14 20 26 32 24 36 37 13 16 21 40 29 39 18 12 12 22 20 38 27 31 26 26 32 29 26 24 22 19 26 22 2 14 19 26 36 31 21 17 13 25 34 20 14 8 15 24 34 17 21 31 32 39 24 15 10 6 17 27 32 33 30 
31 15 15 11 24 41 25 36 27 15 13 19 39 27 40 19 19 22 31 31 39 29 29 22 26 25 36 41 39 38 25 20 23 18 29 27 26 34 31 19 16 20 28 32 28 21 19 30 29 33 19 26 41 38 39 30 23 20 15 17 20 26 33 31 
23 11 26 24 26 41 21 32 19 9 22 22 43 36 45 20 26 29 38 34 32 21 26 12 11 6 16 13 13 14 19 11 17 12 13 8 19 32 39 31 21 19 22 26 28 22 24 29 27 20 8 26 39 32 22 22 19 24 18 22 16 13 29 26 
25 17 26 21 26 44 22 32 16 24 48 45 54 45 34 11 20 29 35 36 34 27 22 5 6 10 15 15 7 11 26 7 10 10 13 15 16 21 24 22 26 22 19 14 20 22 26 27 22 19 8 11 29 23 10 11 10 20 24 32 33 34 38 31 
22 19 23 27 29 45 34 32 22 32 55 32 47 39 29 15 20 32 22 26 21 18 16 9 10 13 13 7 21 26 38 26 13 10 13 17 20 17 18 22 24 24 19 11 10 16 15 22 15 17 12 8 17 17 7 19 13 22 27 33 27 27 43 42 
26 25 28 24 15 24 26 27 22 36 51 13 34 36 28 28 21 34 18 21 16 21 25 22 16 9 5 16 27 28 34 27 13 15 17 14 16 20 17 22 15 11 12 17 15 10 11 25 21 24 20 15 16 12 8 18 8 20 28 32 26 27 36 38 
29 29 25 22 28 36 45 41 32 36 39 9 22 36 34 34 25 30 18 24 6 6 19 9 9 12 12 27 30 22 12 22 24 23 24 22 15 9 5 13 15 10 10 15 10 14 24 29 28 29 28 20 13 10 18 29 24 31 36 30 22 17 8 6 
34 34 31 22 31 34 35 36 26 25 16 22 26 36 22 26 19 20 24 37 26 23 26 17 22 28 36 43 39 31 5 28 30 26 25 14 6 13 21 25 14 10 10 17 26 17 18 15 22 32 31 21 14 28 45 45 45 36 27 24 15 21 25 32 
23 34 35 22 32 38 20 34 13 11 12 29 32 45 38 31 26 24 34 39 27 28 31 17 10 20 7 24 22 36 17 22 28 22 32 28 24 20 27 28 19 20 17 14 17 10 5 13 20 26 27 20 19 27 40 35 24 15 12 41 29 31 29 33 
13 31 32 20 37 44 27 49 22 21 32 29 24 27 26 32 41 39 42 27 13 18 26 30 24 29 24 25 10 35 30 39 37 24 38 34 34 37 41 36 29 22 21 14 16 6 11 20 15 17 17 11 10 18 26 27 21 15 19 41 27 28 39 41 
12 33 30 19 34 32 36 52 27 22 26 17 19 17 20 28 34 41 48 33 29 16 22 29 16 18 19 23 29 41 38 28 25 15 28 35 34 39 43 29 17 15 23 19 19 13 22 25 19 21 12 12 13 15 15 14 14 17 22 38 24 31 36 39 
22 39 32 31 45 48 58 55 30 17 6 12 24 15 20 16 12 16 32 25 36 14 20 28 13 13 18 29 29 22 13 17 16 12 31 32 20 20 25 3 20 12 24 20 9 18 30 21 17 19 17 17 9 6 6 3 8 13 17 27 17 24 16 15 
24 36 31 22 35 32 46 38 26 17 4 20 26 21 27 19 17 16 20 21 31 19 20 34 29 38 43 50 46 29 19 26 22 17 32 31 15 14 17 16 27 17 22 19 20 27 35 15 22 22 12 13 20 38 41 36 31 20 8 17 16 27 22 20 
30 34 27 19 20 12 30 20 22 20 14 19 18 8 18 21 26 31 24 30 27 13 12 24 19 10 6 13 30 37 24 12 11 20 38 37 21 19 14 28 36 22 17 13 16 26 27 19 30 20 14 6 27 29 33 29 30 24 9 10 13 21 11 12 
24 31 23 19 21 24 31 32 34 23 11 19 17 12 17 32 32 41 19 19 8 12 19 27 43 35 28 30 25 42 17 22 26 32 47 48 38 27 19 34 43 34 32 29 29 31 27 20 24 11 7 7 31 19 19 17 17 22 8 6 12 20 27 30 
17 13 16 15 25 37 39 44 39 29 18 24 19 9 9 22 24 41 21 20 16 13 13 10 27 20 12 12 16 36 16 24 24 31 42 46 42 32 23 41 52 37 32 30 34 43 25 22 20 13 15 16 27 20 31 38 47 48 35 29 17 11 12 13 
9 7 15 15 26 42 46 52 43 29 8 16 13 15 12 27 26 38 22 16 23 10 10 10 25 19 19 19 22 40 17 27 27 38 39 40 37 32 11 37 45 19 9 12 28 42 27 25 16 13 2 11 17 22 29 29 32 25 22 32 32 27 17 17 
17 11 18 19 26 40 49 52 41 29 15 10 15 19 22 36 32 36 29 11 17 13 14 17 26 30 32 32 20 32 15 24 26 28 29 31 38 38 15 39 49 20 15 17 32 43 35 31 24 15 7 8 10 30 30 28 29 11 5 9 25 27 15 21 
24 12 22 12 9 21 29 20 23 18 10 10 10 14 13 30 36 38 36 21 16 8 6 6 8 13 24 23 18 20 7 17 19 27 32 28 33 29 8 42 46 18 19 22 23 27 17 21 29 22 22 17 20 27 21 26 39 22 19 14 27 45 27 32 
30 24 22 13 14 19 30 13 6 21 20 27 19 19 13 16 22 26 30 15 14 17 23 22 26 22 27 20 11 11 8 12 17 24 28 21 20 22 8 39 39 18 26 34 18 13 13 28 41 25 19 13 28 39 22 14 35 14 17 10 32 52 36 39 
23 20 22 20 32 35 43 31 29 42 30 36 22 26 25 7 16 18 24 13 8 8 12 5 12 14 20 15 11 4 10 9 12 23 26 11 14 22 13 39 39 43 45 50 24 8 13 28 43 32 29 27 34 43 19 24 48 32 31 20 31 59 46 43 
11 8 15 24 43 50 62 55 46 50 26 41 24 40 37 19 21 15 29 11 9 11 12 9 12 18 21 27 23 19 12 9 7 32 30 16 13 13 19 27 17 10 9 31 23 21 8 17 34 17 20 23 36 41 24 29 39 29 31 31 39 60 50 43 
10 6 15 23 44 56 73 65 52 46 10 43 32 50 42 26 26 24 38 12 15 19 19 15 15 24 20 8 8 8 8 12 15 39 29 11 8 12 33 31 25 17 9 26 22 26 11 17 35 15 13 21 31 43 26 34 29 14 21 16 24 51 40 35 

155 160 163 176 176 175 163 168 173 178 178 179 189 185 173 180 179 171 163 166 165 178 164 130 86 45 10 17 21 9 16 31 29 34 19 29 38 36 36 19 17 12 34 44 43 41 29 22 26 10 31 36 55 55 45 29 31 35 10 25 27 39 38 22 
151 153 162 169 175 175 168 171 173 176 175 173 178 176 164 173 176 170 165 168 164 173 163 126 86 44 13 11 17 6 15 25 22 22 12 25 34 38 32 15 5 20 38 38 42 45 33 24 23 13 34 31 43 49 40 29 26 36 10 22 29 37 35 24 
150 155 158 168 169 174 170 172 174 176 173 168 170 168 159 169 174 176 172 174 166 171 157 124 85 55 38 27 26 12 22 25 29 29 27 14 17 19 8 20 12 13 29 34 39 53 37 27 25 22 43 33 31 34 35 32 34 41 20 31 32 37 39 19 
161 162 164 170 168 172 170 174 176 178 174 165 160 158 161 169 182 185 188 185 175 171 156 119 83 49 28 26 21 16 28 28 31 25 25 15 15 13 2 14 13 17 22 34 41 50 39 29 24 12 33 16 17 25 29 27 32 37 20 31 34 41 41 22 
173 174 174 175 173 176 178 180 180 183 175 157 146 145 152 165 179 191 194 187 175 163 139 102 66 36 21 16 12 21 27 21 8 15 29 29 32 31 27 25 22 20 19 30 40 53 43 32 23 17 31 16 13 17 11 15 23 30 32 45 41 38 39 20 
182 181 178 180 177 182 184 183 186 187 174 159 141 142 150 165 180 197 200 187 172 155 126 88 64 42 20 11 10 19 18 17 10 22 26 18 18 8 3 17 29 29 23 30 33 45 38 27 10 13 24 17 16 15 5 15 21 29 29 39 29 32 35 32 
190 190 183 184 182 188 185 185 189 187 175 156 142 146 156 168 183 200 199 187 172 151 113 77 53 34 12 3 27 20 10 14 19 32 34 29 32 25 20 18 30 36 26 31 27 34 36 20 12 16 21 17 13 15 8 10 20 26 32 40 26 27 30 22 
197 195 189 185 185 185 183 185 185 187 175 157 149 152 159 169 183 196 197 186 172 151 111 71 49 34 10 13 34 14 17 30 39 45 33 19 16 15 20 29 31 29 6 12 22 14 28 19 22 24 19 20 14 16 15 20 26 34 37 44 32 29 27 22 
201 200 192 190 187 192 186 182 182 181 171 164 157 163 162 171 176 187 184 176 156 136 103 66 45 33 10 17 31 15 32 35 45 42 38 23 21 22 29 33 33 27 10 6 22 10 31 15 15 11 5 15 22 24 25 22 24 22 19 25 10 8 17 9 
199 196 192 190 191 191 187 182 177 176 174 170 173 175 175 176 176 179 177 166 147 123 88 59 36 36 13 14 27 17 39 34 38 39 30 27 24 32 36 36 29 23 16 14 21 15 27 15 13 8 11 20 26 28 30 30 29 26 20 26 28 32 33 32 
195 190 189 194 191 193 189 185 178 178 175 176 179 183 176 175 173 172 169 161 135 113 81 51 32 32 15 7 17 12 41 35 36 33 24 26 22 28 38 37 36 24 24 20 14 14 23 15 8 6 19 25 38 40 37 29 25 18 14 14 6 8 12 12 
176 174 176 185 187 183 183 179 173 175 175 178 180 185 183 180 173 172 167 154 123 95 61 34 12 23 17 8 12 17 39 31 25 20 17 29 22 21 29 30 27 17 13 20 20 17 19 12 3 13 19 22 37 31 29 28 23 18 13 8 8 13 13 20 
162 156 164 173 177 178 176 175 168 168 168 175 176 180 179 179 172 169 164 142 107 73 45 17 10 22 20 13 11 15 36 44 39 27 18 22 16 7 16 22 19 10 10 12 18 16 17 24 9 26 12 19 43 30 31 28 22 29 19 38 41 50 57 65 
142 142 147 161 164 167 168 165 159 164 166 172 177 185 185 182 177 171 157 128 90 62 35 18 26 26 29 23 24 24 29 35 38 33 29 25 16 10 7 13 17 13 17 18 24 18 19 32 21 34 27 28 44 27 22 19 20 27 9 25 20 29 39 41 
130 131 142 152 161 165 162 162 159 163 161 166 165 171 168 170 166 159 140 110 76 48 30 11 19 22 28 27 19 13 8 9 24 30 24 21 12 8 8 16 19 19 19 17 26 26 26 45 34 41 38 40 46 38 17 21 26 24 10 25 13 31 46 44 
130 132 140 149 161 168 164 159 155 154 150 155 157 163 158 156 154 141 119 88 60 34 29 15 20 22 30 26 21 17 14 10 27 34 20 19 11 11 19 22 24 29 21 16 22 20 23 39 39 36 39 39 45 39 19 18 31 23 11 20 11 26 36 39 
151 151 157 169 180 186 178 171 160 157 155 157 162 163 156 142 130 107 86 59 39 24 32 22 20 17 22 24 10 12 23 26 36 39 25 21 13 16 28 20 30 32 22 12 14 19 20 36 43 33 32 39 41 42 24 15 24 14 10 14 9 20 29 30 
172 177 180 192 194 195 182 173 167 165 160 160 159 156 140 116 100 81 62 36 27 20 34 23 20 13 16 19 15 20 18 28 38 40 31 22 8 13 35 24 31 37 23 19 15 15 22 31 39 29 22 34 36 41 24 8 22 10 5 12 11 15 17 14 
180 178 187 191 197 192 182 176 172 169 159 153 148 131 103 78 56 46 40 29 19 15 26 20 27 17 16 17 18 26 26 14 22 37 22 30 9 14 41 30 36 36 30 26 17 15 19 21 34 33 19 19 20 32 28 21 17 8 6 13 20 26 25 17 
178 178 178 178 180 179 174 171 170 164 156 142 139 115 81 48 26 24 21 12 16 13 26 22 29 22 18 16 22 32 26 12 15 32 19 30 15 19 41 29 31 27 23 17 18 15 13 10 26 33 15 15 14 21 39 43 34 21 10 14 22 31 37 28 
179 178 177 174 169 168 165 161 156 152 138 121 115 90 57 26 15 22 20 19 27 17 19 19 22 23 18 13 12 21 15 8 20 36 24 32 23 24 36 19 27 31 31 22 23 16 12 8 20 24 17 14 21 6 12 25 20 10 8 20 31 41 52 53 
167 167 161 150 142 133 128 124 123 118 104 87 77 52 26 12 10 19 26 21 24 17 14 22 25 26 17 12 15 24 21 12 19 29 22 32 26 29 34 11 20 19 13 9 10 9 10 13 14 12 15 21 32 20 15 15 14 12 12 21 38 48 57 64 
133 131 130 124 116 106 100 97 88 86 73 58 55 31 17 15 16 20 22 15 17 19 18 23 34 34 30 32 31 31 22 6 27 45 35 32 22 30 38 17 15 14 6 12 12 14 15 13 18 15 8 15 31 21 14 13 6 8 13 19 38 38 48 53 
85 91 91 85 83 82 75 70 69 62 50 39 29 14 25 30 24 22 18 16 17 31 26 22 22 21 15 19 24 26 17 17 15 29 25 21 16 17 34 18 23 15 12 8 17 18 17 20 22 18 12 15 24 24 26 20 13 7 14 19 26 27 37 47 
66 70 69 62 58 55 55 45 39 27 22 22 27 36 39 35 26 24 12 9 20 31 41 34 29 20 20 25 34 33 26 11 18 39 27 27 21 13 34 26 29 24 20 16 19 21 29 39 41 32 22 8 16 31 42 36 28 15 3 8 10 12 15 20 
65 64 64 50 31 27 34 38 36 21 16 20 17 30 28 21 16 22 3 9 24 28 32 27 20 17 21 26 33 28 25 8 16 33 11 24 22 22 34 23 12 24 21 18 20 18 21 36 38 41 39 34 31 25 31 19 40 26 13 11 15 25 25 32 
30 31 49 39 26 28 26 13 30 24 18 20 2 27 13 9 21 28 25 34 46 45 50 31 22 20 20 32 32 19 26 12 17 37 15 24 22 19 21 14 15 32 31 31 29 23 20 28 30 26 25 19 32 35 36 17 36 32 13 1 10 29 33 39 
18 23 43 34 27 32 29 12 23 21 24 31 14 28 9 19 24 37 34 38 46 52 55 38 33 23 23 34 28 16 22 12 13 25 6 21 21 22 22 19 24 36 39 38 31 21 13 26 28 34 30 29 30 33 34 13 29 24 19 8 16 29 20 15 
24 27 41 34 32 39 41 34 29 24 20 30 19 17 15 25 29 32 26 34 48 50 57 38 29 25 28 35 25 15 26 23 8 18 18 26 24 27 23 17 29 31 34 30 28 21 15 18 23 25 32 28 27 34 34 24 20 16 22 16 22 24 20 17 
14 22 31 20 28 39 40 36 32 26 20 27 19 15 20 21 23 27 22 27 36 41 51 36 34 24 23 26 24 25 29 16 15 27 34 29 19 11 13 13 22 36 41 36 30 25 13 20 29 32 39 34 27 24 22 17 3 9 22 15 18 16 12 6 
31 32 29 19 22 31 32 35 26 24 25 35 23 17 26 22 17 24 17 22 24 31 47 36 30 22 15 17 21 27 34 24 31 41 43 43 36 26 9 12 20 32 36 39 34 25 20 24 33 35 34 32 24 14 19 27 20 19 19 19 17 15 14 17 
36 36 32 27 32 34 34 31 23 22 22 26 11 6 29 7 8 27 6 24 22 24 39 34 32 26 16 10 10 24 31 38 46 36 23 16 17 13 11 20 29 42 47 43 37 26 16 6 5 17 19 12 15 20 17 23 19 16 13 17 13 5 12 24 
36 38 38 39 44 47 41 28 15 2 3 13 15 23 39 37 34 45 29 28 20 22 30 29 25 18 10 11 7 22 31 40 46 41 26 16 12 15 30 36 42 46 45 37 27 26 29 32 30 36 28 22 15 15 13 23 19 19 23 17 8 12 22 30 
24 27 28 32 41 41 38 31 27 18 13 11 17 20 36 37 38 48 28 22 6 9 24 24 26 12 13 8 6 25 24 36 40 36 26 22 26 34 31 20 12 20 34 37 29 22 15 13 13 20 21 18 19 17 19 25 17 12 6 17 18 31 25 16 
21 28 29 31 28 26 13 5 24 26 26 20 10 15 6 7 21 40 35 22 14 7 15 25 22 6 6 13 19 24 15 34 39 41 32 20 6 13 9 10 16 27 34 31 25 15 12 12 8 21 18 22 17 13 24 22 8 3 10 14 14 22 13 10 
19 23 24 28 26 22 13 10 21 30 27 21 10 14 20 13 14 31 38 29 20 6 16 24 23 8 5 20 22 24 20 34 39 40 36 30 21 22 14 15 11 18 27 29 25 21 11 9 5 16 27 28 23 22 29 24 17 17 23 24 22 27 17 17 
17 21 22 22 20 21 15 19 22 17 17 13 24 10 19 12 10 19 27 27 18 9 13 26 28 17 10 18 23 24 12 24 34 43 39 38 26 17 13 17 17 19 24 29 27 27 12 10 8 13 20 18 12 12 19 15 20 12 22 15 19 28 20 19 
36 36 34 34 45 53 55 54 47 23 22 24 42 36 43 37 30 23 25 28 16 8 6 15 23 17 11 17 20 24 7 19 36 42 43 40 30 15 14 25 21 24 24 26 27 28 15 11 13 18 17 20 15 15 12 17 24 19 24 12 15 26 22 29 
40 37 32 19 17 19 25 36 45 14 19 19 43 36 41 38 34 26 26 22 15 10 6 19 24 27 16 12 6 18 11 23 35 41 43 35 31 19 11 26 15 12 6 15 22 26 21 19 21 25 25 36 45 39 31 18 24 15 13 10 15 31 30 31 
38 34 31 21 23 11 10 36 51 23 26 19 36 36 24 20 12 16 23 19 23 5 12 22 27 34 22 11 5 13 18 26 36 40 43 27 22 24 20 35 27 26 19 17 17 20 22 22 31 34 17 10 17 18 39 24 20 3 6 19 15 18 19 17 
29 25 29 29 35 33 34 46 53 30 26 19 29 31 30 26 13 8 22 13 31 6 16 29 34 44 34 20 13 12 19 22 26 32 39 34 24 19 12 27 30 30 24 20 14 25 30 27 33 42 37 26 28 25 47 30 16 8 11 12 12 24 39 44 
22 16 20 21 32 31 15 36 39 26 19 16 29 26 32 19 13 13 24 10 28 14 26 31 38 45 42 31 25 17 15 26 19 18 25 22 19 26 18 25 26 21 26 24 12 19 16 6 18 34 32 30 34 34 49 34 10 9 7 10 19 25 36 38 
29 22 22 22 32 47 29 38 27 18 20 17 26 23 32 16 12 8 23 16 27 21 31 34 39 41 49 44 41 34 20 17 17 15 24 22 14 26 19 17 20 18 27 27 27 29 23 19 25 34 34 29 29 27 41 34 19 17 17 12 19 19 39 44 
21 6 20 13 21 43 23 31 20 22 29 24 34 32 32 12 14 15 28 26 26 24 37 31 27 29 32 28 28 24 19 13 12 9 16 12 20 36 32 26 19 6 17 20 24 25 17 24 29 31 22 28 35 26 26 26 19 15 12 19 15 21 41 46 
29 18 14 6 15 45 25 23 16 34 53 42 46 38 22 9 15 23 34 34 36 36 36 27 18 13 13 12 9 19 26 8 14 12 14 10 11 21 17 17 21 15 15 13 14 19 17 28 34 33 19 19 27 19 17 17 13 19 17 31 31 28 45 45 
17 11 15 19 24 46 34 22 13 46 60 32 34 28 18 22 22 31 33 37 34 36 31 23 15 18 19 17 16 20 32 17 11 15 19 13 17 11 10 18 25 23 17 12 8 13 23 36 36 38 23 15 19 8 12 22 19 15 19 22 13 31 50 55 
16 20 19 13 12 27 27 21 12 46 54 21 22 20 28 31 25 36 40 41 39 38 31 24 20 19 21 22 22 20 33 24 10 14 12 10 11 18 25 22 19 10 13 20 12 8 22 28 31 31 28 24 17 7 10 24 15 18 18 12 15 31 46 52 
24 28 28 26 24 32 40 45 28 43 39 15 22 27 35 39 30 39 45 44 34 34 24 10 10 19 28 27 27 20 12 21 18 21 27 24 20 20 20 22 24 13 14 16 10 15 29 24 24 28 24 27 24 9 17 29 20 22 28 19 23 29 36 34 
34 37 37 32 29 36 42 51 33 33 19 24 39 37 23 28 23 36 45 41 30 20 11 6 20 33 46 42 38 29 7 27 25 21 17 7 5 18 22 33 27 11 15 17 16 15 20 9 12 22 26 32 29 30 39 42 32 24 12 25 33 34 38 41 
31 40 45 36 31 37 24 50 26 20 13 35 53 59 47 41 35 45 51 48 34 27 11 13 22 27 29 19 15 36 23 27 28 20 22 16 10 19 25 41 28 18 20 15 12 9 12 8 12 20 27 36 28 31 36 31 13 12 15 48 47 45 46 46 
22 36 39 27 32 36 16 49 13 13 33 29 31 36 31 34 35 43 48 32 23 17 20 29 29 37 30 17 3 36 32 41 33 19 20 22 20 29 39 49 29 22 20 17 13 5 9 19 19 24 27 32 25 23 27 21 18 13 27 48 33 28 32 30 
25 35 31 19 29 34 29 55 25 22 32 19 13 17 17 24 26 32 38 31 30 25 22 24 15 17 17 12 16 29 29 28 15 5 22 28 29 41 48 43 18 15 22 22 22 12 19 26 25 32 24 23 19 19 18 10 7 16 29 44 28 32 36 38 
28 41 43 46 53 56 58 53 31 22 20 13 13 11 15 6 10 17 32 27 34 32 36 34 17 9 3 14 20 10 5 14 7 12 29 27 20 26 34 20 17 16 24 21 8 15 34 20 25 29 25 24 15 12 15 13 6 6 21 32 20 24 18 17 
26 36 37 41 48 43 48 32 25 20 16 19 24 26 20 14 12 17 21 14 28 22 26 34 27 23 29 25 25 14 17 25 17 14 28 29 22 25 33 3 22 12 24 24 15 26 31 7 22 24 20 13 28 38 44 37 27 12 13 29 23 31 26 24 
24 34 29 36 39 26 22 4 20 18 15 11 11 16 22 25 28 39 33 31 29 25 27 35 39 38 29 26 22 32 23 18 17 25 38 39 26 34 29 12 28 19 27 19 6 23 24 10 30 19 14 10 33 33 41 37 32 29 13 15 13 24 12 13 
18 25 27 33 41 22 26 28 28 13 6 16 12 13 17 32 24 38 20 13 13 20 27 38 50 48 33 25 19 31 18 20 32 34 36 41 33 41 26 24 38 32 37 29 25 31 24 18 27 10 8 12 37 24 17 8 11 22 10 10 8 15 10 10 
22 16 15 23 31 4 15 29 24 19 8 15 10 8 6 24 11 36 13 13 16 13 19 27 38 36 24 18 12 32 16 26 31 23 23 30 36 47 27 38 51 37 34 28 26 38 21 20 21 17 21 18 35 15 29 29 36 46 35 29 20 12 4 3 
11 6 17 25 32 20 24 26 15 13 5 17 12 10 12 27 15 34 20 19 24 19 17 22 29 25 19 18 13 30 13 26 31 15 12 15 31 48 19 41 48 19 20 12 26 35 17 17 18 24 23 22 24 13 26 29 31 38 26 29 23 14 8 6 
16 12 19 24 27 31 34 29 22 20 11 3 10 16 24 36 26 32 27 19 21 7 5 8 16 13 12 20 17 32 15 26 24 10 22 27 36 46 19 49 52 13 15 16 33 41 29 26 21 29 31 29 24 29 36 34 36 27 22 26 32 28 23 19 
24 19 20 13 21 31 29 18 17 8 12 7 5 11 24 42 39 39 38 24 24 11 10 12 8 6 9 17 7 19 11 15 14 19 34 31 29 35 8 58 55 15 19 16 28 31 17 13 21 26 34 31 24 22 29 28 37 31 34 38 41 40 22 21 
25 19 15 11 17 32 41 27 20 14 21 27 15 17 18 34 36 32 35 21 14 13 12 16 14 10 15 15 9 10 7 4 5 20 29 20 13 23 15 52 38 20 29 34 23 17 11 13 29 26 30 31 32 38 23 9 26 23 35 40 46 45 26 14 
28 23 20 22 24 23 31 19 27 43 34 40 23 27 23 29 28 24 21 13 6 7 11 9 11 14 10 19 8 8 9 9 6 26 29 16 14 23 17 48 34 40 43 44 26 17 19 22 32 22 31 32 41 41 19 9 27 29 40 49 48 49 32 12 
31 27 27 34 38 31 36 34 52 62 36 46 24 42 36 30 30 20 27 14 15 15 14 10 15 20 12 17 18 17 13 17 18 37 32 19 12 6 23 32 6 16 11 31 19 23 18 20 33 8 20 24 37 36 23 28 22 33 46 51 48 47 28 11 
28 28 31 39 46 39 45 40 64 69 33 46 27 57 47 31 29 24 33 20 25 25 25 15 19 24 6 9 11 11 14 17 18 38 27 10 4 12 32 32 17 17 7 28 22 20 15 20 34 8 13 20 37 40 29 38 12 15 34 39 34 38 24 9 

143 143 138 136 124 126 123 128 133 142 145 149 166 168 165 178 181 168 163 162 147 133 114 74 45 13 12 17 17 19 26 25 31 33 19 19 29 31 32 21 24 17 38 48 46 38 26 22 31 25 32 46 69 59 55 39 44 43 25 28 41 48 37 32 
138 136 133 126 119 119 119 128 129 139 142 145 157 163 160 172 173 163 157 156 143 128 110 68 43 12 12 19 11 17 21 19 22 22 18 19 27 28 24 15 11 24 46 45 44 36 26 22 29 20 34 38 58 54 43 31 36 40 14 28 35 45 35 32 
131 131 124 121 111 114 114 119 125 132 138 141 153 158 159 166 168 159 154 150 136 121 102 63 39 31 41 45 38 26 27 17 21 20 20 12 7 10 10 18 14 19 32 35 33 36 22 17 26 16 36 29 36 36 34 29 36 43 19 31 34 43 38 23 
131 130 126 120 112 116 114 121 124 137 137 140 150 154 158 168 170 164 161 152 137 120 98 58 37 22 24 27 26 20 23 22 22 21 20 15 6 4 5 14 8 12 17 26 27 33 19 12 21 6 32 19 25 32 34 31 33 39 10 31 27 36 39 17 
128 130 127 121 114 117 119 122 127 135 136 136 140 148 160 166 168 167 159 147 128 107 81 46 27 20 18 20 10 19 19 13 7 14 31 28 26 23 23 20 20 13 6 15 19 34 23 13 15 19 36 23 17 20 11 12 15 25 22 39 27 26 31 14 
126 126 125 122 118 123 130 133 138 145 142 138 135 143 156 165 168 168 160 141 121 100 74 48 38 27 21 12 5 20 17 14 15 24 27 20 12 6 10 13 21 19 9 10 13 32 20 10 16 22 28 16 12 16 13 15 13 16 17 36 15 25 44 41 
127 131 124 128 127 135 137 138 145 149 141 135 137 144 156 168 172 172 155 137 115 89 57 34 19 12 14 10 20 24 13 19 20 41 43 41 39 31 27 19 25 29 26 18 12 23 28 24 24 24 22 19 19 14 13 12 7 11 17 33 12 14 28 29 
131 131 131 130 131 138 138 141 145 154 145 142 138 146 149 163 166 165 151 130 105 82 46 29 20 19 22 18 31 22 14 23 29 33 27 19 20 20 22 30 24 19 18 9 19 9 22 17 24 20 15 9 8 16 20 24 25 33 31 41 24 20 25 25 
139 139 137 135 136 140 138 138 144 149 149 147 150 151 152 159 158 153 133 115 88 70 47 32 21 19 13 20 37 27 21 29 32 35 30 21 21 22 26 31 21 17 16 8 26 3 26 11 14 17 9 14 18 24 26 25 21 24 22 31 13 6 17 20 
152 150 144 144 143 145 140 141 142 154 154 160 159 164 155 154 143 134 117 93 67 49 23 20 5 19 16 22 36 22 20 17 26 25 19 24 19 27 27 29 17 3 23 16 26 8 18 9 13 19 13 16 17 19 22 19 19 29 30 31 31 28 35 36 
162 158 156 156 153 151 149 146 148 161 163 168 171 169 155 147 134 123 103 83 57 39 19 12 10 27 22 20 27 13 20 18 29 32 29 26 18 19 30 28 27 15 24 20 18 8 22 13 10 12 15 20 31 34 33 27 23 29 32 34 23 13 9 6 
162 156 156 157 153 149 147 148 152 163 171 176 176 176 161 149 127 112 96 71 38 19 6 20 27 31 27 16 19 13 20 22 12 24 27 39 34 16 14 15 14 7 13 16 18 13 22 17 8 5 21 29 39 29 33 29 26 31 32 34 32 29 22 19 
156 152 155 156 153 151 151 154 156 166 168 176 173 173 159 143 123 108 89 61 32 13 7 23 26 31 31 19 20 19 26 37 34 28 14 24 27 8 12 12 17 12 10 3 7 13 22 27 12 25 31 46 53 46 45 41 34 34 36 45 49 50 51 55 
145 145 147 151 150 152 155 160 162 170 170 168 166 163 152 137 122 108 81 49 27 19 17 29 35 31 32 23 25 27 21 29 28 28 26 24 29 12 5 3 11 12 16 15 13 15 20 29 20 38 34 46 53 41 46 39 31 32 19 36 34 41 43 50 
136 136 143 148 154 158 165 162 167 171 159 152 147 143 128 122 111 89 64 39 26 15 6 20 24 26 29 29 21 23 8 19 28 29 19 20 17 10 11 14 22 24 26 22 20 20 24 35 26 37 39 52 50 36 30 31 25 26 3 21 20 33 43 49 
137 138 142 146 157 167 165 164 161 154 140 128 124 117 108 95 88 63 43 31 31 25 20 15 24 22 27 26 17 19 13 13 26 29 18 19 15 15 22 20 26 26 20 15 12 12 15 25 22 32 41 55 57 48 33 27 29 27 5 13 17 28 33 41 
159 159 161 170 178 184 177 168 154 140 123 109 106 104 90 69 58 36 30 27 20 9 24 24 27 31 25 25 14 12 25 31 32 34 17 22 13 19 33 20 31 31 24 15 10 8 16 19 22 24 37 58 57 53 38 28 30 17 3 14 13 29 37 40 
171 171 175 180 182 180 170 153 140 124 105 86 86 79 60 41 35 23 29 18 11 17 29 24 26 23 23 28 20 23 19 26 37 39 23 23 13 25 44 20 24 29 24 22 16 13 15 13 20 24 32 54 51 50 29 15 24 14 11 12 13 14 18 18 
161 159 163 165 172 163 152 138 123 104 85 65 64 50 28 16 10 26 26 15 14 20 25 24 32 17 10 15 7 30 20 7 15 29 14 19 12 27 49 22 22 26 23 19 10 12 21 19 29 29 16 34 33 40 37 27 29 24 22 21 19 18 16 13 
147 145 143 144 145 142 130 119 106 88 74 58 60 45 21 22 27 39 32 24 16 25 28 30 42 27 18 18 21 34 24 10 14 36 13 20 12 29 51 20 10 18 22 22 16 12 12 13 28 32 14 21 27 38 50 54 44 36 26 24 13 6 20 15 
128 128 127 126 120 117 105 97 84 72 59 49 51 43 31 30 29 29 24 22 16 19 19 13 36 26 14 11 13 26 22 12 24 43 22 24 12 34 48 17 24 29 34 28 30 20 15 11 21 27 12 16 24 13 8 24 21 19 22 16 9 10 23 21 
92 93 93 86 82 74 65 62 54 52 38 24 29 17 26 31 23 24 26 27 19 10 12 14 39 33 9 13 20 31 33 14 17 32 10 20 13 31 41 18 22 21 17 11 15 17 13 12 16 18 17 20 31 26 11 19 13 12 15 8 17 21 34 38 
45 47 53 52 50 44 38 37 29 31 27 19 22 13 21 26 12 10 15 11 9 11 17 13 31 36 27 24 32 26 32 6 20 39 23 21 6 27 38 16 10 10 13 15 22 23 23 27 29 26 15 13 29 30 15 23 11 8 15 11 20 12 16 18 
20 22 27 26 21 18 13 15 19 27 25 22 17 12 29 34 19 17 15 11 16 33 39 36 34 31 18 14 22 24 31 12 12 29 8 22 13 17 35 13 10 15 11 10 15 20 22 22 26 25 25 21 20 19 19 28 15 15 17 19 20 6 15 12 
27 22 20 6 10 22 22 22 21 17 13 20 27 35 44 36 15 17 12 21 31 36 43 45 36 32 27 32 39 35 36 8 12 36 19 22 15 12 36 21 30 27 21 16 17 24 34 42 46 40 32 15 12 32 42 40 26 19 10 13 17 17 20 22 
58 50 49 29 15 24 36 38 36 26 25 27 31 44 43 31 20 24 14 17 26 19 24 22 21 24 27 29 31 27 38 7 13 32 12 27 22 19 37 26 20 26 15 15 19 15 17 29 34 38 36 31 24 13 25 20 31 29 9 12 15 31 30 33 
38 34 50 38 25 27 32 32 39 31 27 29 19 35 24 19 23 27 31 36 43 33 39 32 27 27 32 35 35 24 38 5 11 33 15 28 22 17 19 8 12 28 28 26 24 21 20 25 27 26 25 22 23 19 31 21 35 30 10 9 13 31 38 45 
29 30 50 41 32 39 37 31 32 29 26 34 19 27 19 25 34 39 41 40 41 37 48 38 36 32 30 36 25 23 36 8 5 24 6 26 18 23 22 12 11 22 30 28 26 17 10 17 19 24 32 38 36 32 24 16 32 31 18 10 17 33 26 27 
34 34 49 42 39 45 49 40 33 20 12 28 20 19 29 34 38 32 25 24 32 36 50 36 30 32 29 31 26 23 34 17 10 17 10 26 26 27 20 16 16 19 30 28 23 15 13 13 15 16 25 29 27 26 17 16 27 27 26 17 20 30 17 19 
21 21 36 32 38 51 51 46 36 21 8 26 22 20 32 34 24 25 17 15 26 31 48 31 31 21 18 22 20 27 34 15 17 20 27 15 8 14 12 12 19 30 38 31 24 14 13 18 27 26 27 30 21 17 12 13 31 29 25 21 19 27 17 17 
38 37 37 31 36 45 46 44 34 22 19 32 29 24 41 32 20 19 11 8 15 22 36 26 19 12 8 13 26 27 29 14 28 36 42 41 34 24 13 19 24 30 34 29 23 9 12 17 24 24 23 26 22 12 14 29 38 39 34 29 21 27 24 24 
34 34 36 34 39 44 45 41 33 22 20 32 23 23 42 27 20 22 13 22 23 19 28 27 17 10 17 12 15 12 12 22 27 11 11 16 22 13 10 28 32 38 39 31 21 6 8 12 17 21 26 29 24 22 13 24 31 34 27 26 24 23 29 39 
38 41 41 41 45 45 41 32 27 14 10 24 22 31 50 43 47 43 38 38 31 27 23 17 11 6 22 19 19 12 5 20 24 25 26 27 22 10 18 34 36 33 30 22 17 21 31 39 38 48 43 38 25 15 5 17 28 34 34 33 24 25 38 45 
32 38 43 45 47 43 40 29 29 9 8 17 27 39 48 54 52 44 36 29 22 24 17 10 17 11 26 25 26 27 14 21 11 6 15 29 32 34 26 25 20 16 24 28 22 15 15 19 23 37 27 24 14 5 17 18 18 18 15 14 20 38 38 35 
36 43 40 37 29 25 20 17 22 15 19 19 19 24 19 21 17 22 22 18 26 19 12 12 15 9 19 20 26 25 19 26 19 25 27 29 20 19 7 11 19 21 24 19 10 7 11 19 20 32 27 23 12 18 27 24 19 11 17 13 19 36 26 24 
32 38 43 40 32 24 17 8 19 23 24 16 8 13 23 24 17 17 20 19 24 21 12 12 11 6 12 15 26 27 30 29 13 19 17 24 12 14 11 8 14 10 8 8 10 3 5 17 13 27 26 27 18 26 34 32 29 25 32 22 21 36 24 14 
27 37 41 40 32 29 22 19 18 15 12 13 17 8 12 13 19 13 17 17 22 26 21 19 13 11 8 3 20 23 25 26 9 21 11 29 18 9 12 18 22 21 15 12 4 10 7 17 17 24 24 22 20 24 28 21 19 10 28 20 21 34 24 13 
30 36 38 46 52 58 60 57 50 25 19 18 31 33 31 32 26 23 21 22 19 22 19 10 11 12 11 4 19 24 26 24 9 17 12 24 23 5 10 26 22 27 25 25 14 13 7 12 17 26 27 31 31 25 17 14 23 22 34 19 9 27 36 41 
20 20 19 10 17 23 25 37 46 19 17 13 31 41 35 39 36 31 29 25 17 15 20 9 10 16 12 6 13 24 23 17 5 20 17 22 27 24 24 33 17 8 12 14 20 19 12 5 17 22 32 43 44 38 26 16 19 23 25 13 15 30 40 39 
21 19 15 14 17 8 8 36 53 21 22 12 23 38 26 21 7 10 25 21 21 10 20 12 13 28 12 10 8 12 10 16 24 31 34 22 22 19 21 39 27 21 21 19 20 8 12 17 30 31 22 19 20 16 34 26 16 17 19 21 18 15 13 10 
17 12 9 17 27 28 28 39 53 29 23 15 17 29 30 30 19 10 21 12 26 11 19 19 17 26 11 5 8 8 13 19 21 35 41 39 29 19 6 27 28 29 28 22 15 16 26 30 38 45 38 29 22 19 46 36 22 24 20 20 17 16 36 42 
29 25 26 26 31 28 19 30 39 24 20 17 19 26 32 25 19 15 24 13 26 18 20 22 24 31 21 14 15 8 12 21 14 27 32 27 17 19 9 25 22 19 22 19 6 15 19 10 25 40 42 33 31 29 52 40 19 19 19 9 8 11 26 27 
32 32 36 37 45 53 43 38 27 11 6 13 9 23 35 25 17 17 22 16 25 19 19 19 24 29 41 41 38 28 18 21 16 18 24 16 6 24 21 25 19 12 25 31 32 38 28 17 15 38 45 34 22 13 43 38 26 23 22 13 13 6 27 31 
24 19 22 22 27 42 34 30 27 22 22 24 27 27 24 16 6 14 22 23 21 19 23 24 24 30 42 41 37 31 24 17 18 15 26 25 31 43 37 31 24 11 16 16 20 31 22 14 12 34 38 43 32 19 31 31 27 15 16 18 22 20 36 40 
34 22 17 10 16 37 28 24 26 38 46 46 45 34 20 16 8 22 29 31 29 26 32 29 29 25 19 13 12 20 25 11 15 16 22 16 24 32 30 34 36 20 13 14 14 29 24 22 21 26 27 36 34 20 26 31 27 19 16 31 27 24 38 36 
22 26 21 25 30 42 35 16 27 55 49 29 32 27 32 23 14 27 29 31 24 27 31 32 26 20 8 6 7 13 27 7 6 19 26 27 27 31 33 35 41 24 19 16 8 26 33 30 27 24 18 32 31 16 23 35 29 19 12 16 13 27 45 48 
27 26 14 9 17 31 30 14 17 59 48 18 14 19 43 38 20 31 36 31 29 31 31 29 27 26 8 12 15 20 32 18 8 19 24 26 30 33 38 34 38 16 6 16 4 20 36 25 21 13 15 32 27 13 24 34 29 26 22 8 16 26 38 43 
21 26 19 17 19 26 39 42 20 58 39 19 26 22 51 45 31 38 41 36 34 34 32 24 17 17 12 22 28 20 12 20 13 21 26 22 24 26 27 29 39 13 10 21 13 24 36 21 15 13 11 30 27 8 23 36 24 24 27 21 31 13 12 8 
31 33 32 20 27 39 53 64 34 45 21 31 44 31 37 36 19 29 36 30 21 20 17 12 7 19 28 38 32 30 3 26 13 13 15 4 15 22 19 36 38 17 12 14 17 20 31 17 15 17 16 30 31 22 39 36 26 18 13 37 43 27 25 27 
37 39 38 19 6 30 38 64 37 29 13 41 61 67 57 49 36 40 44 41 38 31 11 6 13 15 15 13 10 34 17 24 19 10 19 12 12 25 17 47 39 24 19 15 12 15 19 15 20 26 27 34 30 26 39 29 18 7 13 50 48 41 42 43 
43 43 45 24 22 31 17 51 10 6 31 29 36 43 41 36 30 30 35 27 30 36 20 17 19 23 22 16 13 37 31 35 20 19 24 15 20 24 36 55 36 20 13 9 13 8 11 19 24 39 32 32 20 12 21 15 17 15 28 49 32 20 20 19 
50 45 38 26 35 45 41 45 19 10 38 26 15 26 28 22 17 17 22 24 31 39 36 26 17 15 14 17 20 28 20 20 13 20 31 31 33 38 53 53 22 19 19 24 24 8 19 22 31 43 33 27 17 15 14 4 8 19 37 46 31 32 43 45 
43 47 50 54 64 69 62 49 29 16 24 20 18 25 27 17 10 14 25 22 39 44 46 40 27 15 10 15 30 19 12 11 13 22 32 31 24 29 46 34 23 17 20 24 8 20 29 17 24 35 29 20 15 12 12 10 3 12 29 38 29 36 37 36 
19 27 30 43 58 60 58 41 34 17 14 21 30 37 29 27 15 18 19 13 22 32 33 34 33 18 19 27 26 24 15 13 17 21 36 36 31 31 41 17 22 15 26 24 22 33 34 15 24 27 17 23 34 41 44 39 24 10 20 33 30 39 36 34 
13 12 10 25 41 39 34 31 25 15 12 6 13 28 31 39 33 45 40 36 37 32 32 35 43 42 31 32 32 29 25 12 24 29 36 34 23 39 38 7 29 21 26 21 15 31 27 19 33 21 9 16 34 37 46 42 38 31 17 22 18 32 26 29 
12 8 13 31 48 43 50 49 32 12 12 15 10 13 24 37 25 35 23 19 24 22 23 32 43 45 29 25 20 23 20 20 36 27 24 26 24 48 32 15 35 29 39 31 31 39 30 30 34 15 13 21 41 23 16 8 15 25 15 15 17 26 17 22 
31 24 19 30 42 25 34 40 30 28 18 25 15 12 14 23 11 36 6 11 24 16 17 29 31 37 20 17 9 20 17 23 41 22 22 23 31 57 36 42 52 36 36 23 32 39 26 28 29 15 21 23 41 24 18 17 31 42 36 27 21 19 5 9 
13 13 13 29 39 22 20 22 24 35 28 26 20 15 17 26 17 36 24 26 34 25 26 31 29 29 13 16 10 24 15 26 37 19 21 16 24 52 22 45 51 29 29 20 30 31 16 23 23 29 30 29 37 21 20 22 34 36 22 17 6 5 17 20 
8 10 19 22 32 26 15 20 24 33 28 24 17 14 17 31 12 28 21 21 29 14 15 23 19 15 10 13 11 21 14 20 32 27 41 41 38 52 16 55 46 11 23 22 41 40 31 27 24 33 40 41 34 40 39 40 36 25 8 15 17 16 16 15 
17 10 17 16 31 36 25 20 20 21 26 20 16 13 17 32 18 23 19 17 20 3 9 20 17 12 5 16 10 19 16 19 19 28 42 35 24 34 8 62 47 6 15 8 27 29 17 15 17 29 42 41 29 24 31 35 35 26 15 22 23 20 19 18 
22 11 8 15 31 48 52 49 31 19 24 29 20 12 9 32 19 20 19 15 10 3 13 20 22 18 9 21 8 13 15 14 17 27 34 24 14 20 21 58 36 20 30 35 29 20 8 1 20 26 39 42 36 33 20 13 20 20 18 29 26 21 23 19 
29 19 13 19 23 31 36 31 35 39 29 36 24 22 17 24 22 18 19 15 7 5 14 20 24 24 12 20 19 17 14 11 17 32 37 26 20 20 19 48 31 38 36 40 20 11 13 8 21 22 36 49 50 45 20 10 22 26 36 39 32 29 24 7 
36 27 22 26 26 16 24 17 55 60 25 33 13 40 36 31 36 35 32 26 19 12 15 21 22 27 13 15 22 24 20 20 30 45 41 30 24 9 19 34 13 27 19 32 15 12 12 9 22 16 39 49 55 45 24 26 22 39 50 50 36 24 20 17 
42 33 31 34 29 18 27 19 63 64 21 34 17 54 45 32 33 35 34 24 18 17 19 24 22 27 12 7 19 16 20 22 36 45 39 29 24 17 26 29 9 20 6 34 23 11 10 10 25 20 40 54 64 47 31 39 19 36 45 41 24 17 17 28 

109 112 119 119 119 122 121 120 130 147 166 190 216 217 202 185 155 119 89 73 60 74 78 61 60 35 36 44 43 46 50 18 26 29 26 24 20 24 27 22 40 29 25 18 14 15 20 27 38 30 12 20 44 13 17 12 37 39 26 26 38 44 19 22 
111 113 114 117 114 116 114 119 126 145 162 182 208 205 190 173 143 113 86 75 62 71 71 49 53 31 32 41 32 39 45 14 24 27 28 27 17 18 13 9 28 31 32 24 13 6 19 25 34 22 20 14 43 19 19 10 33 43 19 24 33 45 20 13 
104 107 110 111 110 109 111 114 123 139 156 173 188 188 171 154 130 105 88 74 60 65 60 34 40 33 48 59 55 43 42 19 19 18 24 23 11 5 9 11 22 22 22 16 13 17 8 12 27 16 32 12 32 24 34 24 38 46 20 32 34 48 34 15 
101 101 107 104 103 102 106 110 120 140 150 166 178 172 155 138 116 101 90 79 66 64 52 25 29 21 21 33 31 31 34 21 17 10 17 22 6 10 10 16 12 15 17 20 17 26 9 10 20 11 34 23 36 43 46 38 35 34 13 29 18 34 31 7 
94 99 102 100 97 103 105 114 126 143 149 157 163 156 143 124 107 96 88 72 62 52 32 29 30 23 14 12 19 27 27 17 10 12 28 27 19 16 18 15 15 17 22 27 27 36 16 9 8 23 43 33 30 34 30 26 10 20 22 38 19 22 34 19 
90 93 93 93 95 97 109 122 138 152 157 160 152 145 128 114 93 89 80 65 56 48 36 41 33 24 10 8 13 31 24 22 23 32 35 23 11 8 14 6 18 15 19 22 22 35 19 19 22 30 34 22 26 31 29 28 19 13 24 33 13 27 45 53 
97 97 95 97 99 106 119 132 150 164 166 163 156 140 128 117 100 91 77 60 48 37 16 24 7 10 13 19 17 27 17 24 30 41 52 40 38 24 20 6 14 19 22 20 14 34 28 29 28 23 20 26 32 28 29 24 22 9 24 31 11 22 29 39 
105 107 104 98 101 112 123 140 164 179 175 175 159 142 114 105 83 72 56 46 37 29 19 30 20 22 29 24 32 33 22 26 22 31 26 14 24 17 23 22 11 10 23 13 17 12 12 14 15 11 19 24 32 34 43 36 42 34 30 34 25 31 25 28 
126 124 114 107 111 121 137 155 174 183 183 172 156 133 106 90 75 62 51 46 45 45 39 39 23 17 11 13 31 30 21 32 29 28 28 10 18 11 15 19 10 9 23 8 22 6 14 12 11 19 24 22 30 32 39 33 32 19 19 26 15 21 16 20 
156 144 129 119 118 125 143 161 178 188 183 171 152 128 98 71 48 29 21 13 5 17 10 27 1 15 12 11 28 26 12 26 27 29 20 13 17 12 17 14 14 3 22 11 26 17 19 15 11 30 31 19 15 5 10 6 17 16 22 24 24 30 24 30 
174 166 152 137 132 138 152 165 180 187 175 159 138 114 79 57 34 20 19 14 11 17 9 22 9 22 13 15 31 28 12 17 38 43 39 32 6 7 17 20 26 18 29 24 32 29 32 22 14 30 31 24 29 22 15 15 17 25 22 25 21 16 6 8 
187 177 163 147 140 143 153 163 174 178 164 145 126 102 73 47 26 17 21 12 8 10 20 31 25 31 27 10 24 24 19 24 20 36 38 48 43 27 24 8 19 14 15 23 31 34 36 29 10 20 36 42 46 32 29 26 25 25 23 17 19 25 31 27 
196 188 176 163 157 154 163 166 169 161 143 123 103 84 62 41 32 33 31 26 20 15 8 20 8 26 31 15 27 34 26 40 33 38 20 22 31 15 19 16 26 21 19 12 16 29 39 35 13 26 49 71 73 63 60 53 43 43 40 41 36 33 25 31 
187 183 180 173 165 163 163 162 157 149 126 105 86 72 58 52 65 59 48 34 36 32 20 23 18 20 35 20 27 36 9 29 26 35 23 23 33 15 17 12 19 12 11 10 16 20 34 31 17 26 36 57 64 58 65 56 47 40 32 34 32 34 27 29 
163 165 171 169 172 163 161 147 142 127 107 84 69 57 50 62 67 51 32 26 29 28 6 12 15 13 31 31 31 34 10 27 30 38 24 19 28 12 18 21 26 31 29 27 17 16 27 28 14 24 27 50 41 31 41 39 29 29 12 15 15 31 17 24 
135 141 150 154 158 153 141 128 119 103 83 65 55 43 35 39 50 32 38 42 43 37 14 8 24 24 31 28 25 29 21 17 25 33 22 23 23 19 34 25 22 26 20 15 4 3 19 19 14 22 35 55 46 34 30 34 32 31 12 8 16 27 7 9 
122 123 135 145 150 141 128 110 93 72 61 44 41 37 22 22 38 36 46 41 26 15 20 24 34 32 33 29 24 26 36 40 36 35 13 18 14 26 44 27 21 22 24 18 6 5 15 13 12 13 31 57 50 48 38 36 36 26 13 4 14 31 36 39 
109 114 124 128 124 109 94 72 59 45 36 22 33 27 14 17 20 23 34 21 20 21 29 27 29 29 30 33 32 35 27 31 33 29 16 13 13 31 53 26 10 16 28 25 20 17 17 10 19 27 39 55 49 43 37 34 33 24 15 14 12 10 13 10 
74 79 87 90 88 71 59 44 37 19 18 12 22 28 22 25 22 20 20 17 23 24 16 17 27 8 15 17 19 38 22 19 22 30 12 8 9 36 55 26 13 14 22 18 11 15 25 19 26 26 8 31 27 39 48 43 48 33 25 24 23 17 13 4 
65 66 67 67 62 56 47 38 32 22 29 32 40 33 23 29 36 38 34 28 31 31 29 27 43 17 18 10 17 39 22 15 12 26 12 2 11 38 54 25 15 19 30 29 23 9 17 21 32 34 10 19 29 50 61 58 41 25 14 17 13 14 24 22 
57 56 56 51 47 41 38 34 26 20 29 39 46 41 39 32 20 17 15 14 17 22 17 14 43 24 12 7 11 29 20 10 24 37 24 11 7 34 45 20 30 33 36 30 36 24 16 16 22 27 12 12 24 20 10 12 12 14 22 15 12 8 22 20 
39 41 41 37 36 30 22 22 15 10 15 22 26 26 32 36 27 28 31 29 15 11 17 17 48 31 11 17 29 40 41 16 10 17 12 18 13 28 34 15 21 20 17 9 24 17 9 13 13 19 18 19 31 34 19 24 16 11 19 8 7 18 33 39 
26 31 36 41 41 37 29 29 18 11 12 15 21 24 28 34 6 15 12 12 10 13 22 18 40 38 21 25 24 26 38 10 20 27 15 18 12 28 36 15 10 16 16 20 22 22 21 26 26 28 24 15 31 39 22 32 13 8 17 8 18 13 23 24 
41 40 44 44 36 27 20 15 5 19 21 22 20 17 22 41 16 16 16 12 17 31 42 45 40 36 19 18 25 29 45 13 16 24 10 19 6 17 39 24 18 21 16 12 11 19 22 7 7 13 22 21 24 32 25 41 25 13 16 24 26 14 19 19 
13 11 17 23 26 31 34 31 23 23 24 24 19 24 32 41 8 19 14 26 38 37 43 43 40 35 31 36 43 41 52 8 15 36 22 30 13 12 44 28 34 31 25 14 6 15 31 34 39 30 34 19 16 36 44 49 23 23 18 23 24 24 28 36 
43 38 36 21 19 31 45 38 35 31 39 41 39 48 46 38 10 15 13 17 32 17 19 20 22 24 22 22 26 35 57 12 17 34 22 34 15 19 43 39 34 34 26 21 20 16 9 10 18 22 31 26 18 7 21 31 29 34 18 26 23 28 18 12 
23 17 39 31 11 20 31 29 36 38 43 48 34 46 31 15 5 24 32 39 45 34 34 30 27 25 26 34 37 32 57 14 19 39 22 39 24 21 31 22 27 32 36 34 26 20 15 10 16 17 24 24 22 14 24 29 31 34 24 29 25 38 30 33 
16 20 46 38 20 24 21 15 25 27 38 48 32 36 14 15 25 38 46 45 46 39 46 39 34 27 19 21 20 26 53 21 18 31 20 39 23 27 22 22 22 26 29 32 26 21 15 17 20 23 31 38 38 30 17 13 31 32 22 30 31 41 26 24 
32 33 52 45 35 38 30 17 17 15 22 38 20 19 22 36 37 34 28 25 29 26 48 34 24 25 19 27 23 24 46 21 13 24 8 34 26 26 22 19 26 29 41 38 34 22 21 16 21 24 22 20 15 14 15 17 31 26 20 32 32 48 26 22 
23 23 37 30 29 38 26 16 17 15 19 34 20 10 27 30 17 20 15 14 25 30 47 36 30 23 17 23 20 22 36 20 18 23 25 13 11 19 17 25 31 39 44 33 33 24 20 23 31 29 24 19 8 13 19 16 20 13 18 31 31 41 24 24 
48 46 43 31 26 28 17 11 24 17 26 38 21 13 36 32 13 14 17 14 24 24 40 32 20 14 18 27 38 34 30 6 28 41 46 38 22 17 20 37 39 33 31 23 23 19 16 17 22 19 17 19 17 9 20 27 31 28 25 32 33 45 38 39 
26 27 28 22 19 24 10 5 22 16 18 36 12 11 41 25 19 21 24 28 29 28 26 30 14 10 20 5 12 8 9 18 23 29 33 27 13 5 20 41 43 39 33 26 20 15 8 13 20 32 39 40 38 27 22 16 15 10 10 25 28 37 48 58 
22 26 30 26 27 25 13 13 29 13 12 32 6 17 37 37 46 41 45 46 44 45 30 27 12 8 24 7 9 9 6 22 30 43 46 40 22 9 25 40 39 27 21 22 21 28 29 32 45 54 53 53 39 23 10 14 28 29 34 32 33 41 55 64 
9 22 29 30 32 27 17 26 32 7 6 22 26 38 48 56 57 52 46 43 36 41 29 19 13 10 27 18 23 34 30 30 27 36 33 38 32 32 26 32 27 22 31 30 25 20 15 13 20 29 19 17 12 15 13 15 29 24 22 12 27 55 60 58 
15 26 25 20 11 8 22 29 29 12 21 24 27 27 21 17 22 18 18 12 15 24 17 6 14 8 23 13 14 21 24 32 32 41 45 40 29 23 9 18 22 27 26 22 10 11 17 19 19 34 19 22 24 29 36 32 31 27 31 15 32 59 54 55 
22 31 28 29 24 24 24 23 22 24 28 20 20 23 21 20 10 11 15 8 12 19 22 11 14 10 25 29 29 27 37 40 26 31 28 26 10 15 5 10 11 18 13 10 7 8 9 17 12 26 18 17 19 22 35 31 32 29 39 25 33 60 55 52 
31 39 35 35 28 29 29 20 18 19 19 21 33 34 22 15 10 6 12 13 12 21 30 17 15 9 12 22 27 27 32 36 15 20 15 25 15 9 10 16 19 26 26 21 12 12 5 20 14 23 20 25 28 26 27 15 16 13 35 23 25 48 48 45 
28 36 32 39 43 55 56 46 45 24 17 26 33 50 32 25 18 18 19 18 15 10 29 12 15 16 9 19 29 27 29 31 15 22 15 26 27 12 10 22 24 27 32 34 27 18 7 8 23 32 39 48 46 39 19 7 24 29 43 27 14 36 52 58 
22 24 16 17 20 29 24 28 46 21 13 27 41 52 40 34 32 30 39 42 41 35 40 20 13 21 3 20 29 34 29 27 21 24 22 26 36 29 25 36 25 7 19 21 31 25 10 12 27 35 43 50 46 38 21 15 26 26 32 12 19 38 52 54 
27 27 17 17 20 21 16 28 50 20 16 26 31 50 35 29 12 12 32 37 45 36 43 27 19 22 10 17 19 19 15 12 29 36 34 22 24 16 17 40 28 14 22 21 26 15 12 21 34 20 15 9 8 14 34 29 19 14 15 18 26 24 28 28 
23 19 13 20 29 29 27 30 44 25 23 24 29 32 34 32 20 24 35 31 39 32 32 22 14 24 12 18 22 18 17 18 26 35 38 32 30 17 13 32 20 21 26 19 15 10 28 35 47 38 35 22 13 18 49 37 13 12 11 19 16 22 34 41 
35 31 31 36 38 35 28 26 32 23 26 29 31 29 27 19 21 34 37 30 35 30 28 26 22 27 22 17 22 8 14 22 8 24 19 15 10 11 9 27 11 15 21 26 20 19 24 20 32 40 43 34 38 37 64 41 17 11 22 17 12 9 25 29 
34 36 40 45 53 54 48 34 22 6 6 15 19 26 25 17 23 36 39 34 34 28 18 13 22 29 45 40 37 27 13 25 17 25 24 19 21 25 20 28 15 17 24 36 45 45 38 17 22 43 55 46 34 36 55 40 27 17 32 15 20 13 29 33 
33 27 28 31 33 39 29 20 13 15 25 29 29 22 17 17 22 36 34 32 29 18 16 16 23 29 45 48 45 41 30 28 32 35 42 43 43 43 32 26 27 22 12 17 20 44 32 25 22 46 52 55 48 38 46 34 31 5 27 13 20 26 34 38 
46 36 28 23 26 36 27 25 26 35 41 48 46 30 24 22 20 34 32 31 27 17 22 27 27 24 17 16 12 20 22 20 26 25 27 23 22 30 26 30 44 22 11 19 16 48 42 34 28 41 43 55 50 41 39 30 28 13 30 24 29 22 36 34 
39 39 32 32 31 40 29 10 31 53 39 31 31 29 39 25 16 29 31 29 16 18 25 29 24 24 13 9 8 14 19 6 20 24 27 24 18 19 19 21 48 23 13 20 10 47 45 38 29 32 27 53 50 36 39 36 30 18 26 12 5 26 41 45 
44 36 21 19 19 30 24 10 27 67 41 17 22 24 57 36 13 31 34 31 15 17 27 32 28 34 20 17 19 19 32 19 13 17 24 24 20 18 17 15 45 17 5 21 3 38 48 35 31 24 17 44 33 23 25 31 18 22 26 21 21 19 31 38 
31 28 16 15 24 27 35 31 22 67 37 23 32 24 68 46 27 40 37 36 28 36 31 27 21 36 26 26 25 17 11 19 13 17 24 14 13 13 11 25 43 9 8 20 15 31 38 24 26 26 22 40 26 5 20 31 13 16 22 31 41 26 30 27 
27 27 24 23 39 46 56 64 33 54 26 33 53 27 52 39 19 34 31 24 9 15 27 25 20 26 27 36 33 33 8 19 4 12 21 19 24 23 12 34 37 8 8 12 6 20 30 18 20 32 30 43 34 24 32 30 14 12 15 41 45 34 34 37 
23 25 27 8 9 29 42 68 42 34 17 46 76 74 70 55 41 44 40 36 36 31 17 11 19 20 19 19 8 32 13 20 13 10 18 15 17 26 12 47 38 20 16 12 16 22 24 22 24 34 24 39 31 27 34 27 13 8 23 54 55 50 56 59 
27 31 40 31 28 31 14 45 12 11 36 34 43 44 44 31 24 27 24 19 23 38 33 12 16 19 19 29 12 38 30 26 12 13 25 19 19 23 32 53 33 19 12 6 15 15 11 24 29 42 20 32 22 10 20 21 18 21 40 48 34 21 23 24 
48 45 42 41 40 48 41 43 17 8 41 29 12 17 17 8 8 17 19 14 19 39 40 33 21 12 19 26 14 19 19 12 12 19 28 31 27 36 47 53 22 20 17 18 22 10 17 20 32 46 24 27 17 14 13 5 8 26 43 46 21 6 20 26 
48 52 56 64 66 67 62 46 32 11 31 29 10 11 15 17 7 15 20 19 27 47 54 48 38 29 21 13 15 13 8 6 15 12 27 20 13 21 44 43 28 29 27 24 10 22 27 19 29 46 29 18 18 13 9 12 3 13 35 33 23 22 29 27 
15 24 35 39 51 52 57 50 41 22 14 27 29 26 15 25 16 21 22 17 13 27 38 44 49 43 29 21 17 16 15 14 13 17 24 30 22 26 44 24 24 25 34 34 22 30 25 8 24 34 24 26 31 34 39 35 22 12 27 36 27 27 22 14 
8 6 13 13 23 16 14 34 31 24 13 9 26 32 40 46 45 45 46 42 42 32 28 35 45 53 36 32 22 22 17 19 27 20 26 21 11 45 44 17 29 34 41 26 12 24 13 17 37 36 23 27 38 32 39 38 39 31 22 24 12 24 15 14 
13 9 17 30 51 50 55 52 31 9 17 23 6 10 29 36 26 36 25 24 34 29 26 30 38 49 35 30 25 19 17 20 36 24 19 15 19 58 44 20 35 38 49 34 27 28 24 37 48 37 35 41 51 31 10 9 19 25 15 22 22 34 29 30 
45 39 33 36 48 33 45 45 30 25 7 24 15 20 19 19 13 33 14 8 22 17 19 39 31 49 36 33 22 15 19 20 42 25 27 17 22 64 41 46 52 45 46 28 26 24 24 45 52 37 34 34 58 34 10 11 24 45 40 38 31 28 14 10 
36 36 32 38 48 27 24 19 21 32 10 18 15 19 16 17 7 31 15 21 32 26 27 42 34 43 36 32 23 17 14 22 39 20 27 17 14 56 28 58 59 47 45 29 29 20 13 38 44 38 34 34 46 31 18 22 32 44 27 22 10 15 29 30 
32 31 28 27 38 24 16 17 21 32 22 13 6 17 15 24 5 26 17 25 29 27 31 45 42 43 38 39 24 18 11 14 27 29 46 41 38 51 15 62 46 22 31 34 43 34 26 40 37 32 34 36 46 44 45 43 36 34 16 31 18 13 23 12 
26 25 20 20 39 38 23 11 14 20 22 12 14 17 17 31 13 19 9 8 14 8 8 24 27 26 26 33 19 24 22 20 3 20 34 26 20 32 11 65 42 3 13 4 29 23 17 23 22 28 30 28 27 20 32 29 29 27 24 38 24 13 24 15 
14 13 13 19 41 53 57 48 34 15 24 26 14 3 8 34 26 20 18 17 6 4 7 7 16 32 24 34 9 7 24 23 22 14 26 13 6 14 24 57 38 18 29 30 24 17 5 13 15 20 20 20 22 19 24 12 13 11 20 42 27 17 28 22 
22 20 19 20 27 35 41 33 43 34 26 35 27 21 12 27 22 22 17 17 7 9 17 12 22 39 24 34 19 17 26 17 29 27 27 18 15 17 22 45 30 32 32 31 13 10 6 6 11 8 17 32 42 39 26 16 15 27 32 47 31 16 24 15 
11 10 15 24 22 21 24 12 57 53 22 26 6 36 32 32 34 36 32 30 24 13 12 12 26 40 21 23 13 17 31 27 39 39 31 20 14 9 20 32 22 31 29 35 21 8 6 6 15 13 19 30 38 27 27 32 30 44 45 48 29 15 17 24 
25 23 21 24 20 22 26 17 70 56 20 26 12 53 43 36 33 33 32 31 27 17 17 18 27 38 22 15 21 6 24 22 38 34 22 13 13 20 25 22 10 23 16 43 30 8 1 8 17 13 27 38 38 24 28 45 42 39 28 29 17 19 25 32 

78 78 81 78 74 72 69 71 83 98 106 128 152 150 129 109 72 51 22 26 22 52 55 45 65 56 55 48 41 55 72 24 18 21 16 31 10 12 19 15 41 21 28 15 19 21 20 26 37 31 22 29 49 19 17 9 29 32 8 13 32 45 17 26 
76 76 77 74 70 71 69 72 83 94 102 121 143 137 120 100 69 45 19 27 20 50 51 42 60 46 43 45 34 47 62 17 17 26 20 31 10 7 7 5 32 29 34 22 12 13 24 29 32 25 22 21 47 24 23 16 31 38 12 22 31 46 15 12 
62 64 69 66 65 66 69 75 83 98 100 113 126 117 95 77 45 24 17 27 18 43 41 29 44 41 55 67 69 58 57 17 13 16 15 28 7 7 6 6 18 19 16 11 15 21 16 17 20 13 32 18 41 34 40 31 36 45 21 31 35 52 34 20 
58 61 64 58 58 58 65 71 84 98 97 108 116 102 80 62 35 20 26 31 31 39 28 19 32 22 20 32 37 41 39 20 12 7 16 25 10 10 12 13 10 9 14 20 20 29 17 19 14 10 36 25 40 46 50 43 33 38 17 27 18 40 32 17 
52 57 61 57 57 64 67 78 93 108 98 101 104 92 76 59 37 26 32 19 20 24 21 36 37 27 13 6 21 36 29 24 13 13 30 25 10 8 10 1 14 14 25 26 26 38 22 19 6 22 42 29 27 32 29 29 15 22 26 34 14 23 30 24 
50 55 57 53 57 60 70 82 104 112 105 104 93 78 55 44 22 28 32 12 22 25 35 43 32 19 12 7 15 34 27 26 31 33 37 20 5 2 13 9 14 15 27 27 24 37 21 28 26 36 36 26 27 27 26 27 22 10 28 30 11 27 49 55 
63 66 59 57 57 64 71 88 110 120 112 111 100 84 64 61 47 45 31 17 15 11 17 24 7 9 20 26 22 33 17 19 31 48 53 39 31 16 17 6 13 18 28 21 21 39 32 41 31 24 20 28 32 27 24 18 32 19 31 37 20 23 29 39 
67 69 62 58 62 69 77 95 122 128 121 119 103 81 50 43 21 15 24 19 24 19 22 32 26 25 32 30 38 39 29 26 21 34 30 17 28 22 26 25 13 9 27 11 17 13 10 20 12 12 27 36 45 48 52 46 57 43 36 36 31 39 21 27 
81 78 69 64 71 84 98 115 130 132 122 109 92 69 43 34 40 48 50 51 53 51 42 39 22 10 8 8 29 37 29 31 26 29 27 12 26 15 17 19 12 10 22 7 19 9 12 12 12 26 31 31 40 41 49 41 44 19 12 20 20 33 12 17 
107 95 83 74 79 88 106 118 130 128 117 101 83 59 41 13 15 23 25 17 12 16 7 27 5 14 11 8 22 29 22 32 32 32 24 11 19 11 17 13 16 12 29 18 32 27 26 18 13 37 38 23 21 8 14 11 25 6 10 12 23 31 17 20 
111 109 100 90 86 95 107 119 126 124 104 85 62 41 27 12 12 16 20 13 15 17 10 27 13 26 15 17 32 36 17 22 41 50 45 31 9 7 23 20 31 26 34 30 39 31 32 25 22 42 38 22 26 9 8 10 17 12 13 12 17 21 6 6 
105 103 96 90 91 94 108 111 117 111 90 65 44 24 24 14 11 15 21 13 5 13 23 39 27 35 28 11 32 38 29 27 24 42 43 53 43 30 25 7 19 24 24 26 36 32 39 36 15 31 41 43 48 28 17 6 8 11 3 8 16 26 34 33 
111 106 102 96 98 100 107 106 100 86 65 45 27 17 25 14 20 28 29 26 18 15 11 26 15 29 34 19 36 42 26 38 36 45 26 24 31 17 23 15 29 31 29 22 25 29 45 42 15 34 61 80 82 73 65 53 46 50 45 44 33 27 17 20 
104 105 103 102 98 98 93 90 79 66 45 25 6 6 21 32 58 65 58 48 42 37 21 26 17 19 30 15 33 45 11 32 26 44 32 22 39 18 26 16 27 22 14 17 24 25 40 36 16 26 42 74 78 74 80 69 57 50 39 36 33 37 24 31 
90 90 95 94 96 88 81 69 60 44 33 19 14 24 34 53 70 52 34 28 32 37 15 19 15 6 28 24 32 39 15 30 30 44 30 26 35 20 26 20 31 34 34 27 20 15 35 28 15 25 32 61 45 36 50 46 34 34 20 17 16 32 12 20 
62 67 75 80 79 72 60 48 39 31 25 18 15 17 5 30 48 26 41 43 48 45 19 6 22 25 26 22 27 33 23 18 25 39 33 26 31 22 38 30 20 26 17 9 8 9 25 18 20 24 34 56 30 13 29 30 27 36 17 10 20 31 4 12 
55 54 64 73 73 66 54 41 24 13 20 15 17 23 6 28 46 48 53 46 31 24 18 24 31 38 31 24 16 27 43 46 38 34 19 17 19 26 51 34 17 19 22 16 2 5 17 15 11 6 31 57 45 38 27 27 28 25 19 3 11 34 39 43 
58 62 66 68 55 39 25 17 13 5 19 13 25 20 4 17 31 24 35 24 26 26 36 31 32 31 35 31 26 29 25 29 34 26 12 12 12 31 53 29 7 14 31 31 24 20 22 14 20 32 42 60 47 41 32 34 38 33 29 18 11 5 17 19 
33 34 39 38 23 15 12 13 19 13 19 17 22 29 21 26 26 23 19 20 21 16 6 8 22 12 25 17 20 38 22 29 28 32 13 6 6 34 55 27 15 15 24 17 13 17 28 25 27 24 12 35 30 45 51 55 55 45 32 25 23 18 19 16 
29 26 27 25 24 30 23 23 24 15 24 22 27 21 13 26 39 43 39 36 34 29 25 24 40 13 22 7 17 35 17 19 15 24 12 6 5 34 52 22 16 22 36 31 29 12 16 27 38 36 6 24 40 62 70 64 42 24 6 6 15 19 31 25 
26 24 22 19 21 31 29 27 27 19 26 34 39 36 34 22 13 11 9 12 12 12 7 10 43 22 17 8 18 31 22 13 26 31 17 2 12 34 42 19 28 32 38 28 37 29 20 19 25 32 13 10 22 20 14 12 12 14 19 15 20 17 25 22 
19 19 17 15 16 14 8 22 20 8 14 25 24 23 32 39 30 35 32 27 12 6 11 13 48 32 15 24 36 46 46 21 8 11 8 11 11 27 31 9 17 17 13 9 22 24 18 19 17 17 20 22 31 34 17 22 19 6 19 12 8 19 34 40 
34 34 32 36 35 30 24 26 19 2 13 23 24 29 29 37 9 17 13 13 13 6 14 15 36 34 23 20 17 20 41 16 17 19 5 19 12 27 34 11 14 20 23 24 22 22 19 26 31 32 26 15 31 43 22 36 19 7 19 10 17 17 22 26 
44 46 45 42 34 24 17 19 7 15 25 27 31 31 25 43 15 18 20 13 17 30 38 40 41 37 19 19 19 28 50 17 20 28 15 24 6 17 44 23 17 17 18 19 12 22 28 13 7 10 27 24 20 36 22 46 24 15 17 26 31 22 24 24 
16 15 14 21 23 32 37 32 22 24 29 24 11 10 25 47 15 18 16 24 42 36 40 42 36 34 29 32 41 42 60 10 19 40 25 34 15 13 53 24 19 17 9 13 14 15 32 37 41 30 32 22 22 43 40 54 20 24 18 26 32 29 38 39 
44 36 32 24 25 39 50 41 36 32 41 37 26 36 39 42 15 15 13 21 37 22 18 13 12 17 14 17 24 39 70 16 20 40 29 46 15 17 49 33 26 27 15 13 28 27 19 11 10 15 27 22 13 17 15 35 26 36 10 19 12 22 17 6 
27 21 39 36 20 24 36 31 39 41 47 50 29 39 30 24 7 19 29 42 54 37 34 24 13 10 21 36 41 41 72 19 22 45 27 51 20 24 31 20 22 31 37 32 20 20 10 7 11 12 20 18 20 20 23 35 36 41 14 25 15 33 26 24 
19 25 48 39 20 20 19 17 22 26 39 50 32 38 12 6 23 35 45 52 57 36 43 32 22 15 20 15 22 32 60 17 22 38 29 52 22 26 21 20 20 21 27 27 20 19 15 11 10 17 24 33 29 29 17 20 33 36 19 28 23 43 22 19 
31 34 52 46 34 35 26 20 20 9 24 37 17 18 17 32 44 39 32 34 36 15 37 27 12 16 20 24 30 28 60 24 15 26 12 41 29 24 20 18 23 32 42 39 32 29 22 11 11 16 13 19 19 19 20 24 32 29 21 35 26 46 24 19 
29 24 36 29 28 38 23 22 18 13 19 32 10 13 29 35 24 22 23 19 23 22 43 32 22 22 23 22 25 26 44 22 15 20 19 22 19 19 18 29 28 34 39 29 26 20 19 19 26 23 18 20 12 20 20 20 22 17 12 31 24 44 20 18 
53 46 43 27 21 29 18 20 26 21 23 36 15 17 42 39 12 13 20 14 22 21 34 28 14 19 27 29 44 39 34 11 24 37 38 32 19 12 22 42 37 29 26 16 17 15 6 5 10 6 11 26 25 17 20 27 28 24 17 31 21 42 36 38 
20 20 22 17 17 26 15 20 26 18 15 36 11 19 43 35 19 20 27 29 32 33 29 32 14 15 26 10 21 17 19 17 18 22 26 16 8 6 29 49 44 36 29 22 22 17 10 16 29 41 49 53 45 34 24 19 10 3 6 22 12 20 42 53 
15 16 24 21 25 29 17 27 32 16 8 33 5 22 38 38 46 41 49 53 55 54 45 36 19 12 24 13 19 17 18 19 29 43 41 35 19 16 34 48 38 26 22 27 26 29 27 33 44 60 58 58 43 31 19 19 29 31 35 37 31 29 40 45 
5 20 32 31 38 32 25 33 33 15 6 27 30 44 52 57 65 59 57 56 50 52 36 24 20 12 31 24 35 45 41 31 20 24 19 26 32 36 33 39 32 32 41 34 24 20 15 14 26 36 14 15 20 28 27 22 36 32 32 20 32 56 45 36 
17 26 26 20 20 19 26 38 32 19 24 29 39 38 31 27 31 24 24 17 8 28 24 15 18 10 29 19 14 15 15 20 26 36 41 39 32 26 16 26 28 34 32 22 13 12 15 22 26 40 18 25 32 45 41 37 40 32 39 25 42 71 48 32 
32 40 37 38 31 29 36 33 21 32 32 24 24 15 19 18 13 11 15 3 4 21 32 13 16 12 34 33 27 18 29 33 20 22 24 13 4 14 9 13 17 20 15 15 13 13 11 21 19 33 17 19 25 32 36 33 34 22 39 29 45 74 56 39 
37 43 37 38 28 30 32 19 21 31 24 25 29 30 24 12 12 10 14 6 12 20 36 19 18 11 17 33 31 18 27 31 13 19 19 25 15 8 6 13 22 29 26 23 17 17 12 18 22 34 21 26 33 36 38 26 17 11 37 29 35 58 55 41 
31 36 26 33 33 48 50 38 42 31 17 23 23 43 28 17 19 19 25 21 25 17 35 10 14 19 12 29 32 19 24 34 29 31 29 35 34 21 12 20 27 26 29 29 27 22 15 15 20 41 43 54 57 48 33 17 27 33 49 36 20 40 55 55 
31 28 13 16 15 34 27 24 43 26 15 29 33 50 34 27 34 37 47 52 55 49 46 22 8 19 4 25 33 31 29 32 32 32 26 26 33 26 22 38 31 6 17 9 30 24 14 24 33 40 50 59 53 46 24 19 29 32 38 15 16 38 54 54 
27 22 12 8 16 28 22 27 47 27 19 32 29 43 31 22 21 24 34 35 38 33 34 26 17 20 7 20 22 10 6 17 38 38 31 21 22 5 5 40 31 15 25 18 28 12 9 31 41 17 11 10 10 23 34 24 15 15 13 10 20 21 29 22 
24 16 6 10 20 26 23 27 39 28 27 32 34 26 29 26 26 39 38 19 22 23 19 21 19 18 11 19 26 10 12 20 36 45 36 31 27 22 19 38 24 20 32 28 25 5 29 45 57 41 34 26 20 26 49 34 17 9 5 12 8 17 31 34 
31 29 27 31 36 32 26 21 22 29 31 38 41 27 17 15 30 41 34 19 26 25 24 27 31 26 25 15 27 11 16 23 18 31 20 12 15 18 24 38 17 23 22 31 31 28 36 24 43 38 49 49 45 48 67 48 27 15 26 24 21 19 30 37 
29 30 33 34 45 50 42 31 20 6 8 22 31 28 16 17 35 48 36 19 26 26 16 19 29 28 47 40 38 21 12 31 20 36 39 34 32 33 31 36 26 32 22 35 40 55 48 16 28 44 62 57 32 41 62 46 40 19 38 21 25 20 38 45 
20 12 20 24 32 39 26 16 7 19 27 31 34 20 14 24 31 41 26 19 32 22 19 23 29 28 46 50 50 42 32 37 34 41 52 50 47 45 34 27 36 30 10 16 12 58 44 25 24 51 64 70 46 45 52 41 43 9 31 13 27 29 43 52 
43 29 19 15 22 39 30 26 20 32 44 55 53 30 26 24 27 35 17 26 32 22 24 32 28 21 17 12 9 19 16 24 28 22 30 22 20 31 24 27 50 29 12 25 20 65 52 30 28 45 53 71 54 50 50 42 43 20 34 29 29 29 46 50 
33 29 27 27 31 43 26 8 31 55 37 32 34 32 48 28 17 31 18 25 21 22 31 37 27 25 15 12 8 11 15 13 27 29 30 26 22 19 13 12 53 24 12 23 14 60 51 27 24 32 38 70 59 52 50 45 41 22 26 13 9 24 43 44 
38 26 13 13 24 36 26 10 36 68 34 20 22 30 65 38 12 32 17 32 10 22 29 39 31 35 17 13 16 24 31 20 18 16 26 24 19 14 10 12 49 19 5 21 6 48 52 32 28 17 19 57 40 34 28 32 26 17 21 20 22 11 27 31 
20 17 8 14 27 33 31 24 29 71 32 22 35 30 76 43 22 40 31 45 31 41 36 26 5 31 24 22 22 19 9 19 11 17 22 16 15 12 9 27 44 13 15 22 14 36 39 13 12 16 17 52 29 8 16 32 17 8 12 26 36 24 28 25 
13 15 17 26 42 51 63 65 38 57 20 33 53 29 64 41 13 32 20 35 13 19 34 34 19 24 20 32 34 36 12 22 8 17 29 29 30 27 9 33 38 13 13 21 14 30 35 12 5 24 22 50 36 22 30 32 13 6 10 36 39 24 21 20 
5 14 22 6 14 27 46 71 44 36 19 53 83 83 76 57 41 43 35 40 38 31 22 13 21 20 17 23 8 32 14 20 9 14 18 22 20 29 16 46 37 16 17 22 19 31 35 31 31 32 6 47 32 24 31 27 13 7 21 50 52 50 57 62 
34 38 47 38 35 34 19 43 10 8 41 38 46 47 39 27 19 23 17 17 26 40 36 6 10 16 17 27 11 36 29 22 10 17 22 27 13 26 32 52 29 14 6 19 20 21 14 24 39 46 14 42 24 13 19 19 24 24 42 50 38 31 31 34 
55 49 47 42 43 49 42 38 16 7 46 33 9 15 10 5 13 23 17 8 14 39 45 27 15 13 13 26 14 17 17 14 17 24 31 34 26 36 46 52 24 27 11 13 22 11 19 17 36 54 25 35 21 13 13 2 9 25 48 45 26 7 15 21 
53 55 60 64 66 67 62 45 27 12 32 33 10 13 20 17 6 21 20 17 25 42 58 49 38 34 27 15 15 7 4 6 18 22 27 23 15 25 45 50 39 43 37 24 12 21 26 17 29 48 29 24 23 16 10 11 2 17 38 32 17 19 25 27 
20 24 33 39 46 53 63 59 47 27 20 28 27 22 22 30 19 26 26 22 13 21 43 50 56 55 45 29 24 16 13 11 13 20 27 32 24 32 41 32 26 32 45 35 19 26 19 6 24 42 27 24 29 25 33 37 23 11 29 32 25 22 15 11 
18 15 18 13 22 12 11 39 32 29 16 10 28 39 47 50 43 52 50 43 44 27 17 26 38 49 36 33 19 19 12 17 24 26 22 20 12 47 50 19 26 30 42 31 7 19 14 24 41 44 27 26 36 25 34 37 37 32 25 21 7 21 16 15 
19 15 28 37 61 63 63 57 34 6 19 19 6 19 29 33 20 37 31 27 38 32 27 24 20 39 28 26 24 15 13 19 34 28 22 19 17 62 50 13 27 31 51 32 20 22 23 42 53 46 36 41 56 35 15 16 21 22 8 21 29 44 43 45 
53 45 41 38 53 41 50 53 38 31 3 20 20 30 22 19 14 36 23 13 21 15 16 31 16 35 26 27 18 10 16 17 41 29 29 19 18 67 45 46 50 43 43 23 17 20 27 50 58 38 31 33 62 47 13 5 18 45 48 45 38 34 19 9 
26 26 26 32 48 22 25 22 23 38 10 9 13 29 17 13 7 30 20 18 26 25 33 44 26 27 22 29 20 8 12 17 38 22 31 15 6 59 31 61 64 58 55 35 26 12 18 43 46 30 31 39 61 44 15 26 41 58 37 27 5 17 31 36 
17 12 10 17 36 17 15 15 23 37 26 16 11 23 16 23 8 27 19 26 31 33 41 57 46 43 34 37 25 17 13 12 26 32 50 44 37 57 14 66 48 31 41 39 45 30 23 39 35 23 28 36 54 52 46 51 44 41 18 35 15 9 19 6 
11 9 10 23 44 39 24 12 16 27 29 17 10 20 19 30 15 24 11 5 10 9 8 29 27 26 18 36 22 24 25 22 7 19 38 23 14 33 11 69 47 7 13 5 28 24 11 31 20 23 26 22 34 28 34 33 31 32 19 48 22 5 24 10 
13 11 18 27 46 59 61 51 36 15 29 29 14 4 9 37 26 29 24 20 7 5 5 12 22 34 18 39 5 11 28 31 31 21 27 12 6 20 29 59 39 22 29 29 21 18 2 22 19 23 17 10 19 25 27 17 13 15 13 48 27 17 31 23 
34 28 27 22 28 36 48 43 49 33 26 36 28 21 15 31 26 29 19 19 13 14 20 20 33 49 15 38 19 24 38 24 39 31 29 21 13 14 17 43 30 31 30 30 12 15 8 7 15 11 14 29 39 44 31 16 19 34 41 55 36 17 21 14 
7 7 17 19 20 14 24 19 64 52 22 25 6 40 34 34 37 37 31 36 31 12 13 13 35 49 17 24 10 22 41 36 52 45 32 23 13 10 20 28 27 39 36 46 28 17 11 5 15 18 29 41 31 28 26 33 45 51 52 51 30 20 11 24 
26 15 13 17 17 16 29 22 74 53 26 25 11 55 43 36 34 32 27 36 36 21 24 26 34 45 20 19 20 15 34 30 48 36 26 21 19 23 20 15 3 22 20 54 43 19 13 6 18 17 38 54 24 21 32 46 53 39 32 33 19 31 19 23 

