# vtk DataFile Version 2.0

ASCII
DATASET STRUCTURED_POINTS
DIMENSIONS 65 65 65
ASPECT_RATIO 1 1 1
ORIGIN 0 0 0
CELL_DATA 262144
SCALARS volume_scalars unsigned_char 1
LOOKUP_TABLE default
28 19 10 19 24 9 17 34 18 24 18 17 28 15 17 16 11 15 4 9 22 4 11 4 12 16 17 21 19 10 8 12 20 18 9 12 8 6 6 11 15 19 18 11 7 5 8 11 13 20 20 21 8 4 15 17 12 8 5 10 10 16 15 16 
22 14 9 16 20 13 19 33 15 22 18 15 32 21 18 12 7 16 8 9 17 8 8 9 13 18 21 21 20 13 8 10 17 11 8 16 11 7 8 13 16 19 18 12 9 10 13 15 21 22 24 25 13 9 18 18 12 12 8 17 8 14 16 19 
18 13 10 15 14 5 16 33 17 21 19 17 38 32 21 12 10 24 19 11 8 9 11 10 5 7 12 10 18 17 6 6 13 19 21 23 17 16 13 14 19 23 21 17 11 13 19 24 25 22 24 26 15 18 26 26 12 7 4 20 13 12 13 15 
16 11 9 15 13 6 13 29 19 22 19 16 35 29 6 23 18 24 15 9 5 7 6 5 5 3 8 7 21 18 9 6 8 10 11 15 5 16 15 16 24 25 17 18 17 24 28 29 26 21 18 21 7 7 26 27 11 7 7 19 13 10 9 10 
15 9 6 10 9 12 18 30 27 26 19 15 29 29 10 30 15 20 16 13 9 7 6 9 4 1 11 12 28 25 10 2 10 14 8 11 5 20 17 17 22 22 16 23 25 27 22 21 16 9 10 19 19 21 34 32 23 24 21 28 21 12 14 17 
10 11 11 9 3 11 14 26 26 22 19 18 25 24 10 30 16 21 21 15 13 7 2 8 5 6 15 9 24 31 26 25 26 24 16 14 12 21 21 18 19 16 13 22 27 25 15 15 13 12 9 13 11 12 20 24 12 9 12 30 36 33 31 27 
16 22 26 26 25 28 22 7 9 8 8 14 21 26 25 30 22 19 12 14 15 8 8 8 6 10 15 7 13 18 15 17 16 11 5 5 6 10 13 15 15 15 18 29 33 26 13 11 14 15 5 8 4 10 10 15 16 15 11 9 21 26 34 40 
23 24 20 17 16 24 27 9 4 4 14 16 22 29 31 20 15 12 18 22 12 9 5 5 6 10 13 12 11 13 8 5 3 6 5 4 5 8 14 16 16 19 24 31 28 18 9 11 11 13 6 7 11 22 21 17 11 5 13 19 19 15 10 9 
13 18 13 12 10 19 26 9 5 6 13 5 9 18 20 14 7 6 14 15 12 12 10 11 10 8 8 13 13 13 11 10 7 9 11 9 7 13 20 23 18 19 19 21 20 14 13 12 9 12 6 3 6 18 2 2 5 7 11 12 10 9 8 6 
15 17 16 19 18 22 30 18 14 15 16 8 5 9 7 10 7 7 15 11 15 21 25 22 18 12 10 15 16 17 14 12 11 13 16 15 12 14 6 14 15 19 23 24 21 15 15 11 3 13 13 13 16 24 15 16 18 20 17 12 3 6 14 16 
11 9 11 12 12 15 26 20 17 15 14 11 10 9 9 9 5 6 20 15 12 12 11 11 15 20 22 21 18 18 13 12 11 11 15 12 12 21 19 9 3 10 12 14 12 11 15 15 5 6 12 6 3 21 3 4 9 13 9 18 10 11 17 8 
15 15 21 21 17 14 17 10 9 6 7 5 2 2 7 7 5 7 23 19 4 1 5 17 27 27 21 17 11 9 7 9 10 11 18 15 14 19 21 17 16 19 22 28 28 24 22 19 14 8 17 10 10 16 3 5 6 11 7 11 10 14 23 27 
19 17 16 13 10 5 12 7 9 11 7 7 7 10 14 11 8 8 19 21 11 2 6 18 29 23 14 9 5 4 5 4 1 7 13 18 25 29 30 22 18 16 8 10 10 12 12 10 12 1 15 1 4 9 6 1 6 10 13 12 10 10 10 9 
11 9 6 10 13 5 15 12 12 13 5 4 6 6 6 4 7 8 15 19 19 15 20 29 29 19 7 12 20 19 18 18 16 17 7 6 16 22 32 21 12 18 13 16 7 8 10 6 13 3 13 2 6 11 9 7 6 8 10 12 13 11 7 8 
4 6 4 9 13 9 11 8 11 12 5 11 20 27 31 32 25 17 14 12 17 21 31 32 21 10 5 18 17 12 9 6 6 12 6 8 18 13 20 22 18 22 10 12 18 20 23 14 13 7 8 9 13 15 11 9 8 10 10 17 16 17 10 11 
14 17 17 11 7 4 9 10 10 10 7 19 20 14 17 19 19 16 13 17 19 18 20 13 3 8 12 15 4 4 11 15 12 8 5 5 12 18 17 22 19 19 5 18 24 16 16 17 11 9 6 18 16 5 6 8 13 13 6 13 9 19 14 15 
8 6 9 5 4 4 9 12 6 11 10 27 29 21 17 16 20 11 7 8 8 6 11 4 10 15 14 12 7 8 15 9 12 15 17 15 13 15 9 21 20 20 10 21 26 16 11 18 8 6 8 22 21 7 3 5 13 12 1 8 11 17 13 15 
15 12 13 12 7 11 6 15 13 20 19 21 28 19 15 12 21 12 5 6 9 7 9 7 17 15 16 17 14 12 19 10 12 10 14 14 12 17 7 20 20 19 7 20 27 16 9 16 4 5 5 26 22 12 11 13 20 17 11 5 6 10 10 11 
13 9 10 7 11 17 9 13 17 30 29 13 21 24 31 15 18 11 7 7 10 12 21 30 28 19 14 10 14 14 19 11 12 14 5 9 8 10 4 16 24 22 29 37 34 18 18 16 2 3 3 28 15 19 24 18 19 11 14 10 5 4 8 12 
16 12 11 6 19 18 9 7 9 34 37 13 21 32 47 40 25 9 9 13 18 7 18 29 25 18 10 17 17 10 13 20 30 32 21 22 13 13 15 18 26 22 30 32 24 11 22 17 5 4 7 21 14 30 28 21 16 9 21 18 12 9 6 9 
23 21 20 18 27 19 10 6 8 33 35 18 17 10 27 22 8 13 10 18 23 16 19 15 4 12 16 21 11 15 17 25 30 27 25 36 18 9 12 12 20 5 14 15 6 9 19 16 5 2 6 12 16 26 22 16 15 18 26 19 17 24 27 31 
12 9 8 12 26 15 12 11 7 26 25 29 34 27 34 24 12 14 6 21 23 17 14 3 12 21 23 18 7 18 15 12 11 10 21 41 20 10 15 23 34 28 32 32 25 16 16 13 4 3 7 11 15 19 17 12 4 13 21 24 28 32 32 32 
14 11 10 12 21 12 12 14 4 16 14 17 26 18 21 12 7 12 8 25 27 17 5 4 13 22 19 9 3 19 22 10 10 10 22 42 20 12 13 21 27 11 19 22 17 9 6 9 12 10 6 5 16 13 12 12 9 13 7 6 12 20 19 17 
10 7 10 12 16 13 17 19 6 8 4 6 14 14 17 10 5 7 5 21 21 19 12 11 15 22 16 5 9 18 25 8 5 7 20 36 22 15 13 15 22 12 17 26 19 14 8 9 12 8 4 12 15 3 8 12 12 11 5 6 13 25 21 13 
13 9 12 15 18 14 12 20 4 6 5 7 6 8 9 4 9 9 11 21 12 10 12 12 16 16 12 5 10 14 16 15 23 26 23 19 16 24 27 27 26 23 19 30 24 18 20 10 11 7 4 14 12 15 19 25 27 18 15 12 22 33 22 10 
19 18 19 22 24 22 21 21 11 13 10 10 6 7 12 17 21 17 9 13 7 14 17 9 9 7 10 6 8 6 9 20 23 24 22 12 4 8 13 13 12 10 9 18 14 11 16 13 8 6 6 9 9 18 18 22 28 28 31 19 23 31 19 12 
19 18 16 19 18 10 4 9 11 12 14 12 3 2 10 17 21 18 15 5 16 24 29 23 20 13 5 2 9 2 10 19 16 17 17 15 14 11 9 9 15 22 30 37 31 19 11 8 7 9 8 8 7 9 1 9 13 17 29 25 28 33 25 18 
23 21 19 20 15 9 11 12 20 21 17 14 8 7 15 23 21 21 21 15 25 13 16 19 18 18 13 12 14 13 21 22 15 15 16 20 18 14 9 2 6 9 21 24 17 15 8 5 12 13 9 8 9 5 2 14 9 13 18 19 27 27 31 32 
27 25 22 20 15 16 17 14 17 18 18 21 21 20 22 25 12 15 13 12 29 20 7 2 3 8 11 16 22 21 17 13 4 6 5 12 18 17 13 8 12 14 19 15 5 8 11 10 14 15 16 15 16 6 3 18 5 15 15 18 27 43 60 72 
17 17 12 9 15 21 20 20 18 14 14 17 14 12 11 15 11 12 6 11 22 19 12 12 16 19 21 20 16 12 5 8 20 22 22 18 16 16 14 14 9 19 24 10 5 9 20 19 17 16 16 14 21 17 16 27 14 16 9 20 50 83 104 119 
12 10 9 12 21 30 25 21 15 6 3 13 2 10 6 9 8 6 4 11 14 18 27 20 13 14 16 16 13 11 9 8 20 17 22 21 13 15 18 20 17 15 27 6 6 12 22 19 15 12 13 9 15 13 16 28 16 21 14 34 78 110 132 149 
23 24 23 25 28 33 23 17 10 6 4 15 10 16 20 17 11 8 7 12 7 18 33 16 9 10 12 16 11 7 7 16 25 18 21 26 26 20 15 7 13 12 30 5 9 13 25 23 13 10 13 9 13 6 6 26 4 10 40 80 126 153 167 177 
31 32 30 28 23 23 17 13 3 6 3 12 13 8 7 7 7 8 10 10 9 18 26 13 3 12 18 17 16 16 12 18 30 24 18 21 24 24 26 19 21 20 34 10 15 15 21 25 14 8 13 3 12 2 6 28 15 35 91 140 183 198 198 193 
28 31 31 30 29 25 22 18 9 10 11 21 30 31 28 18 9 6 7 12 17 21 22 16 9 19 13 14 18 17 14 14 27 23 15 15 12 11 18 19 26 27 41 21 17 15 18 24 11 5 9 10 15 5 8 37 39 70 141 187 208 202 188 169 
17 21 22 24 26 22 19 14 13 17 14 15 19 19 18 12 6 4 8 17 23 17 11 16 21 29 18 15 12 6 11 7 19 24 28 25 21 17 11 9 18 17 33 14 4 7 13 19 8 6 5 15 18 15 25 62 80 124 193 212 196 170 140 104 
6 7 8 10 8 11 14 12 21 17 10 12 7 14 13 18 12 5 8 20 30 13 14 18 17 23 7 8 3 3 12 13 12 3 6 6 6 9 10 11 14 15 25 13 7 6 12 17 8 8 9 8 9 15 46 93 128 179 227 214 171 130 90 49 
24 21 18 18 12 13 9 8 15 12 9 14 9 8 11 25 15 6 7 19 38 20 22 23 18 18 6 8 6 7 3 12 15 15 14 10 5 5 11 11 9 13 20 12 10 13 11 16 5 12 10 4 13 34 76 131 175 209 223 188 134 94 60 34 
35 32 26 26 23 6 6 11 14 16 9 12 8 8 10 26 15 3 14 12 33 19 22 23 17 9 10 12 8 10 8 12 6 1 1 6 12 12 17 17 18 12 16 12 8 8 6 15 3 10 8 14 47 84 132 187 217 215 191 136 76 39 17 5 
15 18 18 23 31 15 7 8 8 12 10 14 6 11 15 25 18 9 12 10 26 14 15 16 15 11 12 9 6 15 18 21 13 9 5 13 15 9 15 17 21 18 20 17 12 12 13 20 14 19 29 58 102 138 179 217 217 189 145 85 31 4 13 21 
1 7 4 10 25 16 10 7 6 14 15 16 8 11 6 21 17 10 12 12 21 18 17 22 23 11 12 10 13 17 17 18 9 13 12 19 13 4 7 9 12 9 13 8 2 4 3 12 14 32 56 98 141 168 199 215 195 151 99 51 23 14 12 7 
4 13 12 15 27 21 15 11 9 18 20 21 20 27 26 32 30 20 17 19 12 13 14 24 27 17 14 10 19 20 20 22 12 12 17 21 9 6 4 6 11 5 9 5 1 3 5 9 29 51 85 144 182 194 202 195 154 100 52 22 17 18 19 24 
13 16 9 12 22 17 10 6 14 23 25 26 17 18 17 22 23 13 15 19 15 13 11 21 24 20 20 4 17 17 14 16 5 12 19 21 11 12 9 9 15 8 13 18 17 10 10 22 68 101 145 202 214 193 173 145 95 45 15 9 14 16 14 18 
20 13 8 13 15 12 13 14 20 20 21 21 14 16 12 15 19 12 14 18 18 19 16 19 20 16 18 7 16 15 13 12 6 10 14 16 5 8 3 9 20 11 11 19 28 28 23 53 118 158 198 230 199 148 113 84 46 21 8 4 11 16 17 21 
11 10 9 14 5 6 12 11 16 12 15 15 9 10 5 14 19 11 12 15 14 15 15 16 16 12 15 6 11 13 16 21 23 19 15 15 6 8 9 15 26 21 18 20 12 32 53 98 166 190 203 204 146 88 59 41 30 24 16 9 14 17 18 22 
26 23 22 24 12 15 16 16 16 11 13 12 7 8 3 13 20 6 10 14 14 17 19 13 9 11 20 21 22 17 7 8 12 12 10 8 4 9 11 7 20 13 15 26 26 61 99 151 210 213 192 158 89 41 21 24 33 34 31 16 7 11 12 17 
10 13 21 25 13 12 9 10 11 9 14 8 8 10 10 21 22 9 8 11 13 12 17 7 5 6 13 20 26 25 24 18 9 3 2 2 4 6 12 12 23 16 12 20 44 103 152 202 240 218 170 114 52 22 15 18 27 31 34 17 4 8 11 13 
4 7 18 22 14 12 10 9 11 11 18 14 15 9 5 18 16 8 7 11 14 14 11 7 14 18 15 12 13 5 14 17 12 4 4 4 5 7 11 11 20 7 26 52 101 167 211 239 239 187 122 68 31 27 24 33 40 46 47 20 10 1 7 13 
9 14 20 17 10 9 8 8 11 12 19 13 17 16 11 20 15 8 8 11 9 11 5 14 14 17 22 21 17 7 9 16 14 11 12 11 11 7 7 5 13 29 61 103 162 218 238 229 186 120 57 11 22 19 20 27 34 34 25 7 19 19 26 25 
13 16 18 15 12 12 9 7 12 13 15 5 10 14 15 21 14 7 6 8 7 5 1 15 17 15 18 23 21 15 10 13 11 9 8 9 7 8 9 8 19 51 91 145 196 224 215 176 118 63 14 15 24 14 20 21 23 20 13 19 23 20 19 14 
18 19 15 9 10 7 7 4 12 18 12 4 10 15 19 18 12 9 10 15 16 14 13 14 18 21 21 26 29 32 25 14 13 12 7 12 11 10 12 23 58 103 146 195 218 208 176 129 80 46 28 29 30 25 35 34 28 21 10 23 21 16 14 12 
17 19 16 10 15 9 12 5 13 25 10 10 11 15 19 14 11 13 14 14 12 11 14 16 17 21 13 16 10 13 17 3 11 14 9 13 12 17 28 58 109 155 189 218 210 168 126 83 41 21 21 26 28 25 31 25 16 13 16 31 23 15 10 6 
18 21 21 15 20 16 19 13 14 31 16 15 13 12 15 16 18 21 21 18 17 14 12 8 4 15 13 17 11 5 19 7 12 13 13 19 17 30 51 91 149 182 194 195 162 103 64 41 27 24 18 16 15 3 16 20 27 32 35 36 20 8 3 8 
16 16 16 8 16 14 18 13 10 27 18 20 19 15 9 4 8 15 14 13 15 14 12 10 7 10 13 13 11 5 16 15 19 18 20 22 23 51 86 136 192 205 186 157 110 55 26 24 26 22 15 10 10 2 9 15 23 25 27 24 7 3 9 12 
14 8 15 4 11 15 15 13 6 21 17 22 25 22 17 14 13 14 13 12 9 5 6 12 15 5 11 15 18 15 5 3 4 10 7 13 28 81 129 176 211 199 155 111 72 37 19 13 17 12 7 9 13 12 11 14 11 11 14 11 10 12 15 17 
5 7 15 6 8 14 9 11 7 14 13 17 18 15 8 7 16 15 13 16 15 11 9 3 18 15 14 15 21 27 23 13 9 8 17 37 66 127 170 193 195 163 111 71 49 34 29 19 14 8 12 14 10 8 11 15 10 9 9 10 9 4 8 11 
18 21 22 18 17 18 10 10 18 17 16 18 23 17 12 4 15 18 12 10 6 8 14 12 13 17 16 9 6 10 16 15 18 35 70 104 138 186 209 196 170 133 84 49 36 27 26 21 15 13 10 11 6 9 10 10 7 8 7 8 10 17 24 30 
26 29 25 22 20 18 15 15 21 20 16 16 27 12 15 4 15 22 12 12 5 3 6 5 5 14 17 11 10 9 20 24 29 57 104 141 178 216 214 179 142 105 62 37 28 19 17 17 11 13 13 10 5 12 1 5 7 6 5 5 7 11 10 15 
18 21 16 17 11 9 12 7 11 17 11 12 28 11 17 4 7 21 14 10 8 7 5 2 2 10 17 10 9 7 22 36 50 87 138 170 193 201 171 124 89 59 30 22 19 8 11 11 9 11 10 5 4 15 5 6 6 6 9 15 20 15 9 11 
3 10 3 14 11 10 16 10 9 16 10 13 29 13 17 12 5 15 5 5 8 10 10 9 6 2 15 15 17 18 36 70 101 146 196 211 201 174 126 75 50 33 16 18 16 16 18 17 15 7 6 3 3 16 3 12 7 6 9 6 22 17 10 9 
6 7 5 6 6 6 11 9 7 15 6 6 24 15 15 15 11 13 6 5 7 8 6 3 7 7 9 15 20 29 67 118 156 200 231 210 171 135 89 52 42 31 15 5 19 29 27 27 21 12 2 1 0 14 5 12 5 6 9 8 20 18 18 21 
5 5 8 11 9 3 6 6 3 15 6 7 12 4 3 13 16 14 17 7 6 7 5 4 8 8 8 8 14 45 103 157 186 208 202 147 96 68 34 15 19 9 10 16 21 23 18 17 13 20 5 6 7 13 13 17 14 9 12 11 18 20 24 26 
9 7 8 8 11 11 12 15 14 20 2 6 9 12 17 20 20 13 20 14 6 9 10 10 13 14 15 19 27 64 124 172 185 184 157 93 46 34 17 8 18 13 17 17 13 9 3 8 6 22 5 6 5 14 18 15 14 12 17 10 9 12 16 16 
7 6 5 6 19 21 18 22 26 31 15 6 8 13 11 5 11 4 18 15 3 5 9 11 12 14 18 25 45 87 147 188 186 171 134 71 34 23 12 4 11 8 14 19 15 12 9 9 9 27 11 12 9 18 22 13 14 13 18 10 7 15 19 23 
12 11 9 8 22 22 15 15 22 31 19 9 11 17 14 5 10 7 15 14 3 6 8 12 12 17 18 28 53 106 169 194 181 154 101 37 16 10 8 7 8 5 14 22 13 9 10 8 15 33 5 12 8 18 21 12 14 12 15 10 13 17 20 24 

22 11 4 13 23 18 23 37 27 27 20 20 27 16 18 16 13 17 7 12 25 10 14 14 12 8 14 16 16 9 10 13 20 20 8 3 6 9 7 14 18 24 23 18 15 11 12 10 16 15 21 25 6 1 7 16 5 3 3 6 11 13 13 15 
18 10 5 10 18 14 19 33 21 23 18 16 29 18 16 12 10 17 9 11 21 13 12 15 15 15 19 18 18 13 8 12 17 15 15 16 14 11 13 18 20 24 23 19 17 17 19 20 25 21 24 27 12 8 10 18 9 8 7 9 8 11 14 16 
18 14 9 11 13 8 15 31 21 21 18 14 32 25 13 9 12 23 17 12 12 12 12 12 9 8 11 9 19 18 6 8 11 16 20 19 16 13 15 20 23 28 27 23 18 18 21 24 25 19 21 24 11 13 15 20 12 10 11 13 11 10 11 13 
21 16 12 12 11 7 12 26 20 19 15 11 30 26 7 20 17 21 14 10 5 8 4 5 3 5 8 7 23 22 10 10 9 9 12 13 8 10 15 21 27 30 24 23 21 25 27 27 22 16 13 18 11 13 18 20 10 10 12 12 8 6 5 7 
23 18 13 9 4 9 13 25 21 17 11 9 27 29 13 24 12 17 15 13 6 9 9 10 6 5 8 6 26 26 8 5 9 13 12 15 11 16 18 22 27 27 21 23 24 27 19 18 14 6 5 16 21 24 27 24 20 22 22 19 14 8 9 12 
20 17 15 9 3 12 14 26 26 18 14 14 24 28 15 25 13 17 18 14 9 10 6 9 8 9 14 8 23 31 23 21 23 21 16 15 14 19 20 21 24 20 13 20 23 22 11 9 9 10 6 9 13 16 14 14 14 16 20 25 30 28 27 24 
20 20 21 20 21 25 16 7 13 7 8 12 22 29 28 28 19 15 12 11 8 9 8 9 10 12 16 11 12 18 13 15 14 9 6 6 10 12 14 19 20 16 13 21 24 22 11 5 8 12 4 6 11 15 11 9 12 12 12 6 17 20 27 31 
18 17 14 14 18 27 24 11 9 4 12 10 18 24 27 20 13 7 8 12 6 10 9 11 12 15 18 17 13 12 6 7 3 3 6 6 10 12 15 19 19 18 18 24 24 22 15 10 10 12 9 10 15 22 19 16 13 5 12 17 20 19 15 11 
6 10 10 12 13 20 23 10 8 5 9 3 4 12 14 12 8 6 11 12 13 13 14 16 17 15 14 16 15 11 7 8 3 5 12 11 12 16 21 24 19 17 14 17 21 20 14 9 7 12 8 6 10 16 3 2 6 4 9 12 11 9 10 8 
14 16 17 19 18 20 26 17 14 13 11 8 5 8 4 10 7 5 15 15 20 24 26 24 23 17 14 17 17 16 12 12 9 12 19 17 14 15 8 17 17 18 23 23 22 21 14 7 4 14 15 15 19 25 15 15 16 17 17 11 4 6 15 18 
14 12 13 13 13 13 21 18 16 14 13 12 9 9 5 10 4 5 21 18 16 17 16 16 20 19 19 19 16 16 13 16 15 16 22 17 16 21 16 7 5 10 17 20 19 18 13 10 5 6 10 4 4 20 5 5 10 13 14 17 10 10 16 9 
14 13 15 13 9 5 12 8 7 10 9 9 7 6 2 7 1 6 24 18 7 9 11 19 27 24 19 14 8 7 7 13 14 15 23 19 16 19 19 17 17 18 21 24 23 20 15 14 12 8 15 11 10 15 6 4 8 12 14 12 9 9 18 22 
16 13 10 9 10 5 12 6 6 15 6 8 8 9 13 14 12 9 19 17 5 9 10 20 29 22 13 8 4 5 6 6 3 5 15 18 23 27 26 20 16 13 8 7 6 11 7 9 9 3 13 1 6 9 10 4 7 11 18 17 14 11 8 1 
6 5 6 11 14 7 13 8 8 15 6 8 6 6 6 7 7 6 13 15 12 13 18 27 27 18 7 12 19 19 19 17 13 12 6 7 17 23 28 16 8 15 14 16 8 7 6 6 9 4 13 5 8 9 10 8 7 9 14 15 16 12 9 8 
6 9 10 10 13 10 14 9 9 13 1 10 17 23 25 26 21 13 11 13 17 21 29 29 17 10 7 21 19 16 14 11 10 10 5 7 16 15 17 17 15 20 10 10 13 14 18 11 11 12 15 15 18 18 13 12 7 11 15 21 21 17 17 19 
10 12 13 10 5 4 11 10 10 9 4 15 14 14 16 19 18 13 12 17 19 19 19 10 3 6 11 15 2 7 10 8 5 3 3 6 13 17 14 18 18 20 4 16 19 16 16 12 9 12 18 23 15 10 9 9 9 12 11 16 10 11 14 15 
5 3 5 3 3 3 9 10 7 9 7 19 20 16 14 15 15 6 6 8 9 9 10 2 8 15 16 13 8 11 15 11 16 17 17 14 12 15 11 20 21 21 10 20 19 12 8 12 7 9 16 23 15 7 3 6 12 14 9 7 6 13 17 21 
15 13 14 15 11 10 6 10 11 15 18 17 19 14 12 13 19 8 4 5 7 8 8 7 18 17 19 18 13 11 16 7 10 9 12 12 11 15 12 20 17 15 6 21 24 13 6 11 3 6 11 22 14 9 13 13 17 15 9 4 8 10 16 19 
14 10 12 10 11 15 11 9 12 23 26 15 13 16 24 12 18 12 7 3 9 15 22 28 26 16 9 3 11 10 15 8 10 11 5 9 9 9 7 17 20 19 28 34 30 17 16 12 2 4 8 22 11 19 22 16 16 11 15 8 6 7 12 16 
19 14 12 7 19 19 15 14 13 29 34 18 19 26 37 33 24 12 12 9 15 10 20 27 23 15 7 15 15 6 8 14 24 25 18 20 12 10 12 19 22 20 28 30 23 14 21 14 3 1 4 15 18 29 27 20 16 12 19 12 9 11 10 10 
20 18 18 15 26 16 8 8 4 27 34 22 23 16 20 16 11 16 14 17 21 15 15 13 11 13 14 18 8 12 11 19 24 22 23 33 16 8 12 16 17 8 13 13 7 12 19 14 5 2 4 9 17 23 20 15 13 18 23 14 10 18 21 23 
11 7 7 10 27 12 12 15 8 23 25 25 34 28 28 21 16 17 11 18 21 15 11 8 16 24 25 20 10 18 14 12 12 11 20 38 17 9 14 19 25 23 27 26 22 15 16 10 2 3 2 6 14 15 12 9 7 18 22 21 24 29 31 30 
14 10 10 12 21 8 6 13 5 15 16 15 24 21 17 12 11 14 12 24 26 15 8 10 17 25 20 12 7 21 21 10 10 11 21 38 17 9 10 15 20 9 19 18 12 5 5 11 13 11 7 4 13 9 8 9 11 15 13 12 16 22 23 21 
10 5 6 9 13 8 11 15 7 11 9 6 13 13 12 9 8 9 6 21 20 15 14 12 17 22 15 8 10 19 23 8 8 9 21 32 16 9 8 11 16 9 19 24 16 11 8 9 11 8 3 11 13 3 7 8 12 12 10 10 16 25 22 15 
12 7 8 12 14 8 6 16 3 8 6 4 6 6 7 4 10 8 9 21 11 5 9 9 14 14 9 7 10 14 15 14 21 24 23 17 13 21 24 24 21 19 21 30 23 17 19 9 13 7 3 12 10 13 18 21 23 16 12 13 23 31 24 13 
17 14 15 19 19 17 16 17 5 7 6 5 5 5 8 14 19 14 8 15 7 12 13 6 8 6 8 6 8 7 9 17 20 21 19 9 5 8 12 12 9 11 12 21 13 10 16 12 11 2 3 10 9 18 18 20 25 22 21 17 24 31 21 14 
16 14 12 15 12 9 10 10 12 12 11 7 3 3 7 15 19 16 13 7 12 20 24 20 16 9 3 4 9 6 11 17 16 18 18 17 16 14 11 11 14 20 26 32 23 13 9 3 8 6 1 8 8 10 4 9 17 15 22 21 28 35 33 30 
23 22 20 18 13 13 15 16 21 19 14 9 8 6 12 21 17 19 18 11 21 15 15 17 16 14 9 8 10 10 17 18 12 14 15 18 18 15 11 3 5 8 17 22 13 12 4 4 12 9 5 6 10 7 1 11 12 8 12 14 24 36 48 56 
25 23 21 19 16 20 19 16 18 16 14 15 17 15 19 24 12 17 13 9 22 17 8 6 7 10 11 13 16 15 14 12 7 9 9 8 11 13 13 10 12 13 16 15 7 9 10 14 14 11 12 14 16 10 6 14 7 11 11 12 35 62 85 102 
16 15 13 10 15 22 20 20 15 9 10 15 13 12 11 15 12 15 10 12 17 16 14 15 18 20 21 18 14 10 6 5 13 15 16 12 7 13 16 18 10 16 20 11 7 11 21 21 16 12 12 11 18 16 17 24 14 12 7 32 72 105 132 150 
12 9 8 9 18 26 20 18 12 4 3 12 6 14 7 11 14 13 11 12 10 16 29 18 11 13 15 18 13 9 7 6 17 15 18 18 9 9 17 23 19 15 22 8 8 12 23 17 8 7 9 8 14 13 16 25 16 13 23 62 108 137 161 177 
22 21 20 21 23 26 18 16 11 8 6 15 10 18 19 16 15 15 13 13 4 14 34 20 14 15 17 19 13 9 5 12 22 16 18 24 24 18 14 8 14 10 23 5 9 11 22 17 6 2 9 9 13 8 8 24 10 21 63 110 155 174 185 189 
31 31 28 25 19 18 14 15 7 7 5 13 12 8 8 9 12 13 13 10 5 14 26 17 9 13 15 14 11 10 7 12 25 21 13 17 19 22 25 18 20 18 26 12 15 12 18 17 5 1 10 3 9 1 9 31 32 62 119 167 201 203 197 186 
22 26 25 25 25 22 20 19 8 9 8 16 24 25 22 14 7 9 9 9 13 17 19 18 11 16 12 12 14 14 13 12 24 23 14 15 11 11 19 18 23 23 31 19 15 12 15 16 4 5 8 9 13 8 16 49 64 102 166 203 212 196 177 153 
13 17 17 17 20 18 15 14 9 15 12 13 16 15 13 11 4 8 8 12 19 14 10 18 20 25 19 15 10 7 11 6 15 18 18 18 15 12 9 10 16 15 22 9 4 7 13 12 5 6 2 10 17 20 41 83 111 153 208 216 192 159 124 86 
9 8 11 12 11 10 11 13 14 16 12 14 8 13 11 18 11 10 9 17 27 9 12 15 12 20 7 8 1 2 9 11 10 5 5 5 5 7 7 12 13 14 17 9 7 5 11 11 7 6 8 11 17 32 71 121 157 197 228 206 160 116 75 37 
21 18 17 17 15 12 6 10 10 13 9 13 9 9 10 23 10 10 3 13 33 12 19 16 14 16 5 9 5 3 2 11 13 13 12 10 7 7 11 12 9 10 15 11 8 8 6 10 9 11 11 13 32 61 107 160 193 212 212 171 119 80 50 29 
29 27 21 20 21 7 9 12 10 13 5 10 7 9 10 24 12 8 9 12 31 18 23 17 13 8 8 13 9 7 7 12 6 6 6 9 13 11 16 16 17 9 13 12 7 7 6 12 10 13 15 32 71 112 159 206 220 206 175 121 65 34 14 4 
13 15 13 16 25 12 6 7 6 12 7 12 5 9 8 19 13 9 11 12 24 15 16 9 10 9 13 14 12 12 15 19 12 9 3 14 17 10 15 15 18 13 15 16 11 10 11 17 17 28 45 79 128 164 198 223 210 174 128 71 25 5 14 23 
7 10 8 11 23 14 6 4 4 11 12 13 5 6 6 20 19 15 16 16 19 15 15 14 15 11 16 16 15 13 14 19 9 11 6 19 16 5 7 5 12 8 12 12 3 2 4 13 27 49 77 122 166 188 204 208 178 131 83 40 16 8 11 8 
7 15 14 17 26 21 13 10 8 13 18 19 16 21 23 29 30 23 20 23 17 16 18 19 19 15 16 17 21 17 17 21 9 11 13 21 12 6 4 5 12 6 9 9 5 9 11 17 45 72 109 163 195 197 194 178 133 83 42 15 14 14 16 20 
14 18 13 15 21 16 6 3 9 16 23 26 16 13 9 19 22 13 17 21 19 18 18 19 17 18 18 8 18 14 13 16 5 11 16 21 12 12 9 9 16 9 12 17 17 14 18 36 85 122 164 211 213 186 161 128 80 40 13 7 16 19 19 23 
15 11 9 14 14 12 13 14 18 17 22 25 15 14 8 12 19 12 14 20 22 24 22 20 15 13 17 7 16 12 12 13 4 10 12 16 7 7 2 9 21 11 6 13 25 31 38 73 137 174 206 227 191 139 105 73 40 22 8 6 17 19 20 27 
11 9 11 17 7 9 13 14 15 13 18 21 10 10 5 8 18 8 11 14 15 17 18 16 12 10 14 5 12 9 13 21 21 18 13 14 9 7 7 13 25 20 20 20 26 53 79 123 183 199 202 194 134 81 57 36 25 24 15 8 20 22 23 29 
18 18 20 23 12 15 15 17 15 10 14 14 8 9 7 10 18 6 6 11 11 12 16 9 9 14 20 21 21 14 5 8 15 14 12 10 6 9 12 10 21 12 13 25 44 88 125 170 215 208 182 147 82 42 26 21 27 31 27 9 13 18 20 26 
16 19 23 24 13 12 7 9 8 6 11 8 7 10 12 18 18 8 5 7 8 7 15 2 2 8 17 23 26 25 23 17 9 3 4 5 4 6 12 7 21 7 12 31 69 128 169 206 229 201 155 106 52 28 21 18 21 28 29 10 9 15 20 22 
18 20 24 23 15 10 6 5 6 7 15 13 14 11 7 12 13 11 8 9 11 12 13 4 10 14 10 6 5 5 14 18 15 5 5 6 5 8 13 9 18 17 45 75 125 186 216 229 220 169 111 64 32 29 29 33 36 40 38 15 11 7 13 14 
20 22 24 18 12 8 3 5 8 9 18 13 16 16 11 14 14 13 11 13 11 9 8 9 11 14 18 16 12 9 12 21 17 11 11 10 8 6 12 7 20 48 86 128 182 227 230 209 167 106 52 15 21 23 24 24 25 26 19 12 19 17 22 20 
21 21 19 13 10 10 7 6 9 10 15 6 10 13 14 16 14 12 11 12 10 3 3 11 15 14 14 16 15 13 10 19 16 12 10 11 7 8 17 20 40 80 123 167 205 219 196 154 102 55 15 14 24 22 22 18 17 14 14 21 22 18 18 12 
22 20 14 8 6 4 8 3 9 16 13 6 10 14 16 12 13 15 15 15 15 11 11 12 16 21 19 20 23 27 21 14 14 11 9 13 8 10 24 44 83 131 172 205 214 194 156 112 72 45 26 26 27 24 27 25 18 13 11 22 20 15 13 11 
16 16 14 8 10 6 13 3 9 22 8 7 7 13 15 11 12 12 12 10 11 11 15 18 20 25 17 13 10 13 17 5 11 13 8 12 11 21 45 80 131 176 201 213 198 154 109 72 41 24 19 23 24 20 21 16 11 14 18 28 20 12 9 7 
16 17 18 13 15 15 18 12 14 27 14 10 7 9 12 12 12 12 13 12 13 12 13 11 8 15 9 11 9 3 17 6 9 11 9 15 20 42 74 117 170 196 195 184 150 92 54 37 25 21 15 13 14 5 11 18 25 29 29 29 16 5 3 6 
12 11 15 6 10 13 17 12 11 25 16 16 14 12 9 3 3 9 11 11 14 12 12 9 10 11 10 11 9 5 12 10 12 13 15 22 33 71 113 159 204 206 176 143 99 47 22 23 22 17 11 9 12 3 5 15 21 21 21 18 4 4 10 14 
7 5 15 4 9 15 12 11 7 20 12 15 16 15 15 14 11 10 12 10 9 9 10 13 16 4 6 9 12 10 3 4 5 9 9 24 52 110 155 190 212 189 139 97 64 33 20 21 23 14 10 10 14 11 12 15 9 8 9 7 11 11 14 18 
10 12 15 6 8 12 7 9 7 15 11 14 15 11 7 8 12 12 10 12 10 9 9 5 17 13 12 13 17 21 16 9 8 1 28 58 96 155 187 194 187 149 95 60 44 29 24 21 17 11 13 13 11 10 11 13 6 4 6 8 7 2 9 13 
20 21 20 15 13 13 7 6 17 13 11 14 22 17 9 2 8 14 6 6 4 8 15 13 13 18 14 12 11 13 12 11 20 41 83 122 159 202 211 188 159 118 72 45 34 24 23 18 15 14 13 11 9 13 11 10 5 5 4 5 7 12 18 24 
26 27 23 21 19 16 15 14 21 14 9 10 26 15 10 3 8 16 5 9 4 3 6 6 7 14 12 9 10 12 18 25 39 74 124 164 195 220 207 167 129 90 52 33 24 15 13 11 8 11 14 9 6 15 5 5 6 5 6 7 8 9 9 14 
17 18 15 16 12 9 11 7 12 13 6 6 26 10 13 6 8 18 12 12 9 9 7 5 6 13 16 12 11 13 26 44 68 109 158 189 201 195 158 110 76 47 24 21 15 9 9 7 5 9 12 7 6 17 5 6 5 6 12 17 19 15 11 11 
3 7 1 11 6 7 13 7 6 13 3 4 24 8 14 11 8 11 2 7 8 13 14 9 4 6 15 16 18 26 48 84 120 162 205 214 195 161 111 65 42 27 17 18 14 15 14 14 12 8 9 6 5 16 6 12 7 6 12 9 21 18 12 9 
4 4 5 8 6 7 11 9 7 14 8 8 19 10 12 11 9 7 5 8 9 9 11 8 7 7 10 16 23 42 82 133 171 207 228 204 163 123 79 49 37 27 16 7 15 24 23 23 18 13 7 7 5 14 9 10 4 6 11 7 19 19 18 19 
6 6 9 13 9 6 7 8 8 15 10 13 15 7 9 12 14 12 13 7 9 10 12 11 9 7 6 12 28 65 121 172 196 207 192 139 90 60 28 13 15 8 12 18 22 20 14 13 12 18 7 9 8 11 12 13 10 9 12 7 13 15 15 15 
8 5 6 9 11 11 12 14 14 18 7 10 14 15 19 20 17 13 15 12 3 6 10 11 12 12 13 24 45 89 144 183 188 176 144 85 43 31 15 10 14 12 16 14 10 4 6 9 10 20 6 8 10 14 18 15 13 13 14 6 6 7 8 11 
9 7 5 7 17 19 18 22 26 29 17 11 14 15 14 9 4 5 15 15 3 3 12 14 12 13 18 35 64 111 164 193 182 156 118 62 31 22 11 4 7 5 11 13 10 11 11 12 13 25 11 11 13 18 23 17 16 12 12 5 5 11 17 22 
15 13 11 11 22 24 20 23 24 28 21 14 15 19 16 11 5 9 15 17 9 10 13 15 12 16 17 42 77 130 183 196 174 137 87 31 12 12 8 8 5 3 10 17 13 13 12 12 18 31 5 9 12 19 23 19 17 11 8 6 11 16 21 26 

11 3 9 11 20 9 10 23 15 18 11 11 18 8 14 15 12 16 7 15 30 12 9 9 11 15 18 18 15 10 10 10 17 17 9 12 9 13 12 10 5 9 12 14 17 17 18 10 15 11 22 30 9 7 3 12 9 5 8 12 14 12 16 21 
9 2 6 7 15 7 10 23 14 17 14 10 22 12 13 10 10 16 6 12 26 17 12 14 16 19 21 21 19 14 7 9 12 12 18 21 18 17 13 10 5 9 11 12 15 17 22 20 23 19 25 29 14 10 3 12 9 3 4 8 12 11 14 18 
12 10 10 9 12 5 8 21 16 16 16 11 24 18 10 12 13 19 11 6 16 18 15 14 12 13 15 14 21 19 3 9 8 14 19 18 15 12 11 7 8 15 17 16 13 9 16 19 19 16 21 24 12 13 6 11 8 3 3 5 8 10 13 17 
15 12 11 12 12 6 6 16 15 16 16 10 23 21 13 20 12 15 9 8 9 12 5 2 3 8 12 14 25 22 8 14 10 12 15 13 11 7 8 5 13 17 12 15 16 17 20 22 17 14 14 15 15 16 14 14 7 4 9 8 6 4 8 10 
18 13 9 6 1 7 8 15 16 14 14 9 19 24 13 20 6 13 14 13 9 13 11 9 9 10 13 13 24 24 7 12 14 17 18 16 15 14 10 7 16 17 10 18 19 18 12 13 10 10 8 13 18 20 18 15 12 15 16 11 9 5 9 10 
16 11 8 5 6 13 14 21 23 16 15 10 12 22 15 21 9 14 18 14 11 14 9 6 10 13 17 15 20 27 21 19 22 22 19 15 14 16 14 14 19 17 9 17 19 19 10 8 13 15 9 8 12 12 7 7 7 14 19 21 24 24 24 21 
16 13 14 15 15 15 8 5 14 7 9 9 11 24 26 24 13 13 15 14 10 12 8 5 10 15 20 18 11 15 12 13 13 10 11 10 12 14 13 17 23 18 10 14 14 18 15 11 17 17 10 11 13 12 9 9 9 10 13 14 19 21 25 27 
12 9 10 14 16 21 17 10 12 5 11 9 8 15 18 14 5 7 11 10 8 10 6 6 10 15 17 18 13 8 5 6 5 5 8 7 11 15 14 18 24 21 12 13 11 18 18 15 19 19 16 16 17 17 16 14 10 4 10 14 21 22 19 15 
6 3 7 10 10 17 21 12 10 6 10 12 4 4 4 5 0 4 10 9 10 8 11 15 14 11 10 12 15 9 6 7 5 5 11 9 11 14 18 20 22 19 9 8 13 20 18 16 18 19 14 13 14 13 5 4 3 3 6 10 13 11 10 8 
10 9 11 13 13 16 23 16 12 14 12 12 7 10 5 7 5 4 13 10 17 19 21 21 21 13 9 11 13 13 12 12 8 8 14 9 10 10 6 16 20 18 17 16 17 21 18 15 15 19 20 21 24 26 16 13 11 12 12 8 7 10 15 17 
14 11 9 9 13 14 21 18 15 19 17 16 13 14 9 7 4 5 21 16 12 13 12 15 21 14 13 14 10 12 13 17 16 17 20 15 16 20 16 11 11 8 13 16 17 19 14 12 10 10 11 7 10 21 13 12 9 8 6 10 8 9 15 8 
8 5 6 7 9 7 15 9 8 21 17 18 16 17 13 7 3 7 25 20 11 10 10 19 26 20 16 12 7 8 10 17 20 22 26 21 16 18 19 20 21 17 15 16 12 14 9 11 10 6 12 8 9 17 13 13 12 11 10 5 5 5 14 17 
13 12 13 16 15 10 14 6 8 24 15 15 14 14 12 13 12 11 22 18 12 12 12 22 29 21 14 9 6 5 4 7 5 7 17 17 16 21 21 18 13 9 3 3 3 10 5 8 8 2 11 6 7 13 16 13 12 8 9 10 10 7 6 4 
16 14 16 17 16 8 15 7 9 22 13 13 11 8 3 6 5 8 16 17 14 15 18 25 25 18 8 13 18 18 15 13 9 8 9 6 6 14 21 12 6 13 13 15 8 6 7 8 10 8 12 10 11 8 11 15 13 8 3 8 15 15 16 16 
17 14 14 15 14 13 16 9 9 16 5 13 16 20 20 20 15 10 12 16 19 22 28 25 15 12 12 24 22 19 15 9 5 6 7 6 10 11 12 12 11 18 12 7 8 8 15 12 13 17 18 18 23 22 16 17 12 11 9 17 21 17 21 21 
15 12 12 12 9 9 15 12 9 8 3 16 13 14 15 15 14 12 14 20 22 21 21 13 5 6 12 16 4 8 7 6 3 7 6 6 9 15 13 13 14 18 9 12 15 14 15 10 10 11 11 12 8 11 9 10 9 13 10 16 15 7 13 12 
10 6 7 9 9 7 10 12 10 10 7 16 15 12 10 13 14 10 12 15 15 15 15 10 11 15 19 15 10 12 13 14 19 22 20 17 14 16 15 19 19 19 12 17 13 8 6 7 9 9 10 12 4 5 3 9 13 17 13 12 11 12 17 18 
16 14 15 17 13 10 5 9 11 11 12 17 18 17 14 14 17 12 13 15 14 13 12 13 21 21 22 19 14 11 12 6 11 12 15 15 14 16 13 16 12 12 11 19 17 7 1 9 10 9 11 14 6 8 11 12 15 12 5 6 14 13 16 17 
13 9 12 12 10 10 6 6 9 18 18 14 13 15 21 10 15 10 13 15 18 20 23 27 24 13 6 5 14 11 11 4 11 12 9 12 13 10 8 12 13 18 27 29 23 13 9 7 6 5 9 16 8 16 18 15 15 10 11 4 11 11 10 11 
20 15 12 5 16 15 13 16 15 24 27 16 18 22 31 27 22 11 13 12 20 21 24 26 18 8 6 16 18 12 8 7 16 18 13 18 12 8 8 11 12 17 23 25 20 16 18 9 3 4 7 14 18 25 23 21 17 13 15 9 10 13 12 9 
20 18 16 14 25 12 7 11 2 19 25 18 22 18 18 12 9 15 14 16 24 23 21 16 10 10 15 19 15 17 16 18 21 18 18 28 14 5 5 8 7 9 12 9 9 17 19 12 6 5 5 4 15 18 17 16 13 18 21 11 6 12 15 14 
12 8 7 10 28 11 11 17 9 17 19 18 28 25 20 14 13 13 8 14 21 20 14 6 12 22 26 23 17 24 22 19 19 17 18 34 16 6 7 10 16 17 18 19 21 20 20 11 7 7 3 3 12 10 10 12 12 19 22 18 22 26 28 25 
14 9 11 11 23 8 5 15 9 13 15 11 19 21 10 9 13 14 11 18 21 14 8 5 16 23 18 11 10 25 26 17 17 17 19 34 15 6 8 13 19 17 16 9 10 12 15 17 15 13 8 5 13 7 7 10 9 15 17 15 20 23 26 23 
9 4 6 8 14 8 11 16 11 11 12 8 11 15 5 8 11 10 10 18 17 10 10 8 15 20 12 10 13 22 24 12 13 15 21 29 13 6 6 11 16 12 17 17 9 8 11 15 16 12 5 10 12 4 7 7 10 14 13 12 19 23 22 14 
12 7 9 10 12 7 8 18 9 11 12 9 8 10 4 7 12 10 11 20 12 3 5 3 12 14 8 7 9 15 15 11 15 19 20 18 14 19 21 20 19 17 18 24 15 10 15 7 16 9 3 12 9 11 15 18 19 14 9 10 22 28 24 12 
16 10 12 16 17 16 11 15 5 8 11 9 7 9 9 17 21 16 12 15 8 11 13 9 11 9 7 4 6 8 10 15 17 17 15 7 9 14 15 16 15 13 15 21 11 7 14 8 13 4 3 10 8 15 14 15 18 14 9 8 22 26 22 17 
12 7 7 12 14 16 13 13 12 12 11 10 7 6 8 15 16 15 12 12 12 17 22 19 16 8 1 4 7 6 9 16 17 18 18 16 16 15 12 12 12 15 21 25 16 9 8 4 10 6 2 9 10 10 10 9 15 13 15 16 27 39 45 49 
17 16 17 18 17 20 19 19 21 17 11 12 10 6 12 17 8 12 10 8 16 13 15 16 13 9 5 5 8 10 14 13 9 10 12 13 14 14 10 8 8 9 16 18 8 8 3 6 9 11 6 6 11 6 7 12 13 6 7 8 27 49 70 83 
24 23 23 22 21 24 20 16 14 14 13 16 18 15 19 21 8 13 7 1 15 13 13 14 12 12 10 9 10 10 11 8 5 8 11 10 9 9 10 12 13 12 14 12 2 5 8 14 11 13 13 14 18 12 5 10 7 7 7 26 56 86 113 133 
25 21 18 16 15 21 21 18 9 10 12 19 21 17 17 16 13 14 7 6 10 12 16 19 21 21 19 14 8 6 9 4 9 9 11 11 5 9 16 20 14 14 15 6 4 9 18 18 13 15 14 14 20 18 17 20 13 10 27 64 107 137 163 178 
24 20 15 12 15 22 18 17 8 11 13 20 22 21 16 17 20 15 12 8 5 14 28 19 17 17 16 15 8 6 7 7 17 15 16 17 10 5 15 24 22 14 17 6 5 8 18 15 11 13 14 15 18 18 18 24 21 26 57 105 150 171 188 195 
21 18 17 16 17 21 14 13 8 13 14 22 24 25 22 18 17 15 13 10 6 10 31 22 21 22 20 19 11 8 4 10 21 17 15 20 21 18 15 9 17 8 17 7 7 6 18 19 12 11 14 15 17 15 15 28 34 57 105 155 189 194 196 190 
30 29 27 24 17 16 13 13 9 13 13 20 24 20 18 17 18 15 12 9 6 10 22 17 15 16 14 13 10 9 6 9 22 20 7 11 13 20 25 17 22 16 22 15 14 9 14 18 12 10 12 10 10 11 21 47 68 106 161 203 219 205 189 169 
17 22 22 23 25 24 23 20 13 12 10 15 22 22 21 16 11 12 11 8 8 13 15 14 12 13 10 11 11 12 12 9 18 22 9 8 1 6 19 17 22 16 24 16 10 9 12 15 12 9 9 9 13 18 36 73 104 144 197 220 212 183 157 128 
8 11 11 11 15 16 15 13 9 13 11 9 8 9 11 15 11 12 11 11 13 11 4 9 11 17 14 13 9 10 13 10 11 16 11 10 7 6 9 10 16 9 14 3 5 7 10 15 15 9 6 9 18 33 66 114 148 185 221 214 178 136 98 62 
7 4 8 5 6 6 11 12 10 12 9 13 4 9 10 20 16 13 11 15 23 7 7 8 6 18 9 6 5 6 10 11 9 8 9 9 6 7 1 10 14 11 12 8 9 8 12 16 18 12 12 21 35 62 107 156 189 215 224 191 139 92 52 19 
14 13 14 10 10 6 6 10 6 9 6 11 6 5 6 21 14 14 8 13 30 9 16 15 15 19 9 5 7 8 9 12 11 8 7 8 3 7 6 9 11 9 12 11 11 11 12 17 20 18 23 37 63 103 149 191 211 212 193 147 96 58 32 21 
23 22 17 14 17 2 6 8 7 11 5 7 6 6 7 22 18 15 10 13 29 18 25 21 17 13 4 5 10 12 12 13 8 5 7 11 11 9 13 12 14 11 13 15 15 15 16 21 22 24 35 64 108 154 193 220 217 190 152 98 49 21 10 17 
14 16 12 13 20 9 7 12 15 15 10 9 2 2 5 19 20 16 14 12 24 20 24 18 14 9 5 7 12 17 17 17 13 10 7 16 16 9 14 13 15 12 14 17 16 15 16 21 28 44 71 115 165 199 218 223 194 152 106 54 14 4 19 29 
15 16 12 12 18 9 10 15 18 18 15 14 7 8 13 21 25 22 19 16 17 17 19 16 13 4 9 12 15 15 15 16 11 13 9 19 17 3 7 4 10 8 12 15 12 10 11 17 40 71 110 161 202 214 213 196 155 108 65 29 12 7 18 18 
13 18 15 15 20 16 17 19 20 20 19 18 14 18 21 25 28 23 20 21 15 15 16 14 13 9 13 18 21 17 17 19 8 12 10 18 13 5 5 5 10 5 10 12 12 13 15 27 65 100 143 194 216 205 185 154 106 64 31 10 13 11 16 16 
17 21 15 12 14 11 14 17 17 16 18 21 8 5 7 13 19 12 14 17 16 17 18 15 11 12 17 13 18 12 13 17 8 11 11 17 11 10 10 12 15 8 13 18 20 20 27 56 111 149 189 224 215 179 144 105 62 32 10 8 15 14 12 11 
16 16 12 12 7 8 14 18 18 12 13 21 7 8 10 7 18 8 7 12 16 20 21 18 12 7 16 9 14 8 9 15 5 10 10 15 9 9 8 15 21 8 6 14 29 40 55 100 163 194 217 223 180 127 92 59 33 20 7 10 17 13 8 9 
15 14 15 17 5 9 14 18 18 14 10 19 4 4 8 5 18 4 4 6 9 12 15 12 7 4 13 7 10 8 13 21 21 18 12 12 8 7 8 15 24 16 20 23 46 78 108 154 205 210 202 181 119 71 49 27 22 24 13 10 21 19 11 11 
18 18 21 23 13 16 15 19 19 18 14 14 3 6 7 10 18 7 5 5 7 9 13 10 11 12 16 16 14 10 7 11 17 17 15 13 7 7 12 16 23 12 18 33 74 122 157 196 223 203 171 131 70 37 22 15 23 31 23 6 13 17 12 11 
24 21 25 25 18 15 8 12 13 14 10 6 4 8 7 12 15 4 3 2 3 4 13 6 6 11 19 24 27 26 24 16 11 8 11 11 8 5 11 11 19 9 29 57 108 162 192 214 219 183 137 92 45 26 17 12 16 26 23 5 8 14 17 15 
23 21 24 23 19 13 4 9 11 12 13 12 12 14 10 12 15 12 6 4 8 11 12 2 5 8 6 8 11 12 17 21 18 11 12 11 9 7 12 3 17 39 73 111 163 211 223 221 200 149 97 55 28 23 21 24 26 31 28 12 9 6 10 3 
16 16 18 14 13 7 4 9 10 8 13 10 12 14 13 14 15 10 7 8 8 8 6 6 4 9 13 15 16 15 17 27 18 14 16 14 12 7 17 15 35 78 122 163 209 236 222 191 146 92 47 17 17 15 12 11 14 19 17 14 16 13 15 12 
10 10 9 7 6 6 9 8 9 8 11 6 7 10 12 15 15 10 7 7 9 8 6 9 7 3 4 8 10 11 13 25 18 15 15 12 8 9 27 37 68 119 162 195 216 211 176 133 87 50 20 15 17 13 11 9 9 11 16 19 19 16 16 12 
8 7 3 2 2 4 10 2 7 14 14 13 13 11 9 12 15 15 13 13 14 13 12 11 6 10 12 12 18 22 18 19 15 14 13 13 6 16 43 71 119 168 199 214 206 176 133 94 63 42 25 21 20 16 17 16 10 7 8 17 16 13 13 13 
9 10 11 5 7 8 12 3 6 19 16 16 14 10 8 12 13 11 9 8 11 15 18 20 16 20 18 14 14 12 15 12 12 16 12 11 14 37 71 114 164 200 208 202 177 131 90 61 38 23 17 19 19 14 14 10 2 5 10 20 15 10 11 12 
15 16 17 13 14 14 16 9 9 21 15 15 15 11 3 6 8 6 7 9 12 12 14 12 6 12 9 10 12 4 13 8 9 13 9 16 34 68 109 152 195 208 190 166 128 75 44 34 24 18 14 12 14 8 10 14 18 20 20 21 12 6 6 9 
12 12 16 8 8 12 13 11 9 20 13 14 15 15 11 6 2 3 7 6 9 6 7 9 12 12 10 9 10 7 9 9 9 11 17 34 62 111 156 192 218 204 160 122 83 40 22 26 20 13 7 6 13 8 9 17 20 18 16 15 4 4 9 12 
11 12 16 8 8 10 6 9 3 16 5 6 9 12 13 12 7 4 8 5 6 1 7 13 17 9 3 2 9 9 6 8 8 11 28 58 100 158 195 211 211 173 116 78 52 28 21 26 20 9 4 5 15 9 5 13 10 7 8 9 10 10 13 15 
15 15 13 5 4 5 8 8 8 12 3 5 8 10 8 9 12 11 9 10 7 3 9 11 18 12 4 9 13 16 14 11 12 25 60 102 146 196 210 196 173 127 74 48 37 23 19 18 9 5 8 9 15 13 8 10 6 5 7 8 4 1 9 12 
18 18 15 12 8 7 9 7 16 8 4 6 15 16 8 3 8 12 6 6 6 8 15 13 10 15 10 15 17 16 15 21 37 68 116 160 193 221 211 174 139 99 57 40 33 23 21 15 8 8 4 3 14 15 9 9 7 5 4 5 5 7 12 17 
21 21 19 18 17 17 18 17 24 12 5 6 20 13 7 7 10 14 5 10 5 5 9 10 5 13 12 18 21 21 29 43 68 111 162 196 214 221 192 144 109 74 40 28 19 9 8 6 3 6 6 5 12 15 1 2 6 8 8 9 9 6 5 8 
10 10 14 15 12 13 15 13 15 13 6 4 21 8 12 8 13 19 14 15 6 6 9 10 8 16 18 20 21 26 43 68 103 148 189 206 202 183 137 89 61 35 17 18 11 6 7 8 8 6 6 6 9 15 3 6 8 10 13 14 15 10 3 6 
5 10 14 16 11 11 14 9 10 17 9 5 20 4 14 8 13 15 12 12 6 11 13 11 5 8 15 17 24 40 69 112 153 189 215 209 178 137 87 50 33 20 14 16 8 12 13 14 11 6 3 6 9 20 16 17 13 11 11 8 17 12 8 5 
7 7 11 13 9 9 13 11 10 16 11 7 14 7 11 6 8 9 8 9 3 5 14 12 7 5 7 14 32 62 108 163 196 217 222 187 141 101 62 40 32 23 13 6 14 21 21 20 15 12 4 9 15 22 22 20 16 12 9 5 17 15 15 17 
6 4 8 9 6 4 10 12 12 17 10 9 9 4 11 15 13 12 11 2 7 11 16 13 5 3 4 21 50 95 150 196 209 203 177 122 75 45 19 12 11 2 11 18 22 18 12 9 8 15 9 13 19 22 23 21 16 10 7 1 11 9 8 10 
6 1 3 4 10 7 9 13 16 20 12 10 11 12 21 24 19 13 13 13 9 9 12 9 3 7 13 35 71 121 168 197 189 162 124 71 33 21 12 9 10 10 11 9 8 3 6 5 9 16 8 14 21 23 25 22 17 11 8 3 9 9 9 9 
15 13 11 9 12 12 13 22 27 29 20 15 12 11 15 15 12 4 13 19 10 11 12 9 7 10 21 51 93 142 184 199 175 136 96 49 22 16 8 1 3 2 7 9 6 7 5 6 13 21 12 15 21 23 25 22 18 11 6 1 7 9 12 13 
19 17 17 13 15 15 13 26 32 32 26 20 15 15 18 16 18 8 12 19 9 12 10 6 9 12 21 63 109 161 200 198 161 113 66 23 8 10 7 4 2 2 9 15 11 12 10 9 20 27 8 14 21 24 24 22 18 13 6 3 3 6 8 10 

21 15 17 17 22 17 19 18 10 12 8 9 16 7 11 11 12 15 9 12 24 14 2 5 10 15 15 13 11 5 9 11 15 13 7 14 10 15 13 14 12 12 11 11 18 22 21 12 9 10 23 30 12 8 10 9 15 9 7 12 13 19 14 13 
17 12 14 16 21 17 18 18 9 12 10 7 18 10 10 9 11 15 8 12 24 19 14 15 17 19 18 17 15 12 6 11 10 12 19 20 17 15 12 10 8 11 10 9 12 18 22 17 17 18 26 30 16 10 9 7 12 8 7 12 14 18 12 10 
14 11 11 12 16 13 15 15 10 11 13 6 18 15 11 14 14 15 6 3 17 21 18 15 12 11 7 4 18 16 6 12 4 9 14 12 12 11 9 6 6 14 15 15 8 7 16 17 17 18 24 25 15 10 7 7 9 4 3 3 4 11 11 13 
15 12 10 10 11 7 10 9 9 12 12 2 15 16 15 16 8 8 5 6 9 14 11 4 4 4 4 9 21 18 9 15 6 6 10 10 14 10 7 2 9 14 10 13 10 10 17 20 17 16 17 15 14 12 9 12 9 6 9 8 3 6 5 2 
17 13 9 6 1 5 9 9 9 11 10 6 11 16 11 13 5 6 12 12 9 14 15 10 10 9 5 8 19 21 10 17 15 15 16 15 21 15 7 4 11 14 9 16 14 10 9 11 11 12 12 11 13 10 7 10 11 13 16 11 7 8 7 3 
14 12 7 5 9 13 15 19 20 15 12 11 4 16 14 17 12 11 16 13 9 15 16 11 12 10 9 13 16 24 19 22 23 18 13 10 18 17 12 11 14 14 10 15 15 15 12 12 18 15 10 5 6 5 7 9 9 14 18 16 17 18 19 18 
14 15 15 14 15 12 3 5 13 8 7 14 11 20 23 19 13 12 11 9 8 13 14 9 6 9 14 18 11 9 9 15 15 8 9 5 7 8 6 11 20 18 9 10 8 16 17 14 20 14 9 9 9 11 13 14 11 13 17 17 19 19 20 21 
11 12 16 18 20 20 13 10 13 8 10 15 6 7 9 5 6 7 8 7 9 12 10 9 5 6 12 15 13 1 6 12 12 6 6 6 4 8 6 8 20 22 10 7 2 12 18 17 21 15 12 14 13 15 16 14 10 9 12 13 18 18 14 8 
11 11 14 18 20 21 19 13 11 9 7 15 8 6 3 4 4 5 7 4 9 7 9 14 12 6 7 9 15 9 10 14 14 10 10 11 9 11 15 14 20 21 9 2 7 12 14 14 17 14 8 6 5 5 8 4 3 6 9 12 15 10 9 3 
10 11 16 21 21 21 22 15 11 14 5 13 5 6 7 8 9 10 14 6 12 12 15 19 18 10 9 7 15 16 17 18 15 11 11 10 9 8 9 13 22 20 14 12 12 18 17 15 18 21 20 21 21 18 7 4 5 9 12 11 12 11 15 13 
16 15 17 19 22 22 24 19 15 20 10 11 2 7 12 4 6 8 21 16 11 11 13 20 21 13 12 10 11 16 18 19 19 19 20 19 20 23 20 16 19 11 9 15 15 21 16 13 13 15 15 9 10 19 11 12 12 11 6 8 11 11 16 8 
9 6 6 10 15 13 20 13 9 24 12 12 9 12 17 9 7 7 21 20 12 10 12 21 24 20 17 12 10 13 15 18 21 24 26 24 22 24 24 24 25 17 15 16 12 15 7 9 9 9 10 5 6 18 15 16 16 16 12 6 9 9 14 16 
10 6 7 7 7 5 17 10 8 26 11 12 9 9 9 6 11 10 20 19 13 11 14 23 27 22 17 12 8 7 9 11 8 9 15 14 14 19 19 15 10 3 6 9 10 13 7 7 8 6 8 8 10 18 21 20 15 11 9 10 12 12 10 9 
17 12 12 9 5 3 17 12 11 24 16 18 15 12 9 9 9 10 17 18 15 15 17 22 23 19 11 15 16 12 9 12 11 9 10 6 2 11 19 13 9 11 11 15 10 6 11 10 12 13 13 12 10 9 14 20 12 9 7 15 20 23 24 24 
20 16 14 12 9 8 15 11 7 16 6 15 17 19 16 14 10 7 10 15 18 19 24 20 13 15 17 28 25 20 15 11 9 7 8 3 5 4 13 13 12 15 8 6 5 4 16 12 13 17 19 22 24 20 15 18 6 8 9 20 25 24 26 25 
19 15 14 13 10 10 16 15 9 9 8 18 17 18 18 16 12 10 11 18 21 21 23 15 6 6 17 19 11 12 9 11 12 11 9 5 8 8 10 13 17 17 6 8 12 14 16 7 5 4 4 6 8 10 9 10 7 12 13 22 24 20 20 19 
17 12 12 14 13 9 10 14 12 13 14 16 10 7 8 12 11 9 13 17 17 17 17 9 13 18 23 18 13 15 11 15 22 26 24 20 16 12 14 19 22 19 11 14 13 11 11 1 4 3 5 6 7 11 9 13 17 18 17 21 22 21 22 22 
21 17 18 20 15 11 7 11 13 13 15 19 18 18 12 9 12 8 12 15 14 13 13 18 27 24 23 17 12 11 8 8 13 14 14 12 11 9 10 15 13 12 10 15 14 10 10 7 5 5 9 8 7 12 11 13 14 10 5 15 23 21 21 21 
16 13 15 17 14 11 8 6 9 15 19 20 18 17 18 8 12 11 16 18 18 18 22 28 25 12 2 8 17 14 11 9 14 10 5 11 12 9 10 13 13 18 25 24 19 14 8 7 9 9 14 13 12 16 13 12 12 8 8 8 17 17 16 14 
21 16 13 8 15 11 9 15 14 19 22 20 21 20 26 23 21 17 19 18 19 19 24 25 17 4 9 18 21 15 10 6 13 13 8 16 12 9 10 11 10 14 18 20 19 18 13 3 6 9 13 12 17 19 16 16 13 12 14 6 13 14 16 13 
21 18 15 13 24 11 8 14 5 15 20 18 24 17 19 15 15 24 22 21 26 25 23 19 9 8 17 19 15 10 11 15 19 19 14 23 13 8 11 11 9 12 9 4 8 16 14 4 2 2 8 3 14 11 12 13 6 16 19 10 8 9 14 14 
14 10 8 9 27 11 11 18 9 15 15 9 21 17 12 8 10 18 18 20 26 23 18 9 8 20 22 19 12 15 18 19 20 20 14 27 16 6 2 5 9 13 11 12 16 17 16 8 5 5 8 5 15 5 7 11 9 18 21 9 18 19 23 22 
19 13 13 8 21 10 8 15 8 10 12 4 14 16 6 5 7 9 8 13 17 11 8 3 15 22 15 8 5 18 23 19 19 19 13 27 15 7 6 9 17 18 15 6 2 9 12 13 12 13 11 6 14 2 5 10 9 16 18 12 21 21 26 25 
15 10 10 6 12 9 14 16 9 8 12 8 10 13 4 4 9 6 9 18 14 6 7 6 14 19 13 15 15 19 21 16 16 15 14 24 13 4 7 12 19 18 18 12 2 4 9 15 20 19 17 12 14 4 6 12 13 18 18 15 24 23 25 19 
14 10 10 7 6 4 13 19 14 10 10 7 8 10 0 3 11 8 12 21 13 7 9 8 13 17 14 12 10 12 12 8 9 11 14 16 11 14 17 18 20 17 18 18 9 4 9 10 22 18 16 12 10 11 12 17 19 17 16 17 27 30 32 30 
12 8 10 9 10 11 9 18 17 13 10 6 7 11 9 16 20 16 13 18 11 10 13 9 12 11 11 8 4 5 9 12 14 14 12 6 6 14 17 19 19 17 19 20 11 5 8 6 18 13 13 10 9 14 9 9 14 10 11 17 29 38 47 54 
9 3 2 8 13 15 15 19 21 16 6 1 4 10 11 13 10 10 9 15 15 16 20 19 18 10 6 4 1 1 8 15 17 17 17 15 14 15 12 13 14 14 19 21 12 7 4 6 13 10 10 8 12 12 9 6 12 9 12 24 45 68 87 99 
8 7 10 15 19 21 19 19 20 17 8 9 9 10 17 18 6 10 3 8 15 10 11 11 7 5 3 5 4 6 11 10 7 6 8 9 11 15 13 12 13 14 19 18 10 8 2 6 9 10 6 1 12 8 13 13 13 7 13 36 66 98 127 148 
15 15 18 23 26 28 21 12 9 19 16 17 17 15 22 21 11 13 6 4 11 9 11 13 8 8 6 6 5 6 10 4 6 5 7 7 8 11 12 13 15 14 16 12 6 7 7 12 8 10 9 9 15 7 5 9 11 13 32 68 110 143 174 195 
22 20 19 21 19 23 21 14 0 19 19 20 20 17 22 17 16 12 6 3 5 8 16 18 17 16 15 11 9 10 12 6 9 5 7 6 6 12 18 19 15 14 15 9 10 11 16 16 9 11 7 9 16 14 13 17 17 27 64 115 163 190 213 226 
27 24 20 19 15 20 16 14 8 21 19 20 20 18 19 21 24 17 10 3 4 12 25 13 9 9 10 13 12 14 11 4 16 14 15 14 12 12 16 22 21 12 12 3 4 7 12 12 2 7 6 10 14 15 15 26 35 57 105 163 204 216 226 226 
20 18 18 17 13 16 11 12 11 18 15 18 19 22 21 18 18 14 10 7 10 6 28 15 15 13 13 18 16 19 14 10 20 17 17 18 20 23 19 9 18 9 12 6 4 4 12 15 9 5 7 12 15 15 20 42 66 104 160 209 230 223 214 199 
24 25 25 23 15 12 12 13 12 14 13 13 17 19 22 23 23 17 9 4 9 9 21 11 8 6 7 15 16 19 14 6 17 21 15 13 13 20 27 16 24 18 19 15 13 10 9 13 11 11 13 15 14 20 36 70 108 157 208 239 238 211 183 157 
12 16 18 20 25 27 26 24 20 17 13 8 10 14 20 21 18 16 10 3 5 12 16 10 6 6 5 13 12 16 14 8 11 22 15 12 9 12 25 19 26 18 20 14 8 9 8 11 14 14 15 18 21 36 63 108 151 192 227 234 209 169 136 108 
6 8 7 9 14 16 15 15 14 14 15 12 2 3 11 19 21 19 15 7 8 13 9 5 5 10 9 10 9 13 17 15 11 18 12 9 6 6 19 18 22 15 14 6 9 10 9 15 20 18 18 24 36 63 105 158 197 224 235 210 163 115 78 49 
9 7 7 6 6 3 8 9 8 9 8 13 8 7 10 20 25 24 20 15 15 10 4 5 6 17 12 4 2 6 10 11 7 9 10 9 6 6 11 15 19 15 15 10 11 7 9 16 23 23 29 45 67 108 157 203 229 235 219 172 117 71 37 19 
9 7 10 8 9 3 3 6 6 7 4 11 11 8 3 15 21 25 23 19 24 12 12 8 11 20 16 5 1 4 7 10 11 6 8 9 6 9 4 9 13 12 15 15 15 11 12 16 22 27 44 70 106 157 199 225 228 208 169 117 69 37 17 8 
19 18 15 12 14 2 1 5 9 11 7 9 11 10 7 13 22 26 25 23 27 19 22 18 16 18 15 5 3 5 7 9 12 8 9 10 9 9 8 6 10 9 14 20 21 17 17 18 23 37 67 106 156 201 224 230 209 168 120 69 27 8 7 9 
20 19 15 12 15 9 11 17 20 16 10 12 12 8 10 16 24 27 27 25 30 29 30 25 19 18 14 6 6 8 8 9 14 12 8 13 14 9 14 10 9 9 14 21 19 13 13 19 36 67 112 162 209 232 231 211 170 121 74 30 4 11 23 26 
21 19 15 11 10 4 13 18 20 16 10 10 11 10 18 20 27 28 28 27 28 29 30 25 19 14 9 9 10 5 6 11 16 18 10 14 13 3 9 4 6 7 12 18 15 11 13 28 64 108 159 208 237 234 210 170 119 74 35 11 13 15 22 16 
18 18 14 10 9 12 21 25 25 20 14 12 10 15 19 20 26 24 25 28 25 25 27 22 17 9 3 12 16 12 13 15 12 17 10 12 12 8 11 6 5 5 11 15 16 18 29 57 107 150 195 231 233 203 162 115 69 35 14 13 18 17 20 17 
21 21 12 7 9 14 22 25 23 18 15 16 4 2 9 10 19 19 21 21 23 25 26 22 16 9 10 9 16 11 13 18 11 14 8 10 9 9 13 10 9 10 15 21 25 33 56 102 161 197 226 239 208 158 114 70 36 18 10 13 16 15 14 8 
19 17 10 6 7 13 18 21 19 13 10 19 7 8 12 7 18 14 14 15 20 22 24 23 16 8 11 3 11 4 7 15 9 13 9 11 11 8 10 13 13 4 8 21 43 65 99 156 211 229 234 218 162 107 73 40 21 15 9 12 16 16 11 8 
18 15 12 11 9 13 14 17 16 15 5 18 6 5 10 2 16 9 10 13 17 18 20 18 14 7 9 1 8 8 11 19 20 20 14 10 7 3 6 13 16 10 21 41 81 122 163 211 243 230 205 167 103 61 42 25 20 20 11 13 21 24 17 15 
19 16 18 15 13 17 11 14 15 18 14 16 5 8 10 11 18 11 11 13 16 17 20 18 16 11 12 11 8 4 3 11 20 20 18 15 8 4 7 14 16 15 34 67 121 172 208 237 241 203 160 113 60 37 27 23 25 29 18 7 16 25 23 22 
21 19 21 18 19 19 8 10 9 10 9 9 4 11 6 7 13 5 7 10 12 12 16 13 12 13 18 22 23 22 20 13 13 14 15 14 12 8 10 14 21 37 66 108 163 206 225 232 213 164 116 73 38 27 24 24 25 28 21 10 13 20 22 23 
18 18 22 21 21 18 10 11 10 7 11 13 12 15 14 14 16 12 6 5 10 13 14 10 6 5 2 1 3 8 18 25 22 16 14 9 9 4 10 13 36 75 119 166 210 238 235 215 176 121 75 40 25 22 21 24 25 27 20 6 8 12 16 16 
9 11 16 15 17 14 10 9 9 6 11 11 9 10 10 11 13 4 8 8 6 7 8 6 4 8 10 10 10 11 19 31 21 19 17 12 16 7 20 31 65 120 170 210 237 240 210 167 118 68 31 11 16 13 11 11 11 14 13 12 13 14 17 18 
9 9 12 11 11 9 9 7 11 12 14 13 11 10 9 14 15 6 8 7 5 6 5 5 2 7 10 9 5 4 14 29 21 21 18 14 13 14 40 66 113 168 205 225 224 196 149 103 63 32 9 9 13 8 8 8 7 5 10 15 16 18 18 18 
6 5 6 10 9 7 8 3 7 12 15 13 10 5 5 13 18 15 14 12 11 12 11 7 5 9 15 16 16 16 13 22 17 19 21 19 14 36 72 115 169 210 225 220 192 147 103 70 45 28 17 15 12 8 11 12 8 4 3 13 13 15 15 15 
5 2 5 5 6 9 10 8 2 11 11 9 6 3 8 13 14 10 10 11 11 15 18 18 16 18 23 21 21 14 7 14 15 22 26 26 38 70 112 160 203 221 211 186 146 99 65 45 27 17 14 16 17 12 12 10 3 8 12 18 13 12 12 12 
13 12 12 11 15 16 16 11 6 11 6 3 2 3 8 11 13 10 5 8 10 10 10 12 12 11 18 19 21 14 6 8 14 22 30 44 73 113 157 194 219 212 177 140 98 52 30 29 19 14 12 9 12 5 6 5 11 17 17 18 11 6 6 4 
15 11 15 12 14 16 16 15 12 15 6 5 7 8 11 11 8 4 9 3 7 5 3 15 17 12 15 15 17 15 6 6 12 23 41 73 115 166 204 223 226 192 136 95 60 27 17 23 13 8 5 4 11 8 8 11 17 16 13 12 4 4 9 9 
25 21 21 17 16 13 11 12 9 16 8 10 13 11 10 11 5 2 9 3 7 3 3 14 17 13 11 12 15 14 7 9 15 34 66 112 161 210 230 222 198 146 87 54 35 19 18 23 13 8 7 7 14 11 7 10 10 8 7 8 8 9 13 14 
29 24 19 15 13 10 12 11 13 15 12 16 19 18 12 11 11 9 9 5 4 2 7 13 19 14 7 6 7 10 9 12 27 59 105 157 200 230 223 186 146 97 49 28 26 17 13 14 8 10 12 12 18 15 11 9 7 4 6 8 4 4 9 9 
22 18 14 12 7 5 8 7 16 9 11 15 21 23 11 7 6 10 5 5 9 13 16 15 9 10 4 11 14 16 22 38 65 108 160 203 226 234 203 150 109 71 35 28 30 21 17 11 4 4 0 5 14 14 12 11 8 4 1 4 4 3 9 10 
12 11 10 9 10 12 12 12 20 6 3 11 20 18 11 15 11 12 3 11 10 13 15 16 6 7 10 18 21 29 47 71 106 155 200 223 227 213 165 112 81 50 24 24 20 8 6 5 7 6 6 8 11 12 4 3 6 10 11 11 12 9 12 13 
10 12 18 15 12 13 12 13 14 9 3 9 20 13 16 14 9 9 4 14 8 11 15 17 12 12 15 21 28 44 72 106 147 188 214 215 197 162 108 64 43 20 10 18 15 14 15 15 12 7 3 7 9 13 6 8 9 9 12 12 14 9 11 13 
22 22 24 22 17 14 11 8 10 16 10 10 18 9 18 13 13 12 10 15 10 10 15 15 8 6 11 21 39 70 110 158 194 215 219 196 156 111 64 36 25 14 12 14 13 17 18 18 15 11 2 6 13 22 20 19 15 10 9 10 18 10 8 5 
23 22 24 21 17 15 15 8 6 11 9 9 12 8 13 12 16 14 13 14 10 6 18 14 6 6 10 28 62 106 158 206 222 220 203 158 112 75 43 30 28 20 11 6 15 20 21 19 15 15 8 10 17 22 22 18 15 13 12 12 20 14 14 14 
20 19 20 16 14 13 15 13 11 12 6 8 7 7 14 21 19 16 12 5 12 15 20 13 3 9 23 54 98 149 196 223 214 186 147 93 54 30 9 9 9 5 11 16 21 15 11 8 10 16 12 10 14 16 17 14 14 13 11 11 16 8 8 7 
18 16 15 11 12 10 13 15 16 13 4 7 10 13 22 26 23 16 13 15 12 12 14 10 6 17 42 80 128 173 205 212 181 136 93 46 20 15 9 8 7 10 9 9 9 4 9 8 12 16 8 12 16 17 19 16 18 16 12 11 14 8 8 8 
22 20 17 11 11 11 16 22 21 16 9 4 3 8 16 11 14 11 14 21 9 7 10 12 14 27 59 105 154 192 213 202 155 102 64 26 13 12 7 6 4 6 7 9 7 6 6 2 15 18 10 13 18 18 19 17 19 17 11 10 12 9 12 15 
20 17 14 11 10 10 15 25 26 23 18 12 5 8 18 6 17 12 11 19 10 7 6 9 16 30 71 123 173 209 220 190 131 75 37 15 15 13 7 6 3 6 11 15 12 11 11 10 21 21 4 11 15 20 19 18 19 18 10 11 9 3 7 9 

21 17 16 14 11 8 8 9 8 11 9 10 14 5 11 10 10 12 6 9 20 17 5 8 12 24 24 21 18 14 8 11 14 13 10 15 10 18 16 17 16 16 11 9 14 25 21 12 13 15 18 26 7 9 16 11 20 22 18 20 10 20 17 18 
18 15 14 15 13 10 9 8 7 10 12 8 14 9 5 3 7 9 6 12 19 18 15 17 19 26 24 21 20 18 6 12 9 12 18 19 12 14 14 14 16 17 12 9 10 20 20 15 17 18 19 24 6 6 17 10 18 19 18 18 12 19 14 14 
13 12 12 13 12 10 11 9 9 10 15 7 12 13 11 13 13 11 4 8 18 21 18 15 14 17 15 14 22 21 8 14 3 3 11 14 10 12 14 12 14 20 19 15 9 10 14 14 15 16 16 18 8 8 16 12 16 16 16 15 5 12 9 15 
15 13 12 13 10 8 10 5 8 11 14 5 10 15 14 12 7 8 8 8 12 14 13 7 9 14 17 18 24 23 9 16 6 8 12 15 14 12 13 10 15 20 19 13 7 7 14 16 15 15 12 12 14 12 13 14 15 15 16 13 4 9 4 8 
16 13 9 9 7 10 15 10 8 12 13 7 11 17 14 11 10 8 4 6 10 7 11 6 12 17 19 10 16 21 12 21 16 17 20 21 22 12 10 9 16 21 19 15 9 4 5 5 9 10 6 7 11 9 6 9 16 17 19 14 4 9 3 6 
16 15 4 8 15 20 25 24 23 19 17 14 15 22 19 17 17 13 7 8 9 7 14 12 17 20 15 7 12 22 21 23 17 12 13 16 23 15 11 8 14 18 17 15 12 12 11 6 14 9 7 2 4 7 3 8 13 16 18 14 10 13 13 16 
17 18 9 9 11 4 13 15 18 16 15 20 21 25 24 18 17 13 6 5 8 9 14 12 13 17 15 13 9 8 7 15 7 3 9 9 15 13 11 10 17 17 12 10 7 10 14 7 15 6 10 8 8 10 10 15 13 13 16 15 15 15 16 16 
15 16 14 13 12 12 14 15 16 15 15 19 18 17 14 9 12 8 6 7 12 11 11 11 6 11 9 12 15 4 8 14 9 8 4 7 10 12 7 5 16 18 8 6 6 5 11 7 15 7 12 15 13 14 14 15 12 9 7 5 13 13 13 12 
19 18 15 14 12 12 13 14 15 15 13 20 17 16 12 10 9 5 6 9 13 9 8 11 6 1 3 9 18 8 7 15 15 14 15 15 12 14 13 10 18 19 5 3 8 5 9 8 11 5 6 7 2 4 8 8 5 5 4 11 17 12 13 14 
16 17 18 19 19 16 10 7 9 14 11 18 13 12 11 12 14 14 14 12 17 17 17 18 12 6 7 8 18 15 15 19 19 15 13 11 5 3 11 14 24 21 11 9 6 10 10 9 11 13 12 14 15 10 5 6 6 9 11 9 13 13 19 20 
20 21 22 24 26 25 20 15 13 17 9 14 9 11 16 7 8 9 16 15 19 22 24 24 17 10 9 6 13 16 18 22 24 24 25 24 23 21 19 19 28 21 15 12 9 20 16 13 9 10 11 10 11 17 10 11 14 18 15 6 11 13 21 23 
15 15 16 19 22 23 21 14 8 22 12 13 12 14 22 14 9 5 14 17 18 20 22 21 17 14 10 8 11 14 15 16 19 22 24 24 26 26 25 27 31 23 20 14 8 17 4 10 0 6 11 10 10 18 14 12 8 17 19 8 10 12 19 25 
14 12 13 16 19 20 19 11 4 25 13 7 5 8 14 6 8 6 14 16 17 17 17 18 19 19 12 11 10 11 13 10 11 15 17 14 14 16 15 14 13 14 15 11 12 15 5 8 3 7 13 15 15 21 21 18 7 10 16 11 12 15 17 22 
12 9 10 11 16 19 20 17 10 23 19 19 19 16 12 5 9 9 14 15 16 14 12 15 18 17 9 12 11 7 9 9 7 11 13 9 7 10 12 8 7 13 17 16 12 7 10 12 12 13 14 15 13 11 15 17 5 7 15 15 18 22 25 27 
12 8 6 6 10 12 14 15 9 15 12 17 20 18 12 7 7 9 11 12 13 12 15 12 12 16 17 26 25 20 18 13 8 11 10 5 7 7 11 12 10 11 10 9 5 2 16 14 14 17 20 23 22 15 11 14 8 9 14 18 22 22 21 21 
9 4 1 6 9 9 11 15 7 7 12 20 24 24 22 16 10 11 12 13 15 16 20 17 10 6 17 18 16 15 13 10 10 14 12 7 5 8 9 13 19 16 8 4 8 12 18 11 7 6 9 7 7 4 4 9 13 12 13 21 22 18 13 14 
13 10 9 9 11 8 4 13 12 14 20 19 12 6 10 13 5 9 12 15 16 16 16 10 9 15 22 18 14 15 9 9 16 21 20 20 17 16 18 24 26 18 12 13 13 11 14 8 9 8 11 7 7 6 7 13 15 13 14 21 19 15 15 18 
17 13 15 15 12 9 7 6 10 11 15 14 10 10 7 12 6 2 9 12 8 6 5 16 25 24 23 18 12 11 6 6 9 10 11 12 9 11 15 18 15 13 14 16 13 8 15 12 9 11 15 9 11 8 8 12 8 6 9 19 24 23 23 23 
17 12 15 19 16 16 18 12 5 7 16 18 17 11 6 9 7 1 11 8 7 10 15 26 26 17 13 13 14 12 10 10 13 9 9 9 7 13 19 20 21 24 26 23 16 7 6 13 13 15 18 12 15 12 11 12 8 12 14 16 21 21 22 19 
22 15 14 11 13 16 18 21 14 12 17 20 24 18 16 16 14 9 13 5 10 15 20 25 23 14 16 18 19 16 12 10 11 9 9 9 9 15 22 21 21 21 21 21 18 14 3 7 12 17 19 13 17 12 10 12 10 19 19 13 17 17 19 14 
20 16 14 8 18 16 18 23 10 7 14 18 27 19 14 10 8 16 15 6 18 22 21 23 16 12 18 15 11 8 6 10 12 12 12 12 13 18 24 24 21 19 14 11 12 16 11 5 2 3 12 3 14 7 7 9 12 24 22 15 15 13 18 16 
17 12 11 5 21 15 17 24 15 12 16 12 19 14 5 1 1 15 17 17 27 26 22 19 9 20 19 13 9 12 13 13 13 13 11 16 17 18 21 22 15 11 2 9 14 17 13 7 5 6 14 9 16 5 4 9 16 24 23 12 19 18 21 21 
18 14 15 6 15 13 15 20 17 12 15 6 9 13 3 2 6 11 15 17 20 16 14 10 13 23 12 5 7 14 16 9 8 12 5 19 17 16 15 9 3 6 6 7 7 12 12 9 5 6 13 8 13 4 7 10 16 22 22 13 24 21 26 30 
9 7 10 6 8 10 15 17 15 10 15 8 7 11 4 5 11 9 12 17 12 7 7 6 12 18 11 11 12 15 15 8 8 10 6 20 16 13 11 3 10 12 14 6 4 9 9 11 15 8 12 4 9 8 10 14 19 22 21 15 26 26 33 37 
4 5 8 2 4 8 18 22 19 14 14 9 9 12 7 6 13 6 6 16 9 7 10 9 14 15 10 10 8 11 9 4 7 8 11 16 14 12 12 11 13 12 14 9 3 6 7 9 21 10 13 6 8 13 11 14 18 16 16 13 25 36 52 63 
6 6 10 6 8 11 13 20 20 15 11 7 9 14 11 17 21 15 10 15 3 3 9 7 13 9 7 10 10 10 10 12 15 17 16 12 10 11 15 17 13 11 12 9 3 6 6 6 19 10 12 7 10 12 5 6 8 5 12 16 32 57 81 98 
7 5 6 7 9 11 10 12 12 11 5 5 8 15 13 13 9 8 1 10 12 12 17 19 19 11 9 12 12 9 9 14 18 20 21 19 16 12 7 9 7 5 12 11 4 4 1 8 16 9 12 9 13 11 7 5 7 5 16 36 67 104 136 157 
7 2 5 8 11 12 7 9 11 16 9 5 8 15 18 16 10 16 12 14 12 5 5 11 6 5 8 10 9 4 8 5 9 10 12 12 11 11 10 9 8 9 14 13 7 7 3 9 13 13 15 13 16 12 14 13 13 12 32 64 105 145 182 206 
9 6 10 14 19 22 12 4 10 22 14 5 4 12 19 13 6 12 11 14 8 2 5 13 7 7 7 6 5 3 11 7 10 8 7 5 3 3 6 6 5 4 11 8 3 7 7 12 10 12 15 16 18 13 9 12 16 26 59 105 153 185 214 233 
12 8 6 10 12 20 19 17 17 26 18 12 4 7 19 10 12 10 10 10 6 2 15 20 15 13 9 4 6 9 17 12 12 4 3 3 7 10 14 12 8 6 9 7 7 10 15 16 10 12 15 17 18 19 14 17 27 54 103 158 201 215 227 232 
15 12 6 5 3 12 11 18 21 26 16 13 6 1 17 21 25 18 12 6 9 9 25 15 9 6 3 9 9 15 19 7 11 10 14 13 12 10 10 16 15 10 11 7 6 7 12 11 3 8 12 14 14 14 15 34 59 98 154 205 228 222 217 205 
12 6 5 7 5 10 8 15 17 17 12 12 7 9 9 13 14 15 14 8 12 6 28 18 15 11 10 16 15 22 25 14 13 13 18 20 20 20 15 3 12 11 15 12 10 5 11 14 11 9 7 4 3 11 31 65 106 154 204 235 232 205 179 156 
15 16 16 14 10 7 7 12 13 10 10 7 8 11 14 18 20 15 10 8 12 8 23 15 8 6 6 13 9 18 21 10 10 17 21 24 22 19 22 10 16 17 19 19 16 11 9 6 3 6 8 13 19 34 63 108 158 203 233 241 216 171 135 109 
16 17 15 15 21 24 24 25 22 17 14 9 6 7 9 12 9 7 6 8 9 13 19 14 5 5 5 11 5 12 15 10 4 18 22 27 25 19 24 14 20 21 23 20 13 7 8 3 2 3 6 18 34 64 105 156 200 226 230 215 171 122 90 68 
19 20 17 15 16 18 19 21 18 15 17 17 11 9 7 6 6 3 2 7 12 17 14 11 4 9 9 7 2 6 14 15 12 18 20 25 24 20 24 17 20 20 19 14 9 9 9 11 9 7 15 33 62 106 156 205 234 237 216 174 122 78 49 34 
21 22 20 19 17 15 15 13 5 5 7 15 13 13 15 13 10 8 7 6 13 15 10 7 7 15 15 5 8 6 5 11 11 15 20 26 25 22 20 18 20 18 16 9 5 7 8 10 8 13 36 67 108 161 206 235 240 219 177 124 77 46 31 29 
16 18 20 20 20 17 15 13 6 6 7 14 16 15 15 9 3 14 13 14 21 18 17 4 6 16 17 7 11 12 8 13 18 16 21 25 24 24 19 18 18 16 14 10 9 7 8 9 10 27 63 104 152 205 231 232 211 168 117 70 37 25 23 23 
7 10 14 14 17 14 13 11 10 9 13 14 15 15 16 12 13 18 17 16 23 18 18 11 7 15 16 7 11 13 12 16 22 19 21 22 22 21 18 16 16 13 11 16 14 11 12 15 27 58 104 150 196 229 228 206 168 119 71 33 12 14 18 22 
4 2 7 5 10 12 15 18 19 14 17 22 22 19 22 19 16 19 19 18 23 21 18 12 7 13 15 5 10 14 15 20 24 21 19 19 20 17 18 14 13 9 9 19 12 3 10 27 59 107 159 201 229 233 206 165 119 74 34 6 10 17 25 28 
14 8 3 2 4 9 13 13 10 8 17 25 26 22 26 15 11 16 18 23 21 20 19 15 12 12 11 10 10 10 14 21 25 23 16 15 17 12 14 9 9 9 9 17 12 6 23 53 103 155 201 230 234 210 165 114 71 35 6 8 12 11 17 14 
13 11 2 4 3 8 13 8 5 9 17 25 28 26 27 11 6 7 13 19 15 12 14 12 12 11 8 14 16 12 13 16 19 21 13 12 15 13 14 10 8 5 7 15 18 28 55 99 156 196 223 229 202 155 105 61 31 12 8 13 14 11 13 11 
15 15 6 6 5 8 12 10 7 12 19 26 26 25 25 12 9 9 13 10 9 7 9 12 13 12 11 12 16 12 13 16 13 14 7 5 7 3 7 3 9 12 15 23 36 58 97 153 206 226 230 210 158 102 64 31 15 10 9 12 14 12 11 5 
13 11 4 5 9 7 6 5 2 15 18 27 24 21 21 10 10 8 7 4 9 6 9 10 12 12 12 8 13 7 7 12 8 10 5 7 11 8 8 8 7 1 9 36 71 106 149 201 233 228 210 171 109 64 41 21 15 14 12 15 18 18 15 14 
12 10 8 8 15 11 6 9 8 20 14 23 18 15 16 7 11 6 3 6 10 4 6 8 12 13 14 11 13 10 9 13 13 13 10 9 9 5 6 11 9 13 36 74 124 167 204 233 236 202 164 117 60 31 24 17 15 16 11 17 22 26 22 18 
16 11 12 10 17 15 6 9 7 20 16 18 14 12 13 13 15 11 10 9 10 10 13 15 17 15 16 15 12 7 2 11 19 18 17 16 12 7 6 12 15 32 65 112 167 206 227 232 208 158 114 72 32 23 22 21 21 23 11 4 11 21 20 16 
13 10 13 6 18 17 8 11 10 15 13 14 15 13 7 7 9 6 8 9 11 10 10 10 12 16 20 24 25 20 14 12 14 16 18 19 17 12 15 24 42 73 113 161 203 223 220 202 162 111 74 43 26 25 25 25 24 24 14 6 4 12 12 9 
17 15 17 12 18 16 9 11 11 14 16 19 20 19 19 17 17 12 5 6 11 12 9 8 7 6 5 6 8 8 16 26 18 12 12 11 11 4 19 37 71 120 168 208 228 226 201 162 115 70 40 21 22 23 23 21 18 18 10 3 5 6 7 1 
9 9 14 9 15 14 11 10 9 12 13 15 17 13 9 6 12 8 8 8 6 7 8 4 3 6 7 6 10 8 18 29 10 6 2 7 14 12 38 66 110 166 209 229 225 199 154 105 63 30 13 12 19 19 18 14 9 11 14 16 15 12 10 8 
12 12 12 11 14 12 11 7 9 11 13 16 20 18 13 9 10 7 10 9 4 4 3 1 5 9 10 9 10 8 16 30 12 7 5 8 15 32 72 115 167 210 227 219 188 141 91 52 27 14 9 12 17 18 17 10 5 2 11 15 17 18 17 15 
10 10 12 18 18 14 11 3 1 3 7 12 15 13 11 10 16 17 18 14 10 10 10 7 9 8 10 12 15 15 14 24 10 3 9 15 28 68 118 170 215 233 220 189 140 90 56 37 26 20 12 8 11 14 12 7 2 6 9 13 14 17 18 17 
10 6 8 10 6 6 9 10 11 9 9 9 10 11 14 8 9 10 15 15 13 15 15 16 17 15 16 16 20 19 13 19 12 4 16 33 64 110 162 204 225 216 181 138 91 51 31 28 26 21 15 12 13 11 7 6 6 13 15 16 13 14 15 15 
9 6 9 8 7 9 10 9 13 12 7 5 4 3 11 9 12 11 5 9 9 8 9 15 16 10 13 13 19 21 14 17 18 9 27 62 105 155 197 218 218 188 135 91 55 21 15 27 23 20 15 8 8 7 5 3 7 14 11 10 7 5 8 8 
15 12 14 11 11 12 13 16 19 16 9 7 7 6 11 13 12 11 9 2 5 3 4 18 19 9 11 13 18 22 15 15 21 25 54 102 151 199 224 221 201 150 89 55 33 12 12 23 14 12 9 3 7 7 4 6 12 15 11 12 10 5 8 9 
34 28 22 16 15 11 12 14 14 15 10 12 15 15 13 15 12 9 10 6 7 6 3 15 16 13 15 20 25 24 18 20 31 54 97 152 195 227 226 194 153 97 45 25 21 12 16 23 11 9 8 8 11 9 3 7 9 11 12 14 14 11 12 13 
33 27 18 17 16 13 14 12 13 12 12 15 18 21 18 16 15 11 11 8 8 7 3 9 15 13 12 14 14 12 9 23 53 94 146 196 220 225 196 140 96 55 17 10 20 10 9 12 5 8 11 12 16 15 8 7 9 9 10 12 11 9 13 10 
28 22 14 13 7 7 9 11 17 11 14 18 21 26 17 11 8 9 11 11 16 17 14 7 5 6 8 12 14 21 35 62 99 145 192 222 221 203 156 99 65 37 13 18 26 17 12 7 3 5 5 9 15 14 12 12 12 9 11 13 14 14 15 12 
16 12 11 9 6 11 9 9 16 5 8 15 18 21 11 12 9 9 5 12 18 15 12 11 8 5 12 16 21 41 68 106 146 187 216 223 202 166 112 67 46 25 13 20 20 13 14 10 5 2 4 7 10 11 6 9 11 14 16 15 15 14 13 15 
19 19 22 18 16 18 14 16 16 8 6 11 14 14 11 9 3 7 4 12 14 3 9 15 14 13 18 24 36 65 103 146 182 207 214 198 161 115 65 34 20 6 8 17 19 21 21 17 10 5 1 6 8 11 6 10 10 11 13 15 15 12 16 19 
19 21 23 21 22 21 17 16 15 15 12 12 12 7 15 8 7 8 9 13 17 5 16 16 10 11 20 35 64 107 150 190 208 209 193 158 113 71 33 18 14 11 14 15 14 17 19 16 15 12 3 6 12 19 18 18 15 13 13 15 22 13 13 13 
21 21 24 25 24 23 20 12 9 9 11 11 8 3 10 4 9 11 12 13 17 6 22 13 6 15 31 59 104 153 193 219 213 189 157 111 71 42 19 16 21 18 14 11 13 14 17 14 13 16 13 12 18 21 21 16 13 14 15 16 25 17 15 12 
21 20 21 20 21 20 18 12 10 6 7 7 6 8 15 21 18 12 8 2 16 17 24 16 13 32 61 100 149 191 215 215 185 142 102 59 32 15 2 8 10 11 13 14 16 10 6 6 13 18 16 8 9 7 9 3 5 9 10 11 21 12 11 6 
18 17 19 18 16 12 12 11 11 5 5 6 6 10 19 22 18 10 11 13 15 16 20 19 24 51 90 132 175 203 209 189 142 92 57 25 16 12 4 8 6 11 9 8 7 6 10 11 16 16 10 10 11 5 11 3 4 11 10 11 20 12 8 4 
25 24 23 19 15 13 17 19 10 3 3 6 7 9 15 11 20 18 18 16 3 6 14 21 31 66 113 157 194 210 204 166 108 61 34 11 11 12 7 10 5 9 8 8 6 9 6 6 16 15 8 12 15 10 12 7 7 13 5 6 17 8 10 16 
22 18 15 10 9 8 17 25 12 8 6 6 2 7 13 6 25 22 19 17 7 6 10 24 38 79 132 176 209 218 196 142 80 37 16 4 10 11 9 13 5 9 12 13 12 14 12 12 19 15 6 12 15 12 12 10 8 18 3 8 16 8 9 10 

14 15 12 12 12 14 9 7 7 4 10 13 9 9 13 9 16 12 8 14 20 15 7 9 15 26 18 15 13 13 6 11 18 13 12 9 13 21 15 11 10 5 6 7 6 24 19 3 6 12 15 26 10 9 18 7 12 13 15 27 10 17 14 14 
12 9 6 9 11 13 9 6 7 5 13 9 8 11 13 14 16 12 9 15 18 15 15 17 22 27 18 16 16 17 3 10 15 14 17 12 6 16 13 10 11 5 9 5 5 20 18 11 11 15 14 21 6 7 20 8 8 10 12 24 12 17 13 11 
9 5 4 3 5 9 6 3 8 8 15 7 4 12 17 21 19 14 9 13 17 18 17 14 17 18 9 8 14 20 5 9 9 10 15 12 5 15 15 8 9 10 13 7 6 13 13 11 8 13 9 14 5 8 21 13 8 5 7 20 11 13 12 14 
12 10 11 11 11 15 13 7 6 9 15 4 3 10 14 16 13 11 12 13 13 12 14 11 15 12 10 12 16 22 11 12 2 7 12 11 8 16 17 7 9 13 15 7 3 9 14 16 12 15 8 7 6 6 18 14 8 4 7 15 10 12 12 12 
12 9 10 10 12 20 19 14 11 12 14 7 10 11 12 13 14 12 11 15 12 8 8 2 12 5 14 5 11 22 17 20 16 18 18 17 15 12 14 9 12 15 15 8 4 6 11 11 9 14 7 4 3 6 13 10 11 9 12 12 5 11 12 11 
14 12 12 16 22 32 32 26 21 15 13 10 15 19 19 18 18 14 7 14 7 6 10 10 16 14 13 4 11 22 24 24 18 15 13 15 17 11 12 10 14 17 15 10 9 12 12 10 14 10 7 5 3 9 9 7 11 12 12 7 2 7 8 11 
16 15 8 13 16 27 32 29 26 18 10 15 20 19 20 15 15 14 3 11 5 6 13 14 16 16 15 13 10 10 12 14 6 5 3 1 11 13 14 12 16 17 12 10 9 8 11 7 15 9 12 7 7 12 10 15 15 14 15 12 11 8 9 10 
16 13 7 11 17 29 33 30 28 21 12 17 18 9 9 6 13 12 8 12 9 8 12 12 9 12 13 14 16 6 9 13 9 12 11 10 12 12 7 7 15 18 7 7 9 2 10 0 14 2 9 12 12 15 13 17 14 12 10 7 14 10 12 17 
15 11 5 9 14 24 25 25 25 21 15 17 16 12 10 8 12 10 9 11 8 5 7 8 4 8 10 14 19 9 8 11 7 10 12 13 12 12 7 3 17 18 4 6 10 4 11 6 14 3 3 9 3 7 12 12 9 8 6 16 22 16 17 20 
12 10 9 12 12 16 14 17 18 19 17 17 12 9 2 9 14 16 14 7 9 4 6 8 4 6 7 11 18 15 17 18 17 13 9 7 3 7 9 7 20 17 3 6 10 9 11 7 11 7 6 8 10 7 7 7 8 9 11 16 17 14 18 23 
15 17 17 18 18 14 9 9 10 14 12 12 12 15 16 9 10 12 14 6 10 8 9 10 3 4 9 11 13 14 18 20 23 23 22 23 22 21 22 22 28 18 5 5 9 20 16 12 9 8 7 7 11 14 8 8 11 16 18 15 15 13 20 25 
11 11 12 11 11 11 12 8 6 18 15 13 17 19 26 18 13 9 7 6 10 12 12 11 6 9 13 15 14 14 16 12 14 16 17 20 24 26 28 29 27 17 10 8 12 19 5 9 6 6 9 9 11 15 10 8 6 11 21 16 15 16 21 28 
15 11 9 9 10 12 13 8 5 21 17 3 6 12 19 9 9 7 6 8 11 11 9 9 9 16 19 19 17 15 17 12 9 11 10 9 11 14 18 16 12 10 10 13 17 16 6 9 4 8 11 12 15 19 17 14 10 7 21 20 18 20 22 27 
13 11 10 13 17 17 17 15 7 18 18 11 15 17 16 8 12 12 15 14 13 10 6 11 12 17 22 21 15 7 9 7 5 6 5 2 2 5 10 12 10 13 15 14 12 8 12 14 11 11 11 10 9 10 12 11 8 2 18 21 18 20 21 22 
13 10 9 12 15 14 12 16 8 13 14 15 19 19 14 10 16 16 18 15 12 8 5 6 11 16 24 24 24 21 20 14 9 6 3 5 5 4 5 9 11 11 11 7 4 5 17 15 15 16 17 17 17 11 6 9 11 6 16 21 22 23 12 11 
12 7 3 11 12 9 5 15 6 9 20 26 30 31 28 22 21 20 17 12 9 6 12 15 12 11 20 11 12 13 12 9 8 6 7 7 5 11 12 16 22 18 14 6 6 13 20 12 6 4 6 3 8 3 1 5 11 10 15 23 26 23 9 5 
18 12 8 11 13 9 3 12 12 17 26 28 21 15 15 17 18 18 14 10 12 14 17 12 6 11 16 7 7 8 5 9 13 14 15 17 20 23 25 29 29 19 14 9 14 15 17 7 4 2 6 3 10 5 6 9 12 13 16 25 25 21 11 5 
21 14 11 10 11 9 10 3 6 13 16 14 14 13 15 15 15 14 11 11 14 16 16 13 16 17 15 11 12 11 11 12 15 12 13 8 10 16 19 20 11 5 9 12 15 13 18 10 4 7 11 10 13 4 8 9 12 16 18 25 30 28 23 18 
22 15 13 19 18 16 19 15 8 12 15 16 20 16 12 9 9 9 12 7 6 7 9 18 18 8 4 8 9 7 7 8 13 13 15 9 9 13 17 16 15 20 20 18 13 7 15 14 10 11 12 12 15 9 12 10 17 21 17 20 26 27 26 19 
26 18 16 13 7 8 14 23 17 12 13 17 25 21 17 16 15 12 15 9 7 12 12 18 17 5 10 13 13 13 11 8 7 8 10 5 6 12 16 15 18 23 21 18 12 5 7 13 16 18 18 13 15 12 13 12 19 24 18 14 19 21 23 16 
22 16 16 8 6 10 17 27 18 6 10 18 28 24 16 11 7 12 19 9 12 19 16 21 17 11 13 6 6 4 6 11 10 9 9 7 8 11 16 17 21 23 17 10 7 9 8 8 6 7 12 8 16 15 15 15 22 27 22 15 17 17 22 21 
9 6 11 5 11 9 15 26 23 14 16 17 19 17 6 3 2 12 20 15 23 26 23 24 12 19 14 6 8 10 14 14 10 11 12 8 9 12 16 22 20 17 10 11 14 14 8 6 5 9 16 13 20 17 15 15 21 24 21 12 19 15 15 15 
9 8 13 5 9 7 10 18 18 11 15 11 8 12 5 7 10 15 23 23 27 25 22 19 13 22 9 2 6 12 15 9 6 7 6 11 11 10 12 14 11 9 4 12 14 13 10 7 3 9 20 15 18 14 12 12 15 18 19 11 23 17 20 23 
7 5 10 6 5 6 10 13 12 8 13 6 7 12 6 9 12 8 12 15 18 16 16 14 15 20 10 6 5 13 15 10 9 7 3 13 12 10 14 11 5 5 6 8 12 12 11 10 11 5 18 11 14 13 12 9 11 14 15 6 21 27 39 46 
9 8 11 8 7 11 18 20 16 11 10 5 8 13 8 8 12 5 3 9 11 12 15 13 16 18 14 11 5 12 12 9 11 6 7 12 12 10 14 10 9 8 9 6 9 10 11 13 17 4 16 8 11 14 10 8 6 7 13 3 18 44 67 84 
11 11 15 10 9 9 7 16 14 6 2 3 10 16 13 19 22 18 11 15 9 7 10 8 14 13 12 12 7 12 14 16 17 14 12 11 11 11 16 15 11 7 8 4 7 9 10 10 18 5 10 1 5 7 2 6 4 9 17 16 41 76 105 125 
4 4 11 9 6 7 4 14 14 12 9 6 12 19 14 14 11 12 5 11 11 12 14 16 17 11 12 13 9 8 7 15 20 20 21 19 16 11 8 10 5 3 10 9 4 4 1 11 16 4 8 5 10 6 6 8 6 9 31 55 96 136 167 185 
6 5 9 6 6 6 5 15 18 18 11 8 15 19 17 15 16 23 20 22 14 6 5 10 7 5 11 12 11 7 5 11 15 15 18 18 17 14 11 10 7 7 12 11 4 5 4 12 13 5 9 9 13 9 13 14 14 25 60 97 144 176 202 218 
7 5 11 15 19 20 13 14 19 23 14 9 15 18 17 9 7 14 12 17 14 7 5 12 7 4 9 10 13 8 9 12 14 14 15 13 12 10 7 4 4 6 12 11 5 4 7 13 10 2 6 11 13 6 8 19 30 56 101 146 187 200 211 214 
10 7 10 15 18 24 23 22 23 26 16 12 12 16 19 9 12 9 10 14 13 8 11 18 12 8 2 6 12 3 16 16 17 15 12 10 11 13 12 7 4 2 8 7 4 8 14 15 10 6 5 12 12 10 15 34 57 100 155 200 220 210 200 186 
12 8 3 7 7 12 8 12 15 20 13 15 10 7 19 24 25 15 8 12 15 13 18 17 12 10 7 9 11 9 20 13 7 3 5 3 5 6 9 12 11 9 10 6 4 7 12 12 10 7 4 10 8 11 37 66 103 152 202 230 226 197 173 147 
11 5 3 7 6 10 4 4 7 14 15 13 12 6 9 12 10 11 12 10 16 9 20 19 16 13 12 14 14 14 22 16 6 6 10 10 8 9 12 5 7 6 9 7 7 7 11 13 13 13 12 15 19 36 70 112 158 202 230 233 203 158 123 96 
10 6 9 9 6 8 6 6 5 9 14 15 17 12 7 9 16 16 13 10 14 8 17 13 10 10 9 12 8 9 17 14 9 9 11 13 10 6 14 7 8 7 8 12 14 12 10 6 5 7 11 23 39 68 111 160 204 231 232 212 166 112 77 54 
18 15 15 14 16 19 18 19 19 17 19 21 20 15 8 8 11 12 10 7 5 11 14 9 6 8 9 11 10 11 14 13 7 6 10 15 12 9 14 8 9 7 9 13 12 10 8 6 4 2 10 31 60 107 157 201 228 230 205 168 116 69 43 26 
21 19 16 15 11 11 12 15 17 16 20 23 19 16 11 7 10 8 7 9 15 20 14 7 8 10 12 6 8 3 7 12 8 8 11 17 13 12 13 8 7 5 6 9 6 9 5 9 7 7 27 57 101 156 201 231 238 216 171 122 74 36 18 13 
22 20 15 15 12 4 8 10 3 3 5 13 14 15 18 13 7 7 10 13 21 24 21 12 14 16 17 11 12 11 6 10 9 10 16 22 18 19 10 5 9 8 9 7 1 7 5 12 12 24 60 104 155 206 233 236 217 176 121 74 40 19 16 16 
21 19 15 13 14 5 8 14 7 5 7 8 13 14 16 10 7 15 12 13 20 20 23 13 12 16 18 11 10 13 9 12 14 12 16 22 17 20 13 9 8 7 6 3 7 10 10 16 22 50 100 149 195 232 233 207 168 118 68 35 19 14 13 10 
17 16 14 11 13 8 9 15 12 9 15 9 9 8 12 13 18 21 14 12 18 15 18 13 9 17 19 11 10 10 9 15 17 15 18 23 20 19 19 14 10 11 6 10 14 14 20 35 58 101 152 193 220 231 204 161 117 73 35 14 12 15 17 18 
12 12 13 10 7 12 17 21 20 14 19 16 15 16 23 25 23 21 15 13 14 15 18 12 4 14 18 4 11 10 10 16 20 19 21 25 22 19 22 15 12 13 4 15 15 9 28 59 103 156 201 224 227 208 161 110 71 37 11 7 14 19 25 25 
10 5 2 4 6 14 17 17 15 14 18 18 19 19 27 19 10 11 11 15 12 15 18 13 9 11 13 7 6 7 10 18 24 22 20 22 20 17 21 15 10 13 9 17 19 24 52 94 147 193 222 226 208 168 114 65 35 12 7 10 11 15 19 18 
15 10 3 5 8 15 16 12 12 17 12 15 19 19 26 17 6 10 12 13 5 9 13 9 6 4 7 12 12 7 4 10 17 20 17 20 21 21 23 17 13 12 7 19 34 56 94 143 193 219 222 201 158 108 60 25 10 3 8 3 6 12 17 19 
13 12 6 7 10 14 16 15 14 20 10 13 15 15 23 19 10 12 15 11 7 10 11 9 6 4 6 11 14 11 9 8 8 11 11 14 14 16 16 14 13 15 16 36 65 100 144 192 226 225 206 164 108 62 31 12 9 11 13 8 7 12 16 17 
10 8 5 6 11 9 9 7 6 18 6 13 13 11 18 16 7 8 10 8 10 12 12 11 7 5 6 6 12 9 8 7 4 6 4 7 7 9 9 12 3 10 30 71 115 154 189 217 223 197 163 115 65 38 23 15 15 16 18 16 16 18 18 20 
9 8 8 7 14 7 3 8 9 21 12 16 13 9 13 10 7 8 9 10 12 9 9 8 5 4 6 4 13 13 10 9 6 5 2 2 5 6 6 12 8 31 65 118 169 204 221 221 199 153 113 70 31 17 12 8 10 12 13 19 22 26 24 21 
24 18 16 14 18 12 7 10 2 16 12 11 5 4 9 12 13 14 14 16 16 11 13 13 13 14 16 17 14 13 6 9 13 13 11 8 5 7 7 17 29 61 104 160 204 224 222 201 162 113 77 44 19 13 14 12 12 16 1 7 9 18 17 14 
16 10 9 2 16 12 8 10 5 9 5 3 5 5 6 6 7 10 10 15 16 12 9 7 10 15 19 27 28 20 9 10 14 19 19 18 14 16 24 42 72 115 162 206 227 222 195 155 110 68 43 22 18 16 15 14 11 13 4 8 7 10 10 3 
21 17 14 9 16 11 8 9 3 7 8 12 12 14 19 18 15 16 11 12 14 12 7 6 8 12 11 16 18 12 14 24 18 19 18 16 12 21 43 71 114 166 207 230 224 198 156 109 67 37 20 11 15 15 10 7 1 12 12 15 14 12 11 7 
11 9 9 2 12 9 9 9 2 5 6 7 8 9 7 2 10 12 13 12 7 6 7 6 9 13 12 13 15 9 17 27 7 8 6 8 11 35 71 108 157 203 224 219 191 150 104 63 36 20 14 14 16 15 9 8 7 14 20 22 20 17 15 13 
10 7 6 6 12 9 11 7 2 5 9 16 20 21 18 11 9 8 13 13 7 6 7 8 11 15 12 12 15 13 19 30 11 5 6 6 20 62 113 160 206 229 219 186 141 93 54 31 20 17 16 19 21 20 13 7 6 8 14 18 19 21 21 19 
13 13 16 22 22 16 13 6 3 5 8 14 15 16 18 14 17 18 21 17 11 11 11 10 14 12 7 4 9 10 14 25 12 3 11 19 51 107 164 207 233 225 186 137 88 51 30 22 17 16 12 15 21 23 17 8 5 10 11 10 11 15 16 14 
12 9 9 10 7 7 10 10 11 12 15 19 20 20 21 10 7 8 17 18 15 15 15 14 15 11 9 7 13 16 12 20 17 12 24 51 98 155 202 222 219 186 129 80 44 20 13 17 14 8 3 7 13 17 13 7 5 11 10 8 8 9 6 5 
11 9 9 7 3 4 9 6 7 9 11 13 15 14 16 6 5 6 6 12 12 11 12 16 16 9 9 12 17 21 13 16 23 26 50 93 145 193 219 214 192 142 80 44 24 6 9 20 15 11 10 6 7 11 12 11 10 13 11 12 13 13 11 12 
25 22 21 18 13 6 8 8 12 6 3 6 12 9 9 7 7 10 9 6 6 6 7 21 21 9 12 15 18 24 13 15 36 55 93 145 191 223 225 195 157 99 42 24 18 14 14 22 11 8 10 7 5 9 10 12 13 15 15 17 20 20 17 16 
33 28 20 14 12 6 9 11 9 5 7 10 15 12 2 9 10 11 12 9 10 8 6 19 18 15 20 25 29 31 26 37 65 100 149 197 225 235 208 155 106 52 12 12 15 10 15 22 14 15 16 10 6 9 7 11 12 13 16 18 18 20 19 17 
19 18 9 16 21 18 16 13 10 6 13 12 13 14 9 13 15 13 15 13 13 10 5 14 17 16 18 21 24 28 34 59 99 145 193 226 226 209 162 100 59 24 6 9 19 6 10 14 7 10 12 12 14 13 8 9 12 11 15 16 15 16 17 14 
18 19 14 16 15 15 14 16 18 14 17 19 18 19 9 7 10 12 17 15 20 18 13 9 6 5 11 17 27 44 66 105 148 186 217 225 198 165 114 64 39 19 9 15 23 11 9 8 5 8 9 9 12 10 11 12 13 11 15 16 15 15 14 10 
23 23 19 15 11 14 10 11 13 11 17 20 18 16 4 7 6 9 13 16 25 20 15 8 5 8 16 25 43 72 107 152 188 211 220 204 161 119 72 39 25 13 8 14 16 7 7 8 3 4 7 4 8 9 11 14 14 14 17 15 12 9 7 9 
32 31 30 24 17 16 11 16 14 12 14 16 14 12 9 8 4 7 10 13 22 12 11 9 13 18 29 43 69 105 146 186 206 209 198 165 114 72 35 18 9 4 2 10 15 14 12 13 10 4 2 3 6 10 12 16 15 13 14 15 13 7 11 14 
18 21 21 16 16 14 12 15 13 14 15 15 11 8 12 9 7 4 10 12 22 12 16 9 11 23 40 65 106 151 186 210 207 186 156 112 65 34 11 8 6 7 9 9 4 4 7 10 14 12 4 5 9 15 18 18 16 15 13 13 19 8 8 7 
10 14 16 18 20 18 17 13 6 6 13 11 8 5 11 12 13 10 12 12 20 12 21 8 11 35 61 98 149 189 210 214 189 148 110 67 33 17 6 6 13 12 9 8 5 9 12 10 14 15 14 12 16 19 18 14 12 12 11 10 21 12 10 7 
8 10 12 17 20 20 18 13 12 5 9 5 7 10 18 21 17 9 7 5 17 14 26 21 30 64 102 143 186 210 209 189 148 101 66 33 18 14 12 12 13 13 12 13 11 8 9 7 15 18 15 7 7 6 8 4 6 5 2 9 19 10 11 7 
10 13 15 17 17 12 9 9 12 3 6 3 6 11 17 18 13 5 12 12 16 14 27 30 42 87 133 167 196 204 186 148 101 60 34 12 11 10 9 12 11 12 10 8 2 9 16 15 20 16 8 9 12 6 11 6 4 8 8 11 19 10 8 7 
24 24 25 24 23 18 17 17 10 3 2 4 7 13 16 12 19 13 12 7 4 3 24 34 48 103 152 181 201 198 167 117 70 37 18 5 11 10 8 13 12 13 10 8 3 8 6 7 15 10 4 9 16 11 10 8 6 11 3 9 17 6 6 11 
18 17 16 17 19 16 18 23 10 8 3 6 6 13 16 11 26 16 7 4 5 6 23 38 57 116 167 193 209 194 149 92 48 23 9 3 14 11 7 12 6 10 10 10 7 11 10 12 17 10 5 10 18 14 12 12 8 18 8 12 17 5 4 4 

15 10 4 6 15 22 20 17 14 9 15 17 13 14 17 16 20 15 15 19 15 9 9 11 16 23 23 21 19 16 11 15 25 18 20 7 12 18 7 3 10 11 13 13 7 26 19 2 4 7 12 25 11 6 15 8 9 14 12 26 12 11 14 15 
12 9 8 9 14 20 16 14 11 8 15 12 10 12 15 17 16 11 12 16 12 12 15 16 21 22 21 20 19 19 10 13 23 19 21 9 8 15 7 8 13 11 15 9 9 24 17 10 11 12 11 21 7 7 17 13 11 16 14 21 13 13 14 14 
12 9 8 7 12 15 10 10 11 10 16 9 6 10 15 18 14 9 7 13 12 14 15 11 13 12 13 10 10 17 5 8 18 17 19 11 3 13 9 10 12 6 13 4 8 20 15 14 10 12 8 14 5 6 16 14 12 15 14 18 12 8 10 12 
13 11 10 9 12 14 9 9 8 12 18 6 5 4 6 9 6 7 8 10 6 11 15 11 15 13 15 9 9 15 5 3 12 13 15 10 4 13 12 11 9 6 12 3 6 17 16 18 12 13 6 8 6 9 14 12 8 11 11 12 10 6 9 12 
9 4 4 2 7 12 7 12 8 15 19 8 11 5 2 4 9 9 6 10 2 12 11 11 14 6 16 6 9 18 16 16 19 22 20 16 10 9 11 13 8 9 12 4 6 15 15 18 10 12 6 6 10 14 13 6 5 8 11 8 6 6 11 13 
11 5 6 11 15 21 14 13 9 13 17 12 16 15 13 11 15 10 2 10 6 13 12 14 15 10 13 2 6 15 20 21 20 21 18 18 15 11 12 13 4 10 10 2 5 12 9 12 12 9 7 5 12 18 15 8 7 7 9 4 4 6 6 7 
13 9 7 11 13 21 15 14 7 8 12 15 20 15 12 6 15 13 5 11 7 12 16 20 18 15 14 11 11 0 6 8 7 7 7 8 13 14 13 12 4 13 9 3 8 9 6 5 12 6 11 6 13 21 19 20 16 13 14 11 9 4 6 4 
14 9 8 13 18 24 17 15 10 10 12 15 20 14 16 15 21 17 7 14 13 14 17 17 10 8 10 10 14 3 6 8 9 10 10 9 11 10 5 7 11 17 10 6 10 8 11 6 15 5 11 10 17 23 22 24 20 17 15 12 12 7 10 12 
8 9 13 15 18 20 12 9 6 8 8 7 12 14 17 16 18 16 13 17 18 17 17 15 9 8 9 13 17 10 9 7 7 4 7 7 6 9 6 6 15 16 4 7 11 7 12 4 16 6 8 13 13 19 23 23 18 16 15 18 21 16 15 16 
13 16 18 18 16 15 12 11 9 11 11 9 14 16 12 14 18 20 18 16 19 18 18 15 10 7 5 9 16 16 18 16 18 17 14 11 6 8 5 4 18 13 6 9 12 7 9 3 12 4 5 9 8 11 18 18 16 16 15 16 14 6 5 2 
12 17 18 18 17 8 3 3 3 9 10 8 16 22 22 15 12 14 17 15 17 13 12 10 1 2 3 8 11 16 19 18 21 20 18 22 23 22 21 21 26 17 11 8 8 14 13 9 11 5 3 4 6 8 11 11 13 18 20 17 14 7 5 4 
9 10 10 8 9 4 5 3 2 12 14 13 16 15 22 15 11 8 8 9 7 8 11 12 8 5 5 8 11 15 19 13 11 11 11 19 26 28 26 23 21 12 12 9 6 13 6 9 11 9 6 3 5 8 10 10 9 13 23 19 13 12 11 12 
17 10 5 8 12 9 8 5 6 15 16 9 8 7 20 13 14 15 11 7 4 6 6 9 5 8 8 10 16 18 23 20 15 13 8 11 13 14 11 5 4 9 12 12 10 10 10 11 13 14 8 6 8 10 11 10 7 9 24 23 16 17 13 11 
16 13 8 14 18 14 14 12 4 12 15 11 10 15 19 15 21 20 18 15 11 8 0 9 6 6 11 12 15 13 18 19 18 15 8 8 9 9 5 7 9 13 15 13 8 4 15 13 13 15 9 4 1 6 9 11 9 7 23 27 19 17 11 5 
18 15 9 13 16 15 15 17 7 9 13 14 19 24 21 18 21 14 14 14 12 9 3 4 7 8 15 16 20 19 20 18 17 13 11 11 11 8 3 9 14 12 10 8 3 7 17 11 12 12 9 12 11 7 9 13 17 12 18 24 21 21 10 5 
24 17 5 13 11 9 1 16 9 13 23 30 35 37 34 26 20 13 13 11 12 7 6 9 8 8 12 3 9 8 7 7 9 6 11 10 12 15 16 23 28 22 17 12 8 14 18 10 6 5 8 12 12 11 12 13 17 15 13 21 21 21 14 12 
31 25 11 13 11 9 6 10 11 18 28 32 27 20 16 15 15 13 11 10 12 7 8 6 6 10 9 3 5 3 6 5 5 5 12 16 26 26 26 31 29 21 16 12 18 18 16 10 9 9 12 12 11 6 8 9 13 12 8 20 21 22 20 19 
36 30 16 10 11 3 9 2 5 15 18 12 11 14 19 19 19 15 9 12 17 11 8 7 12 14 9 8 9 10 13 12 15 13 14 12 18 12 12 18 11 11 11 14 19 17 17 12 12 13 15 14 11 3 6 6 11 13 7 19 24 27 28 28 
31 27 20 20 19 15 17 15 9 16 15 7 13 17 21 21 23 20 14 7 11 8 3 15 15 7 1 6 7 10 14 15 17 17 17 15 19 13 10 11 10 18 19 19 17 10 13 12 17 19 18 14 9 3 9 5 12 13 6 15 24 27 27 27 
29 24 21 16 12 9 10 21 16 15 12 5 16 20 24 25 26 22 19 12 9 10 3 16 15 2 9 8 7 11 11 11 13 13 14 14 14 9 12 11 17 22 22 21 15 6 4 12 19 21 18 8 5 6 11 8 14 14 9 9 19 22 22 20 
29 22 18 10 4 4 9 24 16 13 16 18 25 24 23 19 16 13 20 14 9 13 8 19 15 9 9 4 5 5 10 15 16 15 14 14 9 4 10 14 20 20 14 6 6 9 9 8 5 12 16 6 9 11 14 12 16 17 11 6 15 17 21 22 
13 10 12 10 8 2 5 19 17 14 18 21 20 18 15 12 12 14 21 16 14 17 14 21 12 14 6 9 12 8 12 13 11 12 12 6 4 8 15 19 18 12 5 7 13 12 11 7 3 13 16 6 14 14 12 9 12 14 13 4 16 11 12 18 
9 7 10 8 9 3 3 13 11 10 15 16 14 13 10 8 15 21 28 30 26 21 16 16 5 16 11 15 15 11 12 7 1 5 6 7 10 8 10 13 11 9 6 14 11 6 5 2 3 12 20 11 15 12 8 5 7 12 15 5 15 13 23 31 
6 6 9 6 4 4 6 11 7 9 12 9 10 11 4 2 6 5 12 18 19 13 12 11 6 14 10 14 15 13 13 9 6 6 3 8 12 7 12 9 3 6 3 13 9 6 6 4 5 6 18 5 12 10 6 4 5 11 15 3 21 45 64 78 
2 4 9 8 9 12 16 17 11 9 8 5 5 8 2 2 8 6 7 3 8 10 13 15 14 15 12 12 15 15 12 8 6 8 3 9 11 6 12 10 11 13 13 12 7 7 11 13 9 3 17 6 8 8 6 4 4 10 17 16 43 78 107 129 
15 17 17 9 5 3 9 17 8 2 6 9 11 12 10 17 23 20 13 12 8 6 7 4 10 11 10 11 16 17 15 14 12 8 3 7 11 8 14 14 10 7 9 4 10 13 15 17 15 4 12 8 4 3 6 9 6 7 26 45 86 126 154 173 
4 5 15 11 7 8 12 21 16 14 14 12 17 17 6 9 10 12 11 8 8 11 12 14 15 12 12 11 13 15 13 12 12 11 12 11 11 6 7 13 6 3 12 10 8 7 7 15 16 9 11 8 7 3 5 9 2 19 61 99 148 183 203 214 
11 7 11 7 5 8 11 19 15 14 11 13 20 18 8 9 16 25 26 22 17 10 8 9 7 6 9 4 11 12 11 10 8 4 7 9 10 7 8 12 6 8 12 12 7 7 9 15 13 6 8 11 11 7 8 18 28 58 108 150 191 210 217 218 
8 6 14 18 22 22 14 15 15 16 10 13 22 21 9 1 6 19 18 13 13 9 5 8 5 3 6 5 15 13 9 9 9 8 10 10 10 8 8 9 5 8 11 12 7 7 9 14 14 8 4 12 12 3 13 40 65 106 161 197 218 213 198 182 
13 12 16 22 24 26 21 15 14 17 10 11 19 22 16 7 10 16 13 8 9 7 5 12 7 3 3 6 15 8 11 15 16 16 16 14 13 13 12 7 3 6 7 9 7 9 11 11 10 8 4 13 12 11 32 68 103 155 208 230 226 197 165 135 
11 9 8 11 10 14 6 1 6 14 8 12 13 15 20 22 23 18 8 7 11 11 10 11 6 7 7 9 13 6 14 15 9 6 6 5 6 8 11 9 6 8 9 7 6 9 9 9 11 10 9 17 21 35 71 113 154 200 235 234 205 164 127 96 
10 6 5 10 12 16 13 13 14 18 15 4 10 13 18 20 20 20 11 3 10 11 13 10 7 9 11 13 16 10 15 15 9 5 5 4 2 9 14 12 5 4 6 5 6 9 8 9 12 13 15 27 43 71 116 164 202 230 235 207 161 113 76 51 
13 6 3 6 8 13 10 12 13 12 14 11 9 7 5 8 18 21 16 9 9 8 14 7 3 5 7 11 11 8 15 18 15 7 7 7 6 11 14 15 10 10 8 7 12 13 10 7 7 10 20 41 68 107 157 198 222 228 205 162 111 65 35 18 
6 4 7 12 17 18 16 16 17 15 21 23 18 14 9 11 17 14 11 5 2 12 17 9 7 10 13 14 15 15 17 20 17 7 7 10 6 13 11 14 12 11 10 10 12 11 10 11 9 11 31 62 102 152 196 221 224 202 158 112 67 32 17 12 
7 8 7 14 14 12 11 12 14 16 23 28 25 19 12 9 15 8 11 13 18 24 19 14 13 14 17 14 18 15 10 14 13 2 5 10 6 14 7 12 12 11 9 7 6 7 6 8 10 26 61 103 152 198 223 229 213 173 119 73 37 8 3 5 
7 6 5 13 13 7 9 8 3 2 7 16 19 19 18 13 13 14 20 21 24 25 20 14 13 12 16 9 10 11 5 10 12 8 11 15 12 18 9 9 11 10 9 8 3 6 4 14 26 58 108 157 200 230 231 209 173 124 72 36 15 7 13 14 
5 5 6 12 13 9 10 11 6 5 7 11 16 18 21 20 19 20 20 16 12 15 15 11 8 11 16 7 6 11 3 7 10 7 4 10 1 13 9 8 8 5 5 4 3 5 12 31 53 99 155 195 223 232 204 160 116 70 29 13 10 7 9 5 
14 13 13 14 11 5 7 12 11 9 16 9 11 12 18 23 24 24 18 14 8 12 15 14 9 14 21 13 8 10 5 6 7 9 2 6 6 7 9 7 6 6 4 7 11 17 37 66 103 155 201 223 227 208 159 107 70 36 9 7 11 11 13 14 
17 16 16 15 6 11 15 20 21 21 23 13 5 14 24 27 25 22 15 14 7 12 20 14 9 15 21 12 12 10 9 9 9 10 5 3 7 5 10 7 5 9 4 13 19 28 59 102 150 198 228 229 207 166 109 61 34 13 9 11 12 16 21 25 
9 8 9 9 11 14 15 16 19 25 27 18 12 17 24 23 16 12 11 15 12 18 23 16 14 13 12 5 9 10 13 16 18 16 9 6 7 5 9 8 3 11 15 24 38 57 95 141 186 217 223 205 168 121 69 29 11 11 18 15 9 11 17 24 
18 14 9 10 13 15 15 14 19 28 25 16 14 14 19 19 14 17 20 18 13 15 15 9 8 6 6 6 8 5 3 9 14 18 14 12 13 13 13 16 13 12 13 36 66 100 145 188 221 226 204 164 116 70 29 9 6 11 15 10 6 12 19 28 
17 10 4 8 15 17 18 22 24 31 25 12 6 8 13 15 9 13 16 11 5 7 6 6 8 6 7 8 10 11 8 6 8 12 12 10 11 15 15 19 15 18 30 66 109 151 191 221 234 210 169 121 73 38 14 10 11 16 20 11 10 16 23 33 
15 6 0 10 18 18 21 21 22 29 24 14 10 10 11 15 3 7 6 4 6 9 8 9 9 9 10 11 12 12 10 6 8 9 8 7 7 9 9 15 15 36 66 117 166 199 218 222 205 163 118 73 42 26 16 15 16 18 24 17 19 23 26 35 
14 6 3 11 18 16 16 15 13 21 20 17 16 13 10 11 5 9 4 8 9 8 5 3 3 3 7 7 9 12 11 5 8 7 6 8 8 9 9 19 35 66 109 167 210 228 225 203 166 117 77 42 23 18 10 11 12 10 19 20 25 30 32 38 
25 19 15 18 22 16 12 11 4 10 8 6 5 2 6 11 12 15 12 14 16 7 9 7 9 11 14 15 6 12 7 8 11 8 3 3 7 13 15 34 65 105 154 205 228 226 204 168 127 84 55 32 21 16 13 14 12 10 6 6 14 22 27 35 
12 8 8 14 21 14 7 7 5 7 5 5 8 6 5 7 7 13 8 12 18 11 9 7 8 11 13 22 16 12 3 11 14 17 15 14 12 25 41 72 118 166 208 237 231 203 163 115 74 43 24 13 14 14 11 13 7 9 9 9 15 16 21 28 
20 15 13 14 20 13 6 7 5 7 8 11 10 13 17 17 15 19 10 5 15 13 10 9 9 12 10 13 12 8 9 20 14 18 20 21 20 45 75 115 166 208 232 234 203 160 116 72 39 20 11 8 9 12 6 10 7 12 13 14 16 13 15 21 
7 4 8 9 15 11 8 9 3 6 6 6 5 12 12 9 15 17 15 8 9 11 10 11 10 13 14 12 12 7 15 22 4 6 10 11 22 66 109 153 198 221 219 195 151 106 70 43 25 16 11 10 9 11 6 12 8 9 15 16 18 15 14 16 
10 9 10 11 14 12 12 8 1 6 9 14 15 18 18 10 14 15 15 12 12 12 11 10 10 17 18 16 18 14 21 25 8 2 10 14 45 103 155 197 227 223 190 146 99 59 36 27 22 18 13 13 8 9 6 11 9 5 9 10 15 18 20 21 
28 26 26 27 24 18 12 6 3 9 7 5 5 13 20 15 20 22 24 19 17 14 13 10 13 17 14 7 10 10 18 23 11 15 29 49 97 158 204 229 230 195 140 93 52 26 19 21 20 18 12 12 11 10 9 9 8 9 9 3 5 11 12 12 
22 19 15 12 9 8 6 7 8 12 11 14 13 16 22 9 12 16 22 23 20 18 15 12 13 15 12 3 6 12 15 20 22 34 58 97 152 202 226 222 193 139 79 43 17 7 12 18 15 12 9 9 8 9 7 8 8 11 9 5 5 7 2 7 
17 15 13 9 7 7 9 11 11 15 12 12 12 10 18 2 3 3 8 15 15 13 15 17 16 15 14 11 11 16 13 21 40 64 100 148 194 222 220 191 147 90 37 16 5 5 11 19 14 13 13 11 5 7 11 14 15 16 14 14 14 13 9 13 
24 22 21 21 17 9 8 6 5 6 2 7 12 8 15 7 3 4 6 7 6 7 12 24 23 13 14 12 12 20 18 38 73 109 154 198 225 229 201 152 105 52 13 9 15 16 15 19 6 3 7 10 4 7 12 14 14 12 11 11 12 14 9 9 
22 17 9 5 9 10 12 14 11 8 8 5 11 5 9 8 5 5 7 4 9 8 10 23 21 16 23 27 29 37 46 74 117 161 203 232 234 212 162 105 61 18 12 12 16 15 16 18 11 9 13 12 5 10 14 14 13 9 7 8 8 11 14 14 
15 17 15 22 26 21 17 15 8 2 11 9 11 9 10 12 10 7 9 4 12 9 7 20 20 20 23 27 35 52 73 111 159 199 227 233 207 166 110 58 27 3 14 11 20 13 15 14 13 15 17 18 16 11 12 7 9 3 5 7 6 9 11 12 
21 24 18 18 18 17 18 21 18 10 12 14 16 13 8 11 7 5 12 6 18 14 8 14 11 12 17 27 51 80 113 159 198 220 225 205 159 116 68 33 20 12 15 15 24 16 13 11 12 14 14 15 11 4 12 5 8 3 8 10 9 10 9 7 
30 29 22 16 11 9 11 17 15 12 16 18 17 13 8 10 5 5 11 8 20 14 9 8 3 16 26 47 80 117 158 199 218 219 205 167 113 75 38 19 12 9 12 12 17 9 7 9 8 11 13 12 9 6 10 5 6 9 12 12 9 7 8 12 
39 37 32 26 16 7 6 14 9 4 7 11 12 8 9 10 5 7 11 8 20 12 12 10 14 31 49 76 114 154 190 216 216 197 168 123 71 41 17 13 9 8 8 2 11 7 6 11 10 7 8 7 4 6 8 6 5 5 8 10 12 8 12 14 
18 19 14 9 7 1 7 14 9 9 8 10 8 6 10 7 4 9 17 15 24 16 18 12 18 46 72 108 154 192 213 219 195 157 118 73 33 18 9 10 8 12 13 9 6 3 6 6 11 10 7 7 8 10 10 9 9 9 8 10 18 6 6 4 
11 14 14 21 23 21 20 16 8 9 12 9 7 2 6 10 12 13 21 19 24 19 23 16 31 71 106 148 192 213 214 198 156 108 72 34 12 13 9 6 6 10 10 5 1 5 12 9 12 13 12 12 15 15 12 8 8 9 8 9 20 10 7 3 
9 12 13 22 25 25 22 17 15 9 12 8 9 9 12 15 12 7 15 9 15 16 31 37 62 111 155 188 212 211 190 154 108 68 42 15 10 14 8 6 7 8 12 11 10 6 10 3 13 16 12 8 11 6 9 7 7 5 4 9 18 10 9 4 
8 12 13 19 16 11 6 7 15 6 8 8 11 12 14 14 9 7 15 7 10 12 37 52 82 139 180 195 201 186 151 107 68 39 21 6 10 15 12 13 7 4 8 6 4 8 13 14 18 15 7 12 19 14 14 11 9 7 7 9 17 8 6 8 
25 27 28 29 24 18 15 15 15 4 5 7 12 15 14 13 15 15 17 11 12 7 41 62 96 157 192 197 191 165 123 76 43 21 11 6 10 15 14 15 12 10 10 8 7 12 11 11 15 12 9 14 21 15 12 11 11 10 5 8 17 9 6 10 
21 22 21 22 17 15 17 22 17 3 1 5 10 15 15 7 20 23 23 20 18 12 43 71 109 170 203 202 186 149 98 51 25 12 9 5 14 18 17 15 7 7 11 12 10 15 12 14 17 12 11 19 27 19 16 17 13 16 12 15 20 12 6 6 

3 5 16 20 22 23 12 2 6 9 12 9 4 8 14 10 15 8 12 17 12 9 9 11 16 20 19 19 16 11 6 6 16 1 18 13 17 17 8 5 7 9 8 12 6 22 18 14 14 18 18 23 13 6 12 11 6 13 11 25 21 3 9 14 
7 11 16 18 21 22 11 3 3 9 10 5 6 8 10 11 9 3 9 15 10 11 12 14 18 20 19 20 19 18 9 7 16 5 16 9 15 16 8 4 12 11 12 8 7 21 11 13 14 17 14 19 10 8 14 12 8 12 9 18 17 8 11 12 
9 9 10 11 16 16 8 5 3 10 13 7 8 10 13 14 9 5 4 11 10 12 12 9 10 6 5 6 7 16 9 8 16 11 16 8 12 12 6 9 14 9 13 2 9 18 6 12 10 13 10 14 5 2 10 9 3 9 7 13 16 9 6 6 
11 8 7 6 10 9 4 5 3 12 17 10 12 11 12 11 8 8 6 10 10 15 17 15 17 14 13 8 10 16 10 6 13 12 14 8 9 10 6 9 11 9 14 5 9 17 7 15 7 11 6 11 4 3 8 7 2 6 5 9 12 5 5 9 
10 8 7 2 8 10 6 8 7 16 21 12 14 12 14 12 15 15 8 6 9 15 16 18 20 15 19 14 14 18 15 14 20 24 22 15 8 6 6 11 9 11 13 5 10 17 10 15 1 9 4 10 7 9 10 5 0 6 7 6 8 5 8 12 
10 6 5 6 10 15 7 9 9 15 19 13 15 15 15 13 17 14 4 5 10 15 12 15 15 14 18 11 8 13 18 20 25 28 26 22 15 9 9 13 7 10 13 7 11 15 9 12 3 7 7 10 9 13 11 8 4 6 7 2 5 10 11 11 
14 8 4 3 6 13 4 10 8 11 14 11 14 5 6 6 16 15 7 7 7 13 16 22 22 21 20 15 13 5 6 10 13 13 13 14 17 15 12 12 5 9 10 8 11 13 9 9 6 5 10 8 9 16 10 14 11 7 9 4 3 3 9 10 
12 5 4 6 12 16 9 13 8 10 14 10 12 5 12 14 19 17 8 8 8 11 16 20 12 10 12 9 15 8 3 6 10 8 10 8 12 14 12 14 14 17 11 6 9 9 14 12 13 9 12 5 12 20 15 19 14 10 9 3 6 5 12 14 
7 7 8 7 10 11 6 7 2 6 9 5 6 9 10 8 12 9 2 8 8 11 17 18 10 9 10 10 18 11 7 6 8 2 7 4 7 14 13 14 16 12 3 5 7 4 11 2 13 8 8 11 13 20 18 20 15 11 8 12 17 17 19 20 
10 9 8 8 5 10 15 12 9 10 9 7 13 13 6 7 13 16 13 11 14 15 19 21 14 10 6 8 17 13 12 12 16 18 15 13 12 15 13 13 16 10 5 4 8 4 10 6 10 5 8 10 10 15 20 21 17 17 12 10 11 5 8 9 
10 10 9 10 10 6 2 3 0 5 5 9 17 18 15 5 4 12 17 17 16 11 13 15 2 2 3 9 12 13 16 15 18 16 15 20 23 22 20 19 21 15 12 10 9 12 13 9 10 3 5 8 10 12 14 15 11 17 19 14 11 5 5 10 
10 6 3 4 13 10 4 4 2 6 8 12 16 8 15 8 7 7 11 12 7 3 8 16 12 8 5 6 6 9 14 9 10 6 10 18 25 27 25 20 18 13 14 14 16 20 18 16 17 10 5 5 8 11 13 12 6 10 21 15 10 10 9 15 
15 10 3 11 18 11 7 5 5 7 12 11 13 7 17 15 17 18 15 12 9 9 4 11 8 8 6 1 5 9 18 14 13 8 12 14 12 11 9 8 5 10 12 16 20 23 24 21 19 12 6 2 5 8 10 9 5 6 23 19 11 12 10 16 
15 15 9 17 22 13 14 11 3 5 12 10 10 14 18 19 23 20 16 14 12 12 6 10 10 10 9 8 8 9 17 16 15 9 14 16 7 4 5 12 10 15 17 18 19 20 21 16 16 11 6 6 5 9 12 14 13 8 22 23 14 15 11 15 
17 18 11 15 21 19 20 18 8 5 10 11 17 24 22 21 21 8 7 6 9 10 5 6 8 8 10 12 12 13 15 13 12 7 17 19 10 7 4 15 15 9 10 12 12 14 15 5 7 5 3 7 7 6 9 14 21 19 19 21 13 15 11 9 
23 21 9 15 13 9 8 16 10 15 21 26 32 34 30 23 15 6 9 6 10 7 7 8 6 6 6 7 4 5 6 7 8 9 20 17 13 19 19 28 29 23 20 18 14 13 12 7 6 7 6 3 6 6 6 7 14 17 14 20 14 14 10 7 
22 25 13 17 13 7 8 9 11 20 26 32 30 23 23 19 13 12 10 7 11 5 6 9 6 6 6 11 6 5 10 12 11 12 17 16 30 31 29 34 29 21 18 15 21 19 19 18 14 10 8 3 4 5 7 7 10 15 12 18 14 15 15 13 
24 27 16 15 14 0 7 2 5 15 15 13 12 9 12 9 8 13 11 12 16 8 6 6 8 10 11 12 6 3 8 5 13 18 20 19 27 18 14 21 12 12 13 18 24 21 24 24 19 16 15 9 5 3 7 8 10 15 12 16 16 19 19 21 
24 25 22 21 18 12 14 12 8 16 14 6 5 5 9 8 9 12 6 4 15 9 3 13 15 14 13 10 5 2 8 8 13 19 20 19 26 17 14 17 16 21 23 27 25 18 19 20 20 20 19 14 7 3 9 7 12 13 12 17 20 21 18 19 
23 24 24 18 14 12 12 20 14 14 11 7 12 13 17 19 21 20 15 9 11 7 4 17 18 11 10 6 1 8 7 6 11 15 18 19 19 11 12 17 24 29 29 30 22 12 9 12 14 15 15 9 7 5 11 6 13 13 13 13 17 20 18 19 
29 24 19 12 9 9 9 22 15 16 19 18 21 18 18 16 13 7 15 11 11 8 4 18 19 9 4 9 12 18 17 18 20 20 21 21 13 4 6 11 20 19 13 9 5 7 4 7 6 15 17 12 9 7 11 8 13 13 12 7 10 14 19 28 
17 13 12 10 9 9 5 16 14 17 23 27 25 21 18 15 14 8 16 12 12 12 10 21 19 12 11 18 17 18 17 16 15 16 16 11 4 7 14 17 15 9 3 7 13 9 6 5 3 13 12 10 12 14 15 11 13 17 19 12 7 11 25 40 
10 9 11 10 11 8 3 11 7 11 18 21 20 19 14 14 20 25 30 31 24 17 11 14 12 12 13 16 15 14 13 10 5 3 7 7 10 8 11 15 12 9 8 13 9 2 5 7 8 13 16 6 8 7 9 9 10 14 19 9 18 40 60 76 
9 11 13 12 11 9 5 9 3 7 12 9 8 12 8 1 6 8 15 20 20 13 9 6 7 14 15 14 11 9 9 8 4 3 6 8 12 9 12 12 2 5 4 15 9 8 11 10 7 9 18 6 10 6 6 6 4 10 20 26 52 87 115 135 
7 10 14 14 14 15 15 13 7 5 7 6 6 10 7 3 9 7 12 8 6 9 12 15 13 16 16 11 10 7 7 7 5 6 5 7 12 7 15 17 14 17 17 15 8 11 15 11 4 5 19 12 9 4 2 1 3 8 29 54 94 133 166 187 
17 19 19 14 10 9 12 14 4 7 11 12 11 12 7 14 22 19 17 14 11 8 8 4 5 11 13 10 12 10 8 10 7 4 3 6 11 4 11 16 7 4 6 9 16 20 24 19 10 6 17 15 5 4 8 8 2 20 60 100 149 184 206 218 
8 10 19 19 15 16 16 21 17 19 18 15 19 18 6 8 15 12 18 10 12 13 16 17 17 16 18 15 14 10 6 7 8 8 9 9 12 5 6 16 7 8 15 16 15 16 18 16 15 12 14 15 6 3 3 14 24 59 113 159 202 223 227 224 
15 12 16 15 14 15 12 17 11 9 5 12 22 21 7 7 16 22 30 23 19 14 12 11 9 8 12 6 13 12 6 4 4 1 5 7 8 2 4 15 2 5 13 13 6 14 17 16 15 11 14 15 11 6 13 38 63 110 167 201 226 226 210 196 
13 15 19 22 23 21 10 10 12 11 4 9 23 22 8 4 3 17 24 13 14 9 9 8 3 1 7 3 17 15 8 4 4 10 13 13 11 7 7 14 6 4 9 12 5 12 15 19 21 17 12 15 15 9 27 66 104 158 209 224 225 202 167 142 
20 21 21 24 23 24 18 10 10 14 9 10 22 23 11 3 0 15 21 11 10 7 5 8 6 5 4 6 18 13 7 11 12 16 17 16 15 12 10 12 7 6 7 11 4 11 8 7 12 12 8 13 15 18 55 104 147 198 233 227 204 163 120 90 
18 18 15 10 10 16 9 5 10 17 18 18 18 18 15 14 13 10 15 11 9 8 6 9 5 6 8 11 17 10 8 15 12 10 11 9 7 7 8 11 8 8 10 7 4 12 8 5 5 7 7 20 31 55 105 156 193 226 234 206 165 122 82 58 
12 10 10 11 16 22 19 19 21 27 24 16 16 18 21 18 15 11 12 8 5 6 9 10 9 12 15 17 19 12 9 16 17 13 13 12 10 12 7 12 8 5 4 1 6 12 9 6 6 10 19 39 62 99 154 197 220 228 208 160 114 73 41 26 
15 9 5 4 13 16 10 10 13 17 20 19 14 11 11 10 17 16 16 14 8 2 8 5 5 9 15 18 17 11 12 20 24 13 13 15 16 19 2 9 6 9 8 6 10 12 7 5 4 14 36 65 100 143 187 212 214 198 156 106 66 33 13 6 
0 3 6 12 17 14 8 6 9 12 18 20 11 8 7 12 22 14 12 9 5 14 17 11 7 9 15 15 13 10 10 17 24 16 15 16 15 21 3 7 7 10 9 5 10 9 5 7 10 27 60 101 146 189 217 219 199 160 108 66 37 15 12 10 
11 10 9 15 16 12 10 12 13 17 22 27 21 16 10 7 20 16 20 19 19 24 14 11 10 12 19 19 22 20 15 15 19 10 9 11 10 18 5 3 4 8 9 6 9 6 4 11 25 57 103 152 196 224 227 208 173 124 74 38 19 2 4 5 
6 5 6 12 12 9 7 6 4 3 9 18 20 18 14 5 12 19 26 24 22 22 12 13 12 9 12 8 11 13 9 7 16 11 9 11 11 19 11 5 2 6 10 9 8 6 10 28 55 103 158 201 229 234 209 167 123 75 32 11 10 8 13 15 
7 8 9 9 7 7 9 11 9 6 7 13 19 19 20 15 9 16 20 15 9 14 14 19 16 11 11 1 5 13 6 4 12 13 10 12 6 11 11 8 7 7 9 11 9 11 31 57 95 153 200 223 231 213 162 110 70 32 8 10 11 4 10 16 
16 14 13 10 5 2 7 13 11 12 18 13 18 17 22 23 15 18 15 11 7 9 17 18 14 8 13 5 7 16 12 10 10 11 7 7 7 2 12 12 10 10 9 13 16 32 65 102 149 201 227 227 211 171 111 64 36 11 10 12 12 7 15 24 
14 12 13 11 7 11 16 23 25 27 28 14 9 15 24 27 22 16 7 10 8 9 19 15 12 9 15 10 14 17 17 12 9 11 9 9 9 5 9 10 11 14 11 22 35 60 101 146 192 226 230 207 169 119 64 28 14 9 16 16 14 16 24 33 
4 4 8 11 16 16 18 21 24 34 37 26 18 21 27 28 20 10 11 16 16 17 21 17 15 14 12 8 13 19 22 19 14 12 10 10 9 7 6 8 9 14 22 44 70 103 148 187 217 226 202 162 118 74 30 7 6 12 18 20 13 14 23 32 
8 9 9 16 20 18 18 12 12 27 30 25 22 21 22 24 19 18 21 20 18 15 12 6 3 1 4 4 6 12 15 13 11 13 11 10 10 12 11 15 16 14 27 66 108 154 196 222 234 212 164 113 69 32 11 11 3 9 10 18 15 10 18 26 
4 5 8 16 18 14 12 4 8 20 21 15 13 13 15 19 14 12 15 14 11 10 8 5 2 0 1 2 3 8 9 7 5 6 8 8 10 14 15 16 17 30 58 108 159 199 223 231 220 173 118 71 34 10 11 13 13 18 20 18 16 8 15 21 
6 6 4 12 14 8 9 8 8 16 17 11 14 15 13 16 9 7 10 9 6 10 8 6 6 6 9 12 12 11 9 1 2 1 5 6 5 7 6 14 36 67 110 167 210 229 227 206 171 118 69 33 14 10 15 16 19 20 25 21 20 13 12 18 
9 9 9 12 14 11 13 12 11 12 11 11 16 17 14 15 12 8 5 9 8 8 6 1 3 3 4 6 7 10 12 3 3 6 9 10 7 8 13 35 68 106 158 210 233 229 206 165 123 76 39 18 12 10 11 13 16 13 22 23 24 22 18 20 
22 19 17 19 19 15 16 15 12 8 6 6 13 15 15 18 18 16 13 15 16 5 7 3 4 8 12 14 11 14 11 11 9 11 9 11 12 17 31 65 108 150 197 232 228 202 163 118 84 51 30 22 16 10 10 15 15 6 11 11 14 9 6 12 
17 17 16 18 20 14 13 11 5 5 9 10 14 16 15 16 15 16 11 14 19 9 9 8 5 8 8 14 11 10 8 15 15 20 18 14 19 42 70 116 166 203 232 240 207 161 115 67 37 17 8 9 4 9 11 16 15 11 11 10 18 13 10 15 
24 20 15 15 18 12 11 9 5 7 8 12 15 18 21 21 19 19 6 7 19 18 15 14 10 11 9 7 7 6 7 19 15 22 26 28 43 81 120 167 207 224 229 212 160 110 71 33 14 12 8 10 1 11 13 18 19 15 14 12 18 15 13 15 
11 10 10 11 15 11 8 7 3 7 6 9 10 14 17 17 20 17 7 4 21 23 20 17 11 11 11 8 11 12 15 23 15 15 19 27 62 116 161 199 220 213 192 156 102 62 40 19 11 11 7 10 3 12 13 20 21 17 16 13 17 15 13 11 
11 11 10 9 13 12 12 10 7 9 7 6 6 9 15 13 16 12 6 8 22 23 21 17 12 16 18 15 17 16 23 26 16 14 27 49 101 163 204 228 227 194 148 104 59 30 24 19 14 12 6 9 5 12 9 15 16 13 13 9 13 17 20 23 
32 30 28 25 21 15 9 8 9 14 14 13 16 16 21 19 22 22 21 20 25 22 19 17 15 18 16 4 6 9 21 23 17 35 63 103 162 214 238 237 205 149 95 58 27 13 16 18 15 12 6 10 9 13 10 11 9 9 9 6 3 9 12 14 
14 14 10 7 4 3 2 5 7 14 14 16 17 15 17 11 14 18 23 25 23 17 14 15 15 19 16 9 6 10 19 22 35 64 102 154 205 233 233 205 151 90 44 23 13 10 17 17 13 12 11 12 10 9 5 8 7 9 7 5 6 9 1 6 
11 12 9 3 1 3 8 12 11 15 14 15 16 15 15 5 7 8 8 13 12 8 16 16 18 24 20 15 11 14 21 36 68 105 149 194 221 223 199 153 99 50 18 12 10 9 17 16 14 15 15 13 7 3 9 13 13 15 13 15 15 15 10 12 
15 13 13 15 12 5 5 4 3 8 10 12 16 14 14 2 4 4 0 3 2 6 16 23 24 18 13 7 13 26 42 72 115 155 194 220 221 198 153 102 59 21 9 6 6 6 14 12 7 10 10 10 9 6 8 11 11 6 7 10 12 14 6 6 
15 12 8 8 12 10 12 14 12 12 13 9 13 12 12 6 5 5 5 4 9 12 15 22 19 11 18 25 38 58 84 122 167 203 224 224 197 153 99 54 24 2 10 8 4 8 16 16 15 13 15 12 10 12 12 13 13 7 3 6 8 11 14 16 
27 26 24 27 25 18 13 9 4 4 12 11 12 12 15 9 7 9 9 10 14 10 8 18 15 14 20 29 53 85 121 165 205 225 223 200 153 103 58 27 11 7 11 4 9 14 20 22 22 19 20 19 15 11 11 6 9 3 5 6 7 7 9 12 
31 28 19 16 15 14 16 15 10 6 8 12 12 14 16 9 2 5 11 12 17 10 4 16 10 16 22 42 80 120 160 201 223 219 199 158 104 64 33 20 16 15 15 9 17 22 25 25 23 19 14 11 5 6 11 3 7 6 10 9 9 8 5 6 
30 26 17 12 8 9 15 16 15 14 15 16 17 17 18 12 4 5 10 8 16 6 3 12 8 27 43 77 123 163 198 221 219 195 162 116 66 36 13 5 4 10 16 12 18 23 23 22 18 16 15 12 8 7 6 1 3 7 10 8 6 5 9 12 
34 29 25 22 14 8 9 12 7 5 6 10 9 11 14 10 3 5 11 5 16 6 10 15 20 48 73 112 158 192 213 217 197 160 122 80 40 21 8 7 5 4 11 9 12 16 14 15 14 10 10 10 8 6 5 6 6 6 10 8 11 9 13 14 
8 9 9 6 8 5 6 12 9 4 6 11 10 11 11 8 3 4 14 3 15 3 14 19 36 76 110 151 193 213 213 195 157 112 77 46 23 15 11 11 10 12 12 14 10 12 9 8 11 10 12 15 15 12 12 11 11 10 11 8 17 7 7 4 
16 17 18 22 23 18 17 15 5 5 8 9 7 9 8 12 13 13 21 11 17 11 22 28 61 112 153 190 217 217 196 158 110 69 44 26 22 21 20 16 11 11 8 11 6 5 10 7 12 12 14 21 23 21 18 14 12 10 8 7 20 9 5 2 
9 12 13 20 23 22 20 16 12 6 9 7 9 12 12 13 13 9 20 7 10 17 41 60 105 162 200 216 218 196 157 111 71 43 29 19 15 14 15 14 12 12 12 14 9 7 11 4 14 16 13 21 25 21 20 16 14 6 3 7 19 9 7 2 
3 5 6 17 14 12 7 2 10 7 9 9 12 16 13 14 9 6 18 7 4 21 58 87 134 190 214 208 191 159 116 73 46 30 22 21 18 16 18 18 14 10 12 13 4 7 9 10 17 18 17 24 29 23 20 15 14 4 2 6 18 9 7 8 
22 22 24 29 25 20 13 10 15 9 8 11 15 18 13 15 10 11 19 14 11 27 72 108 153 203 215 197 168 131 89 50 31 22 22 23 20 16 18 17 14 12 14 15 5 11 12 15 19 19 19 24 27 18 13 15 19 14 9 8 18 9 6 9 
21 21 22 27 21 20 12 15 20 9 8 11 16 18 15 13 8 13 18 15 10 31 81 124 168 213 219 189 150 108 66 31 19 19 24 24 22 18 20 17 10 11 17 18 6 11 11 16 22 22 21 25 28 17 12 20 22 18 14 11 18 8 4 7 

11 11 17 7 9 14 12 24 26 25 22 15 7 8 19 11 16 12 20 25 19 20 16 14 16 19 18 20 15 7 6 12 19 6 15 14 17 16 7 9 11 13 9 9 8 15 9 7 11 16 15 23 16 10 7 11 3 8 13 26 33 23 12 10 
12 14 16 8 10 11 9 19 22 21 18 11 6 9 18 16 12 8 14 21 16 17 15 15 18 19 20 22 19 16 7 10 17 3 15 15 18 15 8 9 15 15 14 6 7 15 6 12 12 13 12 19 14 12 11 12 6 9 12 21 27 19 11 9 
9 10 12 7 10 9 4 10 13 15 12 4 7 12 18 18 14 9 7 14 12 15 15 13 12 9 8 11 10 18 16 14 19 12 14 14 16 12 10 16 18 16 18 4 9 16 6 16 10 11 8 13 6 3 8 9 4 6 8 15 21 15 9 6 
9 8 8 6 9 6 1 4 6 11 10 6 13 15 16 15 14 10 0 9 15 23 24 21 20 17 14 13 12 18 18 14 15 11 10 12 15 10 12 17 16 16 18 9 10 15 4 16 7 9 3 12 3 4 9 9 5 6 5 9 14 10 9 10 
9 7 6 4 10 8 6 8 9 14 16 15 19 18 19 18 18 15 8 6 13 21 23 22 20 15 14 14 16 21 20 14 15 18 16 12 12 7 10 17 14 15 17 7 6 12 3 15 5 10 6 15 10 11 13 9 4 5 5 7 9 8 8 8 
5 2 4 5 12 12 6 5 7 13 16 18 22 20 21 21 23 19 12 7 9 11 6 4 4 6 9 12 15 21 25 21 24 27 24 19 13 8 10 18 14 16 18 9 7 11 1 12 2 8 7 15 14 16 16 10 4 5 8 3 3 10 13 11 
7 3 4 3 10 12 5 9 14 16 16 18 20 15 17 20 22 21 14 9 6 9 8 17 19 20 19 20 22 18 20 17 18 20 20 16 13 8 5 13 13 14 15 11 9 10 5 10 2 5 6 14 15 16 11 9 7 4 9 4 3 2 9 10 
6 6 8 9 14 14 9 9 10 12 14 11 13 12 18 21 24 24 15 9 5 6 8 16 9 11 15 16 23 20 14 7 11 9 14 11 13 11 3 8 14 18 14 7 9 10 17 16 11 9 10 12 13 17 11 9 6 3 7 3 8 9 15 17 
10 12 9 5 8 7 4 6 6 9 11 8 7 9 10 10 16 16 7 8 3 6 13 17 9 8 9 10 20 16 8 2 8 7 12 10 13 14 8 4 5 9 6 3 9 7 14 6 9 5 4 10 10 16 13 13 12 8 1 9 17 17 20 21 
15 11 6 6 4 10 14 12 11 12 11 10 14 14 7 6 9 12 7 8 10 12 18 22 14 9 8 6 18 15 11 12 16 19 19 18 19 17 11 6 6 8 5 1 10 8 15 11 11 8 5 9 5 11 14 16 17 17 11 8 10 3 8 8 
15 12 9 9 10 8 6 7 7 8 5 10 17 17 12 3 6 15 19 18 17 12 14 16 4 5 6 6 15 18 18 16 15 14 15 18 20 20 17 12 13 13 12 10 13 9 10 5 7 8 9 6 5 2 3 8 8 14 17 14 12 7 5 9 
11 9 3 6 18 12 9 9 7 6 6 12 16 7 11 6 8 12 15 14 10 3 6 16 13 11 11 5 5 11 15 9 5 3 12 15 19 20 19 16 15 15 15 11 9 13 13 12 13 10 7 4 2 2 3 7 6 7 19 15 12 11 8 12 
12 11 3 12 20 7 8 9 7 7 11 14 16 7 10 12 16 18 16 13 8 7 4 10 7 9 12 10 4 3 15 11 5 3 16 16 11 10 9 12 3 9 5 5 7 9 11 11 10 6 7 3 3 2 5 6 6 4 20 18 13 13 8 10 
13 15 8 15 23 8 12 8 6 6 10 12 9 9 14 20 25 21 17 14 11 11 8 7 6 9 10 12 9 4 10 10 5 3 17 18 2 0 5 15 11 17 16 14 13 13 11 6 9 4 7 6 7 7 10 12 14 8 16 18 14 16 12 14 
15 18 10 14 21 15 15 11 4 2 6 12 13 20 19 22 24 14 12 11 11 9 6 2 4 7 8 11 8 8 10 6 4 5 21 21 6 6 7 17 15 12 11 11 8 10 12 8 9 4 4 5 9 5 5 8 12 13 14 16 11 14 10 10 
26 24 14 15 16 10 10 13 12 18 20 22 24 25 20 18 21 15 15 12 12 7 7 5 4 6 6 9 2 6 4 3 8 14 24 16 11 20 19 27 27 25 24 24 18 12 10 9 9 7 6 2 9 12 13 13 8 7 7 13 10 11 11 11 
23 27 17 20 18 6 9 9 12 19 21 26 26 25 24 21 20 18 15 13 13 8 9 11 9 9 11 13 8 8 11 16 18 18 17 6 30 32 29 34 28 26 24 19 21 15 13 15 14 11 9 6 3 9 13 15 11 8 5 12 13 15 16 18 
17 22 13 16 18 4 7 7 10 18 15 15 18 21 22 21 20 21 18 17 17 10 9 7 4 7 8 6 6 5 7 12 13 15 11 13 33 24 18 22 9 14 9 7 19 8 7 11 10 10 11 8 2 6 12 14 10 9 5 8 12 14 13 17 
20 21 19 21 18 10 10 11 15 21 18 13 13 13 10 8 11 14 9 12 15 9 6 8 10 11 9 9 9 5 8 15 10 9 7 16 32 22 15 16 13 18 17 22 25 15 12 8 7 12 14 11 8 6 12 10 14 12 11 16 17 18 14 16 
20 20 21 18 13 9 8 14 17 20 16 13 14 17 18 17 19 20 16 11 10 1 8 15 17 11 6 6 7 3 7 15 15 12 13 17 25 16 16 21 27 31 30 30 22 12 8 6 4 8 10 6 6 3 9 7 15 10 10 14 17 22 24 28 
32 25 18 10 6 10 7 15 17 21 24 22 20 18 16 12 9 10 15 11 9 0 9 16 21 10 6 15 14 13 14 19 23 20 19 21 17 8 7 11 21 20 15 14 7 5 0 6 9 15 12 8 5 4 7 3 13 9 9 6 8 20 33 48 
21 14 10 6 3 7 5 12 18 24 28 31 27 24 21 18 12 9 16 11 9 8 14 23 27 18 15 17 8 7 9 14 21 20 17 14 8 5 9 13 17 11 9 10 12 8 4 1 6 11 4 6 7 12 13 8 12 13 14 12 20 38 59 78 
15 10 7 2 4 5 5 7 10 13 16 18 19 22 20 21 24 27 31 29 21 15 11 15 19 4 3 9 7 8 9 5 8 9 12 15 11 6 11 18 18 13 13 14 9 7 8 8 7 11 7 3 8 6 6 6 5 6 21 32 53 82 110 129 
7 4 8 6 6 5 0 7 7 7 10 4 4 11 8 10 8 10 17 18 18 13 10 9 14 5 7 5 5 6 9 6 5 7 12 18 14 7 8 12 8 5 7 16 9 11 16 18 14 14 16 10 14 14 13 12 10 14 37 61 96 135 167 185 
6 7 9 9 10 11 10 10 7 3 7 8 9 14 7 10 11 9 18 10 4 5 9 15 17 13 12 3 4 7 8 8 7 10 12 15 11 7 13 21 19 20 18 16 6 13 14 11 11 12 23 17 12 8 3 5 12 29 63 101 144 178 204 217 
17 18 17 13 8 2 6 9 6 10 13 14 13 16 4 11 20 16 19 7 7 3 6 8 9 11 14 7 9 5 5 10 5 4 6 9 7 3 6 15 10 8 4 7 16 23 23 13 4 7 20 19 9 6 6 13 28 61 109 153 192 210 216 212 
8 9 15 17 14 14 14 20 21 24 21 18 21 22 4 5 16 10 22 5 5 8 12 18 22 22 23 17 15 10 6 11 10 8 7 7 8 7 9 18 14 11 16 21 20 24 21 9 7 9 18 17 6 4 15 37 66 113 166 203 225 223 205 187 
12 8 10 14 11 11 8 13 11 8 6 12 24 25 7 6 16 18 32 22 18 11 7 9 14 16 18 9 17 15 9 10 9 7 4 3 6 5 8 17 12 8 14 15 5 20 20 13 12 2 15 15 8 10 34 70 111 163 208 223 224 202 168 144 
13 13 16 21 19 16 7 10 15 15 9 8 23 24 6 3 6 14 28 11 12 7 3 3 6 7 11 2 21 18 9 10 10 15 16 17 15 12 11 16 12 11 16 18 8 16 17 20 22 17 12 11 11 24 62 109 156 204 229 220 198 158 114 86 
19 19 18 20 18 21 17 7 6 10 10 10 21 21 7 2 4 13 26 15 11 9 4 5 8 9 9 3 22 18 8 12 17 18 17 17 17 17 13 15 12 13 15 18 11 15 9 9 15 17 14 18 29 56 106 157 196 227 229 198 159 111 67 42 
17 17 14 11 13 18 12 7 10 17 19 16 14 14 12 12 13 5 16 15 12 10 5 7 5 7 5 8 19 17 7 15 21 14 8 3 4 15 11 13 12 14 17 14 11 15 10 7 2 8 16 36 62 102 160 202 224 229 205 158 114 74 43 27 
13 12 12 12 19 24 24 24 25 26 20 8 9 16 19 16 15 6 7 11 12 13 12 11 9 9 13 18 21 15 3 17 25 16 10 9 10 19 8 12 10 4 7 9 11 15 9 6 6 15 34 66 103 150 200 224 223 204 159 106 67 36 18 13 
13 11 9 10 16 16 12 12 11 14 19 17 12 14 13 13 19 14 11 14 14 15 14 10 10 12 20 24 23 17 10 20 31 15 4 6 12 24 8 9 9 8 9 9 10 13 7 10 15 31 63 103 146 187 217 218 196 157 104 59 33 12 8 5 
5 9 12 16 17 14 9 9 9 13 17 19 6 6 6 13 23 14 8 11 14 22 21 15 9 8 16 14 12 11 6 12 30 22 15 13 10 22 10 9 12 10 7 5 8 9 2 14 28 57 99 146 190 219 226 203 164 114 65 35 22 13 14 15 
11 12 12 16 17 14 12 12 12 15 18 25 19 15 10 9 20 18 22 20 19 23 10 10 3 5 16 18 25 27 25 19 22 14 8 6 7 17 10 7 6 11 7 1 7 8 8 25 53 97 147 192 223 231 211 170 126 80 40 21 16 7 5 9 
6 7 9 13 14 13 13 9 4 7 13 24 23 18 11 0 13 22 29 26 21 17 6 15 9 8 6 8 15 20 20 13 14 12 9 7 9 16 13 11 8 11 6 4 7 7 23 53 94 151 199 225 233 214 167 115 75 36 10 9 13 7 7 13 
9 12 14 13 12 11 15 13 8 2 9 22 25 21 17 12 8 17 21 16 12 9 15 20 13 13 7 5 9 15 18 14 9 13 13 13 6 7 12 11 9 10 8 9 10 25 57 94 143 199 224 225 212 171 111 64 35 11 12 12 12 4 7 14 
16 15 14 13 12 9 9 12 5 9 16 21 27 24 23 22 14 14 11 7 9 4 19 19 15 15 9 8 10 16 20 22 16 11 6 7 9 8 15 15 12 13 14 19 31 62 104 146 193 228 226 205 173 122 67 32 15 4 12 15 16 10 13 19 
11 9 11 13 11 6 7 16 18 22 19 8 16 17 23 27 23 14 7 3 11 11 20 16 13 13 9 9 14 15 17 15 14 12 9 8 12 14 12 13 13 19 24 41 67 106 151 190 221 228 202 164 120 72 29 8 6 12 13 17 20 16 20 22 
6 7 10 9 15 11 12 19 24 32 29 14 9 14 24 29 25 14 11 10 17 15 16 13 11 12 9 9 17 19 21 19 16 12 9 8 12 15 12 11 12 20 40 77 118 163 201 221 226 205 158 109 69 34 8 9 8 13 12 21 21 17 24 24 
7 10 7 11 18 15 19 18 19 28 29 21 18 18 18 24 23 18 17 16 17 12 7 6 4 3 4 2 6 9 12 12 12 12 9 8 13 16 13 15 18 27 59 113 165 211 235 234 217 170 110 65 33 10 11 7 6 13 10 22 20 9 17 15 
3 8 11 15 20 19 18 16 18 21 23 13 5 7 9 17 16 11 11 10 10 5 4 5 3 3 5 7 8 5 4 6 6 6 8 9 14 18 17 13 27 57 104 164 211 235 233 210 174 116 64 32 16 11 13 10 16 19 21 19 17 4 14 14 
6 6 8 12 18 15 13 12 15 15 20 15 9 11 7 11 11 9 6 3 3 4 3 4 1 3 8 14 16 13 10 7 7 6 9 8 9 9 3 24 61 105 161 214 239 237 209 163 117 64 23 11 16 16 17 16 21 20 25 19 18 13 14 17 
8 5 6 9 14 11 10 6 12 7 13 15 10 11 5 6 13 12 10 6 6 6 8 8 7 7 9 11 13 16 16 10 10 12 11 11 10 14 28 62 103 148 201 237 235 210 166 113 73 35 11 15 20 18 18 17 18 16 23 21 26 26 24 26 
17 13 9 7 11 8 9 8 14 8 9 12 6 9 10 12 15 16 17 15 15 3 9 8 8 11 15 16 14 18 15 14 13 15 9 15 19 31 57 103 148 187 223 235 207 163 114 68 44 24 19 24 24 16 15 16 11 9 18 18 28 32 31 34 
10 7 6 6 11 7 7 8 10 5 11 13 7 8 7 8 11 9 12 13 18 6 7 9 6 9 8 9 8 13 14 20 20 21 12 21 41 69 109 160 199 221 233 219 167 114 69 29 13 9 7 13 13 8 9 11 9 9 14 14 26 29 29 33 
17 12 6 5 12 10 9 11 13 11 12 11 9 12 14 15 13 8 8 12 21 13 4 7 9 12 9 7 4 9 11 20 20 22 29 50 83 126 168 207 224 219 207 175 117 72 40 11 8 12 8 13 11 10 14 16 15 12 13 10 17 19 19 23 
4 2 7 9 14 11 10 12 12 12 11 8 8 12 13 11 9 6 10 14 24 17 7 6 7 11 10 9 11 13 12 21 16 15 38 70 118 169 204 223 217 187 154 115 67 39 25 10 12 16 12 16 11 14 17 19 19 16 16 11 12 13 11 12 
9 8 10 7 13 12 12 12 12 13 12 7 6 8 11 8 9 9 12 15 24 20 13 13 12 17 17 15 16 13 15 19 12 31 66 106 162 211 231 229 200 151 106 69 35 23 22 15 13 15 13 17 14 18 16 20 19 15 12 10 8 12 15 19 
32 31 30 26 20 15 9 8 5 13 15 17 20 21 23 22 24 25 24 22 23 18 10 14 16 21 18 11 8 3 18 23 35 71 113 161 212 241 238 210 156 98 59 34 17 15 20 16 15 16 13 16 17 21 18 17 14 11 6 6 4 9 13 13 
3 7 10 12 13 13 10 10 3 8 6 10 10 10 15 10 13 18 20 18 15 7 10 14 17 22 17 14 11 9 26 39 68 113 158 201 230 232 207 160 99 49 22 13 14 15 19 14 14 19 19 20 18 15 8 9 11 11 3 2 7 12 14 15 
12 13 12 12 14 14 14 15 9 10 8 9 9 9 12 7 6 6 3 6 5 5 12 11 18 27 21 20 14 18 44 70 112 158 194 218 219 197 155 106 57 24 13 13 15 14 18 12 13 16 15 13 7 5 8 14 16 15 12 13 15 18 18 17 
9 9 11 17 17 13 10 8 1 7 8 9 9 7 10 7 6 5 5 7 8 11 15 17 23 21 12 13 21 45 80 117 163 200 220 218 193 152 103 62 28 11 11 10 9 6 13 9 9 13 13 11 7 7 12 18 18 13 9 8 10 16 12 11 
15 14 13 14 14 12 14 15 14 12 13 6 5 2 8 8 6 5 7 9 15 17 18 18 18 11 19 33 55 88 129 170 209 228 226 197 152 102 54 25 9 8 8 8 5 3 12 15 15 15 18 14 12 12 12 16 15 12 9 3 4 11 14 17 
26 24 24 25 21 14 9 7 4 5 14 13 9 6 9 9 10 11 10 9 15 13 11 15 11 10 22 41 79 122 166 204 226 224 202 158 106 64 32 16 9 7 7 3 4 9 16 20 18 15 20 18 11 9 10 10 11 6 8 1 3 4 8 10 
18 15 9 7 7 10 11 9 6 4 7 13 8 6 7 4 4 2 3 4 12 6 6 18 8 21 35 67 118 162 198 220 217 193 158 110 65 39 24 21 18 15 13 8 4 11 17 20 18 14 12 12 4 6 10 2 7 7 9 5 1 3 5 9 
11 8 3 6 8 12 14 15 15 13 12 15 12 12 12 8 6 4 4 2 12 3 2 16 15 44 70 117 171 205 221 219 191 149 111 71 35 19 10 7 6 9 15 13 10 14 18 19 16 15 13 10 6 6 5 3 3 4 8 8 9 10 12 13 
21 20 20 21 16 13 10 10 9 7 10 13 6 5 10 8 6 6 7 1 12 4 10 19 37 77 111 157 200 215 211 190 150 105 72 45 20 13 12 10 7 5 13 19 13 16 15 13 14 10 8 10 10 6 4 3 2 4 11 13 14 12 13 12 
13 13 14 12 11 9 5 6 11 7 10 16 6 4 6 8 5 6 13 5 12 9 20 34 69 117 155 193 218 211 184 147 102 60 37 22 9 10 13 12 11 7 11 21 14 16 10 8 11 9 11 13 16 10 5 5 6 8 11 15 17 9 8 5 
22 20 19 19 18 14 11 11 9 8 12 18 9 9 10 14 12 12 19 7 11 20 37 57 105 159 195 217 220 194 152 105 63 31 16 13 17 18 18 14 8 7 12 19 10 9 6 5 11 10 14 18 21 15 8 7 8 7 9 15 20 9 5 2 
14 14 12 13 18 17 15 16 12 7 10 15 9 14 12 13 12 9 21 9 12 36 68 101 154 205 226 219 195 155 106 64 38 23 17 16 18 16 15 10 3 9 13 18 10 9 10 7 14 15 15 21 24 18 13 11 14 5 7 15 20 9 5 0 
11 11 7 8 10 7 7 7 9 6 8 12 12 18 12 12 11 9 20 12 17 51 96 135 181 221 221 192 154 113 69 37 27 22 23 25 28 25 22 18 13 6 10 17 4 6 9 4 12 16 19 23 27 21 14 15 19 7 7 12 19 10 7 5 
24 22 19 23 21 15 11 9 11 7 8 11 15 20 11 12 10 9 19 15 28 66 121 162 195 220 205 164 122 87 52 28 24 24 26 29 30 26 23 14 10 6 12 18 4 5 10 8 14 18 20 20 25 17 11 21 25 15 12 11 19 11 8 9 
24 22 19 22 19 16 12 12 16 6 6 9 15 20 11 8 6 7 16 19 41 81 139 181 207 220 195 144 99 68 40 22 23 28 31 34 33 28 23 12 7 5 15 20 7 5 8 11 18 22 21 19 26 17 12 24 25 15 13 11 20 11 8 9 

5 15 22 6 9 14 13 22 14 14 12 10 12 10 24 15 12 4 21 38 22 19 17 18 20 19 19 21 16 10 8 12 21 10 14 18 21 19 12 11 13 18 11 7 7 10 5 5 7 10 9 20 10 14 8 14 9 6 10 15 30 29 23 17 
10 17 20 6 9 11 11 21 17 16 11 12 13 12 22 19 11 5 15 31 21 17 15 19 20 20 22 25 23 17 7 14 20 8 14 18 21 16 10 8 10 17 15 8 9 13 3 8 9 9 8 17 12 13 9 15 9 7 9 12 24 23 15 11 
11 14 14 5 8 10 6 12 12 12 7 9 13 13 19 22 18 12 9 20 14 10 11 14 13 11 14 16 17 21 19 20 23 15 14 18 21 15 13 14 14 18 20 11 12 15 7 12 3 7 2 12 4 5 5 12 10 9 8 5 16 16 12 11 
8 10 8 5 9 9 8 8 8 9 7 9 13 12 9 12 18 15 5 10 19 22 24 23 21 21 19 17 13 13 16 17 18 16 14 14 15 9 12 15 12 14 17 13 15 16 9 15 9 11 10 15 9 6 7 12 10 10 10 9 14 13 12 14 
8 9 6 4 9 10 12 12 14 14 12 15 15 12 9 8 17 13 4 6 14 24 28 27 24 22 18 14 11 13 16 15 14 16 15 11 13 4 9 15 9 11 15 12 9 11 4 10 6 11 6 14 8 3 9 11 8 7 2 6 9 9 7 6 
2 6 4 3 8 8 11 11 9 8 5 13 13 9 9 8 19 14 8 11 8 8 11 11 14 16 11 6 6 14 24 23 22 24 21 16 12 6 9 18 10 12 16 13 7 8 4 10 5 10 8 12 11 12 12 10 4 5 7 3 1 9 12 12 
5 9 8 6 8 6 12 14 12 11 10 16 15 13 15 15 18 17 14 12 8 8 9 19 24 24 20 17 18 6 15 19 21 22 22 14 7 4 6 15 9 10 15 15 11 7 6 8 3 6 4 9 12 12 8 5 5 4 9 4 3 1 6 5 
4 12 11 10 11 11 15 14 10 8 6 5 8 12 16 20 21 23 18 10 6 6 10 21 19 19 17 17 24 20 8 7 8 6 15 9 10 11 9 16 16 17 14 13 11 7 16 14 10 9 11 6 11 13 8 3 2 4 9 7 10 9 12 12 
14 18 13 9 5 7 15 14 11 8 7 5 2 5 7 9 16 20 12 7 3 5 14 21 16 14 9 9 20 20 8 9 14 12 18 14 14 15 10 8 1 6 3 8 12 8 18 10 9 7 12 9 6 13 9 9 12 11 6 3 12 12 16 17 
24 20 14 12 7 7 11 9 7 9 10 11 15 14 10 9 10 13 4 5 9 11 18 23 15 12 4 4 16 18 13 15 17 18 21 18 18 16 11 8 3 7 4 5 14 8 18 11 9 4 6 10 1 9 12 15 18 19 12 11 17 12 14 16 
21 18 14 12 12 11 2 5 2 7 5 8 15 15 11 5 3 9 13 15 18 14 16 19 10 10 2 3 14 20 20 17 15 9 12 12 14 13 12 12 9 13 11 11 16 4 11 8 9 9 10 8 3 4 6 8 8 10 9 10 16 13 13 17 
13 13 9 10 19 14 8 6 6 8 8 11 16 8 7 3 3 9 15 16 16 9 7 17 14 15 8 6 1 10 13 9 9 3 12 11 11 12 13 17 14 18 17 13 12 4 8 9 12 12 8 3 0 3 6 9 8 9 11 10 15 14 12 15 
12 14 8 13 23 13 14 12 12 11 11 14 18 11 8 5 9 14 15 15 13 7 2 13 14 14 10 11 11 4 11 12 8 3 15 15 7 8 8 18 10 14 15 12 12 5 5 8 9 9 8 4 3 5 7 9 5 6 12 13 14 13 9 12 
10 13 5 13 23 12 17 16 16 13 12 16 14 6 8 12 20 19 17 16 12 7 7 10 7 8 3 6 8 7 8 11 5 2 15 18 5 3 5 17 9 14 16 15 16 16 14 11 11 7 10 7 6 6 9 10 12 8 11 11 12 12 7 11 
9 14 2 9 19 4 11 11 15 10 8 14 11 14 14 15 21 17 15 11 7 4 8 9 4 8 5 9 8 6 12 9 3 4 18 20 8 4 9 17 11 8 10 12 9 10 12 11 11 2 6 7 9 8 5 1 8 7 13 12 12 14 10 12 
24 24 12 13 18 4 9 7 10 14 15 17 16 16 11 11 20 17 15 10 3 4 10 8 2 7 8 11 7 4 6 2 8 13 21 15 11 18 19 24 19 15 15 17 14 8 6 9 12 6 5 5 6 10 12 14 14 7 9 9 10 11 12 18 
25 30 20 21 24 7 9 3 5 14 14 19 22 21 17 17 16 12 9 7 2 6 12 13 9 11 15 16 11 9 9 16 19 17 14 10 26 30 28 31 24 23 20 16 20 12 10 15 18 15 12 12 6 3 6 12 14 9 10 9 14 17 19 24 
15 20 12 16 22 9 7 9 10 17 15 15 21 22 22 23 21 18 16 14 10 9 10 8 6 7 12 13 6 6 5 15 15 12 10 15 31 25 19 20 15 17 14 9 18 7 3 7 9 9 10 12 11 7 6 13 14 9 9 7 12 14 13 19 
19 19 17 20 18 9 4 7 11 19 19 16 17 15 9 6 8 6 5 10 10 8 7 6 5 7 12 11 4 8 7 17 11 3 9 18 32 21 12 13 17 19 16 18 23 14 12 8 2 8 13 14 14 10 8 12 15 10 11 12 12 16 18 24 
20 18 19 18 13 8 4 6 15 19 17 15 17 17 17 18 20 19 15 11 7 4 9 12 13 6 8 6 6 10 10 18 16 10 12 15 27 17 17 23 28 29 26 24 21 12 9 9 7 8 12 12 13 8 8 11 14 4 7 15 19 30 41 49 
35 27 20 12 4 9 7 6 13 20 22 21 18 15 12 11 11 7 12 13 9 6 9 7 17 8 8 11 14 17 16 20 23 16 14 13 17 10 13 18 23 19 14 8 4 4 2 5 8 14 15 11 10 7 10 11 14 9 8 14 25 42 62 78 
24 18 13 9 7 5 9 7 14 19 23 25 24 22 21 19 14 9 15 15 10 8 15 21 30 21 14 14 16 20 21 21 25 18 11 7 11 10 11 13 15 10 9 4 8 8 6 0 6 10 9 9 6 13 15 12 14 12 14 31 52 74 101 119 
15 12 8 3 7 6 9 4 4 4 7 11 14 18 17 19 21 23 27 23 15 10 9 13 22 6 10 15 20 22 23 20 21 16 12 14 14 12 12 13 14 12 13 13 6 4 9 10 8 4 4 11 12 11 6 9 9 12 34 63 96 127 157 171 
9 9 10 7 8 7 4 3 5 6 9 6 7 13 6 8 4 5 16 17 15 13 11 11 19 6 14 12 14 16 20 18 18 18 17 18 15 11 7 6 8 8 9 16 8 9 15 20 18 11 9 10 15 17 14 15 15 28 62 102 146 177 201 209 
6 8 7 4 5 8 9 6 5 3 7 10 10 18 12 13 13 10 17 11 5 5 11 18 21 13 18 10 11 14 18 18 19 22 21 19 16 14 16 21 22 21 17 14 6 15 14 15 19 15 19 15 10 11 6 12 26 58 102 149 188 203 210 206 
15 17 15 13 9 6 9 6 5 12 12 12 9 18 11 12 19 13 19 6 7 4 6 11 14 8 19 5 5 6 10 13 14 21 20 15 8 8 9 14 15 14 8 6 15 23 21 11 11 11 19 17 8 4 10 31 61 108 158 196 216 208 192 170 
12 12 12 13 14 14 15 18 21 24 21 18 18 24 14 15 22 9 21 7 5 8 11 14 20 17 24 12 13 7 5 6 8 16 15 11 4 7 11 16 15 10 15 21 20 26 23 8 4 10 19 16 6 12 34 68 111 163 207 226 224 198 162 132 
7 5 3 9 13 14 11 10 9 9 8 8 18 26 15 13 19 12 27 21 19 16 14 12 17 16 22 12 19 13 5 3 6 12 9 5 2 5 9 14 12 5 14 15 6 22 20 11 9 7 20 19 17 33 65 110 160 206 230 225 202 161 117 88 
9 10 11 16 18 16 9 8 13 16 13 7 21 26 12 8 10 7 27 17 14 14 11 9 10 9 17 7 22 15 6 3 10 14 14 17 16 13 10 13 11 2 14 18 8 16 14 18 22 20 21 24 35 65 110 160 205 233 233 203 161 111 66 39 
17 17 15 15 15 18 15 5 6 13 15 12 20 21 8 1 7 10 27 17 7 9 9 9 12 14 15 5 23 18 7 6 18 17 15 16 17 20 12 13 11 6 8 15 7 11 2 9 17 23 31 44 70 112 162 204 229 232 206 161 115 69 34 14 
7 12 11 9 13 16 15 12 13 17 17 13 12 15 12 11 14 7 18 15 6 5 7 11 13 15 10 6 19 19 9 12 24 16 10 11 9 18 8 13 13 15 15 11 5 10 6 7 9 22 42 72 114 163 208 231 231 207 161 113 74 42 23 18 
5 7 10 11 19 24 25 25 23 20 15 11 10 16 17 15 16 8 12 15 13 15 15 12 8 4 9 14 16 15 9 15 28 16 14 14 12 20 6 13 12 2 2 4 6 12 4 13 21 39 69 112 158 201 231 232 208 166 112 67 37 15 9 8 
7 7 4 8 17 18 17 15 8 11 18 21 12 14 16 17 19 9 12 17 19 21 21 16 11 13 22 24 22 17 12 17 32 13 7 12 15 24 11 12 13 10 8 6 6 11 3 24 40 67 109 156 195 220 227 202 162 114 65 32 16 6 7 7 
8 10 8 12 15 14 15 10 5 14 18 23 7 4 9 15 21 12 14 16 19 24 21 19 12 10 18 11 8 7 6 11 30 21 13 14 15 25 15 11 13 9 4 7 8 11 12 36 64 104 152 195 222 228 209 165 119 73 35 18 15 14 16 19 
11 12 10 11 12 12 16 12 5 13 15 23 13 11 9 8 19 19 20 17 16 20 11 16 9 6 16 18 26 30 30 23 23 14 5 8 13 19 15 8 10 14 7 4 5 8 24 57 99 149 193 221 227 209 168 119 81 47 23 14 14 11 14 17 
7 8 8 8 7 11 17 12 8 14 17 23 18 15 10 8 16 23 27 23 15 10 7 19 15 12 3 7 13 15 18 14 11 10 7 9 15 19 19 15 14 12 2 3 5 18 54 99 151 201 227 228 208 167 112 67 41 17 4 7 10 4 7 10 
15 16 15 10 4 7 17 15 11 12 20 28 27 23 17 13 12 15 20 15 13 8 13 18 4 7 5 9 5 3 8 12 4 11 13 12 10 14 19 16 12 5 1 11 24 55 103 150 197 233 228 201 166 115 63 29 17 9 11 12 12 4 7 9 
22 20 16 12 9 4 11 13 5 12 24 33 36 31 25 21 14 8 8 5 12 10 18 15 5 7 3 12 9 8 13 20 16 12 9 7 7 12 18 19 13 10 14 34 62 107 156 196 227 233 200 159 119 71 31 14 8 8 11 17 19 10 14 17 
14 11 10 13 13 7 5 12 12 16 21 27 33 31 26 23 19 9 8 8 16 16 18 12 6 7 4 12 12 3 3 10 11 11 7 3 7 9 6 10 9 16 34 70 112 158 198 222 228 203 155 111 72 36 8 7 7 13 11 20 24 14 16 12 
11 7 7 9 14 9 4 12 18 25 29 29 29 29 27 24 21 8 9 9 16 14 13 8 4 7 10 15 20 20 20 17 14 11 9 7 10 11 8 6 11 26 62 118 169 210 232 228 207 163 107 64 38 16 8 11 11 15 13 24 25 15 21 20 
12 8 5 8 15 11 12 7 8 19 28 30 31 30 24 21 19 15 15 15 17 10 6 7 8 8 9 9 15 16 16 14 12 11 8 5 12 10 9 4 24 52 104 167 214 241 238 211 172 117 64 33 19 7 9 9 13 16 17 24 24 13 20 18 
11 9 9 9 15 15 12 3 5 12 21 21 24 24 20 16 12 9 9 9 10 3 3 4 1 3 11 13 14 12 9 9 8 7 9 11 17 17 13 19 58 105 163 216 241 237 203 158 114 63 27 13 9 4 7 7 15 14 19 19 17 10 16 17 
11 10 8 5 13 14 8 4 8 11 21 21 23 21 16 11 10 9 7 3 3 4 5 7 5 5 10 17 17 12 6 7 9 10 14 14 15 14 19 58 110 161 213 245 242 213 161 106 65 26 6 6 11 10 12 16 20 18 21 14 9 4 10 16 
8 7 7 8 12 14 9 2 6 7 16 18 15 13 9 9 14 15 14 7 8 7 11 7 6 11 14 17 20 16 12 8 9 12 12 13 20 33 61 110 158 199 235 243 215 172 117 68 38 14 13 10 20 16 18 22 21 20 23 9 6 9 8 15 
11 8 6 3 8 13 8 7 12 10 12 16 12 13 13 11 10 15 19 16 16 6 13 8 7 16 19 21 23 19 11 8 3 9 11 27 42 65 103 157 196 219 233 219 171 120 73 37 21 13 18 23 28 20 20 20 12 15 21 5 7 11 11 16 
8 7 8 6 9 15 9 6 11 1 11 16 10 12 9 4 1 6 17 17 20 8 10 11 14 17 14 17 19 16 12 12 6 10 18 46 74 110 157 204 226 225 215 182 124 76 41 17 10 7 3 14 21 15 13 11 11 16 20 13 7 9 9 13 
10 8 3 2 9 15 14 3 13 11 13 16 8 8 8 6 7 12 21 21 23 10 7 7 15 19 16 16 16 12 9 13 9 17 45 83 123 168 207 231 225 197 169 131 80 49 28 13 6 7 6 17 17 9 12 13 16 17 19 16 5 5 4 6 
3 5 7 8 12 15 16 10 8 11 13 16 12 13 14 8 7 15 21 21 22 10 7 8 12 16 11 8 8 9 3 11 9 31 72 115 163 205 224 223 194 149 110 78 43 30 23 19 20 21 20 22 13 6 12 18 22 20 19 16 3 4 4 7 
12 12 12 5 10 14 15 11 3 12 16 14 13 14 17 16 16 18 20 19 20 13 8 12 15 18 12 9 10 9 10 19 31 66 110 155 201 227 224 201 154 102 65 41 19 20 22 16 13 18 18 17 6 10 17 26 26 21 16 15 8 12 14 15 
27 28 29 24 15 13 11 12 5 15 17 20 24 24 28 25 24 25 24 20 16 12 3 5 12 21 15 7 10 14 29 43 70 115 159 199 228 229 202 158 99 53 28 14 7 11 17 13 15 20 15 14 15 21 20 22 18 13 11 9 8 14 19 22 
7 8 14 16 10 11 10 15 10 13 11 13 12 12 19 12 12 14 14 13 7 5 12 13 16 23 12 7 12 23 49 74 117 165 199 221 223 197 153 102 49 17 4 5 10 12 16 13 18 26 24 23 21 20 13 13 10 6 5 2 5 12 19 24 
15 15 17 15 10 12 13 18 13 15 13 11 10 12 17 10 8 4 5 4 2 3 10 7 17 26 19 17 19 41 80 117 167 205 219 216 192 149 101 59 21 6 6 8 14 15 18 13 14 21 19 14 9 8 5 10 10 6 9 10 9 11 15 17 
10 8 10 15 15 13 12 14 13 15 14 12 8 8 13 8 8 2 5 5 8 9 11 10 18 20 8 17 39 78 127 168 210 231 223 194 152 102 57 30 12 14 13 11 14 11 17 14 14 21 21 12 4 6 4 12 9 6 10 9 6 5 7 10 
20 17 15 15 12 12 14 16 13 10 12 8 4 4 10 8 6 3 7 8 14 15 17 15 17 12 26 47 81 128 176 210 234 233 204 155 105 61 26 14 14 14 11 11 13 10 13 14 16 23 26 20 15 12 5 11 7 8 11 10 9 5 5 9 
23 20 20 20 15 10 7 8 2 3 12 11 9 7 10 10 9 10 9 6 13 9 7 9 7 18 40 69 117 166 205 224 225 202 160 107 65 37 21 14 11 12 10 6 9 6 6 7 9 13 21 18 11 9 8 10 11 10 12 11 12 10 9 10 
11 8 5 3 4 7 6 6 3 5 7 12 10 9 9 5 2 6 3 2 12 6 9 15 16 45 70 112 165 202 222 219 192 152 108 62 34 24 21 22 19 17 13 9 8 4 4 6 9 9 12 13 6 8 10 8 12 11 12 12 12 11 11 14 
3 5 8 7 8 10 11 15 15 13 11 12 11 13 13 9 3 7 8 6 12 6 9 20 41 82 119 169 214 230 223 194 147 99 64 31 13 15 13 13 10 9 14 15 7 2 6 6 9 10 9 10 8 6 5 6 9 10 12 12 10 9 9 9 
13 14 15 17 16 15 13 12 12 10 11 13 6 6 10 11 8 10 8 3 11 7 19 38 76 125 164 203 228 220 191 149 101 60 37 21 9 13 15 16 15 10 17 23 9 10 11 5 9 7 8 13 16 10 6 7 8 10 14 15 12 11 12 12 
11 11 12 16 17 18 15 9 8 4 4 12 7 6 8 13 8 12 14 5 7 20 41 71 121 171 203 224 225 193 147 102 61 29 18 15 6 10 13 11 14 10 14 23 12 17 14 13 12 10 12 9 16 9 3 8 10 14 16 16 12 5 5 3 
17 15 15 16 18 20 17 11 6 2 7 14 14 14 15 18 11 11 16 9 11 38 70 109 163 207 227 227 203 158 109 68 36 15 6 10 11 14 18 16 16 11 12 18 3 9 4 8 7 7 13 9 15 10 1 8 11 13 15 15 11 4 5 4 
7 8 6 9 13 14 12 10 6 6 12 17 16 18 14 16 11 9 20 15 26 65 111 157 203 234 232 202 159 113 68 37 20 15 13 11 9 5 8 2 7 5 9 16 4 8 9 12 12 13 12 10 16 9 6 10 15 13 13 12 10 4 5 3 
5 6 3 1 8 5 4 7 10 12 15 19 19 21 15 16 12 11 23 25 44 90 146 187 216 228 205 157 111 72 36 16 14 14 18 18 16 14 13 11 14 10 13 21 13 8 10 6 8 12 12 11 18 11 5 14 20 15 13 11 13 8 6 4 
19 18 16 17 17 9 6 9 15 15 17 22 25 23 15 15 8 7 22 35 63 113 174 207 215 210 173 121 79 49 25 12 12 8 12 11 9 9 10 7 8 6 14 23 19 12 14 7 8 11 7 5 17 11 9 22 27 19 16 11 15 12 8 8 
21 20 16 18 16 12 10 12 20 17 19 24 28 24 14 12 7 8 23 44 80 129 191 219 215 199 154 99 58 36 19 10 10 7 10 11 10 11 12 10 8 4 15 26 22 17 16 7 8 12 5 1 20 13 12 25 27 18 14 8 16 14 7 5 

4 15 27 13 15 17 16 28 12 9 9 16 15 7 21 12 8 9 24 45 24 18 15 17 22 22 22 23 16 11 11 12 19 15 18 19 26 21 17 17 12 19 11 13 14 13 7 3 8 10 12 24 19 19 15 18 11 9 17 13 23 27 24 17 
6 15 23 8 10 12 12 25 17 14 14 18 17 11 22 20 13 13 20 37 24 18 15 18 23 23 25 27 24 17 8 13 15 13 18 18 23 16 12 10 7 12 10 12 13 14 7 5 10 10 11 20 17 17 14 18 11 8 14 12 19 23 18 13 
10 15 17 7 10 12 8 14 12 10 9 15 16 13 19 26 23 18 16 26 18 11 6 8 10 9 14 18 22 23 20 21 19 17 19 20 20 13 12 13 14 14 13 8 12 14 5 3 9 11 8 14 10 11 11 15 11 9 13 9 14 19 16 14 
13 15 13 8 8 8 7 7 7 6 6 14 17 13 9 18 24 19 12 15 23 23 21 20 16 14 17 18 19 19 18 19 17 18 16 14 13 8 13 17 18 17 16 14 18 17 11 14 12 10 10 16 11 9 10 13 9 6 12 11 16 20 19 18 
14 17 15 10 10 9 9 10 12 11 12 18 19 16 11 15 23 17 12 11 16 24 28 26 20 15 15 15 18 19 19 19 11 12 11 8 9 3 9 16 15 15 15 14 13 11 4 7 9 9 8 14 12 5 10 14 12 9 6 9 12 16 15 13 
12 16 15 11 10 13 15 15 15 11 6 14 13 14 12 12 21 16 13 17 6 1 5 6 9 6 7 4 13 22 29 28 22 20 16 12 10 8 11 18 16 16 17 14 9 8 6 10 12 11 9 13 15 12 13 13 8 6 9 10 10 12 14 15 
6 10 10 9 11 17 20 22 21 17 13 19 18 20 21 16 16 11 10 16 6 6 8 19 23 21 20 17 17 15 23 28 27 25 22 14 10 9 11 17 10 11 18 18 14 10 9 10 11 9 5 8 13 8 4 6 4 6 9 11 9 5 7 9 
8 12 10 12 14 21 23 23 22 16 6 8 10 13 18 19 18 21 21 16 9 7 9 21 18 15 16 13 22 21 12 15 14 12 18 14 15 15 17 21 17 17 17 17 13 8 16 15 13 11 9 5 14 11 3 4 4 5 9 8 5 5 9 6 
22 20 13 12 13 19 21 23 23 18 10 6 6 11 15 16 18 22 18 9 2 3 15 24 17 11 12 7 18 22 10 15 16 15 22 19 19 19 16 17 5 6 8 13 14 10 19 15 14 11 11 11 12 15 8 6 11 11 9 4 5 9 15 14 
25 19 13 10 10 16 13 17 18 13 11 12 14 18 19 19 19 20 15 4 7 11 19 27 18 13 10 6 15 20 11 12 11 12 20 18 19 20 19 19 6 6 7 12 17 11 19 10 5 2 3 12 15 17 14 15 19 20 14 10 13 11 16 19 
16 13 11 8 11 16 6 12 13 9 6 4 12 18 19 20 19 18 16 10 13 12 18 24 12 14 8 4 12 20 18 13 12 6 13 11 11 14 15 18 7 9 9 17 20 10 13 7 6 6 8 13 16 17 12 11 9 10 5 1 10 8 13 18 
11 12 9 9 15 14 5 7 7 10 12 12 14 18 22 22 21 17 16 12 13 10 13 18 12 17 9 7 2 11 14 9 11 5 13 12 6 7 10 17 5 9 5 13 17 10 8 6 10 12 11 14 16 15 12 13 7 10 7 4 13 11 12 17 
12 15 10 12 19 15 14 12 9 8 6 6 13 17 21 20 17 12 11 10 9 7 10 14 14 14 9 11 12 6 7 9 7 2 13 14 1 3 8 17 5 7 6 7 15 7 2 6 9 13 15 15 15 13 10 15 7 12 11 7 13 10 3 8 
11 14 7 10 19 14 15 11 9 8 7 12 15 12 14 13 12 8 6 7 8 9 12 10 6 7 6 6 10 11 7 12 6 3 12 15 7 7 11 17 7 10 10 9 16 15 13 12 10 9 14 12 11 11 10 15 12 12 15 12 12 12 6 9 
8 12 3 9 17 9 14 11 15 10 3 12 10 9 9 5 10 6 6 3 6 12 13 10 7 9 10 8 9 9 9 10 3 5 13 17 10 7 12 18 9 7 8 9 12 7 6 8 10 5 10 11 12 12 9 6 4 11 18 14 13 14 8 10 
23 22 11 10 17 6 12 7 11 6 5 13 11 8 3 7 14 14 11 7 8 14 16 15 11 9 8 5 9 5 7 2 7 12 16 12 5 12 15 19 10 7 9 9 15 8 4 11 12 4 6 5 7 12 16 18 15 15 16 10 10 12 11 16 
27 29 21 18 22 8 9 5 4 5 10 15 16 16 17 21 18 13 9 6 10 16 17 18 14 12 14 10 12 7 6 12 16 13 8 7 19 25 26 26 18 15 14 12 20 12 11 16 20 17 12 12 8 6 5 2 3 13 16 11 15 18 19 22 
22 21 13 13 21 12 3 6 9 12 15 18 19 21 24 27 26 22 18 11 8 15 14 14 12 9 10 7 11 8 9 16 16 11 9 14 23 23 21 19 13 12 11 7 16 8 7 9 12 11 6 9 11 12 8 6 4 8 14 10 12 15 13 16 
19 16 12 13 16 12 7 6 2 11 16 20 21 21 18 13 10 5 6 6 6 9 9 10 11 9 9 4 9 3 5 15 10 8 12 16 24 15 13 17 18 17 15 14 20 13 12 9 6 7 8 11 15 15 9 4 9 9 13 12 12 18 26 32 
18 15 16 17 14 10 6 5 9 14 16 19 21 18 16 15 17 16 12 8 7 6 6 6 12 9 9 3 9 6 9 16 12 12 9 10 23 15 16 23 26 25 23 19 18 11 8 6 9 4 2 6 15 14 9 6 8 6 8 19 31 48 67 80 
35 28 22 14 5 3 5 3 8 14 15 17 17 14 11 10 8 5 5 7 10 13 15 9 14 7 5 8 12 14 15 17 18 17 12 8 15 9 13 18 20 16 15 4 6 7 5 3 7 11 10 7 13 14 18 19 19 14 10 32 55 78 105 123 
23 20 16 11 9 3 6 8 9 12 15 18 21 21 21 20 14 9 9 10 12 13 19 20 26 19 13 13 19 20 21 19 19 14 5 3 10 7 9 10 10 7 12 7 6 6 5 3 8 10 9 8 9 17 21 20 18 11 24 60 92 118 150 166 
12 7 2 3 10 10 7 7 7 2 5 5 6 10 10 11 13 17 19 15 8 9 10 9 18 4 15 16 21 21 22 20 18 9 5 10 11 12 11 10 9 8 12 13 4 3 8 11 11 4 10 14 15 16 13 15 18 27 59 105 146 172 198 205 
6 1 2 3 8 11 6 3 5 4 9 10 14 18 14 13 9 2 14 15 9 8 8 6 17 4 18 14 18 18 21 19 15 11 7 8 9 11 9 8 8 9 10 15 5 8 15 20 22 6 3 13 16 19 15 20 32 57 100 153 193 209 219 214 
5 3 3 6 3 7 4 4 5 5 7 9 11 16 13 12 13 11 14 13 7 7 11 15 22 15 23 16 19 20 20 20 16 15 10 12 15 19 21 24 23 20 13 9 5 15 18 17 24 12 12 12 8 11 8 31 60 103 152 199 222 212 199 179 
11 13 15 14 11 9 6 2 6 11 8 9 7 14 10 8 15 12 13 11 11 11 10 12 18 13 26 15 16 18 18 18 16 17 11 9 8 13 14 14 17 16 8 7 15 23 24 12 18 13 15 13 4 7 30 63 107 160 204 230 227 195 160 128 
7 8 9 13 14 11 7 10 17 19 15 15 15 22 16 14 22 16 14 11 9 7 4 6 16 12 24 9 13 15 16 15 17 19 13 11 6 10 13 10 15 13 18 20 19 27 27 11 10 13 19 16 14 33 65 108 161 208 233 232 209 164 121 90 
3 5 8 12 16 15 9 13 18 17 13 9 13 25 19 17 23 15 14 15 14 13 9 7 11 10 19 4 13 12 13 15 18 18 14 11 6 7 11 11 17 12 18 18 10 24 23 15 12 16 24 23 32 64 105 154 202 231 233 209 169 120 78 54 
9 9 8 10 13 13 11 13 18 21 18 7 17 29 22 19 19 8 16 17 16 17 10 7 6 4 16 7 15 12 12 14 19 15 10 12 13 12 11 11 17 7 16 21 13 21 14 18 23 27 32 38 60 103 149 194 226 232 207 165 118 73 38 21 
16 17 15 12 10 16 17 14 16 19 20 15 17 24 15 12 15 8 20 16 12 15 12 12 14 17 17 9 15 14 14 14 21 13 8 9 14 18 12 15 15 3 9 17 13 14 6 12 19 32 47 68 106 154 193 217 224 202 158 111 73 43 23 15 
6 8 11 4 11 15 17 18 16 17 18 16 8 18 16 12 14 4 17 15 9 13 16 17 18 18 12 11 14 14 14 14 23 11 3 6 6 14 5 14 16 16 15 9 4 7 9 12 19 42 69 108 155 198 222 225 205 162 111 70 44 26 18 17 
5 5 12 10 18 19 21 22 15 14 14 16 4 12 14 11 14 5 14 17 12 9 10 7 5 5 14 14 11 9 11 15 25 13 13 9 8 15 3 15 13 3 4 3 6 10 9 23 41 71 110 156 194 220 225 205 167 120 73 41 23 13 9 8 
3 4 9 11 17 14 18 19 8 11 15 21 12 10 14 14 17 9 13 16 13 8 4 5 4 11 21 19 18 15 12 15 27 10 8 9 10 19 7 15 17 13 12 7 7 7 15 44 71 112 160 200 220 221 201 157 114 73 38 21 13 9 6 5 
14 15 16 13 13 7 17 20 12 18 15 22 14 10 12 13 21 17 16 15 14 14 7 11 7 10 19 9 5 5 7 11 27 17 10 11 11 20 10 10 15 7 6 9 10 16 36 71 108 155 199 224 225 205 164 113 75 43 21 14 9 6 7 11 
19 18 18 14 8 5 18 21 14 18 13 19 12 5 7 6 19 22 18 13 11 14 7 13 7 10 18 16 21 26 26 19 20 11 4 10 10 15 11 7 18 16 11 10 15 31 62 107 155 197 224 227 203 163 114 70 46 27 17 14 11 9 12 17 
20 18 16 12 5 6 18 19 15 20 16 17 12 9 6 6 14 22 24 19 9 8 13 19 17 13 9 12 16 17 17 13 11 10 8 13 12 14 14 8 18 12 7 13 28 59 106 159 204 233 233 207 164 114 65 30 21 11 6 8 5 3 7 11 
26 24 18 12 5 4 15 15 15 19 20 21 18 14 9 8 7 10 14 12 14 6 11 14 5 5 5 10 9 5 11 17 11 15 15 11 8 13 20 15 14 5 7 33 62 108 164 205 231 236 203 159 116 70 31 9 11 8 11 12 8 4 8 10 
27 23 17 11 8 3 11 13 11 18 27 31 30 24 17 14 11 4 7 6 12 6 12 11 4 4 5 11 9 8 15 24 19 16 15 12 11 14 19 18 15 18 34 71 113 164 208 229 233 206 154 108 73 36 12 7 6 3 9 17 14 9 15 19 
16 12 10 10 12 8 7 13 12 16 21 25 28 24 18 13 13 5 5 8 13 10 12 8 5 5 6 10 8 4 6 18 18 17 14 10 9 7 9 8 15 31 60 111 161 202 225 227 207 160 106 69 42 19 2 3 7 11 10 20 20 11 16 14 
12 7 6 13 14 10 8 12 17 21 24 22 21 18 14 13 16 4 2 4 11 9 11 7 6 7 11 17 20 20 19 18 18 18 17 15 15 12 13 5 26 52 99 161 204 228 228 206 167 113 64 37 25 12 5 9 13 17 15 24 22 11 19 18 
7 4 5 14 15 12 13 9 8 14 20 21 21 19 14 11 14 12 12 10 12 9 12 10 9 9 9 9 16 17 15 12 11 11 11 12 15 11 10 18 53 95 154 206 232 233 205 164 120 69 33 18 17 11 9 12 16 16 16 25 23 13 19 19 
13 11 12 13 13 14 13 6 7 9 15 14 14 12 10 9 9 9 9 9 10 9 10 9 5 5 13 12 12 15 11 7 5 3 5 10 16 9 6 49 101 155 206 234 230 200 146 101 65 30 14 8 13 11 11 11 15 13 15 21 19 15 18 20 
19 14 11 9 11 18 10 8 9 10 16 11 10 6 6 9 11 12 11 6 6 8 10 12 9 7 10 12 3 12 11 9 11 7 12 14 17 15 43 103 159 203 235 237 206 156 98 55 30 10 11 1 17 13 13 16 19 18 17 15 13 13 15 20 
19 15 12 12 11 19 10 7 7 4 12 8 2 5 11 16 18 18 18 6 5 5 13 11 9 10 10 8 2 8 13 12 14 12 7 17 38 61 103 162 202 223 233 213 164 111 63 33 16 10 16 8 24 14 16 24 24 24 24 14 10 12 7 9 
21 18 13 10 8 17 9 10 14 14 18 18 16 17 15 12 9 15 19 11 12 3 14 12 11 9 11 11 10 7 9 10 12 12 18 45 74 108 155 204 224 221 208 172 115 64 27 10 6 9 18 19 27 16 16 20 13 17 22 16 13 12 8 6 
22 21 16 13 9 18 9 6 10 5 15 16 14 16 11 4 0 10 16 10 15 5 12 15 20 14 6 7 9 6 5 11 12 17 37 74 113 153 199 232 229 201 171 129 71 30 11 12 11 8 7 16 26 18 18 15 11 19 25 24 15 11 8 5 
13 13 10 8 7 18 13 3 13 15 19 17 9 9 11 6 8 15 19 15 18 8 11 9 18 18 14 16 17 11 3 11 16 33 72 120 166 205 230 234 204 155 118 84 40 17 11 12 7 6 9 21 23 14 14 9 14 20 27 28 13 10 8 6 
6 11 11 10 11 17 16 9 4 10 20 19 11 7 13 14 15 16 18 15 15 7 12 9 15 19 18 19 18 14 7 16 29 61 112 164 208 231 229 206 157 100 66 47 17 9 11 16 20 21 22 23 16 10 11 15 23 26 26 27 13 11 11 12 
8 11 14 8 9 14 13 11 9 17 21 14 10 14 24 26 19 16 17 15 15 9 13 16 20 24 18 18 16 12 18 36 61 106 159 202 230 229 202 163 106 57 35 24 11 18 20 11 3 13 18 17 15 14 19 28 31 29 24 23 12 12 8 7 
17 19 22 17 8 12 10 11 6 14 16 20 24 25 31 24 17 17 17 13 11 9 8 7 15 26 21 16 13 18 44 71 110 160 200 227 230 202 158 109 54 23 13 8 9 13 19 12 11 18 10 12 17 19 16 20 21 20 19 16 8 10 7 7 
15 12 17 16 4 8 8 14 5 8 6 11 13 15 23 12 8 9 7 7 3 8 16 14 15 24 12 6 11 35 75 114 162 202 222 225 201 153 104 59 17 7 5 9 13 16 21 12 14 23 17 18 18 17 10 13 16 14 14 9 5 7 6 6 
18 15 17 13 5 10 9 12 3 5 4 8 9 15 22 11 5 2 7 9 7 7 12 6 14 23 12 15 31 67 118 161 204 222 217 195 152 100 57 27 7 12 8 10 17 19 25 18 15 21 11 9 9 11 7 11 13 7 9 5 4 5 4 7 
16 13 12 11 11 11 8 9 6 6 11 11 9 10 15 4 6 2 7 8 8 8 8 4 13 20 20 39 71 118 171 206 229 222 192 149 101 54 23 16 21 19 13 12 15 15 23 20 19 24 15 6 4 7 2 9 9 3 9 4 7 7 8 12 
24 21 17 15 14 14 12 12 5 1 13 8 3 5 11 10 5 2 9 8 10 14 17 16 16 21 46 78 123 174 215 230 228 199 150 97 55 22 3 13 17 12 9 9 11 8 14 15 20 28 27 21 17 13 6 11 9 6 10 4 8 8 8 10 
24 19 15 12 10 9 6 8 4 3 13 10 8 8 9 8 6 8 11 7 12 6 4 6 15 40 72 112 164 207 227 221 196 152 100 53 25 14 14 13 13 13 9 4 8 1 5 7 12 19 23 20 15 11 8 10 8 6 7 3 6 8 10 14 
19 14 11 10 10 11 6 6 6 2 9 12 12 13 11 6 6 7 7 4 12 10 15 22 43 82 118 162 205 222 218 190 147 100 57 21 13 18 19 22 21 19 15 9 8 3 3 6 10 9 11 10 4 6 9 9 9 8 6 5 4 5 8 11 
18 14 11 7 5 5 7 13 13 10 10 11 11 15 13 9 6 2 5 6 10 7 18 39 79 128 169 208 232 224 196 149 96 56 29 6 10 19 14 16 12 12 19 17 8 5 6 8 12 9 6 7 8 7 9 11 9 6 6 3 2 1 3 3 
12 8 7 9 9 7 8 8 12 10 12 14 10 11 11 10 9 7 6 7 8 12 35 69 121 173 205 223 223 195 150 101 61 32 18 11 12 20 13 15 15 14 24 26 12 13 13 9 10 5 6 11 16 11 12 13 11 9 10 10 11 12 13 13 
8 1 5 8 12 13 12 8 4 3 8 15 11 10 12 14 11 12 13 9 6 34 70 115 171 213 227 223 200 152 100 60 35 18 12 9 8 17 12 6 10 11 21 26 17 18 18 17 13 10 11 2 15 10 9 12 12 11 8 5 3 1 3 1 
12 8 8 9 14 16 12 11 2 5 9 10 13 13 14 18 13 10 9 14 24 63 111 161 207 233 230 203 161 111 67 39 22 13 6 5 7 17 21 17 16 15 17 21 8 7 5 9 7 10 15 13 18 11 7 8 11 12 12 9 8 9 10 9 
8 5 4 4 9 9 6 10 5 7 8 5 7 10 9 16 13 10 18 29 52 100 158 201 227 232 207 159 111 71 38 20 13 14 13 10 10 8 11 8 12 17 20 26 16 8 8 12 12 14 12 11 17 8 9 9 14 14 11 6 4 6 9 7 
11 8 7 7 12 9 9 12 11 11 11 11 11 13 10 15 15 16 29 49 80 131 189 216 219 205 164 109 67 38 13 6 9 12 15 13 12 10 9 8 14 22 26 33 28 17 15 12 7 14 12 11 18 9 5 11 17 16 12 8 10 10 8 6 
18 16 15 16 18 13 15 16 17 15 14 16 16 12 8 13 16 19 38 72 109 158 211 222 202 174 126 74 41 21 8 6 9 7 11 5 2 3 4 4 9 20 27 34 31 21 21 13 3 9 3 8 19 9 6 16 21 18 15 13 16 18 15 14 
23 19 17 18 19 19 19 20 21 15 14 17 15 7 3 14 22 24 47 88 127 172 220 222 189 155 105 53 24 13 8 6 6 6 9 8 3 2 5 4 11 22 28 38 35 27 25 15 5 11 4 8 20 9 6 18 22 18 12 8 14 17 15 11 

6 17 32 10 9 12 17 32 13 8 12 16 14 15 25 18 17 22 34 49 31 25 24 17 19 18 16 16 8 12 18 19 28 35 31 23 25 15 15 19 13 18 4 2 15 9 6 11 6 3 4 15 14 13 9 12 12 18 14 12 15 23 23 23 
6 15 28 10 8 10 13 29 15 12 14 18 15 16 29 24 18 21 28 42 29 22 21 19 22 23 23 21 16 9 8 17 25 32 29 22 21 12 12 14 10 9 3 2 13 9 4 9 8 3 1 10 10 8 5 11 13 15 12 12 13 19 18 16 
9 13 22 13 13 15 11 20 12 10 11 16 14 12 27 31 27 23 23 31 24 17 14 7 10 9 12 12 16 15 11 14 19 24 21 17 15 7 9 10 7 7 5 4 15 13 7 3 5 7 7 10 9 7 4 9 9 13 11 8 7 12 12 11 
12 13 16 9 10 11 9 10 5 6 9 16 14 9 16 25 28 23 18 20 25 26 23 21 19 17 19 18 16 13 10 11 14 19 15 12 10 6 11 13 12 13 14 16 21 17 12 11 9 7 10 14 11 7 4 9 7 9 10 10 11 14 15 13 
14 14 14 8 6 4 4 5 6 9 14 18 16 12 15 23 27 22 18 12 16 23 25 24 19 17 18 17 16 12 13 10 5 7 6 5 6 4 9 12 8 8 11 12 13 8 2 2 5 8 10 13 13 3 6 14 13 11 4 3 7 11 12 13 
15 16 15 11 8 6 9 4 0 8 13 14 11 9 7 18 25 23 23 21 10 6 1 4 8 10 9 6 10 17 24 19 14 9 7 4 4 3 9 16 13 13 15 12 9 7 3 1 3 5 8 14 19 15 14 15 11 7 5 6 8 9 11 14 
10 14 15 12 10 8 10 12 10 12 18 19 18 19 17 13 13 12 15 18 9 9 8 15 19 22 22 15 7 9 24 27 27 24 21 14 10 5 11 17 7 9 19 18 14 10 7 5 4 4 2 9 15 5 3 10 5 6 4 7 10 8 9 14 
16 19 19 17 14 10 2 5 7 10 10 13 14 14 15 14 14 16 20 19 13 12 7 16 18 20 23 17 17 13 9 11 10 11 20 17 16 13 18 24 16 16 16 15 9 4 13 11 9 8 8 6 13 7 5 9 6 3 3 5 8 7 8 13 
24 20 19 19 18 15 7 7 9 13 9 9 13 14 14 14 15 20 22 17 13 13 13 20 20 19 24 18 18 18 9 11 12 11 21 20 18 12 12 21 7 9 9 13 12 7 15 13 13 12 12 11 9 9 9 12 13 11 8 6 6 6 9 12 
18 15 15 15 17 17 9 8 8 9 9 13 18 20 19 16 17 20 20 17 18 18 17 23 20 18 20 17 17 17 9 7 7 7 18 15 12 9 13 22 7 6 6 12 14 8 15 7 6 9 8 8 7 3 11 16 19 20 13 11 12 6 11 16 
10 8 9 10 12 15 7 7 8 8 10 12 19 22 19 16 17 18 19 17 18 16 16 18 12 14 12 9 12 19 16 9 9 6 15 15 8 6 12 19 6 9 8 15 14 11 12 6 9 8 7 7 7 3 8 14 12 13 6 3 10 5 12 14 
6 6 6 9 11 11 9 12 12 12 15 15 17 19 18 16 15 15 16 15 16 16 15 11 7 15 10 9 4 13 15 14 14 6 12 15 5 3 8 16 4 6 1 15 13 14 7 4 14 14 11 9 9 3 7 16 10 14 7 5 15 11 14 18 
8 9 5 9 11 9 11 12 11 8 6 7 11 15 16 16 13 8 8 9 10 11 11 9 11 12 7 9 12 5 6 10 9 2 11 15 7 9 7 13 3 3 3 10 13 12 4 5 14 19 15 11 11 4 8 17 6 15 7 5 13 7 5 8 
21 18 14 13 12 5 6 3 5 9 7 11 15 14 10 9 6 2 2 2 6 10 10 6 4 6 5 5 12 11 9 13 8 5 11 15 11 13 12 12 8 10 7 8 12 12 11 11 12 18 18 12 9 3 9 15 11 17 15 11 11 9 8 12 
24 20 16 14 10 6 11 6 9 9 4 10 8 8 4 6 8 6 4 4 10 13 11 9 9 10 13 11 12 11 10 9 3 6 13 16 12 13 11 13 6 6 5 9 9 4 2 6 10 16 17 15 14 11 12 10 3 15 15 10 11 12 8 14 
32 27 19 13 9 4 9 6 10 6 4 10 10 6 6 12 12 12 6 10 14 11 9 12 13 12 12 6 13 12 13 7 8 11 16 13 7 9 10 15 4 4 7 14 17 11 10 12 9 10 9 8 10 14 20 22 20 22 17 9 10 11 10 15 
40 34 26 17 13 9 8 8 11 7 8 8 11 10 11 16 14 11 7 11 15 12 8 13 15 15 17 11 14 12 12 14 16 13 12 12 18 20 20 21 13 13 14 18 24 17 17 18 17 13 8 8 6 5 9 7 7 20 18 12 16 19 21 27 
41 34 23 12 14 13 7 7 10 7 9 7 9 13 19 24 25 22 18 11 13 14 6 9 12 12 15 11 17 18 19 23 22 17 15 15 19 18 16 15 9 13 13 15 22 18 18 15 16 13 7 6 9 10 9 11 8 14 16 13 15 21 27 32 
32 27 19 9 9 11 7 9 6 5 9 7 11 15 18 13 12 7 5 3 9 11 7 7 11 11 13 8 16 18 18 22 20 18 17 15 18 9 5 11 13 15 14 12 19 14 14 15 15 16 13 10 10 10 3 3 7 12 14 21 30 45 62 71 
25 21 20 18 16 11 7 5 6 9 10 9 12 12 15 11 12 13 9 7 10 11 9 7 10 7 9 8 13 15 15 19 17 17 12 10 19 11 12 14 16 17 15 10 13 2 2 6 12 14 10 8 11 9 4 6 8 7 7 37 64 93 120 135 
33 30 27 21 16 11 8 6 7 8 7 8 12 10 12 11 10 10 6 6 9 13 17 15 15 8 1 6 9 10 9 10 15 18 12 7 13 8 12 13 15 15 17 10 12 11 10 6 4 9 9 6 9 11 19 23 23 14 19 64 102 132 162 177 
21 19 18 17 18 15 11 9 8 7 8 13 18 17 19 20 17 15 10 6 6 8 15 18 22 16 12 4 11 10 9 4 9 13 3 6 11 8 8 6 11 12 18 13 7 6 7 7 9 7 9 4 7 15 17 16 15 19 54 108 150 172 198 206 
13 9 8 11 17 18 14 10 6 3 3 6 6 3 4 7 10 15 16 14 9 9 10 10 14 8 19 11 13 9 13 9 6 4 7 13 14 15 10 7 10 13 17 15 5 3 6 11 13 6 13 10 12 16 11 22 37 62 106 161 197 207 219 214 
10 5 4 9 10 15 13 11 5 6 7 11 17 20 15 14 12 5 12 17 7 10 11 9 12 9 22 12 13 11 14 13 4 4 5 8 8 11 8 7 8 10 14 14 5 5 12 16 20 7 11 16 16 20 21 41 68 107 155 203 226 217 208 190 
7 7 10 14 12 12 10 10 5 9 3 4 6 10 11 10 12 10 12 16 5 8 7 8 16 15 26 14 15 15 16 16 9 12 6 12 18 23 26 24 21 16 8 8 8 12 16 13 21 5 6 11 4 8 29 67 111 161 204 233 231 196 165 136 
12 14 19 19 16 10 5 9 6 11 3 6 7 9 8 9 11 7 8 14 9 14 9 10 16 15 30 15 14 14 13 11 6 12 3 9 12 17 20 15 19 18 8 6 11 18 24 12 17 8 7 11 4 24 63 110 165 213 238 240 210 158 115 83 
10 11 15 16 15 6 7 9 12 13 10 15 17 19 13 11 14 9 6 12 10 12 3 2 12 11 24 10 12 11 8 4 6 12 3 11 11 13 16 5 15 16 17 18 16 19 24 11 9 8 13 17 28 62 109 161 213 240 237 213 168 115 76 53 
11 10 13 13 16 12 13 11 14 14 12 15 9 17 10 3 14 12 7 10 7 10 5 6 7 5 17 5 10 9 8 4 8 9 7 13 11 10 12 4 18 18 18 19 13 19 21 15 12 15 23 31 56 100 149 196 231 234 207 165 118 74 44 30 
14 11 9 3 9 16 17 12 13 17 20 15 10 22 17 12 14 9 9 11 9 11 8 6 6 4 12 3 7 7 6 6 10 6 4 10 12 11 10 8 18 13 15 20 13 16 10 13 19 28 40 58 95 143 183 213 226 206 158 109 68 35 17 11 
15 12 12 8 10 19 18 14 13 17 24 20 11 18 15 14 16 11 13 9 3 6 10 13 15 17 13 6 7 7 9 8 14 7 3 5 11 16 13 17 16 5 10 17 16 14 2 7 17 40 65 98 146 190 212 217 203 160 105 63 34 15 9 8 
13 6 9 9 16 18 19 18 13 14 20 20 5 15 21 20 22 17 13 11 4 10 14 15 15 13 9 6 6 6 8 9 16 5 4 5 3 11 7 17 19 19 16 9 8 6 9 10 30 64 99 146 192 219 220 202 166 114 65 35 19 11 10 13 
9 5 8 15 23 20 18 18 10 8 14 17 9 10 19 20 23 20 13 14 9 11 11 7 5 5 11 6 5 6 9 11 18 9 12 6 3 9 6 18 14 7 5 5 11 8 13 33 65 106 150 192 217 220 200 162 118 73 35 18 11 7 8 10 
13 10 9 16 19 13 12 14 6 11 13 16 10 5 12 14 21 21 16 15 9 9 8 5 2 10 16 12 13 12 11 11 18 8 13 11 7 12 9 21 21 15 12 7 7 4 32 69 107 152 195 219 219 201 161 110 72 41 15 9 9 10 11 12 
16 14 13 14 12 5 10 16 13 18 15 18 15 10 11 11 19 22 18 15 8 11 10 9 5 12 17 8 9 9 11 12 20 14 14 14 9 13 9 19 19 12 13 16 22 39 70 111 153 192 217 217 197 163 116 70 44 24 7 7 10 12 11 9 
12 10 8 9 7 6 7 15 12 18 13 16 14 7 7 3 12 20 18 12 3 11 15 15 11 15 15 7 13 17 17 12 15 9 13 13 9 10 8 18 24 18 17 22 39 69 108 157 198 220 220 197 156 113 69 36 25 15 4 6 6 7 9 11 
9 9 5 2 3 5 11 15 15 20 15 13 9 9 8 6 5 15 18 15 9 5 14 15 13 12 9 12 14 16 14 11 9 11 11 12 10 12 14 14 24 17 17 34 64 106 155 201 228 228 202 159 111 69 31 9 13 12 9 8 3 0 6 6 
13 15 12 10 8 7 14 16 16 19 14 9 7 9 9 12 11 3 7 6 13 8 9 7 3 1 5 9 7 3 9 15 7 13 10 6 12 16 22 18 20 19 34 71 111 161 205 226 225 199 151 104 67 34 9 3 10 13 15 14 8 4 7 6 
18 20 19 17 13 10 14 17 15 20 21 18 16 11 9 13 17 10 9 7 8 7 10 9 10 7 7 11 10 9 16 22 12 11 13 13 13 12 15 15 22 38 70 118 165 208 229 226 203 155 99 62 37 14 8 10 10 9 13 19 14 11 15 17 
10 14 20 18 13 12 12 16 13 17 19 16 17 15 11 13 18 13 9 8 6 9 12 10 11 10 10 11 9 7 9 19 11 9 7 9 11 6 8 2 29 59 102 157 201 223 221 203 163 108 62 38 23 13 9 9 9 13 10 20 18 15 21 17 
5 10 18 18 12 11 9 11 14 15 18 15 7 4 3 11 19 15 11 9 4 6 11 11 13 15 16 18 19 18 17 18 10 8 9 10 13 8 3 18 53 93 147 199 224 223 201 164 114 62 29 18 17 12 4 3 6 13 8 21 18 8 17 16 
10 10 15 17 11 7 10 3 3 6 13 15 14 15 11 7 12 14 13 13 10 1 9 12 15 19 21 20 19 17 13 11 3 1 2 5 12 7 15 50 93 143 195 227 228 206 162 117 71 33 13 10 17 13 3 3 5 12 10 21 18 8 15 17 
18 14 13 9 6 9 11 7 7 6 13 13 13 11 8 3 4 9 9 11 9 6 4 9 12 17 22 22 19 16 7 6 4 4 4 8 16 10 37 93 146 193 225 227 199 152 97 60 32 21 15 10 17 13 4 4 6 12 10 19 14 9 14 17 
21 15 8 3 7 18 16 13 10 7 12 7 9 10 9 10 11 11 10 10 9 7 7 12 14 15 17 19 12 15 7 6 9 6 11 10 25 40 87 152 198 223 229 204 154 99 52 25 10 12 13 3 19 12 8 11 13 17 15 14 9 9 13 19 
20 19 12 12 10 21 19 12 7 3 11 6 4 9 14 19 18 17 16 12 13 10 13 13 14 17 16 14 10 12 11 7 10 3 9 37 71 105 156 208 226 222 205 164 109 63 30 15 6 9 14 6 24 11 12 21 22 26 23 12 6 7 5 8 
20 18 9 11 7 19 18 14 14 15 20 19 18 17 15 15 12 15 14 8 15 10 15 14 12 9 13 15 14 13 9 8 12 12 36 78 120 158 203 233 226 198 165 119 65 25 4 9 8 10 15 13 25 13 10 17 13 17 19 12 4 5 7 1 
24 22 15 15 11 21 19 12 9 6 16 15 15 16 15 12 12 17 14 7 17 11 14 17 24 16 3 6 7 11 7 12 19 32 68 117 162 195 224 233 205 160 122 83 35 6 9 14 10 6 6 12 26 18 18 20 14 15 19 17 6 5 9 2 
21 17 10 8 6 20 20 14 13 14 21 15 6 8 14 11 12 19 18 13 17 5 8 8 22 20 6 3 4 8 11 22 37 65 115 170 211 230 231 210 160 106 76 52 18 9 12 16 11 6 7 16 23 18 19 17 9 10 18 23 8 6 9 5 
9 10 10 7 5 15 20 20 13 10 20 16 10 9 14 18 21 20 16 10 10 2 12 10 19 21 11 9 7 7 19 38 64 108 165 213 239 235 208 165 105 56 38 32 11 7 11 18 21 20 21 20 15 13 14 11 15 15 16 23 8 8 10 11 
3 6 13 9 6 12 16 20 18 18 19 10 10 17 28 30 23 18 12 5 8 5 15 19 24 27 14 9 9 10 39 71 109 161 210 236 236 205 159 111 57 25 19 19 12 20 20 8 4 10 17 15 9 10 20 26 27 24 18 21 9 9 3 1 
14 13 16 11 8 13 15 17 15 15 16 20 21 22 29 21 12 11 6 3 8 6 7 9 20 32 23 17 21 37 78 119 163 206 231 234 207 158 108 62 19 12 12 9 10 17 20 9 7 14 9 9 9 10 10 12 15 17 16 17 8 10 5 3 
18 16 19 15 8 11 12 15 7 8 9 12 12 14 22 12 9 8 5 10 10 14 19 18 19 28 13 15 32 68 120 167 208 229 229 208 159 105 64 28 9 11 9 8 14 18 21 8 9 17 11 11 10 12 8 9 14 12 12 11 6 9 5 4 
17 18 18 13 9 12 12 13 2 3 3 4 7 14 23 12 8 3 9 14 13 13 13 6 12 21 3 30 61 109 166 206 227 222 199 161 107 61 33 12 15 11 10 12 18 21 26 19 16 19 8 7 9 12 9 11 14 7 9 8 4 10 8 10 
13 15 14 10 11 14 11 11 6 6 12 11 10 13 15 4 6 5 12 12 11 10 6 3 12 23 42 72 112 165 213 230 226 196 153 107 62 29 15 17 21 15 15 14 19 17 22 22 21 25 12 6 6 12 3 6 10 4 9 7 3 7 8 13 
16 16 13 9 10 15 12 10 4 5 15 11 9 9 6 10 4 3 14 12 9 12 15 14 15 36 77 119 169 215 238 229 201 153 101 57 26 11 10 13 13 11 16 15 18 13 15 16 22 30 26 21 16 15 6 8 11 6 11 6 6 7 8 9 
15 12 9 4 5 11 8 7 6 9 13 7 4 6 5 8 7 3 12 9 12 7 2 15 34 72 117 161 207 231 228 196 153 102 56 23 6 6 9 12 15 18 14 12 13 6 7 9 16 24 24 22 19 14 6 6 8 6 7 4 5 7 11 13 
11 12 12 12 13 13 5 1 5 8 12 12 11 11 10 8 9 6 10 4 10 12 22 43 81 130 173 208 230 223 195 148 99 57 25 7 6 16 15 17 17 17 16 11 10 5 0 2 11 12 13 13 9 3 5 3 6 7 6 6 6 9 11 11 
16 15 13 6 6 4 9 13 14 11 10 6 6 9 8 6 9 3 7 5 6 12 35 72 126 179 213 230 228 199 155 102 56 26 13 5 9 22 16 17 13 12 22 18 8 2 1 4 13 11 8 9 7 2 4 5 3 5 7 2 4 6 8 7 
15 12 7 7 8 6 11 11 15 14 13 11 6 6 6 6 9 7 9 8 1 29 65 113 169 211 225 218 195 153 103 59 32 15 10 9 14 25 17 17 14 13 26 26 13 10 9 5 12 6 7 12 14 8 6 6 6 6 9 9 9 9 10 9 
15 10 3 3 9 11 15 14 11 9 8 16 15 13 13 12 10 10 11 5 21 62 111 164 210 232 223 193 154 104 56 29 20 14 12 11 12 20 12 9 6 8 22 27 20 18 17 13 12 8 9 5 11 9 8 10 11 11 6 4 5 5 4 6 
14 9 5 4 9 13 14 16 11 9 8 12 15 13 13 16 11 5 8 28 55 105 161 204 227 227 200 154 109 68 36 23 19 14 9 8 7 13 14 12 8 4 13 20 15 10 9 8 9 12 16 16 19 14 10 7 8 8 4 4 7 12 15 15 
5 3 6 6 11 16 19 21 16 12 10 5 7 8 11 16 16 16 32 59 98 151 202 225 220 200 157 102 64 39 22 16 14 14 14 14 14 11 7 2 2 9 14 25 23 16 13 11 10 12 9 9 15 9 13 9 6 4 2 5 4 5 9 10 
2 3 6 5 10 14 19 19 16 12 11 9 10 12 13 17 23 31 53 89 132 177 217 219 191 158 110 59 32 18 6 6 10 11 14 16 16 14 9 7 10 17 19 29 31 24 22 19 13 17 15 15 19 12 12 9 9 8 9 10 8 9 11 13 
11 12 13 12 13 14 19 19 17 13 10 12 13 9 9 16 30 44 76 121 162 195 223 206 160 121 75 33 18 10 6 6 9 8 12 14 15 14 9 9 10 16 18 25 30 27 27 24 15 17 15 19 24 15 12 9 9 11 15 15 13 15 17 18 
11 12 14 13 14 18 21 20 18 11 8 8 8 4 5 18 37 52 90 139 176 203 221 193 138 99 55 16 8 6 7 7 8 9 12 17 17 15 8 10 12 18 19 25 30 30 30 25 15 17 16 20 25 16 11 9 12 17 20 15 9 8 11 12 

14 22 32 6 5 12 15 31 21 27 26 17 12 15 24 14 7 10 27 43 24 21 27 17 22 22 20 19 13 14 20 11 12 12 8 7 19 14 16 20 12 18 10 9 18 7 5 14 7 6 8 13 14 14 12 10 18 22 13 14 12 19 16 11 
12 19 30 8 7 14 14 28 12 18 19 13 10 16 29 22 15 12 21 37 22 17 22 16 21 21 21 18 13 9 13 13 15 17 10 6 15 11 14 17 13 12 9 8 15 8 3 12 9 4 4 7 9 6 6 10 18 21 12 14 13 18 14 9 
11 15 26 12 11 16 12 21 7 13 13 12 12 17 31 32 27 19 16 28 20 15 16 7 10 8 10 8 11 9 7 8 9 9 3 3 11 8 13 12 7 7 7 9 16 13 9 7 6 6 6 9 12 11 8 11 13 14 10 9 6 10 9 5 
12 12 19 9 7 11 6 12 3 8 9 13 14 19 29 35 33 25 17 19 23 23 22 18 16 14 16 17 17 12 5 5 9 10 8 6 7 6 13 13 9 11 13 15 20 16 12 11 7 7 11 14 13 9 4 9 6 8 9 9 8 10 10 5 
6 7 15 9 7 10 5 7 4 9 13 15 16 20 29 36 37 31 23 12 11 15 18 18 16 16 19 21 21 13 8 5 10 7 6 3 3 4 12 14 10 12 14 15 16 12 8 7 6 9 9 13 14 3 3 13 10 7 4 5 4 6 3 3 
7 5 9 8 9 11 12 2 3 11 14 12 12 17 21 30 32 31 30 22 16 12 9 10 12 14 14 13 18 18 20 13 12 6 7 6 4 4 13 16 11 11 14 13 11 11 8 7 6 6 8 16 20 16 14 16 11 10 6 6 6 5 2 3 
12 14 11 7 6 4 10 10 7 12 15 13 12 15 15 18 17 17 21 18 10 9 6 9 11 13 14 5 6 14 23 24 24 20 15 4 1 7 15 19 7 12 19 16 14 12 9 8 6 3 4 11 14 2 4 11 9 9 6 6 7 7 4 5 
21 22 20 15 9 5 8 12 12 14 12 10 8 6 4 8 8 7 15 14 4 6 4 8 9 9 15 6 4 7 9 8 9 11 18 10 7 13 21 26 15 17 18 15 10 6 10 7 6 4 5 6 12 11 12 15 14 11 9 10 6 6 3 6 
25 22 20 18 14 8 7 10 12 15 10 10 13 9 6 6 7 10 15 12 7 9 9 11 14 12 21 14 11 11 8 9 10 9 18 16 10 12 20 27 12 14 12 13 11 7 11 9 11 13 13 11 8 11 14 15 17 13 11 12 4 5 1 6 
21 19 20 19 17 14 8 6 9 11 9 13 15 10 12 9 9 10 11 9 9 9 9 14 17 15 21 19 15 12 9 5 6 6 16 18 14 15 18 25 12 11 9 10 12 9 12 6 13 16 14 12 12 11 14 15 18 19 16 17 15 11 10 15 
14 12 15 15 11 11 6 5 9 9 9 14 15 12 8 4 9 9 7 5 7 8 12 14 14 13 15 14 15 17 15 9 8 5 14 20 19 20 17 18 10 11 8 12 17 17 15 12 16 11 8 1 6 12 12 14 10 13 12 13 13 8 10 9 
10 7 11 13 8 8 9 14 15 12 12 12 9 5 1 5 10 12 8 5 9 12 11 7 4 10 11 9 11 13 14 14 14 7 13 20 19 19 13 13 8 10 10 18 24 23 16 14 21 15 12 5 4 10 10 13 6 13 13 13 18 12 13 14 
14 10 11 12 7 8 10 10 7 6 6 6 8 10 11 13 14 12 10 9 11 12 8 4 8 10 10 3 12 5 6 9 13 12 17 23 22 21 13 11 9 13 15 19 25 22 16 16 23 19 13 8 7 9 10 13 1 16 12 10 13 6 10 11 
23 19 17 15 10 6 5 4 5 9 6 11 14 12 9 11 12 11 10 11 13 13 7 6 7 9 11 6 12 8 8 11 12 15 20 24 21 17 13 13 14 18 18 19 21 18 15 17 21 19 14 7 7 9 10 12 8 19 15 10 8 7 14 15 
18 13 12 11 7 6 9 8 7 11 5 10 9 9 6 10 8 9 8 11 18 17 8 7 8 11 18 15 16 12 10 8 6 13 19 24 19 15 9 10 11 14 16 15 16 13 11 15 21 22 16 14 12 12 12 8 6 19 14 6 9 10 17 21 
18 12 9 9 7 4 8 10 11 14 6 11 14 11 9 12 8 9 1 10 19 14 6 9 11 12 17 7 14 14 14 7 3 12 18 19 11 7 6 12 8 10 12 9 13 10 11 12 14 18 12 11 12 14 17 18 20 26 16 7 9 14 25 31 
27 21 17 15 9 5 6 9 14 13 4 6 14 11 9 12 7 11 6 11 18 13 6 11 13 14 21 12 8 6 2 6 9 10 14 17 16 16 15 16 10 9 6 6 14 8 9 10 8 12 7 7 9 9 9 6 7 24 17 12 22 34 47 54 
27 23 19 15 11 11 4 3 12 8 3 4 11 9 13 16 18 20 15 10 16 12 1 8 11 14 21 16 12 9 9 13 15 13 13 12 13 14 13 13 7 10 4 9 17 11 13 10 6 6 4 2 8 10 10 12 10 16 14 22 36 53 71 78 
23 21 18 14 8 12 6 4 10 3 6 4 10 7 13 11 12 15 6 4 12 9 5 7 12 14 18 16 14 12 9 14 17 17 15 12 11 5 7 11 10 13 7 9 15 7 7 8 3 8 7 6 7 9 3 3 4 10 18 43 68 93 117 128 
19 18 17 19 21 18 13 8 5 3 5 4 10 5 11 11 13 17 10 7 12 13 11 8 10 9 12 16 16 15 13 15 18 17 12 11 14 7 10 9 7 11 9 3 12 5 7 8 7 9 3 0 9 8 3 4 7 3 24 70 110 142 171 185 
21 21 22 21 20 18 13 6 3 3 4 5 9 4 9 11 11 15 10 8 12 14 15 15 15 10 3 11 14 17 17 12 15 16 11 8 11 7 9 10 9 10 12 3 7 8 8 8 4 4 5 3 9 10 18 20 19 19 49 109 154 175 198 207 
14 12 12 10 13 16 14 6 5 8 8 14 15 12 14 17 14 16 12 7 4 7 10 11 16 11 12 7 14 15 13 9 6 9 6 11 13 9 6 7 5 7 11 4 5 5 2 6 8 3 6 8 13 19 19 16 29 55 101 164 199 202 211 209 
6 6 7 8 12 17 14 8 2 6 5 12 8 7 6 6 4 10 12 12 3 5 6 5 10 12 18 9 12 6 12 9 3 3 12 15 15 16 12 12 8 8 11 4 4 4 4 7 11 6 9 3 8 16 22 41 70 109 158 207 223 208 200 182 
15 12 12 14 9 12 11 8 4 8 5 10 15 17 15 12 11 7 4 15 4 5 5 3 7 13 18 6 8 7 13 11 6 9 13 6 4 3 7 11 6 9 11 9 8 9 10 8 13 6 9 12 12 19 38 72 112 158 199 228 226 193 165 137 
12 11 13 21 18 14 11 7 8 10 3 3 5 4 10 4 4 8 6 16 8 8 2 3 11 16 23 8 10 12 15 15 12 16 16 14 13 16 22 20 15 11 3 7 13 16 20 14 15 2 4 11 8 23 63 111 161 206 231 235 209 156 114 81 
11 12 17 20 21 15 12 11 8 13 7 7 8 5 9 4 2 4 2 14 8 12 7 8 11 12 25 11 12 14 15 12 10 16 15 15 13 14 22 17 18 18 9 4 6 11 19 11 12 7 3 13 23 55 107 160 208 239 238 213 167 109 67 40 
11 12 15 14 18 10 12 10 10 14 12 17 20 18 16 14 11 6 2 10 9 11 6 5 6 6 21 9 12 12 9 4 6 13 10 12 12 11 18 12 13 16 11 14 11 10 17 7 5 2 14 31 59 105 157 202 233 236 205 162 113 67 39 25 
9 9 13 13 19 14 14 7 7 11 16 20 14 13 11 9 11 9 7 9 7 10 8 7 4 4 15 6 8 6 6 4 8 11 8 13 12 10 14 10 16 19 12 15 13 13 17 14 14 20 36 61 102 149 189 217 226 202 155 108 69 37 23 16 
10 8 13 11 17 19 15 6 5 13 22 20 11 13 12 9 10 5 4 10 8 11 13 13 12 11 10 1 4 4 5 3 9 7 5 3 10 9 9 10 16 15 9 13 11 11 6 8 20 38 64 102 150 189 211 216 201 159 104 62 32 12 10 8 
8 7 13 12 16 19 15 10 10 14 26 21 9 7 9 6 9 6 6 7 1 4 11 14 16 18 12 4 4 4 6 3 11 9 9 8 10 12 8 14 16 10 6 10 14 13 6 10 29 62 100 149 197 221 220 200 163 110 60 31 11 3 4 7 
12 11 12 12 18 17 15 15 11 9 22 20 7 9 15 12 13 13 6 7 4 8 12 12 13 13 11 4 4 7 8 5 11 6 11 12 12 12 8 16 19 18 14 7 5 1 12 27 60 102 146 194 227 228 203 164 117 66 30 18 8 5 6 11 
8 10 11 15 20 16 14 14 9 8 19 19 12 6 9 8 9 14 9 10 8 9 8 6 6 9 12 5 7 11 12 11 10 8 15 13 14 12 8 18 13 8 8 7 6 7 29 64 109 154 194 225 229 206 164 115 72 37 18 16 12 5 3 5 
13 13 12 16 15 9 9 12 7 12 14 15 12 6 10 5 6 12 10 10 5 4 3 0 4 11 15 8 10 12 12 9 6 9 19 17 17 13 8 20 15 10 11 5 10 31 66 111 155 192 218 221 201 165 117 70 40 24 16 14 13 3 2 3 
12 11 10 12 9 7 12 16 14 18 15 17 15 8 9 6 8 12 10 6 4 9 8 5 3 13 16 10 11 14 16 15 10 9 18 17 17 11 1 19 13 7 13 21 40 74 116 161 199 218 216 192 154 114 70 33 18 15 8 10 11 1 4 3 
10 7 6 8 5 10 9 12 11 18 14 15 13 6 8 3 3 10 9 6 9 13 15 12 9 15 12 6 9 11 14 12 7 3 14 12 13 4 4 19 18 12 18 34 69 112 157 202 228 223 196 153 105 65 30 7 13 14 9 10 9 2 3 8 
10 7 3 4 7 12 8 9 8 15 8 7 11 15 16 12 10 6 9 11 14 11 10 7 7 10 7 13 12 12 10 11 5 5 8 13 16 13 12 13 22 16 23 58 103 150 195 227 230 202 156 105 60 30 7 5 13 15 11 12 10 4 7 10 
17 15 10 8 9 9 7 10 8 14 4 8 13 15 15 15 19 12 10 11 15 14 11 5 7 10 9 10 7 6 5 15 7 6 6 13 18 17 18 15 22 31 58 106 155 198 227 228 203 154 99 55 25 9 4 5 9 10 11 15 11 7 9 7 
26 26 21 13 5 3 5 10 5 11 5 9 12 11 13 14 20 17 16 14 11 11 10 8 12 12 10 12 9 10 12 19 15 12 16 15 12 8 9 11 32 62 105 157 201 227 227 206 165 109 61 29 15 10 8 9 10 7 12 20 15 12 16 15 
24 25 25 17 9 8 4 10 6 11 8 12 11 12 12 13 19 18 15 13 8 4 6 5 9 11 11 9 5 7 9 16 11 8 11 11 9 8 5 14 52 95 143 191 221 220 197 166 119 72 40 22 14 13 12 14 15 15 12 22 20 18 25 23 
18 21 27 20 12 7 6 7 9 11 11 14 4 3 5 9 17 18 15 12 9 2 6 6 11 12 9 6 9 10 10 15 10 8 10 12 10 5 16 46 93 143 189 220 225 200 161 119 70 36 21 13 10 12 12 14 17 20 16 25 24 16 20 20 
18 22 27 24 17 9 8 3 3 6 9 14 17 21 20 16 11 13 15 15 13 8 3 6 13 14 14 13 12 12 12 13 10 10 10 13 17 24 51 96 145 192 223 228 208 165 115 74 36 21 12 10 14 15 4 8 13 17 13 22 22 12 16 19 
18 18 21 21 19 11 9 11 12 12 13 13 14 14 12 11 7 8 12 13 10 12 0 5 12 13 18 19 15 12 8 9 9 12 15 22 34 52 93 148 195 225 229 204 161 107 58 29 13 22 15 11 17 16 3 4 8 15 10 18 17 8 11 15 
21 17 12 15 15 14 14 12 10 6 6 11 18 18 16 14 13 7 10 12 9 11 8 13 17 18 16 17 8 9 4 5 12 13 22 38 66 100 152 205 233 234 209 163 109 60 24 10 5 15 12 8 18 13 7 7 12 18 13 12 10 4 8 10 
20 21 16 15 5 13 21 19 14 5 7 9 15 18 18 18 15 8 8 10 9 7 13 18 22 23 20 13 7 8 6 8 14 20 41 77 123 166 213 243 238 209 166 116 69 34 15 6 6 11 9 4 19 13 10 16 22 25 22 12 5 4 10 12 
15 18 15 17 7 16 25 26 20 18 19 19 22 22 20 21 18 12 5 3 11 9 13 11 11 12 15 14 12 12 12 15 24 43 78 128 178 213 239 240 208 161 114 72 32 9 4 6 8 8 10 8 20 14 5 10 14 17 18 12 4 6 13 13 
18 21 19 20 14 20 28 27 19 11 12 16 23 27 27 24 19 15 9 6 18 14 17 18 24 19 7 11 11 17 19 27 43 72 116 167 208 226 229 209 161 110 73 44 14 1 5 8 6 3 7 10 21 17 13 16 17 18 19 15 3 5 13 13 
18 17 14 13 10 18 28 30 23 16 14 14 18 22 27 22 15 14 7 7 16 5 7 6 22 23 6 6 8 21 35 50 75 114 164 205 229 225 203 164 108 63 40 27 9 9 14 16 13 6 3 10 19 19 20 21 18 19 21 21 6 5 10 11 
10 9 12 11 6 12 23 29 24 14 10 14 20 22 26 24 21 17 10 11 16 10 10 8 19 24 10 10 12 30 56 81 115 162 206 230 231 203 159 112 59 24 19 23 9 6 10 15 17 15 16 15 12 13 13 12 17 17 18 22 8 8 6 7 
11 11 15 14 6 5 15 21 22 18 13 12 19 24 33 29 19 11 8 12 16 13 15 18 25 29 13 7 16 46 86 126 167 208 233 231 203 155 103 60 19 8 13 18 12 18 14 9 9 8 14 10 4 8 17 23 22 18 15 19 7 8 2 3 
9 6 10 9 6 2 9 17 18 15 13 17 19 20 25 13 2 7 14 18 21 18 11 7 21 32 21 13 34 77 128 175 211 230 227 201 152 99 56 24 12 12 15 10 7 16 15 9 9 13 8 4 3 5 6 7 9 12 12 15 6 9 1 4 
14 11 10 4 4 3 6 13 12 12 12 12 12 13 20 11 11 14 19 22 23 26 27 25 26 29 9 27 66 120 176 217 235 228 203 161 103 58 31 10 17 10 12 7 9 15 17 8 6 13 6 4 6 10 9 9 12 11 7 10 4 9 3 5 
10 12 10 2 5 8 12 14 4 3 6 4 6 14 22 12 10 11 20 22 22 23 20 15 15 14 21 60 108 166 213 233 227 198 158 114 65 35 17 3 16 6 8 6 11 15 21 19 15 17 8 6 9 15 14 14 14 10 7 11 6 12 8 12 
6 11 9 3 6 11 14 13 8 6 12 8 6 15 14 7 8 10 23 21 21 21 18 15 19 38 73 112 161 209 236 229 199 154 109 71 36 20 15 16 18 9 8 6 11 12 17 19 22 24 12 6 6 15 2 2 10 14 12 13 4 9 10 14 
9 10 9 7 7 14 14 8 5 7 15 11 9 12 7 13 10 9 23 21 20 20 16 15 27 66 117 162 205 234 233 200 154 103 62 34 20 20 20 17 11 10 7 10 13 13 14 16 28 31 24 18 11 17 6 6 15 17 15 12 8 9 14 14 
11 6 8 7 6 12 11 7 7 11 14 11 11 12 11 12 12 9 19 18 21 14 13 34 64 112 163 200 226 228 202 151 101 57 27 12 13 15 17 18 17 18 12 9 8 8 10 17 32 34 29 22 16 17 9 8 11 12 11 9 9 5 10 9 
7 8 12 14 13 12 4 4 8 14 18 16 16 15 14 9 12 6 13 9 12 17 40 78 127 181 217 230 226 197 153 99 57 26 9 6 3 17 13 15 15 14 19 13 8 10 10 21 31 29 24 17 8 7 4 3 6 9 8 8 9 8 9 10 
9 11 12 8 6 5 9 13 12 13 14 12 14 12 10 5 10 1 9 5 3 30 70 123 180 220 235 225 196 151 103 58 27 11 10 4 3 20 10 10 9 8 24 17 8 10 12 22 28 23 19 15 8 2 2 5 8 9 9 6 9 7 9 11 
16 15 12 6 8 5 11 11 10 12 15 14 13 10 7 5 9 5 9 6 24 63 110 167 212 229 220 188 147 101 58 27 13 5 6 6 10 23 15 12 12 12 26 24 16 17 15 21 24 18 16 16 14 10 9 11 11 11 10 10 10 10 11 12 
19 16 9 2 7 7 12 10 2 4 8 15 14 12 10 10 11 12 15 26 59 107 161 208 230 224 192 146 102 62 27 14 15 14 13 14 15 23 14 9 6 5 22 24 23 25 22 21 21 16 16 15 11 14 12 12 10 11 10 10 13 16 19 21 
20 16 8 2 5 7 10 11 2 3 4 10 14 11 11 15 15 19 32 61 104 158 208 232 226 198 151 100 64 39 23 20 21 19 17 17 15 16 15 15 13 8 12 18 18 20 19 17 19 18 19 20 20 18 13 9 8 9 10 10 14 18 21 23 
8 6 2 5 7 10 16 16 12 11 9 7 8 10 13 18 25 37 64 105 156 203 234 231 197 153 100 52 29 21 17 15 16 15 15 15 14 12 12 14 14 15 14 21 21 20 19 16 17 16 13 13 12 9 13 11 9 10 8 9 11 12 14 15 
4 4 7 8 4 3 12 11 7 9 10 11 12 13 15 22 40 59 90 139 186 214 227 203 152 107 58 23 17 16 10 9 13 10 12 13 14 15 15 17 18 21 17 21 24 22 22 19 17 19 19 18 15 8 11 4 3 4 5 10 7 10 12 12 
13 14 17 14 7 6 13 9 8 6 9 13 15 12 11 25 55 77 117 168 205 217 215 174 114 74 34 16 18 15 10 11 13 10 11 12 16 18 18 21 21 22 15 10 18 19 22 21 18 23 24 23 17 9 11 2 7 7 8 12 6 10 13 13 
10 12 15 14 7 11 14 9 8 3 6 9 9 11 8 30 65 89 133 182 211 214 201 151 92 57 21 10 12 8 6 9 11 7 7 11 18 21 21 24 25 26 20 7 18 20 23 22 16 24 24 22 16 9 12 6 11 12 16 15 4 3 6 7 

12 19 26 3 2 15 9 23 18 23 23 20 12 16 26 15 6 7 25 33 15 18 29 21 21 16 9 8 2 7 18 8 8 10 10 1 17 11 18 22 10 14 8 12 20 11 9 10 6 11 15 14 13 16 16 9 20 25 15 15 14 22 18 12 
12 18 25 6 6 17 15 23 13 19 18 13 6 16 30 23 13 4 20 30 16 15 23 17 16 14 12 10 7 4 14 7 8 12 8 3 15 12 17 18 12 11 8 9 15 9 6 9 8 9 11 11 8 9 10 8 18 22 15 15 16 21 18 14 
12 16 21 12 11 17 17 18 2 12 8 3 6 18 31 31 21 9 14 24 18 15 19 12 8 6 8 7 8 4 9 2 1 6 4 5 11 11 15 13 4 3 5 9 15 12 6 5 5 9 9 11 12 14 14 13 14 15 10 7 9 13 13 9 
12 13 14 4 5 11 13 15 9 10 6 5 11 21 32 36 27 14 7 16 20 19 21 15 8 8 14 15 13 9 7 3 6 8 7 7 6 6 13 14 9 7 11 13 18 13 9 7 6 11 14 15 11 11 5 7 8 11 10 7 7 10 11 8 
12 13 15 11 10 13 10 12 9 12 12 12 14 22 34 41 36 26 17 9 11 10 12 10 9 13 19 21 19 13 8 4 9 7 3 4 3 3 12 13 9 9 12 12 12 7 1 1 6 14 16 17 13 6 3 10 11 8 8 6 5 8 6 7 
6 5 11 12 11 13 13 7 9 15 15 12 12 16 26 37 35 33 29 21 19 15 9 11 15 17 19 17 19 18 17 11 9 4 6 6 5 4 13 15 9 10 12 9 8 7 5 4 7 8 11 16 17 16 15 15 15 11 9 9 7 7 3 5 
9 12 11 8 8 10 11 6 6 11 10 4 3 7 13 22 23 23 23 18 10 7 6 10 15 16 19 12 14 17 20 20 20 15 11 3 2 6 15 18 9 14 17 12 12 11 9 7 6 6 11 13 9 3 7 10 12 12 11 10 7 7 1 4 
21 21 19 15 11 10 10 9 8 12 11 8 6 5 6 13 12 7 11 14 3 4 5 6 12 11 21 9 7 9 11 12 12 12 16 8 5 9 15 21 9 18 19 10 8 5 8 5 5 6 10 10 12 12 13 15 16 15 15 18 11 6 3 5 
21 18 15 13 9 6 8 8 8 12 8 9 11 9 8 11 10 5 11 12 5 7 7 6 12 9 22 6 6 8 8 10 10 7 15 12 6 8 13 22 9 17 15 7 9 6 10 7 10 13 14 11 7 3 4 4 10 11 12 18 13 10 9 7 
22 20 19 16 13 10 4 3 5 9 7 10 11 7 13 11 10 5 7 9 5 5 6 7 12 9 21 14 10 9 8 4 5 2 11 16 12 12 8 18 11 13 12 3 9 9 10 9 17 20 18 15 13 9 7 6 11 13 12 16 14 8 8 13 
18 15 17 14 9 10 7 5 9 7 4 9 9 9 10 6 9 6 7 8 3 9 10 11 11 6 14 5 9 11 10 7 9 6 12 18 18 17 11 10 8 10 9 2 9 12 12 12 17 13 14 10 10 12 9 9 6 8 5 9 12 6 6 6 
13 6 10 10 2 9 12 17 16 12 10 8 9 8 4 3 8 8 7 7 4 14 11 9 9 9 15 6 11 12 12 13 15 9 11 15 14 13 11 7 6 5 10 14 16 15 9 9 16 7 13 14 11 13 12 14 11 15 12 12 19 10 7 7 
12 7 10 8 2 7 10 12 9 10 13 15 18 16 11 11 12 9 6 5 6 15 12 2 3 8 15 9 8 3 8 11 19 16 15 17 16 17 14 9 9 9 11 12 17 15 9 10 14 6 7 11 12 11 11 15 10 16 13 13 13 6 11 15 
16 14 14 11 9 9 9 10 7 11 9 14 17 16 10 10 11 7 5 4 9 17 12 4 7 11 17 14 12 5 8 12 20 18 15 16 13 12 10 8 13 13 10 10 15 14 8 10 7 7 9 10 13 10 8 13 9 20 15 12 7 8 15 14 
15 12 12 6 3 5 8 13 7 12 6 13 14 12 9 7 5 5 4 4 16 20 9 5 8 15 24 19 18 11 9 8 15 18 18 21 20 17 10 9 14 9 11 11 17 20 16 19 20 17 13 12 12 8 8 10 10 21 11 5 7 16 26 27 
12 7 5 5 4 4 9 14 6 16 10 15 17 9 10 7 6 9 3 5 17 16 3 7 7 13 21 10 15 14 12 6 6 14 14 15 10 5 2 11 15 10 15 13 20 21 16 17 16 15 10 8 9 10 14 18 20 25 14 13 22 39 51 55 
13 9 9 13 9 10 12 15 12 16 4 7 16 11 12 10 3 11 3 6 18 16 7 11 8 13 21 10 10 9 6 8 3 8 4 7 9 9 10 12 12 6 12 9 14 14 2 5 4 9 6 2 7 9 12 16 16 22 13 20 40 62 77 83 
11 10 12 18 16 16 13 10 8 9 10 11 16 11 11 13 11 16 10 10 19 15 7 10 11 15 21 11 5 8 9 10 6 6 3 3 6 10 12 12 9 8 10 5 10 9 6 6 2 5 4 3 7 12 14 18 16 12 12 38 66 91 110 118 
11 12 13 17 14 18 12 7 7 8 11 9 14 9 7 7 4 14 11 10 17 14 12 10 12 16 17 12 7 8 8 8 5 8 6 4 6 11 14 14 11 9 2 4 10 6 5 2 5 10 8 8 9 12 11 13 13 10 31 72 108 135 157 166 
3 2 5 14 18 20 16 11 4 7 12 11 17 15 8 6 4 13 12 12 16 17 17 12 11 12 14 17 13 10 6 7 4 7 5 5 5 8 10 10 8 7 4 4 10 7 10 12 12 10 5 4 10 12 9 9 12 22 54 108 152 175 195 203 
11 12 14 15 17 17 14 9 3 9 15 16 19 17 10 9 4 10 12 13 14 17 18 15 14 9 2 13 15 19 18 10 2 5 3 3 5 7 7 8 7 7 8 6 7 4 5 5 6 6 7 7 10 3 9 10 24 47 92 155 192 195 205 204 
16 14 14 11 7 1 10 7 5 14 17 23 24 21 15 14 9 10 12 12 8 10 11 8 12 7 10 6 12 15 12 12 8 8 7 11 10 7 4 6 2 3 6 3 6 6 6 3 7 3 3 3 8 7 9 24 57 97 149 204 220 202 195 179 
9 10 11 12 10 4 8 8 5 12 14 22 23 23 18 13 7 3 6 14 5 6 6 0 7 11 14 6 9 7 9 6 3 6 15 17 16 14 12 12 3 1 5 2 6 7 8 4 7 4 8 6 8 13 29 63 106 152 195 226 220 185 161 134 
6 5 6 12 7 5 6 9 10 10 11 18 22 21 19 15 12 8 2 12 4 5 6 5 7 11 12 4 8 10 8 4 6 10 13 8 5 0 8 12 1 5 9 10 13 14 16 10 8 4 6 9 15 28 62 108 155 196 220 225 201 154 118 89 
10 8 8 16 14 8 7 6 13 12 10 13 14 12 14 9 7 8 5 11 5 5 2 5 12 16 16 8 11 12 9 8 11 16 12 12 9 9 16 15 9 6 3 6 12 15 20 15 12 7 6 14 28 55 104 156 199 227 227 208 168 113 72 44 
10 10 13 17 18 13 11 9 9 12 6 5 9 9 13 10 6 6 5 9 8 8 6 7 9 13 16 12 14 15 13 13 15 18 15 14 12 9 16 15 13 13 9 10 8 7 16 13 10 8 5 27 57 99 152 195 222 230 204 164 120 72 40 23 
13 12 14 15 16 7 11 11 9 11 9 11 14 13 16 15 9 9 9 5 8 7 5 7 10 13 11 9 12 9 8 12 15 15 12 14 12 7 13 14 12 15 10 11 9 3 12 9 8 12 33 64 106 152 193 216 220 199 152 107 70 38 25 20 
17 15 15 17 18 10 12 9 9 10 14 15 11 4 11 12 8 9 11 7 9 8 9 10 11 12 7 7 9 3 4 9 14 13 11 14 12 9 10 9 17 20 14 13 12 10 13 14 23 41 71 111 159 194 213 214 194 154 104 64 38 20 19 16 
9 10 13 14 17 15 13 9 8 12 20 18 9 4 10 12 7 7 7 7 10 9 14 16 15 12 5 7 8 4 8 8 12 8 11 8 9 4 4 6 18 17 7 7 7 8 5 14 35 66 107 155 198 216 213 192 153 107 64 32 14 9 15 14 
7 9 12 14 17 17 14 12 12 12 23 19 8 2 9 11 6 7 4 4 8 6 8 12 14 15 10 8 6 3 9 10 10 5 6 12 15 10 6 8 16 12 9 8 12 10 8 30 59 101 150 196 224 221 194 153 105 63 35 19 10 10 14 15 
15 14 13 12 18 16 14 15 10 6 21 18 10 10 13 13 10 10 4 6 10 11 9 5 6 8 13 7 6 7 12 14 10 7 11 14 18 14 11 14 17 11 11 6 3 12 32 65 105 152 193 226 231 204 161 113 67 33 21 18 10 7 12 12 
15 17 14 13 19 12 9 13 6 10 20 18 12 7 9 9 5 10 8 10 13 12 11 9 10 11 16 7 7 7 12 14 8 8 15 13 17 16 13 18 16 5 9 6 10 32 66 113 160 198 223 230 207 164 117 73 39 22 15 15 14 7 7 6 
23 23 18 16 17 7 4 12 3 11 14 16 14 11 12 8 2 6 5 9 11 15 17 16 16 16 17 7 7 7 9 11 7 10 16 12 15 14 11 19 17 14 9 5 29 68 114 163 201 219 220 199 158 114 72 37 20 17 13 11 16 6 5 3 
25 24 19 14 12 9 8 14 9 14 12 16 17 10 8 6 6 7 6 9 15 19 21 19 17 15 14 8 9 11 13 12 9 8 15 10 12 9 8 18 15 13 15 32 69 120 169 210 230 223 197 152 104 65 29 5 8 13 6 8 15 5 9 10 
26 24 19 13 9 11 5 12 10 18 16 19 19 10 9 6 8 10 11 14 18 19 19 18 14 12 10 5 4 4 7 6 6 8 13 7 12 6 7 16 15 17 29 61 113 165 208 236 237 206 160 108 61 30 4 8 12 15 4 7 13 8 11 13 
22 21 17 12 10 12 4 9 9 17 17 18 21 21 20 17 17 14 15 17 19 16 11 9 5 6 9 10 9 7 6 7 9 10 10 13 17 13 9 9 19 23 45 96 155 199 230 239 215 164 111 63 25 7 7 9 13 15 6 8 11 8 13 20 
16 17 15 15 16 13 9 12 11 17 16 17 16 14 14 14 21 20 18 16 16 14 10 8 7 10 10 10 12 11 11 12 9 8 13 18 19 15 14 15 31 52 91 148 198 225 233 213 167 109 62 28 6 6 8 9 10 10 6 9 9 8 13 19 
1 4 5 6 9 9 8 10 7 12 10 14 11 10 14 12 18 20 18 16 15 14 11 11 11 11 9 6 11 14 15 15 13 14 18 18 15 10 8 19 54 93 140 189 223 225 205 168 119 70 37 17 5 5 6 6 8 7 12 16 12 11 15 18 
12 13 14 4 9 8 9 8 4 10 7 13 9 12 13 12 15 16 12 11 13 10 8 7 6 8 8 7 14 18 18 14 8 6 9 12 10 6 12 39 88 134 175 207 218 193 155 117 74 44 28 21 18 14 12 10 6 7 4 15 13 12 19 22 
18 18 21 10 13 5 8 7 8 10 8 15 8 8 11 12 12 13 6 7 12 4 3 3 6 4 6 8 11 13 12 11 4 2 6 9 5 15 45 89 142 183 209 217 200 154 107 71 32 20 17 16 13 13 15 15 11 10 6 16 18 14 17 18 
25 25 24 15 14 5 6 2 1 5 5 13 18 23 23 24 14 6 1 6 13 9 2 3 10 6 9 11 9 10 9 7 1 6 7 15 30 54 96 148 192 218 221 201 162 111 65 33 8 18 13 16 17 17 11 14 11 11 7 14 16 9 9 12 
21 20 20 18 22 16 15 15 17 16 13 7 10 12 9 15 12 3 3 4 10 12 4 6 9 4 14 17 13 12 10 9 10 11 16 35 65 99 147 195 223 225 200 156 109 61 24 10 10 18 9 12 18 17 7 11 6 10 10 15 13 5 4 4 
19 15 13 19 23 15 15 8 6 8 6 8 10 9 7 13 15 6 3 6 10 13 7 10 13 16 15 15 7 6 2 3 16 17 29 62 108 152 200 234 236 209 162 111 67 29 10 9 7 14 7 4 14 12 5 8 8 13 15 18 15 13 13 11 
19 20 16 18 15 4 11 11 12 9 8 6 7 7 8 13 14 3 2 6 10 10 14 20 24 24 19 11 8 10 10 12 23 38 67 114 168 210 238 244 215 164 110 69 39 18 12 7 9 15 9 6 16 16 6 11 15 18 21 21 21 22 21 19 
13 17 18 22 17 9 13 18 20 18 16 12 9 8 10 14 14 4 4 7 13 11 12 11 13 17 17 14 13 17 19 22 42 74 117 171 218 239 239 214 164 105 59 33 18 14 10 6 12 14 11 12 20 23 13 11 10 7 12 18 23 25 26 25 
15 21 22 25 22 9 7 12 12 9 8 12 16 17 19 16 12 2 4 6 17 12 14 14 19 21 18 19 19 28 34 46 74 113 157 198 224 221 200 162 108 61 33 23 18 16 9 3 8 13 16 20 26 28 22 19 15 9 6 12 19 23 24 27 
21 20 20 22 23 12 4 9 12 10 8 9 14 17 22 17 9 6 7 8 17 12 7 8 20 21 17 19 23 41 59 81 116 157 194 213 214 189 152 111 64 29 16 17 19 19 14 12 11 11 12 19 27 31 30 26 20 15 11 11 13 18 17 20 
11 12 18 24 25 18 6 6 13 9 1 9 16 18 21 17 14 14 12 11 14 12 8 9 17 19 16 22 30 57 88 118 156 195 219 218 198 156 109 67 27 8 11 18 17 20 16 13 14 14 17 20 23 26 25 22 20 16 14 14 2 10 6 9 
18 19 23 25 24 19 12 4 7 11 12 13 13 16 23 17 11 10 10 9 14 15 13 15 21 21 15 26 45 83 125 166 199 221 223 199 157 106 60 28 5 10 11 15 15 21 17 15 15 12 16 16 18 18 18 18 14 10 11 15 4 8 2 3 
20 21 23 25 22 16 13 15 15 14 16 16 12 11 16 2 9 12 15 15 19 19 16 13 19 22 18 37 74 124 171 209 222 214 191 150 99 55 26 7 11 7 14 9 10 18 18 14 13 16 12 12 12 8 4 4 4 6 9 14 5 9 6 7 
9 10 12 16 17 13 11 12 11 12 15 13 10 10 16 10 16 15 16 14 17 24 27 27 23 15 24 65 119 175 214 234 221 189 150 108 61 31 17 5 12 5 11 7 8 14 17 9 9 17 10 6 3 6 9 11 10 9 7 11 3 9 10 15 
3 6 8 12 14 9 11 11 5 0 10 7 6 13 20 13 14 15 20 17 12 15 16 12 2 22 61 111 167 215 235 228 192 145 106 73 41 25 15 7 13 3 7 6 7 11 18 15 13 17 6 7 9 16 16 13 8 7 6 13 2 9 11 18 
7 11 12 12 10 6 13 11 10 4 13 5 3 14 13 11 13 15 25 19 11 7 12 23 38 73 119 166 211 238 233 201 150 98 63 40 17 8 4 16 17 9 7 8 9 9 13 14 20 20 3 6 6 14 5 8 11 15 13 18 6 6 13 16 
12 12 10 11 8 11 17 9 9 4 13 4 1 12 10 17 12 12 23 18 9 4 20 40 68 116 169 210 235 237 209 156 99 53 27 14 12 13 9 14 11 10 5 12 11 11 11 12 26 20 11 10 8 16 8 9 11 16 15 17 12 10 17 18 
14 11 12 12 7 12 15 7 10 10 15 10 8 12 8 9 7 8 19 19 18 20 44 76 115 164 208 227 229 209 164 105 56 24 9 7 12 12 4 9 10 13 14 13 4 1 5 17 26 17 14 11 15 21 15 17 12 12 12 13 13 7 10 8 
11 12 15 17 12 12 9 6 12 14 18 15 11 12 7 4 9 4 12 6 15 42 83 131 181 222 240 229 200 158 108 58 28 11 4 3 4 15 8 7 7 8 21 14 4 3 7 22 24 19 17 11 11 12 4 9 3 7 8 12 15 13 15 17 
12 13 15 14 11 8 5 10 11 8 11 8 9 10 7 6 9 2 10 8 30 72 124 181 223 240 230 193 146 99 58 25 16 13 11 7 5 16 11 7 6 6 24 16 2 4 10 23 21 18 18 15 10 5 8 10 6 6 10 11 15 15 15 17 
15 16 15 12 10 6 7 9 8 5 9 6 7 6 5 8 11 6 13 29 65 114 167 215 233 220 188 138 90 55 25 7 9 9 11 9 6 17 13 9 10 12 27 22 18 17 13 20 18 16 18 19 13 6 5 9 9 5 10 12 13 14 12 11 
14 16 14 9 11 10 13 12 10 8 6 9 7 7 10 13 16 17 28 59 106 159 207 236 227 193 145 91 52 29 12 8 15 14 14 13 8 17 11 7 8 8 22 21 22 23 17 15 13 11 13 16 10 10 10 12 14 8 0 9 11 14 16 16 
22 18 13 6 7 10 13 13 12 13 12 15 15 14 16 18 25 35 60 102 155 203 235 236 203 155 101 54 29 20 18 19 24 21 20 17 11 10 9 10 12 14 11 16 16 15 12 6 9 9 11 15 15 15 13 13 14 10 3 6 10 10 13 12 
12 10 5 3 6 12 17 18 20 20 18 17 17 18 22 28 45 68 105 156 204 231 236 209 155 101 51 18 10 15 13 13 16 11 12 9 8 6 6 6 9 20 12 18 16 14 15 5 9 7 4 7 4 3 9 10 12 10 4 5 8 7 9 10 
8 8 7 7 3 5 13 14 15 18 17 17 17 18 24 42 72 98 136 186 218 220 206 162 101 57 20 13 14 19 14 13 15 9 9 7 10 12 11 11 15 24 14 15 17 17 20 12 7 10 7 9 6 3 11 10 12 10 7 8 5 3 4 3 
14 15 16 15 7 7 12 9 11 15 16 16 17 18 25 55 94 121 161 205 220 204 175 121 65 34 16 21 23 23 18 18 18 14 14 15 16 18 17 16 19 26 16 7 11 15 20 14 7 13 9 7 4 9 14 11 13 12 12 12 5 3 4 5 
8 9 12 17 10 10 11 8 12 16 18 14 10 18 26 63 106 133 175 213 217 189 150 94 45 23 12 17 18 17 14 13 12 8 12 18 21 21 19 18 21 28 22 10 16 18 20 16 8 16 11 4 3 12 16 11 11 9 13 14 7 6 3 4 

17 20 22 3 4 15 8 15 11 15 8 14 17 20 23 14 9 15 29 19 11 15 24 19 13 17 7 6 5 8 16 4 5 9 9 13 23 15 14 15 10 11 8 18 25 19 18 12 7 16 20 16 14 18 15 9 19 22 16 16 14 20 12 11 
11 16 19 8 9 17 18 22 18 21 14 13 15 21 26 18 3 12 25 19 9 12 20 16 11 16 9 6 5 7 14 6 7 10 7 12 21 16 14 13 10 9 7 13 18 15 15 12 6 11 13 13 10 15 9 4 17 20 15 15 15 19 14 14 
7 12 15 13 12 15 17 17 11 17 13 13 14 20 26 21 7 9 20 18 12 12 16 13 9 12 7 2 6 7 12 7 6 9 7 12 18 17 14 11 4 2 6 14 18 15 14 11 7 6 5 6 7 16 14 12 13 16 12 8 8 12 10 1 
9 8 5 3 1 2 6 10 8 14 15 15 15 21 26 21 10 8 16 16 12 12 15 13 10 11 8 9 11 9 10 8 6 8 8 9 11 14 15 14 11 7 12 16 17 14 14 12 10 4 6 9 8 14 6 4 9 15 15 12 10 10 9 2 
7 12 15 15 12 10 3 9 9 13 18 20 19 24 31 29 18 13 13 14 12 9 9 8 8 7 9 13 15 9 6 6 6 7 2 2 5 8 11 11 10 9 13 12 12 8 8 9 6 11 12 13 12 9 4 6 9 13 16 14 10 10 6 5 
13 13 15 17 15 13 9 4 9 16 20 20 18 21 30 33 26 26 23 18 21 18 13 10 10 5 9 8 15 12 11 8 6 6 6 8 9 7 11 12 9 10 14 11 8 6 4 6 3 5 6 10 13 16 16 14 12 11 15 15 11 9 7 10 
4 9 12 13 13 16 15 11 13 15 14 13 11 12 21 27 25 27 26 20 15 12 11 9 9 4 16 8 11 12 15 15 15 12 8 6 6 8 12 16 8 12 18 13 11 10 7 6 3 4 10 9 6 5 5 7 9 11 16 16 7 4 6 8 
20 22 22 20 16 16 13 10 10 12 9 7 7 11 17 22 16 13 4 13 13 13 12 7 13 11 23 12 9 6 9 8 7 9 12 9 6 9 11 19 11 17 18 10 8 4 6 5 3 2 8 5 10 12 13 13 14 15 20 24 14 7 9 9 
15 14 13 12 10 8 8 8 9 12 8 6 4 8 15 20 16 10 6 13 13 14 12 6 9 9 21 6 8 6 8 6 5 5 13 12 4 6 8 18 11 14 13 6 8 6 8 8 9 12 12 9 7 5 7 3 5 8 9 17 7 7 15 13 
15 16 18 16 13 7 2 8 9 12 11 11 10 10 14 15 14 6 4 12 12 11 9 6 10 10 19 15 11 9 8 2 7 6 12 18 14 14 7 11 10 11 12 4 6 7 9 12 20 20 16 14 12 9 8 4 6 7 4 12 9 9 15 18 
15 16 19 16 11 11 6 3 6 5 4 9 10 11 8 4 10 4 8 14 12 13 10 11 9 7 11 5 5 6 7 6 7 5 8 15 15 13 11 2 9 8 10 4 5 7 7 12 18 12 10 8 9 13 9 8 8 7 4 10 14 10 11 14 
13 8 10 9 5 13 12 14 13 6 1 7 13 14 9 5 6 5 9 13 10 15 9 10 12 12 14 10 12 11 10 12 13 4 2 6 3 5 11 2 9 6 14 16 15 10 6 10 16 11 6 9 12 15 13 14 13 16 13 10 15 5 2 5 
16 12 11 7 4 11 11 12 9 8 8 12 17 19 16 12 9 7 9 10 9 16 12 3 6 10 16 14 11 8 8 9 17 12 10 10 9 10 13 6 14 12 14 15 16 15 9 10 12 13 11 7 12 10 7 10 4 12 15 14 12 9 10 15 
16 12 11 8 7 12 12 12 6 9 7 10 10 13 14 10 9 6 7 6 8 18 14 3 4 6 14 14 12 8 8 10 21 14 11 12 7 5 10 4 16 10 8 7 8 13 7 8 11 18 20 16 17 11 6 8 2 15 13 13 11 17 20 20 
17 12 9 4 2 6 8 16 10 12 9 15 13 6 12 8 6 5 4 7 14 20 9 1 6 14 25 22 17 12 8 5 19 16 19 21 19 18 14 9 19 7 10 5 9 23 18 20 21 21 19 15 13 7 5 4 8 16 9 14 24 40 50 50 
14 11 8 8 5 5 5 15 4 14 11 14 15 2 7 2 5 7 2 2 11 16 9 8 6 13 22 15 12 10 9 3 12 12 16 13 7 3 2 11 20 7 12 7 15 27 18 16 14 13 15 12 11 8 8 7 13 15 12 26 46 70 84 88 
9 3 3 9 7 10 10 16 9 12 6 10 18 15 14 9 6 9 1 1 13 19 16 11 4 11 20 16 12 11 9 6 6 9 12 9 6 5 5 9 17 6 15 10 12 19 6 5 4 6 9 8 9 6 4 4 11 14 12 36 69 98 117 124 
5 0 1 9 4 6 7 12 3 7 12 13 17 14 10 12 9 11 4 4 14 18 18 15 11 15 18 12 5 10 15 7 4 7 12 12 8 6 7 8 15 10 16 11 10 11 2 5 3 3 4 8 9 10 9 12 13 6 23 64 107 139 161 167 
10 11 12 14 11 11 5 8 5 7 6 5 10 9 6 9 6 6 2 2 12 18 21 19 15 17 14 9 8 16 18 8 2 4 10 12 9 9 8 8 12 11 8 9 10 6 6 7 8 10 10 9 6 6 2 3 12 29 62 111 158 183 199 202 
6 4 4 7 14 15 12 12 7 8 8 6 10 12 11 11 7 6 6 8 15 23 26 23 16 15 14 18 17 18 17 8 1 3 8 10 7 8 6 6 5 6 6 10 12 8 12 14 12 7 3 1 7 10 6 12 31 59 99 153 194 205 211 209 
4 4 9 9 14 14 9 11 7 12 13 9 7 8 11 13 8 8 9 9 14 21 23 22 17 13 11 16 21 26 21 9 4 7 11 12 10 10 6 5 2 5 6 9 10 6 7 5 4 6 7 6 10 6 9 26 54 93 141 192 214 203 196 183 
10 7 9 7 11 12 8 10 7 14 13 13 11 9 13 13 8 10 11 10 10 14 15 14 10 8 13 12 17 22 15 8 6 6 9 10 10 9 6 6 3 4 6 7 8 7 8 7 9 6 2 3 9 12 29 59 100 148 192 225 223 189 164 139 
10 12 11 13 16 14 5 9 9 13 13 10 10 11 16 12 3 7 5 15 9 11 12 9 8 11 13 12 16 18 14 7 2 6 12 13 11 12 13 12 5 2 3 5 9 7 9 4 5 4 7 9 18 31 61 105 153 195 221 229 202 152 117 88 
2 11 10 15 18 15 9 9 10 12 13 6 7 6 15 9 6 10 6 13 9 9 9 7 3 4 6 9 13 15 11 5 4 12 15 12 3 3 10 10 1 4 7 12 14 14 17 12 7 7 7 20 38 64 108 160 199 224 225 205 162 108 73 47 
6 8 7 13 14 9 6 2 13 14 14 11 9 7 12 7 6 9 7 10 6 5 6 9 11 11 8 11 15 16 14 9 5 11 6 13 6 6 15 12 7 3 2 7 12 13 16 15 9 9 12 35 66 105 158 201 223 229 207 168 121 72 37 14 
6 7 9 12 13 10 10 5 9 13 12 7 3 3 12 10 7 6 6 4 4 5 11 16 17 13 5 12 16 17 16 15 11 15 15 15 11 8 13 13 9 9 9 14 14 12 15 13 8 9 24 61 106 151 194 215 217 204 163 119 81 44 22 12 
6 4 7 8 9 3 11 7 6 10 11 8 8 8 13 15 9 5 10 3 8 10 16 20 21 17 6 11 12 11 10 12 9 9 11 15 10 6 9 10 7 12 12 12 11 7 14 14 17 34 67 111 158 194 215 214 195 161 111 69 42 17 14 12 
17 12 8 9 11 10 14 10 11 11 14 12 9 7 9 14 6 4 13 8 9 12 18 20 19 15 9 12 8 9 5 7 9 8 12 16 12 11 9 5 14 18 15 14 11 4 9 18 39 72 114 161 202 218 218 197 160 119 75 40 21 7 12 9 
7 7 6 9 14 16 15 14 13 13 18 16 8 8 6 14 4 2 10 6 9 11 16 18 15 12 9 11 9 10 5 4 8 13 16 14 12 9 7 5 17 17 13 12 10 4 7 31 63 106 154 197 221 215 192 153 108 74 44 18 8 2 10 12 
9 8 4 8 16 19 17 16 14 12 21 17 8 9 6 13 5 3 9 9 11 12 8 8 7 9 13 10 8 9 7 7 8 12 9 12 13 9 10 8 18 15 13 9 9 8 28 62 102 149 194 223 223 192 150 104 62 39 30 20 13 6 4 10 
9 9 8 12 21 21 18 16 9 10 20 16 11 11 9 12 6 8 12 13 15 15 11 7 9 9 18 9 10 10 9 10 10 15 14 13 12 7 13 12 18 13 13 6 12 34 65 109 154 193 220 228 203 158 115 73 38 21 20 18 13 7 3 3 
13 14 13 18 26 21 16 15 7 15 20 14 11 9 10 11 6 12 17 18 20 19 19 19 18 16 18 9 14 9 6 6 11 17 15 12 8 9 14 12 13 11 9 6 32 69 112 162 201 220 224 206 161 112 73 42 22 17 16 17 15 6 2 5 
27 25 22 22 26 21 15 12 1 15 14 11 12 11 12 11 7 11 16 19 19 19 21 21 20 14 13 9 12 3 3 3 16 18 13 9 6 9 11 9 12 15 6 26 68 119 168 208 225 219 198 157 107 66 33 13 7 13 10 12 17 5 4 6 
30 26 24 20 22 21 16 14 5 13 9 7 11 5 7 9 9 11 13 14 17 19 22 22 21 13 11 10 13 9 11 7 17 17 14 7 10 12 11 11 12 16 31 67 121 176 216 237 230 198 154 102 59 32 4 11 8 13 6 8 16 10 17 20 
30 28 25 21 19 21 14 13 7 11 6 9 14 8 10 12 13 14 13 13 15 14 17 18 18 10 10 7 11 8 11 12 19 20 17 9 12 10 8 10 15 28 59 110 172 216 238 240 214 165 112 65 30 13 9 11 11 15 6 6 12 11 18 19 
29 27 25 20 17 19 9 10 6 10 10 15 22 22 21 20 18 14 12 13 16 15 14 15 14 11 14 11 8 7 11 15 21 21 17 14 18 15 10 12 26 52 94 155 210 232 234 214 169 115 69 34 11 3 8 5 11 15 6 7 10 12 16 20 
31 32 29 24 20 16 10 14 12 12 14 16 17 13 12 11 14 13 9 9 9 8 8 10 12 12 14 13 12 11 13 14 17 18 20 21 20 16 16 29 59 97 147 202 234 230 208 165 109 60 32 18 12 3 4 2 8 11 3 5 7 11 18 24 
13 14 16 15 10 5 6 9 9 10 13 17 14 12 10 6 8 11 8 8 7 9 9 13 15 11 10 9 13 15 15 16 19 22 24 23 19 15 23 51 97 143 186 222 230 201 160 112 63 31 18 15 13 10 8 4 4 7 11 12 8 11 17 23 
2 3 10 8 12 2 8 7 5 5 8 15 11 10 8 7 5 11 5 6 13 12 10 11 10 8 11 11 14 16 18 17 18 21 22 21 17 20 46 86 138 179 206 216 201 152 107 69 34 21 17 19 22 20 17 13 6 4 7 13 5 8 16 21 
8 10 16 10 19 8 10 10 10 9 9 16 11 10 11 13 11 13 5 5 13 7 2 6 9 4 9 12 9 13 16 15 15 17 16 17 23 50 93 142 187 211 215 199 162 107 66 38 8 14 9 8 9 11 15 16 14 9 9 14 10 11 12 12 
15 15 16 9 19 8 10 7 7 4 5 13 15 20 21 24 18 10 3 4 12 10 3 4 11 5 10 13 5 5 8 9 10 13 18 33 60 97 146 190 214 215 194 156 113 68 35 15 10 19 13 11 10 9 9 14 15 13 11 15 11 8 6 7 
4 6 12 14 27 20 18 19 19 17 12 4 7 13 10 13 11 4 5 6 9 12 7 9 12 1 13 17 9 7 9 11 14 14 25 60 100 141 185 213 213 191 149 103 67 34 14 9 9 15 5 8 13 11 3 8 8 11 13 17 13 10 8 7 
9 5 5 14 27 16 14 12 9 6 4 7 12 15 10 11 12 6 6 7 11 12 5 8 9 10 14 16 12 8 5 5 20 25 47 96 146 185 216 224 200 157 107 66 41 21 12 11 9 15 8 9 15 15 7 3 5 10 15 18 15 15 13 12 
16 17 11 12 22 11 8 12 9 4 3 7 12 14 9 8 11 5 6 6 12 11 10 15 17 20 18 14 14 13 12 18 36 62 102 156 202 225 230 209 162 108 62 37 27 19 14 10 12 20 15 15 20 22 12 6 9 12 15 17 16 15 12 12 
10 13 15 17 22 15 9 19 18 13 9 6 9 10 10 7 14 9 10 10 15 12 9 7 10 19 20 18 18 18 22 33 67 112 160 207 236 233 208 163 106 56 23 16 20 18 14 10 17 20 15 15 20 27 19 12 8 4 6 12 12 12 10 12 
9 13 15 19 23 16 8 12 13 10 7 7 5 7 13 8 14 9 9 8 15 11 10 9 12 21 22 23 23 31 47 71 112 157 193 215 218 192 152 106 60 27 13 15 17 18 15 9 16 21 20 21 22 25 22 17 11 6 6 11 13 12 9 11 
18 15 15 18 24 21 15 12 13 11 8 7 4 3 11 9 12 7 8 7 13 12 9 9 15 21 21 24 30 51 80 116 159 195 214 210 189 149 104 64 31 14 6 12 15 19 18 12 14 17 18 21 24 28 29 22 13 13 11 13 19 21 17 15 
8 10 16 21 26 24 17 11 13 11 7 11 12 12 13 12 15 11 9 8 5 8 7 7 14 18 20 27 43 77 117 155 191 217 221 199 162 117 71 35 8 11 4 9 11 18 19 12 13 14 19 23 22 25 26 17 14 16 12 7 8 15 14 13 
12 15 16 18 22 23 18 12 10 13 14 14 11 10 14 9 11 2 2 4 3 5 6 7 13 14 21 39 68 115 161 195 215 219 201 162 117 74 37 12 9 12 9 9 5 14 15 11 11 9 17 18 16 18 18 12 11 14 12 11 5 9 5 4 
23 24 24 24 21 19 16 17 16 14 16 14 10 9 9 7 12 7 9 11 12 9 8 5 10 14 31 64 110 162 201 219 211 186 150 108 67 37 18 7 11 8 13 6 6 12 14 10 4 12 12 14 15 15 13 9 9 12 11 12 5 8 6 9 
12 15 16 19 17 15 10 7 7 9 14 10 8 11 12 13 17 15 12 9 11 17 19 18 12 21 59 109 165 211 229 223 187 143 104 72 42 25 16 9 12 6 10 6 6 9 12 5 3 15 9 7 5 8 11 13 13 12 9 14 7 9 11 19 
7 10 13 16 13 9 7 4 5 3 13 4 4 13 14 13 15 13 17 15 7 7 9 14 28 61 111 164 211 237 231 199 147 99 69 49 30 23 16 12 15 5 6 6 7 9 13 12 11 16 10 7 9 16 14 10 7 9 9 16 7 10 14 18 
15 18 21 21 14 7 12 9 11 5 15 1 2 14 11 16 19 18 22 16 6 11 25 47 75 119 170 213 238 238 208 157 101 59 38 26 10 6 6 19 19 8 6 8 10 11 12 12 19 18 9 8 6 12 4 8 9 13 10 20 9 8 17 18 
15 14 15 17 11 9 16 7 9 4 13 4 5 13 12 20 16 13 18 11 10 26 49 81 120 169 215 240 239 215 167 106 54 24 14 14 13 13 9 15 14 9 3 12 11 12 12 13 25 17 12 11 9 14 8 9 4 9 6 17 12 10 20 20 
18 13 13 15 7 10 15 6 11 9 15 12 8 12 7 12 12 13 16 16 26 50 84 124 168 207 234 233 207 168 118 62 27 12 7 6 11 12 8 8 7 10 12 13 1 3 5 18 24 11 7 9 14 21 19 22 15 13 9 12 14 7 15 13 
18 18 19 20 14 12 11 7 13 12 17 15 11 13 6 8 12 13 9 12 40 82 129 179 219 238 237 204 155 109 66 26 12 12 12 10 8 8 7 6 5 7 18 15 1 1 8 23 19 7 3 9 13 14 5 12 9 11 11 14 20 17 18 21 
17 20 22 21 18 15 7 5 11 6 10 9 11 12 7 5 11 10 12 34 71 123 175 221 241 232 202 150 96 56 28 15 16 14 15 15 12 8 9 7 7 9 21 17 8 8 13 24 14 5 6 11 15 10 10 11 10 13 11 11 16 16 17 19 
15 17 19 18 19 16 5 4 6 1 6 6 9 9 5 8 15 20 35 67 115 168 211 237 228 191 144 90 48 23 8 8 14 14 17 18 14 10 10 8 10 15 23 19 20 20 15 20 10 10 12 13 14 5 9 12 15 16 16 13 9 10 10 14 
13 17 19 17 19 15 8 5 3 6 6 10 7 6 9 14 24 35 61 105 158 203 232 233 199 148 96 49 19 6 5 4 20 16 20 22 17 12 7 9 11 16 20 17 23 22 14 11 5 3 5 8 10 5 12 12 13 12 10 12 7 4 6 11 
29 25 21 14 10 10 9 4 4 6 6 6 4 8 15 24 43 66 104 153 199 227 232 207 156 103 56 23 9 15 17 19 27 17 20 21 18 12 6 9 9 18 11 14 14 15 12 2 6 4 5 6 11 14 18 18 14 11 7 9 9 4 4 2 
19 15 10 4 4 10 11 10 12 11 10 13 16 19 28 45 77 113 157 200 229 229 205 159 101 53 15 9 8 16 17 16 21 6 11 13 14 10 9 7 9 21 9 11 8 12 17 7 11 10 8 3 4 6 9 11 8 9 9 8 10 10 7 8 
17 14 10 9 6 6 11 15 19 18 19 19 19 24 42 70 109 144 180 211 218 195 156 103 50 19 5 13 11 18 19 18 21 9 10 13 14 11 10 7 13 24 10 12 13 17 23 13 11 14 12 7 4 4 10 10 6 8 11 10 9 9 4 1 
23 19 16 17 12 7 7 11 18 20 22 21 21 28 50 90 133 164 196 214 198 158 111 60 22 14 17 19 20 24 23 24 23 12 11 16 16 13 12 11 17 23 10 11 14 21 25 17 13 19 17 12 9 9 12 9 3 5 12 12 10 12 7 3 
17 10 11 22 19 9 3 12 19 22 27 24 20 32 56 102 146 176 207 212 181 132 78 34 19 22 23 20 19 20 22 23 18 7 8 16 18 16 14 16 19 23 13 12 19 20 22 16 12 20 18 15 12 12 11 6 4 2 11 11 11 15 12 10 

18 27 23 6 5 14 11 14 9 13 8 20 18 18 20 15 12 18 22 8 9 11 18 23 26 33 27 29 28 21 15 6 4 8 5 6 13 9 6 11 13 11 13 21 22 17 12 8 17 19 17 13 15 18 13 9 20 21 14 12 9 15 9 11 
12 21 18 11 12 18 21 21 19 21 17 22 20 18 20 14 7 17 22 9 3 8 14 19 21 28 23 24 23 17 14 7 5 6 5 6 13 6 5 9 9 6 7 14 17 13 13 5 14 13 13 12 11 17 8 7 17 18 14 12 11 15 11 14 
8 16 13 12 11 12 17 17 15 19 18 20 18 20 20 12 7 15 20 10 5 5 11 14 16 21 15 18 18 16 17 13 10 6 6 4 11 8 5 5 6 5 8 14 16 13 12 4 13 6 5 3 4 16 10 10 12 14 12 9 9 12 11 9 
12 12 4 2 3 2 9 8 4 8 12 17 20 22 20 10 8 13 18 12 6 3 7 8 9 15 7 15 17 17 20 19 14 8 7 2 8 11 11 10 12 10 16 18 17 13 9 8 13 6 8 8 9 14 4 4 9 15 15 13 11 11 12 9 
4 11 17 19 18 14 6 6 6 6 12 20 24 27 27 17 9 11 15 14 12 12 11 8 9 10 5 10 13 13 19 21 15 9 5 8 11 12 13 13 15 14 19 18 16 15 9 9 7 9 10 11 9 8 2 3 6 11 14 10 6 9 9 7 
16 19 22 22 21 17 11 6 9 13 17 22 25 27 29 22 15 17 18 18 19 18 14 11 12 10 13 8 10 9 14 17 14 8 6 12 13 13 14 14 15 12 18 16 13 12 6 6 4 7 7 8 9 13 15 14 11 8 13 13 9 9 12 13 
7 8 10 12 16 20 18 15 15 16 17 21 22 24 27 25 20 25 26 21 14 7 5 4 8 7 19 11 10 9 11 16 16 12 10 10 7 12 13 17 15 12 20 17 15 12 6 5 5 7 10 6 2 4 2 6 9 9 15 18 2 6 10 10 
23 25 25 22 20 21 15 13 13 14 14 15 16 21 26 24 13 15 7 6 6 4 6 6 12 13 24 14 9 4 4 9 9 8 12 12 5 12 12 18 16 17 19 14 12 9 5 3 5 6 8 4 9 11 14 15 14 15 19 27 15 10 12 8 
15 14 13 11 10 12 9 6 7 10 5 4 10 16 24 24 13 12 6 7 8 6 9 7 4 5 16 11 12 9 4 5 7 6 13 15 4 9 6 15 14 9 11 8 10 10 9 6 10 14 12 10 9 8 8 7 10 11 8 20 7 7 16 10 
18 17 17 15 12 6 4 9 10 13 10 8 10 15 21 22 15 12 6 6 8 7 8 9 6 7 15 17 15 13 9 5 6 8 15 23 20 20 12 6 11 5 9 6 10 11 9 10 17 17 12 12 12 12 12 9 10 9 7 16 9 5 12 8 
19 21 20 18 13 8 4 6 7 10 8 4 8 14 17 18 16 11 5 5 6 9 9 14 9 5 7 8 8 9 9 9 6 2 4 13 13 13 12 3 9 6 9 10 12 11 6 5 13 9 7 10 15 21 18 17 18 16 13 16 16 9 7 6 
19 17 14 9 5 10 7 14 12 9 10 11 15 17 18 18 16 12 10 10 8 11 6 10 12 12 12 10 10 8 8 12 12 8 8 9 5 6 13 7 9 8 14 17 18 14 7 5 10 11 9 12 19 24 22 21 20 20 17 13 16 15 15 13 
22 20 15 9 6 9 0 10 7 8 12 15 16 16 19 18 15 11 9 8 10 14 10 4 9 15 20 20 18 14 11 11 15 13 11 10 7 4 12 8 18 16 16 16 16 19 12 8 7 14 18 15 19 20 18 17 15 18 21 19 16 20 24 27 
17 14 9 6 6 11 7 12 4 9 12 15 12 6 14 15 13 9 5 3 9 15 10 5 9 6 11 11 11 13 10 10 19 18 15 13 11 8 10 0 19 11 10 10 9 20 14 9 13 21 25 22 22 18 16 14 10 15 18 19 25 36 44 48 
13 10 4 2 5 12 9 17 9 8 9 15 16 4 9 10 9 8 2 4 9 14 7 6 9 11 21 21 20 18 13 8 15 16 17 19 19 20 18 11 23 10 11 9 9 25 20 15 19 20 23 19 17 14 12 10 14 17 15 26 47 68 84 91 
12 11 6 7 2 8 5 14 8 12 13 12 13 7 6 6 6 7 3 1 7 14 15 16 13 9 17 14 12 11 7 5 6 7 10 9 9 9 7 12 25 12 12 9 15 28 19 9 9 11 16 16 15 12 10 6 13 8 19 42 75 104 122 131 
13 6 6 9 9 11 8 14 9 8 7 8 12 13 12 8 6 7 2 3 5 11 12 13 11 10 16 17 17 14 10 7 4 7 8 2 7 9 8 12 24 14 18 14 15 21 10 6 7 10 11 11 12 10 8 6 11 11 31 64 110 143 161 171 
10 7 6 6 3 6 4 11 6 5 10 12 11 11 10 7 5 6 3 5 8 11 12 12 10 15 19 19 18 12 18 11 6 7 6 4 7 10 11 13 22 18 19 15 14 11 4 7 7 9 10 11 15 15 15 13 10 24 58 106 160 190 205 210 
8 7 8 9 7 6 5 8 5 6 6 9 8 8 7 6 5 5 3 1 4 8 12 11 11 14 10 12 12 14 24 17 10 6 2 5 7 9 9 11 16 17 12 11 7 2 9 12 12 12 11 7 7 11 13 19 32 65 109 161 207 220 220 217 
5 4 3 1 9 9 10 11 5 5 8 13 13 9 6 6 4 5 9 9 11 14 13 10 6 12 11 17 19 17 25 16 8 6 6 8 6 9 7 10 12 14 14 15 12 11 13 14 12 7 5 3 10 18 24 40 68 109 153 196 224 216 202 189 
2 2 5 8 11 11 13 14 8 9 13 20 20 18 12 11 9 11 13 6 6 8 5 9 5 8 9 16 21 23 25 13 9 14 15 17 15 14 10 7 10 14 15 18 16 15 13 6 4 7 8 8 15 26 42 67 103 150 188 216 222 194 168 146 
8 3 6 6 12 15 11 13 7 12 16 21 21 17 13 10 9 14 13 7 3 4 6 7 3 4 11 13 17 19 16 6 5 11 16 18 16 13 14 10 11 15 17 19 16 13 14 8 8 7 4 12 25 46 74 109 153 197 222 229 210 164 127 100 
14 11 3 4 6 13 6 10 8 10 18 16 18 16 15 10 3 11 9 15 9 6 9 9 9 12 13 14 17 17 14 9 7 12 18 18 14 12 16 14 12 15 15 16 15 9 13 10 7 5 6 23 43 73 111 157 199 227 228 208 167 112 76 52 
12 16 7 7 11 15 11 13 8 6 16 13 17 16 15 9 7 13 10 16 12 8 13 12 4 6 10 15 16 14 12 12 12 16 18 16 9 5 13 9 8 13 14 17 18 14 18 16 9 9 16 43 73 113 162 205 228 232 207 164 115 67 38 20 
15 15 9 6 5 9 6 8 11 10 16 9 14 17 16 14 13 12 14 17 15 14 14 10 2 6 12 20 19 16 14 15 14 14 10 15 9 6 15 10 10 11 10 12 15 13 15 18 11 11 27 67 110 158 204 227 225 210 171 123 81 43 17 4 
16 14 13 10 9 9 10 0 7 11 15 5 7 13 16 17 14 14 14 12 12 10 8 7 4 7 11 20 18 16 15 17 15 18 18 17 13 10 14 13 12 13 12 18 19 13 10 12 9 19 52 103 152 195 220 218 198 168 122 79 50 27 18 14 
15 13 14 10 8 7 9 5 5 8 15 7 7 13 15 21 16 16 13 8 12 9 6 8 5 9 15 18 13 10 9 12 8 6 9 14 11 10 13 11 5 7 7 11 15 12 9 15 30 59 104 155 196 219 220 199 164 125 78 41 21 7 12 10 
22 17 14 13 12 10 9 7 7 9 15 10 9 14 15 22 16 14 12 9 13 13 9 7 3 6 17 16 6 10 6 8 8 7 11 14 11 11 9 4 10 12 10 11 12 9 14 33 64 105 154 198 223 223 204 166 124 89 53 25 11 7 13 11 
16 13 10 13 13 10 5 4 5 11 16 12 8 13 13 21 15 12 11 8 13 13 7 7 6 8 18 14 8 10 6 5 9 14 16 14 10 9 4 0 12 11 9 11 13 13 29 63 105 148 191 221 224 199 161 116 76 55 32 11 2 5 15 17 
12 12 8 11 13 9 4 7 5 10 18 13 8 12 9 17 12 11 18 16 18 19 9 2 4 9 19 11 9 10 9 9 7 10 10 13 11 7 8 5 12 8 7 5 17 33 61 106 152 188 215 225 202 156 114 73 41 34 31 20 12 7 12 16 
13 13 10 14 18 12 5 7 9 15 18 13 11 14 11 17 14 16 23 19 19 21 18 14 12 10 19 8 11 9 8 11 12 16 14 12 8 7 12 12 14 11 10 16 40 71 108 159 198 213 218 205 161 111 77 48 25 17 21 15 9 9 13 15 
18 18 14 18 22 13 8 3 9 18 19 9 8 12 16 22 20 20 24 20 18 14 14 15 15 11 16 7 14 7 8 12 16 18 13 9 7 14 15 11 10 8 5 32 74 119 163 207 227 219 199 164 111 68 41 24 16 11 14 14 12 11 14 15 
32 26 20 18 20 11 13 6 5 17 13 7 9 12 18 22 22 21 25 24 17 8 7 8 13 8 11 9 13 3 6 12 20 18 9 5 9 16 10 3 5 9 28 68 121 173 209 229 223 193 155 108 63 32 9 11 6 8 9 13 17 13 15 15 
24 18 16 12 13 14 15 10 6 13 10 4 9 8 15 19 21 19 20 20 13 7 8 7 13 9 10 12 16 9 10 10 21 18 10 3 12 15 9 7 12 31 68 117 174 216 231 226 196 150 103 59 29 14 10 15 7 12 8 11 16 15 23 26 
8 9 13 10 10 17 14 11 6 9 9 7 12 11 15 18 17 13 14 14 10 6 4 5 11 4 8 6 14 13 15 16 23 18 10 5 14 16 10 13 27 60 108 165 215 232 227 201 159 112 70 36 13 6 12 9 10 14 9 10 12 16 21 20 
6 7 12 12 15 21 16 13 8 9 10 16 22 21 19 18 13 7 9 12 12 14 15 17 20 17 19 11 4 6 9 12 18 11 6 9 16 20 18 31 61 105 157 209 237 225 200 158 108 67 40 21 12 3 9 1 10 11 6 9 11 15 16 15 
32 31 28 25 24 23 18 16 16 14 14 14 13 12 7 5 8 9 2 6 5 5 10 12 16 14 18 16 8 7 6 4 12 6 11 14 18 26 33 63 110 158 203 236 237 199 156 103 52 20 11 14 13 8 9 4 8 11 3 6 7 12 16 17 
24 22 21 19 14 10 9 10 13 15 18 18 12 10 6 5 6 10 4 8 9 10 12 15 16 10 13 16 13 12 8 3 12 10 15 17 20 36 57 99 152 194 221 231 209 154 106 59 19 4 8 11 13 13 13 5 4 10 11 8 5 11 14 19 
13 10 11 12 12 4 7 7 7 10 13 14 7 6 3 8 6 9 3 9 16 14 12 13 11 7 15 20 16 14 12 7 10 10 12 14 27 59 97 143 189 217 220 206 167 108 66 34 10 12 10 13 17 17 17 12 6 6 9 9 3 9 17 23 
11 12 15 13 19 9 8 9 11 12 12 15 10 12 11 13 9 9 11 15 20 16 9 11 12 5 13 19 16 18 18 13 12 14 14 28 58 103 151 193 220 224 204 169 126 75 41 19 5 13 11 10 4 4 11 14 15 8 13 12 8 12 15 16 
8 11 15 9 18 10 4 6 8 8 9 14 15 20 19 21 16 12 18 20 21 17 8 7 14 6 12 15 7 6 7 4 5 15 31 64 106 154 195 217 216 197 157 115 82 46 21 10 13 21 16 15 9 6 9 13 16 14 15 13 8 7 9 12 
9 10 14 13 25 23 17 18 17 13 8 4 6 11 6 12 13 14 19 18 18 17 9 9 14 2 14 15 6 6 10 9 13 26 56 105 152 192 216 214 191 154 106 67 49 27 12 6 7 14 1 11 11 10 9 8 9 8 11 12 10 11 13 16 
9 2 8 14 27 22 13 10 8 6 7 10 12 14 11 13 12 8 10 9 12 13 6 10 13 7 12 13 7 8 11 10 33 56 96 150 192 217 223 202 162 116 71 42 31 19 12 11 10 16 3 8 13 15 12 6 7 9 12 14 14 16 17 16 
21 15 7 6 21 15 9 10 7 4 5 4 5 10 11 9 6 5 8 9 11 9 8 12 15 9 8 7 6 6 16 32 65 106 155 200 227 230 209 167 118 74 38 21 19 15 14 11 13 22 13 13 16 18 15 9 9 11 12 12 10 10 9 7 
15 13 13 11 20 15 8 16 15 9 7 1 5 9 14 11 9 13 17 20 16 12 11 9 11 8 9 5 8 14 31 56 103 156 201 228 233 210 165 112 66 33 13 8 10 11 12 9 18 21 8 7 11 18 18 15 11 10 10 8 3 6 4 4 
11 11 12 13 20 15 4 8 11 9 5 4 1 5 13 5 8 16 19 19 13 7 10 7 4 10 12 11 15 35 66 103 151 193 215 214 195 153 104 61 32 15 12 12 9 9 10 4 14 19 13 9 9 11 14 17 14 15 18 15 11 12 8 6 
10 7 9 11 18 17 10 8 10 8 6 6 3 1 9 4 11 19 21 18 11 8 11 10 7 11 15 21 35 68 110 152 191 214 211 186 149 106 64 31 14 13 9 8 8 9 11 6 11 16 13 11 12 12 17 19 14 21 24 24 24 25 19 13 
5 3 9 14 19 19 9 4 10 6 6 12 14 15 18 17 18 17 15 12 6 8 8 5 7 15 24 40 67 111 156 187 208 212 193 156 116 77 41 14 4 10 6 4 6 9 11 5 7 10 11 14 13 11 17 17 18 22 21 18 19 24 23 18 
9 9 4 2 12 19 13 9 7 9 12 13 7 8 13 11 13 11 11 8 3 2 4 3 6 18 40 68 110 162 199 213 211 191 154 112 74 45 20 5 7 9 6 7 6 9 7 6 6 6 14 15 14 12 13 12 16 21 21 18 15 17 14 8 
21 22 19 15 12 14 11 13 10 8 13 12 8 7 8 12 15 11 11 11 7 4 4 3 8 29 65 108 158 204 221 214 187 145 102 66 36 19 10 7 11 9 8 4 6 11 9 8 1 10 12 13 13 12 11 11 14 16 18 18 14 14 12 11 
12 13 14 13 11 12 6 5 5 5 13 8 7 9 7 11 14 11 8 6 10 12 12 13 23 55 106 159 207 235 228 197 150 102 66 44 22 13 11 10 14 11 7 4 3 6 8 7 6 11 7 3 5 11 11 15 15 13 15 17 13 15 16 24 
9 11 15 14 10 11 7 2 5 5 14 3 4 10 6 11 12 13 12 10 9 11 19 35 61 105 161 207 234 237 207 159 107 66 43 33 18 14 10 13 17 11 6 3 6 7 9 10 11 13 10 7 12 16 12 9 8 12 14 19 11 13 16 16 
19 22 24 23 17 10 12 5 9 4 15 6 7 14 12 22 26 24 21 11 6 21 46 78 117 165 211 234 233 211 164 111 67 39 26 20 7 5 8 18 21 13 8 8 11 13 12 9 17 13 7 6 10 12 6 10 13 16 13 22 14 12 19 17 
17 15 16 18 13 11 17 2 9 4 12 11 11 15 18 26 23 21 16 4 19 46 81 125 170 210 237 236 208 166 114 62 31 18 13 13 11 12 10 13 15 15 11 14 11 12 14 15 22 14 10 10 11 10 5 10 8 9 6 18 16 15 24 23 
19 14 15 18 14 17 18 6 8 6 11 15 12 14 17 20 19 21 17 17 42 80 123 172 210 230 233 205 156 111 68 29 17 15 15 12 11 11 9 7 8 14 17 21 10 5 2 17 21 9 3 7 12 16 18 25 19 16 9 13 20 17 22 20 
3 3 12 18 20 21 18 10 11 11 15 18 16 16 17 17 16 17 14 34 72 123 172 217 238 233 209 156 98 59 32 9 11 18 21 18 15 5 6 3 4 11 18 23 12 8 11 24 20 11 9 13 14 12 6 17 16 15 12 15 24 24 25 26 
5 6 13 17 20 22 12 3 7 5 9 14 17 17 17 13 14 22 40 73 120 173 215 242 238 206 160 99 49 23 14 17 20 19 17 17 18 8 7 4 2 8 14 19 17 17 20 25 14 6 5 15 18 10 7 13 18 17 10 5 16 21 21 22 
5 4 10 14 20 23 9 3 6 5 5 11 14 15 15 17 29 48 76 117 169 213 236 237 205 152 100 48 19 7 12 15 21 21 17 16 15 6 6 7 7 12 12 15 21 22 18 18 9 11 13 14 17 8 7 12 22 25 21 12 5 13 17 21 
15 15 16 16 18 16 7 5 1 6 6 13 13 12 17 25 44 70 108 157 203 229 230 206 156 100 53 21 18 8 8 3 23 19 15 14 13 5 6 13 10 18 12 15 24 21 12 10 9 9 11 11 15 8 9 5 12 16 16 13 6 4 7 13 
39 32 27 21 12 13 10 4 4 8 10 12 8 10 24 42 72 108 154 196 224 228 205 160 104 56 20 15 14 9 11 15 28 17 13 9 12 2 6 15 12 21 11 11 11 14 14 7 9 5 8 6 12 13 17 15 11 9 9 10 9 6 5 2 
24 19 13 8 6 9 8 3 5 3 4 3 8 17 41 71 115 158 196 220 226 205 161 108 58 21 11 17 12 12 13 15 24 12 7 4 10 4 8 13 14 23 13 11 7 14 21 10 11 8 9 4 6 7 10 11 6 6 8 7 9 11 8 6 
20 16 10 11 12 9 10 9 10 6 10 12 16 31 62 99 145 180 201 206 193 155 105 59 24 7 15 14 10 15 17 20 26 14 7 7 12 7 9 11 17 24 17 19 15 20 27 13 12 11 11 6 2 4 8 11 8 7 9 5 6 11 8 3 
24 21 16 19 19 11 9 7 11 9 15 17 21 42 78 123 167 194 204 191 158 111 59 23 12 9 13 13 17 20 21 25 27 13 6 12 13 8 4 7 18 21 15 21 20 27 30 18 14 15 15 8 5 6 9 8 8 8 9 5 6 11 9 7 
17 12 13 27 25 12 12 7 11 9 17 20 22 48 88 137 181 205 208 178 133 83 31 9 16 15 16 16 18 18 18 24 21 7 3 14 14 10 2 7 14 18 14 23 24 25 28 18 15 16 16 8 5 5 6 8 11 12 10 2 6 10 9 9 

24 32 22 9 8 16 17 16 10 16 14 23 14 12 21 21 21 25 19 6 9 8 11 13 14 23 12 13 10 13 8 8 11 8 13 14 14 11 5 5 9 10 14 17 18 18 12 12 20 19 12 13 15 14 9 11 24 26 17 12 11 17 13 8 
18 24 17 15 15 20 24 20 17 19 18 23 17 13 18 17 15 25 21 8 4 5 8 11 12 21 10 10 10 10 7 5 9 6 12 12 12 8 4 6 10 11 13 15 14 15 12 7 17 14 13 13 12 17 9 10 20 24 20 15 14 17 13 8 
14 19 14 14 10 10 15 14 14 18 21 22 16 12 13 9 14 24 20 9 2 2 5 8 12 20 7 9 6 6 13 11 13 8 11 7 10 9 2 4 13 13 14 13 12 12 12 6 15 8 7 6 7 16 6 9 14 20 20 15 13 14 12 3 
15 12 0 3 3 3 9 6 2 9 14 14 13 12 8 3 13 21 19 11 8 5 6 9 14 21 9 13 3 5 14 9 13 4 6 6 10 15 10 6 13 7 16 16 11 14 10 9 14 9 10 9 10 13 3 6 14 21 23 18 15 12 12 7 
8 9 16 19 19 18 11 0 5 7 11 13 16 18 15 9 13 19 20 16 13 13 13 13 18 21 16 17 3 5 14 12 13 3 6 12 14 18 17 13 17 8 16 15 9 17 14 10 9 9 12 12 11 9 1 3 7 17 22 15 11 10 8 3 
23 25 26 23 20 13 10 7 7 13 16 20 22 22 20 13 17 22 20 17 11 10 9 10 17 19 22 19 6 7 13 15 14 6 8 15 15 18 19 17 20 5 15 13 7 12 11 8 7 9 11 9 8 10 13 14 10 7 18 14 6 7 9 11 
3 3 5 7 14 19 18 15 14 14 14 17 18 19 18 13 20 26 23 18 8 4 3 5 15 17 25 21 9 8 11 14 14 12 15 17 7 15 17 20 22 6 16 13 12 12 8 7 8 8 11 7 6 1 2 9 11 9 18 20 5 3 6 9 
23 24 24 23 21 20 15 14 13 14 15 15 14 17 18 9 12 18 10 6 5 7 6 5 16 21 28 22 12 6 7 9 9 8 15 19 8 14 16 22 24 17 15 12 12 10 9 8 10 9 10 8 11 8 12 17 14 13 18 26 17 11 9 5 
11 11 8 8 10 11 7 6 9 12 4 6 7 12 17 9 7 16 9 5 5 8 9 3 8 13 21 19 16 13 12 8 5 5 15 18 8 12 11 15 17 6 6 8 11 12 12 11 14 16 13 13 12 9 7 9 10 8 5 18 12 11 14 8 
18 16 12 10 9 6 3 5 8 15 10 10 10 11 15 7 7 13 6 2 4 8 9 8 7 12 18 18 18 15 16 10 2 3 15 24 21 24 18 9 12 1 6 9 12 14 13 13 16 13 9 10 11 10 9 9 6 3 3 14 12 9 11 5 
22 23 19 16 12 6 3 4 7 10 6 9 12 13 10 5 6 9 4 1 3 8 8 12 8 8 10 10 12 10 13 12 7 6 8 15 15 17 12 8 9 5 6 11 11 11 11 7 9 6 3 8 15 18 14 16 16 13 11 13 15 11 9 5 
11 9 5 1 4 5 5 10 9 6 6 14 18 16 11 6 3 7 10 10 7 8 6 6 11 9 9 9 9 8 10 12 13 13 14 13 9 8 10 13 12 9 10 14 11 14 11 5 5 9 6 8 17 17 11 13 13 15 13 8 14 18 22 23 
12 10 6 3 4 5 6 8 2 1 9 15 15 11 11 9 4 3 4 6 9 10 7 4 8 15 18 21 22 20 18 17 16 13 12 9 4 8 10 14 18 16 16 14 12 21 15 4 3 12 16 9 15 11 4 8 10 14 14 9 4 21 35 44 
12 10 5 1 4 7 8 13 4 4 11 14 14 5 9 11 6 5 3 6 10 11 6 6 9 3 5 3 8 14 14 14 16 14 12 8 6 12 12 10 19 10 8 9 9 23 19 6 12 17 20 15 16 9 4 3 7 9 7 10 29 46 62 73 
10 6 1 2 6 11 6 14 8 4 9 12 15 10 3 9 5 6 4 3 7 9 6 10 14 12 16 18 22 24 21 17 15 10 7 9 12 16 19 15 26 16 5 7 7 26 23 11 17 18 16 15 13 7 4 3 12 8 7 33 67 93 114 126 
12 9 4 3 4 9 4 11 10 12 15 11 9 12 7 9 6 7 6 5 9 13 13 15 17 11 11 8 11 12 11 10 8 5 3 8 8 0 5 10 28 21 5 9 14 27 23 6 7 12 8 9 8 6 5 5 12 9 32 63 108 137 153 162 
17 9 3 3 7 9 7 10 9 6 7 5 7 12 8 7 6 10 11 11 10 11 8 9 14 9 10 12 16 16 12 8 7 8 7 7 8 3 9 14 29 24 17 18 19 23 13 6 10 17 16 12 10 5 3 5 13 31 63 103 154 179 185 189 
15 12 9 6 5 4 3 9 9 7 9 8 5 9 8 8 8 11 12 13 14 13 9 7 8 14 19 23 25 22 20 12 11 11 9 7 9 8 12 15 24 23 21 20 19 13 0 6 7 12 15 14 14 12 7 10 25 60 106 154 202 214 207 201 
18 16 12 10 8 5 6 7 8 9 9 11 7 6 10 9 9 11 12 11 11 11 10 7 5 11 11 14 16 14 22 15 13 13 5 4 7 8 10 13 14 15 12 9 8 4 9 10 9 7 8 7 9 12 16 33 61 109 161 203 229 216 189 169 
18 15 12 9 9 5 4 3 5 8 10 13 11 10 9 8 7 9 14 13 12 13 11 8 3 10 7 13 17 15 26 20 18 18 12 10 4 5 7 14 15 10 10 10 8 14 16 10 8 5 7 9 12 23 37 66 108 159 201 222 221 189 149 121 
16 13 12 14 14 12 11 7 3 8 15 20 15 18 17 14 12 12 15 8 6 7 4 10 2 9 3 9 17 18 27 20 21 23 21 22 19 15 10 10 16 15 12 12 10 18 22 7 4 4 9 13 23 42 66 104 150 195 219 220 200 156 113 85 
16 11 12 14 17 16 10 8 6 12 17 23 17 16 15 10 9 14 15 9 4 5 7 10 4 6 6 4 8 9 16 14 17 18 15 14 12 10 16 13 19 17 16 15 11 16 19 7 3 5 11 24 43 74 108 150 192 223 225 205 169 116 74 50 
21 16 9 11 12 16 8 7 5 5 12 17 15 17 16 9 4 17 15 18 13 10 12 12 6 8 7 5 3 4 10 14 16 13 13 11 9 5 13 12 17 16 15 12 8 9 15 10 6 5 18 41 69 109 151 192 221 227 204 164 117 67 34 18 
19 21 15 16 17 20 13 12 4 3 10 10 10 9 11 7 10 17 10 11 9 9 16 16 8 10 10 8 2 5 12 21 18 14 12 11 9 4 13 10 14 12 9 8 10 12 19 17 14 18 39 73 111 158 199 224 228 208 165 115 73 35 15 7 
10 14 9 7 9 14 11 14 12 7 10 4 8 6 9 10 11 10 11 12 13 16 19 18 15 16 16 17 13 12 15 22 18 13 10 13 9 3 13 8 13 11 7 9 10 9 14 16 18 29 63 109 156 199 224 223 201 167 121 78 48 24 12 9 
14 13 10 8 4 11 9 10 12 10 14 3 7 7 12 13 6 7 12 11 15 20 22 20 19 19 18 18 11 12 16 24 20 18 19 18 15 11 12 12 15 15 14 18 18 5 3 13 29 57 104 155 197 224 222 196 158 119 76 43 27 16 14 15 
10 9 11 10 6 8 7 10 11 8 13 6 6 7 10 16 9 11 13 10 15 20 21 19 19 20 21 19 8 10 12 21 18 12 10 17 15 14 16 14 11 8 7 14 19 8 11 32 62 106 162 205 229 229 202 160 117 79 43 17 9 3 8 10 
21 13 12 13 9 10 9 12 14 10 11 4 5 9 9 14 4 8 10 9 13 18 17 13 14 13 21 19 9 12 9 18 17 14 13 15 10 9 9 4 12 9 8 13 20 18 30 63 105 155 205 233 235 212 169 121 80 52 29 14 9 6 9 11 
19 15 13 14 7 5 8 14 17 15 13 5 5 10 13 16 4 5 8 7 12 17 15 14 14 11 21 19 12 11 4 11 15 18 18 15 10 8 4 1 14 9 7 13 26 35 60 108 156 196 227 234 211 170 122 76 43 30 17 3 1 6 12 11 
18 15 12 11 4 7 11 18 22 19 16 6 4 10 10 17 6 4 17 15 19 20 15 10 10 7 19 15 13 11 10 6 5 11 11 15 14 10 7 6 12 7 7 16 42 68 104 159 200 219 227 213 167 115 75 42 24 25 24 15 11 6 7 7 
21 19 14 12 11 13 15 20 25 25 21 11 6 11 11 18 11 14 23 15 20 20 19 14 11 5 17 7 10 7 9 4 6 13 12 11 10 9 7 10 12 9 14 36 77 117 156 206 227 217 202 170 112 67 43 25 17 17 20 12 7 6 7 4 
25 21 15 11 14 13 17 21 24 24 20 9 2 9 18 25 17 16 22 9 17 12 12 15 18 12 15 3 11 4 11 9 12 16 11 9 12 17 14 10 10 13 28 67 121 168 204 234 229 196 161 118 65 33 19 15 16 11 14 12 7 5 7 7 
34 25 18 10 12 9 15 17 20 22 16 9 9 12 21 26 16 16 23 15 17 8 5 6 13 6 10 6 14 10 15 16 18 17 8 6 11 19 12 7 8 31 64 113 169 209 226 226 196 149 108 68 29 10 6 10 12 9 8 9 10 9 9 6 
22 15 15 5 7 12 13 11 13 15 12 8 9 11 17 21 15 14 20 17 12 6 9 9 14 8 11 10 16 12 15 18 23 18 8 5 12 18 10 13 29 66 114 165 212 228 218 191 146 99 62 31 10 11 14 17 12 9 5 7 9 9 15 17 
8 6 11 4 5 12 8 6 5 8 10 10 12 11 12 16 10 11 18 18 13 6 7 6 10 3 9 6 14 13 14 16 22 15 2 9 14 21 18 29 59 109 162 207 232 219 191 149 105 72 46 24 10 2 10 6 9 9 3 8 7 14 14 12 
8 6 9 4 6 15 11 7 4 6 12 18 20 19 12 11 6 10 16 17 14 11 13 14 19 16 19 11 4 6 9 10 16 7 5 10 15 29 37 63 110 163 208 234 230 192 152 104 65 42 28 24 18 10 11 7 12 10 6 6 4 12 9 7 
31 29 25 21 21 21 15 15 15 12 11 8 7 13 6 10 12 9 8 12 8 5 8 12 18 16 21 17 8 6 4 5 14 4 6 7 20 46 68 109 163 206 230 233 204 147 101 55 21 10 11 17 19 15 14 8 11 15 13 14 11 14 10 7 
31 29 27 23 17 13 14 18 18 19 18 17 12 13 8 10 7 8 10 13 10 11 13 15 17 13 17 18 13 11 7 4 14 7 11 17 38 78 113 156 200 222 221 202 157 95 56 24 3 7 11 15 19 18 18 8 8 17 16 13 11 14 10 8 
9 9 13 16 15 11 15 20 19 19 18 12 6 8 5 9 4 5 11 11 15 16 17 15 15 14 21 23 15 8 6 7 11 11 19 36 70 120 162 200 226 226 199 163 114 58 31 14 10 7 8 13 17 17 19 14 4 12 15 12 8 8 9 14 
6 8 13 15 20 14 15 20 22 22 21 16 8 11 6 9 4 3 12 11 16 16 16 13 9 10 21 25 19 20 18 15 14 18 33 64 112 169 210 233 236 211 166 123 83 39 17 8 9 12 13 16 12 10 9 14 13 13 18 13 8 9 11 13 
6 10 14 11 18 11 8 14 19 21 22 21 18 19 15 15 10 10 14 9 13 15 13 13 11 7 19 20 12 10 7 5 11 31 64 112 168 216 237 232 208 166 114 77 55 21 4 8 13 18 16 18 10 3 2 10 13 15 18 12 10 9 9 11 
13 14 15 11 19 16 12 12 16 17 17 16 14 15 15 19 17 16 16 14 16 18 12 13 11 7 19 18 12 9 7 9 28 59 106 163 211 238 235 207 166 120 71 45 40 19 4 2 8 14 4 14 7 2 3 4 6 7 10 6 7 10 13 17 
9 11 15 16 23 18 12 4 6 11 16 18 17 18 18 17 13 11 14 9 11 12 9 15 15 9 16 16 12 12 15 29 65 104 150 198 229 236 214 173 128 84 46 30 31 20 13 14 16 20 9 12 11 10 9 1 4 10 14 14 15 17 18 18 
20 17 10 10 18 14 12 6 6 9 13 11 10 13 14 11 9 11 13 11 10 7 3 11 15 7 12 13 11 12 30 59 107 155 196 225 235 219 177 126 82 45 21 12 22 18 15 13 15 26 17 17 16 14 15 7 4 10 14 12 9 10 9 7 
18 16 14 12 18 13 10 15 13 7 8 7 8 9 15 15 14 17 17 20 13 8 9 7 13 6 9 11 14 27 56 93 149 196 223 228 216 177 122 72 36 13 14 7 17 13 14 15 22 30 15 12 9 10 17 13 5 9 15 8 3 6 4 5 
10 11 12 14 19 12 3 6 11 5 0 6 6 3 12 4 1 13 8 16 7 8 12 11 16 9 2 13 32 64 106 148 192 218 216 193 160 114 66 32 16 13 19 18 14 9 10 8 15 22 13 8 6 6 14 16 8 11 20 17 12 12 8 3 
5 8 10 13 17 15 10 10 12 7 5 5 4 3 12 6 6 15 8 14 6 8 11 10 13 8 11 31 63 108 156 192 215 215 188 146 107 68 35 12 9 13 15 13 10 7 8 5 8 17 13 10 11 9 13 15 10 18 25 26 25 26 23 14 
6 7 13 17 20 17 8 8 10 6 6 9 11 15 20 17 16 14 9 13 7 6 6 4 8 15 35 67 110 159 196 210 210 189 149 108 73 45 19 3 4 8 8 8 9 7 7 6 8 11 9 12 13 13 15 15 13 14 13 16 21 26 29 24 
11 6 1 6 15 17 12 13 9 8 9 8 8 9 11 3 10 10 13 13 7 4 3 4 11 34 70 113 163 206 222 213 189 148 102 67 40 22 9 2 4 5 5 9 9 8 9 9 10 10 14 16 16 16 15 12 12 15 11 9 10 15 19 16 
22 20 16 9 9 13 13 15 11 3 9 11 15 16 13 12 15 14 16 14 6 3 4 13 29 64 112 161 205 230 221 190 148 99 57 32 15 11 7 2 7 6 1 5 8 9 10 11 11 15 17 15 16 15 11 10 8 6 6 8 8 13 17 18 
12 12 14 13 10 11 9 10 9 3 13 15 18 19 12 6 7 7 8 9 9 8 15 32 60 106 162 207 233 235 202 153 103 59 31 21 12 12 11 4 8 9 5 4 5 4 8 9 10 15 15 11 13 11 7 11 7 2 4 10 8 14 20 27 
10 14 18 18 15 14 11 6 9 7 17 16 18 19 12 10 10 10 9 11 13 18 36 66 107 159 210 235 237 214 165 113 69 37 21 19 14 14 12 6 10 9 6 3 6 6 9 8 9 13 13 10 14 11 5 5 8 15 17 20 10 7 13 17 
22 24 27 26 22 15 14 0 11 7 16 16 18 21 19 24 28 25 19 12 18 44 77 120 166 208 236 235 209 168 117 73 43 25 17 12 9 13 14 13 13 7 4 7 10 13 12 9 13 13 11 8 11 4 7 14 21 23 20 25 18 8 14 12 
14 11 14 16 14 15 19 7 12 8 13 15 16 18 20 24 21 14 6 15 44 83 125 173 213 235 236 207 160 113 70 34 19 12 8 4 6 11 12 10 6 6 6 12 6 8 10 16 18 12 8 9 8 1 7 10 11 10 11 21 22 14 19 17 
18 13 14 16 15 20 21 8 7 5 6 11 12 12 13 14 12 11 18 40 79 127 170 210 232 227 204 156 101 62 34 11 10 11 11 8 6 7 9 8 6 10 6 17 6 4 2 17 17 9 6 9 11 14 21 25 22 15 9 16 24 18 17 12 
9 8 9 12 16 24 21 10 6 8 14 15 15 11 8 8 10 18 38 73 123 175 210 233 228 197 155 97 48 25 16 3 10 15 15 13 15 7 5 7 9 15 6 17 5 5 11 23 21 16 14 18 17 8 7 16 18 10 5 14 25 25 24 22 
10 8 5 6 14 24 16 3 3 7 12 8 12 9 7 9 21 45 78 122 177 219 236 236 204 153 102 47 15 4 14 16 19 15 7 7 18 12 6 9 11 17 8 11 9 14 17 23 16 9 8 18 22 15 12 13 18 14 6 10 19 21 20 18 
12 11 11 13 21 28 15 6 7 10 11 5 10 10 17 28 51 82 118 164 211 234 231 206 155 96 48 12 18 14 19 21 26 23 13 7 14 10 1 11 12 17 8 8 15 15 11 12 9 11 12 14 18 11 11 14 24 28 24 17 13 15 18 22 
19 18 16 14 15 16 5 7 7 10 8 9 12 14 27 44 73 109 151 192 222 221 197 153 95 44 11 18 23 8 5 5 24 21 10 5 11 7 5 14 10 20 12 13 20 15 7 9 12 11 11 9 15 13 14 10 14 18 18 15 12 9 11 18 
35 31 26 20 10 9 7 9 8 9 9 12 13 20 44 72 112 153 189 214 221 198 155 103 53 15 9 18 16 6 8 14 27 19 10 4 11 7 9 14 10 20 13 15 15 16 17 14 14 11 10 2 12 18 21 19 16 12 10 10 11 10 9 9 
23 21 17 14 9 6 9 11 10 9 9 7 14 36 73 113 162 197 213 213 198 160 109 63 27 4 16 14 12 8 6 11 22 17 11 10 14 11 11 13 11 20 15 17 19 25 28 21 20 18 17 6 3 8 13 10 4 1 6 7 10 12 10 12 
14 14 12 14 13 12 15 15 12 5 6 4 24 56 98 143 184 202 198 181 153 109 61 31 14 11 16 9 11 11 10 14 23 18 13 16 17 13 12 10 15 21 18 18 20 29 31 21 22 21 21 13 8 9 10 10 6 5 6 4 7 12 9 9 
15 16 16 22 20 15 17 14 13 7 10 12 37 75 122 168 203 208 190 156 118 72 30 17 17 11 10 9 17 18 17 19 24 18 15 22 21 14 9 10 19 19 21 22 25 34 34 22 22 20 19 10 5 6 6 4 4 5 6 3 5 9 8 9 
7 9 16 29 25 15 18 15 13 8 12 17 45 89 137 185 217 214 183 137 94 51 22 11 10 6 5 15 18 16 14 17 18 16 16 26 23 14 7 8 15 16 25 28 29 34 33 23 21 18 17 6 0 2 4 6 6 9 7 5 3 6 5 9 

27 35 27 8 7 16 18 21 13 21 18 18 9 13 24 33 32 31 23 20 18 9 5 3 7 21 10 12 10 21 11 11 5 10 27 27 24 17 11 13 15 19 23 25 23 21 18 19 23 17 14 8 10 17 15 11 18 22 15 12 5 10 17 11 
22 27 23 19 18 23 25 20 13 18 16 18 12 12 21 28 27 31 23 17 11 6 4 3 9 21 10 11 11 15 9 10 6 10 23 22 19 15 10 13 12 18 21 23 20 18 15 12 18 13 10 8 10 20 15 9 16 21 15 9 4 11 15 8 
16 20 19 16 10 9 13 13 10 16 18 18 12 12 19 24 25 29 20 14 8 2 4 9 14 23 8 9 6 11 17 16 13 11 19 15 16 14 9 10 14 20 21 19 13 10 13 8 17 8 3 3 8 18 8 6 13 18 16 9 7 10 12 4 
16 13 9 7 6 6 9 6 6 10 11 12 10 11 18 22 26 28 23 17 14 11 11 14 19 23 10 16 3 7 16 12 14 6 12 14 18 21 13 6 9 11 20 18 8 10 11 8 16 6 3 3 9 15 7 10 18 23 21 15 12 12 14 11 
7 2 12 13 16 17 11 3 7 12 15 17 13 13 16 20 26 27 22 17 12 12 11 11 15 16 10 20 6 4 12 2 14 2 9 18 20 26 22 12 13 8 17 15 9 15 17 12 14 10 10 7 9 11 6 7 11 20 20 10 5 6 10 6 
24 24 23 18 16 8 9 11 10 17 20 24 24 21 19 19 26 24 18 15 7 4 5 8 15 14 14 20 5 7 12 2 13 3 6 20 18 21 20 11 18 9 15 13 5 10 14 13 16 17 15 10 9 10 12 14 8 11 18 12 1 3 8 11 
13 11 7 10 15 16 18 15 13 14 13 17 16 16 15 15 26 24 20 16 10 2 3 7 15 9 16 20 2 8 12 2 11 8 12 23 10 12 15 15 23 10 14 13 11 12 12 14 16 17 14 9 9 3 6 12 9 12 20 21 8 3 7 11 
18 19 21 21 19 16 14 11 11 14 14 14 10 13 12 7 21 19 13 10 13 5 5 11 17 15 17 18 5 9 12 4 6 4 13 24 11 9 13 18 25 19 14 10 12 10 11 12 13 12 9 9 11 5 9 16 11 11 18 24 17 10 8 8 
1 4 8 9 10 11 8 4 8 14 3 10 11 15 15 3 16 18 13 11 12 6 8 5 12 11 12 17 15 18 19 12 4 4 15 21 11 10 10 11 16 5 6 9 11 8 8 7 9 10 6 10 12 12 12 16 15 9 6 16 13 11 10 4 
5 7 9 8 7 9 7 6 8 15 12 18 19 21 18 8 10 14 8 7 6 8 12 10 11 12 12 17 17 16 21 16 5 3 12 21 18 25 21 14 15 6 7 7 6 6 6 7 9 8 4 6 7 11 11 11 9 6 8 13 11 12 10 4 
22 21 18 14 11 6 8 9 9 6 6 18 22 23 18 13 10 12 8 8 5 7 9 11 8 7 9 12 12 8 15 14 7 8 11 15 15 21 14 9 7 5 7 6 5 6 5 3 6 10 7 8 14 19 20 19 15 10 11 11 12 11 8 5 
6 5 6 7 9 4 8 9 7 3 12 20 21 18 15 13 4 12 13 11 5 6 5 6 6 3 3 3 6 3 9 12 13 13 15 13 13 15 4 9 7 7 7 11 12 10 9 3 6 10 9 6 16 12 11 14 13 16 14 10 13 22 31 36 
12 9 9 8 9 5 9 5 2 5 15 16 14 9 14 12 6 8 9 8 7 8 4 5 8 13 16 18 20 18 18 18 16 12 12 12 11 14 2 6 7 11 15 15 16 16 15 3 5 7 13 5 14 9 8 10 12 14 12 10 16 38 58 71 
9 7 5 3 7 6 10 11 4 8 16 14 13 4 13 13 8 8 8 9 11 8 2 5 8 7 9 7 6 10 5 7 13 11 12 10 6 13 16 17 20 17 15 16 15 19 18 6 13 15 18 13 17 11 9 8 9 4 4 23 55 80 102 115 
10 7 5 2 5 6 5 11 7 6 12 9 14 13 12 16 10 9 10 8 9 8 6 7 12 12 14 17 21 24 21 16 14 10 7 1 5 10 16 16 25 24 18 16 12 23 22 13 18 18 20 18 17 9 6 7 13 12 30 63 108 138 158 170 
7 3 3 2 3 5 0 7 12 12 12 3 11 21 18 17 9 4 11 12 16 18 16 16 18 13 9 7 8 7 4 6 7 7 9 12 14 9 9 7 25 27 17 12 12 24 22 9 9 11 9 9 7 1 4 11 19 34 65 104 154 177 187 194 
16 10 5 2 6 6 5 6 7 1 6 7 15 21 19 15 9 4 6 7 12 16 12 12 17 13 8 8 9 7 7 6 7 11 12 11 15 11 13 11 26 31 21 18 20 25 13 3 9 16 16 10 7 4 4 16 34 67 108 151 195 206 202 198 
15 13 9 7 5 2 2 3 6 3 4 3 11 15 14 12 10 7 5 7 10 13 10 9 13 14 18 21 23 21 18 11 9 10 15 12 12 8 10 6 19 24 23 23 22 19 7 6 8 11 14 13 11 7 14 33 61 107 156 197 225 218 195 176 
15 15 12 11 11 7 6 4 3 6 8 6 10 7 9 10 9 9 4 6 11 14 13 12 11 11 12 11 12 13 22 16 12 7 7 3 7 9 13 10 8 13 15 15 13 11 15 11 11 10 7 12 12 16 35 64 103 158 204 225 225 195 150 120 
15 13 9 8 9 5 3 3 6 6 7 6 11 11 7 7 6 8 9 12 18 20 18 18 12 10 7 9 15 18 28 22 18 15 14 11 5 2 7 11 6 6 10 10 10 13 20 14 14 12 10 18 21 37 68 108 153 203 229 222 197 153 103 74 
12 10 7 8 8 5 2 2 6 8 9 12 12 17 16 14 12 10 10 6 13 15 15 19 11 9 6 10 15 17 26 18 16 15 18 21 19 17 10 6 9 6 6 5 4 14 24 11 12 11 12 26 38 67 109 152 191 223 225 197 160 114 71 49 
13 8 6 7 13 13 5 2 8 10 9 13 7 8 11 13 14 16 14 9 8 9 11 16 3 8 6 6 10 9 18 15 14 10 5 6 5 7 11 6 8 3 6 10 11 18 22 6 8 10 22 45 69 109 153 189 214 225 203 161 119 73 35 22 
24 18 9 7 6 15 7 3 7 5 6 13 13 14 16 15 12 19 15 18 14 11 13 16 2 7 5 6 10 8 12 16 12 5 9 7 5 3 9 3 7 3 11 11 9 12 13 7 12 19 40 72 107 152 190 212 219 205 164 115 73 33 6 7 
26 26 22 23 20 20 13 8 5 6 8 9 10 9 13 12 13 18 7 9 6 5 14 16 2 6 4 7 9 9 14 23 17 11 12 10 7 4 12 9 11 9 9 3 7 12 17 17 23 41 74 116 159 198 221 222 202 166 117 71 38 11 3 7 
9 13 8 12 10 12 8 8 5 2 7 3 6 10 12 12 14 14 7 7 3 6 12 14 10 11 10 15 16 14 15 22 13 10 12 12 10 6 12 5 10 7 6 9 11 12 15 24 40 68 112 162 202 223 221 196 156 114 73 40 21 9 9 8 
13 14 8 10 9 12 10 8 5 5 9 1 7 9 13 13 10 12 11 6 4 8 10 10 7 6 6 10 13 17 16 22 12 11 14 18 17 16 18 12 12 8 8 16 14 6 18 41 70 113 164 207 230 228 197 153 108 71 39 20 14 14 15 12 
6 8 6 10 12 11 7 6 6 6 10 7 5 4 11 15 17 19 18 14 11 12 16 15 14 13 15 12 7 17 15 20 9 5 6 18 17 17 22 19 16 6 4 19 23 22 41 73 113 168 216 241 240 211 160 111 70 40 19 7 7 12 12 9 
16 8 3 7 11 11 8 7 3 3 5 3 3 3 4 7 9 8 10 10 8 12 14 9 10 12 19 17 10 17 12 18 13 14 16 20 13 11 14 10 16 8 7 21 34 41 68 112 158 207 239 243 219 174 121 75 43 24 17 10 9 10 7 3 
15 12 10 7 8 7 6 6 4 7 9 6 5 5 9 8 6 4 8 7 5 7 9 7 10 13 20 18 12 12 5 14 15 20 21 19 13 9 6 7 17 7 6 25 48 68 108 162 203 230 239 220 176 126 79 43 21 15 13 5 5 9 9 5 
14 12 7 5 6 5 5 6 9 13 13 9 6 4 10 11 4 4 15 13 15 10 9 8 13 15 22 18 15 10 5 5 5 14 14 17 15 13 5 6 14 9 14 40 77 112 156 205 227 227 215 180 123 76 44 23 15 16 16 9 6 7 9 8 
15 13 9 8 11 11 9 8 11 16 18 15 11 5 11 16 13 18 24 18 23 18 15 7 6 11 21 17 17 10 7 3 9 17 15 13 11 15 10 11 15 19 35 72 124 167 201 231 225 197 169 126 69 40 27 20 18 19 17 10 7 8 10 8 
17 13 9 4 10 12 15 14 14 17 17 14 10 4 21 27 19 17 18 9 22 16 15 14 15 17 22 18 21 16 13 8 12 16 9 8 14 22 18 15 20 36 64 115 173 213 230 234 202 155 117 76 33 18 17 18 21 20 15 9 7 11 11 9 
25 16 14 8 13 16 18 17 19 22 19 18 14 9 22 24 8 9 15 9 23 14 10 7 5 10 18 18 23 19 16 12 15 13 4 6 13 23 18 19 34 69 112 166 214 233 225 201 152 104 69 37 12 12 15 15 21 22 16 9 1 8 8 7 
18 13 16 11 15 19 18 16 18 21 20 17 9 4 18 21 10 9 16 6 18 13 9 7 7 9 15 15 22 22 20 19 21 14 5 6 12 24 21 32 65 118 169 212 237 225 190 146 96 59 34 12 5 10 15 21 24 22 16 11 4 7 5 7 
15 10 15 12 17 20 16 14 14 17 18 16 9 9 10 17 8 8 16 10 14 7 3 3 7 7 12 10 17 18 18 19 21 10 7 13 17 33 41 63 110 167 211 234 231 193 148 101 64 44 28 19 12 5 6 13 22 19 14 11 6 13 9 12 
15 9 13 12 15 18 12 10 11 14 18 20 19 18 7 12 12 14 20 15 15 11 10 10 13 15 16 11 11 11 11 13 17 6 10 12 20 49 71 109 166 214 236 235 204 148 105 65 41 31 24 26 22 15 12 13 19 15 13 12 8 14 9 15 
28 24 20 12 12 14 6 7 6 5 6 5 9 16 8 13 15 10 14 11 9 7 6 10 16 20 22 18 11 9 8 10 17 7 11 15 38 81 114 161 212 234 230 208 157 95 58 27 11 11 5 9 15 15 14 8 14 16 16 18 17 20 14 13 
40 35 29 20 12 7 2 6 4 7 9 14 14 15 12 12 12 12 13 11 12 10 8 12 18 24 24 17 13 12 9 11 19 12 23 40 78 130 168 205 230 223 194 155 101 46 26 13 9 12 13 5 12 14 15 8 12 19 15 14 13 18 17 14 
29 27 24 21 15 9 8 8 3 4 3 4 3 9 9 10 10 8 11 9 13 10 12 13 20 26 26 19 12 7 7 10 18 22 40 69 118 176 209 229 230 201 153 110 64 23 16 12 6 6 10 7 6 12 15 16 11 17 17 16 15 15 14 13 
22 22 22 19 19 12 12 14 9 8 6 1 1 9 6 7 9 8 10 9 14 10 12 12 14 24 27 22 16 16 17 18 20 32 61 105 163 215 234 232 210 163 110 74 43 16 12 8 2 8 15 16 13 12 4 13 16 18 18 13 8 7 10 6 
22 23 24 17 19 8 7 11 9 10 12 10 10 11 4 5 7 11 12 10 15 11 12 14 14 23 26 21 14 13 12 13 25 58 106 163 215 244 234 203 159 107 59 38 28 5 9 9 9 15 16 17 9 6 3 8 12 15 14 11 9 9 12 10 
23 23 24 17 17 5 8 11 9 7 5 2 7 9 9 8 5 9 9 7 11 11 14 17 13 18 22 16 10 8 8 20 55 100 154 207 237 237 204 157 110 66 30 22 29 9 6 8 9 15 8 12 1 2 7 6 9 10 9 4 6 9 14 17 
18 19 20 17 15 10 13 14 12 9 10 10 14 14 13 8 3 12 16 11 10 12 16 22 18 13 17 13 9 17 33 60 106 150 191 223 230 207 161 113 75 42 23 18 26 13 14 19 19 22 9 9 7 9 13 6 9 11 14 14 15 16 16 16 
21 18 13 12 13 15 18 12 9 9 11 2 5 8 8 4 6 12 14 14 12 12 11 15 17 9 12 8 10 31 61 100 155 197 221 231 216 175 120 71 38 15 12 10 23 13 11 12 9 24 14 15 17 15 19 11 5 9 16 11 12 13 12 11 
24 21 17 12 13 12 17 18 14 5 8 9 9 9 15 17 15 16 15 19 10 8 12 12 15 8 9 14 31 62 99 143 196 225 228 214 180 128 73 34 13 12 16 10 22 15 16 17 18 31 17 13 11 8 21 16 3 9 20 7 5 6 6 7 
18 17 14 15 14 8 5 7 11 5 5 9 10 7 16 10 8 15 11 19 10 7 14 13 18 12 10 33 67 111 157 197 229 229 202 164 121 74 34 18 15 19 20 16 17 10 11 10 11 23 11 2 3 5 18 20 7 10 24 18 14 12 11 8 
14 12 10 14 14 12 12 12 13 7 3 1 7 5 16 7 8 15 6 16 9 6 13 9 14 17 28 61 105 155 197 221 227 203 158 114 76 42 20 9 9 17 18 13 12 9 10 9 7 17 12 9 11 9 12 16 12 19 30 29 27 25 24 18 
13 14 15 19 18 11 6 4 7 1 3 6 10 13 21 13 14 15 9 17 11 5 9 6 17 33 64 108 155 195 216 214 197 159 112 76 49 25 11 6 7 11 9 5 9 7 9 11 12 13 7 11 13 13 12 9 5 9 16 18 21 23 26 24 
6 4 4 12 19 13 9 7 1 6 12 18 21 20 21 8 5 11 13 18 15 7 4 9 30 63 109 158 199 223 219 194 157 109 67 41 23 12 6 4 5 7 8 8 9 9 11 10 12 9 11 13 13 12 12 8 8 12 12 9 9 4 12 12 
24 21 15 7 14 12 10 11 11 13 19 25 27 26 23 15 13 15 18 18 13 10 14 35 65 107 158 198 220 221 193 151 106 62 30 16 10 10 9 4 9 12 9 4 5 9 12 13 12 13 16 14 13 11 9 5 3 3 7 10 6 2 9 13 
15 13 16 12 12 11 8 14 21 20 23 28 29 27 18 7 1 8 13 13 11 15 32 66 108 157 205 230 228 205 157 105 63 31 11 8 7 10 12 3 4 8 11 7 3 7 11 12 13 15 15 8 8 3 2 10 3 3 4 13 7 7 13 22 
12 14 19 18 16 14 11 13 22 19 24 27 28 26 16 9 9 13 14 14 15 30 61 107 157 202 236 239 214 174 121 76 45 24 12 10 12 14 15 7 5 8 12 7 7 10 10 9 11 14 16 5 8 5 7 11 10 16 17 22 13 3 8 10 
21 24 27 25 23 18 15 10 21 16 20 23 24 23 19 23 27 27 21 15 36 71 113 164 205 229 236 212 169 124 81 50 33 24 16 11 14 16 18 13 10 7 9 9 11 14 12 12 12 17 17 9 8 7 13 15 20 22 18 24 19 9 11 7 
11 9 14 15 15 15 18 8 15 12 14 17 18 18 17 20 19 9 13 36 76 122 166 209 232 230 209 164 112 74 45 25 18 13 7 7 12 12 14 13 10 9 6 14 7 7 7 15 14 14 12 8 6 9 11 5 9 9 12 21 22 13 16 15 
13 10 12 14 13 18 18 3 8 10 11 12 13 12 12 12 9 15 38 72 122 171 204 227 227 200 160 108 62 37 24 14 12 10 9 10 11 8 8 14 15 18 12 18 7 3 4 16 15 12 10 9 11 17 24 24 23 18 12 16 23 17 17 13 
11 9 9 11 14 23 20 7 4 7 14 14 15 12 10 10 12 35 69 115 171 212 226 223 196 149 102 56 26 14 14 6 9 11 9 10 15 11 4 13 18 24 20 20 7 5 9 20 19 18 16 17 17 6 12 12 16 12 8 12 19 20 21 19 
16 14 11 7 10 22 17 4 0 7 15 9 12 11 8 14 36 74 117 168 217 237 229 205 157 103 58 22 12 7 15 18 21 18 7 3 15 17 10 15 18 24 21 17 11 12 14 19 17 11 8 14 20 15 14 9 15 14 12 14 15 15 16 12 
19 18 17 17 22 29 19 10 8 12 15 7 12 14 23 41 76 119 159 201 229 226 202 161 106 58 23 14 20 14 19 24 28 28 16 9 7 13 6 16 16 21 20 17 17 12 8 12 16 17 18 16 14 11 14 13 21 26 23 18 15 13 17 21 
19 17 15 13 15 19 5 4 3 12 12 7 15 23 42 68 109 152 186 211 216 188 149 100 50 18 10 21 20 7 5 3 21 24 15 10 7 12 9 15 9 19 20 21 22 15 13 16 18 18 16 12 12 16 16 11 11 15 17 16 16 16 18 26 
29 26 22 17 11 13 6 6 4 11 10 11 22 42 75 112 161 195 211 212 192 148 101 58 22 9 13 17 18 14 14 12 21 22 16 12 10 9 9 11 5 13 15 19 19 24 22 18 18 17 15 9 12 21 25 22 17 12 12 14 15 15 14 18 
24 22 19 17 10 12 10 10 8 13 13 18 40 75 120 165 206 220 211 187 152 104 62 30 7 5 13 13 15 11 8 3 17 20 17 14 12 8 7 7 8 10 10 12 18 28 26 20 20 21 22 12 1 9 14 11 5 6 10 11 10 11 6 8 
12 13 13 15 7 11 13 13 9 5 9 21 58 102 149 189 212 203 177 141 102 58 24 10 12 12 13 11 12 12 10 9 17 19 16 15 12 9 6 6 14 11 11 7 13 26 24 16 16 19 24 18 13 15 15 13 10 8 9 7 5 10 3 1 
8 10 15 21 12 15 14 12 9 4 9 29 78 128 176 212 220 195 155 110 69 30 3 13 16 11 8 13 17 18 16 16 17 19 18 21 14 4 2 9 18 6 14 9 16 27 21 9 10 13 20 14 3 3 3 4 5 8 9 6 3 10 6 6 
5 3 18 27 15 18 17 15 10 6 11 34 92 146 193 227 227 188 138 88 48 15 14 7 6 7 5 20 18 16 11 11 12 21 23 26 15 6 4 10 15 3 17 12 16 21 14 6 12 14 20 12 3 5 9 9 9 11 10 9 5 11 10 13 

20 30 26 11 10 17 18 24 20 12 16 16 11 19 19 24 20 16 2 20 20 9 4 3 6 16 10 13 11 24 7 9 5 21 35 26 15 10 16 23 20 16 16 16 11 16 16 16 20 13 11 9 4 7 12 8 15 23 19 18 14 6 14 11 
18 22 19 17 19 22 22 18 13 8 11 15 9 15 16 21 19 21 7 15 13 6 3 1 7 18 14 13 12 18 3 9 3 17 30 20 14 10 14 21 15 12 15 15 13 15 15 9 17 10 4 4 4 14 16 5 12 19 18 16 9 3 13 9 
11 14 10 9 9 7 10 10 11 7 9 12 7 9 12 18 20 20 6 12 10 4 9 12 13 21 16 13 11 14 14 15 10 16 23 13 12 9 9 19 16 19 19 15 8 7 15 7 17 9 3 6 9 19 15 5 12 18 20 16 12 11 14 10 
14 10 1 4 8 9 11 10 14 9 8 10 5 11 16 21 24 21 11 13 16 11 10 12 16 22 18 17 8 10 14 13 10 9 17 14 17 20 10 11 5 8 16 15 10 14 19 12 18 7 3 4 10 17 13 10 16 19 21 18 15 13 15 14 
13 5 6 9 14 18 12 6 9 13 17 16 12 12 16 24 27 21 10 6 12 10 6 7 14 21 19 18 6 3 10 6 10 4 11 18 24 30 25 16 9 8 16 18 17 21 25 19 19 11 9 8 12 16 11 6 9 14 15 10 6 6 8 5 
12 15 16 13 10 5 9 11 11 19 22 24 21 18 15 22 28 20 11 7 9 7 6 9 17 22 18 17 7 9 16 9 10 3 6 20 22 24 24 14 15 13 15 16 12 15 18 16 18 14 12 11 14 14 11 10 10 12 14 10 2 5 6 5 
12 12 6 8 9 11 17 13 10 11 8 14 11 9 10 19 28 22 18 13 15 8 7 10 17 18 13 19 11 14 20 12 9 6 7 23 18 13 19 16 21 15 13 13 12 13 13 12 14 10 9 10 13 7 5 8 10 15 18 19 9 6 7 6 
13 15 18 17 12 12 13 10 12 15 12 16 13 10 6 17 29 20 15 12 20 11 8 14 16 17 4 19 15 17 21 14 7 5 8 24 18 10 17 16 21 20 12 8 11 10 11 10 13 11 7 10 11 4 7 14 8 14 16 21 14 6 9 12 
3 7 10 10 9 12 11 6 9 14 9 20 18 17 8 16 28 25 18 17 21 9 5 8 13 16 5 15 18 20 23 18 4 6 12 23 15 7 13 10 14 11 7 5 8 6 7 8 8 6 1 6 10 12 15 20 17 12 10 17 12 6 9 8 
5 7 10 8 9 12 9 7 5 10 15 25 24 22 12 16 23 22 17 16 14 9 13 11 14 18 9 12 13 13 21 20 7 8 11 18 13 20 19 13 15 7 4 5 6 0 3 5 6 7 6 5 4 5 3 8 7 8 12 15 9 6 13 16 
18 17 16 12 10 11 11 12 11 5 11 19 17 16 12 19 17 16 11 12 9 8 10 12 11 10 9 13 12 10 17 15 7 10 14 14 11 20 16 9 6 7 11 9 4 3 5 6 6 10 9 7 11 17 17 16 11 6 7 8 8 20 32 37 
9 9 11 9 9 9 13 11 10 8 14 14 11 7 16 21 9 12 13 12 6 4 4 6 4 5 11 10 8 6 9 13 14 15 17 14 15 19 11 7 5 6 6 6 8 7 8 5 5 7 9 5 12 10 5 8 7 9 6 6 23 47 66 76 
15 13 13 10 8 9 13 9 7 9 16 10 8 5 19 17 8 11 11 9 7 6 1 3 7 12 13 16 18 16 17 19 16 15 13 14 16 19 10 8 7 8 11 10 15 11 11 6 9 3 9 4 11 9 6 6 7 9 8 19 48 78 105 122 
9 9 10 9 6 7 12 10 3 11 15 11 12 11 20 16 11 11 9 11 10 6 2 4 7 9 10 11 15 17 13 7 6 10 12 12 9 12 14 19 19 18 12 12 16 12 10 3 11 8 10 5 13 12 13 16 17 19 31 56 99 132 157 172 
14 12 9 8 5 3 7 10 7 9 12 6 15 20 23 21 16 14 13 9 7 7 5 5 8 13 14 18 24 24 21 16 14 15 15 11 5 2 11 13 15 17 13 15 16 14 12 12 18 16 17 13 17 11 10 15 24 38 65 105 157 183 198 208 
4 4 4 6 7 4 2 9 14 13 10 5 11 20 24 26 24 19 18 18 21 21 18 18 19 15 12 13 13 9 8 5 4 10 15 13 12 7 14 10 16 19 16 15 16 15 14 15 15 13 14 12 10 2 8 17 32 63 103 149 192 201 202 204 
16 13 8 8 8 5 3 4 6 3 6 10 11 12 18 23 25 20 15 14 16 15 15 17 15 12 9 12 12 8 9 8 5 11 14 10 15 13 20 11 18 23 21 20 22 21 14 13 11 12 12 10 3 1 15 35 61 105 151 189 216 210 194 181 
16 14 12 14 6 3 5 4 5 2 6 9 13 9 13 17 19 17 13 12 10 7 0 3 7 10 16 20 21 19 17 13 10 13 20 17 15 10 15 7 10 14 19 21 21 17 14 9 5 7 9 15 6 7 36 65 101 153 195 216 221 198 163 136 
8 9 9 15 11 7 8 7 2 7 11 10 15 5 6 13 14 15 9 11 10 8 7 6 6 6 12 9 5 6 17 15 12 5 11 5 4 6 15 14 5 6 13 14 10 3 14 6 1 4 2 17 14 31 69 107 149 198 224 218 197 156 109 81 
9 11 8 11 9 3 2 5 6 5 7 8 16 15 11 14 12 13 10 15 14 12 12 10 8 5 8 10 12 14 22 18 16 13 16 12 8 6 5 11 5 5 9 7 5 7 18 7 5 5 8 26 34 65 113 156 192 225 226 192 155 113 71 52 
12 12 13 14 12 6 2 5 8 7 7 12 15 20 21 22 18 13 10 10 9 6 7 17 15 11 10 13 11 11 19 15 14 9 14 16 16 16 9 7 7 6 5 2 2 11 22 7 10 10 20 44 64 107 160 194 213 224 200 152 114 80 48 37 
15 13 14 14 17 13 3 4 10 8 5 13 8 7 10 14 15 15 14 6 4 2 8 19 10 10 7 7 6 4 13 14 16 12 10 5 3 8 9 5 6 5 6 11 14 20 23 6 12 18 40 74 108 156 200 215 214 203 161 109 77 46 23 21 
27 21 17 15 14 15 6 7 10 4 4 14 16 13 9 6 3 12 12 12 9 8 13 18 4 8 5 3 3 0 9 12 12 3 4 5 5 9 9 6 8 1 10 13 14 17 15 8 19 36 69 114 155 198 223 219 199 167 115 67 40 17 12 12 
24 24 22 24 21 20 14 11 4 2 5 10 14 15 11 6 5 13 7 10 6 7 14 16 3 6 5 5 3 3 11 20 15 10 8 6 7 11 14 12 12 10 11 2 8 16 18 23 39 69 114 164 201 223 227 202 163 118 70 34 15 6 6 2 
8 10 6 10 6 9 6 3 5 4 6 6 10 18 17 12 10 8 9 13 11 10 11 13 12 12 12 13 12 10 11 19 13 11 10 11 14 17 18 13 13 7 5 6 14 20 26 43 68 107 157 203 224 223 200 158 112 71 39 18 6 9 12 12 
17 18 14 14 10 11 9 8 6 2 4 4 11 19 19 16 13 15 15 13 11 7 6 8 6 5 7 11 15 15 11 18 9 7 9 15 18 21 21 17 16 6 4 12 15 17 38 71 108 156 201 229 228 202 159 113 73 42 21 11 9 18 21 22 
12 11 10 12 11 12 9 8 7 9 12 12 12 16 20 21 24 26 25 20 16 10 9 11 9 8 9 10 15 15 11 17 7 4 7 17 16 17 19 17 20 9 2 19 28 36 68 109 153 200 230 235 209 164 113 74 45 26 12 5 11 21 24 25 
13 10 11 13 13 13 9 8 6 3 6 9 11 15 15 8 4 6 11 13 14 12 13 10 8 9 13 12 14 15 9 15 12 16 20 21 13 8 9 7 18 10 11 29 48 67 106 154 193 222 228 210 165 116 71 41 25 17 9 6 12 20 20 18 
11 11 13 13 11 9 5 8 7 7 10 10 8 12 14 7 7 6 10 11 9 8 9 7 6 6 15 12 14 11 4 13 15 22 22 18 10 6 5 8 18 11 13 42 76 106 153 199 221 223 207 168 114 70 37 18 10 10 8 5 11 17 17 16 
12 12 11 9 6 7 4 9 10 9 8 6 6 11 15 9 4 3 11 11 14 11 14 14 13 8 16 10 12 6 1 4 6 15 13 14 11 11 5 8 16 16 32 72 119 157 193 222 218 195 164 118 65 33 15 10 5 9 7 4 10 15 16 15 
15 15 13 11 10 9 5 11 14 12 12 10 10 9 14 13 16 22 24 20 24 18 16 10 9 6 17 8 9 7 8 8 11 17 13 11 11 17 12 12 20 36 67 116 170 205 219 221 192 147 111 68 24 12 5 11 5 9 7 7 9 11 12 9 
15 15 13 9 7 5 6 13 15 12 12 6 10 8 22 27 25 23 19 18 26 21 18 18 17 16 19 10 12 12 10 9 12 13 8 11 17 26 19 19 34 66 110 164 213 231 220 199 152 101 65 34 12 12 12 5 7 5 5 7 12 17 16 13 
20 19 18 12 9 9 8 10 11 10 7 13 17 12 24 21 8 10 8 11 26 18 14 13 10 10 13 7 12 12 8 6 9 8 7 9 15 27 23 32 63 113 164 209 236 225 187 146 97 56 30 10 12 15 19 11 3 8 7 5 9 11 8 9 
23 25 23 16 13 11 7 7 11 12 11 13 12 3 20 23 18 17 16 9 21 15 13 12 9 9 10 7 11 13 10 12 12 10 10 11 18 34 42 65 112 171 213 236 232 190 133 84 45 22 7 6 9 12 16 21 17 9 10 5 8 11 5 4 
24 24 23 19 15 12 8 9 15 17 17 16 11 5 11 17 13 14 17 10 15 7 6 7 6 9 9 7 10 11 8 9 5 8 15 21 32 57 78 113 168 217 236 231 200 142 90 51 29 22 17 18 12 8 2 17 20 13 13 8 5 11 4 4 
23 21 21 18 13 12 9 12 18 20 23 25 21 15 5 12 17 20 23 17 17 11 8 8 8 11 9 8 9 8 5 8 6 10 18 24 44 84 116 163 217 245 237 209 156 93 55 32 26 26 22 26 23 17 9 16 17 9 8 6 7 12 4 8 
19 17 18 13 9 11 7 11 12 14 14 13 12 14 10 14 18 18 24 23 21 15 12 12 12 16 11 8 8 6 2 7 9 13 25 37 73 126 163 208 242 239 208 165 105 48 25 18 17 18 13 11 14 14 10 9 16 12 13 14 16 20 11 8 
24 22 22 13 7 10 7 9 6 10 12 15 15 15 14 10 13 17 19 19 21 16 10 12 17 21 16 7 8 7 5 9 10 19 47 75 126 181 210 233 232 200 154 108 57 19 11 16 14 15 16 9 12 14 13 5 15 17 9 7 5 15 13 15 
15 14 19 15 10 12 12 12 6 9 9 11 10 12 12 9 12 16 20 21 22 15 7 8 21 25 17 7 9 3 5 9 18 43 76 113 168 215 227 226 203 156 107 68 33 10 11 14 10 9 12 9 8 12 12 12 12 14 10 10 11 13 13 18 
3 6 15 11 12 14 13 17 12 14 14 12 12 11 7 5 5 9 12 13 16 11 8 3 15 24 15 8 9 10 15 20 34 68 109 156 206 234 223 199 158 106 65 40 20 11 10 11 3 4 13 16 15 14 5 4 10 13 11 8 9 11 14 18 
11 11 17 7 8 8 8 12 13 17 21 20 19 13 3 6 6 9 9 9 12 9 9 7 13 23 16 8 6 5 15 26 55 104 158 207 239 239 201 152 100 54 27 21 18 5 6 11 7 14 14 14 10 9 9 2 8 12 9 9 11 13 17 20 
14 14 18 7 4 7 7 9 11 15 19 19 17 11 6 6 3 6 8 6 11 11 13 13 11 21 18 11 7 14 31 56 101 153 199 230 234 206 152 99 58 28 17 15 22 3 4 11 8 15 8 12 6 6 11 6 8 8 6 5 7 10 13 18 
11 12 15 8 6 12 9 9 13 18 22 22 19 14 8 2 7 14 20 13 8 9 15 23 19 15 13 8 19 42 71 109 159 195 217 224 203 160 104 61 35 21 20 17 24 12 15 21 18 20 10 9 5 9 14 7 6 6 11 11 10 10 9 9 
14 10 8 11 14 19 19 13 11 15 21 20 16 11 4 6 11 12 17 18 15 15 13 17 21 15 10 8 33 67 107 154 202 223 225 211 173 123 70 33 14 12 16 14 22 9 8 14 5 21 15 15 18 18 21 14 6 6 15 11 11 11 9 7 
19 14 7 0 11 18 19 19 18 13 16 17 15 10 13 19 18 16 16 20 12 13 16 15 20 13 11 31 65 108 151 194 228 228 208 176 129 79 36 18 12 16 18 15 25 15 14 18 16 28 19 17 16 13 23 19 4 8 20 5 9 7 7 8 
18 13 9 10 11 13 6 7 13 8 9 12 12 6 16 16 15 16 15 23 13 12 18 15 20 17 28 64 110 162 201 230 238 208 164 121 78 39 13 17 18 21 21 15 18 9 8 12 10 20 12 9 12 12 21 22 6 8 21 11 15 15 16 15 
16 10 7 12 12 12 10 9 11 2 4 4 8 5 17 14 13 17 9 19 15 14 21 14 21 32 59 104 152 196 220 228 210 163 114 78 46 21 12 10 11 17 16 12 12 4 6 11 6 14 11 14 15 12 15 18 13 18 27 24 26 24 24 22 
18 14 10 14 9 3 3 6 11 10 9 8 6 7 19 14 13 15 8 16 13 11 15 13 33 62 107 156 194 218 218 200 163 114 72 48 27 12 10 10 10 11 7 5 8 2 5 11 11 10 5 15 18 18 14 8 6 9 18 17 22 20 21 22 
18 15 12 16 17 9 10 12 14 18 19 20 18 19 22 14 10 12 8 14 14 10 6 27 61 105 156 196 218 221 198 161 115 68 34 21 12 8 7 6 10 13 13 11 7 4 5 6 8 3 9 14 13 13 12 7 8 9 9 5 10 3 8 10 
26 22 18 13 18 13 14 19 23 25 25 24 22 23 24 18 14 15 13 12 9 14 30 67 110 154 197 218 215 193 152 108 67 32 11 8 9 12 14 4 9 14 13 10 3 6 11 11 6 8 13 12 11 10 11 9 5 4 4 12 7 3 5 8 
23 21 24 20 21 17 17 25 30 25 24 23 22 26 19 13 9 9 12 9 4 23 56 108 157 196 225 224 195 155 105 63 34 14 7 5 10 14 18 12 9 8 12 12 4 6 10 8 6 10 15 9 7 7 12 15 8 5 4 15 6 4 7 12 
17 20 25 23 22 20 18 22 27 21 23 24 26 29 20 15 18 20 19 14 22 52 98 154 197 221 230 205 161 118 76 46 29 18 12 8 12 16 17 10 9 9 15 13 8 8 7 6 4 9 16 6 8 8 12 16 15 16 16 23 13 5 10 11 
16 20 24 23 23 20 19 18 24 18 21 22 24 27 24 27 31 29 20 23 61 107 157 203 224 222 202 158 109 72 42 26 23 23 21 17 13 12 15 10 12 11 13 14 11 11 9 10 6 12 17 4 6 10 15 15 16 16 12 21 16 9 12 14 
8 7 12 15 15 15 18 11 18 14 16 18 19 21 21 24 21 13 26 62 115 164 205 230 228 201 159 106 60 35 19 13 11 9 13 16 13 7 8 11 15 17 12 17 9 4 3 13 9 11 14 5 6 15 12 8 5 4 9 18 18 11 15 17 
11 8 6 10 9 18 17 4 11 12 13 13 14 15 18 20 13 28 63 112 168 209 228 228 203 158 108 62 28 17 15 12 10 8 10 16 14 10 5 9 13 19 13 17 4 4 8 16 13 11 11 7 11 18 21 22 18 13 8 14 19 15 15 14 
13 12 9 8 12 21 18 6 4 3 12 12 12 15 17 16 23 62 108 163 212 233 225 199 153 100 56 24 9 9 12 7 8 9 3 11 14 12 7 12 7 14 5 10 7 12 12 18 17 15 13 13 15 7 16 18 17 11 7 10 14 15 16 15 
19 21 19 15 16 22 17 6 6 8 14 9 9 13 15 26 63 115 164 211 240 233 203 160 108 61 26 7 10 11 16 18 20 19 9 4 13 17 13 17 12 10 7 6 14 15 13 16 13 7 7 11 18 12 12 10 11 8 6 9 10 9 11 9 
19 21 22 21 23 25 19 13 13 17 20 10 12 21 37 66 116 167 203 228 231 201 158 111 67 33 15 15 16 15 20 25 27 27 19 13 8 13 12 18 13 7 7 5 15 10 5 9 14 16 20 17 12 8 13 13 14 17 14 11 10 6 12 13 
13 15 16 15 14 15 8 6 8 14 16 10 21 42 71 109 161 201 217 217 194 146 98 55 21 7 12 19 17 13 12 8 11 18 17 18 14 15 14 16 9 12 7 10 12 3 11 13 14 14 14 12 10 13 15 16 15 13 12 9 7 6 9 16 
22 21 18 14 9 11 7 3 3 8 11 18 42 76 118 164 210 227 218 192 151 98 57 26 12 14 11 13 16 15 15 12 10 17 18 19 18 15 13 10 8 10 8 11 3 13 10 10 12 7 8 10 15 22 25 24 21 12 3 2 2 9 10 15 
22 21 18 15 8 11 10 9 9 12 19 38 75 120 167 207 232 222 189 146 101 58 30 12 6 7 9 9 10 8 9 6 6 15 16 16 17 15 12 6 9 9 9 5 7 18 13 16 18 17 17 14 6 7 10 12 16 10 0 2 5 10 6 7 
7 9 16 15 8 11 14 13 10 1 18 50 99 148 189 212 212 181 139 94 56 25 9 12 16 14 10 6 3 5 7 6 9 13 15 16 17 16 12 6 13 8 10 3 11 19 14 16 16 15 19 20 17 18 17 16 17 10 2 3 8 11 8 11 
2 8 22 21 9 11 13 13 12 8 21 61 122 172 206 218 200 155 108 64 32 9 11 16 18 15 5 9 12 13 13 14 12 13 17 20 17 15 13 12 16 4 12 8 16 19 11 12 14 11 15 14 4 3 3 9 13 10 6 3 11 14 14 17 
5 7 28 24 9 9 12 14 12 10 24 69 138 187 215 220 190 136 86 43 19 15 16 12 11 15 8 18 13 12 10 12 14 13 14 19 13 16 16 16 13 7 16 11 17 14 8 18 20 14 17 15 6 7 12 14 13 11 9 4 12 15 16 21 

29 31 26 11 9 16 20 25 22 7 9 14 15 28 22 17 12 8 10 25 15 8 9 8 4 12 14 13 9 27 9 13 12 27 33 17 10 11 22 25 12 4 10 12 16 21 23 22 16 11 10 6 10 4 19 13 12 16 13 17 20 12 17 17 
27 27 21 16 17 20 21 15 15 6 7 14 11 22 18 12 8 12 6 20 9 4 6 7 2 11 13 9 12 24 6 10 8 25 30 16 12 9 18 24 12 9 12 12 16 17 18 17 16 12 9 5 5 7 19 9 9 14 14 17 16 8 11 10 
22 22 18 13 8 4 5 2 12 4 0 13 7 16 11 7 9 12 6 15 8 8 11 13 11 13 11 6 8 17 12 15 9 21 24 12 12 9 13 22 16 18 19 16 16 12 18 15 15 9 6 7 8 16 18 7 9 14 18 18 18 17 16 12 
18 16 13 12 7 10 11 8 14 9 8 13 3 16 11 10 12 11 9 14 13 9 8 10 10 11 7 6 5 11 13 14 8 12 18 14 17 18 7 16 9 11 15 15 18 19 25 21 17 8 4 3 5 15 14 6 8 11 15 16 17 16 17 15 
15 11 12 14 13 20 16 12 8 9 17 20 14 16 12 15 15 9 8 9 12 8 3 1 3 8 7 11 10 8 8 3 4 8 12 16 24 30 21 13 3 8 10 12 18 23 29 24 18 11 9 8 10 17 13 6 4 8 12 11 11 9 8 6 
11 14 17 17 12 9 10 12 8 16 19 22 18 17 14 19 19 10 9 5 12 10 4 3 7 14 13 16 14 11 14 7 3 9 11 19 27 30 25 11 8 13 9 9 12 16 20 15 11 5 5 5 11 17 12 5 4 7 12 11 8 9 8 5 
15 14 14 16 12 9 15 11 7 11 6 12 5 8 13 21 24 14 16 10 17 13 6 7 9 16 11 16 9 6 13 12 5 7 9 20 25 22 22 13 14 14 8 6 13 16 15 11 7 2 8 9 12 12 9 9 11 12 14 18 14 14 15 13 
14 15 18 18 12 6 9 7 9 14 8 13 4 7 14 23 27 11 15 12 23 16 6 11 10 17 3 13 7 6 15 18 7 7 7 20 24 18 21 15 16 16 10 8 12 14 14 12 11 7 7 8 9 8 9 12 5 9 10 15 11 12 15 18 
8 10 14 16 15 14 14 12 12 17 12 18 11 11 17 28 30 15 9 13 23 14 4 6 9 19 7 6 8 12 21 21 4 8 11 21 20 14 18 13 14 13 6 4 9 11 14 15 15 10 6 3 9 12 13 18 14 8 6 15 9 11 17 21 
6 9 12 12 12 14 14 15 12 13 19 23 17 13 19 31 32 21 12 16 17 9 13 9 13 19 9 9 9 13 21 21 9 14 15 16 9 13 16 11 14 8 5 7 8 5 6 7 9 7 6 4 6 8 4 7 7 7 9 11 8 24 38 46 
17 16 15 11 9 9 6 10 12 11 17 17 10 5 18 27 24 17 8 14 12 7 10 10 12 12 13 17 15 15 18 13 10 16 16 13 4 16 15 9 8 9 12 10 5 0 3 5 7 9 5 5 10 16 14 14 14 11 7 7 27 49 66 75 
8 8 9 7 4 6 5 4 5 11 19 13 9 12 25 29 18 14 12 12 5 6 8 9 7 10 17 16 13 10 10 10 17 16 15 10 12 20 12 4 1 3 5 5 2 2 5 4 6 9 9 8 14 18 14 16 17 12 4 21 55 86 108 122 
14 13 13 11 7 7 8 4 9 14 19 8 7 13 24 22 14 13 13 13 7 5 4 4 7 10 11 12 12 11 15 19 17 11 5 8 12 19 11 11 9 7 7 6 8 8 8 6 9 10 12 10 14 18 15 15 14 8 14 44 92 126 152 170 
10 6 6 9 7 9 11 7 8 16 18 9 9 14 22 19 14 11 9 8 6 2 2 4 6 9 9 7 6 9 8 6 5 6 12 14 12 11 9 15 15 13 9 7 9 9 6 2 7 11 15 13 17 21 20 21 23 32 56 95 148 176 193 203 
16 11 5 2 4 6 8 9 10 16 15 8 10 17 23 21 18 13 9 6 5 6 5 3 7 11 11 15 17 16 15 13 12 13 17 14 9 4 6 10 8 9 10 10 10 10 3 4 12 16 20 19 22 20 19 21 30 60 100 148 195 205 204 203 
6 6 4 4 3 2 4 9 12 14 11 12 11 12 17 17 20 17 13 12 17 17 14 15 17 11 8 11 4 4 5 5 9 14 18 12 9 3 15 15 14 14 13 11 11 8 2 9 15 19 21 22 21 16 18 27 49 94 142 184 211 201 185 174 
15 15 11 10 2 2 0 1 4 6 8 13 14 4 7 12 20 15 9 12 17 17 19 22 15 8 5 8 4 5 6 6 9 14 16 11 17 12 21 14 14 16 17 15 15 15 12 11 16 17 18 20 15 12 34 59 93 145 186 209 213 188 159 136 
12 12 13 16 6 7 6 6 4 3 4 10 15 9 9 8 13 9 2 9 8 7 6 7 9 9 13 15 14 15 10 10 17 18 24 18 17 9 15 9 10 6 11 15 13 15 21 13 13 10 10 18 9 25 66 103 145 191 215 212 194 154 112 80 
8 10 10 12 6 4 4 6 3 8 7 9 15 9 5 4 11 12 9 16 13 12 9 6 12 11 17 11 10 14 15 18 24 19 23 17 14 10 12 11 4 4 10 11 7 6 20 11 9 7 6 25 31 61 111 152 187 216 216 187 151 108 65 38 
15 15 12 11 8 9 8 2 9 7 6 6 14 16 14 13 15 17 15 20 13 13 12 11 15 11 16 12 16 19 20 20 25 21 23 18 16 15 9 10 3 7 7 6 6 6 19 5 8 6 16 43 62 104 157 192 209 216 192 144 107 74 41 26 
13 14 13 11 10 10 12 3 9 8 9 13 13 19 21 21 18 16 16 15 6 8 8 19 23 15 15 14 13 14 15 14 21 13 15 10 10 13 8 6 4 9 7 7 6 8 21 4 13 15 35 72 103 152 199 214 210 197 155 103 74 50 27 22 
14 12 10 10 14 13 14 6 9 6 8 16 7 8 12 15 13 12 14 9 6 4 8 21 14 10 9 9 8 9 12 12 19 15 12 4 2 9 5 3 3 7 5 13 15 19 24 9 22 33 63 111 152 197 224 217 193 161 110 65 44 24 9 13 
21 15 11 11 12 15 13 10 8 7 9 17 14 8 3 4 4 7 7 4 4 3 11 18 7 9 4 3 5 5 11 11 13 6 5 2 5 10 6 6 6 2 10 14 14 18 11 17 38 61 104 156 195 223 228 200 161 118 67 30 17 8 13 10 
16 15 13 16 15 16 12 11 8 9 8 11 13 11 5 3 5 8 9 11 7 4 9 17 10 10 9 7 4 5 10 14 12 3 5 5 10 13 10 12 11 6 10 6 6 11 15 42 69 106 157 203 223 226 207 163 117 74 35 12 4 11 12 9 
11 10 6 7 6 9 4 5 8 9 8 7 11 18 12 10 10 9 14 13 7 2 9 19 20 17 12 9 7 8 9 14 12 13 13 12 16 15 10 13 14 8 9 5 12 23 40 75 110 152 197 226 224 204 167 119 76 43 20 11 7 13 9 9 
20 20 17 15 12 12 9 8 9 8 6 5 13 20 11 9 13 16 16 11 5 9 17 23 21 15 7 4 9 9 8 13 6 5 6 10 15 13 12 16 20 13 12 8 20 35 70 115 156 194 222 228 205 167 124 83 50 27 14 9 10 16 3 3 
15 14 9 5 5 9 11 10 12 13 16 14 12 15 14 22 27 25 22 16 13 16 20 24 21 15 6 6 10 9 7 14 6 4 6 13 14 11 12 17 23 16 12 24 45 68 110 156 192 220 228 210 166 120 79 50 30 19 10 7 12 17 12 16 
15 14 13 11 10 14 12 9 9 5 3 5 9 15 12 14 11 2 5 7 12 20 25 26 20 15 9 10 11 8 6 14 12 17 21 21 15 7 8 13 20 17 24 46 78 109 152 192 216 221 205 167 114 71 38 22 18 12 5 6 10 16 11 12 
10 13 14 12 12 14 7 5 7 7 10 11 9 13 9 8 11 7 10 9 6 15 22 21 14 10 10 12 12 5 3 12 13 19 19 16 8 4 6 11 20 23 37 72 116 150 188 216 218 197 163 116 65 32 11 5 7 8 5 7 5 9 7 10 
14 14 14 12 11 15 9 5 9 8 6 4 7 11 10 8 7 3 9 6 8 12 22 22 18 12 14 12 11 1 3 5 4 12 11 11 7 9 6 10 23 38 67 115 163 191 208 213 189 149 112 68 25 7 6 9 3 8 7 8 4 7 8 10 
11 14 15 13 14 15 9 4 12 11 12 12 12 11 8 7 15 21 20 15 18 12 13 10 12 13 19 14 10 9 8 8 10 15 12 11 9 14 15 22 40 72 115 164 206 219 208 189 146 98 65 30 9 16 15 14 7 9 5 7 4 6 6 6 
14 15 13 11 12 13 5 9 15 15 17 13 10 10 18 23 26 26 23 20 26 21 13 14 18 21 23 18 11 9 8 9 10 10 7 9 12 22 25 38 69 117 163 203 229 219 182 147 101 55 30 16 19 22 22 15 12 8 7 10 13 16 15 13 
15 16 12 9 10 12 10 12 13 11 13 14 16 14 21 19 12 5 6 14 27 24 15 18 18 20 20 16 7 4 3 6 5 5 8 9 14 29 41 65 112 170 208 229 228 189 131 90 51 19 7 11 17 16 21 16 13 13 11 12 9 6 6 8 
21 23 16 11 9 7 6 10 9 3 8 11 10 7 18 22 21 17 13 10 22 20 18 20 18 18 16 15 8 7 5 10 12 11 10 15 26 49 77 115 168 220 240 233 202 141 77 40 19 10 7 9 8 9 15 22 15 6 9 10 12 12 13 15 
34 30 21 14 6 4 3 8 8 6 5 4 5 6 14 20 22 23 20 15 16 9 12 15 14 12 12 14 11 9 6 8 7 14 17 31 49 85 124 167 214 245 237 203 154 91 44 22 18 18 17 18 15 9 6 23 19 10 13 9 8 9 12 14 
34 31 25 17 8 3 4 8 15 18 19 19 16 11 7 13 18 22 23 17 15 9 5 5 3 1 8 13 15 13 11 12 9 19 26 43 72 121 164 205 239 242 210 161 104 50 19 17 22 23 19 24 24 20 12 20 15 5 6 3 7 10 12 16 
33 30 25 16 8 6 3 9 11 12 13 11 12 11 12 11 11 14 22 23 24 20 18 16 12 6 9 9 14 13 12 13 11 27 43 69 115 168 203 230 236 209 161 110 60 24 3 14 16 17 11 3 11 13 8 14 15 7 12 14 17 20 14 16 
30 27 25 17 8 7 4 8 7 7 11 15 16 14 14 5 4 3 6 7 12 12 13 18 22 11 11 9 13 14 13 15 17 47 81 121 173 216 231 230 202 154 104 63 28 18 5 10 11 11 13 5 10 15 11 7 13 12 9 6 3 15 14 19 
19 18 21 19 14 13 12 12 7 7 10 14 13 12 11 9 10 12 15 15 15 9 5 14 26 20 12 8 14 16 19 24 41 84 125 164 208 231 222 201 158 106 64 36 15 14 8 13 13 11 13 11 11 16 14 10 4 9 12 12 9 10 11 17 
11 9 15 10 10 12 13 17 12 11 12 13 13 11 9 12 11 11 13 14 15 9 3 6 20 19 8 8 15 20 30 42 71 121 165 202 229 228 196 158 110 63 36 21 10 10 6 11 6 1 12 17 18 17 9 3 5 10 13 10 6 7 12 17 
13 12 17 3 3 10 10 15 17 16 18 20 18 13 8 11 12 12 11 14 14 10 8 2 15 17 6 6 12 22 42 64 106 163 206 234 239 213 162 112 66 33 24 20 13 6 4 10 6 10 14 18 16 16 12 4 5 9 12 11 8 12 16 21 
6 11 16 3 5 12 10 14 15 12 14 16 16 14 14 11 8 9 7 11 17 17 18 12 6 15 11 8 16 39 71 108 159 204 227 232 212 170 115 71 42 25 23 18 17 4 6 11 9 14 14 19 20 22 19 12 6 6 12 10 8 11 15 21 
8 11 15 8 5 9 6 7 9 9 16 21 22 18 13 6 11 16 18 8 4 9 16 22 13 10 4 11 37 75 120 165 208 226 221 203 166 121 74 44 30 24 24 19 21 13 13 18 16 17 16 18 18 23 22 12 8 6 13 14 9 12 15 18 
6 9 12 14 14 16 19 16 12 8 15 21 21 15 7 6 15 18 22 18 12 10 5 12 14 11 5 27 62 109 158 200 228 223 201 170 127 85 46 26 19 20 23 16 19 5 3 11 3 15 18 21 24 29 28 16 9 3 15 15 10 12 12 13 
12 11 7 5 8 14 19 19 19 10 11 18 20 14 12 18 19 19 24 23 16 15 12 11 16 13 24 59 103 155 196 222 228 200 161 124 85 49 21 19 15 19 21 16 20 10 10 15 13 22 21 23 22 24 27 18 8 5 17 8 4 9 11 13 
15 15 14 12 8 10 6 8 15 7 9 14 18 12 15 17 13 17 25 29 22 20 18 12 18 26 58 105 158 208 231 235 213 160 109 75 44 21 6 16 17 19 19 14 12 7 9 15 15 16 13 16 17 20 24 19 8 7 19 13 14 17 18 15 
8 6 5 9 7 9 9 6 13 8 12 13 16 13 17 12 8 13 18 25 23 23 22 17 34 62 107 157 200 228 228 209 166 109 66 43 22 12 12 11 12 14 12 11 6 3 9 13 13 9 5 13 11 13 16 13 14 15 22 21 23 21 21 19 
9 4 1 9 8 7 11 11 15 13 16 17 15 14 17 10 9 11 17 23 19 17 12 31 65 108 160 202 224 227 204 165 115 67 36 23 10 7 12 12 11 9 5 8 4 8 9 13 15 8 7 13 13 15 13 3 6 9 15 16 19 16 16 18 
9 4 4 10 11 6 11 12 12 15 19 24 24 25 23 14 15 13 18 22 15 11 23 63 107 155 202 226 225 206 168 121 73 36 13 9 10 9 11 8 10 13 12 10 6 10 9 10 13 10 12 9 5 6 8 7 7 9 5 6 9 4 6 7 
18 15 13 8 13 7 11 16 16 19 21 22 21 27 26 21 22 21 22 20 8 23 59 113 162 201 228 227 201 163 116 74 38 18 11 8 12 14 18 13 9 11 10 10 5 12 12 9 10 13 17 11 6 5 10 13 9 10 8 12 5 2 5 8 
19 19 22 17 17 12 12 19 20 12 9 8 10 24 20 14 17 14 16 11 20 48 98 160 203 224 229 204 158 111 68 37 18 14 14 9 11 15 22 22 17 5 6 11 10 13 10 5 6 11 19 13 7 9 13 18 15 15 15 18 6 3 1 3 
11 13 18 17 16 12 11 16 20 8 7 9 15 27 22 18 20 18 13 17 51 93 148 201 223 222 203 162 113 74 44 26 17 14 13 9 5 10 16 17 17 4 11 14 15 16 11 8 6 7 18 9 6 10 12 13 18 22 23 28 19 14 13 12 
10 13 16 19 19 14 15 12 19 10 10 13 19 27 24 26 27 25 22 52 105 155 201 230 225 197 157 107 65 37 19 14 17 21 23 21 10 8 10 12 16 4 10 13 18 19 14 12 7 9 17 3 5 12 14 7 13 16 15 23 19 16 18 18 
8 9 7 14 12 14 18 11 18 16 16 15 17 20 15 16 7 26 59 110 167 208 233 233 205 161 109 61 30 18 15 13 9 6 15 21 12 5 6 13 20 16 10 16 16 16 13 17 11 13 17 8 8 17 13 2 4 6 11 19 19 18 21 25 
10 11 3 5 6 18 19 8 14 16 18 16 11 11 8 4 25 67 114 169 216 235 233 206 160 111 63 27 9 11 12 11 9 5 11 20 15 11 7 6 16 21 15 18 13 12 13 20 16 15 16 12 13 17 16 15 13 9 9 15 20 21 23 29 
12 14 11 4 9 17 17 5 4 4 13 13 5 5 2 17 61 115 166 214 241 234 205 156 100 55 19 6 6 6 8 6 7 9 11 20 18 14 11 8 6 18 12 15 14 16 15 19 17 16 15 16 20 10 12 12 13 12 12 15 15 17 21 25 
17 19 19 12 13 16 13 6 9 11 18 15 2 9 24 58 116 173 214 241 242 209 161 106 58 25 9 13 9 7 12 13 15 16 13 17 19 19 15 11 8 19 17 15 17 14 11 13 12 6 6 10 17 12 11 9 7 8 11 12 9 8 14 19 
17 18 21 20 19 18 15 11 11 16 25 19 20 38 68 115 174 217 235 233 208 160 107 61 31 18 21 19 10 10 16 22 24 24 23 22 21 20 18 12 7 16 20 16 16 9 6 8 14 18 21 18 13 9 12 12 9 11 10 7 3 3 11 14 
11 12 14 12 8 9 11 13 13 14 17 15 37 71 114 163 211 233 224 196 154 102 54 22 13 20 24 21 10 6 8 7 6 13 17 22 23 23 21 11 5 13 16 16 12 10 14 11 11 11 9 8 7 8 14 15 13 14 12 8 3 6 11 17 
12 11 10 9 0 7 11 12 8 4 9 30 71 117 165 208 237 231 198 154 108 63 30 13 16 21 21 14 10 9 12 14 4 7 12 16 19 21 21 13 9 8 9 14 7 13 12 14 11 7 6 10 14 20 24 24 21 18 11 5 4 10 12 17 
20 18 16 13 7 9 14 17 13 12 28 64 116 165 205 229 230 196 148 102 67 37 16 3 8 14 18 14 6 3 7 12 8 6 9 10 14 18 20 17 16 8 5 12 12 19 18 21 20 17 13 12 7 1 6 10 17 17 9 3 7 11 9 10 
9 11 17 14 7 10 17 22 19 15 36 82 142 187 210 212 188 139 93 57 35 19 10 8 13 16 17 13 4 4 8 10 6 3 9 12 13 16 18 20 18 11 5 6 18 20 18 24 21 16 16 16 15 18 17 14 15 12 5 5 9 12 12 12 
12 11 21 17 7 9 16 22 20 24 49 100 166 205 211 197 159 106 64 37 25 17 15 16 14 12 12 14 12 11 12 14 12 6 7 14 12 14 19 24 20 14 10 7 21 17 12 21 21 17 18 15 3 3 7 5 8 6 6 3 14 15 16 15 
15 12 27 18 6 10 16 24 21 28 59 115 184 216 209 183 137 81 42 23 18 21 19 16 9 10 13 18 14 11 13 16 21 12 9 18 11 13 21 29 21 17 15 6 20 11 11 23 21 18 18 15 6 7 12 9 10 7 9 3 18 18 15 13 

25 22 16 3 8 17 19 24 27 11 4 10 8 32 26 16 12 6 11 21 19 27 27 24 21 6 10 8 8 28 10 15 15 24 24 13 7 12 22 22 17 14 14 10 7 9 12 13 12 14 15 11 11 6 24 18 11 21 26 27 26 20 18 15 
29 23 14 9 11 17 19 14 18 6 5 13 5 24 21 11 6 11 7 18 15 21 23 24 21 8 11 7 10 25 9 13 14 25 23 13 7 7 19 23 17 10 11 8 12 9 9 7 9 9 11 7 6 4 23 16 10 19 25 27 24 19 17 15 
28 21 15 12 7 7 5 0 14 6 7 17 9 20 13 3 6 9 8 13 15 21 25 27 24 14 11 5 6 18 11 14 11 22 20 12 10 5 15 20 15 14 16 16 18 11 10 7 8 6 8 10 10 14 21 12 8 15 21 25 26 26 24 19 
24 17 13 11 8 14 13 11 14 3 9 20 13 21 10 4 9 7 9 8 11 15 20 21 18 10 8 6 4 12 13 16 11 15 16 12 12 10 8 15 7 8 14 16 19 19 23 20 16 10 5 3 3 10 14 8 3 7 13 18 20 21 22 18 
21 15 13 14 15 21 14 14 9 5 17 23 19 19 10 8 14 9 11 7 6 8 13 14 10 6 9 11 7 7 7 9 9 10 8 4 12 17 13 13 5 7 6 7 14 15 19 19 15 11 10 10 11 16 15 9 2 6 11 16 17 17 16 13 
22 19 18 20 20 18 10 13 8 14 18 19 18 18 11 11 17 13 13 6 9 9 7 8 5 10 11 13 12 10 10 7 5 8 6 10 15 20 15 8 4 11 6 7 10 8 14 14 8 4 6 8 8 16 15 9 7 11 15 16 15 17 16 14 
25 21 18 19 18 14 15 12 6 10 11 12 8 9 7 12 19 16 19 11 15 12 8 7 3 14 11 13 9 8 12 12 5 3 8 16 21 19 15 7 9 10 1 6 9 11 12 11 4 5 9 9 11 15 15 13 12 14 18 21 18 20 19 17 
23 19 18 15 14 9 9 9 7 8 5 12 7 10 11 15 18 13 22 16 22 15 9 12 10 19 13 15 13 10 14 17 7 3 7 18 23 16 15 8 11 12 9 10 12 12 12 12 6 8 12 7 3 10 13 11 6 10 12 15 14 18 18 19 
19 16 15 12 14 15 15 10 6 6 11 18 14 14 18 21 20 6 14 16 23 16 7 8 9 20 16 15 15 14 16 17 4 7 10 19 20 13 13 8 12 12 6 8 13 16 19 18 12 13 15 10 6 11 15 18 15 11 11 15 13 24 28 33 
18 15 11 5 5 12 14 13 7 6 18 22 17 14 22 26 22 12 10 18 18 11 14 10 14 19 18 18 17 15 14 16 13 17 19 20 14 11 12 10 14 7 8 7 9 9 8 5 5 9 12 10 5 7 7 10 14 15 12 10 27 50 66 77 
24 19 13 7 5 7 6 10 11 15 22 19 11 5 21 25 17 8 2 16 14 8 12 11 13 15 19 20 18 15 11 7 13 17 17 14 7 14 13 7 9 9 12 10 8 6 3 1 2 2 5 6 4 12 14 16 17 14 5 20 57 88 105 116 
18 12 7 2 3 6 6 9 12 20 27 18 12 10 26 28 14 8 4 13 10 10 14 13 9 9 15 13 12 9 6 7 15 12 9 3 11 19 12 3 6 9 11 11 10 10 6 3 3 7 10 11 14 22 25 27 27 19 20 50 101 134 154 167 
21 16 12 9 5 7 10 14 17 23 25 17 15 13 24 21 6 8 9 11 4 5 10 10 9 10 11 11 12 10 13 15 13 9 9 10 13 15 10 14 14 13 12 11 12 12 7 6 7 14 19 18 20 27 29 29 24 25 48 91 146 175 190 203 
13 9 6 8 7 8 12 13 14 20 20 17 16 13 20 18 7 5 3 5 4 6 6 7 9 10 11 10 7 7 7 7 9 12 13 13 11 7 5 12 12 15 15 14 12 11 8 5 5 16 23 23 25 31 32 33 40 67 104 151 198 208 208 208 
12 10 4 3 8 11 12 12 12 17 15 15 15 13 20 19 12 10 3 3 6 6 6 3 9 9 7 11 11 10 9 8 8 11 15 14 13 10 8 10 7 12 17 16 12 10 9 2 6 17 24 25 28 30 31 41 66 109 155 197 224 212 192 178 
3 6 6 6 5 7 11 11 9 12 9 15 17 12 14 11 14 15 10 10 14 11 9 9 14 8 6 12 5 6 3 5 7 12 15 7 6 9 19 20 13 12 16 13 8 7 9 4 8 17 23 26 25 22 37 62 98 147 188 214 217 188 160 140 
13 13 15 11 5 8 10 6 5 9 12 15 17 9 8 12 21 18 13 15 17 16 17 21 13 6 5 10 5 7 6 8 12 14 17 12 15 15 22 15 7 8 13 12 9 10 13 5 8 13 17 24 22 33 68 106 148 191 215 217 197 156 123 97 
15 11 15 15 7 8 10 6 4 3 5 8 12 5 3 4 15 11 8 12 8 8 7 7 7 6 9 9 9 10 7 14 22 21 27 20 13 6 14 12 12 4 7 14 12 15 22 9 9 10 11 25 33 63 112 157 194 220 220 194 156 110 72 42 
14 11 14 11 5 8 10 7 2 7 11 12 15 11 6 2 15 15 14 19 16 16 10 6 12 4 14 8 12 13 15 22 26 17 24 15 8 7 9 10 7 7 6 11 6 6 21 9 10 9 15 42 63 104 158 196 214 216 192 148 108 70 38 20 
12 10 13 12 11 14 16 9 4 10 16 18 20 19 14 13 18 18 15 17 11 14 12 11 16 3 12 11 16 16 15 18 23 9 17 10 8 13 4 6 5 9 8 10 4 2 19 6 12 15 33 73 104 149 196 213 208 190 150 102 73 49 29 19 
4 8 10 6 8 9 18 14 4 7 15 23 25 23 18 16 14 13 12 11 6 10 8 20 24 11 12 12 11 10 10 12 21 5 15 6 1 10 4 4 7 12 13 14 8 3 18 9 23 32 63 112 149 190 219 214 189 158 114 72 51 33 16 9 
9 10 9 5 11 9 15 15 6 5 13 22 21 19 16 13 10 12 13 6 8 6 7 23 14 7 5 7 6 8 9 9 18 14 16 9 8 9 4 3 6 11 12 14 12 15 20 20 40 58 100 155 189 213 220 194 156 118 75 40 25 11 6 8 
18 15 10 5 7 9 10 13 3 6 11 19 19 14 8 5 1 7 7 7 7 3 10 21 13 15 9 6 7 7 10 7 11 6 10 8 6 8 4 5 6 10 14 14 11 15 16 42 68 98 148 195 214 216 200 158 111 72 37 16 8 5 10 6 
16 16 13 9 8 7 3 10 8 6 5 11 15 14 6 5 4 2 9 13 11 7 4 15 12 13 13 12 9 7 8 10 10 8 12 9 9 10 8 11 6 7 12 7 4 12 37 78 112 152 198 226 221 199 163 112 68 36 15 9 5 8 7 7 
19 18 15 11 9 11 9 7 10 6 3 6 13 19 10 11 10 8 9 9 6 9 8 16 17 13 11 9 7 9 9 15 15 17 16 12 12 10 9 13 11 2 10 10 18 37 73 122 161 197 224 227 202 164 120 74 40 20 11 7 8 14 15 18 
24 22 19 16 13 13 12 8 12 6 3 5 16 22 8 8 14 18 14 9 10 17 18 19 16 11 8 5 8 7 7 14 10 10 10 8 9 7 9 15 18 7 8 16 38 68 117 168 203 224 227 207 166 120 80 46 22 12 11 8 10 15 16 23 
22 19 14 10 7 10 13 11 14 13 16 14 15 18 8 20 27 25 20 16 16 21 14 13 15 15 12 7 5 5 6 15 10 7 6 10 12 8 10 16 22 16 18 43 74 111 162 202 222 226 209 170 121 76 41 18 6 12 15 8 7 15 23 31 
22 19 17 15 13 16 15 10 12 8 6 8 13 18 10 15 14 7 6 11 14 21 20 24 22 19 11 6 4 2 5 14 13 18 21 23 19 10 7 13 22 25 42 74 115 154 193 217 221 204 168 122 74 37 14 15 18 17 17 9 7 15 22 26 
18 18 19 20 20 23 16 7 8 8 9 8 8 14 9 10 13 7 11 11 6 16 18 21 18 14 7 5 5 2 4 11 11 15 15 14 7 7 8 13 28 43 66 109 157 187 207 213 194 155 114 72 33 11 6 11 14 15 14 10 4 8 15 21 
25 21 19 20 20 24 20 6 7 6 4 3 5 9 11 12 11 6 10 4 5 14 25 30 25 16 8 2 1 5 2 5 1 9 7 8 3 11 13 23 47 74 112 162 201 211 204 186 145 101 68 34 6 5 7 11 9 12 14 9 6 6 12 16 
17 20 17 19 21 22 20 4 6 6 6 6 8 11 11 10 14 20 18 10 13 11 21 21 17 15 13 6 7 8 5 6 8 13 9 8 4 15 25 45 77 120 167 207 226 214 181 145 97 58 38 15 17 19 17 17 14 15 13 9 6 6 10 12 
19 18 12 13 16 19 18 10 12 11 11 8 3 8 16 22 27 26 21 16 21 20 15 6 9 15 17 14 12 10 10 11 11 10 5 5 10 28 48 77 119 171 208 225 223 189 138 98 59 25 17 18 22 20 17 11 12 13 10 9 12 15 15 15 
16 15 2 8 14 16 17 14 12 8 4 5 9 14 20 24 25 18 15 17 24 27 17 14 15 16 16 15 9 5 8 11 9 8 8 11 20 47 81 120 170 218 236 230 202 147 89 54 25 3 7 12 15 6 14 14 19 21 18 15 8 8 12 13 
17 13 3 6 10 9 8 9 7 3 4 2 7 11 15 21 26 20 13 12 18 23 21 20 19 16 14 16 12 8 7 11 13 9 7 21 41 80 129 173 216 248 243 212 164 102 52 25 13 4 3 6 5 3 14 22 18 13 12 13 12 13 18 21 
23 14 9 9 4 5 5 9 7 5 7 6 11 14 17 22 27 25 17 10 11 12 17 21 20 17 16 18 17 15 13 13 8 12 20 44 73 122 176 211 235 243 211 159 108 60 34 18 15 16 17 19 18 11 11 25 20 11 15 9 5 9 16 17 
15 12 11 9 7 4 7 9 12 12 16 15 14 11 7 9 15 20 19 14 15 11 5 8 8 11 14 15 18 18 16 17 11 23 39 68 106 162 206 225 229 211 160 104 59 29 20 12 18 18 18 23 25 22 15 21 14 6 9 6 10 15 20 23 
15 14 12 10 9 7 9 13 17 13 12 9 8 7 9 2 8 17 23 26 27 24 20 16 7 10 17 12 16 16 14 16 14 39 68 107 155 202 224 222 200 158 102 56 25 20 15 10 15 13 9 3 9 14 6 13 13 3 9 14 18 23 23 26 
9 7 8 8 8 4 2 5 11 9 9 12 12 10 12 3 9 12 13 13 15 14 18 20 18 4 19 15 12 14 13 17 29 73 116 163 206 232 229 201 153 101 53 19 4 15 14 10 14 13 12 9 10 18 11 5 14 16 15 12 7 13 16 23 
3 2 12 12 15 14 13 12 11 12 9 11 6 5 5 9 11 12 10 9 10 5 13 20 24 14 17 13 9 14 23 38 71 125 167 202 226 226 199 157 105 57 22 3 4 8 9 11 15 14 15 16 14 21 20 12 2 13 18 20 16 8 9 16 
9 7 14 5 10 12 10 18 13 16 13 11 5 5 10 19 16 14 12 12 12 4 7 15 23 18 13 11 10 21 42 67 113 170 206 227 229 203 157 112 64 26 7 3 4 6 6 9 10 9 13 17 16 18 14 12 8 11 14 15 15 3 4 11 
12 10 17 9 9 13 8 18 19 22 20 19 13 10 13 15 8 8 13 16 15 11 4 5 17 17 7 8 11 32 63 99 152 205 230 235 217 174 122 79 40 14 11 9 4 4 4 8 9 11 15 19 19 23 18 12 10 12 17 16 19 12 10 12 
10 8 14 9 11 16 10 19 21 18 14 11 9 11 18 16 1 6 13 17 20 21 20 13 9 14 8 11 27 64 106 150 200 228 227 209 174 128 84 52 32 22 19 14 8 4 7 10 10 10 12 18 21 27 26 19 14 11 15 16 22 15 8 12 
13 8 10 8 7 10 3 9 10 9 11 11 13 16 17 13 4 6 8 1 9 13 17 21 11 7 7 28 64 114 162 201 229 224 197 164 123 85 50 34 29 25 24 13 12 9 11 16 15 12 12 15 15 21 22 15 16 12 14 17 19 17 9 8 
15 10 9 13 14 16 19 19 15 11 9 8 13 12 10 9 14 15 17 12 7 3 3 12 10 5 21 55 102 156 198 219 224 197 158 121 86 56 28 23 23 23 25 12 11 4 4 10 4 6 9 14 17 24 25 15 16 6 15 18 15 17 7 6 
15 11 7 3 5 12 19 22 18 11 10 5 13 7 9 17 19 18 22 17 9 6 4 11 12 15 52 99 151 201 223 222 204 158 111 80 53 32 12 17 18 21 22 11 13 12 13 17 17 17 17 19 17 19 24 14 15 3 12 7 5 14 8 13 
11 12 12 11 6 9 7 15 15 5 10 0 12 4 10 13 15 19 27 25 15 11 6 10 24 53 105 159 208 241 239 216 174 114 67 46 28 19 8 11 14 16 15 6 6 13 16 18 21 18 12 12 15 16 21 18 14 8 15 11 11 20 22 20 
3 5 3 6 6 11 8 11 16 11 14 6 9 3 11 9 14 21 26 25 18 16 19 39 69 111 167 212 238 243 217 174 120 68 36 25 17 17 20 16 14 12 7 8 6 13 14 15 15 10 5 5 6 4 9 12 14 11 15 15 18 22 24 24 
7 6 5 9 9 11 13 9 16 15 19 15 12 8 12 7 12 19 24 22 13 11 30 71 115 164 213 238 236 215 172 122 73 37 18 13 10 12 17 16 13 7 3 6 9 16 12 12 14 12 12 8 12 11 7 4 5 6 9 12 14 13 15 16 
12 12 10 12 14 11 12 3 9 15 22 24 24 24 22 14 16 16 23 17 6 23 62 115 161 205 236 238 212 176 128 82 43 20 10 3 6 7 10 10 10 9 8 7 10 17 11 9 10 14 16 8 9 6 4 8 5 11 11 10 10 11 9 4 
18 19 16 12 16 11 13 10 11 19 24 27 25 27 27 20 21 19 21 9 22 54 106 167 209 233 238 215 171 126 83 46 21 14 14 8 9 8 9 9 12 13 10 7 8 16 10 6 6 12 18 9 8 10 12 17 13 13 15 15 12 12 7 0 
23 25 24 18 19 14 13 15 12 10 11 13 12 21 19 7 13 8 8 18 56 95 152 207 230 229 209 167 117 76 44 24 17 15 16 16 16 17 14 16 17 7 1 6 10 18 16 11 12 11 19 11 7 14 15 19 16 16 21 24 17 15 12 8 
20 21 19 16 16 11 10 15 15 3 3 6 9 22 20 12 19 17 20 53 103 148 195 228 224 198 160 114 74 45 25 13 12 10 13 16 13 15 8 8 19 7 6 9 10 15 11 9 11 9 16 6 4 14 13 6 11 17 23 31 27 25 22 17 
18 20 18 20 20 14 14 12 17 7 5 7 5 19 18 19 28 39 55 103 162 201 228 230 199 154 107 66 40 23 13 12 17 21 24 24 17 17 9 6 17 7 7 8 13 16 10 9 6 8 13 5 6 14 14 2 6 7 9 19 19 18 19 19 
11 14 8 11 9 13 20 15 22 18 18 18 12 16 6 9 39 76 114 169 217 235 234 207 159 111 65 32 22 19 16 13 9 8 15 21 10 9 11 14 22 15 10 9 10 9 9 15 12 15 17 14 9 15 13 3 6 4 7 12 16 17 20 23 
13 17 10 3 9 19 22 11 18 19 20 20 14 14 13 29 76 127 173 219 243 235 208 159 105 65 30 8 12 17 16 15 12 8 13 21 9 5 6 7 17 16 11 11 4 5 12 20 16 15 14 15 12 13 13 13 15 7 4 8 17 18 22 28 
15 18 17 7 10 15 16 5 9 11 15 18 6 12 25 55 116 172 210 238 237 207 160 102 51 23 3 6 7 13 12 8 6 6 12 20 15 12 9 6 8 13 5 8 7 10 12 20 15 11 7 12 18 6 7 8 12 12 14 17 17 16 19 25 
18 19 21 12 12 13 12 6 12 15 18 16 11 33 62 108 172 218 235 236 209 160 104 52 19 6 10 7 6 12 15 12 12 11 13 17 17 16 12 7 4 12 7 9 12 10 5 12 12 5 8 11 14 9 7 6 5 6 14 17 17 14 16 23 
20 17 21 19 17 15 14 11 11 14 20 20 38 72 117 171 222 242 231 203 158 106 57 24 14 14 17 9 7 11 18 22 22 24 25 22 19 16 11 3 3 11 9 7 12 9 2 7 15 18 20 18 14 11 8 7 4 3 11 8 1 2 5 9 
15 11 10 8 1 7 11 15 15 11 7 23 66 115 168 213 240 234 198 151 103 59 21 12 18 21 19 9 6 7 8 9 6 11 14 15 14 13 7 2 6 8 8 5 7 10 9 6 7 8 7 5 2 9 10 8 7 6 11 8 2 4 7 12 
4 2 6 9 6 8 9 11 11 7 20 57 114 168 213 238 239 206 155 105 66 34 8 10 15 18 15 9 11 12 13 16 10 4 8 9 7 6 4 7 9 5 6 10 8 10 6 3 2 3 1 6 12 19 21 18 14 11 12 7 6 8 8 14 
16 14 12 12 7 4 2 4 11 26 55 106 168 213 237 237 210 156 103 63 38 18 5 5 10 15 14 15 8 9 11 16 15 6 6 0 5 4 4 9 13 5 8 12 13 14 12 9 11 12 10 11 11 9 13 10 16 16 10 6 10 14 11 13 
15 12 11 12 7 7 9 10 18 40 77 134 194 226 227 205 159 99 56 31 19 10 5 8 13 17 13 16 12 11 11 14 13 5 4 6 9 9 6 14 12 7 9 11 20 16 14 12 7 5 8 9 9 16 20 15 17 11 7 5 14 14 12 14 
18 12 13 15 10 12 12 8 23 57 101 159 215 233 211 174 123 68 34 20 16 12 12 15 14 8 10 19 18 15 15 17 18 9 6 10 12 10 8 18 12 12 12 13 23 15 12 13 6 6 11 9 4 6 15 7 12 6 9 8 19 17 13 12 
19 12 18 16 11 15 13 5 27 69 118 177 231 236 195 151 100 46 18 12 10 14 18 19 13 2 12 23 17 15 16 18 24 15 12 18 15 11 10 21 12 16 13 10 22 10 14 16 4 5 10 9 4 6 16 10 14 9 13 9 25 22 11 8 

9 11 9 5 8 15 16 16 27 24 27 28 22 27 22 16 9 8 8 15 24 23 18 17 27 17 13 9 4 25 11 14 18 24 22 18 18 19 18 12 7 12 19 19 11 9 12 14 15 18 22 15 16 18 30 24 16 24 27 29 29 31 25 18 
15 11 5 3 7 12 15 13 21 20 23 27 24 23 16 9 4 12 4 13 20 20 15 16 23 15 11 3 3 24 13 9 17 25 22 18 17 15 16 13 10 12 18 17 12 7 8 11 10 12 17 10 12 14 26 20 12 19 24 27 27 29 24 17 
6 5 6 5 11 10 8 7 15 14 19 25 26 26 18 9 9 13 7 12 20 21 19 19 23 17 10 4 3 19 12 8 12 22 21 18 20 15 15 11 9 11 17 18 17 12 12 9 4 6 13 12 13 15 19 14 8 12 16 21 24 27 25 18 
6 7 7 5 12 15 13 14 15 9 17 23 26 29 21 14 10 11 11 10 16 16 14 11 17 10 5 4 0 13 9 10 12 20 20 20 23 20 19 12 3 5 13 18 22 24 26 22 17 13 10 6 6 7 10 12 6 8 10 12 15 18 17 12 
7 6 3 2 15 20 9 9 8 10 21 18 27 28 21 15 9 7 10 5 8 13 15 12 12 3 6 8 3 9 4 10 15 19 16 15 18 20 19 13 4 6 5 9 15 16 15 12 9 12 12 11 13 15 15 15 5 0 8 14 15 14 11 9 
5 8 6 5 15 20 9 11 12 15 21 11 20 23 19 15 12 7 10 1 4 10 8 4 6 8 12 12 10 10 5 6 11 15 14 13 12 14 14 9 4 9 5 8 11 5 9 9 9 16 16 13 9 14 19 18 9 8 11 13 12 10 6 7 
12 11 9 7 13 12 12 11 9 10 14 6 11 15 12 11 13 11 15 7 10 12 9 6 7 12 11 9 4 4 7 11 7 8 9 12 15 15 16 12 10 12 6 8 5 2 6 9 12 18 18 17 15 17 20 18 9 6 9 14 12 14 14 15 
13 12 9 5 10 7 9 5 2 5 9 13 14 16 15 11 12 11 17 13 18 15 11 13 10 16 12 10 4 3 10 14 8 6 6 13 17 11 12 10 13 13 6 7 9 9 9 15 16 21 21 16 11 9 15 10 4 2 4 11 10 20 21 23 
10 12 10 8 12 13 13 7 2 4 14 20 18 18 21 19 15 5 11 12 21 18 3 6 5 15 12 10 7 5 9 11 9 8 8 13 14 3 8 8 15 10 5 10 15 21 23 21 20 23 22 16 14 8 15 17 17 13 8 9 23 42 52 60 
11 10 4 3 5 11 13 12 8 8 17 18 14 14 23 25 18 9 7 14 17 13 12 6 8 10 9 9 8 7 7 10 13 16 19 21 15 10 10 10 15 9 11 9 12 12 8 6 11 15 16 15 17 8 11 14 19 21 11 18 55 87 108 123 
13 10 5 5 4 7 5 9 9 14 21 11 3 7 22 26 15 6 5 14 13 8 10 6 7 5 7 7 9 9 7 1 10 14 16 16 12 14 14 14 15 13 13 12 13 7 4 3 6 11 16 18 17 9 10 13 14 18 24 51 103 140 160 174 
1 3 3 4 1 4 3 7 10 18 23 9 9 10 26 29 13 5 6 13 11 9 13 8 6 4 7 5 8 8 6 8 11 5 7 6 11 19 15 14 15 16 16 15 12 8 9 3 2 11 12 15 15 14 15 15 11 30 58 99 157 187 201 212 
12 10 8 6 2 4 5 7 12 16 18 7 15 14 24 25 5 7 10 15 11 9 11 9 7 8 7 8 10 10 12 12 7 7 12 12 11 10 13 17 19 18 12 7 5 4 12 8 8 17 12 10 10 12 10 7 30 68 109 155 203 215 217 221 
1 3 3 6 6 8 9 9 10 17 16 11 18 16 22 24 7 8 5 11 11 11 10 9 9 9 11 9 9 11 9 10 10 10 11 11 7 5 6 9 10 11 8 8 5 5 16 7 3 17 9 6 4 12 23 43 80 128 171 210 236 226 210 199 
6 6 6 8 12 15 14 11 8 14 11 5 16 13 20 23 10 15 5 7 12 11 13 8 11 6 3 8 5 5 3 5 7 8 9 12 14 15 14 12 7 6 10 10 6 7 16 4 2 17 10 7 12 23 44 77 123 173 209 232 234 204 173 151 
10 8 9 3 3 6 6 8 5 11 9 9 16 13 16 18 15 21 12 8 11 8 12 11 15 8 6 11 4 7 3 3 4 10 12 4 4 6 18 21 12 5 10 11 7 11 15 5 3 13 8 16 23 39 74 116 162 202 223 224 203 162 130 107 
10 11 13 8 6 8 5 8 6 10 14 14 18 14 10 12 20 21 15 15 16 12 13 17 10 6 3 10 7 8 7 8 10 13 18 16 17 17 21 20 13 4 9 12 5 10 15 3 4 10 12 29 42 71 119 165 203 227 226 201 162 119 88 65 
13 10 13 9 4 6 4 6 3 2 4 7 15 11 4 3 12 14 12 12 9 9 8 8 8 7 8 7 7 4 2 12 22 18 25 19 14 11 15 21 18 11 5 13 12 17 22 13 12 15 21 42 65 108 162 205 226 227 201 155 110 71 42 21 
13 9 12 7 2 5 2 7 3 2 3 5 12 7 3 5 14 18 17 18 16 16 12 6 15 4 11 2 8 6 11 20 26 14 18 12 9 13 11 16 14 14 7 11 7 10 18 9 11 16 34 70 104 151 200 223 219 196 154 103 68 40 20 11 
6 3 11 7 5 9 9 10 3 6 8 6 5 6 11 13 16 17 13 13 9 12 9 10 17 2 9 5 9 8 9 15 24 9 13 8 9 17 10 11 12 14 12 14 10 9 13 4 17 30 65 114 152 192 222 218 190 154 107 65 45 29 20 17 
6 9 15 9 7 8 9 12 6 9 8 11 10 12 12 12 12 14 10 7 7 12 10 20 22 10 9 8 9 11 11 15 26 15 16 9 4 10 5 4 9 12 11 13 11 10 10 16 39 63 111 163 193 216 222 195 154 116 73 41 28 16 10 8 
9 11 15 10 11 12 7 11 7 13 11 15 12 14 14 11 9 13 12 4 9 7 7 22 12 8 7 9 11 12 11 12 20 17 18 11 10 10 4 2 7 7 8 10 11 11 5 33 66 102 155 201 216 215 199 160 114 78 43 21 11 8 13 11 
16 15 14 7 8 10 3 10 10 12 9 14 13 15 12 6 4 9 10 13 12 6 9 21 13 16 11 11 11 11 9 7 11 7 12 6 4 4 0 3 7 6 7 8 6 7 26 69 108 148 196 225 219 195 163 115 69 37 12 3 3 9 10 6 
15 14 13 9 6 6 3 8 13 9 7 8 11 16 6 5 5 4 12 17 16 15 12 15 10 13 13 15 14 12 11 10 10 11 15 11 9 8 7 6 2 8 8 7 13 31 69 119 161 197 227 233 203 161 118 71 33 9 4 5 5 8 4 7 
17 13 12 12 10 10 10 7 12 4 2 3 12 19 7 6 7 9 8 6 9 15 17 19 17 11 6 6 7 9 10 15 15 18 17 15 13 12 11 12 7 6 12 18 36 68 116 169 205 226 230 212 166 117 77 43 23 17 13 8 7 10 7 7 
19 15 14 14 11 10 10 6 12 5 5 4 14 21 5 8 15 21 16 12 14 24 28 28 24 14 8 8 10 6 6 12 10 13 14 13 10 9 9 14 14 4 12 33 68 113 167 210 228 224 203 167 118 73 45 24 15 18 16 9 8 9 9 9 
21 16 13 12 8 7 10 9 15 13 14 10 13 17 7 19 25 25 17 15 20 30 23 16 17 15 14 10 8 3 4 14 13 13 14 13 12 8 6 14 18 14 32 67 111 160 203 224 222 198 160 118 73 38 18 8 10 18 20 9 5 11 18 19 
20 14 14 18 16 15 13 6 10 9 2 4 10 16 9 13 12 8 9 14 15 27 24 24 25 21 15 10 9 7 4 12 14 18 20 20 18 12 10 15 25 37 65 106 153 193 216 215 195 155 112 75 39 13 7 15 18 17 16 7 10 11 15 12 
16 11 13 18 20 24 18 8 6 9 7 6 9 11 6 6 9 5 11 11 5 18 20 21 18 14 9 7 8 8 6 8 8 10 11 10 4 8 12 21 42 66 101 148 190 209 205 184 147 98 61 34 8 4 9 13 15 13 9 7 11 7 11 14 
32 22 15 15 11 21 22 6 5 7 6 5 7 6 7 10 9 2 11 4 8 15 25 27 21 12 5 3 6 9 6 6 4 9 9 9 4 14 22 42 73 111 156 201 222 212 181 140 93 52 34 18 7 10 8 10 6 2 6 8 11 10 11 12 
25 27 20 19 15 18 24 7 7 9 9 9 8 11 9 5 6 15 16 8 13 12 21 23 21 16 12 4 6 9 6 7 5 12 12 13 11 25 45 74 114 162 205 228 221 189 139 93 53 28 24 15 15 17 15 14 9 8 9 9 12 12 12 12 
23 24 18 18 15 11 20 11 14 14 14 13 6 5 3 11 17 20 15 10 17 21 17 3 6 14 15 11 11 12 13 12 14 17 18 21 27 50 81 119 163 208 230 223 194 146 91 54 28 11 19 20 21 20 12 3 4 8 8 6 9 11 12 11 
17 17 3 10 15 4 13 8 13 12 9 7 4 9 10 13 20 15 8 9 18 26 18 9 13 15 14 12 8 11 15 17 17 19 23 31 49 83 127 170 209 239 237 207 161 105 55 27 9 6 10 13 13 6 12 14 22 24 21 15 9 7 10 11 
21 16 4 6 14 10 9 6 9 10 9 5 0 7 5 11 21 18 8 8 14 24 25 20 17 10 6 14 12 13 14 18 21 21 27 50 81 128 181 215 234 242 216 168 116 67 36 16 4 2 5 3 3 5 14 18 19 19 16 12 9 9 13 15 
27 15 9 9 4 4 3 10 11 13 14 10 8 11 12 15 23 24 12 4 6 15 23 24 20 13 6 11 14 14 15 18 18 26 46 81 120 174 222 232 226 210 162 104 62 32 27 18 13 14 16 18 16 9 12 20 19 12 13 6 2 3 10 10 
18 11 6 4 4 1 7 7 4 3 10 8 9 8 5 2 13 19 12 6 8 7 2 6 12 14 15 9 13 12 14 19 22 44 74 115 158 208 234 223 198 163 104 52 26 18 22 13 13 12 15 20 22 19 13 16 14 7 6 6 9 8 10 9 
16 13 5 7 12 10 13 16 17 10 8 2 4 6 9 8 11 12 17 24 27 25 20 14 9 14 21 14 10 10 12 19 35 72 113 159 199 228 228 196 153 107 53 17 6 13 18 11 10 6 12 14 14 14 4 11 12 6 6 12 13 12 9 10 
14 12 3 7 10 3 6 10 13 6 4 6 9 9 11 8 8 9 15 18 18 15 17 18 14 12 24 18 10 12 16 31 65 118 164 205 229 232 208 157 101 57 18 7 9 7 12 6 9 7 10 15 16 19 11 3 13 17 17 16 8 6 4 9 
8 6 7 11 15 14 14 14 15 12 8 7 7 7 6 9 7 8 10 11 9 6 17 20 18 14 21 17 10 19 40 69 119 177 210 230 229 204 159 106 57 24 6 12 8 2 7 5 12 11 12 18 16 23 22 15 2 10 16 23 17 9 7 12 
11 9 9 4 9 12 9 16 18 20 15 10 4 2 9 20 13 14 16 14 11 5 13 19 19 16 18 17 17 38 71 109 164 215 233 231 208 160 107 66 28 11 9 11 8 3 2 7 13 9 6 13 7 9 12 14 10 11 4 15 15 2 5 11 
18 15 13 6 3 14 5 15 20 23 18 16 11 7 12 17 8 15 16 14 13 11 7 8 14 13 10 17 27 61 105 147 197 232 230 209 171 121 77 47 20 13 9 10 7 5 1 6 11 9 8 13 12 7 12 13 13 14 6 9 16 9 9 12 
17 15 11 7 10 15 11 15 19 17 9 11 11 7 16 17 8 13 17 21 24 24 21 12 6 12 12 28 58 106 155 192 223 227 199 161 118 76 46 26 13 13 9 8 4 6 6 7 9 6 3 12 18 12 18 18 18 18 6 6 18 15 11 15 
12 10 9 7 7 11 8 7 9 8 7 11 15 12 18 17 3 5 12 12 14 16 15 15 6 8 28 62 109 164 205 224 225 197 153 110 73 45 20 6 4 12 16 7 5 7 8 14 16 11 7 12 16 9 4 9 18 21 11 10 17 19 15 13 
10 10 10 12 13 15 16 17 15 14 11 10 14 7 13 13 12 10 14 5 5 4 8 14 12 21 54 100 152 200 222 218 196 153 107 72 46 35 16 9 9 11 19 7 5 6 8 12 9 6 6 10 14 15 12 7 17 16 12 15 16 21 15 9 
6 6 7 7 9 14 21 22 17 15 14 10 13 3 8 16 15 15 18 10 7 7 12 20 27 49 98 151 196 228 224 198 160 108 67 44 29 30 19 11 8 12 18 10 9 11 12 16 18 18 18 20 21 19 18 12 18 11 5 7 12 20 13 12 
5 6 9 10 11 15 15 15 9 4 11 6 12 3 7 11 11 13 18 12 7 11 19 37 60 101 162 209 238 246 217 173 124 72 37 24 19 25 18 11 8 11 14 9 7 10 12 14 16 16 13 15 20 24 27 22 21 13 12 13 17 23 22 21 
5 5 5 3 7 14 14 14 13 9 15 9 9 4 9 6 11 14 16 10 8 19 39 75 113 162 218 244 244 224 175 122 73 38 21 11 12 20 23 18 15 10 7 10 7 9 8 10 9 8 6 6 6 7 13 13 14 10 12 14 18 21 22 22 
11 10 9 7 9 13 17 15 17 13 18 16 12 8 10 2 5 13 18 9 14 33 68 117 162 207 241 239 210 173 118 71 37 20 15 8 7 9 14 13 10 7 5 9 14 15 6 6 8 13 12 5 10 10 6 3 6 6 5 9 10 7 9 13 
10 11 7 10 12 14 16 7 12 12 18 21 21 20 20 13 12 9 16 3 29 60 108 163 202 231 238 210 165 123 75 37 18 14 11 3 4 4 6 2 2 3 8 5 15 19 10 10 8 16 14 6 6 7 4 7 4 12 6 9 2 5 11 11 
10 10 13 18 19 16 16 9 15 18 21 24 21 22 22 16 15 10 11 18 60 101 157 209 232 233 214 168 117 76 38 10 12 11 11 3 6 12 12 6 6 9 10 6 12 20 11 9 8 13 13 4 8 13 15 19 17 16 12 12 1 9 16 15 
14 18 20 21 23 19 15 12 10 10 9 10 12 21 17 4 12 13 21 54 107 152 200 233 230 204 163 112 67 34 14 17 21 15 12 9 16 24 22 13 12 4 5 4 10 21 17 12 12 14 17 11 11 16 17 20 18 18 20 21 14 17 21 20 
13 18 17 15 18 12 11 14 8 3 6 9 13 25 21 14 24 32 49 99 158 196 225 231 200 154 106 63 33 13 4 10 13 8 7 8 19 27 25 13 17 5 5 7 6 15 10 9 11 12 12 4 8 14 12 3 8 15 18 25 23 24 26 24 
16 21 21 21 22 15 14 14 13 2 3 9 9 23 19 17 43 64 90 150 204 225 229 208 158 105 60 29 23 15 12 17 20 20 21 20 23 29 25 13 15 5 8 11 14 16 7 4 4 7 5 6 8 14 13 7 7 3 6 8 9 11 15 17 
9 16 15 12 8 11 20 20 22 15 13 16 10 22 19 29 76 118 156 208 240 233 210 166 110 66 33 12 19 17 6 8 5 3 12 18 20 27 28 20 20 13 11 12 14 9 4 11 13 16 15 15 8 15 12 8 7 5 6 4 10 10 11 13 
15 21 16 9 12 21 25 18 22 18 16 18 14 28 35 61 121 171 204 236 240 208 165 112 62 33 11 3 14 18 11 10 10 11 18 23 18 21 20 13 15 11 8 10 7 6 11 16 16 16 15 19 9 14 12 13 16 9 5 4 11 9 9 12 
14 21 21 12 12 15 14 7 15 11 9 12 12 38 57 97 164 207 222 230 207 160 110 60 24 9 5 6 10 15 7 4 6 6 14 17 9 10 11 10 10 9 2 7 8 11 11 15 9 4 5 17 15 10 8 9 17 15 16 18 16 12 11 13 
17 21 23 12 11 13 12 8 16 17 14 19 39 73 108 158 216 240 229 207 162 107 58 21 3 1 8 3 10 13 12 10 11 11 13 14 7 7 8 9 9 9 3 8 10 12 6 11 12 7 10 13 11 12 8 5 9 9 18 20 21 18 19 25 
18 18 23 18 15 14 14 9 12 15 20 40 78 124 171 217 249 243 207 162 110 64 25 10 6 4 9 9 14 15 19 23 25 27 26 19 10 5 7 10 10 9 4 9 11 10 3 6 12 12 12 10 7 11 5 7 5 2 14 5 3 3 7 13 
16 13 12 8 1 7 10 13 10 4 26 65 119 174 218 242 242 212 160 108 65 33 8 11 8 10 8 9 13 10 10 14 14 13 10 6 3 4 9 12 9 6 5 5 6 10 10 8 10 10 8 5 4 9 3 6 3 4 15 7 2 4 9 11 
15 11 8 10 8 10 10 11 14 27 61 112 172 218 242 239 213 167 112 67 38 15 9 13 10 12 5 15 15 13 14 19 17 11 12 13 9 7 9 12 7 2 5 9 9 7 11 6 7 8 6 6 8 15 15 15 13 12 18 9 7 7 10 14 
7 6 7 12 7 6 6 13 32 62 106 163 217 243 241 216 171 115 69 39 21 10 15 15 13 14 12 22 11 6 9 15 19 11 14 12 12 10 11 9 7 2 6 13 14 9 14 8 11 13 10 11 14 14 9 9 18 18 15 5 10 13 14 17 
7 7 7 10 6 2 9 21 46 87 136 188 229 236 211 171 118 68 37 19 11 7 16 18 15 15 12 24 15 5 5 11 16 9 12 13 15 13 12 9 6 6 9 13 18 12 14 6 8 6 9 9 10 15 14 12 18 12 11 5 15 16 15 17 
9 6 5 9 3 6 14 28 62 115 165 208 235 222 174 126 77 42 25 14 11 6 12 18 17 10 13 24 18 10 9 13 17 12 14 16 19 16 13 10 5 9 9 13 20 13 15 9 8 10 15 12 7 8 12 8 15 9 11 8 20 19 15 15 
6 9 9 11 5 8 17 34 76 134 183 219 238 208 144 98 55 27 18 9 6 8 15 20 16 7 16 27 17 9 9 15 20 13 17 20 23 18 13 12 6 9 3 8 21 12 16 14 13 18 21 17 12 11 16 12 18 10 12 6 26 26 17 12 

10 12 9 7 6 8 14 12 12 16 21 24 21 12 12 15 10 12 6 7 16 5 5 8 20 19 13 9 8 24 14 11 14 24 23 21 24 20 13 5 9 18 24 27 20 17 13 16 15 14 16 15 24 27 29 19 12 14 11 21 22 29 31 28 
14 10 6 5 5 6 10 8 11 15 18 21 22 12 5 4 4 14 4 6 12 6 4 7 16 18 9 4 6 23 18 5 10 21 21 17 18 15 11 5 10 18 24 25 18 13 9 12 9 7 12 13 21 24 24 16 13 14 14 19 22 27 29 26 
14 12 10 6 11 11 9 9 12 15 16 18 20 19 16 14 14 16 8 7 13 9 11 11 15 19 12 9 11 17 17 9 5 18 17 18 20 15 13 5 6 13 18 22 18 15 14 11 3 4 12 13 17 17 14 10 11 11 7 11 18 21 21 18 
19 15 12 7 12 12 11 14 18 20 19 16 20 23 15 14 10 12 10 8 13 9 10 12 14 11 8 8 8 9 12 10 3 13 14 19 24 20 18 12 6 7 10 18 22 25 27 21 16 14 9 10 11 12 10 13 13 13 9 8 12 12 11 11 
18 13 10 7 11 15 10 10 12 18 23 12 19 23 16 15 9 9 12 7 10 16 18 19 15 6 7 8 7 6 9 12 11 13 11 14 17 17 16 12 8 7 5 7 11 10 12 10 12 19 15 16 18 19 15 16 11 7 7 10 13 11 10 12 
16 12 10 9 10 15 10 8 10 15 21 7 14 19 16 15 9 6 11 4 5 13 7 12 8 4 10 11 12 9 7 6 9 13 12 18 15 15 16 14 11 10 5 6 7 5 15 18 22 28 25 22 12 8 15 21 16 12 8 8 7 6 5 9 
12 9 9 9 10 9 7 6 6 11 13 7 13 16 12 8 5 6 11 6 6 13 4 8 6 8 11 8 9 5 8 8 4 4 9 19 20 20 21 19 15 14 10 10 6 3 14 19 22 25 22 21 20 17 24 24 16 10 3 7 10 19 25 31 
15 15 11 5 7 6 4 6 5 6 11 16 21 23 18 8 6 9 13 12 14 16 7 8 6 11 11 7 7 7 11 8 1 3 9 19 19 14 14 15 16 15 8 7 8 10 15 19 18 19 13 10 15 12 19 16 14 12 5 5 20 38 50 61 
8 13 14 11 11 13 12 12 9 5 12 20 26 26 21 16 11 8 11 12 18 19 7 6 4 9 8 6 2 5 7 3 4 5 10 17 15 10 12 13 16 11 8 12 15 20 19 16 15 13 6 5 16 9 15 16 18 17 4 12 49 75 94 112 
5 7 9 9 8 11 14 16 13 7 15 15 22 23 23 23 14 6 5 11 15 15 12 9 8 4 3 4 3 6 6 6 9 13 18 21 16 12 12 14 16 12 11 9 11 10 6 10 10 10 12 8 18 8 11 12 15 20 18 45 97 132 157 177 
6 7 8 7 5 8 3 11 10 10 21 15 20 21 22 24 12 2 3 12 11 7 8 3 4 1 4 4 5 6 4 3 11 14 17 19 13 13 11 15 16 11 9 10 12 10 15 15 11 16 20 18 21 13 14 15 12 30 53 95 155 186 202 217 
9 6 8 5 4 6 2 8 11 15 23 15 17 18 22 27 13 5 3 12 10 7 9 4 4 5 4 2 4 4 6 11 13 7 9 11 12 16 12 11 10 10 12 15 15 15 19 14 7 12 9 14 18 11 13 10 25 64 105 155 206 218 218 221 
11 7 5 3 6 6 6 8 14 19 24 17 18 18 22 25 8 7 8 14 9 6 8 7 7 7 4 5 5 5 9 9 6 10 14 17 15 9 7 9 12 14 13 15 13 12 17 8 3 17 11 13 16 8 12 30 71 121 167 209 236 225 207 197 
5 1 3 7 7 10 12 10 12 19 23 17 19 18 21 25 10 13 9 10 7 7 9 11 9 8 10 9 1 6 5 7 6 5 6 9 9 7 8 7 5 5 12 13 10 8 16 7 11 23 17 16 16 17 42 76 128 181 218 240 241 208 175 153 
8 6 9 13 15 18 18 15 11 16 18 10 14 12 17 25 11 20 14 10 10 5 8 9 11 5 6 9 7 9 7 6 9 9 10 11 15 18 17 15 13 8 13 13 8 9 15 10 13 23 21 17 20 41 77 121 173 214 231 230 207 161 121 94 
13 7 6 3 5 9 8 12 8 12 12 6 11 12 17 23 12 22 18 12 13 9 4 4 9 6 8 11 7 9 3 2 7 10 15 14 10 3 9 15 16 10 12 11 6 13 13 11 12 20 21 27 44 77 124 171 209 228 222 197 157 110 75 52 
13 12 12 12 13 15 10 11 5 6 9 8 11 12 14 18 20 24 22 20 19 14 10 11 6 8 7 13 11 9 10 10 11 8 18 20 19 13 11 13 14 11 9 11 3 13 11 9 11 18 28 49 77 121 173 211 229 226 198 152 107 68 42 24 
7 6 5 7 12 14 10 10 5 2 5 6 12 14 10 9 10 15 18 18 17 14 12 10 9 9 9 13 10 6 5 8 21 15 21 21 18 12 4 10 12 14 5 11 7 15 15 12 13 22 45 76 112 162 207 228 223 197 151 97 60 33 13 3 
8 6 5 6 12 14 14 14 9 6 8 9 12 12 8 8 10 16 20 19 18 18 15 10 14 7 12 11 7 4 9 17 28 18 16 15 15 16 7 4 7 14 3 9 9 15 15 11 17 35 70 115 158 202 228 224 192 150 98 54 34 19 9 7 
14 11 10 10 15 18 19 18 10 9 11 10 6 7 11 14 14 17 17 13 14 15 12 11 15 5 10 7 4 5 5 10 24 13 11 13 12 18 15 9 2 12 7 11 9 13 10 13 32 62 114 167 202 226 228 196 149 104 58 31 26 20 16 15 
8 8 13 14 17 19 20 19 12 10 6 10 4 6 12 11 9 13 12 6 9 8 6 16 17 6 7 3 3 9 8 11 25 18 16 14 8 11 9 7 3 7 5 9 8 9 10 34 65 108 166 208 223 224 202 155 106 69 34 17 15 6 3 2 
6 2 11 12 14 16 15 17 14 13 9 13 6 5 11 5 4 14 12 3 11 6 4 19 10 8 5 4 8 11 10 8 18 15 19 17 14 12 8 7 6 3 1 6 5 6 22 62 104 151 200 226 220 197 160 113 70 41 18 13 7 3 7 5 
9 7 9 11 11 11 10 14 17 13 9 12 10 16 15 8 7 14 16 17 15 6 5 18 9 15 11 8 9 13 12 9 13 7 14 12 11 10 7 6 7 3 3 4 13 28 58 108 152 187 219 225 195 155 115 73 37 14 2 3 3 8 3 7 
7 6 7 11 9 6 9 12 18 13 12 12 15 19 12 10 9 8 12 16 15 15 9 11 4 13 9 11 9 12 12 11 11 15 18 14 13 12 10 3 5 7 12 19 40 69 111 164 199 215 224 207 158 111 74 41 16 5 5 3 3 8 5 10 
9 6 5 10 10 5 7 9 15 9 8 6 13 18 3 5 7 12 8 6 4 6 6 10 7 11 1 2 3 7 9 14 14 18 16 15 14 15 17 12 2 6 18 38 73 115 162 207 225 218 203 169 115 72 46 26 16 16 10 3 3 9 8 9 
13 9 9 11 13 8 6 5 11 6 7 5 13 18 7 12 16 22 17 12 6 16 21 22 20 11 7 12 13 9 3 8 3 11 9 7 6 8 14 16 9 13 34 67 116 167 208 230 224 191 156 118 70 39 26 16 9 15 13 2 5 10 10 12 
19 15 12 14 16 9 6 8 14 14 13 10 14 15 4 13 18 20 12 8 9 23 16 13 15 12 13 12 9 7 7 9 6 12 12 8 5 1 11 18 19 33 65 110 164 208 225 220 195 147 107 74 39 18 12 7 6 15 19 5 4 10 16 18 
16 13 12 15 20 15 11 9 7 9 6 5 11 12 6 10 14 12 13 17 10 18 16 21 23 20 16 10 6 8 10 7 8 11 10 8 10 8 14 24 36 64 107 152 198 221 213 188 152 101 67 45 21 7 5 9 12 14 17 4 9 8 11 10 
17 9 7 8 17 20 15 10 8 13 10 7 12 10 9 7 9 6 13 11 6 10 11 15 13 12 11 9 5 8 12 4 7 9 9 9 10 10 21 41 66 105 149 188 215 212 179 139 99 51 31 23 5 6 8 12 15 15 11 6 9 3 4 9 
36 24 16 10 8 17 21 11 7 11 10 6 9 3 7 9 8 2 13 6 11 10 18 19 13 8 9 10 7 8 10 7 10 12 15 16 17 23 44 75 111 157 199 222 221 190 136 89 53 22 24 23 10 11 9 10 9 6 3 7 9 4 3 3 
26 28 23 19 12 13 27 14 8 11 10 8 7 9 9 3 3 12 18 11 16 15 20 22 19 14 12 11 9 7 5 10 7 12 16 24 30 45 78 117 158 203 229 223 192 144 86 47 27 16 25 23 11 15 14 12 9 5 3 8 8 5 5 5 
24 25 22 21 18 8 22 12 11 10 9 14 12 11 5 4 11 15 13 7 18 23 20 9 5 12 16 15 13 10 6 7 8 14 23 36 52 80 124 166 201 231 229 193 145 92 42 21 15 14 23 24 17 18 11 5 2 3 4 9 11 9 6 6 
18 18 7 9 16 6 15 7 10 9 6 11 5 5 5 7 17 16 5 5 14 24 19 8 11 15 16 17 13 9 10 9 10 17 30 53 83 124 175 212 230 236 209 156 104 58 26 17 14 15 15 17 11 5 9 10 17 18 15 12 13 14 14 15 
27 18 7 2 16 14 14 6 6 5 7 11 8 6 3 5 17 19 8 7 9 21 25 18 15 12 12 18 15 10 7 9 18 27 47 85 126 175 224 238 230 211 167 109 65 34 25 18 14 15 13 6 4 5 11 12 18 19 13 7 6 6 7 7 
28 16 11 8 9 7 4 14 15 13 13 13 11 10 10 13 18 24 13 9 8 13 21 21 18 14 13 15 15 9 7 12 26 46 78 124 166 211 241 227 194 159 106 51 21 10 21 16 15 17 16 14 12 7 9 13 18 15 10 3 1 2 7 9 
18 15 11 10 8 5 11 13 10 10 9 3 4 4 4 6 12 20 12 12 13 11 8 11 17 19 21 14 15 11 10 18 43 76 116 164 199 226 230 193 147 106 55 13 4 10 17 10 12 13 12 12 12 12 9 11 16 14 9 8 9 8 9 12 
10 14 8 8 9 9 14 16 15 12 9 4 6 7 7 9 12 10 14 23 25 24 18 13 14 22 28 18 12 11 15 32 72 118 161 202 220 222 201 149 97 58 19 7 10 9 14 11 17 19 16 13 10 8 4 9 15 14 11 13 12 11 10 14 
15 16 9 8 8 6 8 9 9 4 5 5 8 9 10 9 8 13 21 22 18 16 14 14 13 20 31 21 14 18 33 65 117 168 204 227 224 202 162 103 52 26 10 15 12 8 13 13 20 21 19 20 18 18 11 7 14 16 15 14 9 13 13 18 
12 12 7 12 15 13 12 8 9 10 12 15 15 13 9 9 3 7 9 4 2 7 16 16 11 15 25 22 22 42 73 116 173 219 234 230 202 158 108 59 21 10 9 11 4 6 11 13 21 23 19 21 21 26 24 17 9 7 13 18 9 7 9 15 
13 13 8 6 10 7 6 4 9 13 13 12 11 8 10 20 13 14 12 8 7 6 15 18 13 15 24 29 41 72 114 159 208 237 229 202 158 105 61 32 11 10 6 7 3 6 8 13 22 22 13 13 9 10 17 14 12 12 7 15 10 1 5 12 
17 16 12 9 6 8 9 7 11 15 8 9 10 8 13 16 4 10 7 9 11 12 10 12 7 9 23 37 62 107 155 191 221 227 198 156 111 68 41 29 20 18 12 12 7 5 6 9 17 18 4 10 15 8 18 13 12 15 9 12 12 3 6 12 
13 12 7 6 10 12 15 15 15 15 7 9 12 6 16 17 8 12 16 21 22 21 18 9 2 14 35 64 106 159 201 217 221 197 149 103 66 39 25 20 17 16 10 10 9 9 7 7 11 15 6 11 22 10 20 17 15 19 9 10 15 9 6 14 
7 6 4 4 6 11 14 14 13 11 10 12 16 11 19 20 11 14 19 16 14 15 11 10 12 30 66 110 161 209 233 223 197 153 101 60 40 29 15 12 10 11 11 8 6 7 6 10 14 12 5 9 22 11 7 7 12 23 11 4 12 12 11 16 
7 7 7 8 9 9 8 12 12 16 17 15 14 6 16 17 14 14 14 6 6 6 14 21 31 55 99 148 194 226 225 193 150 103 59 31 27 31 19 13 11 5 14 10 6 7 6 6 4 3 3 7 18 16 8 1 12 20 14 12 11 15 13 15 
8 9 9 8 10 9 13 16 17 22 21 13 12 3 11 18 16 18 19 12 11 9 22 37 57 96 148 190 219 228 201 154 108 64 31 18 21 29 20 12 7 5 15 12 10 12 11 12 15 15 16 18 22 22 18 12 16 14 4 10 12 19 14 16 
7 9 8 10 13 13 12 6 5 13 15 10 9 5 7 14 15 17 17 12 11 12 36 66 100 152 205 230 235 221 173 119 74 39 20 12 16 25 18 9 2 7 16 15 13 16 15 12 12 13 13 13 20 27 28 23 23 17 12 15 15 22 19 20 
7 7 5 4 9 14 15 9 8 13 15 14 5 5 8 12 17 19 15 9 15 30 66 112 154 202 238 236 217 181 122 73 36 19 15 7 10 19 19 12 10 11 14 13 10 13 12 10 9 6 2 5 2 9 17 15 17 12 7 11 11 17 15 15 
13 12 8 4 6 14 20 16 14 13 16 18 9 7 7 5 10 17 17 14 34 62 109 160 198 230 237 207 165 122 68 30 14 17 13 8 7 9 13 10 10 12 10 11 14 15 10 6 7 8 6 8 7 6 9 9 13 8 3 8 2 8 2 8 
9 10 6 8 8 14 20 10 10 11 14 21 21 20 19 15 13 5 11 25 65 104 156 202 223 232 214 166 118 78 33 7 14 18 11 4 7 13 11 6 7 7 8 4 13 18 13 9 4 11 11 12 9 8 2 6 4 7 2 8 4 10 8 10 
8 9 14 19 18 19 21 13 15 14 15 20 19 18 16 12 12 8 19 55 109 153 201 233 230 211 172 119 77 43 9 12 19 16 10 7 15 19 15 11 7 6 6 6 9 19 14 11 6 8 10 10 13 15 14 17 15 12 8 9 8 11 12 15 
12 14 18 19 20 20 18 11 14 12 7 6 11 18 13 3 21 36 56 103 162 201 229 236 206 164 115 67 35 15 18 26 24 17 9 5 16 14 15 14 9 2 4 7 7 19 19 13 10 13 14 14 16 16 15 17 18 18 19 21 19 20 21 22 
16 19 20 15 15 10 6 5 9 12 9 10 15 24 21 15 43 68 98 153 206 227 230 211 161 109 64 29 18 10 16 20 17 12 7 6 19 18 19 15 12 0 4 9 6 15 15 12 11 13 7 7 12 13 14 11 10 14 16 20 22 21 21 23 
19 24 25 22 21 13 6 5 8 11 9 12 12 24 25 33 75 111 145 197 232 229 210 170 114 69 35 12 15 12 18 25 26 25 21 14 20 18 20 15 10 7 10 14 16 18 14 9 6 9 1 7 9 11 12 16 14 12 12 5 3 8 10 13 
8 18 19 14 10 6 10 11 12 12 13 18 17 31 41 66 123 170 202 235 241 212 171 121 73 43 21 8 15 16 13 20 22 20 15 6 16 22 27 21 15 11 10 12 15 13 10 8 11 16 13 14 8 11 13 19 15 13 11 6 4 9 10 9 
15 21 19 13 13 18 22 18 17 15 18 24 32 52 72 110 174 213 227 234 212 164 117 71 37 20 9 6 13 18 11 13 15 16 18 16 18 22 21 16 14 9 7 9 11 12 13 12 16 17 15 19 5 10 12 19 16 9 10 7 7 8 9 9 
12 21 21 10 9 15 18 9 10 9 15 27 47 75 105 152 208 230 223 205 162 110 67 31 12 6 7 5 11 15 5 5 6 7 12 12 6 12 14 15 16 15 13 15 13 14 12 10 11 4 3 15 10 8 8 14 18 14 17 18 15 15 16 16 
16 21 23 11 8 15 16 12 16 20 31 51 85 122 159 202 240 239 209 167 113 66 29 12 7 5 7 7 13 12 8 5 4 3 10 13 6 8 12 15 18 18 16 16 12 12 7 8 11 6 8 10 8 10 8 9 11 12 19 20 21 20 20 24 
17 20 23 17 14 16 17 12 13 26 50 84 132 179 215 240 245 218 167 115 69 36 8 5 6 6 9 10 12 13 18 21 24 26 25 20 11 9 12 16 19 19 17 16 13 13 8 3 8 6 6 5 5 8 5 11 9 5 14 3 7 8 6 14 
18 18 14 9 6 11 12 9 11 32 70 117 173 217 238 235 210 166 110 66 37 20 5 3 7 10 9 10 7 6 10 15 18 19 16 9 6 7 10 12 13 15 16 12 10 14 14 7 6 7 8 8 7 5 6 12 10 7 13 8 11 9 7 11 
20 15 10 11 8 10 8 10 29 61 111 163 212 237 231 202 159 113 67 38 23 10 10 10 12 14 8 15 9 7 11 16 19 20 22 19 14 7 5 10 9 9 12 10 10 16 21 14 11 13 13 12 4 7 12 19 15 10 15 12 13 7 4 8 
9 3 4 11 6 8 13 29 61 105 158 203 234 235 206 161 113 71 40 25 17 11 14 6 11 15 14 24 9 3 9 12 16 16 20 15 13 9 7 1 3 2 9 13 13 17 22 16 17 18 15 12 10 12 11 16 16 11 10 7 10 8 9 11 
7 2 4 9 7 6 19 41 83 136 183 213 227 208 162 113 68 36 19 14 13 14 22 14 5 12 14 26 15 6 6 11 15 13 18 13 14 10 7 1 2 5 14 16 19 22 23 15 15 10 12 8 7 12 9 9 13 9 11 8 12 11 11 14 
8 6 5 7 3 4 26 56 108 168 205 218 215 178 114 66 31 15 14 12 12 11 18 17 12 10 14 26 17 10 6 11 14 13 19 16 18 13 7 2 1 5 19 22 26 29 26 17 17 8 15 9 6 11 12 9 15 10 13 11 15 15 12 16 
5 10 6 8 3 5 30 67 126 188 217 217 204 155 82 42 18 8 13 9 10 14 21 20 14 9 20 29 18 12 9 14 14 14 22 20 23 18 9 7 7 11 23 26 32 32 26 18 15 6 15 8 4 14 18 11 20 11 13 9 17 23 17 18 

12 15 12 11 8 3 4 11 6 6 7 10 18 6 5 8 5 12 6 6 15 8 5 17 21 29 26 23 22 22 12 9 9 17 18 23 20 14 10 8 12 9 7 16 11 15 4 9 9 13 10 16 18 11 9 14 17 18 9 9 9 14 19 16 
10 10 7 7 6 3 2 8 3 5 6 9 17 5 5 9 9 17 8 5 11 9 5 15 19 27 24 20 18 18 18 5 2 14 18 22 21 18 14 7 9 6 10 15 8 14 6 10 4 4 3 11 18 13 11 15 17 18 12 10 14 17 22 22 
10 12 10 6 8 11 8 8 6 6 7 8 14 12 15 15 15 17 7 5 12 12 10 13 16 26 25 22 22 11 12 9 4 12 15 21 24 20 17 12 10 5 6 10 10 16 15 12 3 6 7 11 14 8 3 8 13 13 6 4 10 14 19 23 
10 9 10 5 8 8 9 10 12 15 12 10 15 17 13 12 7 8 7 3 11 13 12 14 17 20 21 18 18 5 5 8 6 8 9 18 23 19 17 15 13 4 3 10 17 24 26 19 14 13 3 5 10 13 12 10 14 13 9 7 7 10 15 21 
4 4 8 5 9 11 9 9 12 19 18 5 8 12 6 13 3 7 10 6 11 20 19 19 18 17 18 15 14 5 6 10 11 10 9 15 14 13 10 12 14 5 4 7 12 16 17 11 11 18 5 9 17 21 17 13 11 11 7 7 11 14 18 24 
4 3 9 9 7 12 12 9 7 11 15 9 4 7 4 15 9 8 11 6 5 15 7 5 2 10 13 10 12 9 7 3 9 10 10 16 9 8 7 12 15 10 5 8 12 14 20 17 20 25 17 20 15 3 7 15 15 16 7 6 14 22 30 38 
4 4 9 9 11 11 9 5 5 10 9 10 7 3 7 13 13 14 15 9 4 13 3 4 2 10 12 3 6 6 9 6 5 4 5 15 8 9 9 13 17 12 5 10 10 9 18 16 14 17 5 18 22 9 17 18 13 14 2 7 25 44 61 75 
18 19 15 9 8 9 7 5 9 11 12 18 17 13 15 14 17 21 22 17 10 13 4 4 3 11 13 10 12 13 12 6 3 3 7 15 9 5 5 13 19 16 7 4 7 11 17 15 12 15 4 13 22 9 16 10 11 15 6 16 52 79 101 119 
11 14 15 13 13 12 14 12 6 6 12 19 23 17 12 14 19 24 25 20 15 15 6 6 5 5 8 7 8 8 4 3 4 4 8 13 10 9 6 12 17 13 11 12 14 17 15 12 11 10 4 11 22 11 16 14 14 20 18 45 96 125 147 167 
9 9 10 10 7 7 13 18 12 7 12 6 16 11 7 16 15 17 17 15 11 12 8 6 6 4 3 4 5 5 4 7 8 11 16 18 14 10 6 12 16 12 13 10 8 4 3 12 11 12 15 10 21 12 16 15 13 29 47 91 150 177 196 213 
12 10 10 8 3 5 7 15 9 6 18 11 17 13 9 17 10 8 10 13 9 7 6 4 3 4 3 3 5 3 3 8 11 15 19 19 15 12 5 11 13 5 5 6 5 3 10 13 10 14 18 12 20 12 16 12 19 55 95 149 201 214 219 224 
19 15 14 9 2 6 6 12 7 9 21 14 15 11 12 22 12 9 8 13 10 8 10 5 4 3 0 3 6 9 11 14 13 6 8 6 10 11 6 10 9 7 8 8 7 8 12 12 6 10 6 10 18 8 8 12 55 105 155 203 232 219 203 190 
14 11 8 5 4 6 6 8 10 15 24 18 15 12 16 23 9 5 9 14 10 9 12 9 7 3 6 8 8 8 9 10 7 9 12 13 14 8 3 7 12 14 14 11 8 7 11 12 8 15 5 9 14 9 27 59 114 169 212 238 235 198 163 139 
5 5 5 7 3 8 12 9 2 10 20 17 15 12 14 23 10 11 11 12 8 9 10 13 9 5 10 8 6 8 6 9 7 5 9 9 7 6 9 12 15 13 11 11 7 5 11 13 11 19 12 10 15 32 71 117 175 223 242 240 210 156 112 83 
11 9 11 15 13 16 16 15 6 10 16 13 10 7 14 25 14 17 15 13 14 13 10 12 8 6 10 6 8 9 6 7 10 9 9 12 15 15 15 12 14 14 13 12 9 4 9 15 14 19 18 20 34 71 119 169 217 238 230 201 152 96 55 27 
12 7 4 8 6 11 5 14 7 10 13 13 9 9 17 26 15 13 11 7 11 14 10 8 7 8 9 5 4 4 3 4 8 4 8 11 12 3 3 9 15 14 15 14 9 9 8 17 16 19 24 41 73 122 174 216 239 232 199 152 100 55 25 9 
16 13 12 16 15 19 9 13 2 5 8 12 6 8 16 24 23 20 17 14 12 11 8 6 5 8 6 7 6 6 9 9 13 4 11 14 17 12 8 10 14 13 12 14 8 12 6 17 19 24 44 77 119 172 215 237 233 204 155 103 62 31 14 10 
9 5 2 9 9 15 9 11 8 7 8 11 5 7 10 14 13 12 15 15 15 11 11 9 3 7 3 5 4 6 8 9 21 14 16 17 20 16 7 7 13 14 7 12 6 12 5 19 27 43 77 120 164 207 232 228 197 154 100 56 32 16 6 5 
8 4 3 9 11 12 11 14 14 13 16 18 11 9 6 6 8 12 18 17 18 14 12 7 6 6 5 4 2 1 7 15 28 19 14 13 18 18 12 8 12 12 5 8 6 12 6 25 43 72 118 168 204 229 228 198 149 102 56 31 24 17 15 16 
18 14 11 11 12 13 12 12 12 13 15 16 6 3 10 13 13 16 18 14 17 15 13 10 9 7 5 2 2 4 3 11 26 15 6 10 13 17 15 9 8 11 7 6 5 11 14 40 68 110 166 211 228 228 203 154 102 65 33 24 28 24 22 22 
12 9 9 9 13 16 14 12 9 10 8 14 7 10 15 11 6 10 14 11 14 9 5 9 11 8 6 4 6 9 9 13 28 18 9 9 6 10 10 9 6 8 7 9 10 11 32 70 109 158 208 229 222 199 157 105 63 38 18 17 23 18 16 15 
6 1 6 9 13 16 14 11 11 9 9 14 10 13 14 6 3 10 15 13 16 10 5 15 9 8 7 5 6 8 8 11 23 15 14 14 11 10 11 13 9 5 3 7 18 32 65 112 155 196 224 222 193 151 105 64 36 21 12 15 18 18 16 13 
7 6 6 11 15 15 14 11 15 9 9 12 13 19 15 7 4 8 16 19 20 14 7 16 3 14 8 4 5 9 13 15 17 5 13 14 13 13 12 13 9 4 6 18 43 70 109 160 196 213 218 195 147 100 65 38 20 9 7 12 15 17 11 12 
3 4 7 13 18 18 17 11 15 8 14 16 21 25 17 13 10 5 9 14 15 15 11 14 5 17 6 7 4 9 13 14 12 18 20 19 17 18 15 9 8 8 19 41 78 115 161 206 221 212 195 156 102 62 38 23 11 6 9 12 12 15 9 12 
8 6 8 12 16 16 14 10 13 3 11 12 18 20 6 8 7 10 7 8 9 10 9 12 7 16 6 5 5 6 9 15 13 21 17 21 18 18 21 11 3 16 37 71 119 163 203 231 224 192 158 116 68 37 25 19 12 14 13 9 9 13 11 13 
9 6 7 11 15 12 12 9 11 3 8 10 16 18 9 13 15 17 13 12 9 18 18 22 16 10 6 12 14 11 6 11 8 17 6 13 13 15 19 16 11 34 68 114 169 211 229 228 198 147 108 72 34 16 17 14 7 11 13 9 11 15 17 22 
18 15 14 15 19 14 12 13 14 13 9 6 13 13 4 11 13 13 7 4 10 23 13 14 11 3 9 9 7 9 9 12 10 18 9 7 6 7 17 24 33 66 112 161 209 230 218 193 150 96 64 39 14 10 13 11 7 12 18 12 10 12 19 23 
16 15 12 12 19 15 13 15 11 10 5 6 14 14 10 11 12 9 12 17 14 19 10 16 15 16 16 8 4 7 14 14 14 17 10 5 8 8 21 37 59 106 157 195 223 217 182 143 101 55 35 25 15 12 11 10 9 11 15 8 11 11 16 18 
17 9 4 6 17 17 14 14 12 15 10 8 14 15 15 13 11 3 13 10 4 12 11 16 14 14 11 7 5 10 18 14 15 13 11 6 7 13 36 66 100 152 194 213 216 185 130 89 56 17 18 21 12 13 14 14 16 15 9 11 14 12 15 18 
38 27 17 9 9 15 21 16 12 13 11 10 12 9 9 8 6 1 15 6 7 9 15 17 12 9 6 8 8 13 19 13 12 9 9 9 17 37 74 115 156 201 225 220 196 144 82 46 29 14 22 25 12 14 15 14 13 12 8 14 14 13 16 20 
22 26 23 18 13 10 26 20 15 16 15 10 6 6 8 2 3 11 19 12 14 15 21 21 18 12 9 12 12 14 14 9 4 5 6 18 35 68 117 162 199 230 230 197 150 92 39 18 16 12 21 24 11 16 14 12 9 7 8 14 10 10 15 18 
20 24 23 23 21 12 21 13 14 14 11 10 10 12 8 6 9 13 13 2 12 23 25 16 10 8 13 15 15 14 8 6 4 8 20 40 68 114 168 205 225 232 203 148 95 47 17 12 14 10 18 25 14 18 10 5 5 5 10 13 10 13 17 21 
12 15 6 9 16 9 14 7 10 10 9 8 4 3 3 2 12 18 10 9 11 20 20 5 6 13 16 18 15 10 6 6 4 15 35 69 111 166 218 238 234 213 164 104 60 29 23 14 11 9 11 20 7 5 9 8 10 12 14 11 9 14 20 24 
22 15 9 8 15 16 14 6 7 8 10 10 10 8 6 6 9 19 12 13 8 15 22 15 14 15 15 18 14 6 2 6 16 32 65 114 160 209 246 239 207 167 115 62 34 24 28 17 12 12 13 13 5 4 9 5 10 15 14 7 4 11 15 18 
23 15 15 10 8 8 4 15 17 15 13 11 11 9 9 14 12 19 12 13 11 10 20 20 18 15 13 13 13 5 5 13 36 64 107 158 192 223 234 199 149 107 61 17 9 16 24 17 17 18 16 13 7 4 6 4 11 15 14 9 4 6 10 12 
17 19 18 14 10 10 15 18 15 15 13 7 4 3 2 8 12 16 7 10 12 10 9 10 14 14 13 8 12 12 16 34 69 107 153 195 210 217 202 149 95 60 24 9 14 14 17 8 3 4 6 8 6 6 4 3 10 15 14 11 8 6 10 10 
8 15 14 8 4 8 15 17 12 11 9 3 5 7 8 13 17 11 5 15 16 16 12 6 9 16 18 4 8 16 31 64 111 154 192 218 211 193 159 99 51 28 9 16 13 12 15 9 6 5 7 10 7 6 3 6 13 19 18 16 10 0 7 10 
8 14 12 8 6 3 9 12 7 6 8 6 6 8 10 12 14 18 21 19 13 12 9 12 11 19 24 11 12 31 60 107 159 196 218 222 194 158 115 60 21 13 11 15 13 12 15 10 5 10 17 20 18 16 12 10 16 22 21 17 10 7 4 9 
7 12 10 11 13 11 11 9 7 10 15 17 18 15 11 14 13 17 20 15 14 13 16 15 5 13 20 20 37 68 109 161 205 227 226 203 157 113 72 32 8 5 5 9 6 9 11 9 10 18 21 22 23 27 27 21 15 13 17 17 8 7 6 10 
6 12 13 11 10 7 7 4 6 10 7 7 5 7 14 22 18 20 21 15 12 10 16 19 13 17 26 42 68 109 155 194 219 221 195 152 104 65 37 18 9 6 3 6 4 6 6 8 13 21 15 15 13 13 22 18 18 17 13 14 7 5 5 9 
1 8 10 11 11 11 11 6 8 15 7 3 6 9 18 19 9 14 12 8 6 6 7 12 6 16 36 64 102 150 191 209 210 190 146 99 62 36 23 19 16 14 11 12 10 6 6 7 11 22 11 10 17 9 22 16 15 15 7 8 8 4 7 12 
6 9 9 11 13 14 15 13 13 17 14 10 11 10 20 20 11 12 12 16 16 15 11 1 13 33 65 107 154 199 221 213 188 148 96 55 34 23 19 16 13 14 12 13 15 12 11 11 9 22 7 7 23 8 21 16 13 15 6 9 13 8 9 16 
8 8 8 12 15 18 18 16 16 17 19 20 21 18 25 23 14 16 19 18 15 13 10 18 37 67 111 160 203 232 230 195 150 103 56 27 25 25 15 8 7 11 11 8 6 7 6 11 14 17 4 7 26 9 12 8 11 21 10 2 12 9 8 16 
12 8 4 7 11 10 5 6 11 20 24 24 23 17 22 20 13 7 6 11 11 12 26 42 66 103 150 191 220 227 201 150 101 61 25 7 21 31 19 12 10 7 12 10 1 2 1 2 5 8 7 9 23 16 6 4 11 20 16 9 9 11 8 15 
12 7 3 5 10 4 7 11 15 24 24 20 19 17 19 21 16 14 12 10 13 20 45 70 105 151 193 216 223 208 161 107 67 37 16 11 16 26 16 9 10 7 12 11 3 5 5 9 14 16 17 17 24 21 15 8 13 14 11 11 9 15 12 17 
6 2 2 7 9 5 12 8 8 17 15 18 17 16 16 18 13 12 12 11 18 32 70 110 154 202 230 230 215 181 124 76 44 27 19 13 15 25 16 7 9 7 13 12 6 8 9 10 10 12 13 13 21 27 26 20 20 16 13 14 10 19 16 16 
5 3 3 5 7 7 15 13 10 16 9 17 14 16 17 18 18 17 13 15 33 61 112 161 200 232 235 210 177 133 79 42 21 15 14 9 8 21 15 10 12 10 12 13 5 9 9 9 9 7 7 4 5 13 17 11 13 7 5 9 2 10 7 7 
13 12 8 3 5 12 22 20 18 17 6 15 8 12 14 13 15 18 20 35 70 111 166 208 228 237 215 168 125 83 37 14 12 15 11 8 8 12 12 11 12 11 6 10 10 9 7 5 8 9 11 9 4 8 12 9 12 11 9 11 8 10 3 5 
6 7 8 5 8 15 21 17 18 19 11 18 17 16 17 13 8 5 24 62 113 159 207 234 232 217 178 126 86 49 12 7 14 16 8 3 12 16 12 6 4 5 7 2 11 14 12 11 6 12 14 12 7 10 6 7 10 13 11 14 10 11 6 8 
6 7 15 15 17 20 23 18 22 22 17 18 17 12 11 6 14 27 52 105 163 202 233 238 211 176 128 81 51 23 6 12 16 11 4 12 20 20 16 12 4 5 5 6 5 12 13 13 8 6 10 10 13 16 12 11 9 10 10 13 15 13 9 12 
5 9 18 17 19 23 24 18 22 21 18 13 16 15 13 16 42 70 103 159 212 234 236 214 167 120 73 37 21 12 23 23 18 11 7 12 17 9 9 13 3 2 4 7 5 11 17 15 12 15 14 12 15 12 11 12 13 12 15 21 24 23 19 18 
14 15 21 19 18 20 21 17 20 21 18 15 19 24 25 34 74 114 152 203 238 236 211 168 114 70 34 17 18 13 21 15 10 3 6 14 19 6 13 12 6 2 3 8 2 8 13 15 12 13 9 5 12 9 14 15 12 11 7 12 18 15 12 12 
20 23 27 26 24 24 22 19 20 20 17 15 17 31 45 67 119 164 196 228 237 213 169 118 71 39 16 9 12 4 17 15 15 15 14 15 18 5 15 12 6 7 9 15 14 14 13 12 6 6 8 8 12 7 12 19 17 15 12 9 6 5 4 2 
3 13 19 18 17 19 17 14 14 14 13 18 28 52 80 117 177 218 232 236 217 171 118 72 40 22 13 9 12 8 13 14 15 13 9 8 18 16 20 15 8 6 8 11 13 13 13 11 8 13 16 16 12 7 13 22 19 16 11 12 3 6 7 3 
12 16 15 11 9 12 15 13 15 16 19 27 48 83 122 168 222 243 230 206 164 110 65 32 15 11 12 10 12 11 11 12 14 15 15 15 20 19 14 8 8 10 15 14 11 14 15 11 12 15 18 22 9 6 14 22 20 13 10 13 6 9 9 6 
10 18 17 9 5 10 13 9 11 14 19 35 71 115 159 203 238 235 202 159 108 63 30 9 3 5 10 8 12 10 9 15 15 14 15 10 5 9 7 7 9 11 14 16 12 15 14 7 9 7 9 17 7 4 13 18 21 13 13 18 15 18 19 20 
17 23 24 15 9 12 15 10 14 25 43 72 120 167 205 231 240 216 166 114 67 32 9 9 6 4 10 15 18 13 11 10 11 10 12 12 4 2 7 9 9 10 10 14 11 15 12 7 9 5 7 9 5 7 13 13 14 9 13 18 19 21 18 21 
16 23 25 20 16 16 18 13 18 37 71 113 169 214 238 239 218 173 112 65 33 14 2 6 10 6 10 14 13 11 14 16 19 19 19 17 8 8 11 12 10 10 11 16 13 16 13 9 7 5 7 8 8 5 9 12 12 5 10 11 13 16 7 9 
18 20 17 13 9 10 13 13 27 57 103 152 203 231 231 206 163 113 59 28 16 11 9 5 8 11 14 15 12 10 11 10 11 6 4 6 6 10 14 13 13 16 14 11 10 16 15 11 7 8 12 13 13 9 10 13 12 11 9 10 13 16 10 11 
19 15 10 11 3 10 18 29 58 99 151 193 225 227 199 153 105 67 33 18 15 11 13 9 9 15 9 15 7 6 12 11 12 12 16 19 18 14 13 15 16 17 16 10 10 19 19 12 8 13 19 20 18 14 12 15 8 6 12 14 16 13 7 7 
9 4 5 12 12 25 41 64 104 151 196 219 226 206 160 110 69 43 23 16 14 13 21 15 15 16 13 22 8 4 10 9 9 6 9 9 16 19 18 10 3 7 11 11 11 17 21 15 18 21 22 21 19 17 12 16 9 4 10 9 9 3 4 3 
12 5 1 9 15 35 59 86 132 179 208 211 203 170 117 71 40 21 10 6 9 13 25 15 10 16 16 27 15 7 6 12 11 8 11 10 18 22 21 13 5 7 16 13 12 17 19 13 16 12 22 20 18 20 15 15 10 6 13 10 7 4 9 13 
15 11 4 6 17 43 75 108 161 205 217 200 179 136 75 35 15 7 10 5 7 7 24 18 11 15 15 28 18 11 7 14 11 11 17 16 22 26 23 13 6 10 19 11 11 18 18 13 20 11 26 21 21 23 19 17 14 7 14 13 10 12 15 22 
12 14 6 5 19 49 87 125 180 221 217 188 161 115 52 22 11 4 12 6 6 12 26 20 13 10 20 33 20 12 9 16 11 14 18 16 24 30 25 14 9 13 16 7 13 20 19 14 20 10 27 22 22 26 22 17 20 8 14 13 8 17 22 31 

18 19 15 12 12 8 3 8 10 6 4 4 17 15 8 6 7 10 4 9 14 12 3 25 15 25 25 25 28 16 10 9 8 14 11 11 10 13 16 20 20 16 12 17 19 16 6 10 9 5 9 16 17 8 11 15 18 19 12 12 15 10 8 9 
15 15 13 12 11 8 9 10 11 10 9 9 19 17 14 14 11 15 9 6 11 10 1 21 15 24 23 23 25 12 13 7 5 8 5 11 17 20 22 23 21 15 13 18 17 15 7 12 9 6 9 12 14 9 14 16 18 18 14 10 12 6 4 5 
13 14 12 9 8 12 13 13 14 14 13 14 21 20 19 19 17 18 10 6 13 12 6 17 11 20 21 24 28 12 6 7 5 6 5 15 23 25 24 25 21 12 11 15 16 15 14 13 7 5 3 6 9 3 12 12 17 16 15 13 11 7 7 10 
12 11 12 9 6 9 12 13 16 16 13 15 21 22 18 16 7 7 7 2 11 14 12 18 17 14 16 17 22 11 4 6 6 5 9 17 22 24 22 24 20 6 6 13 19 22 22 18 13 14 10 12 17 18 17 15 18 18 18 16 10 7 13 19 
9 9 11 11 10 11 12 12 15 19 17 12 14 16 13 18 7 9 10 8 14 23 22 25 25 21 18 17 19 12 8 10 11 7 12 19 18 20 16 20 19 3 3 9 15 20 18 11 7 17 13 13 18 23 22 19 18 18 17 13 11 16 28 37 
8 5 9 9 1 7 12 11 10 13 14 15 12 11 11 17 5 6 11 9 9 17 14 12 11 13 11 5 12 8 5 4 9 9 13 20 14 13 7 15 19 6 4 7 13 18 17 10 16 24 21 22 17 10 13 20 22 22 15 9 24 41 59 72 
9 5 8 9 9 10 12 11 5 9 3 13 11 4 13 14 8 9 13 8 8 16 13 12 11 12 12 2 8 6 5 6 9 10 11 17 6 3 2 15 21 11 6 9 13 16 19 9 11 17 11 22 22 9 17 21 20 21 12 15 52 79 105 122 
21 20 15 8 6 10 13 11 9 12 13 21 21 17 22 18 14 14 11 8 8 15 9 9 6 10 13 13 16 14 9 5 4 3 6 15 10 9 8 17 23 14 5 4 11 16 18 11 9 15 7 19 22 7 15 14 16 21 16 44 96 127 152 169 
16 15 15 13 10 12 18 18 6 7 10 16 23 17 19 19 19 20 19 15 12 15 10 10 7 3 6 6 9 7 3 2 2 5 7 13 13 12 10 15 20 15 15 15 16 18 16 12 11 10 1 13 21 5 12 11 14 30 45 88 146 171 190 203 
11 9 10 9 5 9 16 21 15 17 19 3 14 6 15 23 22 21 20 14 9 12 9 10 10 9 4 3 6 7 8 9 9 12 17 18 15 12 11 15 16 11 14 13 12 9 10 14 12 13 13 8 20 4 6 4 25 57 93 145 195 207 215 220 
8 5 6 7 6 10 12 19 15 15 21 8 12 8 14 24 22 19 17 12 5 6 5 10 9 10 7 6 7 7 9 11 13 16 20 19 16 13 11 16 14 4 3 10 11 10 13 17 13 15 17 10 21 10 14 27 61 105 152 200 229 219 210 201 
12 12 12 9 7 8 9 15 13 13 22 14 10 10 14 27 22 18 17 13 7 9 7 11 12 10 8 7 10 15 15 17 18 16 16 11 12 8 7 15 12 4 6 12 11 10 14 17 12 14 14 14 21 17 33 62 113 163 205 234 230 195 166 141 
15 12 9 4 2 3 6 6 11 14 23 20 10 11 17 26 18 13 14 14 10 10 5 6 6 6 8 7 9 11 11 13 14 14 14 10 13 8 7 11 9 9 8 13 7 5 9 15 12 17 13 14 18 34 70 116 176 219 242 244 209 155 116 87 
5 5 4 6 3 9 14 11 6 7 15 17 9 10 14 23 15 13 13 13 10 9 3 6 4 6 9 4 1 4 6 6 8 8 10 4 10 5 6 10 9 9 1 11 1 5 8 15 14 20 18 21 33 70 122 176 230 253 248 220 165 107 69 43 
16 14 13 14 10 14 11 14 8 5 11 12 1 6 13 24 18 17 15 14 15 15 9 7 3 8 9 4 5 6 5 6 8 10 7 10 16 12 9 5 5 10 5 10 3 6 4 16 16 22 27 38 65 116 171 218 249 242 208 160 101 55 29 18 
17 14 8 10 1 13 3 16 8 8 11 14 6 2 13 23 20 17 15 14 15 16 14 11 8 9 7 1 3 4 3 5 4 9 10 15 17 8 8 5 11 11 12 12 5 2 9 21 21 27 43 70 114 171 214 243 247 214 163 111 63 33 20 15 
19 17 14 19 14 21 10 16 4 8 10 13 8 3 9 18 19 18 17 14 10 6 5 4 5 5 7 6 5 5 9 9 6 9 14 18 20 10 5 10 14 11 12 14 8 8 8 25 31 45 74 117 165 212 236 240 216 169 117 73 42 26 22 21 
13 10 6 12 4 17 13 16 11 10 7 9 5 1 3 9 10 12 13 12 12 6 9 8 5 4 8 7 7 8 11 12 12 12 18 23 27 18 10 11 16 14 12 14 6 8 12 35 51 77 120 166 202 227 227 203 157 110 67 41 28 21 20 20 
8 6 2 11 7 12 15 19 17 15 15 16 13 9 7 3 4 8 12 11 12 8 10 6 0 4 7 4 5 5 8 13 18 18 20 22 27 21 14 12 15 10 10 9 6 11 24 54 80 118 169 209 222 222 199 152 101 66 38 29 25 21 20 23 
18 15 15 16 12 13 13 11 10 7 5 10 8 6 9 10 9 10 12 9 12 12 14 10 6 9 11 7 5 5 5 9 19 20 21 21 23 21 16 10 8 8 8 3 6 17 42 80 116 162 211 233 221 197 158 105 64 43 27 28 29 23 18 18 
13 12 11 10 9 12 12 12 8 3 11 16 14 14 15 14 11 9 12 11 12 13 16 11 3 8 12 10 7 10 11 13 22 20 15 12 16 17 15 11 3 6 9 6 11 28 71 120 163 205 234 228 192 150 104 59 32 23 17 21 21 14 11 11 
6 4 4 5 8 11 11 9 12 4 15 15 14 14 6 3 5 5 11 13 17 17 19 15 10 11 8 6 5 7 9 13 20 17 14 7 2 8 13 16 10 6 3 16 35 64 115 166 205 230 232 201 149 96 55 27 14 13 11 16 16 17 14 9 
9 9 4 5 8 8 9 6 15 8 16 15 17 19 10 7 6 2 11 17 21 21 21 18 8 16 7 6 4 5 12 15 15 14 18 16 9 8 9 14 9 5 13 40 73 110 159 203 224 222 200 156 99 53 29 18 16 11 7 13 13 18 11 13 
5 6 5 6 9 9 11 6 12 7 20 20 23 24 16 14 10 7 6 11 15 19 20 16 9 21 7 9 1 5 12 16 9 19 19 20 15 17 15 11 8 11 34 73 117 159 201 229 224 194 155 108 60 28 18 17 14 2 6 15 13 15 9 12 
9 5 4 8 12 11 11 7 10 5 18 14 17 17 8 13 8 9 6 6 10 14 16 14 7 20 9 10 9 7 8 16 6 20 12 22 15 16 18 8 6 30 64 114 164 201 226 231 202 155 114 74 37 16 16 20 16 10 7 5 4 9 9 15 
6 0 3 7 12 10 9 7 7 3 16 15 18 20 14 18 15 14 11 12 10 20 20 21 13 12 5 12 13 11 7 14 6 22 8 19 16 15 18 16 25 61 109 160 206 227 223 202 155 101 67 39 14 13 19 21 18 13 8 4 4 8 14 21 
17 14 13 13 17 13 12 12 7 7 10 10 11 13 8 15 13 9 6 6 14 27 19 19 16 9 8 10 9 11 10 12 5 23 10 14 9 11 24 39 58 105 158 197 225 218 186 147 98 49 30 18 10 14 16 15 13 11 13 12 6 2 13 15 
18 16 12 8 15 14 16 18 13 7 3 7 11 12 9 11 10 6 10 16 20 23 11 11 6 12 18 10 10 10 14 11 7 19 13 11 11 17 38 63 94 149 194 213 216 184 133 93 54 18 17 18 14 12 10 8 7 10 12 7 7 7 12 14 
17 12 7 4 14 14 18 20 16 13 8 7 10 10 9 8 6 2 9 11 11 14 12 15 12 17 17 10 10 12 18 14 11 15 10 9 16 32 68 107 144 192 216 207 186 137 79 47 26 5 17 21 9 3 6 9 11 12 5 11 11 9 10 10 
37 28 20 8 8 9 17 17 13 9 7 7 11 7 7 4 3 5 12 11 10 8 12 14 9 13 9 3 8 12 19 12 6 13 7 14 34 69 121 166 199 227 223 189 148 91 38 20 22 13 19 24 7 11 9 11 13 14 12 16 9 8 8 8 
21 25 27 21 16 11 19 18 13 13 12 7 6 5 9 8 6 11 16 14 14 8 15 14 14 15 8 4 8 13 17 9 4 11 11 35 64 111 168 205 224 229 201 150 99 48 17 3 14 8 20 27 14 19 16 12 10 7 10 18 10 8 9 9 
19 23 25 24 21 15 16 9 4 5 4 4 9 12 12 11 7 11 12 10 11 16 22 16 15 11 5 4 9 15 13 5 6 14 37 70 108 162 212 231 226 205 156 97 52 21 20 9 12 4 18 29 21 26 19 13 9 2 11 18 13 11 13 14 
8 15 11 11 15 11 12 3 5 4 1 2 5 9 12 10 5 15 12 15 15 15 20 10 6 9 9 9 8 10 9 7 7 29 65 109 156 209 244 240 212 170 113 61 32 19 23 14 9 7 16 27 20 21 18 13 11 6 12 16 14 10 10 10 
17 14 10 11 17 17 16 11 13 15 12 11 11 12 13 13 4 13 10 13 9 8 19 12 8 9 11 13 10 8 5 12 27 60 108 159 199 234 244 213 164 115 67 31 19 18 21 13 10 10 16 20 15 15 14 9 5 6 12 15 17 16 13 10 
23 18 16 9 10 10 9 17 19 18 12 9 11 12 13 16 9 11 5 9 10 6 17 17 12 9 12 16 15 9 11 33 62 103 155 199 217 226 209 154 98 58 22 9 14 14 17 15 18 17 15 12 8 10 10 8 6 10 15 17 17 15 9 7 
22 24 22 17 15 15 19 22 22 22 17 12 10 10 13 16 16 15 6 7 8 6 7 9 9 8 12 15 16 18 34 66 105 152 196 222 216 201 164 101 51 24 11 19 17 13 8 6 7 7 5 5 1 3 5 5 6 10 15 17 18 15 9 6 
11 18 17 12 10 11 17 17 11 11 10 7 8 12 15 19 20 15 10 12 8 11 9 5 7 11 13 10 14 30 59 103 150 191 220 224 197 165 120 60 21 9 14 20 16 13 7 9 10 7 4 6 6 4 2 6 7 12 19 19 17 11 10 13 
13 19 19 17 14 11 15 15 5 5 9 9 9 12 15 18 15 14 18 16 6 6 4 13 15 18 18 8 24 54 97 150 192 216 225 208 165 127 83 34 10 8 14 18 15 16 10 9 6 10 15 17 16 14 12 6 6 11 18 17 12 8 8 9 
13 18 19 22 21 15 16 14 7 9 14 18 19 19 20 21 15 15 18 12 5 4 9 13 10 19 26 36 63 103 152 197 220 223 208 170 121 86 51 20 11 1 7 13 11 12 8 3 9 20 19 17 21 23 24 18 13 7 14 16 8 7 4 3 
12 18 20 23 21 14 14 11 7 8 5 11 14 19 22 24 15 13 17 8 1 5 13 18 16 30 46 71 106 151 193 214 210 193 156 109 70 47 27 13 12 9 6 11 11 11 8 5 11 20 12 10 16 15 21 16 18 18 18 17 7 6 4 3 
7 14 17 17 15 12 14 12 8 13 13 16 21 23 23 20 6 11 12 7 5 6 9 15 19 40 66 102 144 186 212 206 180 146 98 57 34 24 17 14 15 15 12 15 16 11 11 7 7 21 11 12 23 17 23 17 17 17 14 11 4 3 7 7 
3 14 15 13 13 12 16 12 6 12 20 25 29 27 26 20 10 10 9 14 15 14 14 20 42 71 109 152 192 218 218 187 142 99 55 25 18 18 17 14 11 14 12 14 19 16 14 13 10 24 15 15 29 17 21 14 11 12 12 16 11 4 8 11 
10 15 12 12 15 18 21 18 15 14 23 32 35 33 29 19 14 15 17 18 17 17 26 47 78 116 161 200 225 229 204 153 101 63 27 9 20 24 20 11 6 10 9 10 12 14 13 17 18 22 16 17 31 16 16 8 8 16 11 11 8 5 8 14 
14 15 12 10 13 16 12 5 10 18 21 27 28 24 20 12 11 6 10 17 18 27 53 80 115 156 193 215 220 204 159 105 63 34 9 3 20 30 22 12 5 2 11 13 6 6 7 11 13 15 16 16 27 16 11 9 10 16 13 9 6 6 9 15 
15 13 7 8 14 15 6 6 14 21 14 16 19 17 17 18 16 14 14 17 27 47 86 121 162 201 222 220 204 168 113 68 42 24 15 12 17 27 18 11 7 7 11 14 3 1 3 8 11 16 19 19 26 19 11 6 11 11 11 11 10 13 14 17 
11 10 7 9 14 12 5 4 13 22 3 12 13 11 9 12 10 12 14 20 41 72 122 167 205 233 234 211 177 130 78 43 27 23 23 23 24 28 18 8 5 5 12 13 2 5 10 9 3 6 9 12 20 24 22 17 18 15 14 13 9 15 15 15 
6 9 8 8 9 5 5 6 11 23 5 12 11 10 9 10 14 15 19 37 71 114 170 209 230 236 212 170 129 85 43 21 12 11 14 16 15 20 11 8 9 9 14 14 4 11 15 12 10 8 3 5 9 15 16 9 8 4 7 12 7 7 7 6 
10 12 10 6 5 5 16 16 12 20 4 11 5 5 8 7 15 25 42 76 123 171 219 239 235 217 175 123 83 47 16 9 9 8 8 11 12 14 13 14 15 18 15 12 3 11 16 16 15 12 7 7 6 11 13 8 7 5 6 10 7 9 6 4 
5 8 9 3 4 11 17 13 11 17 7 13 10 8 10 11 17 33 65 114 168 210 239 238 212 178 131 85 52 26 11 11 12 10 6 7 12 13 9 6 3 10 14 11 8 12 15 17 15 12 9 9 8 11 9 9 10 10 7 9 0 7 5 6 
6 6 12 10 12 14 20 14 15 15 11 12 12 9 13 21 37 64 104 159 208 232 236 212 168 125 82 46 24 11 16 13 12 5 6 16 19 19 18 15 9 10 12 13 9 6 13 13 12 6 9 14 17 16 10 6 3 5 1 6 10 12 12 13 
9 8 14 13 13 16 21 13 17 12 14 13 19 19 26 42 71 110 154 202 235 236 212 168 118 77 40 15 8 11 23 17 10 6 10 15 12 4 7 13 2 4 8 13 13 12 16 13 10 15 15 16 17 11 4 4 7 9 9 14 19 18 17 17 
19 16 15 15 8 9 14 7 14 14 17 18 26 31 45 69 113 157 191 222 231 210 165 115 72 40 15 15 17 14 23 13 11 10 12 19 15 2 11 11 3 1 4 9 13 14 16 16 11 11 5 7 14 8 9 7 9 11 12 10 11 8 6 6 
24 23 21 21 16 16 12 10 16 20 21 22 33 50 77 109 158 197 212 216 202 163 111 67 37 18 11 9 8 3 17 10 13 12 10 17 15 1 11 9 5 5 5 9 14 15 14 15 10 9 11 5 13 4 7 6 9 11 14 18 13 13 13 12 
12 12 14 17 15 20 13 9 11 13 15 27 51 84 124 163 208 229 218 196 161 113 66 34 18 9 12 7 9 4 13 9 10 6 3 12 18 12 13 12 8 5 4 6 12 12 12 15 13 15 19 10 15 4 9 10 11 12 12 19 10 10 12 13 
16 13 8 10 6 15 12 11 14 16 23 43 78 124 170 207 235 228 189 147 102 61 29 12 10 7 14 9 11 7 9 6 7 7 10 15 20 19 13 9 7 6 8 12 8 11 11 15 16 18 26 21 14 5 10 13 13 11 11 20 11 12 13 15 
15 16 11 9 7 17 18 14 15 20 34 64 114 166 206 227 229 197 145 97 56 29 11 6 10 7 10 9 14 11 13 18 16 11 10 6 9 12 11 7 6 9 6 10 5 11 6 9 11 13 22 22 13 5 10 8 17 11 13 23 18 22 24 26 
21 23 18 11 7 17 20 12 14 32 64 109 166 211 232 230 208 162 105 61 30 12 6 6 11 10 14 20 22 17 15 15 15 8 9 9 7 8 12 7 4 9 8 13 9 13 3 4 5 7 13 15 13 11 15 4 13 9 11 17 13 20 18 21 
19 24 21 17 12 16 19 17 28 58 104 155 208 236 238 213 171 115 61 29 10 3 2 8 14 11 15 17 16 15 14 17 23 17 15 13 10 14 17 11 9 12 13 16 13 17 8 9 5 4 6 11 10 6 14 10 11 11 9 11 6 16 7 8 
18 18 14 12 10 19 26 32 57 97 148 192 228 231 207 162 111 65 25 10 7 8 9 6 12 16 22 22 19 16 10 11 13 2 4 9 15 17 18 13 12 14 12 10 7 14 5 9 4 6 7 10 13 9 17 18 12 18 10 10 7 13 5 5 
17 11 8 11 11 29 41 60 99 146 193 220 227 203 157 103 60 35 16 13 13 9 8 2 7 15 19 21 15 12 8 9 10 9 15 18 19 17 16 19 20 18 17 11 9 15 6 8 5 9 10 11 12 12 20 24 9 12 9 12 13 13 7 7 
11 3 6 14 25 49 72 105 153 195 223 222 203 164 112 68 40 28 20 16 13 6 13 9 10 16 21 24 12 8 5 12 10 9 7 9 15 20 20 18 12 7 12 11 9 10 6 14 18 21 19 18 19 16 18 27 14 10 9 4 6 5 5 6 
15 10 6 11 32 65 97 135 181 213 220 195 164 124 77 43 25 15 10 7 9 7 19 10 9 16 23 28 15 9 4 15 8 12 12 12 15 19 23 21 12 9 15 11 7 6 2 15 15 15 21 15 20 22 15 24 11 8 8 8 3 2 9 10 
14 12 12 15 41 82 122 162 205 226 213 170 131 94 44 17 9 7 14 9 14 11 22 15 10 14 24 31 19 12 8 19 10 18 21 18 16 20 23 21 12 12 15 7 6 5 10 18 18 15 26 17 22 25 16 24 14 6 7 14 11 11 16 19 
6 14 13 19 51 96 142 181 222 232 201 147 108 75 27 11 6 5 18 11 17 17 24 17 10 12 29 35 19 12 8 19 9 20 20 13 13 18 19 19 10 13 11 6 9 11 14 17 17 16 28 19 25 28 17 24 19 3 7 14 6 9 20 25 

18 19 12 7 15 9 7 9 14 2 1 3 13 21 16 10 11 8 3 13 11 17 5 31 6 12 14 17 28 15 13 10 9 13 13 17 10 9 9 16 22 18 10 16 19 8 5 7 9 4 12 14 14 8 18 9 14 21 21 18 20 20 18 16 
16 16 11 10 16 10 10 12 13 7 8 9 14 20 21 19 14 13 7 7 10 15 6 27 9 9 8 14 24 8 10 9 6 9 9 13 9 9 10 17 21 14 8 16 14 6 4 8 8 5 11 12 12 10 19 11 15 19 18 15 17 15 13 15 
19 18 15 12 15 11 7 11 13 10 10 10 14 17 19 21 19 16 11 3 11 17 14 26 11 5 8 14 25 13 5 7 5 5 9 14 11 12 12 19 21 9 6 12 10 7 9 9 7 6 9 11 11 10 17 8 15 14 15 16 15 9 6 10 
21 19 18 17 15 15 14 17 19 16 11 9 12 17 18 19 12 6 10 4 12 23 24 31 26 15 11 8 19 11 4 6 6 3 11 16 9 12 9 21 22 7 6 11 10 10 10 12 13 13 13 16 21 23 21 14 17 13 12 15 17 15 20 26 
22 20 19 20 18 15 15 17 20 21 16 12 9 11 13 21 15 9 10 9 14 28 29 33 35 30 24 19 22 15 9 10 10 4 11 18 7 12 10 21 23 8 7 11 6 3 2 6 5 12 7 8 12 19 19 17 17 13 13 18 31 41 54 64 
22 18 18 20 15 9 11 16 19 19 15 18 15 12 15 23 17 10 13 13 12 24 21 19 21 21 17 6 11 8 5 5 6 6 11 19 12 12 8 17 22 7 11 11 8 6 6 4 10 20 15 18 12 4 5 15 20 18 14 26 56 77 99 115 
21 15 13 14 13 11 14 18 17 16 10 16 16 12 23 24 18 16 15 9 8 19 15 15 18 17 16 3 9 6 1 3 6 10 13 19 13 11 7 15 20 9 13 15 13 10 10 3 7 16 9 18 15 5 11 16 18 20 24 51 98 127 152 168 
27 24 18 12 14 14 16 17 14 16 16 21 23 20 24 18 12 11 7 1 3 13 9 12 11 12 15 14 18 15 10 8 6 8 7 14 10 7 7 15 17 9 12 16 17 15 13 6 6 16 10 18 16 3 8 9 15 32 52 93 150 176 194 205 
25 21 16 12 12 12 18 20 9 10 14 11 21 15 17 6 0 6 7 7 8 14 14 15 13 8 6 4 8 4 2 3 2 6 5 7 5 8 10 14 13 12 17 17 15 9 6 5 11 16 10 17 19 4 6 9 26 57 91 141 193 207 214 217 
21 17 12 9 7 9 14 22 18 19 24 12 14 7 11 7 6 7 6 4 3 9 12 15 15 13 9 8 10 5 4 5 5 8 13 13 11 10 13 17 12 8 11 7 5 1 6 9 9 10 7 8 20 7 17 33 62 103 149 193 226 220 211 203 
16 12 7 7 7 9 9 17 13 12 22 16 11 9 8 11 12 10 9 8 6 2 5 10 5 8 8 12 12 5 2 5 5 6 13 12 14 16 18 22 16 12 8 2 2 3 3 9 4 5 10 4 20 17 39 68 112 159 202 229 232 205 181 159 
17 15 12 8 8 10 8 10 9 8 22 21 6 6 0 17 18 13 14 12 9 9 9 13 11 9 8 12 12 12 10 10 10 8 12 8 13 14 18 23 18 15 12 6 4 3 4 12 10 13 14 13 21 37 72 114 167 207 231 234 205 158 125 96 
18 16 12 8 5 9 12 5 6 8 21 26 12 9 12 20 13 6 13 16 14 10 3 9 7 9 11 12 14 14 11 9 5 3 9 9 14 14 16 18 16 18 15 11 9 6 1 15 14 18 19 23 37 72 121 174 222 242 241 218 165 111 79 55 
12 9 7 9 4 10 15 15 10 7 12 20 10 7 8 16 7 6 12 16 13 8 2 9 9 11 10 9 10 8 6 4 4 3 9 9 13 10 11 12 12 15 13 14 9 9 9 18 17 21 27 40 69 120 177 225 254 246 217 174 113 67 43 25 
21 18 15 16 8 12 7 14 11 6 9 15 8 3 5 14 9 6 12 15 12 11 10 11 10 10 7 6 9 12 13 12 11 5 6 12 14 9 6 8 10 14 10 12 5 10 10 18 19 26 43 69 112 170 217 244 245 208 158 107 55 28 18 18 
17 14 8 13 4 11 6 15 10 8 8 14 12 9 7 12 9 4 11 12 12 13 14 13 13 10 6 4 8 12 14 12 9 5 6 16 14 10 11 7 12 13 12 11 4 5 13 24 27 40 71 112 164 214 238 241 218 165 113 68 34 21 18 19 
20 19 16 20 15 19 16 15 5 9 10 12 11 8 6 10 8 8 10 9 10 4 2 5 10 10 9 9 9 10 13 13 7 6 9 15 11 1 3 9 16 11 12 11 8 9 15 35 46 70 111 160 205 233 233 212 168 112 69 36 21 17 18 20 
15 13 9 13 8 15 19 16 10 7 3 7 6 5 5 9 8 10 13 13 14 9 4 8 9 9 8 9 11 10 13 11 4 6 11 18 19 8 8 9 16 13 11 10 7 9 23 53 77 113 163 203 223 223 198 154 99 56 27 12 11 8 10 14 
7 7 5 12 13 16 23 21 17 13 14 14 9 7 9 9 5 6 11 10 13 11 4 7 8 8 6 6 10 8 8 8 5 9 12 15 20 13 11 9 15 11 11 7 7 15 43 83 117 161 207 229 219 192 150 97 52 31 15 9 12 10 9 15 
19 17 17 18 15 15 16 10 9 8 13 15 11 7 9 12 10 9 9 5 9 11 5 8 10 12 11 11 11 10 9 8 7 11 12 15 20 15 13 9 10 10 10 7 15 33 74 120 161 201 230 226 190 148 103 58 30 24 14 15 19 16 9 11 
10 8 6 5 8 13 16 14 5 8 19 18 14 13 19 21 16 11 8 3 7 9 3 6 7 9 7 11 11 11 12 12 9 10 12 17 23 20 18 15 7 7 6 12 29 59 112 163 200 223 227 196 141 92 55 22 11 19 11 13 8 11 8 12 
5 6 7 6 8 11 14 13 9 5 22 17 12 8 9 14 11 8 8 6 13 12 8 8 13 17 10 10 7 8 12 16 12 7 10 4 8 14 16 20 15 9 12 36 64 104 160 202 224 226 203 155 96 48 21 9 11 18 11 11 4 12 9 4 
10 11 9 5 4 4 9 13 14 7 19 15 12 14 11 13 10 10 14 16 18 13 12 5 7 22 14 12 6 5 14 17 8 11 20 19 9 4 5 15 11 11 34 72 111 155 197 220 220 195 154 104 55 24 13 14 19 18 11 13 4 14 6 9 
6 9 10 3 4 6 10 13 12 8 24 18 18 21 17 18 14 14 13 11 12 8 14 6 9 26 13 13 6 7 14 17 1 15 16 21 13 16 12 12 6 26 66 117 162 199 223 223 196 147 104 65 28 11 9 13 15 7 10 18 16 17 7 8 
12 10 10 6 6 9 12 13 11 9 24 11 13 17 9 17 13 12 11 8 8 8 14 7 7 24 14 18 16 12 12 17 4 21 8 22 9 10 14 6 21 58 109 165 205 223 223 202 157 105 70 42 16 6 5 10 12 4 7 7 3 7 6 13 
13 10 9 6 7 7 10 11 9 8 21 8 12 19 15 22 18 14 11 12 4 14 13 12 7 14 7 16 14 11 7 14 4 24 8 24 14 11 19 31 54 102 161 207 229 223 195 156 103 57 37 21 4 4 9 12 12 4 4 6 3 5 12 19 
20 15 15 11 12 8 8 12 5 7 15 6 6 12 9 18 12 7 5 6 10 21 12 13 15 11 6 12 12 11 9 8 3 24 5 20 12 16 42 68 98 152 203 225 225 192 143 99 52 18 18 12 3 5 10 10 11 4 10 12 8 6 13 16 
22 17 14 8 9 3 5 12 10 10 12 9 8 10 6 13 8 7 10 14 18 20 5 8 7 10 17 12 13 8 12 8 7 21 12 22 23 37 71 105 141 192 222 218 197 146 91 56 24 7 12 13 7 10 9 6 6 8 11 6 4 6 11 16 
17 14 13 10 13 4 4 11 11 11 13 10 9 9 6 9 4 6 6 5 8 11 10 15 14 16 17 9 10 4 9 1 4 17 5 25 38 67 115 156 187 221 223 191 153 97 49 31 15 7 13 22 15 9 3 5 6 10 5 11 9 11 12 12 
28 24 22 13 15 10 4 10 8 9 10 9 11 10 8 9 7 8 6 4 5 3 12 10 7 9 9 2 8 5 11 6 9 17 6 42 70 117 174 210 224 232 205 152 108 58 28 23 22 11 18 27 13 12 10 11 14 16 11 14 5 7 10 12 
18 18 25 21 21 20 16 16 13 14 14 11 9 4 6 7 6 9 10 11 9 5 15 9 9 10 9 3 7 4 12 8 10 7 29 75 114 166 214 230 223 207 161 104 63 28 24 14 18 12 21 30 16 16 16 16 19 19 12 16 9 9 12 14 
21 18 22 20 18 17 13 9 3 4 5 4 8 9 9 8 6 9 7 9 10 11 19 13 12 12 10 9 12 16 13 4 10 26 71 119 162 208 237 227 197 160 106 55 26 13 23 15 19 15 21 31 19 22 19 16 18 15 6 13 8 10 16 20 
11 10 10 10 12 13 14 12 10 6 5 2 2 6 6 6 3 11 9 13 12 7 17 9 9 17 16 15 16 18 13 8 19 59 113 163 203 236 242 210 164 115 65 29 16 13 21 20 18 16 22 30 22 23 17 11 12 10 4 11 10 10 15 15 
7 4 8 13 17 17 18 15 16 18 18 15 10 8 5 10 4 8 5 9 6 3 17 10 10 17 16 16 17 16 13 28 55 107 165 207 230 238 216 163 108 63 30 19 16 11 12 11 11 15 19 24 21 18 12 7 8 9 6 12 15 16 15 10 
12 8 8 6 12 10 11 16 17 16 13 10 8 8 6 9 3 8 4 7 8 6 16 15 7 12 14 18 18 12 29 65 105 160 209 230 224 206 162 96 45 14 12 21 16 9 9 12 15 16 15 15 16 16 10 9 11 14 14 15 15 16 14 9 
24 23 21 15 13 13 18 25 25 25 20 14 9 6 5 5 11 15 11 11 6 7 9 11 4 7 10 16 18 31 66 111 155 202 232 229 200 165 114 51 13 9 21 22 13 5 4 9 11 10 9 9 12 13 10 11 13 15 17 19 20 19 15 8 
12 16 18 11 9 10 16 20 15 14 13 8 5 9 8 10 13 12 11 16 4 8 11 6 5 4 11 15 29 61 106 155 196 226 232 209 164 124 75 26 6 10 18 17 9 7 9 8 10 9 8 7 7 7 8 8 10 11 18 22 20 18 16 14 
12 16 20 13 10 9 15 18 11 12 14 10 6 8 9 7 4 5 14 18 5 4 2 9 11 12 19 28 59 103 154 198 224 231 216 176 124 86 45 15 12 9 11 10 8 10 13 11 9 11 13 14 12 12 14 8 7 7 15 20 14 11 10 6 
9 14 17 11 10 11 16 20 14 17 20 19 15 13 12 9 3 3 13 14 1 2 4 9 12 27 45 70 110 160 205 227 227 211 177 128 82 54 25 15 13 7 8 7 6 6 9 3 5 18 17 11 13 14 18 15 13 12 15 19 12 10 8 6 
12 17 20 14 12 9 13 18 12 12 17 16 12 15 13 11 5 5 14 11 3 6 11 15 24 49 78 114 157 200 225 218 192 160 115 70 43 30 17 11 15 13 10 9 11 9 12 5 8 20 12 6 13 13 15 12 14 16 20 19 10 6 0 6 
9 13 18 9 6 5 12 19 15 17 20 19 19 17 13 10 7 13 15 10 5 6 7 18 39 73 113 155 191 218 218 186 143 105 62 34 27 24 16 11 13 16 15 17 19 12 16 9 10 23 14 10 20 20 19 16 17 19 20 14 7 5 7 5 
9 16 18 10 8 7 13 17 11 15 21 23 23 20 16 10 13 12 9 12 9 7 13 37 76 120 165 202 222 223 198 148 99 64 31 17 20 22 17 11 7 12 12 17 22 16 17 15 12 24 17 12 25 22 18 13 10 7 12 15 13 7 9 4 
15 20 16 12 13 17 24 24 18 16 16 19 20 17 13 9 17 15 15 15 12 18 43 77 121 168 207 230 228 206 161 106 64 38 13 7 20 24 18 10 3 7 9 15 16 15 18 21 18 21 14 12 27 17 13 6 4 9 14 17 11 5 8 7 
14 20 15 12 10 14 17 14 12 18 12 9 8 5 6 11 15 9 10 15 21 45 82 119 161 198 217 218 200 163 110 63 35 18 7 4 20 28 19 12 6 9 12 14 8 10 15 18 15 12 9 13 25 12 8 5 7 12 13 11 2 6 13 16 
15 18 10 6 9 14 15 12 11 18 8 6 12 14 18 22 20 16 17 25 46 82 128 166 203 225 222 200 167 119 68 34 21 17 15 15 18 24 16 11 9 11 12 11 2 6 8 10 1 4 8 13 22 14 6 3 9 13 15 15 11 13 17 17 
13 13 3 6 12 16 15 12 12 20 7 5 8 11 13 16 14 15 23 41 76 122 172 205 225 228 205 167 126 80 39 18 13 18 22 25 27 28 17 8 6 9 12 9 5 7 11 10 9 11 6 11 19 19 18 16 20 22 21 18 13 14 15 13 
9 11 10 10 10 9 6 7 9 21 8 9 9 12 13 12 14 22 40 73 121 173 216 229 223 201 157 111 77 42 15 10 7 7 7 9 10 13 5 8 11 14 14 9 10 10 15 12 12 15 9 10 14 19 20 17 18 16 13 14 9 9 13 12 
5 6 3 2 5 3 13 13 9 18 6 11 9 11 12 13 21 43 77 125 180 223 246 236 205 164 113 69 43 18 10 13 9 7 3 3 5 9 13 15 17 21 18 9 11 12 18 18 16 17 9 9 9 16 18 15 14 10 8 12 9 11 14 11 
10 10 8 6 7 5 13 6 7 16 9 13 10 12 15 20 34 68 114 167 218 242 240 210 164 120 77 46 26 13 16 15 13 9 4 3 7 7 7 7 7 12 15 14 13 6 14 18 21 19 11 11 7 13 15 15 16 13 12 13 8 11 12 9 
8 9 10 6 10 7 17 8 9 12 9 9 12 13 23 39 65 108 157 203 235 235 210 165 115 76 45 22 12 14 20 14 10 5 8 15 16 17 18 17 14 16 17 17 17 9 14 16 18 9 8 15 15 16 10 7 6 4 3 9 15 19 18 16 
12 12 12 12 15 15 21 13 14 5 10 11 20 25 45 73 111 158 198 223 230 209 166 117 75 46 22 10 5 12 18 9 2 4 10 14 8 5 5 12 8 11 15 17 17 11 10 5 6 9 13 15 10 6 4 6 0 3 6 12 18 19 19 19 
20 18 14 15 10 10 13 7 17 9 13 17 30 44 76 116 161 201 219 218 200 163 113 71 44 26 18 20 15 12 18 6 7 6 9 18 10 4 9 9 4 10 13 17 17 13 12 8 4 7 9 12 13 7 9 6 2 6 13 15 14 15 15 12 
19 19 16 17 13 16 8 6 17 17 20 28 47 74 118 162 201 222 215 189 150 110 66 36 26 21 23 20 11 5 14 8 9 3 6 18 12 6 9 7 3 6 8 13 17 17 15 13 8 10 10 6 13 6 10 4 4 8 12 20 17 18 19 18 
4 7 10 15 14 21 13 10 16 21 27 50 80 120 170 206 227 224 193 147 103 68 37 17 17 16 21 17 13 8 13 10 7 3 3 15 16 9 9 9 5 4 6 13 15 16 17 16 13 14 14 2 18 9 11 3 6 13 14 24 17 15 15 15 
8 5 3 11 6 13 8 12 20 30 48 81 122 170 212 228 223 192 142 93 55 34 18 9 15 14 20 15 15 7 8 5 4 3 6 15 21 18 13 10 6 3 9 16 13 18 21 22 19 18 19 6 16 10 13 9 13 18 21 29 20 16 14 12 
13 10 4 8 5 15 15 15 23 41 72 118 168 210 231 223 191 143 93 53 25 17 11 8 15 10 12 12 16 11 12 15 13 8 6 10 17 18 15 11 11 10 12 15 11 17 20 20 17 16 18 12 12 7 10 2 15 22 26 33 27 25 25 23 
20 19 11 9 6 15 15 13 31 63 111 165 214 236 230 197 150 100 59 32 16 9 7 7 15 12 13 21 22 16 13 11 15 7 4 7 12 12 14 11 11 2 8 13 12 17 14 12 11 13 16 17 16 12 15 8 13 20 24 27 22 19 13 12 
18 21 17 14 12 18 22 31 59 104 159 207 239 238 208 157 103 59 27 14 6 6 8 10 15 10 9 10 9 9 9 17 25 17 12 9 13 17 19 14 16 8 10 14 15 21 14 10 6 10 13 13 10 6 14 15 10 17 19 21 17 18 10 8 
13 13 12 11 15 30 42 62 102 152 201 231 237 208 158 99 52 26 8 9 8 9 12 10 12 13 18 17 14 11 7 14 15 5 2 8 13 14 13 12 17 8 6 6 11 17 7 9 6 12 15 15 14 9 17 21 7 15 12 14 12 12 4 6 
11 8 10 11 23 46 65 97 148 195 227 231 208 159 102 50 23 17 12 11 12 8 8 9 9 11 15 12 5 4 3 13 11 10 12 13 11 6 6 15 19 12 11 5 11 16 4 9 6 11 12 9 9 11 22 27 8 11 6 11 11 12 7 7 
10 9 10 18 43 76 107 151 198 227 231 204 161 112 64 31 23 24 21 16 12 4 9 10 10 12 15 12 4 2 4 14 8 9 9 12 12 11 8 14 15 10 13 10 12 14 5 17 17 20 18 9 4 7 22 31 18 15 12 7 4 8 5 10 
15 16 13 23 58 100 138 180 215 225 208 162 116 79 41 21 17 15 13 9 6 3 12 11 12 15 18 16 7 5 8 15 3 12 12 14 9 9 9 17 14 12 15 10 10 12 7 20 12 17 19 9 9 7 15 27 12 11 10 9 4 7 9 9 
11 18 20 31 72 121 163 198 222 217 183 126 81 56 22 12 10 9 18 14 8 7 17 14 10 8 19 20 11 9 9 20 14 21 19 15 8 11 9 18 13 15 14 6 9 11 15 20 11 19 24 14 13 6 14 28 12 9 7 14 13 16 21 18 
9 20 24 38 84 137 180 210 225 207 159 97 55 44 14 9 8 7 24 18 8 11 18 12 8 5 25 24 12 8 4 17 12 20 14 8 13 16 8 16 11 17 13 9 11 14 18 16 12 24 30 19 16 5 15 31 18 8 10 15 10 13 19 19 

17 18 12 10 19 10 12 9 17 20 21 19 15 21 18 14 9 7 4 14 12 20 9 31 20 13 15 18 30 19 11 2 6 11 12 14 13 12 7 3 14 14 14 24 23 13 9 7 13 11 24 16 10 11 23 15 13 20 22 19 20 24 23 19 
9 12 6 6 18 9 11 15 18 19 21 19 16 18 21 19 12 10 9 10 13 20 12 29 21 14 12 13 23 11 4 7 5 7 9 12 11 10 8 6 14 12 15 24 21 12 7 7 10 9 19 9 6 9 21 11 10 13 15 16 19 22 22 23 
12 14 9 9 20 12 1 9 10 13 15 13 12 11 12 15 15 15 14 8 12 21 16 27 22 13 13 12 21 15 6 9 5 5 8 14 12 11 11 10 16 10 15 20 17 13 9 7 6 3 12 11 15 16 19 6 8 6 8 15 18 19 25 31 
14 15 11 10 21 18 7 8 7 3 5 8 12 15 14 14 9 6 13 9 11 24 21 29 31 22 19 13 18 13 4 8 5 1 9 17 11 11 12 15 18 9 14 18 15 12 10 10 12 11 13 18 23 23 18 12 13 7 10 22 33 40 53 64 
12 12 5 6 22 19 8 8 11 11 9 9 11 13 11 13 9 6 13 13 15 28 23 27 35 33 28 21 21 15 7 9 8 5 11 20 12 14 15 16 17 10 16 19 15 12 9 9 8 7 6 9 9 10 13 15 17 15 23 38 63 81 101 114 
8 8 1 10 22 16 3 10 15 13 12 13 14 15 13 17 15 11 16 16 14 23 13 7 16 20 19 9 9 8 6 7 3 4 10 20 17 15 11 11 16 13 19 18 15 10 7 6 5 15 10 15 15 17 21 22 22 25 36 61 103 129 152 165 
8 9 5 9 19 14 7 14 15 11 11 14 15 18 26 27 24 20 15 10 6 15 10 9 15 16 17 9 9 6 1 3 4 8 12 20 19 17 13 12 15 14 19 18 15 8 6 3 2 13 7 14 14 16 21 23 27 38 62 100 152 176 192 201 
19 20 17 15 20 14 12 13 13 12 15 17 18 18 20 16 13 11 6 3 9 16 13 9 7 11 16 15 17 12 9 9 6 5 5 13 15 15 13 13 11 12 19 20 14 9 6 3 5 13 8 11 12 15 21 27 40 66 104 149 197 208 208 206 
19 20 15 12 14 8 13 16 4 5 10 8 16 12 12 5 2 6 8 6 7 16 21 22 19 15 11 5 7 3 3 3 3 4 3 6 11 12 12 10 4 8 16 16 9 6 3 3 9 16 12 14 16 16 25 40 65 104 148 189 223 217 202 190 
20 20 14 11 9 9 12 18 14 15 18 8 9 6 10 5 3 5 3 4 5 9 15 18 22 22 17 12 10 7 7 6 7 8 8 12 14 12 11 10 4 7 9 6 4 6 3 5 5 8 6 7 17 17 39 69 111 157 198 223 231 204 174 152 
12 14 9 9 9 9 12 16 13 11 17 16 9 10 10 5 10 6 6 1 7 9 11 12 9 10 9 12 11 7 5 4 7 4 5 13 18 17 16 16 9 11 11 6 4 2 4 11 8 6 6 5 18 35 71 113 164 204 230 234 212 167 130 101 
14 16 12 9 8 10 12 13 9 7 17 21 4 6 1 14 19 12 10 5 8 12 14 14 14 12 11 14 13 12 10 8 9 7 8 10 15 12 12 16 11 12 13 9 9 4 5 15 15 15 11 14 29 65 113 162 207 227 230 209 164 112 79 52 
11 12 10 10 9 13 18 18 14 11 15 24 13 8 11 17 15 7 14 13 10 9 10 14 17 20 19 19 18 16 14 11 7 5 4 7 11 8 8 11 12 13 15 13 10 9 11 18 16 15 17 31 60 110 164 211 237 231 208 169 113 68 45 26 
6 8 3 7 5 11 15 20 17 10 9 17 12 6 8 14 13 8 15 16 8 5 9 14 17 18 16 11 9 7 3 5 6 3 5 9 9 4 6 8 8 11 13 12 8 15 16 19 19 20 33 63 108 165 214 241 239 205 163 117 65 33 18 9 
21 20 15 14 9 10 6 15 15 6 4 12 13 7 6 12 15 10 14 14 9 12 13 13 12 10 7 6 3 5 9 11 14 6 4 11 7 4 5 8 7 12 11 10 6 17 17 20 24 33 62 105 160 211 236 235 206 152 103 62 23 6 2 6 
14 15 6 11 9 7 5 14 15 6 1 9 12 10 7 10 13 10 13 11 9 10 9 9 7 5 1 2 4 8 9 7 11 7 5 15 12 12 12 7 7 12 12 8 7 12 18 28 39 61 102 153 202 233 232 208 163 105 66 35 14 9 8 9 
21 21 16 19 18 15 15 13 9 7 10 12 9 6 1 7 8 6 11 9 8 8 5 6 7 8 8 8 8 5 5 5 9 7 10 15 11 9 7 3 13 9 11 10 13 17 26 50 72 104 149 194 223 227 202 160 105 56 29 12 10 8 7 7 
15 14 10 14 15 12 16 15 10 4 6 9 8 5 2 5 8 12 17 15 13 12 7 5 3 5 6 8 12 8 8 6 6 4 5 15 14 11 12 9 15 11 7 10 18 25 46 82 116 154 195 220 218 194 152 98 48 24 18 14 11 8 7 5 
8 9 9 15 18 17 20 22 18 12 12 10 7 5 10 9 6 8 14 11 12 16 9 3 2 5 3 5 12 7 7 5 3 5 4 10 15 14 12 8 11 8 6 12 28 45 78 124 163 197 222 222 191 146 99 52 20 20 18 12 13 11 9 11 
18 17 18 18 16 12 7 6 11 9 14 14 12 10 11 3 8 11 14 10 10 16 10 7 10 14 14 13 15 13 12 9 3 6 7 10 13 10 9 9 6 5 4 23 49 77 121 168 201 218 218 192 142 94 57 27 15 22 21 17 15 14 6 8 
14 13 15 14 13 13 9 10 8 11 19 13 10 12 19 15 11 8 11 10 10 15 7 5 8 10 9 11 13 12 14 12 4 9 16 19 22 18 17 17 6 5 13 40 76 116 166 203 219 212 188 142 85 45 22 10 13 23 21 16 6 13 7 13 
12 12 14 13 11 14 12 10 3 9 25 18 11 4 8 11 8 3 6 11 17 18 9 9 15 18 8 5 5 7 17 17 6 5 12 7 14 15 15 21 14 17 37 75 119 164 206 224 220 192 149 98 48 20 6 7 10 21 19 15 4 12 8 5 
11 9 10 9 5 9 7 12 10 5 21 16 8 7 6 9 3 9 15 19 21 17 12 4 9 24 12 8 3 4 18 19 6 12 21 16 9 9 8 15 11 32 69 121 169 206 225 219 193 146 97 56 21 15 13 19 27 28 22 18 9 14 8 9 
10 10 12 5 2 9 5 14 8 6 25 18 9 15 13 17 10 12 12 10 10 6 18 9 10 26 11 12 9 11 18 20 6 15 16 18 10 15 12 5 23 65 117 174 213 232 227 198 150 92 54 27 4 6 11 18 23 18 16 19 19 20 12 8 
16 13 11 10 8 11 9 14 9 4 24 10 9 18 9 17 11 11 14 12 9 13 20 6 2 23 17 24 22 18 17 18 10 24 12 20 3 3 14 23 56 111 169 218 237 229 201 159 105 57 34 17 4 3 10 17 22 20 21 17 12 12 9 11 
19 14 10 9 8 8 5 12 8 3 21 9 11 19 13 19 13 7 7 6 3 15 14 10 3 14 12 21 15 11 9 15 12 27 18 26 11 9 34 60 100 161 217 244 238 204 156 108 59 26 18 10 6 3 11 17 21 18 18 14 11 13 18 24 
23 17 15 13 11 6 4 14 6 2 16 8 9 15 8 16 10 5 5 5 13 20 12 12 12 9 10 15 10 8 9 9 9 24 14 29 21 34 72 108 149 205 241 242 212 158 102 60 23 12 17 11 6 5 10 14 19 13 16 16 13 14 21 22 
28 20 15 15 15 9 5 13 10 7 15 12 11 14 9 12 6 9 10 14 21 20 9 8 2 6 14 11 9 5 12 8 6 19 17 38 40 64 111 150 185 226 237 212 169 107 59 33 15 15 14 12 5 10 9 9 12 12 16 11 10 12 20 25 
17 15 16 17 17 11 6 8 5 4 12 11 10 13 8 9 3 8 5 6 15 14 16 17 13 14 15 8 7 5 7 5 4 13 13 46 61 102 159 194 214 231 213 166 120 66 36 24 13 13 15 21 19 15 9 8 8 13 13 16 15 14 15 18 
17 16 18 12 16 12 8 10 7 7 8 11 10 14 9 10 5 7 2 3 12 13 19 14 5 6 11 2 4 5 7 9 11 12 26 71 105 159 212 229 225 214 170 115 77 40 31 27 20 9 14 23 15 14 7 7 9 16 15 17 12 12 12 14 
12 11 19 16 18 16 16 16 12 14 12 13 12 14 9 10 7 8 6 5 6 6 18 12 7 3 11 2 4 6 8 9 10 19 64 116 155 202 232 222 197 167 115 67 40 23 28 22 19 10 17 26 16 9 6 6 13 21 19 20 15 13 12 12 
18 15 17 15 10 7 6 9 6 9 9 8 12 16 16 20 19 18 16 15 12 10 19 15 12 7 7 9 13 16 12 6 20 54 113 163 195 224 227 191 147 108 59 24 14 13 21 21 23 18 20 27 15 5 7 9 17 24 20 17 12 10 12 15 
8 9 10 10 8 7 9 12 11 10 9 7 9 14 14 20 18 20 20 17 13 6 16 9 9 9 5 9 13 14 13 25 50 101 163 203 221 231 209 157 108 66 25 9 4 6 15 21 22 19 20 24 11 8 12 10 15 21 15 14 13 9 13 17 
6 8 12 16 16 14 16 12 15 18 18 15 12 13 13 20 16 17 16 13 11 7 16 8 9 9 4 8 11 9 29 63 103 162 214 231 226 210 165 105 61 29 19 20 12 5 3 11 17 19 19 22 15 12 13 10 12 18 13 15 19 15 16 14 
14 10 12 11 14 9 4 2 5 6 9 12 14 13 13 16 12 15 15 13 11 10 16 11 7 8 5 10 6 21 63 113 159 209 238 229 198 160 103 44 12 12 24 23 14 7 6 12 19 21 18 17 16 14 15 16 16 22 17 17 20 17 21 20 
27 24 21 13 11 7 8 13 15 15 13 13 13 11 11 12 15 18 15 14 5 6 12 9 5 5 3 13 28 64 114 167 205 231 232 200 154 113 62 16 6 15 21 17 8 5 11 15 20 21 16 12 13 12 18 17 15 21 12 16 22 18 20 19 
25 24 25 15 12 9 10 14 10 5 5 5 10 12 12 13 16 14 12 18 7 3 9 3 5 1 13 28 62 111 164 208 229 231 209 163 110 73 34 12 11 12 13 8 4 5 13 12 19 21 17 12 8 4 14 10 9 15 12 20 20 16 20 21 
16 18 22 12 11 11 12 15 9 3 3 3 7 8 10 9 7 7 12 21 13 7 4 6 4 13 34 62 108 161 205 230 231 211 174 124 74 42 12 14 12 11 10 3 4 9 18 16 20 21 16 13 8 7 16 12 11 15 18 24 17 9 15 15 
10 15 18 9 8 11 13 17 14 12 10 7 9 9 10 10 8 9 15 19 14 8 4 2 12 39 73 113 162 208 231 228 204 167 122 75 39 20 5 16 12 11 13 8 9 8 16 15 16 19 16 8 6 8 16 14 12 15 18 24 16 12 15 15 
15 19 22 16 15 13 10 16 14 14 13 8 3 11 9 10 6 3 13 15 12 10 12 20 38 75 118 161 199 224 221 191 149 109 67 34 19 13 4 10 15 13 13 9 12 8 13 13 13 17 15 7 5 8 12 12 14 18 23 23 11 2 7 16 
8 13 16 8 5 3 6 14 11 15 13 8 10 13 10 12 6 10 14 12 10 11 18 37 68 116 164 199 216 215 186 138 93 63 35 22 22 18 8 7 14 16 18 17 18 8 9 5 9 17 13 4 6 9 13 17 20 24 28 24 15 8 6 8 
6 15 15 7 4 2 3 10 4 11 12 13 16 14 13 13 11 9 5 7 7 11 32 69 117 171 212 230 222 194 146 92 55 35 19 17 20 19 16 10 9 11 14 18 20 9 3 5 7 17 13 5 13 11 10 12 11 8 8 4 7 4 11 5 
14 19 15 12 11 14 18 19 15 14 4 8 14 13 14 15 13 10 10 11 15 35 73 119 168 211 233 230 200 156 103 57 32 19 10 15 24 23 20 13 8 7 10 19 16 12 12 9 8 13 8 10 19 8 4 2 2 3 7 13 14 11 14 9 
11 17 14 12 9 8 11 10 9 18 13 12 13 8 11 12 9 4 6 17 37 75 120 161 199 220 217 196 156 108 59 26 13 7 7 11 24 25 21 15 9 8 10 17 12 16 22 20 18 12 3 13 20 6 6 5 7 10 10 12 6 7 18 18 
13 16 9 3 3 5 9 8 9 16 11 8 11 13 16 18 17 17 24 42 75 121 166 197 220 221 196 159 116 68 27 12 12 11 11 14 21 22 17 15 11 11 10 11 7 12 16 17 12 4 4 13 18 10 12 11 11 11 16 19 12 13 20 20 
10 11 4 6 12 15 13 8 7 16 9 2 5 10 13 13 12 18 36 66 115 167 204 218 219 197 154 112 74 34 8 11 14 16 18 21 23 21 14 8 6 6 7 8 7 9 9 8 5 7 7 15 18 17 16 11 12 20 28 27 19 17 18 21 
8 9 12 13 16 14 8 3 5 16 10 9 12 13 12 10 14 34 66 111 169 214 231 219 193 150 96 57 35 8 7 12 9 9 9 8 7 9 6 10 12 12 10 7 11 8 10 5 6 10 5 13 15 21 20 16 16 21 24 21 15 11 16 23 
14 9 5 5 9 7 15 11 8 15 8 12 13 9 9 15 34 69 116 170 221 245 237 203 158 108 60 30 17 6 12 13 7 6 6 3 4 8 13 15 16 18 15 7 16 9 9 7 6 13 6 11 12 21 19 15 14 16 18 18 14 12 19 25 
14 11 8 7 10 4 15 5 6 13 11 16 13 4 13 32 62 108 159 207 240 239 209 161 113 71 41 28 17 12 13 10 6 3 5 6 6 5 6 5 7 9 8 11 19 8 6 5 15 19 12 13 11 17 16 15 18 19 20 18 12 9 18 22 
12 10 9 5 10 4 14 5 3 10 11 13 18 17 36 67 106 155 199 227 233 208 163 113 69 40 22 17 16 16 13 5 1 4 12 15 13 14 16 15 14 14 7 7 17 14 16 16 19 13 4 12 10 13 6 7 13 12 11 12 13 18 22 23 
12 13 11 11 15 14 17 10 11 8 15 20 32 40 70 112 156 199 223 221 202 163 113 69 40 22 8 7 11 15 13 2 4 8 14 15 11 11 10 12 13 13 9 4 9 6 6 7 7 7 9 16 10 8 5 8 8 8 6 9 14 18 21 23 
18 18 17 18 16 16 10 7 18 12 15 25 44 64 110 160 199 225 222 194 157 116 71 38 24 14 10 13 11 12 13 3 5 6 9 16 6 9 11 9 12 13 11 9 8 4 3 3 2 5 7 15 12 8 7 4 1 7 14 15 11 12 12 11 
9 10 13 16 15 20 7 9 19 14 19 39 67 105 160 202 222 224 198 150 105 73 41 20 19 13 17 17 11 11 12 5 4 6 10 18 10 13 13 9 12 12 9 7 7 8 6 6 2 3 4 8 12 9 7 5 4 9 7 14 8 10 12 11 
11 4 5 13 12 21 15 15 22 24 40 73 114 162 210 229 223 200 154 100 59 42 26 13 19 12 17 13 8 10 11 9 7 6 9 16 12 12 13 10 13 11 5 11 7 4 3 6 4 3 6 5 15 11 6 3 6 14 9 18 9 9 10 10 
9 6 3 12 10 14 9 17 30 44 73 116 162 207 234 227 196 151 98 52 24 24 19 11 20 15 18 14 11 7 6 4 9 7 6 13 12 10 9 6 11 7 3 13 8 7 5 6 9 8 9 4 15 9 10 8 12 18 15 24 15 8 7 1 
7 9 7 11 10 17 19 26 41 67 109 159 204 231 231 200 150 99 59 29 14 16 13 6 18 12 10 10 13 9 10 11 14 8 4 7 9 10 8 6 11 6 4 10 3 8 11 14 13 9 11 13 15 11 12 10 6 14 12 20 15 14 20 18 
17 18 12 10 8 16 24 37 64 104 156 202 232 232 202 154 100 58 35 19 14 14 11 6 15 10 9 17 18 16 12 9 19 9 4 3 3 2 9 8 12 5 4 10 5 9 10 12 10 9 10 14 12 11 14 16 4 7 9 13 9 7 6 7 
19 21 18 13 12 24 39 63 104 153 201 230 237 209 159 103 55 27 15 9 5 10 11 9 12 9 6 5 3 10 9 18 27 18 15 9 5 11 14 11 17 9 10 15 14 17 12 7 6 5 6 8 7 8 15 21 5 2 9 14 12 13 14 14 
15 14 16 11 20 43 67 102 151 196 226 232 211 160 103 53 23 11 8 9 6 10 12 10 8 10 12 12 14 13 11 17 18 9 10 12 9 9 9 11 17 8 9 12 14 16 10 12 9 9 12 12 12 12 19 25 9 6 3 10 10 6 7 7 
11 8 13 13 38 70 102 146 193 223 227 206 162 104 54 21 13 13 14 12 8 9 9 11 8 9 10 9 12 10 9 15 13 12 13 14 10 4 8 13 16 11 13 13 14 15 5 12 7 9 11 5 5 8 21 27 8 6 3 9 10 9 9 10 
5 5 13 32 72 113 152 195 227 230 208 163 112 66 32 15 17 24 20 14 9 4 9 14 13 13 13 13 15 11 10 14 9 10 15 18 15 9 4 9 12 12 16 16 16 14 8 20 16 17 16 6 3 5 20 27 15 13 12 8 6 7 7 14 
12 16 21 47 95 142 177 207 218 202 165 116 74 45 23 15 14 17 11 9 4 5 8 15 18 18 18 14 18 16 14 15 7 11 19 24 18 13 7 11 11 13 14 10 12 11 10 22 13 17 19 12 10 8 19 25 12 14 12 11 8 10 11 12 
15 24 35 64 117 166 195 210 204 173 128 78 45 32 15 11 11 13 11 10 5 13 13 14 15 11 18 15 21 22 17 20 16 20 26 26 16 14 6 12 12 15 10 5 10 9 16 21 14 20 24 15 7 6 23 28 13 13 11 15 14 21 26 24 
17 28 45 76 133 184 206 208 188 146 96 49 25 27 12 7 8 9 12 13 9 16 13 10 12 8 24 20 25 25 15 16 9 13 21 23 17 12 5 11 12 14 5 3 10 12 18 18 17 24 26 15 4 11 27 33 18 15 14 15 12 20 23 18 

32 28 22 18 19 9 15 11 10 17 23 24 19 17 16 13 6 3 6 15 16 21 13 25 26 25 26 27 27 14 9 14 12 15 15 15 12 8 4 6 11 7 9 17 14 9 12 13 21 14 18 15 12 15 20 7 3 10 17 25 34 38 39 37 
28 24 18 14 18 7 10 13 17 21 24 24 19 17 18 16 10 8 12 16 16 19 12 21 23 21 22 21 19 10 10 15 10 11 10 10 8 6 4 3 10 5 14 18 12 9 10 12 17 12 17 12 13 16 19 6 3 6 13 21 31 37 41 45 
29 24 18 15 20 12 2 8 11 19 21 18 15 11 8 13 15 15 18 14 13 17 10 18 19 17 19 18 16 11 9 12 7 6 3 6 4 8 6 4 11 5 14 17 14 12 11 12 13 5 9 13 18 20 17 6 6 5 9 21 35 46 60 70 
29 24 18 13 19 15 9 11 8 13 15 14 14 14 12 12 11 11 15 11 10 19 13 19 24 20 19 15 12 8 7 12 8 6 6 12 10 11 9 9 12 6 12 15 12 14 15 16 16 11 14 21 24 21 15 9 10 8 18 36 60 80 102 117 
23 20 15 7 19 17 12 10 6 8 8 7 9 14 15 15 15 13 15 13 13 22 15 16 24 25 22 17 14 11 8 11 8 6 9 18 18 18 12 6 11 10 15 17 13 17 18 18 16 2 8 11 8 6 5 7 10 18 37 63 103 131 155 167 
20 16 11 3 19 20 16 16 16 15 13 10 11 15 15 17 16 13 14 12 11 17 7 10 12 15 14 6 6 2 5 8 3 6 11 21 25 22 12 1 10 13 17 14 15 16 15 13 10 9 10 13 12 13 12 10 16 32 59 99 150 176 194 203 
15 11 3 5 19 22 18 16 16 15 12 12 14 19 23 23 20 16 10 6 8 13 9 14 14 12 12 8 11 8 6 5 5 10 12 19 25 25 18 13 11 12 16 12 12 11 10 9 7 8 7 8 11 14 13 18 33 59 99 147 194 205 207 204 
12 14 13 16 23 22 17 9 8 13 13 13 14 14 12 12 12 9 7 4 10 15 12 11 7 7 11 12 16 12 10 9 7 7 7 11 18 19 14 11 9 9 15 12 8 10 7 6 9 7 4 5 13 18 23 37 64 103 152 194 222 213 193 176 
14 16 13 12 13 12 13 12 7 10 10 9 14 11 6 3 4 5 8 5 6 16 22 26 25 21 14 10 12 9 5 2 3 6 9 7 11 12 8 6 3 10 15 11 7 11 6 4 7 11 11 11 15 24 38 64 103 149 192 216 224 198 165 142 
17 18 15 11 9 9 14 14 10 16 17 10 12 11 7 5 2 4 3 4 7 8 14 20 26 27 21 18 15 11 7 4 7 7 10 11 9 4 4 6 7 13 14 10 9 8 4 6 11 12 7 5 13 34 65 109 159 200 225 227 208 164 123 97 
10 14 12 12 12 11 15 17 17 20 21 16 11 11 9 6 9 6 6 2 9 9 10 14 13 11 11 15 12 9 8 7 9 6 2 10 10 8 9 8 3 12 16 12 8 6 12 15 15 12 7 9 24 62 111 164 208 230 234 213 171 119 81 53 
8 12 11 7 6 9 15 16 16 17 19 17 5 4 2 10 17 10 8 6 11 15 16 19 19 13 13 15 14 13 13 10 10 9 7 11 10 9 12 14 9 6 11 7 9 12 15 16 13 11 12 25 52 103 158 205 229 224 203 164 112 68 43 22 
8 9 9 10 13 19 23 22 21 18 18 18 12 5 7 12 13 6 14 14 12 15 18 21 21 14 13 19 20 20 19 16 12 9 6 9 10 13 15 15 15 9 10 8 9 18 18 15 13 14 26 54 96 152 201 229 228 199 159 114 67 35 23 13 
12 10 5 5 9 16 18 21 23 17 15 15 14 7 8 13 15 10 15 14 4 8 14 19 18 13 14 14 16 18 16 15 11 8 6 9 12 17 19 18 16 8 7 6 5 23 20 15 21 30 55 99 152 203 231 233 207 157 110 71 34 13 10 13 
25 22 18 14 12 15 14 18 21 15 12 15 17 12 10 12 16 13 14 13 9 11 11 11 9 8 13 16 19 20 21 21 17 9 7 8 11 17 18 18 15 10 6 7 8 23 22 21 34 54 94 147 198 230 228 204 158 102 62 34 8 1 3 7 
18 16 9 11 14 15 13 16 19 13 8 10 15 13 13 16 18 17 16 14 12 11 9 9 7 10 13 16 19 22 23 20 19 12 3 10 12 16 20 16 8 8 11 13 14 20 27 38 62 96 144 191 222 227 199 157 108 62 36 18 10 9 9 11 
16 17 12 15 19 20 20 17 15 12 9 13 13 12 12 16 18 17 17 15 12 11 10 13 15 17 19 19 18 15 12 10 11 7 5 10 9 12 12 6 10 7 9 12 19 30 47 75 111 149 188 215 218 198 155 104 59 25 9 7 7 4 5 6 
12 12 9 15 21 21 21 19 15 8 4 7 8 9 10 14 17 19 21 18 13 12 7 8 9 14 16 16 16 11 9 4 9 8 7 9 7 6 11 8 14 13 6 13 30 49 79 121 161 190 213 214 187 149 102 55 23 17 12 9 6 4 4 4 
12 11 12 19 25 26 25 25 19 12 12 9 6 7 13 17 17 15 18 14 13 15 10 7 8 12 11 9 12 5 6 3 10 9 8 9 9 7 10 11 15 15 5 22 50 78 119 167 200 215 216 194 146 97 59 26 9 13 13 13 16 13 12 15 
20 17 18 23 25 24 21 18 11 4 15 17 14 9 10 8 15 17 18 11 7 13 8 5 9 12 12 12 16 11 12 8 10 11 13 12 10 8 12 15 13 15 14 43 79 118 165 205 221 213 190 148 92 52 30 14 8 16 20 17 17 16 13 16 
17 12 12 16 19 21 16 12 7 9 21 14 9 12 18 12 11 10 12 11 9 17 11 9 7 8 7 12 18 15 16 11 8 15 21 21 20 18 19 22 13 17 33 72 116 159 201 221 214 184 140 90 41 18 9 9 9 16 21 14 9 15 10 13 
7 5 5 8 10 17 15 8 4 8 25 20 8 3 11 14 13 9 6 10 15 20 12 13 17 19 12 8 10 9 18 16 7 15 21 20 20 18 15 20 21 36 66 116 162 199 220 217 192 148 98 57 23 16 6 11 13 20 26 18 12 14 9 5 
5 2 9 12 10 12 9 10 11 7 19 18 5 5 6 6 3 12 19 22 25 22 13 8 10 24 17 10 6 4 19 20 7 12 19 16 14 12 4 11 32 65 111 166 204 220 215 189 151 101 59 31 10 16 16 27 34 35 30 17 12 12 9 13 
8 10 11 5 3 9 3 17 11 12 24 17 7 12 12 13 6 12 13 10 10 3 18 13 12 26 17 12 10 12 20 21 8 12 11 14 12 12 11 26 64 114 168 215 230 221 192 150 102 55 27 16 9 4 13 22 24 18 10 11 16 15 15 17 
8 13 11 10 10 11 8 19 8 9 20 9 8 15 9 12 9 12 14 6 7 15 24 12 6 20 17 22 20 19 18 17 7 18 4 13 7 6 33 59 106 166 213 239 228 194 149 106 62 28 13 7 6 5 14 18 19 10 9 10 12 16 23 27 
10 15 8 4 9 12 8 18 9 9 17 6 6 14 10 12 11 7 10 7 9 17 17 11 5 11 12 18 11 6 4 12 9 18 8 17 6 24 64 103 153 208 238 238 202 151 101 62 31 15 11 12 11 9 14 16 17 7 9 8 10 18 28 35 
17 18 11 3 4 11 9 20 9 9 15 4 4 12 7 13 12 6 6 4 11 18 12 13 14 9 8 9 5 6 5 4 8 15 11 29 30 59 110 153 194 230 239 212 159 100 55 27 13 16 13 11 10 11 14 15 15 6 13 14 14 18 25 26 
25 21 14 9 7 11 4 15 12 11 16 10 5 10 6 11 8 6 7 10 20 21 11 8 7 7 14 7 5 8 10 9 4 10 20 49 60 99 155 188 209 226 211 164 110 55 27 13 19 20 12 12 10 13 14 13 11 8 12 6 8 13 21 23 
20 17 14 9 3 9 5 11 6 8 14 12 5 9 7 9 6 6 4 8 16 11 9 16 15 15 18 8 5 9 5 9 6 6 27 69 96 146 198 213 211 205 165 112 69 29 20 15 16 18 13 18 20 16 12 13 8 7 9 12 12 11 11 11 
9 10 15 5 7 10 10 12 6 9 9 11 2 10 7 8 2 6 2 5 13 9 16 18 9 9 15 3 2 8 6 13 10 14 55 108 148 199 234 224 199 168 115 67 41 21 24 23 18 12 10 18 17 15 10 12 6 9 7 10 6 10 10 9 
12 8 16 13 15 14 16 15 10 14 8 8 3 11 9 12 7 9 7 8 13 8 15 14 8 8 16 10 5 8 9 16 24 51 107 161 195 226 230 193 152 113 65 32 22 20 26 26 22 13 13 18 14 9 10 12 9 13 10 11 12 14 15 16 
18 12 15 11 4 6 6 8 4 7 7 3 6 12 15 21 21 23 21 19 19 14 17 16 15 13 14 13 11 15 20 30 52 97 158 202 219 225 200 144 96 61 23 11 16 15 20 25 26 22 21 22 15 9 12 13 13 17 16 6 3 6 6 10 
13 11 12 12 11 9 10 13 10 6 6 6 7 9 11 17 12 17 18 16 16 10 13 10 13 15 12 11 10 18 36 62 96 151 204 225 222 208 165 105 64 32 5 4 11 8 14 24 24 20 18 19 10 7 14 16 17 21 19 8 10 5 14 23 
9 11 16 21 23 19 19 16 15 13 11 9 7 6 10 15 12 14 14 10 11 8 11 5 11 13 13 11 7 27 65 111 155 206 238 230 202 167 112 59 30 12 15 8 8 9 12 19 19 16 13 16 9 7 14 16 15 22 21 16 20 13 15 18 
6 6 14 16 20 15 12 8 9 7 11 11 8 7 9 9 11 17 18 16 12 9 12 6 8 11 12 6 20 58 113 168 206 233 235 203 155 109 55 12 9 18 21 12 8 3 10 17 16 14 8 12 13 13 19 22 22 29 25 19 22 17 18 17 
14 12 17 11 16 12 10 10 11 9 9 8 8 4 8 11 17 21 20 19 15 9 12 8 8 4 9 24 63 112 170 218 233 229 204 155 102 65 29 14 15 18 19 12 12 7 15 20 15 13 7 4 10 15 22 23 22 27 18 17 27 19 20 16 
16 17 22 15 16 15 14 13 12 8 5 2 9 9 11 14 19 18 16 22 18 11 9 3 1 7 25 58 109 162 211 238 230 204 166 114 65 39 17 20 17 15 14 9 9 5 16 16 12 11 8 5 4 8 15 12 9 16 3 18 26 17 22 18 
8 15 20 13 14 16 16 12 10 8 6 6 9 6 7 8 11 8 9 21 22 17 9 4 9 31 63 107 160 204 230 229 202 165 124 80 43 22 7 15 12 12 13 10 3 7 20 18 17 15 7 9 7 7 13 11 10 14 12 24 24 13 19 16 
10 16 18 11 10 13 14 11 8 6 6 7 11 7 6 9 13 12 15 23 24 18 7 10 33 70 117 166 207 230 230 202 156 113 76 40 16 7 6 15 12 9 11 5 6 8 21 19 16 14 8 6 6 5 11 11 10 13 14 24 20 13 19 16 
18 21 22 20 22 22 18 15 8 5 7 9 11 12 6 6 10 10 16 22 22 19 21 41 73 119 169 206 221 219 193 144 97 65 40 23 17 10 3 11 17 13 12 10 11 7 17 19 17 15 13 10 6 4 7 10 13 17 19 20 12 7 14 21 
15 16 14 9 13 12 15 15 7 7 4 7 10 11 6 7 8 14 21 22 22 24 41 71 112 166 208 221 210 184 138 85 51 37 25 21 20 14 7 7 15 16 17 19 17 5 10 10 13 13 12 7 4 9 14 20 23 27 29 25 16 7 3 13 
12 16 10 5 13 16 19 20 14 11 7 9 12 9 6 5 8 14 16 13 14 31 67 112 162 211 232 222 189 144 92 47 25 20 17 16 18 15 14 9 9 9 13 22 18 3 4 11 14 15 15 13 12 11 13 15 15 14 15 12 8 5 8 9 
15 21 14 13 17 17 23 25 21 18 6 3 11 8 9 3 6 12 11 13 32 70 120 167 207 232 225 195 148 99 56 27 15 10 9 17 22 17 19 9 9 6 13 26 18 9 11 7 11 11 10 15 19 11 9 2 4 4 8 13 13 12 17 18 
8 17 11 10 14 12 21 21 21 22 16 12 12 2 8 0 4 7 18 39 73 123 171 200 220 218 186 145 99 55 23 10 7 3 3 13 22 19 21 13 9 7 12 24 16 19 25 21 21 15 9 15 18 11 10 4 6 10 12 14 7 12 25 26 
12 17 10 6 7 6 18 17 16 18 13 11 10 9 13 13 17 27 46 76 120 173 205 215 218 195 146 102 64 24 9 10 8 7 6 12 19 15 17 14 13 12 11 17 8 14 19 18 16 8 5 14 15 14 17 16 16 14 14 18 12 17 24 17 
7 12 7 7 9 12 15 11 13 19 16 9 7 12 15 15 20 39 70 112 166 212 224 215 196 153 98 62 34 6 12 11 12 14 15 16 15 11 12 5 8 7 7 11 4 9 11 8 6 3 3 12 12 15 13 3 5 4 19 24 18 21 21 13 
8 9 12 16 18 17 9 9 11 17 15 7 15 18 17 19 34 68 111 163 213 238 226 195 155 103 53 27 13 9 10 10 9 11 12 11 8 11 13 12 14 10 7 6 9 11 12 8 4 3 6 9 9 18 16 16 14 8 16 19 17 18 15 13 
21 17 12 11 10 5 13 15 10 13 12 10 18 13 15 33 64 110 162 209 240 238 205 158 114 69 35 17 8 10 7 12 3 3 6 5 6 9 10 12 14 14 14 11 15 10 9 10 8 7 9 10 8 17 16 17 17 11 11 15 17 18 17 15 
15 14 9 9 13 9 16 12 5 11 12 14 18 10 31 66 106 156 200 227 233 208 160 111 72 41 24 19 11 14 7 11 4 3 9 9 9 7 5 4 8 10 12 16 19 11 7 7 15 14 12 13 11 15 16 15 14 12 13 15 16 12 12 15 
17 13 8 3 8 8 12 8 4 11 16 20 31 37 69 116 160 202 227 226 205 160 108 67 37 16 11 14 17 18 8 9 7 8 15 14 13 12 11 11 12 12 12 15 19 17 16 16 20 17 12 9 5 9 9 10 12 6 3 10 16 18 19 20 
18 18 15 13 18 18 13 7 12 12 20 32 50 66 110 163 199 225 223 193 154 109 65 34 18 10 12 14 18 18 9 7 7 11 15 14 14 16 9 9 14 12 11 13 14 12 11 13 13 11 9 11 6 6 9 9 12 12 9 2 11 17 20 22 
20 22 22 24 24 25 9 4 20 14 21 42 70 101 157 203 222 226 198 151 107 72 38 17 12 7 15 16 17 16 7 5 7 9 11 16 7 14 10 9 15 12 10 11 8 6 4 5 3 6 6 11 7 3 5 3 0 8 16 18 14 13 10 8 
9 13 15 19 19 26 12 11 22 19 34 66 105 151 203 228 223 203 157 104 65 43 23 16 21 16 22 20 18 17 8 4 5 9 13 19 13 18 11 7 12 7 5 7 7 6 3 4 0 3 5 10 9 7 7 8 8 9 5 11 7 7 9 8 
9 12 10 17 13 23 16 18 28 37 64 109 159 204 234 231 201 159 106 60 33 26 20 16 23 18 23 18 15 18 10 9 8 7 9 15 8 12 7 4 10 5 5 8 11 6 4 6 3 3 3 8 12 10 4 9 12 13 6 13 7 9 12 13 
8 12 8 13 9 15 17 26 43 66 105 155 201 231 235 205 156 105 60 32 19 16 16 12 21 18 20 12 9 12 4 7 11 10 9 12 7 8 5 5 11 9 9 13 13 4 0 2 4 6 6 12 15 11 9 15 15 16 12 20 15 10 9 8 
7 12 7 8 6 18 31 46 66 102 149 194 226 232 208 160 106 64 36 21 18 15 12 7 20 17 14 8 11 14 8 10 14 9 8 8 6 7 2 3 7 6 7 11 9 6 9 13 13 11 12 15 14 13 15 20 12 12 5 13 13 13 19 19 
9 15 10 6 11 27 48 71 102 147 192 220 229 206 160 109 65 37 21 14 13 13 9 7 15 15 13 16 15 18 11 5 18 9 9 6 3 3 9 8 9 7 7 9 6 7 12 13 12 10 11 11 10 13 16 25 14 10 10 11 11 7 7 9 
11 16 16 12 22 42 71 105 145 188 218 225 208 162 110 66 39 23 14 10 3 8 8 7 12 12 12 10 5 12 7 15 27 17 17 12 5 12 12 11 14 15 17 18 15 13 10 5 8 6 11 10 12 16 19 27 16 8 8 10 12 10 12 14 
6 9 13 14 40 71 109 151 190 217 220 201 160 104 61 33 27 18 13 9 2 11 9 4 4 7 8 9 15 16 15 18 20 6 11 14 10 11 9 9 13 14 15 15 13 11 11 13 10 13 18 15 16 18 22 29 14 3 3 7 12 8 8 11 
6 7 16 32 71 111 153 195 223 225 200 159 106 55 27 16 20 17 15 8 6 14 14 6 4 9 9 13 17 14 12 14 11 9 11 13 12 9 11 13 15 17 15 12 8 7 10 17 11 15 14 7 9 11 22 30 12 5 4 8 12 13 14 16 
10 15 32 66 115 159 195 226 232 208 165 116 65 30 18 14 17 19 16 10 12 15 16 10 12 14 14 16 14 12 12 11 4 6 9 15 13 7 4 5 9 11 11 7 4 7 11 20 14 17 16 6 5 5 20 27 11 6 8 8 9 11 12 16 
13 24 43 86 140 182 205 217 202 163 117 73 36 21 20 17 16 14 10 10 15 18 18 16 19 18 15 10 10 16 14 9 6 9 10 19 15 9 7 5 7 10 7 3 7 12 16 22 11 17 17 8 6 4 21 25 10 12 15 13 10 11 11 10 
17 37 63 108 163 202 211 204 174 126 81 43 18 17 18 16 13 9 8 12 19 24 18 15 18 15 15 5 12 22 17 15 17 20 20 20 11 6 9 7 7 7 7 15 19 21 23 21 12 19 20 11 8 9 27 30 13 16 20 18 15 21 23 21 
20 45 78 124 179 214 209 186 146 94 52 21 9 15 18 11 8 6 8 15 23 26 16 11 15 12 18 9 18 28 18 13 13 10 14 12 6 4 11 6 5 5 14 21 25 24 23 18 14 21 23 16 15 15 32 32 15 18 23 19 12 20 18 13 

13 8 3 3 8 3 8 12 13 15 9 15 11 14 15 9 5 6 7 12 6 16 10 16 25 29 27 21 14 4 16 22 14 18 15 12 13 10 4 4 10 9 15 21 14 9 5 7 20 22 15 12 6 5 10 4 8 18 21 23 20 22 27 30 
11 7 3 4 10 3 4 10 16 21 18 19 14 15 14 12 11 8 8 11 9 13 8 13 22 27 26 19 12 6 13 17 9 12 8 5 6 7 3 5 11 8 17 19 9 9 3 6 17 17 14 9 5 5 9 6 4 12 18 25 39 57 69 77 
9 8 12 14 18 13 6 7 11 19 16 12 8 7 4 12 16 17 17 7 6 12 8 11 18 23 23 18 14 7 9 12 6 9 5 6 3 6 4 3 10 5 14 15 8 6 0 6 14 13 9 10 15 13 11 7 7 8 15 35 67 93 113 127 
11 9 13 10 15 11 12 14 11 15 15 12 10 7 4 7 13 15 17 11 10 14 9 12 18 18 17 14 11 6 6 12 8 12 9 11 9 10 6 2 10 2 11 13 4 1 6 10 19 18 15 20 22 18 14 12 13 16 36 65 108 139 162 174 
7 3 10 5 15 13 13 15 8 9 8 8 8 5 3 9 15 17 16 12 12 15 7 6 11 15 15 11 11 11 10 13 9 15 13 17 17 16 8 4 13 13 17 14 1 6 11 15 21 14 14 16 13 11 12 12 16 38 70 106 158 184 199 205 
12 11 12 8 14 16 17 21 21 18 16 14 11 8 5 10 14 13 11 7 10 12 6 13 13 12 10 3 7 8 9 10 6 14 13 17 18 15 10 9 10 9 11 5 10 9 11 11 11 12 14 16 18 17 17 17 31 64 106 153 202 212 214 213 
13 12 9 4 9 9 8 13 14 15 17 16 14 15 17 16 14 9 1 6 12 11 9 12 12 11 9 3 7 6 11 11 8 13 6 5 9 12 14 16 17 15 15 8 9 5 6 6 7 9 10 9 6 3 10 27 60 103 155 200 227 215 198 184 
12 12 12 16 20 18 13 6 3 8 13 14 10 7 9 11 12 11 9 7 14 15 10 7 5 8 9 10 10 7 11 13 8 8 3 6 7 6 8 10 14 13 12 7 6 6 5 6 8 9 6 4 5 12 27 60 105 152 202 227 227 197 164 139 
14 14 12 11 10 4 9 8 11 10 11 12 13 9 6 6 5 7 9 7 6 15 23 25 24 20 13 10 7 3 8 8 4 9 14 15 14 11 7 6 10 10 10 4 7 10 8 8 2 6 6 7 12 29 56 100 149 190 220 221 201 161 123 99 
14 15 13 9 7 3 13 10 10 12 10 9 11 11 7 6 3 5 3 4 6 9 15 17 23 24 21 20 13 9 10 9 8 10 14 20 18 15 11 6 11 14 14 8 7 6 5 9 12 11 6 5 19 52 96 154 200 223 227 205 164 118 80 56 
9 13 13 15 16 15 21 16 16 21 18 10 5 7 6 6 8 3 5 4 11 12 9 7 6 10 18 20 13 9 9 10 11 11 10 18 17 18 19 13 4 10 16 10 6 3 10 15 16 12 11 20 50 99 153 205 230 227 208 167 118 77 47 26 
3 10 9 6 8 12 22 19 17 19 17 11 5 6 7 9 12 7 9 11 14 15 11 9 6 12 22 23 17 13 9 7 9 12 11 15 15 16 17 18 13 8 11 2 2 11 9 8 9 9 20 49 95 150 197 229 225 195 156 109 66 38 23 9 
7 7 6 13 19 26 29 21 18 15 14 11 7 4 6 7 8 4 16 15 13 17 18 14 7 12 24 27 24 20 15 12 10 11 8 8 10 13 14 16 17 10 9 3 6 17 13 7 15 25 51 94 148 196 223 227 200 152 106 67 37 21 16 9 
9 7 6 10 11 16 15 12 19 13 12 11 12 5 4 8 8 5 15 13 8 12 17 17 12 18 24 24 20 12 6 4 4 10 8 5 9 13 16 16 19 14 6 5 5 22 19 15 33 56 95 147 200 230 230 208 162 107 66 39 18 11 14 16 
23 21 20 17 13 15 10 13 19 12 13 15 17 11 6 4 7 7 11 11 8 11 10 11 10 16 18 17 15 8 7 8 6 9 9 6 10 11 12 15 17 16 9 9 11 24 26 29 57 91 140 191 227 231 202 161 110 61 32 15 2 7 12 15 
17 14 11 9 9 11 8 12 17 13 8 8 13 11 8 2 2 6 9 8 7 9 5 8 10 15 12 10 12 17 19 17 14 11 7 9 12 13 20 19 12 7 10 12 16 26 38 58 97 141 187 219 227 203 154 105 64 33 18 9 6 6 5 6 
11 12 10 9 11 14 16 12 13 13 7 13 9 9 7 2 4 6 9 6 6 7 3 8 10 15 11 9 12 10 7 5 6 3 5 10 13 13 16 12 10 5 4 9 23 46 74 110 154 191 215 217 197 157 104 59 29 9 3 4 3 4 6 8 
5 7 2 4 9 12 13 12 13 12 5 8 1 6 8 1 4 9 14 11 10 10 3 3 3 10 2 10 13 6 7 2 10 8 4 4 8 6 11 6 9 12 11 23 49 80 118 160 194 210 209 188 148 103 60 25 15 16 10 6 5 4 6 8 
9 8 2 7 15 18 16 20 21 18 12 12 5 7 10 13 12 9 10 6 9 13 7 3 2 9 3 12 13 3 7 2 15 10 7 2 4 1 9 11 11 18 19 43 78 115 158 196 215 210 190 153 104 60 32 13 9 12 10 11 12 9 10 10 
14 14 12 14 17 17 15 20 20 15 17 18 12 7 4 11 17 20 18 12 11 15 10 3 3 9 7 15 15 6 10 5 18 12 11 6 6 6 12 13 8 20 39 74 117 159 199 220 217 189 149 102 55 26 15 11 12 17 18 15 17 14 14 18 
16 10 6 4 7 11 12 15 16 15 21 14 9 12 13 8 9 13 12 13 12 16 10 10 7 9 6 13 17 13 15 7 16 13 15 13 12 14 19 23 21 37 71 117 161 198 218 214 188 142 90 50 16 13 10 15 14 17 21 7 11 11 8 12 
10 8 7 5 2 8 12 11 12 14 23 20 6 7 12 16 18 14 6 7 8 16 9 11 14 16 10 8 8 9 18 12 11 12 17 17 16 18 18 21 37 68 113 165 200 217 212 186 150 101 56 32 14 19 12 22 22 23 27 14 18 15 13 12 
11 11 13 13 12 12 10 8 9 9 14 15 8 9 8 8 7 8 15 18 22 24 14 9 11 19 13 6 5 6 19 17 5 6 12 12 15 17 10 24 61 107 162 208 224 217 188 147 108 64 32 20 11 19 19 31 33 32 27 14 18 16 15 19 
17 14 10 3 3 8 6 12 7 10 18 15 9 10 12 10 5 8 14 12 12 10 13 12 13 19 12 7 7 9 17 18 7 10 7 10 12 13 27 58 105 161 212 238 228 198 152 106 67 32 16 17 15 9 16 24 19 12 6 6 13 6 2 6 
17 16 11 9 8 7 6 18 6 3 14 10 9 12 11 9 7 11 15 10 13 19 24 15 11 13 10 17 16 15 16 15 10 15 7 11 12 26 64 103 154 205 234 234 200 153 105 68 38 18 11 9 9 6 18 21 15 8 9 11 9 3 9 12 
14 17 8 4 9 10 9 21 6 7 13 10 12 16 15 7 5 7 12 11 13 15 13 8 7 8 11 13 9 9 9 15 16 12 4 17 24 57 106 152 196 228 233 207 155 104 65 39 23 18 12 10 6 3 18 18 14 12 13 12 10 12 17 21 
12 20 12 9 12 13 11 21 5 8 13 9 12 15 14 6 8 7 7 7 8 12 8 9 11 8 9 3 7 11 12 13 17 10 12 35 54 99 156 195 218 228 212 166 108 62 34 18 18 21 14 8 6 6 17 19 17 13 15 14 14 15 18 19 
14 16 14 11 11 13 5 20 13 11 14 9 8 12 10 6 12 11 9 10 15 19 16 12 10 11 13 3 8 14 18 19 15 12 34 70 99 149 198 216 214 203 168 114 64 27 17 15 24 25 17 11 5 9 16 19 16 13 12 7 9 10 18 24 
21 15 16 13 7 13 8 17 8 6 12 10 3 10 10 9 13 10 7 8 13 12 10 12 11 10 16 9 10 15 12 15 6 21 60 110 149 197 227 218 194 165 118 70 36 13 16 17 25 26 18 14 14 15 15 17 12 9 10 12 13 9 9 14 
14 11 16 12 5 12 15 16 7 7 7 11 3 10 9 9 11 8 5 6 12 11 16 15 6 3 15 13 11 14 8 11 10 48 103 158 196 230 236 202 162 122 75 40 23 14 19 23 26 25 17 14 14 16 15 16 8 7 6 8 4 6 9 13 
15 11 16 16 14 14 18 16 11 13 7 7 2 10 10 14 12 10 11 12 15 13 14 8 7 12 21 21 15 14 9 24 50 101 161 208 228 233 206 151 106 70 35 19 18 18 24 29 29 23 15 13 13 15 14 13 9 11 12 8 12 16 22 27 
17 11 13 12 2 8 8 6 2 8 11 6 5 8 14 21 21 22 21 18 20 15 11 8 15 20 22 24 18 18 27 50 93 152 205 233 231 209 158 97 56 30 12 18 21 17 21 27 25 22 18 17 15 12 8 5 5 9 17 6 6 12 18 25 
11 7 8 13 13 5 7 10 6 9 11 9 9 6 6 12 4 6 6 7 14 10 7 10 21 26 24 23 19 29 56 93 141 195 230 233 208 169 114 60 30 9 5 10 18 13 19 25 20 17 12 12 10 6 2 5 8 13 20 11 10 14 26 36 
12 12 15 22 28 27 27 22 16 12 10 8 5 3 10 12 11 13 15 14 11 7 9 12 22 27 23 16 24 54 103 154 195 229 237 211 165 117 63 23 10 11 12 6 16 17 21 23 16 11 5 12 7 3 4 8 9 18 24 18 18 18 28 38 
6 7 15 15 20 19 21 20 18 13 13 9 6 6 8 8 14 19 24 26 21 13 11 8 14 19 17 25 59 105 164 211 229 233 213 166 111 63 20 9 20 22 16 8 15 14 18 19 9 6 3 12 11 11 16 21 23 28 27 16 18 18 28 37 
13 11 16 4 9 8 13 16 17 14 12 8 9 4 9 13 17 21 26 27 26 20 17 10 2 10 29 63 113 164 214 241 230 203 162 109 61 31 15 19 19 19 13 8 16 13 18 18 9 8 7 4 11 15 21 24 23 26 21 13 24 18 24 30 
15 13 19 8 4 8 15 17 18 15 9 5 11 9 14 17 20 20 22 25 27 22 16 8 16 34 62 108 163 206 237 239 205 161 117 70 34 19 17 25 24 22 17 15 15 14 18 15 4 3 9 4 7 12 16 17 12 16 11 14 24 16 22 23 
7 14 15 6 2 8 16 12 14 14 11 9 10 4 9 12 15 14 14 17 25 25 17 17 40 71 114 166 209 232 237 212 165 121 83 48 25 15 12 16 14 12 12 15 12 13 21 16 8 5 6 10 11 13 16 18 15 17 15 21 23 15 22 19 
10 12 11 3 9 17 18 11 10 8 9 6 10 3 9 14 18 17 15 17 22 23 18 37 75 119 171 216 235 235 214 167 116 78 48 19 6 10 14 16 13 10 5 3 10 13 22 19 11 8 6 6 10 9 11 15 12 12 12 20 19 15 21 16 
18 18 19 23 31 32 28 22 16 9 6 6 6 8 11 12 17 14 9 15 21 27 42 76 123 173 216 231 219 194 155 103 66 47 30 19 12 4 8 16 22 19 14 9 9 10 18 20 16 13 14 12 10 7 4 9 11 11 12 14 12 13 18 19 
18 16 9 15 21 20 19 16 13 10 3 3 3 6 8 10 12 9 11 19 28 45 76 117 166 212 233 217 180 139 93 50 35 35 26 21 20 14 6 8 17 18 18 19 14 2 7 12 14 11 11 8 3 8 13 18 22 22 22 20 14 11 8 10 
22 19 6 10 15 17 20 15 17 14 5 3 7 5 8 9 8 3 7 13 31 65 110 158 203 233 226 190 140 92 50 21 16 25 23 21 24 18 10 5 11 12 16 24 18 6 10 15 18 15 13 13 9 12 18 17 20 18 16 14 13 12 6 4 
26 25 13 13 14 14 21 18 22 20 12 10 12 10 13 11 8 5 16 32 64 115 167 205 229 229 195 146 93 52 25 11 8 12 17 23 27 19 12 6 16 17 21 29 17 6 7 3 11 7 2 12 14 13 16 9 12 12 12 15 16 18 21 25 
19 21 10 12 6 6 20 12 18 19 15 17 17 11 16 13 12 20 43 72 116 173 211 221 219 194 140 91 47 18 9 8 6 4 9 19 27 19 15 9 15 16 19 27 20 22 23 19 21 15 11 15 14 15 17 9 10 13 15 16 12 15 26 32 
17 20 10 13 8 7 21 11 13 14 13 18 13 9 16 16 24 46 79 118 169 217 227 212 192 148 89 52 24 12 14 10 8 1 6 15 20 15 15 17 23 20 17 17 9 15 20 21 19 13 11 14 13 19 24 19 18 18 17 20 11 15 22 14 
11 14 7 10 6 10 17 8 12 15 17 14 5 11 19 25 40 73 116 162 211 239 225 193 156 102 51 29 11 16 11 12 14 12 9 11 10 13 16 16 20 17 13 8 4 8 10 15 15 13 13 10 7 16 16 12 10 9 17 23 15 20 23 9 
11 8 9 16 17 19 13 10 12 14 16 6 13 18 26 43 69 114 164 208 238 239 203 156 111 61 26 12 3 15 3 12 13 15 12 11 12 17 21 19 17 11 7 7 15 16 16 19 18 14 12 5 7 19 23 26 23 16 18 20 15 19 19 6 
18 15 13 15 12 10 10 17 13 13 14 5 19 20 38 70 109 161 205 230 237 212 158 108 70 34 17 9 4 15 3 15 6 9 4 8 13 14 14 12 9 6 7 10 16 14 15 19 20 15 12 6 7 15 18 20 21 18 17 19 16 17 21 12 
6 8 11 13 14 13 16 17 9 9 11 13 27 35 71 116 161 206 230 228 208 164 107 66 38 16 13 10 7 15 2 15 6 6 9 14 18 15 12 9 5 6 8 15 18 12 12 15 21 18 13 9 10 14 16 15 16 14 15 19 15 11 14 13 
13 11 10 9 12 13 11 9 8 13 20 29 49 70 117 171 210 236 233 204 163 112 63 35 16 8 9 9 13 14 6 11 4 4 12 13 16 15 15 13 12 11 8 10 15 14 15 18 23 20 14 4 4 9 10 10 11 7 8 15 18 16 19 21 
16 17 16 16 20 22 11 3 13 13 22 43 73 105 160 208 228 229 199 150 104 64 30 14 5 11 10 9 13 12 9 8 5 8 12 12 15 18 14 13 14 12 9 9 13 14 15 19 21 17 9 3 6 8 5 5 9 10 9 8 13 16 20 22 
14 15 19 23 23 27 15 8 22 19 33 66 106 149 203 233 228 206 157 101 62 38 19 12 9 8 12 10 11 6 3 5 5 7 8 13 9 11 13 10 14 11 5 5 9 12 12 12 12 8 5 6 6 7 8 8 5 6 10 14 15 13 11 10 
9 9 6 12 13 24 17 18 30 34 62 105 154 196 230 233 206 164 107 59 30 21 17 18 22 19 20 14 10 7 3 6 4 8 12 18 16 22 20 16 18 14 8 3 5 3 2 4 4 4 5 6 6 9 12 14 13 13 7 5 8 9 10 11 
12 12 6 12 5 19 19 25 43 62 102 154 202 230 235 211 163 109 59 27 14 13 15 12 17 15 16 8 6 11 10 14 10 6 6 13 9 15 8 3 12 8 11 3 7 4 3 5 5 7 7 10 11 14 11 11 16 17 12 6 8 11 13 14 
9 11 2 9 8 18 26 41 66 102 149 195 229 233 209 162 104 55 24 14 14 10 11 4 14 12 13 7 8 10 8 11 9 9 4 9 4 9 5 7 13 14 14 8 11 6 6 3 1 3 11 19 18 16 11 17 22 20 15 16 18 19 21 23 
7 13 8 5 9 26 44 67 100 147 192 222 234 212 164 108 58 26 12 7 12 9 7 4 16 14 9 9 13 11 5 6 7 6 1 5 6 6 3 4 4 3 4 6 9 9 9 11 10 9 15 17 15 16 15 23 20 15 8 5 16 23 30 34 
5 14 14 9 22 43 71 105 144 189 219 224 209 163 107 61 27 15 7 4 8 6 5 6 12 13 12 18 18 15 9 6 16 14 13 9 6 5 8 7 5 4 3 4 5 11 17 16 14 8 12 10 11 15 13 25 20 13 9 7 16 23 25 30 
7 14 19 22 43 70 108 148 183 213 219 202 163 108 62 29 13 13 7 6 3 6 8 11 15 15 15 17 16 14 12 17 27 21 21 15 7 12 12 10 9 13 16 16 13 12 12 5 7 8 16 15 14 14 11 24 18 8 6 7 17 23 26 30 
6 12 21 39 74 112 156 192 213 217 197 158 108 58 28 6 11 12 12 8 4 5 8 5 7 8 7 7 14 20 22 22 23 13 16 17 12 14 12 9 3 5 3 7 10 12 12 6 6 15 20 15 12 10 15 25 16 4 3 6 13 18 21 24 
10 19 37 72 120 163 199 223 227 202 158 111 60 24 17 4 6 9 10 5 7 9 16 12 11 14 11 15 20 20 18 14 13 12 12 15 15 15 14 12 9 11 7 6 6 11 13 10 4 15 13 6 7 9 21 27 13 5 4 5 8 12 14 16 
22 37 65 114 167 204 223 231 210 163 113 71 28 15 21 9 8 10 9 10 12 8 18 15 13 17 16 18 16 13 12 7 6 9 5 13 15 14 13 8 3 7 3 4 6 8 10 13 9 17 16 12 11 12 22 25 10 1 3 3 3 5 2 5 
35 55 86 137 185 211 213 201 161 110 68 36 15 21 29 17 13 11 9 12 16 11 14 15 16 15 11 13 9 13 10 3 6 11 8 13 16 12 13 8 3 6 4 8 7 9 12 15 9 18 18 13 15 15 27 27 11 7 8 5 8 10 8 12 
48 74 111 160 201 216 201 173 127 77 41 19 16 22 31 18 14 9 5 12 20 19 14 14 18 18 14 13 12 19 11 13 21 24 23 17 15 10 14 10 5 2 9 14 15 14 15 12 6 19 23 20 22 22 35 31 14 12 15 13 13 19 21 25 
57 90 129 174 209 214 183 146 99 49 19 8 18 23 34 18 18 13 9 16 23 22 11 8 14 16 17 16 17 27 15 15 20 15 20 9 9 4 13 4 3 5 13 9 11 9 12 8 8 19 27 27 28 27 38 32 16 14 18 15 15 22 24 30 

13 7 6 5 5 3 7 10 17 20 11 16 11 13 12 10 13 11 11 13 8 20 19 20 22 18 15 7 3 13 23 28 22 24 21 13 10 12 12 14 15 11 14 23 13 8 4 8 9 17 7 10 7 6 8 7 18 23 21 18 42 70 92 110 
12 7 4 3 7 4 6 11 19 25 21 20 14 14 10 13 17 10 10 15 12 17 17 20 22 18 17 10 4 10 18 23 19 22 18 9 6 13 12 15 16 13 18 21 10 7 2 6 9 15 9 7 9 7 8 8 11 14 25 40 76 105 126 142 
13 10 14 15 16 12 10 11 17 23 21 16 10 8 7 15 22 17 9 5 9 14 13 16 19 18 18 13 8 7 13 17 14 18 15 9 8 12 10 12 15 10 16 16 8 3 5 6 9 13 5 8 17 14 15 14 7 14 34 66 115 146 167 182 
11 7 12 8 11 7 14 18 15 18 18 16 12 9 9 14 21 18 12 8 12 13 10 11 15 16 17 15 11 4 9 17 13 21 17 11 8 9 7 7 12 9 13 13 5 2 10 8 14 15 10 16 23 18 16 12 13 42 73 112 165 192 205 214 
6 3 11 9 13 12 13 15 4 3 4 7 9 6 8 15 21 17 13 10 14 9 3 5 7 12 13 13 11 10 12 19 15 22 15 15 11 8 8 9 12 15 18 14 2 6 14 14 20 15 16 21 23 17 16 21 41 83 122 162 210 218 214 212 
9 9 10 12 14 17 18 24 22 18 14 10 12 9 8 13 18 16 10 8 11 7 13 17 16 14 11 9 6 5 5 12 9 17 8 12 11 9 14 13 6 6 10 2 9 6 12 14 15 13 12 15 19 19 21 35 71 120 163 204 233 216 197 185 
9 11 11 11 11 10 9 16 16 18 20 16 17 14 12 9 9 10 11 14 16 11 16 13 8 10 7 8 5 2 2 9 7 12 4 5 9 13 18 19 15 10 11 5 9 4 7 8 9 10 11 11 6 7 25 62 113 161 205 231 227 187 153 130 
9 10 11 15 18 13 9 7 5 12 18 13 11 6 6 9 9 9 10 11 19 16 13 8 7 12 9 9 8 8 5 8 5 6 6 9 13 17 18 21 20 15 14 10 11 11 12 12 11 9 5 2 9 27 60 112 165 203 232 230 198 148 108 82 
9 9 8 7 7 4 10 10 16 17 21 17 17 13 8 10 9 10 12 11 9 15 21 23 23 18 9 9 9 10 6 7 6 11 15 13 15 16 14 18 17 11 7 5 10 12 12 12 7 5 3 8 25 55 99 158 201 219 223 198 153 106 72 50 
9 12 11 9 8 9 17 14 17 18 19 15 12 14 9 8 8 9 9 10 8 5 12 12 17 18 15 15 9 9 9 12 10 13 11 11 10 10 13 11 13 13 12 8 9 9 9 9 12 10 7 18 47 91 146 202 227 220 199 158 108 68 41 23 
6 11 11 12 13 17 27 17 16 18 14 4 3 11 6 7 10 6 7 7 9 11 10 9 10 11 16 16 9 7 9 12 10 11 4 10 6 7 15 12 6 8 13 12 12 10 12 17 19 19 26 51 98 150 198 235 230 196 158 111 69 42 25 14 
8 13 14 12 13 18 28 18 12 13 11 8 8 9 5 5 8 2 8 9 10 12 9 11 13 16 18 15 7 3 9 15 15 15 8 9 7 6 12 14 9 5 8 12 15 18 16 15 17 25 49 95 152 197 224 233 199 147 102 62 34 22 16 8 
10 10 9 15 21 27 29 17 12 8 8 6 3 4 5 4 7 4 14 10 14 16 13 11 11 18 20 16 11 15 17 21 20 15 6 5 5 8 12 12 14 13 13 16 16 21 18 15 33 59 95 148 200 225 224 205 156 102 62 35 22 17 14 10 
6 7 10 15 14 17 14 6 18 14 15 13 11 4 3 7 7 5 16 13 13 15 12 12 15 21 19 12 0 8 12 18 20 14 6 2 4 9 12 10 14 20 10 11 10 23 24 29 64 103 148 198 235 236 208 167 112 62 32 18 13 11 12 16 
19 20 23 22 18 15 6 11 20 14 15 15 16 12 5 6 9 9 12 14 14 14 7 8 14 18 13 5 4 14 16 21 23 17 8 6 6 7 9 5 9 19 12 13 13 27 37 53 98 145 189 224 237 211 162 114 67 30 12 6 6 11 15 18 
10 8 12 13 13 11 7 11 18 14 9 6 9 9 8 6 7 7 9 12 13 11 5 6 10 14 6 3 15 23 24 25 24 18 9 6 5 6 14 16 13 8 9 14 22 41 64 96 146 190 218 226 210 163 106 63 32 15 12 7 5 4 4 4 
2 6 11 14 15 18 18 11 14 16 8 11 6 7 11 4 5 4 6 9 10 7 6 7 6 9 4 11 19 18 15 15 17 16 12 13 12 11 13 10 6 3 8 21 43 77 116 156 198 221 222 201 163 111 62 27 12 5 7 3 3 5 6 6 
8 8 6 9 10 14 13 12 12 17 4 8 5 7 13 4 4 8 12 12 11 9 4 2 6 12 13 19 17 12 12 10 16 14 10 11 13 13 15 13 10 14 26 50 82 122 163 195 215 212 188 152 108 66 31 9 9 13 9 7 8 7 9 11 
7 9 6 10 15 17 15 17 15 18 5 7 8 6 12 9 10 11 9 8 8 7 7 7 9 14 17 20 13 4 5 3 16 10 11 9 13 13 16 15 16 28 49 82 122 163 195 212 211 187 149 109 67 33 16 6 4 10 12 14 8 2 7 8 
14 15 11 13 17 18 17 19 18 14 10 14 13 10 5 10 13 20 17 15 15 14 13 10 12 17 20 22 14 7 8 8 21 9 10 7 7 7 11 12 22 46 81 124 169 205 222 217 193 149 101 63 28 11 9 9 9 17 18 19 18 12 13 15 
17 12 6 6 8 11 14 17 16 11 12 11 9 11 10 15 6 13 12 15 13 8 8 6 10 15 20 22 17 14 14 13 22 11 10 6 3 5 12 22 44 78 128 177 210 227 220 188 145 92 45 22 6 15 10 17 11 15 19 8 15 7 6 7 
16 12 8 7 6 7 11 11 12 12 16 17 7 5 8 15 12 13 7 9 8 6 9 5 6 11 15 16 10 9 15 15 21 18 18 16 13 14 14 31 69 118 174 216 230 223 191 143 100 57 25 15 10 17 14 27 21 20 23 11 20 9 8 9 
12 11 11 12 12 13 12 8 8 8 10 13 9 6 6 8 3 3 9 12 14 19 16 9 8 12 14 14 8 5 14 13 13 12 12 13 14 18 23 56 106 161 211 238 229 201 154 103 67 33 14 15 12 18 19 33 26 24 20 10 23 15 16 21 
13 8 4 9 10 11 11 9 5 7 12 9 3 4 7 6 4 7 15 9 8 13 13 13 10 10 16 17 11 10 13 11 6 7 4 5 8 24 57 102 156 206 239 241 208 164 113 68 39 14 10 13 11 10 15 28 14 4 5 8 18 11 10 13 
20 17 15 18 18 15 7 13 4 3 9 7 11 13 12 3 4 11 18 15 20 25 25 15 6 6 16 19 13 10 9 8 7 8 6 13 24 58 105 152 198 230 235 210 161 112 70 41 21 12 9 4 7 6 18 24 16 15 18 20 20 15 14 12 
14 15 10 16 22 20 8 18 3 7 9 9 17 19 20 8 2 7 14 15 18 16 10 7 7 12 19 17 11 3 4 10 12 3 14 33 57 102 155 195 221 228 209 166 112 71 42 26 18 17 13 9 6 3 16 22 14 16 18 17 17 21 23 22 
13 20 13 18 24 22 12 19 4 10 10 8 15 18 21 8 3 8 11 12 13 9 5 3 7 11 14 10 9 3 4 7 9 12 32 61 96 148 196 220 221 207 173 121 73 41 24 15 15 18 12 8 9 4 13 20 14 13 13 11 14 18 20 17 
7 14 16 19 23 21 9 20 12 9 10 7 13 19 21 10 9 12 11 12 14 12 11 10 11 16 15 8 3 5 12 14 12 34 66 107 149 194 223 221 199 168 126 76 38 16 13 12 21 22 17 12 9 0 12 19 15 11 7 5 7 7 12 15 
19 10 14 20 20 20 14 14 7 6 9 10 6 14 17 6 4 8 7 11 11 6 5 5 6 8 10 1 3 11 9 11 24 63 108 159 196 225 228 200 161 123 83 47 23 13 10 10 21 23 19 16 13 12 15 21 15 11 8 10 10 6 5 10 
16 12 14 20 15 17 19 13 7 6 5 12 3 11 16 12 15 14 11 12 12 8 10 10 4 2 9 8 7 13 8 19 53 105 158 202 223 227 205 160 117 82 51 31 19 11 9 10 18 18 14 10 10 15 18 22 16 13 10 9 6 5 7 11 
14 10 11 16 11 12 20 15 13 15 12 8 0 8 13 15 15 14 15 16 15 10 8 6 7 12 15 15 14 21 32 60 108 167 212 236 230 205 156 102 64 40 25 22 19 15 14 11 16 14 6 4 10 15 17 18 12 9 12 9 12 18 24 28 
14 8 6 12 8 11 10 5 8 10 16 10 4 4 15 23 22 22 20 18 18 11 6 7 12 13 9 16 22 37 58 96 152 206 236 240 211 163 103 52 24 16 20 26 23 15 14 9 12 11 7 10 16 16 14 11 7 3 16 14 14 18 22 21 
7 4 2 12 13 5 7 10 10 9 9 9 6 8 15 17 11 9 8 8 14 9 3 8 15 13 3 19 38 62 96 140 188 223 232 214 168 113 60 22 2 7 12 18 20 9 11 10 9 13 10 15 19 18 16 13 10 10 21 18 13 13 14 9 
12 11 13 20 28 30 32 28 18 8 6 9 7 10 17 16 15 17 19 17 14 9 6 10 16 14 12 34 67 104 152 196 223 230 213 172 117 65 22 5 12 14 10 12 21 15 13 13 5 9 10 16 19 19 19 17 13 18 26 21 16 10 11 15 
6 8 14 18 21 22 22 20 18 11 12 12 7 10 13 15 20 23 29 28 23 15 12 6 12 20 35 69 115 162 208 234 231 211 173 123 71 28 1 17 21 20 13 15 21 16 16 15 9 7 7 11 14 16 21 26 26 27 27 15 13 6 14 21 
9 6 12 9 11 8 4 8 12 8 11 11 9 9 11 16 20 24 30 25 25 22 19 10 9 33 66 114 170 211 237 238 205 160 112 68 32 13 12 18 14 11 5 15 21 16 15 13 7 8 10 3 7 11 17 23 19 18 16 9 18 9 15 23 
14 11 13 11 9 8 8 11 15 15 9 5 12 10 14 18 21 24 29 20 22 23 20 20 37 67 108 160 211 234 238 217 167 115 72 37 13 11 14 23 26 24 21 22 21 17 16 12 6 6 11 7 3 6 9 17 5 9 11 11 19 8 16 23 
12 14 11 11 11 10 9 6 15 18 14 10 14 8 8 12 18 20 24 10 16 26 27 40 71 110 159 207 236 238 220 179 127 83 51 29 20 18 14 12 12 12 12 17 13 13 17 12 5 4 7 11 11 8 9 17 8 11 14 19 19 11 20 24 
10 8 6 11 17 21 17 13 15 15 13 8 15 8 9 15 20 21 25 18 16 28 40 70 114 158 205 234 233 213 176 125 81 50 23 7 12 19 17 12 12 9 7 8 12 16 20 17 12 10 8 8 12 8 6 15 7 7 10 16 14 11 20 22 
14 15 19 29 34 34 31 29 26 19 14 11 12 10 14 15 19 17 18 18 19 43 75 119 167 206 230 223 191 154 110 68 47 33 16 10 1 13 18 21 26 23 12 3 12 16 20 22 18 15 16 15 16 12 8 9 8 5 8 9 9 10 17 18 
6 5 9 21 20 15 14 18 21 15 9 6 8 12 16 19 22 16 17 25 41 77 121 167 206 229 223 186 136 93 55 33 35 33 19 13 12 5 8 11 18 21 17 14 9 8 10 14 15 12 12 12 10 6 9 12 16 12 13 10 7 9 12 9 
9 9 8 18 11 10 10 4 17 10 2 5 10 13 19 21 23 16 19 32 65 114 162 201 224 225 194 144 91 50 22 13 26 34 25 18 19 6 3 4 15 17 16 20 13 10 12 17 21 18 18 20 12 7 14 15 20 15 14 12 9 12 10 7 
18 18 10 18 6 3 13 7 20 15 13 13 17 19 23 24 24 21 39 66 112 170 212 230 227 201 151 97 50 23 8 3 12 23 23 24 26 10 2 6 19 15 15 21 10 6 9 15 24 23 22 22 13 5 14 12 18 15 13 13 13 18 24 29 
20 19 10 18 3 2 18 8 17 12 9 15 21 22 26 25 29 41 76 116 169 218 234 221 194 151 94 50 16 11 10 9 11 15 16 19 25 13 9 8 16 14 16 23 18 18 17 18 25 22 20 18 8 4 15 12 16 16 17 15 8 10 23 32 
15 14 5 15 8 8 20 14 15 12 12 18 18 17 23 25 39 72 120 166 213 240 224 186 146 96 45 20 4 18 14 10 12 9 12 14 19 18 18 20 24 18 15 15 14 18 20 23 24 21 20 18 12 16 24 21 21 22 20 20 11 11 17 13 
10 9 6 10 3 6 12 8 10 11 12 12 9 13 27 41 68 115 166 207 238 238 199 151 105 56 21 12 9 18 12 18 18 9 6 7 14 20 20 16 16 11 9 11 14 15 12 14 13 14 15 10 4 11 16 14 13 13 17 21 15 19 23 12 
8 3 5 11 11 14 9 9 6 8 12 8 15 25 45 74 113 165 209 233 237 209 155 104 64 28 13 10 9 16 9 16 19 19 13 6 7 12 16 12 7 7 10 15 21 22 16 9 5 6 8 10 11 18 22 24 22 17 18 19 14 18 19 9 
13 11 9 11 11 8 9 16 9 10 12 10 25 39 70 112 159 205 230 229 208 161 100 58 32 14 13 7 5 14 5 13 7 9 6 6 10 8 10 7 3 6 3 9 14 15 13 10 11 7 7 10 9 10 11 11 13 15 15 16 11 15 22 16 
1 4 8 13 16 14 15 14 4 6 12 21 43 67 112 163 207 234 230 204 164 109 58 32 18 15 14 8 4 13 8 13 7 7 6 12 18 19 20 15 10 8 8 12 15 11 8 6 12 10 6 10 10 10 9 2 7 5 8 13 7 6 14 14 
11 9 12 16 19 16 9 7 12 18 29 45 76 111 160 208 236 237 207 161 114 64 28 18 9 14 10 7 9 14 14 12 6 4 8 11 16 19 17 14 12 12 10 9 12 5 6 8 12 14 12 10 8 6 6 6 7 3 6 14 15 14 17 20 
17 16 17 18 19 21 9 1 16 23 37 66 109 151 196 225 225 201 153 100 60 28 11 14 8 14 9 6 9 13 14 9 6 6 8 11 17 18 11 9 11 8 6 6 11 10 12 14 15 16 11 8 8 9 6 7 7 6 6 6 12 15 20 23 
9 11 14 16 17 24 17 13 25 35 59 102 152 191 220 225 200 158 103 57 29 15 14 18 15 14 11 6 8 9 10 6 5 6 5 12 16 5 8 9 14 15 13 12 15 19 18 14 10 7 6 8 10 12 12 10 7 8 11 12 12 11 10 10 
6 9 4 7 9 19 17 23 42 62 98 147 192 216 222 201 158 107 59 29 12 10 16 19 23 22 18 11 9 10 10 4 3 7 10 17 19 22 25 24 27 23 15 10 3 6 7 7 8 7 6 5 4 12 14 13 10 10 13 13 12 13 14 12 
7 9 6 11 10 18 24 40 66 101 145 188 220 221 199 158 104 56 23 12 11 6 11 13 16 16 13 7 1 7 9 12 11 6 4 12 12 19 16 14 20 15 16 12 6 7 9 9 10 12 14 10 9 14 9 5 10 14 15 13 8 4 3 3 
11 13 9 13 15 26 42 65 99 146 188 215 224 202 157 103 51 16 7 8 9 4 5 6 12 11 10 8 10 8 7 8 6 8 5 9 9 13 11 15 22 21 18 8 6 12 14 10 5 4 20 21 18 15 6 11 19 20 19 18 16 15 16 19 
4 10 9 12 20 41 68 102 144 190 217 221 206 162 106 56 18 4 7 3 6 4 2 7 12 11 6 8 12 8 5 8 10 12 9 10 9 10 10 12 15 14 10 7 9 12 3 8 7 12 24 20 13 11 9 18 19 14 12 9 8 14 21 25 
5 7 12 18 41 73 111 155 193 222 225 201 161 106 55 19 4 11 6 6 6 5 1 6 5 8 6 11 18 13 9 9 15 16 14 12 9 9 12 14 14 14 11 6 7 13 16 19 14 12 21 16 11 9 5 19 17 12 11 11 6 7 9 14 
11 12 20 40 76 114 158 197 218 223 202 161 112 61 25 3 12 9 4 6 6 7 8 12 14 15 14 15 20 16 13 15 24 20 18 16 11 13 16 17 16 18 17 14 11 10 9 9 6 14 21 17 14 10 8 20 16 9 7 9 8 11 14 18 
11 16 33 68 116 160 199 220 220 200 159 113 66 29 13 7 9 7 9 7 4 2 5 3 4 9 8 8 13 18 19 19 19 10 12 16 16 16 17 18 16 15 14 13 13 12 9 7 3 15 17 11 7 4 14 21 14 8 5 6 9 11 12 15 
17 32 60 110 165 205 226 230 209 164 111 69 30 13 17 8 5 4 0 4 11 14 17 16 15 19 16 18 21 20 13 7 11 11 8 10 16 17 17 18 17 15 15 15 14 12 11 6 3 13 11 12 15 15 21 21 11 8 6 5 2 6 5 9 
48 69 103 158 205 226 225 211 169 114 69 39 10 4 19 8 6 8 6 8 12 9 8 10 11 17 17 18 17 12 5 1 8 11 5 5 13 15 15 14 13 9 9 11 10 7 5 6 9 15 13 12 14 13 19 19 11 8 7 5 6 10 11 14 
77 98 131 180 210 212 193 160 109 61 31 16 9 8 24 14 12 13 12 12 16 15 5 8 11 11 10 11 10 11 5 6 6 10 10 5 14 13 14 11 11 4 7 8 5 6 8 10 10 14 15 14 15 15 22 21 10 5 4 10 11 10 12 17 
99 123 157 197 212 202 167 125 77 39 19 13 13 10 26 16 14 15 12 10 20 23 13 14 18 19 17 17 17 18 9 15 21 24 25 16 18 16 18 15 13 7 10 8 11 11 11 9 9 13 23 22 23 23 28 23 10 6 9 17 13 14 16 21 
118 141 172 205 208 186 141 98 52 21 16 15 17 12 29 19 20 21 19 18 23 24 9 9 16 17 18 19 19 26 18 21 21 16 25 15 12 10 15 7 12 13 18 8 11 10 7 4 6 8 20 22 23 23 28 22 14 9 13 21 21 20 24 30 

15 9 9 11 8 7 8 9 20 15 8 16 11 12 10 12 15 7 15 9 17 18 17 8 7 14 14 8 8 15 21 21 11 8 15 10 9 18 15 9 9 5 15 24 12 9 6 8 11 14 5 11 12 7 6 9 18 27 31 53 93 115 133 142 
12 6 6 7 9 6 4 6 17 20 18 18 11 9 4 12 17 5 13 13 13 14 15 8 3 9 12 10 9 14 18 19 12 13 17 11 10 18 11 7 10 6 16 21 11 4 4 5 9 14 7 11 13 7 2 7 12 25 46 78 127 152 166 174 
11 9 13 15 16 14 9 7 15 22 23 18 11 10 9 13 17 6 5 4 8 9 8 8 6 8 9 9 11 12 14 17 11 15 17 12 11 14 5 6 12 5 15 15 9 2 8 6 8 12 3 11 15 10 12 12 11 36 67 111 166 187 198 204 
12 8 10 5 6 8 14 20 19 22 22 20 18 15 13 14 15 8 3 4 12 7 5 5 1 8 9 10 13 7 11 18 14 22 20 12 9 7 5 10 15 10 13 13 7 6 12 7 11 12 6 9 13 10 13 16 37 79 121 167 215 226 224 221 
12 8 11 9 7 13 15 19 12 8 7 10 16 14 13 14 14 9 4 7 13 8 8 11 9 9 10 10 12 8 12 18 16 24 15 12 6 2 11 11 16 16 16 13 5 7 14 6 12 7 10 15 18 19 26 40 76 128 169 207 239 228 207 194 
12 11 7 11 11 18 21 27 24 18 14 10 18 14 12 11 13 15 14 14 16 14 18 21 21 18 17 11 5 4 6 12 12 18 8 12 8 7 16 12 8 9 10 9 8 7 14 13 11 3 3 6 11 20 34 62 112 163 199 225 231 193 160 141 
10 11 6 10 6 11 14 20 19 20 22 16 19 10 7 3 12 20 23 24 23 14 16 8 7 10 13 13 7 4 3 5 3 8 3 6 3 9 16 12 5 3 3 7 9 3 8 8 10 10 12 10 10 28 58 108 163 200 225 228 196 140 102 77 
4 7 4 10 12 12 13 13 10 14 21 12 10 4 5 7 14 16 15 14 21 12 12 9 9 11 6 8 2 1 5 5 1 5 8 10 7 10 13 12 12 10 9 10 12 12 15 13 10 7 3 12 34 63 108 168 212 227 231 206 149 94 60 37 
5 7 7 6 9 7 14 12 16 21 27 22 18 16 12 12 17 15 13 10 11 10 17 19 21 16 8 9 6 6 4 6 4 11 16 12 7 7 10 16 16 12 8 9 10 9 10 13 11 9 10 28 60 99 151 205 226 216 198 155 97 56 35 21 
8 12 12 11 12 10 20 12 18 20 23 20 12 14 10 8 13 11 8 9 7 3 10 8 12 12 14 14 6 4 7 11 10 14 11 8 2 4 12 15 17 15 12 10 6 5 8 6 12 16 23 52 97 145 193 232 226 190 151 104 57 30 23 14 
11 14 15 14 12 13 27 10 9 13 14 13 8 11 5 8 14 10 10 11 9 8 11 9 8 10 17 16 9 6 8 10 6 9 2 9 5 4 12 12 12 14 16 16 12 8 1 7 21 35 58 101 155 198 227 238 204 149 105 66 35 24 23 15 
9 12 15 17 18 18 24 9 5 14 16 15 9 6 1 3 9 6 10 12 11 7 7 5 7 13 16 13 6 3 9 15 12 10 5 9 9 5 9 12 8 10 10 10 9 13 8 10 35 61 95 148 199 222 223 208 154 96 59 35 19 18 21 16 
12 10 9 15 19 22 23 11 11 6 7 5 4 6 6 6 8 6 14 14 16 10 7 8 10 18 16 12 10 15 17 20 14 6 0 5 6 3 7 8 11 14 4 5 6 18 18 27 66 104 144 192 225 223 198 161 108 60 32 21 18 16 16 11 
7 6 10 15 14 13 10 6 17 13 14 12 10 5 4 9 8 5 17 20 18 9 6 12 18 21 15 9 7 11 9 15 9 5 4 3 2 2 6 8 15 22 5 6 8 27 37 58 108 154 192 224 235 209 164 118 73 34 16 12 13 8 12 17 
12 14 19 21 18 13 2 13 20 13 13 15 16 12 7 7 6 10 13 18 15 6 5 13 18 18 12 7 10 12 8 15 9 8 5 7 7 5 5 4 11 21 12 14 20 42 64 96 149 191 214 223 209 164 111 71 39 16 9 7 8 9 14 18 
10 5 10 12 6 4 9 14 16 10 6 7 10 9 7 4 2 7 9 11 9 2 6 12 14 12 6 10 19 20 18 19 11 11 6 6 6 8 7 12 12 11 10 24 42 72 108 148 192 218 219 199 161 109 62 34 18 12 15 9 7 6 6 6 
10 3 10 14 13 16 14 7 12 14 8 10 8 7 11 5 5 4 6 7 6 7 8 8 8 6 5 12 18 13 7 7 8 11 5 6 6 10 11 6 2 7 24 48 77 120 164 199 222 221 199 156 109 67 32 12 9 9 11 7 6 7 9 5 
10 6 3 9 7 13 10 4 7 15 5 6 5 9 16 7 7 8 9 11 9 8 6 4 9 10 12 14 10 10 14 15 20 16 9 9 9 9 13 8 11 24 53 87 124 167 201 214 211 187 147 99 62 34 14 10 10 13 11 9 11 11 13 13 
10 11 9 12 10 12 9 9 7 16 5 6 5 5 18 13 12 10 4 8 6 3 11 9 10 10 12 14 9 5 4 5 17 12 14 12 12 12 15 12 22 43 83 124 166 200 214 206 184 146 100 62 33 13 10 8 9 15 16 17 6 6 13 10 
12 11 8 10 11 14 13 12 10 12 6 13 12 13 21 19 19 18 13 15 14 13 17 10 6 8 14 18 14 13 7 10 20 11 16 13 11 8 10 17 43 75 127 173 206 225 220 190 149 104 60 32 13 2 9 11 12 19 18 22 17 11 16 13 
12 9 6 8 11 14 15 16 12 3 7 12 9 7 17 23 22 16 10 14 12 4 10 6 9 15 21 26 24 24 18 19 25 15 16 15 13 6 10 40 78 123 181 219 229 223 194 142 95 53 19 8 8 10 12 20 13 15 14 13 16 3 10 9 
18 14 11 10 10 12 12 14 11 5 7 12 5 2 12 19 19 17 11 9 9 2 10 5 10 16 24 28 25 19 7 13 24 21 19 15 12 15 26 67 117 168 218 237 223 196 147 90 54 28 15 8 11 13 16 30 20 17 15 11 21 4 7 8 
10 9 11 12 13 15 15 17 17 14 9 9 6 6 11 13 14 15 15 10 9 11 12 8 13 20 27 29 24 15 6 12 24 25 23 19 12 29 58 109 162 207 237 235 199 155 104 58 35 17 15 12 14 15 19 34 19 15 11 13 24 10 11 17 
14 13 12 14 14 17 21 21 21 21 17 10 5 7 10 6 9 12 20 14 12 11 8 11 17 22 29 31 25 16 9 7 15 16 13 12 21 59 106 160 206 235 241 213 159 109 65 32 15 4 13 8 11 9 15 30 9 7 10 15 20 8 10 16 
21 17 16 17 16 20 21 25 24 22 18 12 14 12 16 5 5 7 18 16 18 17 18 17 17 21 26 26 21 11 3 6 13 12 13 26 54 105 158 202 230 234 212 165 107 64 33 16 7 6 12 0 6 8 18 28 16 21 22 23 22 13 11 9 
9 9 5 9 14 21 19 27 23 25 21 17 20 10 17 6 8 5 11 12 8 1 5 12 14 17 19 16 16 6 6 8 10 13 32 63 103 156 202 227 228 206 166 114 66 36 20 15 13 14 15 9 4 7 16 26 16 21 18 15 12 11 16 15 
14 15 9 10 16 21 16 25 20 25 22 20 22 8 18 11 9 6 9 8 5 7 8 7 10 13 11 11 12 7 7 4 10 32 62 102 146 194 225 226 203 167 123 75 37 18 13 9 7 11 11 6 8 10 9 21 12 12 7 5 9 16 19 16 
6 11 11 7 15 20 15 24 21 21 24 21 22 12 20 14 9 6 7 7 6 9 9 11 14 17 16 13 11 7 13 18 31 66 108 152 190 221 227 203 163 121 81 40 10 8 10 7 12 12 11 11 12 10 3 15 11 9 7 8 10 11 11 11 
18 8 2 7 14 20 18 20 18 19 24 24 19 8 14 10 6 6 1 6 5 8 5 3 7 8 10 8 9 11 15 29 61 109 158 201 222 226 206 162 116 77 48 22 7 12 6 4 13 12 14 15 15 14 11 17 16 12 10 10 8 6 5 6 
15 13 7 10 9 15 19 13 13 16 22 23 16 7 15 17 19 18 14 12 7 6 4 8 8 4 10 11 12 22 34 63 109 159 200 226 221 197 159 110 70 44 28 14 6 8 5 6 12 7 8 11 9 10 14 19 20 17 13 11 8 6 3 4 
10 11 3 8 6 9 17 14 15 19 21 16 11 5 12 18 19 18 19 19 14 8 8 12 9 10 14 18 27 46 74 115 167 211 233 234 203 155 105 60 30 18 19 17 13 14 12 11 17 12 8 6 1 7 11 18 20 15 11 3 3 10 19 24 
10 9 3 11 14 13 10 6 12 16 19 13 9 9 16 22 23 22 21 21 18 11 12 15 11 9 11 30 49 75 109 152 200 230 231 214 167 110 60 24 11 18 27 29 20 14 12 9 15 12 7 9 12 14 12 14 14 6 8 8 10 19 27 28 
5 4 4 12 15 5 4 6 12 13 7 9 8 14 19 15 12 12 13 13 15 10 9 14 11 6 16 45 78 111 150 190 219 222 203 170 117 65 26 6 11 15 19 25 19 4 8 10 12 18 16 19 23 24 19 15 15 10 19 20 16 18 20 12 
12 11 10 17 25 29 32 29 18 8 8 11 7 14 18 11 12 16 21 19 14 7 6 12 12 14 33 71 117 157 198 226 227 204 167 123 74 32 9 9 10 9 7 18 21 9 7 12 8 18 20 21 25 25 21 16 17 19 27 24 18 15 13 3 
11 11 12 15 19 21 22 22 20 13 13 12 5 12 13 10 17 24 32 29 22 12 5 5 15 34 65 115 168 205 233 236 207 164 122 83 44 20 14 14 15 13 10 20 23 13 7 9 2 13 18 16 19 20 19 19 22 24 25 15 12 2 6 9 
5 6 5 4 9 11 15 15 13 7 10 12 9 12 11 11 16 25 35 29 26 21 17 14 31 65 108 165 215 234 235 212 160 105 68 42 22 18 17 20 14 6 7 20 23 14 8 8 2 7 15 10 11 15 15 17 13 11 14 7 15 5 8 15 
15 12 9 7 6 10 13 12 11 10 6 7 11 11 11 12 16 27 35 26 23 23 26 39 70 110 154 203 236 232 210 172 115 67 39 22 12 14 8 18 25 23 23 25 21 13 8 9 5 4 11 12 10 11 12 19 4 3 11 9 17 6 6 16 
7 8 2 6 9 12 11 9 11 14 12 12 14 7 4 1 12 22 29 19 15 31 47 72 114 157 196 228 237 211 171 124 74 42 29 21 18 17 4 4 12 10 13 18 12 9 9 8 2 1 5 9 14 11 10 21 8 6 13 17 18 9 10 17 
8 5 7 13 18 23 19 15 4 6 6 12 19 6 7 7 15 19 25 21 21 49 76 113 160 196 221 230 212 169 121 74 34 12 8 6 12 21 12 5 11 8 12 12 10 13 12 12 10 8 7 5 12 9 4 17 6 7 15 16 13 10 13 17 
18 16 22 31 30 29 28 30 20 13 11 16 18 3 9 4 16 16 17 24 38 78 121 165 205 224 222 198 154 107 65 33 15 7 6 7 1 18 16 18 24 20 10 5 13 18 20 21 18 14 14 12 15 13 6 11 9 9 14 12 10 8 9 11 
9 7 17 22 15 14 14 25 20 13 12 12 12 6 9 5 15 11 18 41 74 126 174 209 228 223 194 145 94 58 34 29 28 18 7 8 8 14 16 14 18 20 11 7 7 8 8 10 12 6 9 10 13 11 9 11 12 3 6 5 6 10 13 10 
8 8 18 23 12 12 9 12 15 7 7 9 9 6 11 1 14 1 29 62 112 171 213 231 225 199 152 99 57 31 18 18 27 27 14 11 15 16 19 16 18 16 9 13 11 11 10 12 16 9 9 13 11 10 7 6 15 6 6 5 6 12 14 10 
5 4 12 23 10 9 12 4 16 11 12 11 9 6 12 5 15 24 65 108 164 217 242 236 206 163 107 60 31 18 12 12 19 24 14 15 21 15 17 16 20 13 9 15 10 12 11 14 21 13 11 13 12 11 12 11 14 10 10 9 10 17 23 28 
11 8 9 22 7 7 15 3 13 8 5 3 8 5 13 10 26 61 115 165 213 243 236 202 156 107 57 24 15 15 13 12 18 20 11 12 21 15 12 10 16 12 13 18 10 9 6 13 21 13 11 10 9 7 10 12 14 14 16 12 6 10 22 33 
9 7 7 17 9 11 16 10 11 8 10 14 13 9 20 27 53 105 165 209 237 237 201 148 100 58 24 11 13 16 9 3 15 16 11 11 17 19 18 18 20 14 14 14 9 14 17 22 23 16 14 11 12 12 20 21 21 24 23 19 10 6 10 18 
8 7 9 11 8 11 11 9 11 13 12 9 6 12 38 66 106 161 210 235 236 208 156 104 63 29 10 4 12 19 16 21 20 11 6 6 13 19 18 12 10 4 5 10 12 15 16 16 10 5 4 4 11 10 19 20 20 23 21 18 13 16 19 18 
5 3 2 6 7 10 7 8 13 16 16 12 21 38 72 117 164 209 236 235 205 154 98 55 30 14 8 5 12 19 16 21 23 20 14 9 8 7 12 8 8 13 14 17 21 21 16 12 9 14 15 15 15 14 20 22 22 21 17 16 12 13 15 13 
8 8 6 8 12 9 8 13 17 18 18 19 38 63 108 161 205 230 230 203 154 97 49 22 11 10 9 6 10 17 12 16 12 8 7 10 14 14 18 15 14 13 11 9 14 17 16 14 12 7 7 8 8 2 7 9 11 15 10 12 9 16 26 24 
4 7 9 13 19 17 14 13 17 19 25 40 69 105 155 205 234 233 204 160 107 55 25 17 12 12 10 8 7 10 8 12 6 6 5 10 16 20 23 20 16 15 15 11 9 2 8 11 12 10 4 6 10 5 6 3 9 9 4 10 9 14 23 26 
12 14 15 15 19 18 5 5 18 27 43 69 111 152 195 227 233 205 158 109 63 24 10 11 8 13 8 8 7 6 9 10 5 3 3 6 13 18 17 14 15 18 19 18 16 7 5 7 12 15 12 12 12 7 9 6 6 8 9 17 19 21 27 31 
10 11 10 7 11 18 8 6 21 37 59 99 150 187 209 217 194 148 94 53 22 11 15 17 12 15 11 11 9 6 6 5 3 2 6 10 18 16 10 9 13 15 16 16 15 9 11 11 13 15 8 6 6 3 7 7 6 6 5 8 15 22 28 31 
9 7 8 5 9 21 17 14 35 60 92 140 189 210 211 193 151 99 51 21 5 9 14 19 18 18 14 12 9 6 5 8 8 9 9 14 20 3 8 12 19 23 23 22 22 22 18 11 4 9 16 17 13 10 12 10 8 7 5 8 11 17 20 21 
9 9 5 6 9 19 23 31 63 99 136 179 211 211 190 153 103 56 19 5 5 8 14 21 25 25 22 18 14 12 10 7 7 12 15 20 26 26 29 29 32 28 20 15 10 7 4 4 5 9 15 14 8 9 14 12 10 5 4 10 13 19 23 23 
11 11 12 14 18 30 46 65 101 144 179 204 214 192 150 103 57 22 6 7 10 5 9 15 17 16 15 15 13 12 11 12 13 11 10 15 16 21 19 14 15 3 15 15 10 7 6 9 12 16 19 12 7 11 12 13 12 9 12 13 12 15 15 14 
15 14 14 18 28 48 74 102 141 185 207 209 196 158 108 63 27 10 8 7 7 3 7 9 10 11 12 12 15 15 14 13 10 8 6 9 8 14 11 10 16 15 19 10 4 14 19 16 12 13 26 20 19 16 13 15 14 12 17 19 19 20 22 25 
10 5 7 21 42 75 113 150 187 216 216 191 158 112 66 32 10 2 6 5 5 3 4 6 7 7 6 9 13 13 10 9 8 9 7 8 7 11 10 11 13 10 10 9 11 14 10 10 12 21 31 18 9 10 15 18 14 8 13 17 16 18 23 26 
11 5 14 40 76 120 166 204 226 228 201 155 109 63 26 4 10 9 8 6 3 6 2 6 6 3 5 9 14 11 6 3 8 10 6 7 6 9 12 13 13 12 9 6 6 12 14 17 13 18 24 12 5 3 12 18 12 7 12 18 16 14 14 11 
16 20 37 73 120 165 205 229 226 204 161 111 68 33 11 6 10 3 5 6 7 10 10 16 18 16 15 15 15 10 3 9 19 18 13 10 7 7 12 13 13 15 13 10 7 6 4 8 4 13 15 6 7 6 12 17 11 8 10 12 13 12 13 14 
23 35 62 111 163 202 226 226 202 159 108 67 34 14 10 5 8 9 9 8 4 3 8 8 5 3 9 13 12 11 9 16 21 17 13 9 11 8 10 11 11 7 2 4 4 4 1 8 8 14 12 6 4 3 14 17 11 8 6 5 10 12 10 12 
49 69 105 160 207 231 233 213 173 118 67 38 14 12 17 9 7 3 3 8 13 18 22 22 20 21 19 18 19 16 9 12 16 18 16 6 10 9 9 10 13 7 6 4 1 6 9 9 6 10 13 18 20 16 18 16 8 8 10 6 7 14 14 18 
99 121 157 205 230 227 206 171 123 73 39 22 8 5 18 9 5 3 5 9 14 13 8 11 8 12 13 14 15 12 10 7 9 14 15 10 8 9 8 9 15 6 6 6 6 4 5 7 11 16 17 16 15 12 15 15 11 12 12 8 15 17 20 24 
128 147 178 214 216 195 158 114 67 31 14 9 8 7 19 10 6 8 12 14 18 18 6 8 6 7 7 8 12 10 11 8 3 8 15 11 6 7 6 10 17 4 6 3 3 7 9 9 11 15 16 13 13 12 17 18 13 10 7 14 16 14 17 19 
150 167 195 219 203 172 128 83 45 22 13 5 6 4 19 8 8 9 14 14 24 25 17 18 20 20 18 16 20 16 16 13 16 19 25 19 13 15 17 19 21 10 13 6 8 15 13 8 10 11 17 16 18 18 20 18 11 7 8 19 18 17 21 24 
167 180 202 215 186 148 101 59 28 19 17 4 8 4 21 6 14 12 17 19 27 24 14 14 17 16 18 17 19 22 24 20 22 17 26 22 12 12 15 15 14 10 20 2 6 16 11 7 10 5 9 7 12 12 16 16 15 11 12 24 26 22 28 33 

13 2 3 4 10 9 2 11 19 18 20 18 13 11 5 9 12 8 12 6 13 10 15 17 12 13 13 7 9 16 21 15 9 8 13 8 10 21 22 13 9 7 17 25 13 8 9 9 11 7 3 6 9 11 4 6 18 37 60 102 146 163 175 176 
9 2 4 9 13 11 5 7 13 19 21 18 10 5 2 12 16 8 14 11 11 8 16 18 11 9 12 12 12 16 18 16 15 16 17 12 13 20 15 10 12 8 18 20 14 4 6 6 11 10 5 9 9 12 2 4 20 46 80 128 175 188 193 191 
7 11 15 20 22 22 15 4 9 20 23 17 7 3 8 12 15 4 7 5 9 7 11 16 9 4 7 10 14 16 15 17 18 21 20 17 15 16 6 6 14 8 15 15 12 8 7 3 9 10 7 11 9 10 7 10 34 71 112 163 208 210 205 199 
8 10 12 11 11 11 12 15 15 17 20 19 18 10 7 10 15 10 8 6 11 4 6 10 5 4 6 9 15 12 12 17 17 25 21 13 8 5 7 12 17 11 14 14 12 11 10 6 13 11 9 10 6 7 11 31 73 125 172 216 244 232 212 196 
7 9 11 13 9 12 11 15 12 5 6 9 18 13 8 10 13 11 7 6 11 7 8 11 12 7 6 10 13 9 12 15 15 22 11 9 2 2 14 11 18 17 17 14 13 14 13 6 12 11 12 16 16 20 33 63 116 173 210 235 242 208 173 152 
5 8 5 14 7 12 15 22 23 17 13 10 18 12 6 7 12 15 15 14 15 12 15 18 20 19 18 12 5 5 6 10 12 14 5 10 7 7 16 6 14 17 18 15 12 15 15 14 11 6 7 6 14 29 52 97 155 199 221 226 206 153 113 94 
8 9 3 12 3 3 6 15 17 20 21 14 15 4 5 10 17 22 22 20 20 8 10 6 9 12 16 14 7 4 4 2 3 5 10 11 9 10 15 7 9 12 15 15 11 9 10 11 10 10 8 8 29 53 95 154 204 225 228 208 155 98 63 44 
8 9 7 12 10 9 10 8 6 13 21 11 9 10 9 8 8 9 3 4 20 8 9 2 6 8 3 8 5 4 3 3 6 10 17 19 16 13 12 4 7 9 11 12 9 6 9 7 4 4 12 34 64 99 150 207 234 229 211 167 103 58 34 19 
10 9 9 7 7 7 14 4 10 18 25 25 21 20 15 12 13 12 9 8 14 8 14 13 16 11 5 9 10 10 8 6 3 11 18 18 15 12 9 9 6 1 2 6 3 7 8 9 11 15 28 59 100 142 190 229 225 193 157 108 55 27 17 10 
6 7 7 5 11 10 22 12 17 22 22 25 18 17 13 11 9 7 4 6 9 5 13 8 13 14 14 14 8 7 11 11 9 15 12 12 12 12 13 15 13 9 6 9 9 11 12 11 20 32 54 98 148 187 220 235 203 151 106 64 26 10 14 9 
5 6 6 3 7 8 26 11 10 15 10 18 12 11 7 9 10 8 7 6 6 8 15 13 19 23 23 19 10 8 12 11 9 12 6 11 9 8 11 13 13 14 16 18 18 15 10 14 38 65 101 154 202 223 228 215 162 105 67 38 16 13 22 17 
10 6 6 7 13 14 20 10 15 23 22 20 10 3 6 9 8 6 6 4 1 6 9 10 17 22 21 14 6 6 14 16 9 5 3 6 6 3 6 11 12 15 17 18 15 16 13 27 67 108 148 197 229 223 200 167 109 59 33 19 13 17 26 23 
13 10 4 8 12 17 18 13 15 11 9 4 8 9 8 9 7 6 9 3 4 3 6 10 18 23 18 11 10 15 19 22 11 6 4 3 5 2 3 8 13 17 16 14 9 20 31 55 109 158 193 224 231 202 159 119 73 37 21 16 16 16 22 18 
10 8 9 14 10 9 8 11 17 11 12 11 7 5 8 12 11 6 11 12 7 1 3 11 18 18 13 8 10 15 14 19 9 11 4 3 3 3 1 6 14 18 8 7 12 40 64 99 157 202 223 230 214 170 118 79 48 22 15 13 11 5 15 20 
14 14 16 20 13 8 8 19 22 16 17 19 17 12 12 14 11 9 5 3 3 3 4 11 10 9 6 5 13 15 11 18 9 14 6 6 7 7 3 3 14 17 12 19 34 68 103 144 194 223 222 202 168 116 68 40 24 11 12 10 7 5 11 18 
20 17 16 18 10 9 18 24 21 15 15 16 14 12 15 14 12 9 10 9 7 6 3 8 6 6 8 12 20 19 15 18 9 15 7 9 10 12 2 9 12 7 21 40 68 109 153 189 217 223 201 158 113 68 33 19 17 15 18 13 7 5 5 5 
23 18 18 19 14 15 18 20 22 20 18 18 14 12 16 15 13 10 7 6 6 7 5 5 5 7 9 11 17 14 9 10 7 12 2 6 6 13 6 7 8 18 47 76 113 161 201 217 217 198 158 104 66 40 13 4 10 13 14 13 9 6 10 6 
24 19 16 19 15 16 13 11 14 15 11 11 9 10 17 12 13 12 10 10 8 6 6 3 7 11 12 11 10 12 16 18 20 15 6 7 4 10 9 7 19 43 85 122 161 199 217 207 185 149 102 55 34 21 5 5 10 17 17 17 14 11 12 12 
18 17 17 19 15 13 9 8 9 14 9 8 9 7 19 8 9 10 11 14 9 5 11 9 14 16 16 18 16 11 6 3 13 10 11 9 8 12 10 13 35 71 124 164 196 216 210 180 145 105 63 32 19 11 7 3 8 15 14 18 8 9 15 14 
9 9 9 12 8 7 7 3 9 12 7 10 12 16 21 6 7 10 15 20 16 11 15 10 11 12 13 15 12 14 4 11 19 15 17 15 11 7 5 34 70 116 176 209 221 220 195 149 105 68 33 13 9 4 8 10 10 16 13 22 12 8 15 12 
5 5 4 8 3 1 9 11 13 10 7 9 11 11 15 7 13 6 12 15 12 2 10 5 7 11 14 15 16 23 21 26 27 23 24 24 20 9 22 70 118 169 222 237 221 196 152 97 59 32 10 2 9 4 12 18 11 12 8 16 13 0 14 11 
15 12 8 10 7 5 12 18 19 17 11 3 4 6 12 7 10 10 14 13 13 4 10 5 6 11 16 17 23 25 15 16 12 2 6 6 15 27 54 110 162 205 238 229 191 149 97 50 30 19 17 12 16 13 16 26 16 11 6 14 17 3 13 12 
14 10 7 9 7 8 13 19 21 22 18 8 1 5 11 6 4 7 12 8 7 4 12 9 9 12 17 19 26 24 15 16 17 17 16 17 31 59 100 158 202 228 234 204 150 102 58 29 18 12 16 12 15 10 14 28 12 8 6 16 18 5 12 18 
9 9 10 12 7 7 14 18 19 20 18 12 8 5 11 8 7 5 13 4 9 9 14 9 9 10 14 17 23 17 10 10 7 6 10 26 56 102 152 202 229 231 211 164 104 60 29 12 6 5 14 9 13 10 14 28 15 16 15 15 14 6 13 23 
16 12 9 10 4 8 14 18 16 17 16 13 17 10 12 8 8 5 9 8 10 7 13 10 9 15 15 12 18 9 9 14 10 10 26 57 99 153 198 227 228 203 162 110 58 28 13 9 6 6 16 8 5 9 17 30 23 25 22 20 18 13 13 15 
13 8 5 6 5 9 10 19 12 18 18 16 23 12 10 7 10 5 6 5 3 9 12 12 8 12 11 7 16 11 12 10 12 33 65 109 155 201 228 230 203 158 113 66 29 18 12 10 12 15 21 16 8 11 14 28 24 25 19 15 12 10 18 20 
17 13 10 8 9 9 8 18 10 19 18 15 25 14 14 12 9 3 3 3 6 10 10 10 8 11 9 8 13 12 10 12 28 63 108 155 194 225 230 205 161 115 78 40 18 15 12 7 0 8 17 14 12 16 6 22 22 18 12 9 11 16 21 24 
10 11 11 6 10 10 9 18 15 13 15 11 23 15 18 14 8 5 2 2 6 9 11 14 15 16 13 8 7 8 15 29 57 106 158 197 218 227 207 162 115 76 47 18 10 14 13 9 3 8 15 15 17 19 6 14 19 18 17 13 13 16 19 22 
16 10 7 8 10 12 14 16 12 10 15 11 19 12 13 11 10 9 5 1 7 9 10 8 9 9 11 5 1 11 27 56 102 160 205 230 227 208 167 114 71 42 25 12 15 16 11 9 5 11 18 20 19 19 12 14 22 22 21 16 15 15 15 18 
12 14 12 9 9 9 15 13 14 14 17 15 18 15 16 18 19 17 12 6 4 6 7 4 7 6 12 12 14 35 62 105 158 206 231 233 203 160 112 65 34 21 16 9 13 14 12 12 7 10 14 15 15 12 14 18 25 26 22 18 16 15 13 14 
5 11 11 7 8 3 13 16 17 19 18 13 17 15 10 15 18 19 21 18 9 2 6 5 10 11 13 23 41 71 111 159 205 233 234 214 164 111 66 30 9 12 16 13 14 15 13 13 11 13 17 15 10 3 10 18 25 25 19 14 12 7 12 16 
9 12 11 10 14 11 12 12 16 17 14 13 16 19 15 18 21 24 26 26 18 10 11 8 7 8 16 44 71 106 149 191 219 224 204 171 119 71 35 10 9 17 25 25 19 15 12 12 10 7 11 16 14 10 9 15 21 20 14 10 9 12 21 22 
12 11 9 11 14 5 9 8 17 17 12 12 13 23 22 14 17 18 20 20 16 11 12 11 7 6 30 71 111 149 187 213 216 194 158 120 74 37 18 11 13 16 20 23 16 8 11 15 11 14 11 11 13 16 16 16 18 13 11 17 15 15 20 13 
18 15 13 15 22 26 27 22 11 8 12 11 9 18 21 15 13 16 22 18 13 9 10 13 16 28 60 111 159 192 220 224 199 157 115 80 43 21 19 15 13 9 8 16 17 8 11 16 13 19 16 8 10 11 11 10 15 16 25 25 19 16 16 7 
22 18 16 16 16 14 12 13 12 9 12 7 1 12 15 13 15 19 25 18 12 3 5 17 35 62 106 163 206 224 232 210 160 109 75 50 23 18 22 20 18 13 12 20 21 9 4 10 11 18 21 13 12 9 2 10 19 22 25 16 10 3 8 6 
12 8 7 9 8 6 12 15 15 15 16 12 8 11 8 8 7 16 26 22 21 18 19 33 64 107 155 206 235 230 211 169 108 61 39 27 9 16 20 23 19 10 14 21 21 11 2 8 9 9 17 12 8 6 6 11 13 13 15 10 11 7 10 12 
15 10 10 11 9 12 14 16 16 18 16 13 13 11 10 10 12 23 31 27 26 28 43 70 112 158 195 226 232 202 164 120 68 35 22 19 6 16 12 16 24 21 25 27 22 12 3 8 10 5 11 16 15 12 12 17 9 11 13 10 13 6 8 14 
8 5 9 9 9 13 11 16 17 21 19 16 17 8 5 6 12 25 30 28 31 51 81 118 165 201 220 229 212 164 119 77 38 22 21 19 11 17 8 4 13 11 19 22 17 13 7 6 7 4 5 9 15 14 12 21 12 12 13 14 13 8 7 11 
8 5 12 14 17 21 17 19 9 16 16 14 20 5 2 5 10 20 25 31 46 84 123 164 206 223 220 207 170 117 74 41 13 10 13 13 9 21 11 1 10 9 18 19 16 15 10 8 9 8 7 6 11 10 6 17 12 15 16 17 14 11 10 11 
16 15 22 27 22 20 20 28 12 11 11 13 18 9 11 11 11 15 24 44 74 125 170 206 231 224 195 156 106 59 29 12 8 11 12 12 4 20 15 13 18 14 14 15 19 21 21 20 18 15 15 10 11 12 6 11 12 14 11 6 4 4 6 8 
7 6 19 17 8 10 12 28 16 12 12 11 13 13 14 15 10 12 39 71 118 178 217 233 231 201 152 99 54 28 21 23 21 15 12 14 12 18 12 12 14 15 9 10 14 12 9 6 10 5 8 10 8 9 7 7 12 11 13 12 9 8 11 11 
10 8 19 19 2 6 7 23 16 6 7 9 9 13 15 14 7 22 66 108 164 218 240 235 208 163 108 62 30 15 12 13 19 20 15 16 16 16 15 13 13 11 5 11 15 14 11 9 12 6 6 11 9 12 8 6 12 5 6 4 7 12 16 10 
5 5 15 22 4 5 7 17 17 8 8 10 7 12 15 15 22 59 115 162 209 244 242 212 167 116 65 29 15 9 12 14 14 15 9 12 17 12 15 15 16 10 2 10 16 19 17 15 15 4 4 9 14 19 18 15 11 5 1 3 7 16 23 24 
5 3 11 21 4 2 9 14 17 10 8 8 7 8 17 27 55 107 169 209 236 242 211 161 111 66 26 6 19 18 21 21 20 17 7 7 15 7 7 9 16 12 8 11 12 13 12 13 15 7 5 6 12 17 14 12 8 4 2 1 4 10 18 24 
8 8 9 15 6 5 9 8 8 6 6 7 6 3 31 58 97 155 210 234 235 212 162 108 67 35 13 12 20 16 10 9 18 17 10 8 13 14 12 13 15 8 10 10 8 12 15 19 20 15 13 11 16 17 19 17 11 10 9 7 4 3 8 13 
10 9 6 9 8 6 6 4 3 11 15 10 13 28 67 111 156 203 237 236 208 164 112 68 41 23 14 11 18 16 9 16 19 14 7 5 11 16 14 9 6 2 7 8 10 12 14 13 11 7 8 13 18 17 21 19 14 14 9 7 7 13 20 25 
5 7 6 9 12 11 4 3 10 15 20 20 35 62 113 167 208 233 238 208 153 101 57 27 18 16 12 9 14 16 11 18 21 18 13 10 10 9 9 4 8 12 15 17 19 15 10 5 9 16 16 15 16 13 16 17 14 12 5 9 11 14 21 25 
3 6 6 11 17 15 6 7 16 17 21 34 62 99 157 207 230 230 207 157 96 51 22 8 5 9 10 6 9 15 13 18 15 6 4 7 12 12 12 8 9 12 13 14 16 17 11 5 4 1 4 4 9 7 8 10 7 11 2 9 14 25 34 35 
3 6 9 13 21 21 13 11 19 21 36 67 105 150 199 232 233 205 160 108 58 24 13 11 8 7 6 5 5 9 11 15 8 6 1 6 11 15 17 14 12 9 7 4 5 5 7 4 6 7 4 3 7 3 4 9 10 10 4 7 13 21 27 31 
16 16 15 12 16 19 8 7 24 35 62 104 152 190 218 226 204 155 102 61 24 6 10 11 11 14 10 9 7 7 11 10 5 7 4 4 9 15 14 11 10 8 8 9 10 8 8 3 7 12 12 12 12 8 9 3 7 11 10 11 12 17 19 22 
9 8 6 4 6 17 9 12 35 61 94 142 189 210 211 195 154 98 50 21 9 14 17 19 18 18 13 11 10 11 9 6 8 9 6 8 17 15 9 4 4 8 8 6 6 6 12 8 9 11 10 13 13 12 14 9 2 8 6 6 8 14 15 15 
6 3 11 8 7 20 18 24 59 100 138 182 215 215 195 161 111 61 23 4 6 9 10 16 18 18 13 10 8 8 9 13 15 14 10 12 21 3 8 13 18 24 24 22 21 21 17 8 5 12 20 20 15 12 14 10 6 9 6 5 7 11 4 5 
9 5 14 11 13 28 41 57 101 148 179 205 218 196 158 114 65 29 5 8 9 9 10 15 19 19 16 14 11 11 12 12 13 15 14 18 27 26 30 30 32 31 24 18 11 5 2 6 7 9 12 12 12 4 9 4 2 9 3 7 8 15 16 18 
10 9 21 21 28 53 80 107 151 191 207 211 200 159 111 69 30 12 14 14 12 8 5 5 6 5 2 4 5 4 6 9 15 14 8 8 12 16 19 16 18 12 14 15 9 6 5 7 11 15 15 8 10 4 3 6 6 12 8 9 5 9 13 14 
13 14 24 28 46 83 120 153 190 217 214 193 164 118 76 44 17 9 12 13 11 8 7 6 8 11 11 9 8 7 8 9 11 10 7 7 4 9 6 4 10 6 16 12 5 12 15 16 14 13 19 14 20 15 10 10 5 12 14 14 13 16 21 24 
6 5 24 41 72 120 165 196 218 223 195 153 115 75 44 25 13 6 9 11 11 9 3 2 5 5 5 1 4 2 3 6 8 8 7 8 7 9 5 3 6 5 13 15 13 13 11 14 15 19 22 11 15 15 16 15 6 6 7 12 12 13 20 25 
6 19 44 76 120 171 212 231 230 207 159 108 70 39 15 5 12 8 9 10 9 10 6 9 9 5 4 5 9 5 5 6 8 6 3 6 5 8 6 5 6 10 13 10 7 11 15 18 14 13 15 11 13 14 18 17 9 4 3 12 12 10 14 12 
28 46 75 120 169 208 231 228 204 163 111 69 40 20 9 5 10 1 5 9 11 13 13 15 15 14 12 9 10 9 4 1 10 9 5 6 5 5 8 9 13 17 16 13 8 5 6 11 9 7 13 13 14 16 18 16 9 4 7 9 9 10 12 15 
55 75 112 164 207 229 228 200 158 107 59 33 15 10 11 1 9 8 8 8 5 6 12 9 6 7 11 12 9 9 6 8 15 8 6 6 9 3 8 9 12 6 6 7 4 3 3 9 9 7 13 16 16 18 17 12 7 6 6 3 7 12 11 14 
100 125 165 213 238 237 213 169 121 70 30 17 7 9 17 5 6 4 7 12 13 18 24 24 22 21 16 12 12 12 12 7 10 12 14 10 11 2 8 7 14 6 8 7 4 4 6 10 7 3 13 21 23 21 17 10 3 9 12 6 9 17 17 21 
152 175 208 239 236 209 166 116 73 37 21 13 6 2 18 7 9 7 7 10 9 8 4 10 6 7 8 6 13 11 17 6 5 11 15 17 10 7 7 6 16 7 9 8 9 5 4 7 12 16 16 16 16 16 12 9 9 12 17 13 18 17 21 27 
169 186 209 225 200 160 112 65 28 8 11 6 4 6 17 7 12 8 12 13 13 11 3 7 4 5 6 4 16 7 19 9 5 13 19 24 13 9 4 9 20 6 6 3 3 9 8 6 10 11 8 6 9 13 13 13 15 15 14 19 22 15 17 19 
181 194 211 212 171 128 84 43 19 13 13 4 2 5 18 6 16 10 15 18 21 19 15 16 18 18 17 12 25 14 24 11 12 23 29 32 20 16 12 18 23 7 12 6 7 17 10 9 11 11 11 6 10 14 14 16 17 15 14 24 26 20 23 25 
184 194 205 195 144 102 61 27 16 18 18 3 4 5 21 5 20 10 15 21 23 16 12 14 17 18 22 18 29 19 27 14 19 24 30 36 23 16 10 18 19 10 17 3 4 16 5 10 12 16 17 12 9 9 12 16 20 16 16 29 31 21 26 28 

8 1 4 2 12 14 17 22 16 6 11 14 12 8 6 18 17 14 14 5 12 10 17 21 15 18 18 12 9 12 17 13 15 18 20 15 12 15 19 19 15 11 18 21 11 5 9 15 16 7 5 12 8 16 8 10 27 49 88 144 185 192 196 191 
9 8 9 13 16 18 18 20 14 11 13 12 6 2 8 20 18 13 15 11 11 9 14 20 16 15 18 15 13 16 18 18 21 23 22 18 16 17 13 13 15 9 16 15 12 7 6 12 14 5 4 12 8 17 9 18 45 74 118 169 203 202 197 187 
14 15 15 20 21 23 19 15 16 17 16 12 6 8 12 18 17 9 13 13 14 13 11 14 13 9 12 13 15 18 16 17 19 21 21 18 16 13 5 7 15 7 15 12 11 11 5 9 14 9 9 11 5 15 14 34 72 112 156 200 220 203 185 170 
16 13 8 9 6 12 14 16 20 15 12 14 16 13 9 15 17 11 11 12 12 9 9 9 11 5 6 8 13 14 12 12 12 19 15 9 5 2 9 12 19 8 11 12 10 13 7 9 15 10 7 7 4 18 32 70 124 176 216 241 239 205 172 148 
19 17 12 14 10 15 10 13 19 13 7 9 15 15 9 12 17 15 13 15 16 12 9 9 14 7 5 10 12 6 7 11 9 15 5 9 6 6 14 9 20 12 7 8 10 16 13 7 12 10 10 12 19 38 66 115 174 219 237 236 212 163 122 99 
18 17 9 12 2 11 8 12 19 15 13 14 17 14 6 6 13 18 19 20 18 12 12 13 17 18 20 19 12 7 6 7 8 8 9 15 12 9 14 2 19 17 13 6 4 13 12 12 11 8 4 9 34 62 101 158 208 230 226 203 158 99 61 45 
10 11 4 12 12 14 13 10 16 18 18 12 10 7 10 14 20 25 23 21 20 10 7 6 10 12 16 14 14 14 10 7 8 11 18 21 21 16 13 1 15 16 11 5 4 8 6 6 6 4 6 29 62 98 150 206 238 235 210 166 102 49 22 9 
8 10 9 12 14 16 18 7 8 12 18 10 4 11 14 15 12 13 6 6 19 12 7 5 8 8 4 7 15 16 12 9 10 14 21 25 26 20 12 3 11 12 9 2 3 7 6 6 8 15 34 67 106 149 198 237 240 211 169 115 56 23 10 6 
6 6 7 7 10 13 21 9 7 13 19 24 18 16 13 12 10 15 7 9 16 11 7 8 13 7 3 10 19 20 16 12 9 13 17 18 21 17 9 6 7 9 11 9 10 12 11 12 19 31 59 104 151 189 221 234 204 152 106 61 22 9 6 3 
2 5 6 6 13 12 24 16 19 25 22 27 23 18 14 13 9 13 6 10 13 6 9 13 17 12 7 10 18 18 14 10 8 15 12 11 16 12 10 10 5 1 3 6 8 13 15 18 37 60 98 152 196 217 226 213 159 100 60 28 9 7 11 6 
5 6 5 5 10 10 25 20 22 25 14 18 13 8 8 9 8 12 8 8 10 8 14 19 23 18 14 12 14 16 16 14 12 13 5 6 7 8 6 5 4 6 10 15 17 19 16 31 70 109 153 203 232 226 206 173 111 59 31 14 5 6 16 13 
9 3 3 7 14 14 19 22 26 31 25 18 8 4 8 9 7 9 6 5 6 8 12 17 20 13 7 6 14 18 22 17 8 2 6 7 9 9 7 1 6 7 10 15 13 20 25 57 113 161 195 228 234 202 160 121 66 26 12 6 9 14 22 21 
9 6 3 7 13 18 21 25 23 18 14 3 8 9 8 7 4 9 12 6 7 10 12 15 17 12 3 9 18 21 25 23 15 10 4 9 13 14 12 6 9 11 13 13 11 33 56 99 163 207 222 229 211 161 113 80 42 20 17 14 15 16 21 23 
6 5 7 11 12 18 22 26 22 13 10 13 9 7 10 11 8 7 12 12 9 7 8 11 11 6 3 9 17 19 21 22 14 19 6 7 14 15 13 8 11 10 10 12 25 65 103 149 207 235 227 208 173 119 74 49 29 14 16 14 11 12 17 24 
7 6 9 15 14 16 21 26 23 18 20 26 22 18 14 12 6 5 6 3 4 2 6 11 6 6 8 10 17 20 18 23 13 22 10 8 15 13 13 7 15 14 20 33 60 105 150 191 229 235 205 161 118 68 33 19 16 6 9 8 2 10 12 17 
10 10 10 15 14 16 25 28 19 15 17 20 19 17 16 15 12 8 9 8 7 6 7 13 15 15 15 14 18 17 14 21 12 22 10 12 17 13 10 4 14 17 38 65 105 155 195 217 226 209 162 107 68 33 13 12 18 16 17 14 8 10 9 6 
9 11 13 17 16 17 21 24 21 20 21 20 17 16 18 19 18 15 10 8 9 8 10 10 12 13 13 8 11 11 9 18 12 17 6 7 12 14 8 11 19 40 76 113 158 202 227 220 199 162 110 59 34 18 7 7 14 10 6 9 5 7 13 9 
12 9 11 18 17 17 11 11 15 15 16 14 15 15 20 20 20 18 14 12 12 7 9 8 10 13 13 9 6 9 14 20 20 17 8 8 7 9 9 21 42 78 125 165 199 222 219 188 151 108 63 26 18 15 9 7 12 15 11 13 10 6 12 10 
12 12 11 16 12 9 7 5 6 10 12 7 12 14 23 20 20 19 17 14 13 6 9 7 14 17 16 18 20 16 9 7 5 10 9 9 8 12 16 39 72 118 171 202 219 219 192 148 108 69 34 12 12 11 6 6 7 10 6 11 1 5 13 11 
12 11 9 12 8 7 14 11 11 12 12 11 13 20 27 19 19 18 21 20 18 7 9 7 13 12 10 12 14 15 13 12 12 15 14 15 12 15 29 71 116 168 217 231 224 202 159 109 70 37 11 4 9 8 8 10 9 13 10 18 8 5 15 10 
9 8 5 10 4 5 15 11 15 16 14 12 12 16 19 15 18 14 18 14 18 6 9 10 15 11 7 5 11 19 22 23 24 27 27 28 26 24 53 114 168 213 245 234 200 160 111 65 36 16 11 7 12 9 11 14 8 9 5 16 10 2 17 11 
13 10 7 11 7 6 15 13 16 19 17 12 6 8 14 13 13 14 20 16 18 6 8 9 13 12 9 4 11 17 16 16 9 14 15 19 32 50 94 160 205 230 238 204 151 106 63 32 21 18 22 19 21 15 12 19 13 8 5 13 11 3 15 9 
12 6 4 8 6 9 13 11 11 15 18 14 6 2 9 9 10 12 18 13 14 2 10 10 14 14 11 4 12 15 14 18 17 20 24 37 63 98 147 202 227 226 209 162 104 65 36 21 15 11 16 13 14 6 7 21 12 9 9 11 10 4 12 12 
4 7 9 10 6 6 10 11 9 9 12 14 10 3 5 5 7 7 14 9 13 9 14 12 15 18 13 3 15 12 12 13 9 18 31 59 99 147 193 228 229 203 166 114 61 32 20 16 13 10 15 11 12 13 16 27 21 19 15 10 7 4 11 16 
9 8 8 6 3 2 6 12 9 5 7 10 13 7 7 5 7 3 9 7 9 0 10 9 10 18 15 8 19 13 14 14 14 33 59 101 149 193 221 230 206 158 113 66 24 10 10 11 13 14 19 16 4 9 11 25 23 23 21 18 17 17 16 15 
7 3 7 4 3 5 8 14 9 6 6 8 16 6 2 6 10 2 5 4 4 10 11 9 7 13 13 11 18 12 10 13 36 70 112 162 203 231 233 210 164 111 72 36 10 9 6 5 10 15 22 23 15 16 6 21 22 23 20 18 17 18 21 23 
16 10 11 6 6 6 6 12 9 13 11 10 18 3 5 12 13 8 7 6 7 8 3 6 5 10 9 9 11 10 15 37 70 115 165 206 228 234 211 167 119 78 49 22 12 12 8 5 7 9 13 17 17 23 7 12 15 12 12 12 13 18 22 24 
10 7 8 2 6 7 8 12 13 12 13 10 17 5 11 14 12 11 11 7 9 10 7 9 10 13 10 6 3 12 34 66 109 163 207 226 224 208 166 117 79 51 29 7 7 12 12 6 5 9 12 18 21 26 16 4 9 8 15 11 12 16 19 20 
13 8 8 5 6 8 12 10 6 5 11 11 16 6 9 13 13 13 12 8 9 7 5 5 6 10 12 8 8 28 61 105 158 209 235 232 207 168 118 71 43 29 17 6 10 12 11 7 7 13 15 18 20 23 17 6 8 10 17 10 10 13 14 14 
11 12 13 7 8 7 10 8 8 5 7 6 13 10 12 17 19 18 13 8 11 9 9 8 7 7 10 17 33 63 106 160 210 240 239 212 164 113 67 32 18 18 12 3 5 9 12 11 12 16 15 15 15 18 16 11 15 19 20 13 15 17 14 12 
4 7 12 5 6 3 8 9 11 11 7 2 11 12 6 9 16 21 19 15 9 5 6 7 8 8 15 41 69 107 157 205 234 237 213 170 113 65 31 10 6 15 15 10 7 10 11 9 8 14 16 13 9 13 16 17 20 21 16 9 11 9 9 7 
8 11 14 7 9 8 8 7 11 12 6 4 10 19 16 15 23 28 28 25 17 9 10 9 8 12 35 73 107 145 187 215 218 199 161 118 71 37 15 1 7 16 23 22 18 15 10 8 3 5 12 17 16 13 12 15 19 22 14 8 8 6 16 17 
10 12 11 7 8 5 4 5 15 17 11 9 10 23 25 19 24 26 24 22 13 4 10 12 20 36 69 118 156 185 208 212 189 152 112 75 39 16 15 10 12 16 19 20 13 7 9 12 7 8 16 19 18 17 16 16 20 21 13 15 12 12 20 19 
14 15 13 12 17 21 20 15 7 12 13 13 14 19 24 22 19 19 21 15 9 6 8 19 40 69 115 169 202 214 219 197 153 109 75 49 22 11 18 13 12 6 5 13 14 12 14 14 10 12 13 9 7 8 12 12 16 15 18 21 16 14 18 16 
22 22 19 15 13 11 10 12 10 9 8 6 7 12 16 17 15 14 15 6 2 5 18 40 70 110 162 211 229 222 205 161 106 67 47 32 12 10 19 18 17 10 11 17 16 7 8 9 9 16 24 21 15 12 4 8 15 17 19 14 8 6 11 14 
21 18 15 14 11 10 17 15 13 14 12 7 6 6 9 11 7 9 14 12 13 16 34 62 105 154 198 229 228 202 165 113 62 34 28 22 8 11 20 24 21 12 18 20 17 9 2 3 4 8 17 18 8 4 8 8 12 8 6 5 6 6 9 15 
15 15 18 18 13 12 13 12 13 15 10 10 10 3 6 7 5 13 20 23 26 40 70 106 155 196 218 225 205 161 117 73 35 21 17 18 7 15 18 21 25 23 29 28 22 13 9 6 8 8 12 18 17 13 14 15 10 7 6 3 5 6 4 9 
11 12 17 14 12 11 7 16 18 19 15 15 17 8 4 6 5 16 23 31 43 78 121 162 203 224 220 206 170 119 80 46 20 14 12 14 5 14 15 13 17 16 24 22 18 13 13 12 8 8 9 11 15 13 14 16 11 10 9 9 8 10 11 12 
11 12 16 12 14 16 11 17 9 16 13 14 20 8 5 7 6 15 29 48 76 126 169 202 227 222 194 162 120 75 44 21 8 4 5 12 5 15 15 12 15 15 24 22 16 14 12 12 10 10 11 9 11 7 4 10 6 11 13 16 15 15 16 16 
17 16 21 19 16 14 16 28 10 12 6 11 20 15 12 12 10 22 49 77 119 177 212 229 230 199 150 107 65 30 15 10 9 5 8 15 9 16 15 13 17 15 20 21 21 22 23 22 17 16 18 9 9 8 2 7 5 10 2 3 3 9 14 15 
12 12 17 9 11 14 19 34 21 19 14 11 15 12 9 15 17 43 79 116 170 224 241 236 211 161 105 62 28 16 16 18 16 10 12 18 16 14 10 11 14 16 13 15 19 18 16 12 8 3 10 10 8 8 4 3 6 11 13 12 9 7 15 16 
15 12 16 13 14 18 21 33 24 21 18 16 15 12 12 22 35 74 121 163 214 248 241 214 171 118 72 40 19 9 8 9 10 10 10 15 17 9 8 11 13 14 11 15 18 15 13 13 11 8 8 8 10 13 13 13 11 11 11 7 6 7 15 15 
10 9 14 18 15 18 19 27 23 18 16 16 12 9 19 40 68 119 174 211 239 245 215 169 119 72 36 16 13 9 11 13 10 9 1 5 14 4 9 8 11 11 8 13 18 17 15 13 12 5 5 5 12 18 16 14 6 3 8 8 6 11 18 21 
3 3 9 18 17 16 17 23 22 17 15 13 8 3 35 68 108 165 216 236 239 218 168 116 71 35 13 11 20 19 23 23 19 15 5 3 13 5 8 8 13 12 5 8 11 10 8 9 11 5 2 2 12 18 7 10 2 3 9 9 8 9 12 14 
10 10 12 17 17 15 13 16 17 16 15 9 9 24 65 109 153 202 236 236 213 172 116 71 40 20 14 17 25 21 18 18 17 15 9 6 12 13 11 11 12 8 8 6 3 4 8 14 16 12 8 4 14 18 11 9 1 3 8 8 7 10 13 11 
19 19 17 17 17 14 8 9 13 10 13 14 31 59 111 164 201 229 237 211 163 113 69 37 21 15 16 20 28 26 21 21 19 15 12 9 10 14 13 11 7 5 7 3 5 8 11 11 10 8 11 13 18 17 12 8 3 8 6 6 5 11 18 20 
20 20 18 17 19 16 5 9 14 9 15 31 60 100 161 211 231 232 212 161 101 58 29 12 9 12 12 15 21 21 15 15 15 13 12 14 14 12 8 5 6 9 12 13 15 12 9 6 9 16 17 16 17 11 7 3 4 7 2 7 5 11 19 23 
15 15 14 14 20 18 8 12 16 11 27 61 100 147 202 234 231 206 164 107 56 24 12 9 8 9 5 5 11 14 11 13 11 3 4 9 13 10 7 3 7 12 17 17 18 17 12 8 8 7 9 11 14 9 8 7 5 9 2 5 11 21 26 27 
11 12 12 12 19 20 13 17 25 30 61 109 153 194 228 234 207 161 109 62 28 9 6 7 9 13 9 5 2 6 8 12 9 6 6 7 10 12 12 12 14 14 15 13 12 7 5 4 8 10 9 10 11 7 12 15 11 10 3 4 10 13 14 20 
12 14 12 10 14 18 8 19 42 61 100 152 194 220 224 203 159 103 55 24 7 8 8 11 17 19 16 10 5 2 6 9 8 6 8 9 11 15 12 16 18 17 18 17 14 9 6 1 8 12 7 4 6 9 17 17 15 14 10 9 11 10 5 7 
8 5 4 7 8 18 16 30 67 103 145 190 220 220 197 160 112 60 24 9 10 13 10 15 19 18 12 6 6 9 6 7 10 6 9 13 16 13 9 12 13 13 13 10 7 9 11 5 8 9 6 4 7 13 19 16 12 12 7 9 10 11 6 5 
6 4 12 6 7 24 34 54 104 152 187 216 226 204 164 121 75 36 11 6 11 11 3 8 13 11 8 5 6 6 3 12 12 9 11 17 21 5 8 13 18 22 22 20 19 19 14 6 2 9 16 11 9 10 18 15 14 17 9 7 6 12 10 11 
9 6 21 15 21 47 72 101 152 195 211 216 205 164 115 74 37 14 12 15 13 12 8 9 10 6 9 10 11 12 12 12 9 10 14 21 28 21 24 21 21 21 17 14 9 6 1 4 3 7 11 8 11 7 13 12 12 17 11 12 4 12 14 15 
14 15 33 35 49 86 123 155 197 222 215 195 165 116 70 38 11 8 13 12 10 9 6 7 7 10 11 9 9 9 6 5 9 9 11 17 22 23 24 18 17 12 10 11 6 5 6 6 7 11 15 12 13 6 9 12 13 18 12 15 8 7 14 15 
15 20 41 53 78 127 169 194 217 223 196 158 121 78 45 25 13 9 11 8 5 2 8 12 14 17 16 14 8 8 8 6 7 6 7 14 17 19 19 16 15 7 12 13 13 14 15 13 9 9 17 15 19 12 8 6 9 18 16 18 17 18 23 25 
12 23 53 78 115 170 208 218 218 200 155 109 75 45 24 15 14 12 15 13 8 7 8 10 13 14 12 11 3 3 2 6 6 4 6 13 15 18 17 14 13 5 11 16 16 11 8 10 9 15 23 21 22 18 15 9 3 11 10 14 18 17 20 21 
25 47 83 122 168 216 236 227 203 163 110 68 41 25 13 11 18 15 18 15 9 10 11 12 15 14 14 13 6 6 1 7 9 4 2 6 10 15 13 8 4 7 14 13 12 11 12 15 9 11 20 20 21 19 19 14 5 6 6 11 16 16 16 12 
54 81 121 168 210 235 230 198 158 113 69 44 26 15 9 9 15 12 15 15 14 13 14 8 7 8 12 11 2 8 5 5 7 4 5 5 7 7 5 5 10 17 20 17 14 9 7 11 4 8 15 16 17 20 21 17 9 4 9 10 11 14 12 13 
96 122 162 205 229 230 201 150 104 59 26 19 12 9 9 6 14 13 14 11 6 6 11 11 9 8 7 7 5 8 9 4 11 6 8 4 9 5 10 12 17 23 26 23 18 11 7 12 6 8 11 14 16 19 18 13 9 8 8 6 6 13 11 15 
149 174 207 234 234 212 164 109 69 31 9 12 11 12 14 1 10 8 10 9 8 12 17 18 16 13 9 7 10 12 15 8 11 12 16 13 12 5 13 13 18 22 23 20 16 10 6 13 9 6 9 13 16 16 13 7 4 9 14 6 13 21 20 25 
194 210 227 234 208 164 108 60 32 18 17 12 9 11 15 3 12 9 8 6 2 9 7 8 6 7 7 10 17 15 21 9 9 16 17 20 8 5 12 9 16 18 20 18 17 10 4 9 10 12 11 9 8 10 7 3 7 7 15 9 18 19 24 30 
201 204 208 200 155 108 62 22 6 13 11 8 8 12 15 3 14 5 6 7 2 9 8 6 4 6 8 9 19 13 24 10 9 20 15 24 8 4 10 9 18 13 11 9 11 7 5 8 8 13 8 2 2 7 5 5 10 8 10 15 20 13 17 18 
200 196 193 172 119 78 43 19 13 14 11 3 5 9 14 2 18 7 9 13 12 16 16 13 12 12 15 12 25 17 27 10 13 27 23 32 18 14 16 15 22 9 10 5 6 11 9 12 11 17 10 6 5 9 8 11 14 12 11 19 22 12 15 15 
188 181 172 143 89 55 28 15 17 18 16 5 2 9 15 2 21 8 8 14 12 19 22 21 22 22 24 19 31 21 28 11 18 31 21 33 20 16 16 16 18 7 13 4 2 14 11 15 15 21 16 13 11 9 10 15 20 17 16 22 24 6 9 12 

9 4 9 10 19 5 13 20 15 20 12 9 8 5 12 20 8 9 17 14 13 8 11 21 22 26 19 8 8 17 24 21 27 30 29 27 24 12 10 15 15 17 23 21 12 7 12 19 14 15 3 13 7 14 6 27 64 94 138 184 203 184 166 144 
11 11 14 18 21 15 16 17 15 21 12 6 2 6 13 21 9 7 14 12 8 8 11 19 21 24 21 12 9 15 20 19 24 27 26 26 23 14 8 9 14 15 21 17 12 8 6 16 14 9 3 14 7 16 10 43 86 120 163 199 206 181 158 135 
9 11 12 17 19 18 16 13 18 23 12 9 8 10 13 18 7 4 12 14 15 17 16 17 20 20 19 16 11 12 11 11 16 18 18 18 17 9 2 4 13 10 19 16 12 11 3 15 14 8 9 12 6 21 30 71 119 157 194 215 205 170 138 113 
10 9 6 10 7 14 15 14 19 20 9 11 15 12 9 15 11 5 3 7 9 13 14 12 15 14 15 14 14 13 8 4 6 12 8 8 7 3 10 11 17 6 17 16 12 13 2 14 16 8 4 5 15 39 69 123 178 218 240 237 207 159 120 93 
9 11 9 13 11 20 14 12 18 19 14 14 16 12 9 14 16 15 10 10 12 11 9 7 12 2 3 10 15 12 9 9 5 12 5 12 10 8 12 7 20 8 13 15 14 17 10 6 14 11 7 13 37 75 119 176 223 242 235 207 161 109 73 53 
12 17 15 17 15 16 6 5 13 14 12 13 15 9 3 5 14 22 21 21 19 13 9 11 16 15 19 23 21 19 17 15 15 15 16 15 9 6 9 3 20 9 10 11 11 12 11 9 10 6 8 31 71 117 165 214 239 230 197 152 97 47 21 15 
12 19 16 17 17 13 7 3 10 12 11 6 8 10 12 16 21 25 22 22 21 13 9 12 15 17 17 12 7 13 16 17 18 20 24 21 15 13 9 6 18 10 7 9 9 9 7 6 4 10 35 70 116 165 210 244 244 212 163 109 51 11 7 16 
15 19 16 11 10 6 13 6 6 9 13 8 11 17 19 21 16 16 6 9 17 13 8 14 15 15 15 10 2 8 12 15 16 18 21 18 15 12 6 6 15 11 6 7 9 10 9 12 21 40 74 118 166 208 236 246 220 167 114 65 20 5 5 11 
16 17 15 11 11 6 16 10 12 14 15 21 16 13 12 12 9 16 5 5 14 9 0 11 13 10 10 8 2 9 13 16 16 17 17 11 7 9 5 5 11 10 13 12 13 13 14 21 39 67 111 163 206 229 234 216 165 105 60 28 10 9 5 6 
15 16 15 15 18 9 14 11 17 26 24 27 24 20 17 15 11 14 9 10 14 9 5 12 11 6 4 8 10 13 15 15 13 17 13 10 12 12 10 10 10 5 5 1 8 10 16 35 70 111 158 207 233 231 212 174 114 61 31 13 11 9 9 7 
14 15 17 17 18 7 12 16 22 31 25 23 18 12 11 11 11 15 15 15 16 11 7 11 9 8 9 11 12 12 12 9 8 10 6 11 13 14 9 7 10 9 10 16 18 21 26 63 117 164 203 234 237 206 168 126 72 35 18 10 7 2 11 9 
15 15 17 18 18 12 9 19 26 33 26 15 8 8 12 12 11 12 12 13 13 6 2 6 5 8 11 13 13 11 15 10 6 6 12 12 12 12 9 6 9 7 7 12 9 33 56 106 168 207 222 230 209 157 113 81 38 18 14 11 10 8 14 13 
16 17 17 14 12 10 14 20 18 20 16 9 10 10 10 8 4 9 13 12 11 6 4 4 4 11 16 19 16 12 17 15 18 15 8 9 9 8 11 11 13 11 7 6 21 62 101 155 214 233 220 203 164 108 72 52 27 20 21 19 15 11 11 11 
17 18 17 10 6 11 19 22 18 12 8 16 9 9 12 12 9 8 11 13 13 10 11 8 6 13 16 17 14 8 15 16 16 24 12 12 12 8 11 12 12 3 6 20 55 108 154 201 241 237 199 160 116 67 40 30 19 13 17 16 13 9 6 11 
17 17 14 7 6 11 18 18 12 11 17 28 26 24 19 14 7 3 6 6 9 3 7 12 9 12 14 12 12 12 17 19 17 28 18 15 15 8 15 17 18 21 39 65 107 160 201 228 241 215 158 105 64 25 8 13 15 8 6 5 9 11 5 2 
18 17 12 4 6 10 21 20 9 10 18 23 21 18 14 10 6 4 7 7 9 3 1 10 14 16 17 15 12 12 14 20 16 28 19 20 21 14 16 7 14 36 71 111 160 206 230 228 211 168 108 55 26 7 10 11 17 15 12 10 11 12 12 11 
11 14 13 9 9 9 16 19 19 20 23 16 12 9 5 2 4 7 6 3 7 4 8 3 3 10 13 11 7 9 11 21 15 17 9 11 15 12 12 14 34 72 121 167 209 236 236 205 164 115 64 23 9 12 12 10 18 14 6 6 6 6 9 7 
5 7 11 12 11 9 4 12 17 20 25 16 12 9 7 5 5 5 4 0 11 5 7 4 5 8 8 11 3 6 11 22 22 15 7 7 8 3 15 37 72 122 175 211 231 232 206 158 112 69 32 7 9 15 13 12 17 18 14 13 11 9 11 8 
5 5 7 9 5 2 6 6 6 12 20 16 13 11 12 9 7 6 2 1 12 2 6 4 12 14 11 16 17 12 8 11 13 8 7 9 3 8 33 68 112 164 211 229 227 207 163 112 71 36 12 3 9 14 12 13 14 13 9 10 6 7 11 7 
8 4 6 9 8 9 15 12 10 12 17 17 14 17 20 13 8 5 9 11 18 6 7 7 16 14 7 10 11 13 17 15 17 11 10 12 8 24 60 112 161 206 237 232 206 169 120 73 39 15 6 7 11 13 13 15 15 15 13 15 9 8 13 7 
8 3 5 10 7 8 15 12 13 15 17 17 12 12 14 9 11 6 11 10 22 10 9 9 18 17 8 7 11 19 23 19 21 22 22 26 27 45 96 164 209 234 242 209 160 116 73 40 21 16 14 6 12 12 12 12 11 10 11 16 11 8 16 7 
10 7 8 12 7 8 14 7 6 13 17 17 11 4 12 9 7 9 15 13 20 8 6 5 13 15 10 8 13 18 20 15 7 4 5 27 53 89 148 209 232 229 211 159 102 66 34 19 16 21 26 19 19 16 12 16 14 9 9 10 7 4 15 12 
6 4 6 7 7 9 14 12 5 3 11 14 11 3 8 5 2 6 13 10 13 5 7 6 9 15 12 9 14 17 19 18 15 18 31 62 103 149 200 236 231 202 166 110 59 35 18 14 7 11 22 18 17 10 8 18 13 9 10 6 5 6 14 17 
9 12 12 9 6 7 9 11 10 3 7 12 12 6 7 3 5 3 11 10 13 9 10 7 8 17 15 8 14 10 11 9 9 27 54 97 148 195 228 237 211 163 119 70 28 16 15 12 6 2 16 13 9 9 12 22 16 14 10 3 4 8 13 19 
8 8 7 3 3 5 7 10 9 3 5 10 13 7 6 5 8 1 7 7 6 3 6 5 8 17 15 8 16 9 9 11 27 58 95 146 193 225 230 213 169 112 73 37 8 9 13 9 8 10 19 20 7 8 7 18 17 18 16 15 17 19 19 19 
7 3 6 4 3 3 8 12 10 8 6 9 15 6 2 6 11 1 4 5 3 7 6 7 7 13 14 12 15 8 11 32 67 110 158 205 233 240 218 174 119 68 41 19 3 4 8 8 7 7 14 21 17 18 9 15 18 20 17 17 18 19 21 21 
16 10 10 8 5 1 4 10 11 17 16 14 18 6 1 12 17 12 13 14 13 10 8 9 7 9 8 6 6 17 40 74 118 165 208 234 235 219 177 124 79 47 29 15 8 6 3 10 11 9 3 12 16 24 15 15 15 11 11 11 11 10 9 12 
11 5 7 7 4 2 4 8 12 14 13 6 12 3 7 15 17 11 14 13 12 12 7 7 8 11 9 5 15 38 74 117 162 202 227 226 203 169 122 76 48 30 18 10 5 7 7 6 9 11 9 15 21 28 22 18 15 11 17 11 8 7 7 8 
15 12 12 9 6 3 7 8 3 3 9 6 12 4 5 15 18 11 9 10 12 10 5 5 7 12 13 16 33 64 111 161 202 228 228 204 162 118 75 39 22 16 6 8 8 9 9 7 12 13 8 8 18 25 19 16 12 9 17 5 5 6 8 9 
13 12 15 11 10 8 5 3 3 7 9 3 8 8 8 15 19 13 9 8 12 12 9 8 6 4 13 37 67 109 163 211 237 236 208 164 111 66 35 16 12 15 6 7 4 9 13 11 18 19 18 20 23 24 16 9 5 10 16 8 12 16 14 12 
12 9 13 8 6 6 4 6 7 11 9 4 6 10 8 9 17 12 10 10 8 9 3 1 5 11 34 73 113 158 206 236 234 206 161 110 62 28 12 7 8 15 13 9 6 11 13 7 11 13 13 12 12 15 10 9 11 14 15 10 14 17 15 11 
8 8 13 7 4 7 5 6 9 13 9 6 8 15 14 10 18 19 19 17 12 11 9 9 15 32 66 115 155 188 215 219 192 150 104 63 30 14 8 3 8 17 22 19 15 14 10 6 7 6 8 11 12 12 5 3 6 13 10 5 9 7 9 12 
6 9 12 5 3 4 4 7 12 18 12 6 6 16 21 13 16 18 16 14 7 5 7 17 42 72 116 168 197 208 213 192 149 106 68 37 16 12 16 10 11 15 18 18 12 8 7 9 10 9 14 18 21 18 11 7 9 14 3 9 11 12 18 21 
6 11 13 8 11 14 13 11 7 15 13 11 16 16 21 19 15 10 10 9 4 6 15 38 74 114 166 212 223 215 199 158 108 71 45 25 9 8 19 16 12 9 10 16 13 11 14 13 12 8 7 9 10 8 9 9 12 10 9 14 12 15 20 22 
15 19 17 11 9 8 11 12 11 12 12 11 16 18 18 18 15 8 7 6 8 18 38 70 113 158 204 231 223 196 162 112 65 41 31 20 9 9 20 21 17 13 13 17 13 6 12 15 14 18 23 21 18 15 6 6 14 13 16 14 13 16 19 22 
22 23 18 12 9 9 16 13 14 14 11 8 12 18 20 18 15 7 7 12 17 35 66 106 156 198 223 226 200 157 114 66 32 22 25 20 14 14 20 26 20 15 17 16 12 4 5 7 8 9 11 16 9 6 12 8 15 10 9 9 9 11 13 16 
15 16 16 12 9 7 11 11 16 16 10 5 5 15 18 17 14 6 8 21 35 67 111 155 200 225 224 205 165 115 74 37 18 13 17 19 15 17 20 24 25 20 22 20 15 11 11 9 11 10 6 18 18 14 16 12 12 5 4 3 4 6 9 10 
14 14 14 9 11 6 8 18 22 21 15 10 7 12 13 14 11 5 15 37 65 116 167 205 233 233 206 170 126 81 47 23 12 8 8 15 14 18 22 20 21 15 15 13 12 12 15 15 9 8 6 11 15 14 17 14 11 7 9 6 5 2 7 10 
15 14 12 7 10 7 6 16 18 23 17 15 14 11 7 10 6 9 38 69 113 172 211 229 233 208 162 120 84 48 22 9 9 6 4 12 12 17 23 22 20 15 15 12 6 7 6 6 9 12 11 9 12 8 10 11 7 6 12 13 12 10 9 12 
15 14 14 11 13 9 15 24 12 19 15 20 21 15 9 10 7 33 71 111 164 218 236 231 211 164 111 74 47 22 10 9 12 12 11 17 14 12 18 18 17 13 12 14 8 11 16 16 14 15 18 7 13 7 3 10 8 8 6 4 5 6 7 10 
15 13 11 3 14 11 18 30 12 15 7 12 18 13 13 19 27 67 112 155 208 245 239 212 171 116 71 44 28 21 16 15 16 16 15 20 21 11 12 15 15 16 6 10 4 6 5 4 3 3 15 13 14 11 5 6 2 6 6 6 5 4 9 10 
18 16 14 7 14 10 17 28 15 17 12 11 12 5 22 37 60 112 160 200 236 244 214 171 124 78 49 35 28 23 14 9 2 8 11 12 19 7 12 17 16 17 8 10 6 5 3 4 5 8 12 12 18 19 17 15 11 10 8 10 13 11 11 9 
19 18 16 12 11 9 14 23 15 14 11 11 13 10 37 67 104 162 207 231 238 217 169 120 75 40 23 20 25 25 18 13 6 6 9 7 17 10 12 14 17 20 14 13 14 13 14 15 11 6 8 10 18 21 17 12 7 11 12 13 16 16 14 13 
11 10 10 9 7 8 12 19 18 15 12 9 14 21 64 107 151 202 233 233 212 171 117 73 37 13 9 15 26 28 26 22 15 11 4 3 15 10 11 15 18 19 14 14 14 11 11 12 15 8 9 9 17 22 6 11 6 10 14 13 16 18 17 15 
11 9 7 6 8 12 7 13 19 21 21 20 31 54 106 156 195 227 235 212 169 115 67 34 12 6 6 12 23 22 18 15 10 11 7 5 11 14 13 16 18 18 15 11 7 2 5 12 17 6 3 7 17 22 6 14 7 10 14 12 11 15 15 14 
9 9 9 9 14 17 4 7 17 12 16 32 61 99 158 206 227 231 213 168 111 59 28 8 4 9 5 8 20 20 13 11 10 13 12 7 3 11 15 18 19 17 14 9 3 5 9 11 12 6 12 12 18 15 9 14 8 10 10 11 9 14 12 11 
12 11 8 11 19 21 5 11 18 10 23 59 99 147 202 234 231 208 168 112 57 21 16 14 15 17 15 15 18 16 6 5 6 11 11 7 8 9 13 16 15 13 10 6 9 9 10 9 9 15 15 11 12 7 13 12 8 6 5 9 2 11 7 9 
11 11 7 8 18 21 10 18 23 18 50 101 145 189 227 234 207 165 117 67 27 3 12 13 15 16 12 10 8 9 5 8 8 11 14 6 5 7 9 12 8 5 8 10 16 18 17 14 12 10 9 6 9 12 16 14 9 4 1 4 10 17 11 10 
7 4 3 7 15 18 10 24 39 50 96 153 191 219 229 208 163 110 64 30 12 10 7 8 12 13 11 7 2 6 9 9 7 8 13 9 5 8 6 8 3 6 9 8 12 9 7 6 14 15 10 7 8 16 21 20 14 8 4 4 14 15 10 11 
6 6 6 7 12 15 8 36 67 92 143 192 216 219 198 156 107 57 23 7 7 12 3 6 12 12 10 9 7 3 6 6 3 4 14 11 10 13 12 13 12 13 14 14 13 6 3 4 14 15 9 6 6 19 20 19 15 15 15 9 15 12 3 2 
8 5 5 9 13 24 32 60 105 145 188 219 222 198 154 107 65 28 11 6 7 13 5 4 13 7 5 9 11 12 10 8 6 4 15 15 15 12 12 11 7 11 12 12 8 10 9 6 13 11 12 7 5 15 14 13 6 10 15 12 11 9 4 5 
6 6 12 12 20 43 66 99 152 194 215 223 205 160 109 69 39 17 7 8 12 18 11 7 11 4 10 13 14 12 11 16 12 11 18 21 19 8 13 11 8 13 14 16 16 17 12 7 9 10 16 5 6 12 12 8 2 10 11 12 3 8 7 6 
9 7 24 24 39 77 117 151 196 222 216 195 161 109 61 31 14 13 16 20 20 19 14 9 9 5 11 12 12 13 17 19 15 16 20 24 25 15 19 15 14 12 8 8 9 9 7 8 8 10 15 10 13 13 14 11 8 11 7 15 5 7 7 4 
18 19 43 52 74 124 168 191 216 222 192 153 114 67 27 10 9 12 14 18 19 17 10 8 10 13 13 8 9 10 11 11 10 16 20 23 24 22 23 22 22 18 10 3 6 11 12 12 10 11 16 15 16 15 17 16 16 17 6 15 13 12 17 16 
19 29 61 80 113 168 204 209 212 198 153 108 75 41 18 16 14 8 5 6 11 9 9 8 11 15 15 14 7 5 8 7 9 14 18 24 24 23 22 24 28 21 15 11 12 15 14 12 8 8 14 13 17 13 12 9 15 19 14 14 18 23 30 31 
25 44 86 117 157 207 227 211 191 156 103 63 41 23 13 15 13 7 9 7 8 8 12 7 10 12 9 15 9 7 8 9 10 15 18 26 27 25 24 25 27 20 14 12 8 5 4 10 8 10 16 16 21 17 12 6 11 13 10 11 18 22 25 26 
55 82 128 169 208 238 231 196 157 111 66 38 23 18 12 15 18 13 13 7 7 10 14 12 11 10 13 20 15 13 12 15 15 15 18 21 24 25 25 22 19 11 8 7 9 8 7 13 8 12 15 15 18 16 12 5 9 9 10 12 16 22 24 27 
96 126 169 209 232 233 200 149 106 68 41 31 23 16 9 11 14 8 11 10 12 10 14 10 7 10 16 21 18 15 15 16 17 18 20 21 20 20 19 15 9 4 4 2 6 5 7 14 10 16 16 15 14 14 11 6 4 8 16 18 16 19 16 20 
146 170 202 227 226 202 153 98 62 30 15 19 16 12 10 13 17 11 13 12 10 7 11 11 10 12 13 16 18 16 19 18 21 21 23 19 15 12 13 10 7 10 10 9 9 5 5 15 12 20 17 15 15 13 11 9 9 9 13 10 7 10 5 12 
193 208 222 228 205 164 108 62 37 17 11 20 20 16 11 7 14 8 9 9 8 6 9 13 12 13 15 17 19 17 21 19 21 22 25 22 13 12 14 4 5 10 9 7 10 6 6 16 15 20 18 15 14 12 11 10 11 13 20 12 16 20 20 27 
217 219 216 203 160 110 60 27 13 11 12 18 21 19 15 9 15 7 8 8 7 3 3 10 13 16 18 19 21 20 24 15 16 22 22 23 8 12 11 7 11 16 18 14 12 9 10 16 16 16 16 12 10 11 11 11 14 10 19 11 21 21 26 30 
201 191 179 154 101 59 24 5 3 5 7 15 20 21 18 13 18 8 5 8 9 5 6 9 13 15 16 14 18 9 21 9 14 23 17 25 4 11 10 9 12 10 7 8 11 10 11 15 13 9 13 9 8 11 11 12 14 8 14 17 25 16 19 17 
177 163 147 115 65 36 17 16 10 7 8 9 18 19 17 13 22 11 4 8 9 9 9 12 14 16 18 13 20 7 21 5 15 26 19 29 15 18 17 16 18 12 11 10 13 8 9 12 12 7 12 9 7 10 12 11 13 7 12 18 25 15 14 14 
151 135 118 84 39 21 14 20 17 13 11 7 14 18 16 12 22 15 6 8 7 15 16 18 19 20 22 15 24 10 19 3 19 29 17 30 18 21 19 20 18 13 15 12 11 8 7 13 14 7 13 12 9 8 11 10 16 7 6 15 22 5 6 9 

7 7 14 12 27 17 13 14 6 27 18 9 6 3 14 24 6 2 12 18 11 18 20 18 19 14 10 16 12 12 20 13 19 17 13 14 15 13 9 11 5 7 15 10 3 3 13 19 10 17 3 16 6 18 15 58 106 137 177 206 198 159 127 93 
10 14 19 23 30 19 13 10 12 27 16 6 5 8 14 24 7 1 8 14 9 17 18 18 20 17 14 11 7 8 14 8 16 14 12 12 14 11 7 7 5 7 13 7 3 6 8 17 8 10 4 16 6 24 33 79 129 161 194 209 190 149 115 83 
8 11 13 17 22 15 11 9 17 25 13 9 10 9 12 20 7 2 5 10 10 18 21 22 24 21 15 10 3 8 10 5 11 10 9 9 11 7 0 3 7 6 15 9 5 8 6 15 9 7 7 11 14 40 64 115 166 195 216 213 180 135 98 69 
10 9 8 11 11 14 14 10 14 18 11 10 10 6 10 20 15 9 4 4 5 12 17 18 21 19 19 17 13 12 11 8 10 9 5 8 11 9 9 11 14 1 17 12 5 8 3 15 14 5 9 16 37 72 112 170 218 239 241 215 167 118 81 54 
7 5 5 10 7 18 13 9 13 15 12 9 7 6 12 20 20 20 17 15 15 13 8 7 11 6 7 12 18 15 14 13 13 14 11 16 15 10 10 7 18 6 15 14 9 11 6 9 14 7 17 36 72 121 167 215 242 236 210 165 113 73 46 30 
8 7 6 11 13 19 11 9 11 11 8 5 6 6 9 11 16 24 26 26 22 15 5 7 11 6 16 25 24 19 17 17 16 17 18 18 14 10 6 3 17 9 11 14 9 6 8 7 9 11 39 75 124 174 210 236 234 202 155 105 60 30 16 9 
8 9 12 16 20 19 10 3 6 8 7 8 14 17 16 16 19 21 20 21 21 16 9 12 12 11 16 15 9 7 9 14 15 18 23 20 17 15 9 7 15 10 8 14 8 5 3 3 13 39 80 126 177 217 236 240 214 165 114 70 34 21 16 11 
11 12 12 7 10 10 7 3 6 9 13 15 21 25 24 22 15 14 3 4 14 14 12 18 14 12 13 13 11 9 6 12 14 18 21 16 13 13 9 9 14 13 5 12 11 7 8 17 42 78 124 172 214 234 230 211 166 111 69 38 22 21 18 15 
8 7 7 5 9 11 9 8 16 16 17 23 20 16 13 9 9 16 3 5 13 11 8 15 12 12 12 11 7 6 6 10 13 18 19 14 10 13 11 8 11 13 14 14 13 8 11 32 70 115 164 209 233 229 204 164 109 60 35 24 22 21 18 15 
3 2 6 5 12 14 7 9 12 18 22 25 24 23 19 15 11 12 5 3 13 10 7 13 8 9 7 7 4 4 7 9 12 18 17 16 17 18 17 14 13 10 4 5 12 11 21 59 113 162 203 233 233 203 162 117 66 34 23 21 23 21 18 13 
2 2 5 7 13 14 3 7 9 19 20 18 18 15 11 9 6 8 5 6 13 9 3 10 2 6 4 8 10 10 9 3 4 13 15 19 20 19 16 11 9 11 10 14 19 31 51 103 166 205 223 228 204 151 108 74 37 22 23 24 25 22 18 12 
4 3 3 7 13 13 4 10 10 19 16 6 8 11 14 13 11 9 9 8 13 9 6 7 5 5 2 6 7 6 12 5 6 11 16 15 14 16 13 8 7 9 7 9 31 65 100 156 211 228 217 199 156 97 64 47 19 16 22 24 23 19 14 7 
5 6 1 6 12 13 11 9 2 15 14 10 14 14 14 12 5 3 6 4 11 9 2 3 8 10 10 11 8 9 15 14 18 12 5 6 7 12 14 15 14 14 13 26 63 112 155 202 238 229 192 155 108 59 40 34 17 18 23 22 20 14 6 3 
4 4 3 8 12 11 15 12 14 15 10 16 8 4 9 8 10 9 6 6 14 12 8 9 12 12 9 5 7 12 19 19 20 19 9 10 8 5 5 7 2 16 32 60 109 166 205 233 243 210 153 105 64 29 18 23 15 12 15 15 14 12 4 3 
5 4 3 9 13 10 14 7 8 10 12 23 22 21 18 12 9 7 9 8 12 9 8 7 12 11 8 4 4 14 22 23 24 22 11 9 8 8 15 22 26 43 74 113 164 211 235 236 221 171 107 59 27 2 3 18 18 15 9 7 9 10 9 9 
12 10 5 9 14 12 16 11 9 11 16 18 16 15 12 10 10 10 12 14 12 8 8 6 12 14 16 15 11 13 19 24 24 24 16 20 20 14 17 18 31 68 115 162 208 236 236 210 173 120 64 25 4 6 4 10 14 12 5 6 9 9 9 6 
9 13 11 12 13 11 14 15 19 19 23 17 13 12 11 12 14 13 11 9 7 3 7 4 7 12 12 12 4 5 13 22 19 17 13 12 15 12 17 26 61 114 169 209 235 239 214 167 121 77 36 11 4 6 6 8 15 13 6 10 11 10 11 9 
5 8 9 11 13 12 8 12 17 17 25 21 17 17 14 12 11 8 7 4 7 4 4 7 11 12 7 12 5 3 12 21 23 15 11 9 12 12 31 62 111 168 213 231 229 208 166 114 75 43 20 11 5 7 9 9 16 15 12 12 12 12 13 9 
8 8 6 5 7 9 10 10 7 6 17 20 20 18 14 12 12 10 6 5 8 5 1 3 12 12 4 10 12 9 13 11 16 9 9 11 12 25 61 105 155 203 229 224 202 165 116 72 43 22 13 9 3 6 8 10 12 8 5 8 9 11 11 5 
6 7 7 7 10 12 14 13 8 3 13 20 19 16 13 10 8 7 7 9 10 3 3 5 16 15 8 8 8 14 19 11 16 8 9 19 23 50 100 155 197 227 232 203 164 121 76 44 24 17 12 10 7 10 12 13 13 12 13 13 11 12 12 5 
10 9 7 6 9 14 18 18 14 9 11 17 16 10 8 5 7 6 9 12 15 6 5 6 17 16 13 14 14 20 21 10 16 17 19 34 51 87 149 206 229 233 214 162 110 71 37 24 18 18 13 11 10 10 8 9 13 13 18 18 16 16 15 5 
10 9 9 8 9 14 20 20 14 10 9 14 15 6 8 5 4 7 11 14 15 4 5 7 13 14 16 17 17 19 16 8 11 15 29 64 102 146 202 239 231 204 164 102 56 29 6 18 16 19 19 14 13 12 9 11 14 13 16 16 14 13 15 12 
8 7 5 1 7 13 18 21 17 12 7 9 14 7 8 4 2 4 8 10 10 3 5 5 7 12 16 17 18 17 15 15 22 39 67 113 161 202 236 242 206 159 113 59 24 11 2 14 11 13 18 14 12 8 6 12 13 14 13 11 10 8 11 14 
12 11 8 6 8 12 14 18 18 12 10 9 13 9 5 5 6 3 6 8 6 5 7 5 7 13 16 15 18 14 10 11 31 62 101 152 198 226 236 217 168 115 74 34 7 6 5 9 9 8 16 13 5 4 9 15 12 10 5 6 6 7 9 13 
4 5 7 10 13 14 14 17 16 9 8 9 14 9 0 5 9 1 2 2 2 10 11 11 9 10 13 16 19 12 3 20 57 101 146 193 223 229 210 172 120 69 41 18 7 9 11 3 8 10 18 20 7 6 4 14 11 9 9 9 9 11 9 7 
5 4 10 16 19 17 15 16 13 9 6 9 14 7 3 6 10 2 1 4 6 7 7 10 8 10 18 21 17 6 23 59 107 155 198 229 236 218 176 125 76 36 19 13 4 2 8 5 4 5 12 21 18 14 3 9 11 16 21 21 22 23 21 18 
15 11 13 18 19 16 11 10 11 16 16 14 16 6 3 10 15 12 13 14 15 10 6 8 6 6 13 14 14 33 68 113 162 201 229 234 213 179 129 80 47 26 17 13 8 5 4 11 7 4 2 12 16 19 9 9 10 15 23 23 22 19 14 10 
13 9 11 17 18 13 6 3 9 12 12 6 9 6 8 13 15 12 11 7 12 8 2 7 7 10 12 13 31 63 111 160 197 217 222 201 159 119 75 39 24 20 17 12 6 6 5 13 9 9 10 13 19 23 15 16 16 20 25 19 17 12 6 7 
15 12 13 17 18 13 4 6 7 4 9 3 8 7 6 13 16 12 7 5 12 8 8 10 12 15 16 29 57 99 153 197 219 217 197 157 108 71 36 10 8 12 6 8 6 9 10 15 14 10 6 3 17 20 13 17 19 21 23 15 15 7 6 11 
14 10 12 15 16 14 5 6 4 2 8 5 3 6 10 12 15 9 6 1 11 9 9 7 5 9 29 65 106 154 202 230 230 203 160 112 65 34 14 5 7 14 6 8 3 10 14 15 21 17 18 20 25 23 16 16 15 17 17 8 7 8 12 13 
14 7 10 11 10 12 7 9 8 7 7 5 3 6 12 10 18 8 5 5 10 10 8 6 12 29 64 114 160 201 230 231 201 155 108 66 31 10 4 5 7 14 11 10 7 12 12 9 16 12 12 12 14 12 12 16 18 20 18 11 11 19 22 20 
5 2 9 8 6 10 8 10 8 6 2 6 9 10 14 8 17 15 16 14 12 11 8 14 34 62 107 160 194 213 218 193 144 97 58 27 8 5 4 6 9 15 16 14 11 10 7 7 13 12 12 12 12 9 12 13 15 19 17 12 10 14 13 16 
6 6 9 8 5 6 8 12 11 12 7 8 11 11 18 7 10 15 16 14 8 9 12 36 74 114 161 205 216 211 197 155 104 66 34 14 14 15 11 6 6 11 12 10 6 6 8 9 13 14 16 17 19 18 17 13 15 20 17 18 15 16 12 13 
5 4 10 9 9 10 9 8 3 10 10 12 14 5 13 12 9 8 6 10 9 18 36 72 117 158 202 230 220 198 169 120 74 45 22 14 17 18 19 15 12 10 9 9 7 6 10 5 7 5 7 10 12 9 10 11 18 20 20 25 24 23 22 21 
14 15 13 8 8 4 10 10 8 11 14 15 15 11 8 11 11 6 4 9 17 38 69 113 162 197 222 227 200 162 126 80 43 26 15 11 14 13 19 17 12 9 6 9 10 8 12 12 13 15 16 15 14 12 6 9 18 19 24 27 27 28 27 25 
23 22 15 7 8 4 15 13 11 11 14 16 16 15 9 12 13 8 13 21 36 68 112 159 205 226 224 203 161 115 79 43 21 16 15 12 15 12 17 21 13 6 6 8 12 10 12 11 14 12 12 13 10 8 12 10 18 18 22 24 25 27 25 22 
15 15 8 3 8 3 14 12 16 14 11 11 10 16 10 12 12 5 18 34 61 109 162 203 233 233 205 167 120 76 44 18 8 8 13 14 12 4 12 21 20 12 11 14 16 13 13 13 17 14 12 16 19 15 11 5 12 6 13 18 18 19 22 21 
12 10 3 2 12 7 12 18 24 21 14 8 4 17 10 12 7 12 37 61 101 161 208 231 239 216 170 125 85 49 25 11 8 5 10 15 14 2 8 13 18 10 8 14 17 17 18 19 14 10 11 13 17 18 16 8 8 4 3 4 6 7 16 21 
12 8 4 5 14 9 7 15 23 26 17 9 5 17 8 12 11 34 73 107 155 211 234 231 216 174 120 80 52 28 14 13 13 10 10 16 15 6 11 11 13 8 7 14 16 14 11 6 7 14 15 15 16 13 12 7 6 9 12 10 8 6 14 19 
3 4 9 10 17 12 10 18 20 28 23 20 16 14 4 18 28 67 115 155 201 238 232 206 171 120 74 45 26 6 8 14 15 13 12 19 17 6 6 5 10 7 4 12 8 9 11 11 12 12 16 10 16 11 8 11 7 8 9 8 7 4 9 13 
15 14 13 12 18 10 11 20 8 15 13 18 20 13 14 33 57 110 159 195 226 238 207 164 120 73 43 27 16 9 13 18 18 16 14 21 24 13 6 3 12 14 3 10 3 6 0 3 6 4 16 11 13 10 6 10 6 3 5 5 6 9 10 12 
7 4 4 6 15 5 10 20 9 14 7 10 12 8 35 64 102 159 200 222 231 214 164 116 77 44 28 24 19 14 13 15 10 9 6 9 18 13 9 7 3 13 7 9 3 5 2 1 6 9 14 14 17 15 15 14 9 6 6 8 10 11 11 9 
16 13 12 10 9 3 10 17 13 14 12 15 21 31 68 109 153 202 226 228 211 170 116 72 37 13 8 8 11 12 11 13 10 11 11 9 18 17 11 10 8 13 9 8 11 14 15 17 14 15 15 14 17 17 14 13 12 14 12 9 9 9 6 5 
12 12 11 9 6 9 13 18 20 19 17 22 34 58 107 155 195 226 228 206 165 116 70 35 9 5 11 13 18 22 20 16 12 11 9 5 15 16 11 14 14 16 14 15 18 16 12 10 13 14 16 17 17 19 8 15 14 17 16 12 12 12 8 6 
17 16 13 11 12 13 8 13 22 24 29 42 65 102 157 200 224 231 208 166 113 63 30 9 6 13 12 9 10 13 13 12 9 9 12 9 12 18 15 14 16 19 19 19 19 12 9 6 15 12 16 19 20 21 12 21 14 18 18 15 13 12 7 5 
10 14 12 11 15 19 1 5 19 17 31 66 105 152 203 230 227 205 164 111 59 21 12 10 15 17 17 15 14 15 9 4 7 9 16 13 6 13 16 18 20 21 20 21 19 14 7 3 12 16 19 16 16 11 16 21 15 18 17 18 17 17 10 7 
5 7 5 7 17 23 9 12 23 22 53 104 148 192 227 231 202 160 112 63 22 6 13 12 17 20 22 23 22 19 9 6 2 6 17 13 7 9 9 11 15 18 17 17 17 14 8 2 6 15 14 9 9 9 20 17 13 14 14 17 13 15 9 8 
9 9 6 7 15 22 11 20 36 47 93 150 185 213 225 205 159 111 69 33 10 6 9 11 15 15 15 16 11 9 5 9 3 6 18 16 13 12 9 11 13 13 9 11 16 18 15 13 12 12 7 7 8 16 19 11 10 9 9 8 5 10 5 3 
13 8 4 8 11 16 6 37 66 93 146 195 213 216 200 160 108 62 29 9 10 11 1 3 10 11 13 14 10 9 10 11 8 7 18 16 14 13 5 9 5 7 3 11 13 10 7 9 18 14 7 9 9 20 20 14 10 7 7 2 9 13 10 10 
14 11 9 10 9 16 24 66 107 141 190 221 217 195 156 107 63 28 14 8 6 13 10 8 12 11 10 14 11 7 7 8 8 3 18 14 13 15 14 14 8 10 7 15 10 6 4 6 17 10 10 10 7 21 14 16 10 12 17 9 13 14 7 5 
18 14 12 15 21 39 64 107 156 191 220 226 198 155 106 65 37 15 11 9 9 15 12 8 13 11 10 16 15 14 12 7 10 4 18 15 15 14 16 15 7 10 7 13 6 11 7 6 13 5 14 6 2 19 11 15 4 6 15 12 10 13 8 9 
17 13 15 21 40 75 114 158 205 227 224 201 157 105 62 39 25 15 14 15 12 17 14 11 12 6 10 17 15 12 5 10 10 4 17 20 18 9 15 13 8 10 5 12 12 15 9 5 8 4 12 4 8 17 15 14 8 12 12 14 8 10 7 6 
16 14 31 42 68 121 169 201 229 230 199 154 109 63 31 18 15 15 19 23 19 19 16 11 8 3 8 11 6 8 12 16 12 9 16 20 19 9 18 18 18 17 8 5 8 10 6 7 6 5 8 9 13 16 17 12 11 14 11 16 10 12 10 6 
23 28 58 76 109 170 209 217 221 206 157 108 74 40 19 15 18 21 23 27 24 20 13 9 9 11 13 7 7 8 9 10 2 11 17 20 17 15 19 19 22 20 11 5 6 8 6 11 11 8 7 15 17 16 19 13 15 16 4 11 9 6 11 10 
29 46 87 114 153 208 227 212 197 166 111 69 46 24 13 15 19 19 18 20 21 18 12 6 6 11 15 14 9 4 6 5 8 12 14 20 13 15 18 18 25 24 15 12 10 5 7 15 14 11 6 12 15 11 13 10 17 18 13 9 11 19 26 28 
49 74 123 157 191 227 225 191 157 115 67 37 25 15 5 9 12 15 17 20 18 11 12 8 6 11 10 15 14 10 10 9 6 9 11 20 18 18 21 23 29 28 19 14 8 8 12 19 16 15 3 9 16 9 7 7 15 11 9 7 10 15 19 24 
97 124 171 204 222 230 202 151 109 71 40 26 18 14 5 8 16 17 19 17 13 8 13 12 10 8 6 15 16 12 12 15 12 11 15 19 20 23 25 24 25 22 18 15 14 12 12 16 10 13 4 7 14 9 6 8 12 8 12 13 11 15 18 24 
145 171 205 226 221 199 151 96 64 42 31 30 28 21 12 10 11 5 7 6 7 6 15 14 10 8 9 14 16 13 13 14 14 12 17 20 21 24 26 23 21 20 19 17 14 11 10 12 6 15 8 10 11 7 5 4 8 13 21 25 23 23 21 21 
191 205 219 222 194 153 99 56 37 24 20 25 21 16 14 18 19 7 6 5 5 6 12 14 11 8 7 7 13 14 19 15 14 13 18 20 14 16 21 21 21 21 23 21 17 11 8 10 1 15 6 9 11 9 8 6 4 8 12 8 10 10 6 7 
218 219 215 202 161 113 65 38 27 21 22 29 22 14 9 12 21 9 5 4 6 8 7 9 8 4 7 11 13 12 19 14 14 15 20 23 14 17 19 15 14 16 19 17 15 9 6 9 5 15 9 9 11 11 10 8 8 12 18 8 15 19 19 23 
212 203 187 162 115 70 34 21 16 17 21 29 25 18 13 13 21 11 7 6 6 10 6 9 11 8 10 13 19 20 26 16 13 19 20 25 14 19 16 11 9 13 17 14 10 5 6 8 9 14 12 8 10 13 12 11 15 11 17 9 21 23 27 30 
171 157 137 107 62 33 15 16 12 12 16 24 24 19 17 16 23 15 7 6 7 14 7 11 12 12 11 9 17 12 22 13 17 21 20 29 15 17 11 10 7 6 2 8 5 2 7 7 11 11 13 6 8 12 12 12 15 11 14 16 26 20 22 22 
125 112 96 68 34 18 10 15 8 8 10 17 24 20 17 16 25 19 7 6 6 18 12 16 17 18 16 10 18 9 19 11 21 24 22 31 18 21 13 14 14 11 6 6 5 2 8 9 15 11 15 8 6 8 11 12 18 16 17 22 29 20 19 20 
85 75 65 43 20 12 9 16 9 7 6 10 21 21 18 18 26 23 9 7 3 23 17 21 22 24 21 13 21 12 16 9 25 28 20 30 20 24 18 20 18 16 14 14 5 2 8 10 19 8 15 11 10 6 9 11 21 15 7 14 23 10 10 13 

3 6 14 16 30 15 12 13 10 29 20 5 3 4 16 25 11 12 12 14 6 22 24 2 3 4 12 17 16 14 19 10 15 9 9 11 12 14 9 10 3 6 15 11 8 8 12 13 8 16 9 20 18 35 57 101 147 169 188 192 163 120 89 61 
9 11 15 20 28 13 9 9 15 29 18 2 5 8 13 25 10 9 10 11 8 22 19 9 12 13 14 14 16 16 19 12 16 6 7 9 12 13 7 8 3 7 14 8 4 8 9 12 7 8 7 19 21 49 78 126 171 189 199 189 152 110 79 54 
9 12 10 13 18 4 7 11 19 26 14 7 9 8 9 22 9 6 4 6 9 19 21 19 20 17 13 14 17 18 20 17 18 3 4 5 12 11 3 6 6 6 15 9 6 8 6 11 9 6 8 19 37 75 112 162 202 211 208 181 137 96 68 47 
12 10 8 12 13 14 13 8 12 17 12 8 8 8 11 22 17 11 8 5 3 10 12 14 18 19 20 20 17 18 18 17 21 10 4 2 12 10 6 9 11 1 17 11 1 5 4 11 13 12 23 39 69 116 160 208 236 232 210 167 117 79 53 35 
7 9 10 14 12 16 9 4 9 9 9 2 6 9 12 18 19 18 20 20 19 16 8 9 13 14 17 20 19 17 15 13 20 19 15 17 16 10 7 7 15 4 15 14 4 4 3 7 13 18 41 70 115 168 206 236 237 207 163 111 70 46 31 22 
13 13 13 16 15 17 11 12 15 13 12 6 5 5 7 7 10 18 24 25 22 17 11 11 12 12 23 29 27 21 15 11 14 17 20 24 21 14 7 6 14 6 13 18 12 9 6 6 12 35 76 120 170 214 231 232 205 157 106 59 31 20 18 14 
18 16 16 18 20 18 11 8 9 6 6 6 12 14 12 11 13 11 12 14 17 21 15 12 9 14 24 24 18 14 10 8 6 11 19 19 18 15 10 9 12 6 10 19 13 10 7 12 34 74 126 173 213 235 228 205 161 111 67 33 18 18 19 16 
24 22 18 13 10 6 3 5 7 6 9 12 18 22 22 18 13 9 4 5 12 19 16 18 12 11 20 23 21 17 11 11 5 9 16 12 13 12 12 11 13 12 2 16 13 5 12 35 73 119 168 207 227 223 195 156 106 62 32 16 16 18 19 19 
23 20 17 13 9 4 3 8 16 15 10 15 7 7 10 11 18 17 7 7 12 17 12 14 10 9 18 18 14 9 5 9 10 11 11 5 7 10 13 10 10 15 16 15 15 9 24 62 112 158 199 225 223 195 153 106 59 26 17 15 16 18 18 15 
23 21 19 16 10 6 6 11 12 3 8 16 19 24 22 19 21 15 8 4 9 13 8 11 7 11 15 14 10 6 5 7 14 19 17 17 16 13 15 12 6 0 3 3 15 24 50 103 162 198 219 224 199 151 105 66 30 12 9 10 13 18 17 12 
23 22 21 19 13 9 6 6 6 13 18 20 20 17 11 10 15 12 8 5 9 9 6 10 7 8 8 14 15 14 13 11 14 21 21 26 26 18 15 10 5 8 10 12 31 59 97 157 210 224 216 197 152 95 60 38 15 10 15 17 18 18 15 8 
16 18 20 22 18 10 5 9 10 16 13 6 10 13 15 12 12 9 8 7 9 9 7 5 4 4 3 4 2 3 11 11 15 20 22 20 19 16 10 7 8 15 21 34 70 111 153 203 236 225 190 153 105 55 35 27 8 7 14 16 18 12 9 8 
6 10 16 23 22 12 5 9 13 19 15 7 13 15 17 17 13 9 6 5 9 9 3 5 10 12 12 10 7 7 14 14 18 13 9 9 11 14 15 16 18 29 41 72 121 170 205 232 239 205 153 109 68 34 24 23 10 11 11 14 15 8 6 10 
2 5 12 20 19 12 10 12 20 20 12 11 9 4 10 10 14 14 11 9 11 8 8 13 15 14 10 3 9 12 18 17 16 13 6 9 8 8 9 9 23 48 74 116 171 217 237 239 223 172 113 71 40 19 13 18 11 7 4 12 14 9 8 8 
1 2 7 17 15 7 6 8 17 15 12 15 19 19 17 13 12 13 15 13 11 5 5 11 12 11 11 8 9 9 18 19 15 12 5 8 7 8 13 24 49 83 121 167 213 240 239 217 182 128 74 42 21 13 11 19 17 14 11 14 15 11 9 11 
10 8 6 15 13 6 9 9 19 16 15 12 12 9 6 8 12 15 15 13 6 2 8 14 13 13 16 18 17 15 17 20 15 14 13 19 18 13 21 39 76 125 171 209 235 238 214 172 130 84 44 28 18 12 8 13 13 8 4 12 16 16 14 12 
13 13 9 13 12 7 7 8 17 16 18 9 9 7 8 12 14 15 13 11 5 6 11 15 13 13 12 12 11 10 14 19 13 11 11 9 11 10 35 66 118 175 214 232 233 212 170 121 86 56 32 25 19 12 9 11 15 9 8 13 17 20 20 18 
4 7 6 7 8 7 2 9 17 17 21 18 12 11 11 11 12 13 12 8 3 6 8 17 18 14 9 12 10 9 14 16 19 9 7 3 9 27 69 114 170 217 233 222 197 160 112 73 52 37 28 25 18 12 10 11 17 10 9 11 14 18 19 17 
6 7 6 6 3 8 6 6 12 12 10 11 9 10 10 10 9 8 5 3 5 6 7 9 16 11 4 5 9 13 16 9 17 4 7 18 31 62 114 163 207 234 225 192 155 114 71 44 32 26 24 21 17 14 15 16 16 8 7 8 11 15 16 15 
9 9 7 7 7 9 7 5 9 10 7 11 13 13 9 7 4 5 2 1 5 8 8 5 14 10 6 9 13 20 19 6 17 5 16 37 56 98 158 201 224 230 202 156 115 77 43 26 21 24 21 20 17 16 17 12 10 5 9 8 8 11 14 13 
11 7 5 7 12 13 13 13 12 8 4 9 13 12 8 6 6 3 2 4 8 10 9 6 14 12 14 18 21 23 15 3 19 19 34 66 97 143 200 230 226 207 164 107 68 36 15 14 17 22 18 18 15 14 11 5 6 3 10 8 9 14 15 12 
11 12 14 14 15 15 16 17 15 10 4 6 13 14 10 7 5 4 5 3 6 5 4 4 10 9 13 16 19 17 9 11 30 46 74 120 160 196 233 236 200 159 109 55 28 9 7 11 13 18 15 15 12 12 10 6 8 8 10 8 8 12 16 15 
7 11 14 14 15 16 17 19 18 13 8 4 13 15 12 7 1 6 6 6 9 9 9 9 6 6 12 16 19 15 10 19 47 78 119 172 209 227 236 211 155 106 65 27 14 5 6 8 9 12 11 13 12 9 8 3 9 10 8 7 8 9 11 13 
11 15 17 18 16 18 18 20 21 15 9 3 12 15 13 9 5 5 6 8 10 10 9 10 9 10 14 17 19 11 11 32 72 115 159 204 225 223 208 167 112 68 40 17 7 5 5 6 10 10 12 11 5 8 12 12 12 10 8 11 11 10 11 12 
13 17 21 21 17 18 17 20 21 17 11 5 10 13 16 13 9 3 2 5 8 9 7 8 3 5 14 19 15 7 27 63 114 162 199 225 226 202 164 118 73 38 21 11 8 10 10 3 10 9 13 16 6 5 5 10 11 8 7 5 3 3 5 9 
11 11 13 15 13 14 13 15 15 16 13 12 13 8 12 11 10 4 3 5 10 8 9 12 8 12 17 16 5 25 63 111 164 204 226 230 209 170 121 75 42 18 10 10 4 4 11 8 7 8 11 19 17 12 5 6 6 6 12 7 6 7 9 9 
15 13 12 12 10 13 12 9 8 16 17 18 16 7 5 6 12 10 11 11 13 10 5 9 1 8 10 11 30 67 115 166 208 228 230 208 168 125 78 43 25 15 10 10 6 6 9 12 5 7 9 16 18 15 5 3 4 8 15 12 13 11 8 7 
12 7 4 6 9 14 11 5 7 10 12 12 12 11 6 8 14 9 8 6 11 7 3 9 7 10 9 27 63 109 162 205 224 221 201 158 109 72 35 15 14 15 15 11 6 7 3 14 3 8 11 16 22 19 12 11 9 11 15 11 16 15 14 13 
12 8 5 5 10 14 7 8 11 7 9 11 12 10 3 7 14 9 4 4 9 9 11 15 15 10 23 56 100 149 195 218 215 191 153 106 62 36 13 11 12 12 1 3 4 9 8 18 12 6 6 8 19 14 1 6 10 15 18 16 21 16 14 10 
12 10 4 4 8 17 9 7 9 5 8 10 9 6 9 6 15 6 4 4 7 4 1 5 9 28 65 110 157 198 223 222 198 158 112 71 37 17 10 13 12 14 4 5 4 11 12 19 18 12 14 15 23 17 10 12 13 17 19 17 16 14 14 10 
16 11 4 2 8 16 9 6 9 9 10 7 8 12 18 11 18 6 2 7 10 13 17 23 37 68 115 166 206 227 227 201 155 109 71 40 16 5 7 10 9 12 9 8 7 11 9 15 16 8 6 8 16 8 7 12 16 20 21 20 16 18 19 17 
5 4 2 4 10 14 6 6 5 0 3 3 13 16 22 15 18 13 12 9 8 13 16 35 68 111 161 204 220 214 192 145 93 57 27 5 6 9 11 12 11 13 11 10 9 7 5 13 16 13 13 14 14 3 6 8 11 17 17 18 13 14 18 21 
6 6 6 8 10 12 6 11 12 8 5 8 16 16 25 20 14 15 14 13 9 18 32 68 119 167 208 231 220 191 155 102 58 37 13 6 11 10 10 7 3 7 6 4 4 2 6 12 17 17 18 18 19 14 14 11 13 18 11 15 9 8 8 13 
11 6 6 9 13 12 6 6 8 11 9 14 18 14 21 21 15 13 8 13 18 38 66 113 167 205 233 236 205 165 126 77 41 27 13 13 18 21 20 16 12 9 7 2 6 4 6 4 10 11 14 14 15 7 6 6 16 18 7 13 10 9 7 11 
11 10 11 7 12 10 12 11 12 16 17 21 21 17 17 19 15 11 8 15 32 63 104 156 205 226 230 211 164 121 86 46 20 14 4 9 17 19 17 10 5 6 7 5 12 12 7 4 9 10 12 12 11 6 1 7 19 19 13 12 10 9 5 6 
16 15 12 5 12 7 18 19 17 18 18 25 24 18 14 18 17 13 21 36 62 105 154 199 231 230 206 166 113 73 46 18 8 10 5 11 21 22 18 16 7 4 6 7 13 14 9 5 12 9 5 10 11 8 10 9 18 19 16 15 17 20 18 11 
10 11 9 4 11 8 20 18 15 16 12 20 19 18 12 16 15 15 34 60 100 153 201 226 234 210 167 120 75 43 24 9 6 8 6 9 19 19 17 21 17 10 8 11 13 12 9 11 18 13 7 11 17 12 5 6 11 7 13 15 17 20 22 17 
3 6 7 7 17 15 22 23 24 23 16 16 15 18 9 14 16 32 65 98 144 196 227 229 213 172 122 80 47 25 11 5 4 8 9 9 16 10 10 14 14 7 4 9 11 12 15 21 16 6 1 9 15 13 8 7 8 7 9 9 6 4 15 16 
14 12 9 12 20 16 18 17 22 25 15 12 13 17 8 19 31 65 111 150 192 228 230 206 172 124 76 42 21 13 9 7 3 4 10 10 15 11 14 18 16 11 8 11 13 11 12 11 9 10 7 10 13 8 7 9 7 6 5 5 5 7 15 18 
5 5 8 13 20 15 11 10 15 24 21 18 15 9 12 36 62 110 160 194 221 234 208 165 121 74 37 16 6 14 17 15 10 8 13 13 13 8 7 14 13 8 6 11 7 4 12 15 18 11 9 6 15 9 10 14 12 9 7 6 8 9 14 18 
14 13 14 16 19 11 7 13 6 12 14 18 20 7 30 64 103 159 199 216 222 208 161 112 73 37 17 8 4 14 18 18 13 12 17 20 18 13 1 11 14 12 4 11 4 8 14 15 17 9 11 9 12 7 9 11 12 9 7 7 12 14 15 18 
4 5 8 12 15 6 7 17 10 11 8 10 18 29 68 110 157 203 221 218 202 164 110 68 40 17 8 8 12 17 19 18 7 5 11 15 18 18 7 4 7 13 9 12 5 6 9 12 16 8 12 16 20 16 16 13 10 8 12 15 18 19 17 16 
14 10 7 8 9 8 12 19 20 18 17 24 40 68 118 164 204 228 223 201 166 117 68 35 12 4 10 11 13 17 16 16 10 8 12 15 20 21 10 9 8 12 9 9 7 12 15 19 17 15 18 19 19 14 15 14 10 10 9 9 7 5 5 4 
13 12 7 4 3 11 15 20 24 23 24 39 65 107 162 203 229 230 201 161 115 69 33 10 5 14 18 21 19 20 16 10 7 7 11 12 18 20 12 13 13 13 10 9 15 14 11 12 9 18 23 23 20 12 15 18 13 13 8 6 3 5 4 4 
20 20 15 12 12 11 6 11 20 26 40 69 108 158 206 232 235 210 162 114 68 30 10 6 12 15 14 15 11 14 12 10 9 9 12 15 16 21 18 10 12 15 12 12 16 12 9 7 11 20 23 22 17 11 20 24 14 15 11 10 4 6 4 4 
11 17 14 13 17 19 5 5 22 32 60 109 158 203 235 237 208 162 108 63 27 11 12 11 14 14 14 16 11 12 6 10 12 11 13 14 11 17 20 15 13 15 12 12 13 10 8 8 12 20 19 14 10 2 24 24 12 14 12 14 10 12 6 4 
6 8 6 7 15 21 8 14 37 56 99 156 196 225 234 210 161 110 64 30 7 7 9 6 14 16 16 18 16 15 7 13 9 9 11 9 7 15 16 13 12 15 12 11 11 11 10 9 9 14 11 9 7 13 24 15 8 12 15 17 14 16 13 11 
12 10 6 8 11 18 8 32 65 96 149 196 215 222 205 162 110 65 33 13 2 8 9 10 16 16 15 15 7 3 5 14 8 9 11 8 7 14 15 18 20 18 14 9 8 10 10 11 12 9 4 7 9 18 18 6 5 9 13 11 9 10 6 4 
15 10 8 12 12 19 28 69 111 151 198 225 219 200 162 111 65 31 14 12 6 7 4 7 13 15 15 15 10 6 9 13 10 10 16 15 16 18 7 8 9 11 10 13 7 5 6 12 17 8 7 11 12 22 18 11 5 6 9 6 8 9 9 10 
11 7 9 16 21 37 64 114 161 198 229 232 203 165 118 71 36 13 15 15 9 10 12 13 17 18 13 15 13 7 8 8 10 3 18 13 14 17 14 14 7 8 3 15 8 8 7 10 16 9 15 12 9 21 9 14 5 9 13 7 11 11 7 6 
12 9 12 21 40 73 113 164 208 230 234 208 159 113 71 41 25 10 12 18 15 12 8 11 17 19 15 21 18 14 12 5 13 4 18 15 14 14 17 18 12 12 6 14 2 11 8 8 11 3 11 2 3 20 12 18 9 6 9 6 7 10 7 10 
14 14 22 37 72 121 167 211 239 237 208 160 108 65 36 27 26 20 19 20 10 10 9 12 13 11 13 21 18 14 8 9 13 8 18 23 23 16 18 17 10 11 6 12 9 13 8 6 8 2 7 8 9 17 14 14 8 9 10 9 2 8 3 6 
21 27 48 72 114 171 212 232 236 212 163 110 70 38 22 22 25 19 14 15 10 13 12 13 8 5 9 14 7 5 9 14 10 6 18 24 21 8 15 14 10 15 12 7 8 10 2 6 7 7 4 11 11 15 14 9 10 13 15 15 13 15 13 11 
39 53 86 115 158 211 232 221 204 169 115 71 47 27 19 23 27 25 22 23 19 17 11 9 10 9 13 9 5 9 11 12 3 9 18 23 16 7 11 8 9 15 14 11 14 13 7 10 2 4 5 15 14 15 18 12 14 15 10 10 10 9 8 9 
63 83 125 158 196 231 227 192 161 122 73 42 30 20 15 21 24 23 20 20 20 18 12 6 4 8 15 10 9 7 9 9 9 12 16 21 11 7 8 5 12 18 15 16 19 14 10 12 3 8 9 14 11 7 13 13 16 16 16 12 11 17 21 20 
95 121 167 196 215 227 201 150 110 75 41 24 20 16 10 13 15 16 16 20 21 16 12 8 3 9 13 9 12 11 12 11 8 11 14 15 9 7 11 13 18 22 20 19 18 14 10 11 4 12 8 11 12 6 9 12 14 6 8 7 7 8 7 7 
143 169 206 223 218 203 157 98 63 40 24 19 18 15 7 9 16 18 20 21 18 12 10 10 12 12 12 1 7 6 10 15 11 13 15 10 10 14 17 15 16 16 16 16 15 11 5 8 7 14 6 3 10 7 9 11 10 5 10 11 6 6 6 10 
182 200 219 219 190 153 98 49 30 21 19 26 27 21 14 10 12 11 9 9 8 3 11 15 15 14 14 7 8 5 8 11 11 9 10 14 19 23 22 16 12 11 12 10 8 6 6 7 7 15 7 6 8 3 5 8 10 17 22 27 26 25 24 22 
205 211 210 193 148 102 53 18 11 6 8 19 16 16 15 17 18 8 6 9 9 7 7 11 13 9 10 7 9 10 15 8 9 6 6 14 8 9 15 14 12 12 13 10 6 3 5 6 3 13 5 8 9 5 6 5 2 8 10 8 13 16 17 17 
203 198 183 157 110 67 29 14 8 5 6 18 10 9 10 15 22 9 3 8 11 11 6 6 11 8 11 12 9 8 13 6 9 10 9 18 11 12 15 6 2 4 6 3 5 1 6 7 6 13 4 7 9 3 6 7 5 9 16 7 10 14 14 16 
175 162 140 112 68 32 7 7 4 6 8 17 11 10 11 17 24 13 5 8 11 16 11 9 12 6 6 12 16 18 21 7 5 17 9 19 12 16 17 8 2 7 8 5 3 3 8 5 6 10 4 4 6 2 6 10 14 10 13 2 15 22 24 25 
128 113 91 63 27 9 5 10 5 3 8 15 12 9 10 18 27 18 7 5 11 22 15 11 10 7 7 9 15 15 19 9 9 15 12 24 16 19 16 12 5 7 3 6 3 1 7 3 8 11 12 8 8 3 3 6 12 9 9 11 22 21 24 24 
81 69 54 34 12 7 6 10 2 0 5 14 18 12 5 11 27 22 9 4 9 27 21 19 19 18 17 13 16 17 16 10 18 17 16 26 21 25 17 15 11 11 6 9 5 3 9 4 13 9 12 6 8 4 3 5 15 17 17 22 31 29 30 32 
43 37 31 19 13 9 7 12 5 3 2 8 17 14 8 5 24 26 13 5 6 31 24 18 19 18 16 13 17 17 13 9 24 22 15 24 21 27 20 19 15 16 15 18 8 7 12 4 17 10 13 8 9 6 5 5 18 19 14 20 30 27 30 35 

4 4 7 9 23 15 12 11 10 30 27 19 11 5 18 25 13 11 4 15 10 22 26 17 9 4 12 19 20 15 12 4 15 9 10 14 14 13 9 13 6 4 11 11 14 16 20 15 8 13 12 8 16 53 91 135 178 194 187 161 118 78 48 27 
5 8 10 15 24 13 7 5 15 29 24 12 4 7 16 27 15 7 6 11 10 21 20 15 11 11 13 16 20 16 13 10 19 9 11 15 16 15 10 12 7 4 10 9 10 14 19 17 10 10 12 9 30 75 118 162 196 202 186 150 104 68 41 23 
6 11 12 15 21 14 13 16 21 25 18 6 2 8 14 28 17 12 8 6 8 16 18 21 18 14 13 18 22 20 18 16 24 11 11 14 17 15 9 10 7 4 13 11 10 12 15 15 10 8 17 30 62 113 157 194 213 203 177 132 87 55 34 21 
12 13 15 18 21 21 16 12 12 13 12 5 2 9 14 26 21 16 15 11 10 9 5 9 10 16 20 23 23 20 13 13 25 15 11 14 16 14 7 10 10 3 14 10 5 8 11 13 11 18 40 65 108 163 203 228 229 203 162 110 68 43 26 14 
4 12 13 16 16 17 10 6 7 6 10 5 3 6 7 17 17 17 21 23 23 18 9 5 8 16 21 21 21 18 10 6 20 20 12 15 12 8 4 4 10 7 14 13 9 8 7 10 13 32 67 106 158 209 232 235 209 162 111 61 35 24 17 11 
14 14 13 16 15 15 11 13 15 12 12 9 7 7 7 9 9 17 21 23 21 16 12 9 11 15 24 26 24 19 11 5 12 19 18 23 21 13 6 5 8 8 16 20 14 11 6 9 25 63 113 160 205 235 233 208 161 107 57 17 10 13 16 11 
15 15 15 17 16 14 9 6 5 6 11 12 15 13 9 9 8 6 5 7 10 20 18 14 12 19 25 19 14 12 11 8 3 11 17 18 18 14 10 10 8 4 15 22 14 11 12 28 61 113 167 206 229 232 203 160 109 62 24 3 10 12 15 12 
17 18 16 12 7 2 6 9 10 9 14 19 22 21 17 14 8 6 9 7 2 16 20 22 18 20 23 19 18 18 14 12 6 9 19 15 16 15 14 13 10 5 6 19 16 9 27 62 109 159 199 218 218 195 149 103 60 26 9 11 9 3 10 11 
10 11 10 9 5 3 5 9 17 17 17 20 18 17 14 15 18 11 8 9 7 14 17 21 18 19 20 12 10 8 3 9 11 14 22 14 14 15 18 16 12 11 11 15 21 27 55 104 155 192 212 214 191 149 101 60 27 10 13 13 9 7 8 7 
10 11 10 7 4 2 8 14 15 11 9 12 17 22 21 20 19 10 8 6 6 12 15 19 17 19 17 10 8 7 2 5 12 19 23 18 16 13 19 18 14 11 8 11 31 55 95 152 201 218 214 195 154 102 59 30 10 3 4 5 8 10 11 10 
10 9 9 7 7 6 6 9 11 16 19 20 20 15 9 8 11 9 8 3 5 9 13 16 16 17 14 15 18 17 13 11 12 19 24 29 28 20 17 16 12 12 6 22 60 102 149 203 233 223 191 152 104 55 27 14 4 6 11 11 10 12 14 13 
13 12 10 8 3 4 7 10 11 16 12 11 13 13 14 11 12 10 7 3 5 11 13 13 12 13 12 9 7 5 7 7 10 17 22 20 20 17 12 12 13 17 28 62 114 161 200 230 234 199 148 104 64 31 15 13 7 7 10 4 15 16 17 18 
9 9 9 11 4 5 10 13 16 19 11 6 14 15 19 21 19 15 8 3 7 10 10 10 12 14 15 10 6 5 5 7 12 7 6 3 9 13 11 10 19 36 61 112 170 211 229 232 213 162 107 69 40 22 12 14 9 11 8 8 17 13 15 15 
11 10 13 15 4 7 11 16 22 21 13 8 11 8 12 14 17 17 10 5 10 10 10 12 12 13 13 10 10 12 12 13 11 9 5 6 6 10 6 9 41 71 107 160 209 233 231 211 176 122 73 44 25 15 7 12 10 9 5 12 16 10 11 9 
12 12 14 17 3 8 9 14 22 19 17 13 17 19 21 21 18 13 8 9 11 9 10 10 6 6 11 15 14 10 12 18 15 11 7 6 6 15 24 46 85 125 166 207 234 235 209 168 127 80 40 27 18 15 10 13 14 12 14 18 19 11 6 3 
16 14 13 18 2 10 10 15 27 23 23 16 16 15 16 18 17 15 13 15 11 9 15 14 7 8 13 19 21 18 15 21 18 17 17 20 21 28 48 80 130 179 214 236 238 213 168 118 81 47 23 24 20 13 7 9 10 6 9 15 14 7 5 4 
20 19 14 17 2 11 9 12 26 21 24 17 18 17 18 19 17 14 10 15 9 10 16 14 7 9 9 15 18 15 13 17 19 15 16 14 16 40 77 119 177 221 237 232 209 168 117 73 50 29 19 24 21 13 9 7 11 5 11 14 15 12 14 16 
18 19 16 16 6 12 7 9 23 18 23 19 17 14 13 15 17 18 15 12 5 6 11 17 12 9 9 14 16 13 10 10 17 6 9 10 24 68 122 170 217 240 227 194 155 111 68 40 29 20 21 24 20 13 11 9 12 3 12 12 15 15 14 16 
17 18 17 15 7 13 6 7 18 15 10 12 11 10 8 8 9 9 5 4 4 4 8 13 15 12 12 12 15 15 12 7 17 4 14 34 60 113 174 213 234 231 193 147 108 73 41 24 16 13 17 17 15 12 17 15 13 6 13 10 12 14 11 12 
15 14 10 11 5 12 9 6 14 15 7 6 9 8 5 5 6 7 3 2 3 5 8 7 9 9 9 12 16 18 10 7 17 11 33 66 99 156 212 230 224 200 150 102 71 44 22 9 4 12 10 12 11 12 14 10 9 9 16 11 9 14 9 7 
7 6 4 8 7 6 7 6 10 10 4 3 4 6 1 5 9 5 2 3 6 10 10 8 9 11 13 14 16 13 2 13 24 29 59 104 145 194 234 233 200 159 106 58 36 15 11 9 5 12 8 12 12 12 11 12 11 11 15 12 13 18 18 14 
19 19 18 16 9 5 7 9 11 11 11 8 4 6 2 6 9 4 4 2 4 6 3 4 4 6 6 6 9 5 8 22 42 65 108 163 201 227 241 214 158 110 63 24 19 11 13 10 7 13 5 8 9 8 6 8 3 6 9 11 12 16 20 20 
10 10 11 12 9 7 8 13 14 14 17 15 8 8 5 5 7 5 4 5 6 9 9 9 5 5 7 9 12 9 19 38 71 109 157 206 229 229 217 172 109 67 34 11 14 10 12 10 11 14 4 5 8 6 5 5 3 4 6 10 13 14 14 13 
12 12 14 13 8 6 5 10 14 12 15 15 7 3 5 7 9 11 9 8 3 5 11 13 11 9 6 5 8 17 40 72 117 160 196 222 222 200 170 123 73 42 22 9 9 9 11 11 13 14 10 3 8 11 15 11 3 5 8 12 12 11 12 10 
8 9 11 10 6 7 9 15 13 11 13 11 6 2 6 8 7 7 8 10 9 6 8 9 4 5 5 5 12 38 74 118 166 202 220 221 199 160 119 80 46 25 14 6 4 9 11 10 12 12 10 10 7 6 7 9 5 5 10 7 5 4 6 5 
13 12 9 6 6 9 12 12 4 4 7 11 16 15 12 12 11 6 8 11 14 15 17 18 12 12 8 10 32 70 118 166 205 222 220 199 161 118 77 45 26 13 10 9 4 5 11 12 13 15 15 14 13 7 8 10 6 5 13 5 5 3 5 5 
18 18 17 16 14 14 15 11 5 6 8 14 15 15 3 1 13 10 11 10 12 11 10 12 6 6 8 30 68 119 171 211 230 224 200 158 114 78 44 22 15 6 4 9 5 6 7 12 11 16 18 18 18 10 3 5 4 9 15 8 8 8 8 7 
11 10 8 8 12 15 15 11 13 9 9 12 7 19 6 7 17 9 4 4 9 7 5 7 5 3 24 61 110 165 211 231 224 196 155 107 67 42 18 9 12 12 13 13 9 11 7 16 9 13 16 19 23 19 14 13 11 12 14 4 10 12 15 17 
8 7 6 8 13 13 9 6 16 9 9 8 6 17 6 9 18 10 4 2 8 10 12 14 12 20 60 106 157 202 224 217 188 146 101 61 33 19 5 6 13 12 2 4 6 12 10 20 10 5 7 11 20 13 8 4 3 7 11 8 15 12 14 13 
8 6 4 6 13 16 9 8 14 6 4 3 9 15 10 5 17 6 4 5 5 6 8 17 32 67 118 165 206 230 225 195 153 108 68 40 21 10 0 2 11 14 5 7 10 16 14 21 12 6 7 10 20 11 8 5 4 8 10 10 11 9 15 15 
14 9 6 6 11 14 5 5 11 9 7 7 15 14 14 7 15 4 9 11 11 20 29 43 72 119 171 211 232 229 203 157 109 70 42 23 11 4 3 2 9 13 9 13 15 17 16 22 13 6 4 7 17 7 6 6 9 14 14 14 12 11 15 14 
4 2 3 4 12 14 9 11 11 11 8 9 18 15 15 8 10 10 13 12 9 25 35 62 111 164 207 228 220 191 149 95 55 34 7 7 10 11 11 9 13 16 16 20 21 18 14 17 15 12 10 11 14 3 6 5 8 12 7 11 5 6 14 16 
5 4 3 4 9 13 9 12 10 7 3 13 19 15 19 17 5 9 9 13 15 40 64 108 169 214 237 233 198 150 105 58 31 24 5 8 2 2 3 4 10 16 19 23 21 15 13 14 15 12 10 9 14 10 12 11 12 14 5 10 6 12 15 17 
12 7 4 8 13 14 8 5 5 4 7 19 19 14 15 18 9 12 9 17 34 68 108 160 214 237 239 216 165 116 80 46 27 24 14 16 10 13 14 14 13 14 18 23 20 14 11 6 8 7 3 6 12 5 6 7 13 17 10 12 12 18 20 22 
12 10 11 6 14 16 15 9 6 11 17 26 22 17 15 21 15 16 18 29 57 101 149 196 232 231 210 169 115 74 49 23 12 14 5 14 8 15 14 7 4 10 16 20 16 11 6 3 10 9 3 6 11 5 2 7 17 20 16 14 15 21 23 23 
12 12 14 5 15 12 14 16 16 20 24 33 27 21 15 22 19 20 36 60 100 152 196 225 235 209 166 116 67 36 19 2 3 11 6 13 12 19 18 12 1 5 9 12 4 5 4 5 13 12 6 7 12 7 6 5 13 18 19 21 24 28 29 28 
15 12 15 9 17 15 19 23 21 22 22 29 26 21 16 21 22 32 62 99 146 194 225 229 212 169 121 78 43 21 11 4 6 11 9 10 16 22 22 20 14 9 9 11 4 6 8 15 22 16 9 9 15 13 12 11 9 5 11 18 22 25 30 31 
8 10 15 12 20 17 21 23 24 24 20 21 19 17 12 22 33 61 102 142 181 212 222 202 167 121 79 48 27 14 7 7 10 14 15 10 9 10 11 13 7 6 10 7 6 11 18 24 18 8 3 9 13 11 13 12 6 4 6 8 10 11 18 25 
11 12 12 8 16 9 12 12 16 22 16 12 12 15 19 37 62 103 151 187 211 220 202 161 117 76 40 23 12 4 5 9 12 16 19 14 10 7 12 17 13 10 6 8 15 17 20 15 5 4 3 11 12 9 13 13 8 7 7 4 4 6 13 22 
6 6 6 6 14 12 11 3 6 16 17 12 9 11 36 66 105 154 196 217 220 205 164 114 72 38 13 15 9 8 8 9 11 18 22 18 13 10 12 16 9 6 7 14 13 12 15 6 10 5 8 11 13 9 12 11 10 8 9 7 3 3 9 18 
15 12 12 12 15 14 14 15 8 4 10 14 19 30 63 105 153 197 218 217 196 160 108 62 34 14 7 9 11 12 7 10 10 18 25 22 18 14 6 15 12 8 3 12 6 7 10 4 14 10 13 11 9 5 12 9 12 10 13 12 8 10 11 15 
9 6 3 7 12 11 13 21 18 13 12 17 39 69 112 158 200 222 216 195 160 113 62 31 16 5 6 2 10 13 10 12 8 12 18 17 16 16 2 11 9 12 7 14 6 6 10 13 22 17 16 16 16 14 19 10 7 6 15 19 17 19 19 19 
15 8 3 5 9 11 12 18 22 23 29 47 78 120 168 206 229 226 198 164 122 74 35 16 8 11 14 12 8 10 8 11 10 11 13 14 16 16 6 12 15 16 13 12 8 10 14 22 23 16 16 14 14 15 23 14 7 9 8 12 9 12 13 11 
18 13 7 5 5 11 12 15 23 30 44 73 113 162 204 226 230 205 160 119 77 36 12 8 6 12 12 14 10 12 8 6 8 8 13 12 14 15 7 12 15 14 9 3 12 12 9 17 11 7 13 12 7 10 25 15 5 10 3 9 4 9 9 9 
26 23 18 14 11 10 1 7 24 39 68 112 159 204 229 230 209 164 112 74 40 8 6 8 11 14 9 12 9 13 9 11 11 9 13 14 13 17 15 7 7 11 6 6 13 10 11 13 6 8 8 9 5 6 26 18 4 8 2 10 3 9 7 7 
15 18 17 15 15 18 7 12 38 64 105 160 202 229 233 208 162 108 62 34 16 12 12 10 12 13 5 8 3 9 5 13 10 9 12 13 9 13 17 11 7 12 7 8 11 9 12 14 8 11 6 7 3 10 27 15 5 9 6 12 5 7 4 2 
15 16 16 15 12 18 9 29 67 105 153 199 221 226 205 159 107 62 28 13 6 6 6 4 12 13 7 10 10 11 8 16 9 9 11 11 13 18 20 16 10 10 6 8 8 10 14 15 12 15 10 10 8 15 21 7 8 12 14 15 10 11 9 8 
16 16 18 20 18 25 32 64 108 153 195 219 216 199 157 104 61 28 9 11 7 5 5 9 18 17 15 16 11 6 9 15 11 9 10 6 7 15 17 20 22 19 14 9 9 12 15 15 9 8 6 9 12 19 14 3 6 9 15 12 8 8 7 5 
13 12 17 24 32 46 70 115 162 202 229 226 197 160 109 63 32 11 11 14 12 4 1 9 16 15 11 16 13 10 15 15 14 10 17 15 16 20 9 8 12 14 14 12 12 15 16 18 14 5 8 10 13 20 15 10 6 9 12 7 7 7 9 10 
13 11 18 30 48 75 115 167 208 232 237 210 162 118 72 37 18 4 9 13 15 9 10 13 18 16 7 19 18 15 17 13 15 8 16 10 13 17 12 13 3 6 2 11 11 14 15 18 17 13 16 11 9 18 8 14 7 10 12 9 12 13 15 14 
6 6 21 40 75 119 165 212 236 234 211 163 108 68 34 15 15 11 12 21 22 14 9 13 19 19 15 23 22 19 17 13 18 12 17 10 9 10 14 14 10 12 9 13 9 14 14 16 17 14 13 10 11 21 20 21 13 10 6 3 11 12 11 15 
5 17 40 72 121 171 210 239 239 210 164 111 63 30 11 11 21 20 23 26 18 12 5 12 14 13 13 21 21 18 15 15 18 13 16 18 19 16 18 17 10 10 7 10 4 15 11 15 19 18 18 18 16 20 18 17 12 10 6 2 8 11 12 17 
29 46 78 119 168 210 234 234 210 166 114 68 35 15 10 16 19 9 7 9 5 10 9 13 8 7 8 15 12 10 12 18 18 17 23 27 24 16 19 17 10 12 13 9 6 14 8 15 21 20 15 16 14 18 16 14 14 13 14 14 16 17 16 17 
63 85 124 163 202 230 227 196 156 113 66 34 17 6 5 12 12 6 10 12 11 13 7 9 7 6 10 11 5 10 14 18 18 19 22 23 14 3 12 11 8 13 16 14 13 13 5 13 16 15 11 15 10 12 14 12 15 12 9 6 10 11 12 16 
104 129 169 201 221 226 197 145 102 68 32 15 11 10 9 13 10 7 8 10 11 12 6 6 7 9 17 12 4 4 11 17 20 19 19 21 12 7 8 5 3 12 15 17 20 15 4 8 12 12 11 13 8 4 9 10 14 11 17 15 17 22 24 26 
146 170 205 221 216 199 153 93 56 34 14 10 9 8 8 15 12 12 13 15 17 15 13 15 13 15 21 14 9 7 12 17 17 18 19 14 6 3 9 13 14 15 18 21 21 15 4 7 12 13 8 11 13 11 13 15 13 5 9 9 9 7 9 12 
188 204 224 222 194 157 102 48 22 12 6 8 10 9 4 7 13 17 20 21 18 15 12 14 16 19 23 12 7 4 10 15 13 17 16 6 7 10 15 15 13 11 14 18 17 9 7 9 12 13 2 7 14 12 14 14 7 5 8 9 5 4 13 19 
208 214 215 195 149 102 52 16 11 10 10 18 20 17 14 9 6 7 8 8 7 7 2 10 13 14 18 9 3 3 10 10 8 10 11 17 23 25 22 17 12 13 14 14 13 9 10 8 10 11 5 9 12 8 10 11 13 18 21 26 25 24 28 30 
203 199 184 153 101 59 21 10 14 13 12 17 13 14 16 16 15 10 8 11 12 13 9 5 9 7 16 13 9 8 10 8 9 7 4 15 13 10 12 14 14 14 15 13 9 4 7 6 10 12 7 10 12 10 10 6 2 9 9 10 17 22 27 28 
171 160 138 108 66 32 15 17 15 13 15 19 8 6 13 17 20 12 7 11 13 12 9 8 12 9 15 14 7 3 7 12 11 13 10 18 16 12 9 9 4 6 5 5 5 4 9 10 15 16 10 10 12 8 8 6 4 10 14 9 9 10 11 13 
133 117 93 67 32 9 12 13 12 10 16 18 8 7 11 20 24 17 7 9 12 15 15 16 16 9 8 13 13 13 14 11 11 19 11 18 14 12 10 7 4 7 6 3 2 3 8 8 14 14 7 4 6 3 6 11 17 14 12 4 10 15 15 13 
87 73 52 30 7 11 15 11 6 5 13 17 10 9 5 19 27 21 11 9 15 23 21 18 12 6 4 8 9 7 9 12 15 19 16 20 17 15 9 5 1 5 3 5 1 3 8 7 13 14 11 6 8 5 1 9 13 13 9 7 15 11 10 10 
40 33 22 12 10 13 15 10 4 2 6 15 16 14 7 13 26 22 12 10 17 29 22 19 14 12 12 8 5 6 4 12 20 21 23 22 20 21 9 11 11 11 9 9 4 5 9 5 14 14 12 6 6 6 6 9 13 18 15 16 22 21 20 18 
14 11 10 14 17 17 16 12 4 3 1 10 14 14 9 9 23 25 13 4 13 33 26 12 8 9 12 12 7 5 5 10 23 23 25 24 22 24 12 15 14 16 16 18 6 5 14 11 20 18 17 10 8 8 10 11 17 20 13 15 23 21 20 18 

7 5 3 7 15 13 17 18 4 20 18 17 19 4 16 24 20 19 10 10 8 18 22 16 14 12 9 8 10 14 12 6 8 11 16 19 20 13 11 12 5 2 7 9 12 13 11 9 12 14 18 16 35 85 134 169 196 196 164 122 83 53 30 19 
7 8 7 11 15 11 14 11 13 22 20 15 13 5 12 24 20 17 15 13 10 17 13 10 11 10 10 6 6 13 12 6 15 12 18 21 22 16 12 12 4 3 7 9 11 15 15 11 7 11 23 30 57 112 161 189 203 192 153 106 70 45 24 15 
8 8 6 10 12 12 18 21 22 22 17 11 8 5 9 24 21 19 18 14 11 10 9 15 16 12 6 9 7 13 15 10 19 10 16 19 22 17 12 12 5 3 8 8 9 13 15 11 5 20 45 66 102 156 195 207 202 177 134 85 54 35 21 15 
13 10 6 7 8 10 12 11 10 8 8 5 5 8 9 23 20 19 19 18 16 9 4 2 9 12 11 12 7 1 2 6 18 12 12 16 20 17 9 12 8 4 9 8 8 14 18 13 11 40 76 109 154 203 226 222 198 160 111 64 37 24 17 11 
9 11 6 8 2 6 4 4 6 3 8 6 8 12 5 16 14 17 21 24 24 19 14 7 6 13 13 13 10 4 5 3 13 16 10 11 13 14 8 8 6 9 12 15 16 19 20 19 30 69 114 154 197 230 230 204 161 113 66 29 19 13 14 10 
17 14 10 12 7 8 9 13 15 12 7 2 2 12 8 10 11 18 22 22 20 19 15 8 7 12 15 16 16 12 10 6 9 15 11 15 13 9 5 6 2 7 10 15 11 13 13 25 57 109 162 199 226 233 207 161 108 62 25 10 13 6 12 11 
15 12 9 11 8 7 5 4 4 5 1 4 6 14 10 10 9 8 6 5 5 18 16 13 12 16 16 11 13 12 17 13 9 11 11 13 11 7 8 9 3 8 12 20 15 3 15 49 99 159 205 223 227 206 158 106 61 26 12 16 13 8 13 16 
15 14 10 9 5 5 10 12 11 7 6 11 12 15 10 9 7 11 13 10 4 11 15 19 16 13 11 13 20 21 20 15 10 8 12 13 12 10 12 12 4 3 6 17 18 20 50 99 154 200 219 214 194 152 98 57 26 6 16 16 9 6 12 19 
8 6 5 9 6 6 5 5 11 11 11 15 12 12 13 14 17 10 7 9 6 6 6 15 14 9 6 7 12 13 11 11 9 9 17 15 14 13 17 15 5 3 6 19 37 57 96 151 199 219 213 190 153 104 58 29 10 6 12 11 9 6 11 18 
5 6 5 6 5 4 7 13 12 10 11 12 10 12 16 19 21 14 13 8 7 5 8 15 12 10 6 6 6 8 6 5 7 11 21 17 15 13 18 16 3 7 10 31 63 97 142 193 226 221 195 157 112 64 28 10 4 4 6 12 14 11 14 21 
8 5 3 4 7 5 4 8 9 15 15 15 14 11 8 10 14 13 15 7 5 4 8 13 9 6 4 10 15 17 13 10 11 13 22 26 24 17 14 11 7 18 27 60 108 152 193 227 233 201 152 106 66 27 10 6 5 2 10 15 10 12 16 21 
20 18 14 10 10 10 10 10 10 15 13 13 14 14 14 14 14 16 15 5 3 7 12 12 7 6 6 5 6 7 6 8 12 15 21 21 19 13 10 6 17 35 60 109 165 204 224 229 207 156 101 63 34 12 9 3 6 7 11 6 10 18 21 24 
16 15 15 15 13 14 15 12 10 13 6 9 18 19 23 24 21 20 17 8 6 9 11 9 6 8 10 8 5 6 0 2 8 5 6 3 9 10 7 6 35 66 106 162 211 229 225 202 164 110 64 37 17 9 9 6 9 10 8 2 14 20 21 24 
10 9 15 19 13 15 15 13 15 14 7 2 12 8 10 12 14 18 18 13 9 12 12 10 9 11 11 11 10 13 10 9 6 5 5 2 7 9 8 32 73 113 157 203 228 225 201 162 121 75 39 20 7 5 6 5 10 11 9 12 17 19 20 21 
5 6 14 19 10 14 11 11 16 7 12 7 14 16 20 19 16 14 16 14 10 12 11 8 6 7 7 16 17 14 8 13 11 7 5 2 11 24 41 77 124 166 205 229 228 204 162 114 77 42 14 13 11 9 8 8 13 14 14 18 18 15 12 10 
8 6 14 21 8 14 8 12 20 8 18 12 17 18 20 19 14 13 19 19 7 8 11 9 6 9 8 18 23 18 9 8 12 13 18 22 28 46 74 117 170 210 233 233 210 165 115 70 44 21 6 16 15 8 3 4 9 8 9 13 8 6 7 6 
13 12 11 22 3 14 7 11 24 9 20 18 21 21 21 18 12 6 16 19 6 7 12 8 6 10 7 17 22 18 13 15 20 18 21 22 32 69 111 159 208 232 229 203 161 112 69 39 26 12 7 17 17 5 1 1 9 6 12 12 9 11 15 18 
11 10 6 21 5 11 5 6 23 10 15 17 18 16 15 16 16 19 19 16 6 4 8 13 11 11 12 17 18 13 9 8 12 4 15 24 52 108 162 203 230 226 193 148 103 66 38 22 15 11 13 18 16 3 2 3 8 5 13 12 9 9 13 15 
12 12 9 19 7 12 7 10 20 12 7 11 11 11 8 7 8 11 8 8 5 2 6 12 15 17 18 17 16 12 10 9 13 7 30 60 101 161 211 228 223 195 144 96 64 40 22 12 6 10 13 12 11 5 11 11 10 8 16 15 12 14 12 10 
9 9 6 17 6 12 11 12 17 14 8 7 7 9 5 3 9 8 3 4 4 5 6 5 8 10 9 8 11 9 7 12 19 27 64 108 150 202 234 223 191 150 97 56 38 20 6 3 6 10 7 5 7 7 8 5 3 5 13 14 14 20 19 17 
3 6 7 14 7 6 10 14 17 15 13 11 8 11 6 6 11 7 4 3 3 7 8 5 3 6 7 8 11 8 14 23 35 58 103 153 191 224 234 203 152 106 61 27 20 11 9 7 5 7 3 6 8 7 9 11 10 12 9 10 11 17 21 19 
23 24 25 21 10 5 9 14 14 14 15 14 6 8 5 5 11 4 6 0 2 7 4 7 4 2 4 9 13 10 22 36 64 103 156 205 228 233 219 170 109 67 31 8 15 13 13 8 6 9 6 8 8 4 4 6 1 9 5 6 6 11 17 15 
6 7 9 9 10 5 6 12 12 12 17 19 9 7 4 2 10 7 7 5 6 11 5 12 6 7 12 17 22 25 44 68 108 153 198 230 231 211 177 122 69 37 13 4 12 11 14 10 10 13 5 6 6 5 6 6 5 6 4 5 8 9 11 9 
9 7 7 3 9 5 1 8 10 11 13 16 9 6 6 6 10 11 9 11 8 10 11 16 11 11 12 16 26 46 79 116 161 198 220 221 199 161 121 77 41 23 11 7 7 7 9 9 11 14 9 5 6 9 12 9 5 6 7 8 6 3 6 6 
6 6 7 1 9 6 8 15 13 13 16 12 7 10 8 3 5 8 7 12 12 7 7 14 3 7 10 20 38 71 116 161 199 218 216 194 156 114 77 49 27 16 10 6 1 7 5 9 11 13 9 5 8 9 13 13 9 6 10 5 2 4 5 6 
15 15 13 8 9 6 11 14 8 8 9 4 11 15 12 12 8 5 7 12 15 15 16 20 14 13 12 31 64 111 161 199 217 211 188 149 107 74 46 30 21 13 11 9 5 8 5 9 15 16 15 10 6 2 12 10 7 4 12 5 6 2 3 5 
16 19 21 19 16 13 15 13 5 3 6 14 13 14 4 4 11 10 6 5 7 3 5 12 3 2 27 59 107 163 207 225 218 189 147 99 65 44 22 14 14 8 5 8 6 10 9 14 19 24 24 20 15 5 11 10 5 7 15 6 8 6 6 4 
12 8 7 6 9 12 16 12 9 10 15 22 17 16 3 1 15 13 5 7 10 9 10 10 6 19 56 102 156 205 229 222 192 148 101 61 37 25 9 6 12 8 10 14 11 13 11 15 15 19 19 18 20 13 11 10 8 11 15 5 9 8 10 12 
8 8 9 7 9 7 11 3 13 14 19 22 16 16 5 3 15 11 6 6 9 9 10 13 19 51 105 155 200 229 223 187 143 95 55 30 18 15 3 3 12 9 3 7 2 9 6 14 9 8 8 13 18 9 11 9 6 7 12 10 15 8 8 9 
7 1 2 3 10 11 8 10 15 13 16 15 12 15 11 8 15 6 6 7 9 11 19 34 62 111 167 206 231 233 199 148 103 63 33 21 15 9 4 6 11 12 4 7 4 12 8 13 2 1 2 10 16 4 7 2 0 4 11 12 11 7 9 11 
13 7 5 5 11 11 4 4 8 9 9 8 11 10 10 4 12 9 14 14 15 29 46 70 114 169 213 234 233 208 158 105 66 40 25 18 12 6 3 5 10 14 7 10 9 14 13 18 9 7 5 11 15 5 7 6 10 13 14 15 13 8 8 9 
6 5 8 8 15 13 7 6 6 8 7 12 15 15 15 12 14 15 15 14 16 41 61 98 158 207 230 228 201 155 102 55 30 20 0 4 10 11 10 9 11 16 13 12 15 16 15 18 19 19 19 20 15 2 7 8 11 9 6 11 9 6 9 9 
7 6 7 7 12 13 7 9 9 6 7 15 15 17 20 22 14 14 13 17 32 69 103 152 212 239 235 209 161 110 67 34 20 19 6 10 8 6 4 7 11 17 17 15 16 15 17 17 14 10 9 12 11 6 9 11 15 11 5 10 10 7 10 11 
12 5 6 13 17 13 6 3 7 6 9 17 11 13 16 24 15 15 20 31 61 111 156 201 241 237 210 171 121 78 50 31 21 22 12 16 8 3 5 8 10 13 15 18 19 17 16 12 6 5 5 8 9 2 9 13 17 12 5 7 8 7 12 14 
12 9 7 9 18 19 18 12 7 3 10 18 10 10 13 24 17 24 38 55 98 155 195 223 237 207 161 116 75 48 30 19 14 14 3 18 10 9 11 12 12 13 16 21 21 16 12 9 9 9 10 8 9 4 3 7 17 15 10 9 8 11 15 17 
9 9 12 8 17 14 14 10 4 6 10 21 13 8 11 24 23 38 66 100 154 205 230 234 218 168 114 71 42 26 14 8 8 8 5 18 14 15 17 12 9 7 3 12 10 9 9 7 10 9 12 8 10 8 8 6 10 13 14 17 18 19 19 21 
14 12 18 14 19 15 10 13 6 6 5 18 13 10 14 29 39 66 107 150 197 229 235 215 176 122 76 46 32 23 14 11 9 7 6 17 21 26 27 22 15 9 7 9 5 4 1 8 19 16 15 9 12 12 12 12 8 4 7 10 12 13 15 16 
9 12 20 15 19 14 12 15 13 12 5 11 10 12 20 43 67 106 153 188 212 221 206 167 121 78 44 27 24 19 12 9 9 9 9 10 9 13 20 18 10 11 11 4 3 4 13 21 20 14 12 4 10 11 12 11 6 2 6 5 4 5 3 7 
8 10 14 6 13 8 8 9 11 15 8 2 12 24 41 71 108 152 195 217 219 205 170 119 77 46 19 15 18 16 12 12 12 15 15 10 6 5 17 17 10 10 4 7 12 14 21 23 20 17 13 6 8 9 12 11 9 3 6 8 5 6 6 5 
4 4 8 7 15 18 16 11 9 9 9 8 20 37 68 111 157 195 223 224 202 169 123 76 44 23 5 13 17 16 13 14 17 22 23 15 10 7 18 20 9 7 8 13 10 12 19 20 20 15 12 7 8 5 9 7 10 3 4 8 4 4 4 3 
13 10 10 12 16 19 20 19 16 11 10 17 40 65 103 153 196 219 221 198 156 114 69 33 18 13 11 8 15 15 9 13 16 25 30 23 16 9 11 19 11 6 3 9 6 10 17 18 20 14 11 7 7 2 10 7 14 11 11 13 8 11 11 7 
8 7 4 7 12 13 13 15 16 19 25 43 78 118 159 199 222 217 193 157 114 74 35 13 9 8 13 10 11 12 5 10 9 17 23 18 11 8 7 18 14 9 7 12 10 7 12 18 23 19 15 14 13 9 15 3 10 10 13 19 15 18 20 17 
6 2 3 5 9 10 7 7 14 27 49 83 128 174 209 228 227 198 158 119 81 45 19 9 4 9 12 14 8 11 4 6 7 10 16 15 10 8 7 16 19 17 13 10 10 6 9 22 20 18 19 18 17 16 19 7 8 11 6 13 14 18 21 23 
9 8 7 6 6 7 6 9 25 43 76 121 169 210 228 223 202 158 111 77 45 14 6 4 3 11 7 12 8 13 7 2 3 6 17 16 11 11 8 12 18 15 10 4 12 10 9 18 9 5 13 14 11 16 23 9 9 14 5 6 9 12 12 13 
22 21 17 13 10 8 1 11 36 63 108 161 204 233 230 202 162 111 65 41 19 3 6 4 9 16 10 14 12 16 11 9 7 8 16 15 9 13 15 12 14 11 4 5 13 11 11 14 3 5 6 6 3 10 23 13 12 14 5 5 10 14 13 14 
23 27 26 22 19 16 10 26 62 103 154 201 227 233 207 160 110 62 28 17 10 12 10 7 11 14 4 9 7 12 8 12 8 8 12 11 3 11 16 12 9 8 5 9 12 9 11 12 3 9 5 6 5 12 21 12 11 12 6 8 11 12 10 8 
24 27 27 24 19 22 30 59 106 155 197 220 221 202 157 104 62 28 10 13 10 12 9 6 11 12 2 6 4 8 8 13 9 7 10 11 15 18 21 16 9 6 7 11 7 7 11 9 9 15 10 12 9 15 15 8 11 13 13 13 14 12 9 7 
23 23 24 25 28 42 66 106 156 199 220 214 191 154 101 57 31 9 4 11 9 7 7 5 14 15 12 13 6 5 14 14 15 10 8 9 12 16 18 18 18 17 15 12 4 8 12 9 5 6 7 11 12 16 11 6 6 10 16 14 15 14 12 11 
21 19 23 30 46 73 114 163 205 231 228 195 150 106 58 28 16 3 2 5 9 3 3 4 16 17 15 20 11 11 20 15 19 14 14 15 17 21 12 3 10 15 14 9 5 11 13 13 10 6 7 8 10 15 11 11 9 9 9 6 6 2 6 8 
19 17 27 44 70 110 161 207 233 236 211 159 106 68 31 12 10 2 3 2 10 6 5 8 16 18 17 24 16 16 20 16 21 14 12 12 16 18 12 7 3 6 3 4 4 12 14 15 13 13 15 9 9 16 10 14 10 10 11 14 18 20 23 24 
14 18 40 68 111 160 206 236 236 210 165 106 57 29 8 4 10 7 9 13 18 14 10 9 15 18 17 22 18 17 15 15 20 13 8 5 11 13 14 9 9 12 9 10 10 16 14 15 15 16 17 14 14 20 20 21 15 13 8 8 10 7 7 5 
21 41 72 115 167 206 231 239 213 164 113 62 24 7 9 10 21 21 25 27 24 17 10 9 10 10 9 15 15 12 7 12 18 12 8 12 18 18 18 12 9 9 8 8 9 19 12 13 15 16 19 18 15 18 16 15 15 15 12 8 7 11 10 13 
58 82 119 166 207 227 230 210 163 110 67 29 8 9 12 18 24 17 15 14 13 11 9 14 8 5 3 13 15 13 7 9 13 13 17 23 24 22 22 14 8 10 11 10 9 19 12 11 17 18 14 11 5 11 10 10 16 18 21 18 16 18 16 16 
96 125 164 201 222 222 198 154 102 60 27 9 7 10 9 14 16 6 6 5 12 12 9 13 9 11 13 19 19 17 11 6 10 10 10 16 15 19 22 14 10 12 14 14 15 20 12 12 14 14 12 13 7 6 4 6 14 12 15 10 7 12 13 18 
141 167 200 219 217 195 149 96 55 30 7 7 6 11 10 15 15 9 7 5 7 9 7 11 13 16 22 26 22 18 11 3 7 7 7 15 19 25 24 17 10 2 6 11 17 21 11 7 6 3 7 14 14 14 14 12 10 6 18 21 23 27 28 28 
174 192 213 213 188 150 98 47 22 16 6 6 3 4 3 11 9 10 13 14 16 17 17 16 15 17 26 28 25 21 16 7 5 7 11 12 21 27 26 21 17 12 10 12 15 18 9 5 7 8 13 19 22 22 22 22 15 10 6 8 9 12 17 21 
195 201 206 188 146 103 56 17 8 14 7 2 7 9 8 5 9 16 22 23 20 17 14 8 10 16 26 26 23 20 16 8 3 10 9 11 19 24 24 17 12 12 12 13 16 16 12 8 7 8 13 15 18 19 22 20 13 12 2 5 5 11 21 24 
195 191 180 148 97 58 22 9 10 13 14 15 18 16 15 10 9 9 12 12 10 12 10 8 11 15 25 22 17 14 13 6 5 11 12 20 23 22 18 12 10 16 18 17 18 15 12 6 6 8 13 9 10 12 18 19 21 21 19 22 24 26 33 34 
169 158 138 104 59 28 8 9 7 10 18 18 15 15 17 16 14 7 7 9 9 13 15 11 10 10 21 19 13 11 10 10 12 11 10 19 18 13 11 13 15 19 21 20 17 12 12 7 9 11 15 13 12 11 17 18 17 16 12 10 17 24 32 33 
124 111 90 65 33 15 11 13 11 9 21 20 11 10 14 18 19 11 7 11 10 8 8 9 9 7 16 16 9 7 7 12 10 12 9 18 15 8 4 9 4 12 13 13 13 10 12 12 13 11 14 15 12 10 16 15 12 11 13 9 9 10 15 14 
90 76 55 37 13 3 3 4 9 11 22 20 10 9 9 20 23 18 5 7 7 11 14 16 13 9 11 14 13 11 12 11 7 16 7 15 13 2 5 8 6 9 9 10 11 9 12 12 5 7 7 6 1 7 14 17 19 13 9 3 5 8 9 7 
51 43 30 15 6 8 5 6 6 11 19 20 11 11 5 17 24 20 8 5 10 19 18 14 7 6 7 11 10 8 9 10 11 15 8 15 14 10 9 4 3 6 6 8 10 10 13 15 8 11 10 10 9 9 12 16 13 12 6 4 9 9 11 14 
10 11 9 4 3 2 3 5 7 7 13 20 15 15 10 15 26 24 14 12 17 26 19 9 8 9 12 11 8 6 8 8 16 16 13 14 13 9 6 8 9 9 8 7 5 7 11 14 2 3 2 9 10 13 13 14 2 10 6 8 13 15 16 15 
5 4 4 6 5 4 6 6 7 6 9 17 15 15 11 12 24 26 15 9 15 32 27 7 12 14 16 16 12 6 9 6 19 18 17 19 18 13 8 12 12 15 15 16 3 6 14 17 8 3 5 12 14 15 14 12 4 16 10 8 15 17 16 11 

8 3 8 15 13 5 13 21 15 19 9 11 23 9 17 17 13 13 14 13 13 13 17 19 14 11 9 2 9 15 11 7 6 10 15 16 18 14 23 13 5 4 6 5 6 9 4 20 19 16 28 46 84 143 189 203 201 173 123 81 53 34 27 26 
9 5 7 14 7 4 13 15 14 18 10 11 18 12 15 17 10 11 16 16 15 14 10 10 9 7 8 6 3 12 11 5 10 8 16 17 18 14 22 15 6 6 8 9 10 12 8 17 17 22 43 67 108 166 205 208 195 162 109 68 47 33 27 27 
9 8 6 12 6 10 16 19 21 20 14 13 15 11 15 18 12 14 18 15 13 8 3 10 13 7 6 10 9 13 13 7 13 4 14 17 18 13 20 16 6 5 7 7 5 10 3 13 22 43 76 110 152 199 218 203 176 137 86 48 33 26 26 27 
12 9 5 9 2 9 8 7 9 6 2 6 11 10 12 18 12 13 16 15 14 11 9 6 12 8 7 9 10 9 7 8 13 6 11 14 18 12 17 18 9 7 8 10 8 13 9 15 37 75 117 154 193 223 223 193 154 112 66 31 17 15 19 21 
7 8 4 9 1 7 4 2 7 5 3 6 9 13 7 13 6 11 18 19 19 18 18 13 14 12 8 13 16 16 12 6 8 8 11 12 15 14 17 17 13 14 14 18 20 23 23 37 70 118 161 192 216 223 200 158 112 72 37 15 9 10 16 19 
15 12 7 12 6 7 8 13 16 14 5 3 5 14 11 8 8 15 16 14 13 15 15 11 14 12 6 12 17 18 12 9 8 5 7 9 10 8 13 13 11 14 10 15 14 16 28 61 109 163 203 218 222 204 159 110 65 32 11 9 3 6 14 20 
11 6 2 10 5 5 3 6 7 10 5 5 6 16 15 9 6 6 6 7 5 15 12 10 13 13 9 6 13 16 14 11 8 4 6 6 5 6 11 10 4 9 7 15 17 19 49 99 157 206 226 218 200 159 104 61 28 6 10 10 4 7 13 21 
13 13 11 13 8 5 8 11 13 11 6 8 11 18 12 7 7 12 16 12 7 9 13 16 15 10 6 11 16 20 18 13 10 5 7 6 2 6 11 10 3 6 5 14 36 59 99 157 208 230 219 190 156 106 59 30 12 5 8 7 11 12 14 21 
8 6 6 10 8 5 5 9 9 7 6 12 14 20 18 15 17 13 8 9 8 2 3 10 14 8 3 2 5 11 11 14 15 14 16 11 8 10 14 11 1 9 14 37 73 105 149 202 234 226 192 152 113 68 35 18 9 11 6 11 16 10 10 14 
9 10 9 9 6 7 9 11 6 9 10 15 18 18 18 21 24 19 16 13 12 7 5 10 12 5 4 6 7 10 11 12 12 15 23 19 15 12 11 12 15 26 39 69 111 148 187 223 230 198 153 110 74 38 16 11 9 11 7 16 17 6 7 12 
11 8 6 6 3 4 5 7 6 14 13 16 18 15 12 15 17 12 18 14 12 7 3 8 7 1 3 8 12 14 10 8 9 13 22 25 23 16 8 10 27 47 70 112 160 195 219 228 209 157 102 62 37 13 11 12 11 6 4 18 13 3 6 9 
22 19 14 8 2 4 9 11 10 14 10 11 16 16 15 16 12 11 18 13 9 6 5 10 8 6 7 6 6 9 6 9 14 17 21 21 20 16 8 15 41 71 111 164 209 226 222 200 160 104 58 32 17 6 11 11 8 7 9 13 6 6 9 11 
17 15 12 8 2 4 7 3 5 12 7 10 20 22 24 23 17 16 20 14 7 3 6 9 6 7 9 7 6 8 3 3 10 10 9 10 11 9 8 34 72 115 165 211 235 225 195 153 107 62 31 14 6 3 9 8 7 9 4 6 7 11 13 13 
4 6 10 10 6 6 7 3 9 12 6 4 15 9 4 4 6 17 24 17 6 5 8 9 11 12 12 10 9 13 11 9 8 8 8 6 8 13 32 73 119 166 208 232 228 198 156 110 74 45 24 13 6 3 9 7 7 10 9 12 16 19 19 19 
5 7 11 11 5 6 4 5 12 9 9 5 14 9 10 11 13 18 20 14 1 4 7 6 9 11 11 14 17 17 15 16 12 5 4 9 21 40 73 120 166 204 230 228 201 160 113 70 43 27 13 14 10 7 12 8 7 7 8 13 15 15 14 11 
6 7 14 16 8 10 4 9 14 7 13 9 12 8 8 9 10 16 20 17 6 4 6 8 10 10 9 16 21 20 15 12 11 12 20 30 46 74 116 164 204 229 233 207 164 115 70 38 23 15 6 17 17 11 13 9 9 8 8 10 9 9 8 6 
8 9 12 20 6 15 12 17 22 8 10 7 10 7 7 6 7 12 18 16 4 3 7 8 7 8 6 16 21 17 17 18 20 20 28 41 68 113 162 203 228 229 204 158 108 65 36 21 16 10 6 19 20 13 13 12 12 9 13 13 11 13 15 16 
8 8 9 21 7 12 9 12 24 12 5 4 6 7 12 15 18 23 20 12 1 3 10 16 15 14 13 16 18 10 8 8 11 13 33 60 102 160 205 226 225 198 149 96 54 31 17 13 13 12 14 21 20 14 14 13 12 7 14 14 9 9 13 16 
6 7 9 21 10 12 9 13 21 14 3 3 3 8 10 11 14 17 6 6 8 9 12 15 18 20 20 18 17 12 10 10 18 31 66 109 155 205 233 224 194 151 96 50 26 15 7 6 11 16 18 18 15 13 14 13 9 6 15 16 12 10 8 6 
3 3 4 19 10 11 11 14 19 16 5 2 2 11 12 11 15 15 2 3 5 7 8 5 5 7 7 6 11 6 10 19 37 66 114 162 199 229 233 196 146 103 57 24 16 10 6 8 11 12 12 9 11 12 12 9 4 4 12 15 14 15 12 12 
5 6 7 16 10 5 7 15 21 21 18 14 10 16 14 13 17 13 2 1 3 3 3 2 3 4 9 8 12 9 23 39 66 108 161 205 223 228 208 155 99 62 28 6 13 12 10 6 4 3 7 7 9 10 12 13 11 15 12 15 16 16 16 13 
26 25 27 23 9 3 4 10 14 17 19 18 11 13 11 10 15 10 6 5 5 7 6 11 9 11 14 13 18 19 41 65 105 158 208 236 230 207 169 109 59 32 11 7 12 11 9 4 4 6 10 9 8 7 8 8 9 14 14 18 20 20 21 19 
6 6 9 8 10 0 3 8 7 7 13 18 9 11 9 7 12 8 10 6 4 6 3 18 10 13 18 20 29 43 74 108 154 200 230 232 203 161 114 61 25 12 6 9 12 10 10 8 8 10 12 9 5 7 9 10 13 13 14 18 21 20 20 19 
9 8 10 6 13 3 4 7 7 7 9 16 9 10 6 2 9 6 10 3 6 7 7 22 11 11 15 20 37 71 116 159 200 225 225 197 152 103 61 28 8 8 9 11 11 11 9 9 10 11 9 7 4 6 8 9 13 13 14 16 17 15 17 17 
4 2 8 4 13 4 6 13 13 14 15 13 5 9 6 2 9 10 12 9 10 2 3 19 5 8 15 30 58 103 155 196 220 219 194 149 101 60 32 20 10 9 11 10 6 12 6 8 12 13 10 12 12 9 9 4 13 11 11 10 11 10 12 15 
17 14 13 8 11 2 7 15 14 16 17 3 9 11 8 6 5 9 12 10 14 12 13 21 15 12 25 57 102 153 197 217 212 184 143 93 56 34 18 17 13 4 5 4 8 13 9 12 18 16 11 10 5 8 13 3 6 4 11 7 9 6 7 9 
13 18 22 21 18 12 14 13 10 13 14 9 13 11 6 3 6 11 9 12 15 14 14 15 8 20 58 102 156 203 225 218 189 143 95 50 28 24 14 14 15 8 7 4 8 15 15 20 26 27 26 22 12 8 14 10 7 6 12 4 6 4 5 6 
11 5 6 8 10 11 14 13 9 6 8 13 16 11 6 4 8 12 8 15 17 17 20 21 26 54 102 151 201 229 223 192 149 100 59 31 20 22 15 11 15 8 8 10 10 16 16 20 24 23 20 17 11 11 13 8 6 8 12 2 7 5 7 8 
9 11 11 10 10 6 9 5 6 3 6 11 12 11 5 7 9 10 3 10 13 15 21 31 52 98 157 200 229 231 196 144 96 53 24 13 14 18 14 7 13 10 6 7 5 9 3 9 13 9 8 13 7 10 15 12 8 6 8 7 10 7 9 12 
5 6 5 7 12 10 7 9 11 9 9 8 5 8 5 5 9 7 8 12 13 21 39 64 103 162 213 235 237 212 155 97 58 29 14 13 16 15 9 3 11 13 8 8 4 8 1 5 8 11 12 15 11 12 14 9 6 3 4 9 3 10 11 15 
12 9 8 8 13 11 5 4 4 6 6 5 3 4 6 8 12 13 17 17 22 43 71 109 163 215 242 240 215 168 107 59 34 23 21 19 17 9 1 3 9 14 9 8 4 9 10 13 11 9 8 14 11 10 12 8 9 12 12 15 9 6 7 11 
10 7 11 11 17 14 7 5 5 7 6 11 9 9 11 14 15 15 15 16 31 66 101 148 205 235 233 209 164 110 59 25 13 15 5 1 5 10 9 7 8 16 12 3 5 5 8 12 18 23 25 26 17 9 7 9 9 6 8 13 9 1 6 7 
12 8 7 6 15 16 10 13 11 8 7 13 8 12 16 22 17 16 18 29 62 110 151 197 241 239 210 169 118 72 39 18 11 16 7 5 6 8 5 5 7 18 15 2 4 7 13 17 17 13 10 10 4 7 8 12 12 5 4 9 10 4 6 8 
14 7 9 13 18 14 5 7 9 7 7 13 5 11 15 24 19 24 38 61 107 162 201 231 246 213 165 122 78 49 31 21 15 17 11 11 10 2 3 6 10 17 16 15 14 14 16 15 13 12 10 11 9 1 6 13 18 10 7 8 10 5 6 7 
9 8 9 13 22 22 22 18 12 7 7 13 7 12 12 24 25 44 70 102 158 208 229 234 220 165 109 70 38 25 17 13 11 10 6 18 15 10 10 13 17 20 22 21 18 15 15 17 17 15 14 9 9 4 4 7 18 14 10 9 11 10 10 9 
15 14 13 8 18 15 15 13 10 10 8 14 10 10 13 27 40 71 108 153 208 241 239 219 181 117 65 33 10 9 4 3 6 8 9 19 16 10 9 9 12 11 10 7 6 12 16 18 16 8 5 6 12 10 9 7 9 12 12 14 15 12 10 10 
22 20 21 16 19 15 8 14 10 10 8 13 11 10 21 43 70 112 157 198 232 238 216 177 127 72 35 17 7 7 4 3 3 6 11 21 25 26 24 18 16 10 8 3 9 14 16 15 14 7 9 12 12 11 11 13 6 4 7 9 12 11 11 11 
24 21 21 13 15 12 9 17 13 10 6 7 10 18 38 72 111 158 198 218 223 207 170 120 74 38 16 8 8 7 3 3 1 4 9 13 14 16 22 17 14 13 9 4 9 9 8 7 9 7 8 9 6 5 9 13 9 2 6 7 6 5 8 12 
19 13 12 7 13 13 5 11 11 15 11 3 18 40 73 116 158 196 222 223 204 170 124 75 41 21 13 14 16 15 10 7 4 9 12 12 12 16 25 18 12 10 6 13 14 10 10 7 8 11 12 8 1 5 12 14 14 4 7 11 9 9 12 16 
13 4 7 11 17 20 16 13 7 6 6 12 37 66 111 162 200 220 227 205 163 121 77 40 21 15 15 15 17 15 8 6 9 16 15 8 12 16 27 22 12 9 13 16 13 8 8 8 10 13 15 10 3 4 12 10 16 4 5 13 12 10 10 14 
13 6 4 10 13 16 18 16 12 9 14 33 71 109 154 200 222 219 202 159 109 72 36 11 13 19 21 15 17 14 4 5 12 22 24 11 9 11 19 19 10 5 9 9 10 2 5 9 11 14 14 11 8 4 11 6 15 6 10 18 15 16 15 16 
16 10 9 9 8 8 9 10 9 16 37 71 122 167 202 225 222 192 155 110 71 45 18 5 10 16 23 23 19 16 9 6 6 16 21 10 6 6 13 19 13 8 10 7 10 4 4 14 13 17 15 14 12 9 14 5 12 10 16 23 21 24 22 22 
6 5 7 2 3 2 4 3 16 40 77 122 175 214 230 226 200 155 112 77 49 28 13 9 8 12 14 19 18 18 13 6 3 11 20 12 7 5 10 19 19 15 12 7 9 3 4 19 14 15 17 17 16 16 17 13 12 14 15 20 24 26 25 28 
5 4 3 2 0 3 5 14 40 73 120 168 211 233 224 198 159 109 69 43 26 10 5 5 6 14 7 12 12 18 15 11 5 10 23 18 11 8 7 10 16 15 12 8 9 6 8 17 9 3 10 12 12 18 20 14 12 17 16 15 19 15 10 9 
8 10 4 4 3 4 8 27 62 105 156 199 227 232 201 157 114 67 34 21 14 4 5 5 8 18 12 13 14 18 14 15 8 8 21 18 14 12 14 11 15 13 11 9 9 8 9 15 6 3 3 3 2 10 16 12 14 18 14 10 14 8 5 7 
16 17 10 7 6 11 24 55 103 154 196 220 226 206 156 107 67 29 8 11 9 6 11 11 15 21 10 4 9 14 12 17 8 6 13 9 6 10 17 15 16 13 9 9 8 9 12 13 5 8 7 7 6 12 13 12 15 18 10 6 11 11 13 12 
22 19 13 12 14 31 60 103 158 206 227 221 200 159 103 61 34 9 6 12 12 15 18 18 19 22 11 5 11 12 15 18 9 4 8 11 16 19 24 19 13 9 7 9 6 9 12 7 6 12 10 11 9 12 8 9 11 15 11 11 15 15 15 13 
15 13 12 17 36 68 112 159 204 234 227 193 155 108 59 31 19 9 6 9 8 7 11 13 18 22 13 7 9 11 19 16 12 6 6 13 15 17 22 21 17 13 12 12 7 12 13 6 3 5 9 11 10 12 6 9 9 12 14 18 22 22 21 20 
9 9 19 38 67 113 166 208 234 240 208 153 106 66 29 15 13 8 6 6 8 6 11 11 17 19 10 11 5 12 22 14 16 12 13 14 15 19 17 12 8 10 12 9 8 15 14 9 9 10 9 7 6 10 9 14 11 9 7 14 18 18 16 14 
12 17 39 70 107 159 210 236 238 220 172 110 66 36 12 4 9 3 6 6 11 9 6 6 13 16 9 12 8 18 22 13 16 12 14 16 18 18 15 8 3 6 6 2 9 16 13 10 4 6 9 7 9 13 12 15 11 8 8 15 17 18 20 21 
15 32 67 110 157 204 237 241 216 174 120 65 30 10 3 1 8 1 6 7 12 10 8 2 8 11 6 11 11 17 13 5 11 4 5 3 7 10 12 7 8 9 7 4 13 19 13 12 8 10 12 11 13 17 15 17 14 11 10 11 12 9 9 7 
45 75 114 164 208 232 236 218 172 118 72 31 15 4 2 6 15 16 23 26 24 18 12 8 7 8 5 12 16 17 12 8 10 5 2 7 13 14 15 10 10 8 8 7 14 23 14 11 8 8 10 8 7 11 9 10 8 9 13 11 11 13 9 10 
101 131 167 209 232 228 208 171 114 67 35 10 16 6 8 15 21 19 18 19 16 11 12 18 15 14 15 20 23 22 16 7 5 8 13 19 22 20 20 14 11 8 10 15 16 25 16 13 16 16 14 11 7 6 2 4 10 15 21 20 15 17 15 16 
145 174 203 226 226 199 157 111 62 31 14 12 14 4 5 9 12 8 4 11 16 12 13 18 15 19 22 27 28 24 18 10 1 1 6 15 18 21 24 19 16 11 13 17 20 27 19 20 21 22 21 20 19 16 12 10 12 14 20 16 10 15 16 19 
182 200 216 219 196 154 103 62 33 17 10 10 9 4 7 11 11 10 6 5 11 10 13 17 15 20 24 30 29 24 21 13 5 4 7 15 23 25 25 23 22 12 9 10 16 24 14 10 10 10 14 20 23 20 14 9 9 12 20 24 24 29 28 21 
189 195 199 185 148 105 59 26 18 17 13 7 3 4 7 12 7 9 10 7 12 12 16 18 14 19 27 35 33 29 28 16 8 9 12 14 21 22 22 23 24 16 8 6 13 20 11 4 7 12 19 25 27 22 16 14 15 19 12 12 9 18 23 15 
176 174 167 140 98 62 27 5 7 15 14 6 6 12 12 11 9 12 17 17 17 17 18 13 8 16 29 38 36 33 32 15 7 10 11 18 20 18 16 16 17 18 11 6 13 19 14 8 9 13 19 19 19 16 13 9 11 20 10 9 7 15 26 18 
152 144 128 96 58 30 8 9 6 12 18 18 19 17 14 12 13 11 11 9 9 14 17 15 16 21 31 37 34 28 25 9 9 14 13 18 18 10 7 9 11 19 15 11 13 16 16 10 10 15 21 16 15 14 14 7 10 16 12 15 20 25 36 34 
109 99 83 59 30 13 9 9 6 12 21 22 19 18 18 17 18 12 7 9 9 12 15 12 11 17 26 31 27 22 19 11 14 13 11 18 16 9 6 9 10 18 16 15 14 14 15 12 15 17 21 17 15 16 18 14 13 17 17 10 14 22 33 33 
67 58 44 30 12 8 12 15 15 15 22 22 16 16 19 22 24 17 10 13 14 11 6 6 3 12 21 25 20 15 12 9 11 10 8 16 13 10 7 11 5 14 11 9 10 11 13 18 19 15 19 18 16 19 21 17 15 16 18 13 11 9 14 9 
51 43 27 17 6 5 2 6 11 12 22 21 15 17 17 23 26 23 10 12 14 11 11 13 12 15 16 16 10 4 6 8 5 13 8 14 15 11 11 12 8 12 9 7 8 9 13 19 15 11 15 14 14 20 23 23 23 19 15 9 2 2 9 13 
25 22 15 6 2 7 4 9 5 9 20 22 19 22 18 23 26 23 11 12 16 17 17 15 12 11 7 6 6 6 10 9 6 11 4 13 15 15 15 12 9 10 9 8 7 7 9 18 14 16 22 25 24 23 25 28 24 20 15 10 9 14 18 23 
7 6 8 6 5 5 2 10 9 7 18 25 23 26 19 23 28 25 15 17 21 24 18 12 11 6 5 2 10 11 14 12 13 12 8 15 14 15 16 13 12 13 11 8 5 7 7 15 9 14 20 26 26 27 27 29 20 11 6 4 8 14 18 22 
10 12 12 9 6 4 1 9 7 3 14 24 23 26 19 21 27 26 14 15 21 28 26 12 15 6 4 5 15 17 21 20 21 17 15 18 11 13 13 12 12 15 14 15 3 6 10 16 11 13 19 28 29 32 30 29 17 8 9 7 14 21 24 28 

8 6 9 11 15 24 25 28 20 11 9 16 29 17 16 10 6 11 15 13 10 14 21 28 20 11 15 13 13 16 6 2 13 18 25 12 4 9 26 17 8 9 11 9 6 11 4 22 22 15 42 76 124 179 207 197 171 130 84 49 27 18 18 19 
6 2 9 14 18 25 27 26 18 10 11 17 25 18 16 9 4 8 12 11 9 11 16 18 13 6 10 10 7 9 3 9 16 16 23 13 6 8 26 17 5 6 8 7 6 12 8 20 22 28 63 100 147 195 211 191 157 115 68 36 21 15 16 16 
7 5 8 14 20 26 27 25 21 16 18 20 23 17 16 12 7 11 13 9 7 8 10 12 12 6 8 5 5 9 11 15 16 14 18 14 10 6 25 18 3 4 4 5 4 12 6 20 33 60 104 146 185 213 208 171 127 88 46 18 13 11 9 11 
11 10 9 12 18 22 19 14 11 4 10 15 19 16 17 16 9 10 10 10 10 12 14 10 13 9 6 5 10 10 10 15 16 13 9 9 10 5 23 19 3 6 2 3 4 11 7 31 64 107 151 185 210 216 192 146 100 67 34 11 9 10 3 5 
4 5 3 7 13 16 14 8 8 6 10 15 15 16 12 12 7 10 12 15 15 16 17 12 11 3 6 11 14 15 13 9 6 6 3 5 9 12 25 19 3 9 7 13 20 28 40 70 114 158 189 206 209 192 153 107 68 44 23 17 13 12 6 7 
12 9 8 9 7 9 9 13 15 16 13 15 14 15 12 7 9 15 16 18 19 19 15 6 7 6 3 7 11 11 8 8 7 5 3 2 4 9 19 15 7 14 7 11 22 33 63 109 159 197 212 210 194 157 109 68 36 17 11 14 10 12 4 7 
9 6 8 10 3 7 3 7 7 16 17 16 12 15 17 10 7 11 18 22 23 22 17 10 6 7 6 6 5 3 2 1 4 1 2 4 4 11 15 14 9 13 3 12 36 57 100 156 202 223 214 188 157 110 64 34 15 6 10 9 8 10 7 8 
19 17 15 14 5 4 5 7 9 16 17 18 17 19 15 5 6 11 16 15 18 18 20 19 11 5 4 10 10 13 14 11 7 4 6 7 9 16 17 14 10 12 6 31 73 109 155 207 234 223 186 146 112 70 37 21 13 12 7 8 15 14 14 15 
11 10 12 12 10 9 8 7 5 14 16 19 19 23 19 11 14 11 6 8 14 10 9 9 9 6 7 2 3 9 6 10 15 19 21 17 14 19 18 14 10 20 30 68 119 156 194 229 229 189 140 101 76 46 24 16 11 16 11 12 18 9 10 10 
10 11 9 8 2 5 6 5 4 16 15 16 15 15 16 19 24 21 16 13 16 12 8 9 11 3 5 7 7 12 12 7 6 12 22 22 18 18 18 19 26 43 63 106 155 188 213 223 197 143 94 63 47 29 18 14 11 15 12 15 19 3 5 8 
12 11 8 8 3 5 5 4 7 16 10 9 9 9 8 14 15 10 12 8 12 12 6 7 9 3 5 7 7 11 9 4 9 12 15 21 21 19 15 12 31 62 98 149 195 218 220 202 159 101 55 31 26 21 19 19 13 10 10 17 19 5 5 8 
18 14 10 5 4 6 10 11 9 14 2 2 8 8 11 13 11 6 14 10 11 12 4 9 7 4 7 6 7 11 11 11 16 19 16 17 17 14 14 29 56 99 148 195 226 223 195 154 106 56 26 17 15 16 15 16 8 4 12 17 15 5 5 7 
18 14 11 7 7 6 11 9 8 15 7 8 17 18 22 21 16 14 19 11 8 10 7 12 7 7 10 8 6 9 7 5 15 15 6 11 12 15 34 67 105 152 197 224 224 192 148 100 59 30 17 11 7 13 12 13 7 6 5 6 8 6 8 8 
7 8 7 8 9 6 11 6 10 18 5 7 17 14 14 13 10 18 24 16 10 11 8 10 12 14 14 9 6 9 7 4 12 15 8 13 21 38 72 116 157 194 219 218 192 148 104 66 42 31 24 13 6 10 11 12 10 10 8 9 13 17 18 19 
6 6 6 7 5 7 10 7 15 18 9 10 18 16 15 15 15 21 23 16 10 10 9 6 10 12 13 12 11 14 13 13 11 11 9 26 47 77 122 167 196 216 220 192 150 105 67 40 28 26 21 13 7 9 12 10 10 9 9 11 11 10 11 11 
6 5 9 12 9 10 10 7 14 17 13 13 16 14 14 14 13 19 22 18 14 13 11 9 9 6 10 14 16 14 9 5 8 14 28 53 82 124 175 210 223 225 205 160 112 67 34 18 17 20 16 14 13 9 12 10 15 15 16 17 14 9 7 8 
9 6 9 15 9 13 16 18 18 12 8 9 13 10 9 12 12 19 21 15 8 7 8 9 7 2 6 16 20 14 13 15 19 25 46 79 119 171 217 233 226 204 159 106 62 27 11 12 14 17 11 12 15 9 11 11 14 14 18 19 20 19 17 16 
12 8 6 16 9 5 6 13 20 14 8 8 11 8 7 7 14 23 20 10 4 6 12 19 20 17 15 18 19 9 7 7 15 29 65 111 157 207 236 228 196 153 97 48 21 10 9 11 12 14 9 14 13 9 10 9 10 10 16 17 18 15 17 20 
8 6 5 17 11 5 6 14 18 13 8 10 12 6 2 3 12 21 10 10 14 14 14 16 20 20 18 16 16 9 4 8 31 60 108 159 197 228 234 198 147 101 52 16 11 13 15 15 18 21 17 13 9 9 10 10 6 4 15 14 9 6 5 7 
7 3 3 17 11 5 10 14 16 14 6 8 9 5 4 4 12 19 6 7 9 10 9 8 8 6 7 5 12 3 14 32 64 107 162 205 223 230 211 153 96 59 22 5 12 15 18 20 22 20 16 6 5 10 10 10 8 5 13 14 10 7 4 6 
10 8 6 14 12 6 8 15 18 21 17 13 8 8 6 7 14 19 6 7 8 9 9 10 8 4 11 7 14 17 38 65 107 158 206 229 221 202 165 102 53 27 5 11 16 18 18 16 18 15 14 3 3 10 12 16 19 14 12 15 11 9 6 3 
26 24 25 22 9 5 10 15 12 16 20 19 13 6 4 6 14 17 7 8 6 6 5 12 11 9 15 14 22 36 66 102 151 200 232 229 195 158 113 57 24 13 9 12 15 15 15 12 15 13 15 6 5 7 8 15 16 10 9 11 8 12 14 11 
6 4 8 8 10 3 8 13 8 6 12 16 12 5 6 6 11 12 9 5 4 5 3 18 8 8 18 24 39 67 109 151 193 225 229 198 151 108 65 25 12 11 12 12 14 15 13 12 13 10 15 6 3 6 6 16 15 6 6 9 12 14 15 13 
10 10 11 8 14 7 7 9 7 6 11 16 10 5 5 4 10 7 11 2 7 8 7 21 8 3 18 33 62 109 162 201 225 230 203 149 100 61 27 13 9 9 12 12 13 18 13 13 12 8 13 8 5 8 6 15 15 8 10 12 10 6 8 7 
5 5 9 5 13 6 7 9 7 2 14 14 5 7 3 4 7 6 14 6 10 6 6 16 8 5 27 57 100 152 202 225 223 201 156 97 57 32 13 16 14 11 14 11 11 18 12 9 12 7 12 15 14 12 8 10 16 12 12 10 7 5 8 9 
18 15 13 9 11 6 6 12 14 14 18 10 4 9 5 6 3 7 10 12 15 10 8 12 6 16 56 104 155 201 228 224 193 150 101 51 27 21 12 18 17 4 8 3 11 16 11 12 17 10 9 9 9 13 10 5 10 6 11 10 9 10 12 15 
9 14 20 21 19 15 15 12 10 13 16 8 9 7 6 7 6 11 8 17 16 12 11 14 19 52 106 158 206 232 231 202 153 105 62 26 15 17 11 19 21 7 8 2 12 17 12 12 17 19 21 18 17 14 11 8 7 4 12 9 8 6 5 9 
12 5 3 6 11 14 13 9 8 7 10 9 14 6 8 8 7 13 4 16 13 13 21 33 54 100 155 199 229 229 200 156 108 67 38 20 15 16 11 17 21 9 8 7 13 18 21 22 22 20 16 11 9 12 11 9 7 5 13 8 7 5 5 11 
9 9 7 8 10 6 5 5 7 6 7 6 13 9 9 9 9 13 5 14 14 19 34 57 94 152 204 230 234 208 156 102 59 29 15 11 12 15 16 17 19 12 10 10 9 9 7 4 9 7 7 7 6 11 12 10 9 7 12 10 7 10 11 16 
8 9 8 9 13 8 5 11 11 7 7 5 6 7 10 10 11 13 12 17 22 39 67 100 149 205 239 239 217 171 108 59 29 12 9 11 15 16 13 12 16 15 10 10 10 9 9 7 11 17 18 18 13 10 6 4 11 13 14 14 8 15 9 14 
13 10 10 12 15 9 9 13 11 8 7 6 4 10 13 15 15 18 21 24 39 71 111 154 204 239 241 214 170 114 60 28 13 13 16 18 18 12 8 9 13 17 12 9 9 12 15 17 18 15 12 12 6 8 8 3 13 20 18 17 11 14 10 15 
11 7 9 14 18 11 11 15 16 12 8 12 10 12 13 17 14 18 23 34 65 112 156 196 232 234 205 161 109 59 23 7 3 14 10 5 4 7 11 11 11 18 15 7 8 8 11 11 13 16 22 25 20 14 10 9 12 21 21 22 18 13 8 9 
10 5 6 11 17 13 11 16 16 12 9 13 10 14 15 23 17 21 36 62 110 163 201 229 241 211 162 116 69 34 17 12 11 16 12 4 9 12 12 9 8 18 14 4 7 10 13 18 19 16 14 14 9 3 8 14 14 20 23 25 24 21 18 18 
11 5 8 15 18 13 9 11 11 9 8 11 7 12 15 28 28 40 68 107 162 210 232 238 221 167 113 72 37 19 15 17 16 17 11 6 13 12 10 9 11 19 19 16 14 15 16 18 21 17 14 16 14 3 2 10 15 18 22 27 29 27 24 24 
14 15 16 17 21 22 23 21 14 8 6 9 7 12 17 34 46 72 111 156 206 235 233 214 176 113 63 32 7 9 10 13 12 9 3 13 19 15 14 13 15 19 21 20 18 16 16 22 23 21 18 15 15 6 5 7 13 15 18 22 26 25 22 20 
17 13 9 6 14 14 11 8 5 3 2 9 7 15 24 47 74 111 154 197 233 236 209 171 122 65 27 9 9 13 13 15 12 7 2 13 17 9 6 3 8 7 5 6 11 11 13 19 19 16 13 11 16 11 10 8 4 11 15 17 19 16 12 10 
24 17 14 12 14 15 5 9 9 9 6 7 10 21 41 74 116 161 198 224 233 209 164 117 71 31 12 10 13 13 14 15 12 8 8 15 21 21 17 10 12 5 4 11 12 12 13 14 11 6 10 12 15 17 18 20 8 5 10 14 16 14 15 18 
23 15 13 11 13 16 8 15 14 8 4 3 19 41 74 118 164 201 220 220 201 159 109 63 31 15 11 12 12 11 9 9 8 6 9 11 12 10 13 5 7 7 9 16 14 14 9 8 10 11 13 14 8 11 15 21 16 5 9 12 11 10 14 18 
15 9 12 17 20 21 9 8 11 13 9 15 42 78 122 169 205 221 221 199 159 112 66 28 15 15 14 15 14 14 10 9 5 7 13 13 14 13 16 8 7 10 15 22 17 13 4 2 5 6 11 12 8 11 11 15 18 5 9 15 9 10 16 20 
11 10 12 17 20 24 18 15 9 10 18 39 77 118 164 206 224 220 201 160 110 69 33 12 15 16 14 11 11 9 6 9 8 12 15 9 13 15 18 13 9 11 19 19 15 11 4 7 5 6 10 9 7 10 12 10 18 6 7 16 10 11 14 17 
9 8 9 12 13 17 15 14 11 19 38 71 122 166 202 227 223 194 156 108 63 35 12 11 17 18 18 12 9 10 4 7 10 18 21 10 12 14 15 10 8 8 15 10 14 5 2 8 3 7 7 6 8 8 11 6 16 5 6 19 11 15 17 20 
12 7 11 12 11 11 9 10 12 35 68 115 173 211 226 226 197 150 107 68 39 25 12 14 13 12 17 20 13 12 7 6 5 13 20 4 9 10 12 14 9 7 14 6 9 3 4 11 6 12 10 10 12 10 14 10 12 2 7 20 18 26 28 32 
5 6 8 5 8 7 2 14 37 74 120 168 214 233 223 199 156 108 73 47 30 22 15 17 16 13 5 8 4 12 8 8 6 12 21 8 10 10 11 19 18 14 14 12 12 7 6 14 10 13 14 15 15 13 15 16 12 8 7 12 21 30 29 33 
7 6 6 5 5 1 12 35 71 120 170 208 233 229 195 155 111 70 41 26 17 12 6 10 12 17 13 9 7 15 4 9 6 13 26 18 12 9 4 12 18 17 19 20 17 11 8 10 11 10 11 12 13 13 13 14 12 13 11 10 20 21 17 18 
5 9 8 6 6 12 28 61 107 157 198 220 225 201 152 108 71 38 19 14 11 9 2 5 8 20 19 14 14 18 5 10 5 7 22 20 18 15 12 12 16 18 23 25 21 14 9 8 10 13 13 13 11 7 7 13 15 18 15 14 20 15 9 6 
13 13 10 8 9 25 56 103 158 202 222 219 200 155 100 62 35 12 5 9 8 7 8 10 16 27 26 17 16 16 6 12 5 4 13 10 9 7 11 11 16 20 24 26 23 17 13 8 9 14 14 13 8 6 8 15 17 21 15 13 16 6 3 3 
8 5 3 9 25 57 105 157 206 236 232 200 161 108 58 31 15 7 6 11 13 15 18 19 21 30 26 18 18 12 9 14 9 5 7 9 13 13 16 13 11 15 21 23 20 17 12 3 9 15 15 13 8 6 9 14 14 18 13 16 15 6 8 9 
7 7 12 31 62 111 165 203 230 238 206 153 111 68 31 18 11 9 5 5 7 8 15 20 25 33 26 15 17 11 17 15 13 6 5 12 14 12 17 18 11 10 14 20 19 18 13 6 10 13 15 12 7 6 10 14 12 14 10 19 17 13 15 16 
2 12 36 72 112 166 215 233 234 216 163 104 69 40 21 15 13 9 5 3 7 8 13 16 23 29 22 12 13 9 22 18 18 13 12 12 9 9 9 12 9 7 10 15 17 18 13 10 17 18 14 9 5 9 13 15 9 8 9 17 15 12 13 14 
18 34 71 119 162 209 242 238 213 176 118 66 38 22 16 11 9 7 9 11 16 18 15 14 16 21 16 8 9 18 25 20 20 16 16 18 18 18 13 9 6 3 6 10 17 19 13 9 9 11 10 11 14 15 13 11 6 5 9 15 11 7 10 13 
32 62 110 166 206 236 244 216 168 121 71 35 20 14 13 7 6 2 8 7 8 11 10 7 10 15 11 6 5 16 17 12 12 4 5 3 4 6 8 6 8 7 6 7 20 20 12 10 8 10 9 9 11 12 7 7 6 6 10 14 12 7 8 6 
81 119 163 213 239 237 216 171 113 67 33 17 19 15 14 9 9 12 20 23 20 16 7 3 8 11 9 9 11 14 12 11 9 4 4 1 3 4 7 4 9 6 6 7 21 25 14 11 9 9 7 3 4 9 4 8 7 8 10 12 13 13 11 9 
149 178 208 238 237 208 166 117 62 30 15 14 19 13 13 11 14 18 20 22 15 12 14 19 20 19 18 17 18 17 11 6 7 9 10 10 11 11 14 9 12 6 8 16 23 30 21 18 18 18 17 15 11 8 5 8 5 7 14 16 14 16 16 15 
190 209 222 230 206 159 107 64 26 12 11 14 17 9 9 3 11 17 18 24 20 14 13 18 16 21 23 24 24 20 16 9 1 1 3 5 9 15 17 12 15 7 12 18 21 31 25 26 28 28 27 25 23 19 15 12 8 5 15 15 12 18 20 21 
207 211 209 197 157 106 59 28 13 12 11 10 12 7 8 5 9 17 18 21 21 19 21 25 17 19 20 21 24 21 22 16 5 3 3 7 14 16 14 12 20 10 10 12 13 24 15 11 11 12 14 17 20 17 13 11 8 6 15 22 23 28 27 20 
192 186 174 149 105 64 29 13 19 22 19 12 7 10 9 7 5 12 17 15 13 5 12 25 16 22 24 25 23 21 24 15 4 4 6 10 12 9 10 11 22 18 12 11 9 20 13 6 5 9 13 13 15 12 8 11 15 15 6 11 11 20 24 15 
158 148 131 102 65 36 16 14 13 17 15 9 8 12 9 6 4 7 13 11 9 9 15 22 16 20 25 32 27 28 31 15 5 5 8 15 15 7 8 6 16 19 13 11 11 17 14 6 5 8 13 6 9 5 8 15 19 19 10 8 9 16 26 18 
119 109 91 66 40 20 14 13 8 11 17 18 21 18 14 10 9 5 6 2 7 14 19 23 25 26 27 34 30 26 26 7 11 15 15 16 14 3 6 6 11 18 12 12 10 12 13 7 6 10 17 13 11 5 3 10 13 14 11 9 17 22 33 33 
73 65 53 39 22 14 15 13 10 12 21 24 25 22 20 17 17 14 8 9 9 12 16 17 18 21 18 24 21 17 20 11 15 14 17 18 15 10 3 9 8 16 11 11 8 8 9 8 12 13 18 15 12 11 8 6 6 12 18 9 10 18 29 30 
43 37 27 19 9 8 11 14 15 15 24 28 24 20 21 21 23 20 12 13 14 12 11 11 10 11 9 17 14 15 16 12 14 13 16 17 14 12 4 9 6 12 6 6 6 6 6 13 15 8 13 12 12 14 8 6 4 9 18 13 8 5 10 10 
40 35 23 14 6 6 3 6 13 16 26 27 19 15 15 21 26 25 13 14 14 8 7 11 12 12 14 14 9 8 4 8 9 14 18 20 19 15 8 9 8 11 5 3 5 3 5 16 12 13 15 12 13 17 8 10 12 12 12 9 3 4 9 15 
19 18 15 7 3 9 2 10 6 11 23 24 15 16 13 24 28 26 15 15 15 10 13 14 13 14 14 15 13 7 5 5 6 13 13 14 10 5 3 7 5 6 2 6 8 7 3 13 10 19 21 21 21 16 9 18 18 17 13 13 11 14 16 18 
14 14 14 11 9 8 2 12 7 6 21 25 17 18 15 27 31 28 18 19 21 16 11 11 9 6 10 15 18 15 16 10 12 13 11 12 7 3 1 3 7 7 5 9 9 12 8 13 6 15 13 13 11 13 12 21 18 13 9 9 6 6 5 5 
11 13 13 9 8 7 4 12 7 6 20 26 19 19 15 26 28 25 16 21 24 20 15 13 12 6 8 15 25 22 21 15 14 13 15 16 5 2 1 4 7 9 11 17 11 12 9 15 13 15 11 15 6 15 15 22 19 9 12 8 8 8 9 9 

8 6 11 14 17 14 8 16 11 9 18 2 20 10 6 7 12 18 20 14 10 22 21 28 24 18 22 13 15 17 13 12 13 8 24 16 6 6 20 18 12 10 8 6 7 13 9 13 24 43 89 132 172 199 196 162 124 85 49 22 11 7 7 8 
7 4 6 12 17 15 14 17 10 10 18 2 17 12 6 4 8 11 13 10 6 14 17 20 16 11 13 12 17 17 15 16 13 10 22 20 10 7 21 18 10 9 7 6 7 15 10 18 38 68 114 155 187 204 190 150 108 72 36 13 12 8 7 8 
7 7 3 9 16 16 18 19 15 17 22 16 20 15 10 6 6 8 9 6 4 9 7 10 10 9 8 7 11 13 17 18 12 11 19 20 13 8 19 16 6 8 6 6 7 13 11 34 68 110 158 193 211 208 177 125 80 52 24 10 15 14 12 14 
11 13 12 11 16 15 16 13 6 10 15 10 17 14 11 8 5 6 7 7 8 12 10 12 15 14 7 5 9 9 14 18 19 21 17 15 12 8 19 16 7 9 6 4 6 16 33 69 114 161 199 216 214 191 149 96 55 37 15 5 13 15 12 16 
5 8 5 3 12 11 14 8 2 15 18 17 18 15 7 6 4 9 13 14 15 15 13 15 14 6 7 13 12 10 10 10 12 11 8 8 9 12 22 17 11 11 6 12 28 45 75 121 169 203 215 210 186 148 106 65 37 29 17 15 12 15 11 15 
12 12 9 3 9 6 8 8 10 22 21 16 14 11 11 9 10 15 22 23 22 18 10 9 13 10 6 8 10 10 7 7 12 9 8 7 5 12 17 11 6 14 6 17 41 65 109 163 207 223 215 192 156 111 70 39 20 16 13 12 11 14 9 11 
15 14 12 8 10 9 6 5 12 25 24 17 12 17 20 13 11 13 23 24 24 21 13 10 10 10 5 9 10 9 6 6 8 4 6 7 6 10 11 11 8 13 10 29 67 103 153 203 230 224 193 153 113 70 37 19 13 15 13 9 12 12 10 11 
25 21 18 12 7 3 3 5 14 25 25 20 18 21 17 8 9 9 17 18 22 23 23 21 16 13 11 12 9 9 10 6 3 5 7 9 8 13 12 11 8 17 27 63 117 160 200 231 232 197 146 102 72 40 23 20 20 22 14 15 19 14 14 16 
28 25 21 15 11 8 5 7 15 25 23 19 16 23 22 12 15 10 7 11 17 19 20 21 21 20 18 11 7 8 12 13 17 24 23 21 15 15 9 4 10 37 61 108 163 196 216 223 198 144 95 64 51 32 20 18 14 21 14 15 17 10 13 14 
24 21 17 14 11 8 7 9 16 25 20 17 9 19 22 21 25 19 12 9 13 16 15 22 22 17 13 12 13 13 18 12 10 14 15 22 19 14 11 21 39 70 102 149 192 211 212 193 151 96 56 38 38 26 10 6 4 20 17 17 20 10 13 13 
22 19 16 14 13 9 6 6 12 21 14 12 6 15 18 22 24 15 11 3 7 15 10 18 17 13 7 6 12 13 15 14 18 19 7 16 17 12 15 32 60 102 147 189 218 220 196 155 109 60 28 20 29 25 10 13 12 19 17 19 22 14 14 15 
20 17 14 12 13 7 6 6 6 17 7 8 6 11 16 20 20 12 16 13 11 18 9 14 6 2 7 7 14 17 19 18 22 23 10 9 10 9 32 65 99 147 192 218 224 199 152 105 64 27 11 15 21 22 10 14 7 10 18 19 19 13 11 9 
18 15 13 14 15 6 11 9 5 17 3 7 12 16 22 24 22 16 20 12 9 16 9 16 7 7 12 8 9 10 11 11 21 19 4 13 21 37 70 112 151 191 218 217 192 146 97 59 31 12 10 12 12 16 9 12 6 4 11 11 10 7 8 6 
13 13 10 12 17 3 10 10 10 22 9 11 16 15 18 20 20 21 25 16 13 16 11 15 13 13 14 7 2 8 7 9 16 13 7 24 44 72 117 164 193 212 216 189 146 100 64 39 25 19 18 13 7 9 8 12 8 7 5 5 10 15 18 21 
14 15 10 11 15 3 11 10 16 24 14 15 17 15 14 17 18 23 24 16 10 11 11 11 12 12 15 10 8 14 15 16 13 8 19 52 81 120 171 208 217 215 198 152 105 67 40 27 21 19 19 14 7 8 9 9 6 6 4 5 6 6 11 13 
16 16 13 14 14 3 11 7 18 24 18 18 18 16 15 15 14 20 21 14 12 13 12 6 5 4 14 16 15 15 10 4 4 15 50 90 125 170 215 230 219 201 165 114 72 38 16 11 10 13 16 16 14 9 9 7 15 12 12 14 13 11 11 15 
14 14 13 15 15 10 15 12 10 16 12 13 15 14 12 15 14 21 21 9 5 8 9 9 12 9 12 20 19 13 12 13 22 40 81 126 166 209 236 226 195 158 109 63 32 11 8 11 14 18 19 19 17 10 8 8 11 5 14 17 21 20 16 12 
14 12 9 14 15 9 12 13 12 10 9 11 15 14 10 9 10 24 21 6 3 7 14 19 22 20 15 18 16 7 9 14 34 62 112 162 198 228 231 197 150 103 56 21 13 13 11 13 20 24 23 22 16 10 6 5 7 8 16 19 22 21 21 22 
12 9 8 14 13 9 15 18 15 6 8 12 16 16 12 10 9 22 16 16 21 21 20 18 19 17 11 13 12 2 6 26 61 104 159 202 220 228 207 152 99 60 24 2 9 15 19 21 26 28 25 17 10 10 7 8 4 7 15 11 11 11 14 19 
6 5 4 12 11 9 16 19 15 5 5 11 16 15 13 10 7 18 9 15 15 14 12 10 12 12 8 9 11 13 31 61 105 157 206 230 224 208 168 104 59 31 4 6 9 16 22 26 29 29 26 13 5 9 5 7 7 9 15 9 7 9 13 20 
12 9 4 10 12 12 15 18 18 15 11 8 10 14 13 11 6 18 3 11 11 12 11 12 13 13 13 4 15 35 64 103 154 201 229 225 195 162 116 60 30 12 7 11 12 18 20 18 20 19 22 10 4 7 6 12 19 14 12 10 6 4 9 16 
23 21 22 20 12 11 15 18 18 19 18 17 16 14 13 13 6 17 6 12 11 8 7 14 17 16 19 18 33 63 102 146 190 221 226 195 147 110 70 27 12 7 9 7 10 15 18 15 15 11 18 6 4 7 7 16 20 10 6 6 6 9 8 6 
5 4 9 12 12 9 12 15 13 12 11 13 13 13 15 14 8 15 11 11 11 5 2 15 13 15 24 34 59 102 153 191 216 225 204 151 103 71 36 9 7 10 14 10 12 15 14 12 6 3 17 8 4 5 3 15 16 4 1 4 10 12 13 12 
12 14 17 18 18 12 8 7 9 9 8 13 11 10 12 11 7 12 13 10 13 9 4 16 10 13 32 57 98 154 204 226 227 209 163 100 62 40 13 5 13 12 16 12 11 15 10 14 11 10 19 9 6 7 3 16 17 6 7 8 7 5 8 8 
9 9 14 15 15 10 7 3 5 4 9 14 10 10 11 7 5 5 11 4 13 11 12 15 8 23 58 99 149 197 227 225 199 160 107 55 33 25 9 10 18 10 16 13 11 15 12 14 13 13 18 16 14 12 6 12 17 10 9 8 7 8 10 12 
14 11 11 10 11 7 1 7 12 12 15 14 6 9 10 8 6 5 8 8 11 3 3 11 18 54 105 155 200 228 229 199 151 104 61 27 18 22 12 15 20 4 11 5 11 13 10 14 19 19 21 18 12 13 7 7 12 3 5 8 10 13 16 20 
4 9 15 17 15 13 13 12 12 15 18 13 6 5 8 7 5 11 8 11 7 2 6 24 48 101 160 203 231 233 206 158 106 66 36 19 16 22 15 18 21 1 9 4 12 15 11 10 13 18 22 20 18 14 7 7 12 4 9 13 15 15 11 11 
15 8 3 4 7 11 10 11 9 6 9 6 12 1 5 4 5 15 5 14 8 10 30 57 96 155 204 226 228 202 155 104 64 37 24 20 20 22 17 21 20 2 7 8 14 18 21 19 16 16 12 11 12 9 8 8 14 6 12 15 17 18 10 7 
12 11 6 7 7 7 12 15 12 8 8 4 15 6 5 3 6 13 4 16 15 31 61 99 148 204 234 232 211 164 106 61 30 15 13 16 21 25 24 21 14 5 8 10 12 15 14 10 5 6 5 6 11 6 5 5 16 10 16 18 18 22 11 6 
8 9 6 7 9 4 10 13 10 7 7 5 12 7 5 6 9 14 14 25 37 66 106 147 194 233 238 212 171 116 63 30 13 9 8 11 17 20 18 13 10 8 5 7 8 10 11 15 15 17 17 15 12 3 1 4 20 16 19 22 21 27 11 7 
11 9 9 12 11 6 12 11 11 11 12 11 12 13 9 11 13 18 26 43 71 113 159 197 231 238 210 164 112 61 24 9 5 6 10 13 16 11 8 8 9 13 9 5 5 10 13 18 21 16 13 10 4 11 10 5 19 17 18 21 19 26 19 22 
13 10 11 15 15 8 11 6 8 7 9 12 14 15 10 15 13 20 39 68 113 165 205 225 233 205 155 106 57 20 3 3 3 11 13 12 9 4 4 5 8 15 14 6 5 8 8 6 7 9 18 18 16 14 10 7 12 16 16 20 18 20 16 17 
13 11 12 17 18 11 8 5 9 10 14 14 18 19 15 23 19 30 62 105 160 208 228 227 208 157 103 65 31 16 13 11 10 17 17 11 8 7 6 8 9 18 15 6 9 12 11 12 12 12 14 12 9 1 5 11 5 8 11 19 19 21 23 26 
10 7 8 16 16 10 9 9 8 10 15 10 18 19 20 34 39 59 103 154 204 234 231 206 165 105 60 35 17 15 12 12 11 15 11 5 11 11 10 13 14 21 19 15 16 15 14 14 13 12 10 14 14 4 2 8 6 4 6 16 18 16 19 23 
15 15 15 14 12 13 18 19 16 13 13 8 18 20 27 50 69 101 150 195 228 232 204 160 111 58 27 18 13 11 7 5 5 8 4 7 15 13 10 10 11 16 15 17 20 16 13 15 15 18 12 10 15 5 4 7 11 8 5 10 15 10 12 18 
19 15 12 10 12 14 18 16 16 14 9 9 18 25 42 75 109 149 190 219 230 208 159 108 64 24 13 14 9 4 6 4 6 6 4 9 15 11 7 5 10 11 9 13 14 9 10 15 14 13 6 2 15 10 8 5 6 7 7 6 8 6 7 9 
28 19 17 14 14 19 20 16 16 13 9 10 23 41 71 115 159 197 219 224 208 164 109 64 32 12 12 11 6 6 9 6 8 5 4 7 14 14 13 9 14 11 9 16 11 9 12 15 16 15 13 8 13 17 19 20 8 0 6 9 11 9 14 19 
22 20 18 17 16 21 21 20 19 13 9 21 47 78 120 167 206 223 221 200 162 111 65 29 13 9 8 5 2 6 7 5 7 5 7 7 10 8 10 8 15 13 15 21 11 16 13 17 21 19 21 16 4 6 10 22 17 8 9 10 8 7 13 15 
14 14 15 23 25 29 24 18 20 19 22 47 84 126 172 213 232 223 200 162 115 72 36 10 7 9 5 5 9 14 11 6 4 6 14 14 16 14 13 14 18 18 19 20 14 18 12 17 16 14 19 15 3 6 8 18 18 8 11 13 6 4 11 13 
15 15 12 17 18 29 24 16 18 25 44 80 125 167 205 230 227 199 163 119 74 42 18 4 6 7 3 4 10 17 12 11 7 6 13 6 11 15 10 9 12 12 17 12 15 15 15 18 15 13 16 13 3 7 13 18 21 12 11 15 8 5 9 8 
10 10 7 12 9 20 16 10 18 39 73 120 173 208 227 229 204 158 115 74 40 21 7 8 11 11 10 11 6 15 8 9 11 14 20 12 12 16 10 7 12 14 18 10 17 9 12 14 10 12 12 9 4 7 13 18 20 12 11 18 8 3 7 6 
11 7 9 12 9 16 13 16 33 68 115 170 215 233 226 205 161 112 75 46 24 15 9 11 4 5 10 16 11 15 6 5 6 10 19 11 11 14 9 8 9 9 18 14 14 6 9 9 3 8 7 9 10 10 16 19 16 9 9 19 17 20 24 27 
7 6 7 9 9 12 10 34 69 117 171 214 236 229 198 158 112 74 50 33 21 17 15 18 16 14 9 11 9 16 9 8 8 13 24 15 12 14 13 17 16 7 14 15 12 9 4 6 9 15 14 13 12 11 17 21 16 10 6 9 18 25 27 30 
10 9 8 10 10 10 29 63 109 166 214 236 234 204 155 108 71 43 26 17 10 9 7 12 17 18 16 13 9 19 7 6 8 14 26 21 14 12 9 17 20 14 15 17 15 10 4 6 15 20 18 15 13 9 13 18 16 13 8 6 14 18 18 20 
3 6 4 5 13 29 60 103 153 199 224 224 202 158 106 67 39 19 10 8 6 10 7 9 10 12 15 12 14 21 6 4 6 8 21 20 19 15 13 16 16 15 17 17 15 10 6 9 15 20 21 18 13 4 9 13 13 15 10 13 19 17 15 14 
17 16 13 16 30 57 102 155 200 225 223 198 156 105 58 29 12 3 2 6 7 10 9 10 11 17 21 18 22 23 9 5 5 7 13 10 10 8 7 9 13 15 17 15 13 10 7 9 14 18 20 17 11 3 8 9 9 15 9 15 17 10 9 6 
8 6 10 28 55 100 157 201 228 232 205 158 110 63 27 9 2 8 7 12 14 16 14 14 6 14 20 19 27 21 10 5 4 7 6 6 7 7 10 8 9 13 18 16 10 11 5 8 12 15 18 15 9 4 7 7 6 11 9 18 15 8 8 7 
12 8 28 62 102 157 205 224 226 208 158 102 67 34 12 5 3 10 5 6 9 12 13 16 10 19 21 19 28 17 14 7 4 6 3 11 13 12 14 15 6 4 11 12 9 13 9 12 12 9 12 11 7 4 4 5 4 10 9 18 15 13 13 13 
7 29 67 114 159 207 235 227 204 164 104 52 33 15 8 8 7 9 6 3 6 13 15 13 13 20 21 20 25 10 15 6 7 9 8 9 3 1 6 16 9 6 9 12 12 14 12 17 22 20 19 17 14 11 6 5 4 10 9 15 14 14 16 18 
40 67 113 166 202 230 236 206 161 114 64 27 12 8 12 11 10 11 11 12 15 19 19 15 10 14 17 17 17 12 19 16 17 17 16 17 17 16 13 13 7 7 8 11 17 17 11 11 16 17 15 15 14 12 4 5 9 11 9 10 11 12 16 19 
66 104 155 205 225 228 209 159 106 68 35 21 12 7 11 9 3 5 6 5 3 13 13 10 8 11 12 12 6 14 14 9 8 5 7 7 9 14 15 13 10 11 9 12 23 18 8 6 9 14 9 5 7 12 6 7 9 10 8 9 14 19 24 27 
123 161 199 234 231 203 160 104 55 28 8 12 11 14 17 12 3 8 12 14 12 13 9 11 15 14 13 13 9 13 9 6 4 3 6 4 6 12 13 12 11 10 7 11 27 25 13 7 6 11 9 4 5 12 7 10 11 12 9 6 13 19 24 27 
187 208 222 234 206 156 106 58 17 9 9 12 14 17 14 10 7 14 16 16 11 11 15 22 24 23 23 21 20 18 11 4 6 7 9 9 12 17 17 15 14 10 9 13 26 29 21 16 15 18 18 16 12 11 7 11 9 11 10 9 13 18 23 25 
206 211 209 200 157 102 56 21 11 16 14 13 14 15 11 9 14 20 21 21 13 8 8 16 15 20 24 26 27 24 17 7 4 3 9 12 18 22 17 15 18 12 15 17 25 30 26 26 28 30 32 30 28 23 18 16 12 11 11 10 12 19 25 27 
190 185 172 150 102 57 24 12 18 19 12 7 6 10 5 6 14 18 20 19 18 20 23 28 16 13 13 17 28 28 23 14 5 6 10 15 20 20 13 11 20 11 11 15 19 27 20 15 15 17 21 18 18 14 12 15 9 11 15 17 16 20 23 20 
157 146 129 102 62 31 14 15 17 23 21 13 7 8 4 6 12 14 17 14 10 11 10 28 19 19 14 10 25 27 24 14 4 7 12 17 19 15 11 9 21 18 12 14 14 23 18 9 6 11 18 6 10 6 8 13 6 11 11 13 12 15 19 15 
119 106 89 66 38 19 16 20 14 16 18 13 11 6 3 8 12 10 13 8 6 9 6 26 24 22 18 16 23 28 29 16 8 11 15 19 19 14 12 8 17 17 9 12 14 22 21 14 10 12 19 9 12 7 8 14 10 14 11 7 6 11 20 16 
85 74 58 41 24 15 18 20 15 8 17 19 20 17 16 16 15 10 7 5 9 12 11 24 31 31 28 29 27 23 24 15 18 20 18 14 14 10 12 9 12 16 5 8 10 19 22 16 13 14 19 13 11 5 7 13 11 14 14 8 13 20 31 31 
57 48 36 26 16 13 17 18 18 15 23 27 27 24 22 21 17 11 3 7 8 7 3 11 23 26 20 22 20 15 18 13 14 12 14 11 13 10 7 7 9 16 8 5 5 14 19 15 12 12 18 15 13 11 6 7 1 11 20 9 9 15 25 25 
42 34 22 15 10 9 11 15 18 16 25 30 25 19 19 20 20 16 8 11 12 7 8 8 13 16 11 18 19 19 18 13 12 10 10 7 9 9 7 5 9 13 6 3 4 8 11 13 11 4 10 8 10 13 5 8 3 9 19 11 7 6 9 8 
36 30 20 10 5 7 7 8 13 15 27 29 18 14 15 21 23 21 11 12 12 4 2 5 12 18 20 20 15 13 11 9 8 9 12 13 14 15 11 6 8 9 5 7 10 8 7 14 9 17 16 12 13 15 5 11 10 11 14 9 3 4 6 11 
18 17 15 7 2 9 4 12 6 11 26 26 14 12 11 22 24 22 12 11 13 7 11 8 11 15 14 10 5 8 10 6 5 7 7 8 6 5 3 4 3 6 7 11 12 12 6 10 8 21 16 16 17 8 9 19 16 18 13 10 9 12 13 13 
16 16 16 12 9 10 5 14 7 8 24 23 8 7 10 26 28 24 12 12 16 7 10 5 5 7 5 5 7 14 20 15 14 12 8 11 6 5 5 5 5 4 7 13 13 17 8 10 11 20 11 5 5 8 18 24 19 16 12 8 9 11 11 12 
16 17 17 12 11 10 5 13 7 11 26 23 8 8 12 26 26 22 9 15 19 7 9 7 8 6 4 6 16 16 23 17 15 15 16 17 11 7 7 9 9 10 13 20 15 17 8 15 20 24 14 9 4 15 22 25 19 12 13 7 10 11 13 16 

12 9 5 3 5 5 6 9 10 16 25 22 23 15 9 3 9 9 13 10 15 27 19 24 21 18 19 12 16 18 16 14 13 9 23 20 12 4 18 15 5 3 2 9 15 20 27 41 63 101 150 190 214 211 178 128 86 52 21 7 10 8 12 13 
9 7 2 2 6 7 9 11 8 13 23 18 18 14 8 4 8 9 9 7 10 18 18 22 15 11 10 12 17 15 14 14 14 13 22 23 18 14 23 19 10 6 2 10 15 22 31 54 85 128 174 205 216 203 164 112 71 42 15 8 13 10 10 9 
7 7 3 3 10 10 11 14 11 16 22 15 15 12 8 5 5 6 7 7 9 12 7 12 8 9 5 8 9 10 12 12 11 12 19 24 20 14 19 15 4 6 3 11 17 25 43 80 122 171 210 225 218 189 140 87 50 33 15 9 12 9 8 9 
11 13 15 15 18 16 11 12 8 15 17 5 9 6 5 6 4 5 7 10 10 12 14 18 16 16 8 9 7 5 11 17 23 26 21 20 20 13 19 12 4 5 5 11 23 39 73 122 172 215 233 223 195 153 104 59 31 24 11 7 12 11 6 7 
7 4 6 6 13 12 7 8 4 17 16 10 13 11 6 5 3 4 9 10 10 9 16 20 14 7 9 16 12 9 2 5 14 14 14 15 17 14 21 14 10 9 4 19 47 75 118 171 216 233 223 192 148 101 64 35 21 19 12 12 14 16 14 17 
3 4 5 4 10 8 1 4 7 20 15 5 10 12 16 13 13 6 6 9 7 9 15 17 15 13 13 11 10 12 6 3 13 12 12 13 14 9 17 9 8 13 12 33 71 108 158 208 236 230 201 159 113 70 39 19 10 8 8 9 14 18 15 15 
16 14 12 11 14 13 12 10 15 24 18 9 15 21 22 14 18 15 13 7 3 6 13 15 10 11 6 11 16 15 12 12 10 8 9 12 12 7 14 14 16 21 29 60 111 155 200 232 238 210 162 115 74 39 18 11 9 5 7 13 17 18 18 17 
17 15 10 7 9 7 7 7 15 22 15 12 20 25 20 3 13 13 15 12 8 9 10 6 7 14 13 13 12 6 7 4 7 7 9 12 12 13 15 14 19 35 58 105 164 204 226 233 214 164 111 71 43 20 19 21 22 22 11 19 18 14 18 18 
24 20 15 11 10 9 6 7 15 20 11 9 18 26 23 4 15 12 8 10 5 7 8 14 17 20 15 11 15 6 8 7 13 22 22 21 18 16 14 16 35 68 103 153 201 218 216 202 164 110 71 48 34 24 24 24 20 21 10 17 12 2 13 15 
18 15 9 7 8 8 5 6 14 20 10 9 13 24 22 11 20 14 7 8 4 9 10 21 16 16 10 18 22 14 16 10 11 18 13 19 18 8 12 39 74 116 155 193 217 213 191 158 115 71 46 33 29 22 15 11 7 21 16 18 17 8 15 18 
14 14 12 9 9 10 5 8 16 22 12 14 12 18 17 11 17 11 8 8 5 15 15 24 21 21 10 13 17 8 11 14 20 24 10 9 13 9 34 72 113 161 200 222 224 201 158 113 76 42 26 21 26 21 6 9 11 22 16 14 18 10 13 19 
14 12 12 8 12 11 1 4 9 21 11 13 9 10 12 7 16 12 16 13 11 20 15 21 12 8 5 10 16 15 14 9 18 22 11 7 20 33 68 115 156 200 228 225 203 159 105 67 41 18 10 14 20 20 4 10 11 17 22 17 16 10 9 12 
12 12 12 11 15 11 8 11 5 19 5 3 6 7 13 13 18 14 18 5 7 19 11 20 9 7 12 6 6 6 8 10 20 21 15 23 43 69 116 166 198 222 227 198 153 102 58 35 20 9 4 13 14 17 10 10 10 7 12 11 10 9 9 9 
14 13 11 10 19 10 6 14 11 22 10 8 10 4 7 8 14 17 19 8 13 21 12 18 15 14 15 5 3 11 9 11 17 17 21 44 78 117 169 211 223 223 203 156 107 68 41 26 18 14 11 14 13 15 14 14 13 8 4 3 6 10 15 20 
14 16 13 12 21 11 9 14 12 18 6 9 12 7 6 5 9 16 16 9 13 15 5 9 11 13 18 7 8 14 12 15 14 21 47 87 128 169 213 233 220 201 167 113 72 45 25 19 18 15 16 15 11 11 6 11 8 6 6 6 6 7 14 16 
13 17 16 15 18 13 14 13 18 18 12 13 14 15 13 13 12 20 18 12 15 14 8 6 6 7 17 11 12 13 8 12 21 45 87 134 172 205 232 225 192 162 121 74 44 21 6 4 2 3 9 13 9 8 3 6 14 12 8 9 11 12 15 20 
12 15 14 13 17 15 17 10 4 10 7 11 14 14 10 13 12 21 19 8 10 10 9 13 15 11 12 15 13 9 11 18 42 77 126 173 204 224 227 196 150 111 68 31 13 7 7 7 7 10 13 12 7 6 1 4 10 7 13 15 18 16 9 6 
11 13 9 10 14 13 16 13 8 7 7 8 11 13 6 3 5 24 20 7 7 9 16 19 20 17 9 13 10 12 21 37 73 116 167 208 223 222 200 152 103 65 32 6 9 15 13 12 12 13 15 10 3 7 3 2 5 10 16 19 20 18 17 15 
13 14 11 11 12 14 17 16 8 3 7 6 5 10 7 5 6 23 20 21 25 26 22 17 17 16 7 10 8 17 31 63 112 163 211 233 223 199 158 100 58 32 11 5 8 17 23 22 20 18 16 5 6 10 7 5 3 11 16 11 8 4 6 10 
13 12 6 6 10 13 16 16 6 5 8 10 11 5 5 6 5 19 13 21 18 15 12 9 11 16 8 7 9 29 57 101 156 206 236 233 202 164 115 61 32 15 8 8 9 17 22 21 20 20 22 10 9 9 5 8 11 18 20 12 10 8 9 7 
16 12 6 6 12 15 14 11 6 6 4 2 4 7 6 11 3 18 7 14 9 9 6 1 9 15 12 6 26 60 100 151 199 230 231 200 152 111 69 29 16 12 14 8 8 14 14 11 10 13 24 16 12 7 2 8 17 19 18 13 12 10 13 18 
21 17 17 15 13 13 11 9 10 14 15 15 14 11 7 15 5 16 10 15 9 6 7 11 15 19 24 33 60 101 148 192 219 226 204 151 98 65 34 8 8 9 15 6 4 10 12 13 13 17 25 16 14 11 9 16 20 14 14 12 13 12 7 2 
4 3 9 17 18 14 12 13 13 12 13 15 11 9 8 16 7 13 13 14 12 8 5 11 16 24 36 57 95 144 190 216 220 207 167 103 60 39 12 6 8 6 17 8 8 11 9 14 11 18 25 18 14 12 9 14 16 7 11 11 14 15 11 9 
14 16 21 26 24 18 12 3 8 7 9 15 10 8 4 14 6 11 17 14 16 8 4 12 15 31 56 93 142 191 221 223 204 171 117 57 31 23 5 9 19 10 19 12 12 16 16 24 21 22 27 17 13 10 7 15 18 9 12 12 11 11 8 10 
5 6 14 21 19 15 12 6 7 8 10 17 12 7 5 11 10 7 14 10 17 10 10 17 29 59 99 145 190 218 221 197 156 111 62 23 14 18 6 11 23 12 17 15 14 18 21 23 19 21 22 18 15 12 7 12 19 14 12 11 9 9 10 12 
7 3 10 18 16 15 8 5 11 10 10 13 4 2 6 7 10 10 13 7 12 6 11 31 56 103 154 195 223 224 198 152 99 59 27 12 9 18 4 12 24 17 14 8 6 9 14 17 20 22 22 18 10 12 8 10 16 12 8 6 5 8 15 22 
4 6 7 11 11 12 10 10 15 20 23 18 6 3 3 2 5 11 12 5 6 4 24 55 95 154 202 223 229 204 156 102 58 30 11 10 12 18 2 10 21 16 14 9 8 7 9 10 14 19 18 17 15 14 12 14 19 15 10 7 3 11 10 9 
14 9 5 4 1 6 4 6 9 13 18 15 8 6 2 3 5 13 11 10 11 25 58 100 150 205 230 226 206 158 102 57 26 11 8 12 18 19 12 14 15 15 14 12 12 13 15 11 9 13 11 10 9 9 14 17 23 18 11 9 2 17 13 11 
9 10 7 8 6 3 6 6 8 11 15 12 12 9 4 4 4 9 7 22 35 64 107 153 199 236 236 209 171 114 62 31 11 3 2 11 18 18 16 12 11 18 17 15 14 16 15 11 3 8 6 10 10 8 15 17 26 19 13 12 5 23 15 11 
6 7 3 6 8 2 7 3 5 8 10 7 12 10 4 6 7 9 19 42 68 108 153 190 222 233 209 166 120 69 33 16 9 6 5 9 11 9 7 5 12 19 19 15 13 12 11 17 16 16 13 10 7 3 11 15 28 19 14 16 13 28 15 10 
9 8 4 7 8 5 12 9 9 9 12 8 16 15 9 12 15 20 41 74 114 159 197 218 227 207 160 111 66 29 10 8 11 10 9 12 10 3 7 10 13 19 20 17 14 11 10 16 18 12 10 9 9 12 13 10 23 12 5 10 9 24 21 24 
15 12 9 11 9 10 15 13 13 14 19 14 21 13 5 15 20 31 66 110 158 201 222 220 203 156 104 64 28 7 5 9 13 16 18 16 9 5 8 11 15 20 21 18 16 12 8 6 6 11 16 16 16 13 12 6 13 13 12 14 3 13 11 14 
17 16 14 15 10 12 12 13 13 15 22 12 23 13 3 24 33 55 101 152 196 222 217 193 156 101 59 36 13 9 12 15 18 23 19 10 5 10 11 16 17 22 21 18 17 10 6 4 5 15 14 13 13 6 8 10 3 8 9 15 8 13 18 23 
15 13 12 16 7 8 9 13 11 12 20 6 24 15 15 42 62 95 148 197 226 227 197 154 107 57 29 19 8 7 9 12 14 17 11 7 12 13 12 14 13 21 19 20 21 13 12 11 4 15 11 15 17 8 5 8 3 7 12 19 15 9 13 17 
12 9 9 14 5 5 4 8 6 7 15 6 23 21 33 68 102 143 189 222 228 205 157 106 62 27 14 12 7 4 4 7 6 11 6 5 10 9 7 6 7 14 9 15 18 14 15 19 16 19 11 13 17 7 7 9 11 8 11 19 21 17 18 18 
14 8 7 11 14 14 10 6 8 6 9 12 28 38 64 107 148 185 213 223 207 165 109 63 31 9 7 9 6 6 8 7 5 8 5 6 12 13 15 12 12 11 2 11 11 10 12 17 14 14 7 6 17 11 11 9 11 11 13 17 19 15 14 15 
24 16 11 11 15 19 18 12 13 10 9 21 43 67 108 156 195 217 219 202 167 117 68 35 16 6 7 10 8 7 9 7 4 5 4 3 6 10 14 13 14 9 4 12 5 12 14 19 21 21 17 7 17 21 24 20 7 7 12 18 18 14 15 19 
20 19 15 14 18 23 22 16 17 11 15 43 78 117 164 206 226 222 198 161 117 73 40 20 9 7 7 8 6 4 7 5 7 8 9 7 5 5 10 13 19 13 11 15 8 22 18 21 24 20 24 17 16 21 24 25 16 8 6 10 12 10 14 14 
12 14 13 21 24 30 27 17 19 18 36 80 124 166 208 231 227 199 160 116 75 45 24 17 10 7 2 6 5 5 6 5 9 12 16 18 16 14 12 13 15 9 7 9 16 25 12 8 7 9 23 19 17 22 23 25 21 14 12 10 7 6 11 10 
15 15 10 17 13 27 26 15 21 35 70 121 166 199 223 226 201 158 118 79 45 25 17 17 12 9 3 9 5 11 7 6 8 11 16 14 9 12 7 8 10 9 10 3 18 20 15 9 7 12 22 20 16 21 23 25 25 19 16 15 12 11 12 9 
11 11 7 13 9 20 19 14 32 64 115 170 209 227 228 208 165 116 78 46 23 16 16 18 16 12 9 13 8 15 11 13 15 18 22 19 15 18 10 10 14 14 16 11 17 10 14 9 11 15 20 18 13 17 18 21 22 18 16 16 11 8 8 5 
10 8 8 12 6 17 18 34 64 109 167 213 235 230 205 167 119 77 50 30 15 12 12 16 12 9 8 13 8 16 9 9 14 16 21 15 11 11 5 5 12 15 19 19 15 8 11 11 13 12 12 10 12 17 18 18 15 14 15 19 18 19 20 21 
9 8 7 9 6 13 27 64 108 162 213 237 231 202 156 112 71 45 31 21 14 13 14 19 18 15 12 12 3 15 9 9 14 17 25 17 12 10 9 13 14 11 17 18 12 12 8 12 14 9 2 3 9 16 19 19 15 11 9 12 18 22 23 24 
9 11 12 13 14 23 58 105 155 206 239 235 207 161 109 69 41 23 15 9 5 7 4 10 14 16 14 10 4 17 8 8 14 17 27 19 15 8 4 17 16 4 7 10 11 13 10 11 12 11 8 6 10 14 13 11 12 11 8 9 13 17 20 21 
4 5 5 13 31 59 105 155 197 225 228 200 158 111 68 41 24 13 7 4 5 9 3 4 8 9 8 4 11 18 5 6 12 13 22 17 18 12 9 15 11 8 8 5 10 10 13 14 11 9 9 11 15 12 9 3 10 13 9 15 18 19 20 19 
13 15 19 34 62 101 155 201 226 226 201 153 104 61 29 16 11 10 5 5 7 11 8 11 13 14 13 7 18 19 4 5 9 11 14 8 9 8 3 7 11 12 14 8 6 3 10 15 14 13 14 13 16 9 9 9 14 15 7 14 14 11 12 11 
6 11 27 59 98 150 203 230 231 209 164 109 66 31 9 5 6 11 10 12 12 14 14 15 10 9 12 10 25 18 3 6 8 11 6 5 5 6 7 5 9 13 17 16 11 7 9 15 12 12 15 16 16 9 12 12 12 12 6 14 14 15 16 15 
7 22 55 101 148 197 230 227 205 166 110 62 37 17 9 6 7 12 4 3 7 12 15 19 14 12 13 14 25 12 10 9 7 8 4 10 11 10 12 14 7 6 11 11 13 13 12 19 12 10 13 14 16 9 12 14 12 12 7 11 13 14 14 15 
33 64 108 158 198 228 233 205 162 111 59 23 18 9 6 5 6 12 6 1 3 10 15 19 16 12 7 12 22 5 9 7 4 7 8 7 3 4 9 18 13 6 11 13 17 17 14 23 23 23 25 25 21 13 13 13 12 14 8 7 12 13 16 20 
88 118 160 204 224 227 208 164 112 67 31 10 9 10 9 10 11 15 11 11 11 14 14 15 12 9 7 11 16 9 15 15 14 15 16 15 13 12 8 17 14 10 10 11 19 18 11 18 21 21 21 21 15 11 11 10 12 13 6 4 12 15 17 20 
132 163 196 227 222 199 160 108 63 38 24 21 14 11 11 9 6 8 3 5 2 10 9 10 12 14 14 10 6 16 18 17 14 10 12 9 11 16 15 17 13 5 3 8 21 15 3 11 16 19 17 15 11 14 14 10 9 10 7 3 10 14 18 24 
185 208 223 234 204 155 106 58 23 11 6 12 9 12 16 14 8 6 6 8 8 8 4 11 16 15 14 11 8 16 11 10 9 6 9 6 10 16 15 17 16 10 9 11 25 19 8 6 13 18 17 15 10 14 12 9 11 13 10 5 2 7 13 18 
222 228 223 212 164 107 62 24 4 12 12 11 9 11 12 17 8 3 3 5 5 6 9 17 19 20 22 21 20 21 15 10 11 6 9 8 12 17 15 17 16 11 11 13 24 24 15 9 14 18 21 19 16 13 9 7 5 12 11 11 13 14 15 18 
209 203 187 162 108 59 25 11 18 17 15 13 11 15 14 17 7 2 2 5 5 6 8 16 13 20 27 30 30 26 18 6 4 3 10 11 14 15 10 15 18 15 16 15 22 27 21 18 21 26 30 29 28 24 16 13 5 9 12 12 14 15 16 19 
160 151 132 104 59 26 13 22 20 17 13 7 3 10 10 11 6 4 7 11 16 19 21 29 19 11 16 21 29 30 23 15 9 10 10 11 13 10 8 11 18 14 13 12 17 25 20 15 13 17 23 17 16 10 8 13 1 6 13 16 14 13 10 9 
111 100 83 61 31 12 13 20 15 20 22 15 12 8 9 6 5 3 8 5 8 10 9 29 25 19 19 11 24 27 23 16 9 10 8 10 12 5 5 9 19 17 9 9 11 22 17 10 5 10 19 3 12 11 13 16 4 6 12 17 18 16 12 8 
68 58 45 33 17 6 15 21 15 12 18 16 14 7 6 3 3 2 8 2 5 10 8 27 30 26 27 17 22 24 24 18 11 12 9 10 14 7 8 7 16 18 8 7 10 21 19 13 10 11 19 10 15 10 11 14 10 9 10 11 13 11 14 13 
40 34 23 19 14 4 15 18 17 10 17 21 19 13 12 11 10 9 8 6 5 10 8 21 31 31 30 25 23 17 20 17 16 15 10 5 13 8 13 12 14 20 6 5 6 19 17 6 6 11 17 11 12 10 12 14 13 12 15 10 13 18 27 29 
26 21 14 14 13 4 13 16 22 22 26 30 25 21 21 18 14 10 8 10 9 8 3 6 21 25 23 21 19 12 12 8 7 3 10 4 11 3 6 6 9 17 3 1 4 15 15 10 4 10 14 10 12 14 9 7 5 11 22 11 10 11 15 17 
15 8 3 9 12 4 6 11 18 19 23 29 20 18 23 24 21 15 7 9 12 5 6 5 10 16 18 22 23 21 17 12 12 12 8 4 10 6 6 3 10 13 3 2 6 9 7 9 12 15 12 8 6 14 8 7 8 11 19 10 8 10 7 5 
18 17 13 9 9 5 7 8 12 15 22 26 14 18 24 28 25 17 7 9 12 2 3 5 9 18 23 22 18 15 9 7 9 11 11 9 11 14 12 8 9 7 5 11 13 10 4 8 11 21 18 15 13 15 10 10 10 12 12 7 4 7 5 7 
10 15 17 12 7 4 9 15 10 12 23 24 13 17 23 29 26 17 8 9 12 3 5 7 6 11 12 8 5 7 6 9 12 13 11 9 6 8 6 5 6 6 11 15 15 13 8 6 13 25 18 17 15 9 15 18 15 16 10 6 7 11 11 9 
11 14 15 10 6 8 11 17 12 11 23 21 8 9 20 30 25 15 9 15 18 9 6 5 4 9 9 7 3 12 16 17 19 19 14 12 7 9 9 7 6 3 9 13 13 16 13 3 16 24 14 7 5 12 23 23 19 19 14 7 10 13 13 11 
11 14 15 12 10 9 11 14 9 12 26 23 9 7 20 30 23 14 12 24 26 14 7 4 5 11 12 10 12 17 21 20 20 20 21 16 7 8 8 6 7 6 11 17 12 18 13 10 24 26 17 6 4 20 25 23 16 11 16 7 10 12 11 8 

12 8 9 6 7 5 7 10 10 9 14 14 15 11 12 8 14 9 16 14 18 30 21 29 22 18 18 10 15 21 21 15 12 7 24 23 21 12 21 17 9 7 6 12 3 7 21 49 86 137 184 206 201 174 129 82 51 31 12 7 8 7 10 11 
8 7 7 4 6 5 7 12 11 11 15 15 15 14 12 7 12 10 15 14 14 22 22 28 18 12 10 12 16 17 16 12 8 9 22 24 24 19 24 20 13 9 7 15 5 13 37 73 115 164 200 207 193 161 115 71 43 26 12 9 9 8 8 7 
2 4 7 6 9 7 7 13 11 12 14 13 10 8 7 7 9 8 12 13 11 15 10 15 6 7 5 8 9 12 16 12 4 3 14 20 20 14 17 11 9 9 6 12 12 27 64 110 157 199 217 207 180 140 94 55 34 25 14 10 7 3 6 8 
6 8 10 10 16 13 8 12 12 17 15 10 6 5 1 6 6 8 8 10 9 12 12 16 11 12 6 7 6 8 15 22 24 25 18 14 19 15 17 9 9 7 4 18 36 64 110 160 204 228 220 189 148 103 65 39 28 27 20 17 12 7 7 9 
10 10 7 6 14 12 9 11 12 16 14 10 10 10 7 6 5 6 5 5 5 4 15 17 10 6 10 15 12 11 9 9 9 11 13 10 18 14 15 6 11 12 15 42 79 117 164 208 231 223 188 143 99 62 39 27 24 26 23 22 19 15 15 20 
9 5 2 3 11 9 9 8 12 17 10 3 7 13 18 13 10 7 11 12 9 7 12 11 14 12 14 9 10 15 9 8 10 10 12 8 18 12 18 15 18 26 37 73 121 161 204 232 233 200 153 108 72 43 24 18 16 18 23 21 21 18 12 14 
16 12 8 8 12 13 16 16 19 22 14 9 12 21 24 15 15 12 15 12 7 7 14 19 15 11 5 12 20 19 15 16 4 4 8 7 19 4 13 17 26 42 67 114 170 206 231 236 214 163 110 72 45 26 14 11 11 13 24 26 24 20 16 15 
5 7 4 6 7 2 4 6 14 17 9 9 15 24 27 11 13 7 16 20 13 10 7 5 9 14 11 13 13 8 8 13 6 6 9 8 19 12 12 14 32 63 104 160 213 234 232 212 171 109 63 40 24 15 17 19 20 19 21 28 22 17 16 12 
10 11 10 9 6 3 2 5 13 16 6 10 12 23 27 12 16 8 10 17 11 6 8 13 12 18 12 15 15 3 8 14 13 16 17 14 20 16 14 30 64 109 155 200 229 223 197 164 115 62 35 26 21 19 22 22 18 17 13 22 15 12 15 12 
8 8 5 3 4 2 3 6 12 16 6 10 10 22 24 15 20 11 9 14 11 7 8 17 0 15 13 20 21 11 15 17 12 13 14 14 18 13 30 68 113 162 199 223 223 195 157 116 73 35 21 17 16 15 13 10 7 17 16 21 17 12 16 18 
7 9 11 8 6 7 7 12 18 21 13 12 9 16 18 10 12 3 11 14 11 10 11 21 19 22 12 13 13 7 11 18 21 20 12 4 18 28 61 111 157 199 224 226 203 164 115 75 44 19 16 17 18 14 3 6 12 19 17 12 15 10 14 21 
10 9 9 5 9 10 3 5 12 20 14 13 9 9 12 4 7 6 14 12 13 14 14 19 12 10 4 11 17 20 16 9 14 18 19 24 43 65 109 161 195 221 226 200 160 112 66 40 23 14 12 14 15 16 9 9 16 21 24 14 8 6 9 17 
9 7 9 9 14 12 8 9 2 15 5 5 6 8 12 11 9 6 12 6 11 17 14 16 10 8 11 3 9 14 15 12 12 12 18 40 74 110 164 207 220 221 201 154 105 62 30 19 14 12 7 13 13 17 17 10 13 10 12 12 9 11 13 13 
18 14 12 11 18 11 4 13 9 18 7 8 12 11 12 9 6 9 11 8 12 22 17 18 17 13 15 3 9 12 11 8 8 15 35 74 119 163 210 232 221 199 160 106 65 40 22 14 10 8 5 9 10 13 18 16 15 11 5 7 5 8 14 16 
15 15 13 12 21 13 13 20 17 18 3 10 13 12 12 9 6 11 9 8 12 19 11 11 11 13 18 5 9 9 6 9 19 41 78 128 174 207 233 228 192 156 113 65 37 22 12 12 12 12 14 12 6 8 9 12 11 6 5 8 9 11 17 18 
13 14 16 15 16 15 19 21 25 21 12 14 15 18 19 18 17 22 19 10 11 15 5 5 6 11 18 9 10 8 9 21 42 76 125 177 211 224 229 199 147 110 71 34 20 11 13 16 14 14 13 9 6 10 9 11 11 7 5 10 14 14 16 19 
15 17 16 15 16 18 21 16 16 12 7 10 15 17 13 16 15 19 17 4 7 12 9 12 11 9 14 12 9 7 16 39 76 121 171 212 227 220 202 154 101 67 33 7 9 14 20 23 21 20 18 9 3 9 9 9 8 6 11 14 15 12 8 8 
16 16 12 13 15 20 23 17 15 11 8 6 12 13 2 2 3 22 20 5 5 10 16 20 18 13 6 10 10 22 40 74 124 172 215 237 227 198 160 108 60 34 12 7 10 14 19 23 20 18 15 9 10 13 11 9 6 10 15 18 19 18 18 18 
23 20 15 13 16 21 23 16 11 9 7 6 11 13 8 8 7 22 23 20 24 26 24 22 17 15 5 6 12 32 59 108 166 211 238 236 202 157 112 62 25 10 5 10 10 14 21 21 17 15 18 15 17 17 12 7 9 17 19 15 11 8 9 12 
20 16 9 6 16 22 23 18 11 8 1 9 14 12 13 14 11 18 18 18 16 16 17 17 12 16 8 6 23 52 92 146 199 231 235 206 158 113 73 33 11 8 12 10 12 15 15 15 12 16 26 19 18 15 11 9 12 21 17 11 9 9 14 17 
16 13 14 11 17 22 21 13 5 4 3 9 9 12 15 18 12 18 14 9 5 11 10 11 10 16 14 22 55 99 146 195 229 234 208 157 103 66 38 12 5 10 16 7 8 13 8 12 11 18 30 23 18 16 12 11 19 22 11 4 7 7 15 21 
16 12 19 15 16 19 19 14 11 11 11 13 13 16 17 21 14 16 13 7 9 12 11 14 15 25 38 64 105 151 192 220 225 206 162 102 54 34 21 15 11 6 18 9 9 14 14 18 17 23 29 17 14 15 15 18 23 19 9 5 6 8 9 9 
4 7 18 19 19 19 20 17 15 12 15 17 13 15 15 19 14 13 12 6 12 14 7 11 21 40 63 99 144 185 213 217 200 170 119 60 27 20 6 11 14 2 17 8 11 15 15 19 14 19 23 9 9 12 15 17 18 14 8 7 9 11 12 12 
16 18 23 21 19 19 20 15 9 8 11 16 8 13 9 14 11 14 17 11 14 12 5 13 29 59 97 144 186 214 220 198 164 127 74 28 11 15 6 5 18 7 16 11 13 18 21 25 16 15 17 5 8 11 10 16 22 20 19 15 7 4 6 12 
6 7 13 12 11 14 18 18 9 11 15 21 12 12 5 10 9 10 16 12 15 11 14 32 59 102 150 192 218 220 198 155 108 71 31 15 6 14 7 6 18 9 10 12 14 19 24 21 12 12 12 11 12 12 8 12 21 21 21 20 15 11 12 15 
8 8 14 16 14 15 15 15 8 5 9 20 9 5 3 4 7 6 13 10 12 14 31 63 103 156 201 223 224 198 153 100 56 31 11 12 4 15 7 8 16 12 5 2 2 6 13 13 12 14 14 18 10 10 8 10 17 14 12 13 11 9 17 24 
14 12 10 8 0 8 13 14 12 15 15 21 9 3 3 4 8 6 9 0 10 26 57 101 149 202 228 224 203 156 102 55 26 12 5 8 10 15 8 12 16 13 9 6 5 4 11 12 14 18 17 18 15 12 12 12 17 15 14 16 12 11 11 9 
13 12 13 12 6 4 9 11 5 12 18 22 10 5 5 5 7 8 7 11 28 59 103 152 198 232 229 201 161 102 51 22 7 3 2 8 16 15 11 13 13 15 11 9 9 10 12 7 11 16 16 16 12 9 12 12 20 14 15 19 13 21 18 15 
4 7 8 9 9 5 11 9 5 13 20 21 9 6 5 3 2 3 12 37 66 110 158 199 227 236 207 162 115 60 23 11 7 5 5 12 14 10 9 11 15 17 14 11 12 15 12 7 7 14 14 18 14 9 15 13 24 16 17 21 17 28 23 22 
6 6 4 8 13 10 13 11 9 12 17 15 7 7 4 3 5 13 37 70 110 158 195 215 223 205 157 109 68 28 10 8 4 5 7 10 6 6 11 13 17 17 18 12 10 12 9 13 12 12 9 12 11 10 16 16 29 21 22 25 24 32 23 19 
9 9 5 9 14 10 13 7 4 3 10 9 12 12 6 10 20 37 71 113 159 197 215 214 199 156 103 62 30 7 1 5 6 8 9 9 3 5 10 12 14 14 18 13 14 16 12 12 13 7 6 10 14 15 17 14 23 10 9 14 17 28 26 29 
15 13 9 11 11 12 14 7 4 3 14 7 20 14 7 23 40 64 108 157 195 217 216 193 155 103 60 33 12 3 7 11 12 14 15 13 8 8 7 10 13 14 17 15 19 20 16 13 9 10 12 14 15 12 15 5 13 12 13 16 11 17 14 16 
18 17 14 13 9 12 9 7 4 7 17 3 26 16 14 44 68 101 152 196 217 215 189 148 103 55 30 18 6 8 14 14 12 16 12 5 8 11 8 11 10 16 16 16 22 19 17 16 10 14 12 13 15 6 13 11 2 6 8 15 9 14 19 24 
17 15 15 14 4 6 5 9 5 8 17 6 29 23 33 73 109 148 195 224 223 197 153 104 61 26 15 11 3 7 8 5 6 10 5 9 12 10 7 9 2 15 11 18 26 21 19 20 11 14 9 16 16 4 6 10 6 3 7 18 13 5 11 18 
11 6 9 15 12 10 7 5 6 9 15 11 32 38 62 112 156 189 218 225 201 154 104 60 30 14 10 8 6 8 1 6 7 11 5 3 8 11 15 16 10 13 4 13 22 19 20 23 17 16 9 14 15 1 3 9 12 5 3 17 20 15 18 18 
15 6 4 11 16 17 15 9 8 11 12 22 46 68 106 158 196 214 217 203 161 108 61 27 11 8 8 9 9 10 7 8 5 10 6 7 13 18 21 20 13 10 6 10 15 13 13 18 12 11 6 8 15 5 4 7 13 12 10 11 16 11 13 14 
18 14 7 8 12 13 16 5 6 9 11 37 70 108 157 203 226 223 201 165 118 68 32 14 8 8 9 9 8 9 12 12 9 9 9 9 10 14 17 17 14 11 9 11 9 13 13 20 21 22 18 7 12 7 9 6 6 16 19 21 22 19 21 22 
17 19 15 13 13 16 19 5 10 8 28 71 116 163 206 232 232 205 162 117 74 36 12 10 5 7 7 6 7 10 17 16 13 9 8 5 6 9 11 13 18 15 13 13 11 21 15 20 23 21 22 14 13 10 9 13 9 9 12 18 18 16 17 15 
14 18 14 18 15 21 24 10 17 27 65 121 169 207 230 230 205 162 115 75 41 16 3 10 3 5 4 7 5 12 16 16 15 12 13 14 13 11 9 11 11 7 5 7 16 23 9 7 8 3 18 12 15 17 17 18 15 10 7 8 9 7 8 5 
17 18 11 16 9 19 23 15 34 62 114 171 206 224 225 203 161 115 77 46 21 7 2 9 5 7 9 11 4 15 13 14 15 13 15 12 5 9 7 9 9 10 5 2 17 21 18 12 10 4 15 14 15 17 16 16 16 10 8 9 10 8 6 3 
15 15 11 14 12 18 21 33 66 110 168 216 234 231 209 170 121 79 46 23 9 7 8 11 11 12 14 16 10 19 15 16 18 19 22 19 15 15 8 10 12 12 10 10 12 13 18 13 11 9 13 15 13 13 9 10 12 7 5 9 7 3 5 6 
13 13 10 12 11 20 37 71 115 166 216 240 234 207 164 118 74 45 27 15 8 1 3 7 7 9 12 16 10 19 10 6 11 12 21 16 9 7 5 4 13 17 18 21 16 9 14 18 19 19 15 11 12 12 9 5 6 12 13 16 17 16 15 15 
13 12 9 10 16 30 64 117 168 214 244 239 204 157 108 68 37 23 17 11 7 8 11 13 12 11 14 16 12 19 11 6 9 10 25 16 10 7 8 13 14 17 21 21 20 14 7 13 12 11 10 10 12 12 10 12 12 8 3 7 13 15 15 15 
10 13 13 17 32 56 106 165 209 240 246 212 161 111 69 41 23 16 12 9 6 8 6 6 9 10 8 8 10 18 13 9 9 11 28 18 14 10 6 21 13 6 11 12 18 16 12 8 3 7 10 10 13 13 9 12 16 11 6 5 10 18 21 23 
9 12 15 32 62 102 159 209 236 239 214 161 108 66 39 27 21 17 12 9 7 10 8 6 5 7 4 1 10 15 9 8 8 8 21 13 14 14 9 19 8 8 12 7 15 13 16 14 5 4 8 9 16 12 11 16 20 18 14 15 17 22 25 25 
12 21 35 63 105 152 203 235 238 214 168 110 63 31 15 17 18 19 15 10 3 9 9 12 13 15 13 8 18 17 8 8 5 11 14 6 7 10 4 11 10 13 18 13 9 4 13 15 7 3 2 7 17 9 11 15 18 13 7 9 6 13 16 17 
18 34 60 103 150 197 232 236 214 175 125 75 41 18 9 13 16 20 17 11 8 12 11 13 10 10 16 17 26 19 11 9 6 12 7 6 5 8 7 5 11 15 20 20 15 9 13 15 7 7 7 11 16 11 13 12 10 8 3 6 10 14 15 16 
35 61 101 152 195 227 235 208 166 121 74 41 27 16 13 9 9 13 5 2 6 14 16 18 15 12 21 22 26 17 18 17 12 11 3 6 7 7 9 10 11 7 11 7 8 10 12 17 9 9 8 10 16 8 8 11 10 11 8 4 6 9 10 10 
82 115 159 206 232 236 214 165 112 68 33 20 21 13 11 6 9 15 6 3 3 12 14 18 17 11 14 20 24 14 17 13 9 8 8 6 4 5 8 14 16 6 7 8 13 17 16 22 19 20 21 21 22 15 13 11 12 13 9 6 8 12 15 18 
146 173 205 237 236 212 172 118 67 33 13 9 19 16 13 9 15 20 14 11 9 12 11 14 15 9 5 14 17 13 17 14 12 13 14 14 11 9 5 13 18 13 12 11 18 18 16 20 20 22 21 20 18 12 12 9 12 12 9 11 13 18 20 23 
186 205 222 235 209 165 117 68 33 21 18 15 19 17 15 10 12 15 9 5 4 11 9 12 15 16 13 8 7 18 22 21 17 12 11 11 9 11 5 7 14 9 6 6 18 12 14 19 21 26 22 17 13 14 15 11 12 12 12 12 5 8 9 9 
212 221 220 212 167 114 68 29 5 4 7 9 13 13 17 15 12 12 10 7 7 6 6 13 18 17 14 8 7 14 10 10 8 4 8 9 10 10 3 6 12 8 7 7 19 13 12 17 22 27 24 17 14 13 14 12 16 17 13 13 9 13 16 18 
212 210 194 170 118 69 34 9 10 11 10 8 12 13 14 18 11 6 3 3 4 4 7 12 17 18 19 18 17 18 13 6 9 6 9 12 12 10 6 6 9 7 7 8 19 17 11 14 19 24 23 18 14 7 7 6 11 17 10 12 15 18 20 21 
178 167 142 112 64 29 9 14 18 13 12 10 12 15 13 18 11 5 3 4 5 5 7 13 12 20 27 31 30 26 21 12 9 6 9 14 14 11 7 9 12 11 12 12 19 23 16 18 21 25 25 21 22 18 13 9 4 14 9 8 13 13 14 15 
117 105 84 59 25 12 16 24 21 16 11 7 10 10 11 12 10 9 8 12 15 15 16 23 18 12 21 29 32 29 23 16 9 8 9 16 18 13 10 8 13 14 12 11 14 22 15 14 14 18 19 12 14 11 12 15 6 12 10 10 8 6 7 9 
67 58 42 30 14 5 15 20 17 21 22 17 17 10 12 8 7 7 5 6 3 6 11 25 26 17 19 21 27 27 21 15 7 9 13 18 21 13 9 7 15 16 7 3 6 18 12 10 7 12 16 2 18 18 21 22 14 12 8 13 13 13 12 13 
38 31 19 21 17 8 19 18 13 13 17 17 15 9 9 5 5 6 5 7 4 7 11 24 33 25 27 22 23 23 20 16 8 10 12 15 18 11 8 3 13 17 6 4 6 18 14 12 12 13 17 12 21 17 21 22 21 12 5 10 14 17 18 19 
28 22 11 15 18 7 18 15 15 15 18 23 17 8 7 6 5 6 4 7 8 11 12 18 33 32 32 28 24 17 15 15 13 13 12 8 14 6 7 9 13 19 6 4 4 17 13 6 9 12 12 10 13 15 22 26 27 17 13 8 13 18 22 25 
20 15 10 11 17 7 14 17 24 27 27 30 21 16 14 10 5 3 4 10 11 10 14 16 26 31 31 27 20 13 11 9 8 8 11 3 12 1 6 9 13 18 5 4 6 15 12 12 8 10 7 10 10 13 16 19 21 15 18 6 6 8 6 9 
12 6 4 5 15 3 5 10 15 15 17 23 14 16 16 16 9 2 9 15 17 13 16 20 23 27 30 28 24 21 17 14 13 14 8 2 8 4 6 7 13 12 3 6 9 9 5 8 8 9 4 13 7 15 18 20 22 17 15 6 4 9 7 5 
20 18 12 4 12 5 3 8 9 12 15 23 16 21 20 21 15 4 12 19 19 17 19 23 24 29 31 28 23 17 12 8 8 10 10 7 7 10 11 8 7 3 9 16 17 13 9 2 3 14 11 17 14 19 24 23 21 16 10 5 0 3 4 3 
13 15 13 9 9 6 8 13 11 11 16 23 18 24 24 23 16 4 12 20 22 19 19 21 22 24 25 21 16 11 6 5 7 9 12 10 6 8 6 2 2 6 13 16 16 13 14 2 9 21 15 22 20 24 29 23 17 13 6 2 2 4 8 6 
13 15 11 7 7 7 10 15 15 12 14 20 14 20 26 27 15 2 15 27 31 26 21 18 19 23 24 23 17 15 14 14 15 14 13 12 3 4 4 0 2 7 12 14 13 14 19 5 14 20 16 23 24 30 35 27 22 20 16 7 3 5 9 5 
14 15 11 9 10 10 11 14 14 13 17 22 15 19 28 28 14 5 21 34 34 29 24 18 18 23 25 24 19 18 20 17 15 11 21 19 8 6 4 4 3 11 16 17 12 15 20 10 20 18 19 24 27 36 38 27 17 13 18 7 8 5 10 7 

11 7 8 7 11 6 11 12 14 15 7 2 7 11 17 19 12 8 22 15 15 26 16 31 24 18 18 11 15 20 24 21 18 8 15 20 21 15 16 17 11 10 6 14 12 15 40 77 123 180 212 202 167 128 77 34 21 17 8 10 7 7 11 12 
8 5 6 6 9 1 7 7 11 11 2 5 8 12 16 17 9 9 20 15 14 21 21 32 21 12 11 9 15 17 20 17 15 8 14 20 21 18 20 19 14 6 2 15 14 29 65 109 153 198 213 192 154 115 70 32 18 16 9 9 6 6 9 10 
5 1 4 7 12 3 7 7 12 11 2 6 3 9 11 14 6 5 18 16 16 19 15 23 9 7 6 2 6 10 16 15 13 9 6 13 14 10 9 10 10 10 12 21 30 56 103 150 189 215 210 177 136 96 57 28 17 16 10 9 3 1 7 9 
0 4 6 7 15 7 6 8 17 17 13 13 12 13 8 7 6 8 18 20 19 21 20 24 12 10 4 4 7 7 8 16 20 21 16 7 9 5 6 9 12 14 21 40 67 107 156 197 222 223 196 152 108 70 42 25 18 19 13 12 10 9 12 11 
6 8 7 6 13 7 6 9 18 15 9 10 10 12 8 4 7 5 11 13 14 18 25 25 15 11 8 13 13 12 4 4 3 8 11 4 9 6 12 18 22 31 45 77 122 165 206 228 227 195 148 101 66 43 31 23 17 16 11 9 11 12 17 20 
12 8 6 6 11 8 10 9 20 15 5 3 4 14 16 12 7 0 9 7 3 4 13 12 11 9 11 8 12 15 7 8 9 12 13 4 16 15 21 29 41 58 80 123 172 205 230 231 206 154 105 68 43 28 22 18 12 12 16 6 6 9 9 13 
16 12 7 8 11 12 18 20 23 18 11 8 6 16 18 11 10 6 12 12 6 3 10 19 17 12 4 12 19 16 12 16 6 8 10 7 22 10 17 31 53 82 118 169 214 229 229 206 163 105 65 43 27 19 16 11 6 3 18 15 10 12 11 15 
10 11 6 6 5 1 3 9 14 11 4 7 7 15 22 11 11 4 10 20 15 11 11 9 13 18 11 12 13 6 9 18 7 7 10 7 22 15 19 40 72 115 160 207 237 228 200 159 106 51 24 16 12 13 17 14 14 12 17 18 3 3 4 6 
7 10 7 6 2 2 3 8 12 9 6 12 10 14 21 9 15 10 10 14 13 7 14 17 9 17 8 12 14 3 10 17 8 9 11 8 20 20 34 67 113 165 205 232 232 197 150 105 57 17 10 11 8 8 12 15 14 12 7 16 11 10 12 13 
5 9 7 2 1 2 4 7 11 10 11 16 13 14 17 9 16 8 15 15 17 10 13 18 5 18 13 16 16 6 12 16 8 7 10 10 22 32 60 108 161 205 228 230 205 158 108 67 30 8 7 9 8 10 12 13 13 13 9 17 15 12 14 15 
5 10 13 9 3 4 8 12 15 17 13 16 14 14 13 2 9 8 17 16 18 9 10 19 19 23 11 6 10 4 7 17 19 20 18 20 39 62 102 158 200 224 227 205 165 117 70 38 18 7 9 12 9 8 8 10 15 15 9 6 12 13 17 21 
9 8 11 9 8 7 4 8 11 14 10 13 14 13 12 6 8 7 15 13 18 6 7 14 12 10 5 9 15 16 11 6 13 22 30 47 78 114 161 208 228 227 206 161 114 69 33 20 12 9 8 14 12 11 11 6 16 18 17 9 2 7 11 17 
8 6 10 12 14 11 9 11 9 12 3 8 11 13 13 10 8 7 12 12 15 7 8 10 9 7 8 5 7 12 17 14 12 18 36 71 117 162 210 236 230 206 164 110 68 36 15 14 12 10 9 17 14 15 20 8 11 10 11 12 7 9 10 5 
20 16 15 15 18 8 7 13 11 15 4 10 13 15 15 12 11 12 11 12 14 18 15 13 13 10 12 9 9 5 9 8 15 35 65 113 163 202 232 231 202 163 115 67 39 23 13 9 10 8 9 15 11 9 20 13 13 10 7 12 9 9 12 9 
16 15 12 13 20 12 14 21 19 15 6 13 12 14 13 12 12 13 10 12 13 16 12 10 9 16 18 12 12 3 13 23 43 74 118 171 208 225 230 204 156 113 71 34 19 8 5 4 6 4 5 13 10 8 12 6 4 4 6 13 13 14 19 18 
16 16 14 13 15 15 20 23 25 18 15 18 14 21 21 19 21 23 21 13 10 13 3 8 12 22 25 19 15 5 17 40 73 117 170 214 229 222 206 160 107 72 38 15 8 4 12 13 15 15 10 12 6 8 7 1 3 5 7 14 15 14 16 17 
18 19 17 15 13 15 16 14 14 7 14 14 14 21 18 20 19 17 19 10 11 15 7 10 12 21 27 25 18 10 31 72 122 172 215 235 223 194 159 108 63 38 15 6 4 10 16 17 20 20 19 18 7 7 5 1 3 6 9 12 9 8 6 7 
20 18 16 15 14 19 19 15 13 10 14 9 14 16 11 14 14 17 18 8 12 14 15 16 12 10 20 23 25 40 72 123 178 220 243 238 202 157 115 69 36 19 8 10 6 9 14 15 16 15 20 22 14 12 6 2 3 6 12 16 16 18 17 17 
30 28 25 19 16 20 19 13 11 13 8 8 13 12 9 8 9 17 22 20 24 26 24 22 15 8 6 12 29 58 101 161 211 238 241 212 161 113 76 38 18 12 11 12 9 11 13 13 12 14 26 24 17 13 8 9 10 18 21 18 15 13 5 3 
17 15 16 16 17 21 20 17 15 14 1 8 8 5 7 5 6 10 15 17 20 21 21 18 12 12 7 15 46 86 138 194 229 237 215 166 112 75 46 20 13 14 16 12 10 14 8 10 7 17 30 21 12 7 12 14 12 21 18 15 14 11 5 6 
12 7 20 18 14 19 17 17 16 10 4 11 6 3 9 11 6 10 6 7 15 15 12 13 10 18 27 53 99 147 192 226 236 215 169 111 65 42 27 13 11 14 20 11 9 15 10 14 11 20 31 22 15 7 15 16 17 21 9 10 13 11 10 15 
14 9 25 18 9 14 15 18 18 12 9 12 6 10 11 19 11 11 5 6 15 12 8 11 19 42 69 110 160 199 223 227 207 165 115 63 33 31 27 22 17 12 21 12 12 17 16 21 19 25 31 16 12 5 16 19 20 20 9 9 10 7 4 5 
9 12 26 19 6 8 13 19 18 13 14 17 12 14 13 22 16 12 6 3 15 13 5 14 35 69 107 151 191 215 221 203 167 124 78 36 22 25 22 24 21 13 20 10 11 15 12 18 18 23 24 6 8 5 16 18 16 18 13 13 12 9 10 13 
18 20 28 17 3 4 12 18 12 7 9 17 14 13 9 19 16 17 13 6 13 12 9 26 59 107 153 195 220 224 206 166 124 87 44 23 19 21 19 18 20 13 18 15 15 18 17 20 16 17 17 3 5 6 10 16 21 25 25 20 13 6 8 15 
12 14 22 16 10 9 13 22 12 13 15 21 18 11 3 13 13 15 14 9 13 16 26 61 107 161 205 231 233 209 166 114 73 44 17 19 18 21 18 17 18 15 13 15 14 17 19 19 15 18 17 13 9 9 3 9 19 23 25 24 21 16 18 22 
10 12 21 22 17 12 10 19 12 9 11 20 15 5 1 6 9 12 13 12 16 29 56 105 157 208 236 234 208 164 111 62 32 20 9 15 17 21 17 14 14 14 11 11 9 7 10 9 6 17 18 22 15 6 4 3 8 9 9 13 14 10 18 27 
10 10 15 17 12 6 6 17 15 12 7 17 14 5 5 4 6 9 4 7 25 55 96 148 194 230 232 203 161 108 59 25 12 9 8 13 19 19 14 11 9 5 7 8 9 9 15 13 15 21 21 24 18 6 9 6 10 4 4 12 10 10 13 14 
6 7 11 15 15 8 3 13 11 8 7 17 13 7 6 2 2 4 6 25 55 99 146 191 220 231 205 160 111 55 18 10 10 6 7 13 19 15 11 7 3 3 7 7 8 8 9 6 13 19 22 21 19 7 13 11 18 6 2 12 7 19 20 20 
2 7 9 13 18 7 7 9 9 9 14 18 11 7 7 3 5 10 31 64 106 157 195 220 228 210 164 114 68 24 10 16 14 7 12 17 15 8 4 4 10 7 14 7 7 10 9 3 10 16 20 22 19 6 12 8 22 6 3 10 9 23 19 19 
5 8 9 13 20 10 12 11 15 16 19 17 7 6 8 10 15 32 66 108 156 201 217 217 202 162 108 64 31 10 16 19 17 12 12 13 10 8 7 6 11 6 17 9 2 8 8 9 9 10 12 19 21 15 17 15 27 15 16 19 19 26 19 16 
6 9 7 12 17 3 11 3 3 3 14 9 10 10 10 22 38 66 111 156 198 223 216 192 159 109 62 31 10 7 12 16 13 7 7 9 8 8 5 5 8 4 16 9 6 10 11 9 7 2 7 15 22 18 19 16 23 9 12 18 19 23 21 25 
6 8 4 9 12 15 20 14 9 6 16 3 18 16 19 45 70 105 155 197 220 220 194 152 109 63 33 17 6 7 12 14 11 12 13 13 11 10 6 5 9 7 14 11 10 12 16 17 12 9 7 10 18 13 15 6 15 16 18 22 18 14 10 10 
8 11 8 10 11 16 15 14 11 11 21 7 29 27 39 77 108 145 192 221 218 194 152 101 61 27 15 11 4 7 12 9 8 13 7 4 9 12 9 8 6 8 10 12 17 16 18 21 16 12 7 10 18 15 18 15 12 15 16 21 18 15 20 23 
10 14 15 14 11 14 13 14 10 13 21 12 39 44 68 117 155 184 215 222 195 153 104 56 26 8 9 9 4 9 7 4 6 11 6 8 9 10 8 10 6 11 3 10 19 18 18 22 15 10 7 13 16 14 15 18 15 13 13 20 18 8 10 15 
4 3 10 17 19 21 21 19 18 19 24 23 54 74 109 163 196 209 215 199 152 100 56 22 15 13 12 10 6 8 4 8 9 12 3 6 12 16 17 17 9 9 6 5 14 13 19 27 21 15 8 10 13 12 11 15 14 9 7 17 20 18 21 20 
8 8 7 13 17 19 23 19 15 18 23 41 81 115 156 203 219 210 192 158 106 59 28 18 22 19 16 12 9 7 4 5 5 13 12 15 18 20 19 20 12 10 11 7 10 7 12 22 18 11 5 5 14 13 11 13 14 12 10 9 16 12 14 15 
13 15 9 8 7 9 21 15 10 13 28 66 117 159 201 230 226 198 158 114 68 34 20 22 21 20 16 12 7 4 7 6 6 14 17 17 17 15 13 15 10 11 14 10 7 9 9 17 15 17 17 10 14 11 8 9 14 20 22 21 22 20 22 23 
19 21 13 7 5 7 20 11 17 29 61 115 170 208 233 234 208 163 113 71 36 15 18 21 17 15 11 9 9 10 11 4 3 10 17 19 18 15 12 9 12 11 14 11 9 18 10 13 16 18 20 15 17 11 6 13 13 17 19 21 20 19 21 22 
17 18 11 10 9 12 23 22 39 65 111 172 217 235 233 208 164 114 71 40 15 12 18 21 17 13 6 9 7 17 12 4 3 8 19 22 21 17 12 6 6 2 8 6 13 22 9 4 7 6 13 5 12 10 10 14 9 9 8 12 16 18 18 18 
16 15 7 11 10 10 22 36 70 109 162 212 233 228 204 164 116 74 43 23 10 11 15 18 17 12 4 7 1 21 12 4 3 8 18 19 18 19 14 10 7 5 1 3 12 20 16 6 7 9 10 5 12 8 8 10 8 5 7 12 17 16 15 15 
10 9 4 9 10 9 32 69 116 163 210 237 233 208 168 123 80 48 26 10 2 4 7 9 10 7 7 9 4 24 14 9 11 14 22 21 18 18 10 10 8 7 6 8 6 12 15 9 8 9 6 8 12 11 9 8 11 10 10 14 17 13 13 16 
7 7 4 10 17 31 67 120 172 214 240 237 205 161 113 71 38 20 13 8 8 7 9 10 10 9 7 10 5 22 15 4 5 3 17 13 3 3 2 5 14 17 19 19 13 3 11 17 19 19 11 12 14 10 6 5 15 18 18 20 21 12 10 10 
12 11 9 16 33 57 108 171 214 239 241 209 156 105 63 34 15 11 9 8 9 7 11 13 12 10 10 10 7 19 14 9 9 4 21 14 5 6 8 14 14 20 24 24 22 10 3 7 10 20 16 15 13 6 6 16 14 11 11 13 16 6 2 3 
9 10 13 31 58 94 155 211 234 239 217 163 105 63 36 18 8 8 9 11 9 4 6 8 9 5 4 7 12 18 14 12 11 5 23 15 12 12 8 21 9 6 14 15 23 17 13 9 9 18 18 17 14 9 12 21 20 15 12 10 14 12 13 16 
14 19 30 59 100 147 203 238 237 216 170 109 60 31 17 11 6 8 9 13 9 8 9 9 5 5 3 5 11 13 9 11 11 8 18 6 6 12 6 19 5 8 14 8 19 15 18 12 6 14 18 16 12 9 18 26 25 21 18 15 17 21 19 21 
22 36 61 103 150 194 230 239 214 172 120 68 31 10 7 11 10 14 13 13 3 8 10 16 16 17 10 4 17 16 13 13 9 9 13 6 7 11 5 14 9 12 19 11 11 7 13 12 4 9 13 10 10 11 21 26 23 18 13 6 6 13 14 18 
44 65 102 152 195 224 235 214 169 123 78 43 22 10 2 9 16 21 18 12 7 13 10 16 15 16 19 14 24 20 16 11 4 12 9 8 10 12 10 7 11 15 21 20 16 11 15 12 5 9 12 11 12 12 16 18 17 16 12 6 6 9 10 14 
74 102 146 194 221 230 212 166 116 75 39 21 14 9 9 3 10 12 7 6 9 19 15 17 16 18 27 17 20 9 6 9 13 14 9 11 12 13 12 9 11 7 12 9 7 7 10 11 6 7 8 7 10 8 12 15 15 14 12 9 6 7 10 11 
129 158 196 230 233 212 168 112 67 36 20 18 15 5 11 6 14 17 8 6 7 18 16 19 18 15 21 15 16 10 15 12 11 10 9 10 13 13 13 13 15 8 9 8 11 12 13 15 13 12 12 12 15 14 15 13 13 11 7 9 9 11 13 14 
188 205 223 237 213 167 117 68 30 10 7 12 18 8 14 10 17 19 12 9 8 16 12 13 13 7 12 15 16 13 15 11 9 8 7 7 7 10 12 14 20 18 17 12 15 13 15 14 12 10 5 11 15 13 15 14 11 7 9 16 14 15 18 22 
210 213 214 207 163 110 65 31 15 11 10 10 18 9 17 13 18 16 3 6 5 12 11 13 15 15 9 8 10 18 22 21 17 12 11 10 6 9 9 4 14 15 12 5 11 12 19 19 18 17 11 11 14 15 18 16 13 10 12 16 9 8 7 9 
201 198 185 162 111 61 26 5 12 11 11 9 16 9 20 16 19 19 10 9 6 8 15 19 21 19 13 3 6 16 15 17 16 12 12 12 9 8 6 7 10 12 10 6 12 14 20 21 22 21 15 13 15 15 17 17 15 9 9 15 11 13 15 16 
168 161 140 113 69 31 10 12 15 12 10 7 16 12 15 17 17 14 2 4 6 11 11 9 13 13 15 7 6 13 9 10 16 13 12 12 9 6 3 1 7 10 9 7 13 14 16 18 20 21 15 13 14 11 14 17 19 15 6 12 14 17 19 18 
126 111 88 64 28 11 12 16 16 11 10 9 15 14 15 16 14 11 3 6 7 11 11 6 8 13 21 21 19 19 16 11 14 9 9 12 11 8 6 6 10 13 13 12 16 21 18 20 18 18 15 12 16 11 6 6 15 17 8 8 11 13 14 13 
72 58 42 26 14 19 20 21 17 12 7 4 11 5 10 7 7 11 9 12 13 15 13 13 15 13 22 27 26 24 18 8 4 1 4 11 14 10 7 6 12 18 16 14 13 19 14 14 11 12 11 7 14 9 5 8 15 18 12 10 5 6 12 11 
38 29 19 16 13 15 17 17 14 18 18 13 15 9 12 6 3 6 4 9 7 12 15 19 24 16 21 27 26 26 22 14 8 9 9 10 15 8 4 6 13 16 6 5 6 17 11 11 8 10 12 6 19 17 19 19 22 21 16 17 15 17 16 13 
27 19 9 14 16 14 16 11 9 12 18 15 12 13 13 10 9 7 5 9 6 11 19 22 33 28 26 27 25 25 24 19 14 16 14 13 15 5 4 4 15 16 6 10 12 18 13 12 12 13 13 13 22 12 12 8 15 14 12 15 18 19 16 12 
30 21 11 8 17 13 15 9 12 14 16 18 11 12 12 12 12 7 6 9 9 10 16 15 32 32 31 29 22 17 20 21 20 21 17 12 15 3 7 6 15 17 6 10 11 17 11 7 10 13 11 11 14 8 15 16 20 14 11 8 12 15 15 14 
25 19 14 5 18 15 14 15 23 26 25 26 20 20 16 14 12 7 4 9 11 10 15 15 23 28 27 23 15 8 12 16 16 19 15 9 15 5 7 9 18 17 6 10 12 16 12 12 8 10 6 11 10 2 9 10 17 18 14 4 3 4 5 7 
22 18 15 5 17 13 12 14 15 13 10 16 13 16 12 15 9 9 7 12 16 14 17 20 19 23 25 24 20 15 10 12 12 15 12 9 12 9 11 13 15 8 6 11 14 13 9 10 8 9 3 14 9 10 16 18 23 24 15 4 2 6 11 11 
27 26 22 12 12 6 5 11 10 13 8 17 16 18 14 18 12 11 8 10 14 12 16 20 20 21 24 26 25 18 12 7 3 5 9 7 7 8 10 9 6 7 12 16 16 12 12 7 5 13 7 18 9 10 18 18 20 21 14 3 0 5 9 11 
23 23 19 13 7 6 3 12 10 13 13 20 21 24 16 16 10 9 10 12 15 14 16 19 19 14 10 12 18 15 11 10 8 7 9 7 5 7 8 6 6 11 12 12 11 6 15 6 9 18 15 22 14 18 22 15 14 12 10 4 6 9 12 14 
25 26 19 13 4 7 4 13 12 8 4 17 18 23 18 16 6 10 15 19 23 19 18 14 16 13 6 9 17 17 18 19 21 20 18 12 6 8 9 9 9 16 12 10 12 10 21 7 12 18 21 27 20 26 27 20 19 17 16 7 6 8 14 15 
30 30 22 15 5 7 5 13 17 13 6 15 16 22 19 16 4 14 18 18 18 13 16 9 10 12 6 9 16 22 26 27 27 26 27 19 11 10 10 12 15 22 16 9 11 12 24 10 15 13 25 28 25 34 29 17 14 15 18 9 11 9 15 16 

20 15 13 5 6 19 20 20 19 10 11 14 19 24 23 27 17 13 25 9 11 25 25 29 21 12 19 17 16 16 18 17 16 17 11 13 16 12 10 9 12 20 9 14 13 43 97 147 191 231 229 186 135 92 44 15 14 15 8 12 7 18 27 28 
15 12 11 6 9 16 18 18 17 8 9 12 17 21 20 24 13 12 23 7 7 19 20 29 17 7 14 16 15 13 14 13 15 16 14 15 15 13 13 13 11 11 8 22 35 72 126 173 207 230 216 169 121 80 40 14 10 12 7 9 3 12 19 21 
8 5 7 6 13 17 19 19 18 10 9 10 14 18 13 18 3 3 20 3 5 13 11 22 6 4 10 10 6 5 10 9 11 14 11 13 12 7 6 6 5 10 21 40 64 108 161 201 221 226 197 146 102 65 32 12 9 10 4 9 7 9 13 12 
1 4 8 7 16 20 21 18 20 12 12 16 18 22 15 13 6 7 22 11 7 12 10 20 4 5 9 10 10 6 6 7 11 14 12 11 12 9 8 8 10 20 39 69 109 158 203 227 229 210 168 117 79 49 27 16 10 8 2 6 10 14 18 16 
4 7 7 6 13 16 18 13 19 9 8 14 12 14 7 9 12 6 16 9 11 19 23 23 10 7 15 18 18 12 7 4 4 7 3 6 14 17 19 20 27 47 73 115 165 206 230 230 207 163 114 73 46 29 19 11 6 8 9 4 4 9 16 17 
9 6 3 4 7 10 14 12 21 9 6 9 2 16 12 15 13 7 12 4 9 13 13 8 5 7 17 15 17 16 10 7 7 8 6 7 20 22 24 32 53 82 115 162 205 224 225 205 166 114 74 46 27 16 14 11 13 14 17 12 6 5 6 10 
13 8 3 4 6 10 15 16 21 11 10 8 1 16 12 12 11 10 15 15 13 15 13 18 15 7 14 18 23 17 13 15 5 3 4 8 27 21 24 45 78 116 155 198 224 217 193 155 110 67 44 30 19 12 7 4 9 6 18 19 14 14 13 17 
9 9 4 3 1 2 3 10 13 7 8 7 4 13 15 7 7 10 8 16 15 16 18 16 15 15 16 18 21 13 12 16 4 2 6 8 27 26 36 68 111 157 193 220 222 188 144 101 59 26 18 15 7 4 9 9 11 11 18 21 15 15 15 16 
3 9 7 3 0 2 5 11 11 7 10 12 10 12 15 6 10 14 14 8 14 13 21 22 8 12 9 15 21 12 11 14 4 5 6 9 27 38 62 107 160 204 223 225 199 145 95 61 29 12 11 11 0 7 11 14 16 14 15 21 20 22 23 24 
2 9 8 1 1 1 5 9 10 10 14 13 8 9 10 6 11 9 18 9 17 15 18 23 10 16 16 18 20 11 12 12 11 13 14 19 40 64 100 155 205 229 227 204 162 105 62 39 17 11 10 10 6 14 20 22 20 14 8 13 15 16 17 18 
5 10 14 9 4 4 7 11 14 14 13 10 5 5 7 2 9 12 19 9 18 8 9 17 16 19 11 7 11 5 8 15 20 24 29 44 74 108 153 205 233 231 207 165 118 69 33 21 13 9 10 12 2 13 21 23 20 15 9 4 4 8 12 15 
6 7 11 9 8 6 1 1 5 7 8 8 5 6 8 8 8 7 13 7 19 2 2 10 9 9 2 8 13 14 6 6 17 31 50 81 124 167 208 238 240 214 170 117 75 37 14 13 9 6 7 14 5 10 17 16 16 14 13 9 6 10 11 15 
6 5 9 11 12 12 13 12 7 5 8 6 3 5 6 6 3 2 9 7 16 2 9 8 8 4 5 10 11 18 20 18 23 42 72 117 167 208 236 241 217 175 123 76 46 24 10 11 8 5 4 14 9 12 20 10 11 8 9 10 4 6 4 3 
21 17 16 16 16 9 11 12 8 7 8 6 5 6 6 7 3 8 7 6 13 15 15 11 9 9 11 14 8 9 14 21 43 74 113 163 206 229 234 213 172 125 80 46 30 18 10 6 8 6 6 14 4 3 18 9 11 7 6 10 3 4 6 6 
15 16 13 16 20 13 16 19 17 13 13 12 9 8 8 8 3 6 4 5 8 11 11 9 9 18 20 16 9 10 26 49 83 125 170 213 232 228 209 169 121 82 49 29 21 11 11 9 12 12 5 16 8 7 13 3 7 3 5 13 9 12 16 17 
14 12 10 10 13 16 21 23 23 15 18 17 11 14 15 15 16 19 18 9 5 9 9 15 18 25 25 21 15 16 40 78 124 174 217 239 230 202 165 117 75 50 31 23 15 11 16 16 18 18 15 20 8 5 8 4 3 5 9 15 12 12 15 16 
13 16 13 10 5 10 11 12 12 8 17 12 10 14 12 15 13 12 16 8 4 11 7 18 21 24 26 20 14 33 72 127 180 222 243 235 200 154 111 69 42 29 22 21 14 13 17 14 14 13 17 24 10 6 6 3 3 8 11 11 6 7 8 8 
14 12 9 7 5 13 7 9 8 13 15 9 16 16 12 13 11 12 16 10 7 9 7 15 18 18 25 29 46 78 125 185 228 248 243 210 159 109 73 44 27 23 19 19 15 13 13 6 5 6 19 28 16 10 4 4 3 5 7 9 10 15 16 15 
35 32 26 17 11 13 4 5 8 16 9 9 15 14 12 12 13 16 22 22 20 21 19 17 15 7 14 31 65 107 161 214 241 240 216 166 111 71 44 22 16 19 20 19 16 15 10 3 6 13 27 28 17 12 9 9 8 13 15 12 10 12 8 7 
27 25 23 19 17 13 4 5 10 17 3 9 6 7 9 8 12 12 16 19 13 11 14 12 8 10 19 46 92 140 190 228 233 212 169 111 64 37 18 6 11 18 23 18 16 18 6 7 7 18 28 22 11 7 14 14 9 18 16 14 12 12 8 8 
11 7 20 19 15 12 2 7 9 14 3 12 3 2 13 8 6 6 7 14 11 3 3 6 9 32 59 102 155 197 225 234 211 166 112 60 28 19 11 5 9 16 25 17 14 19 8 11 10 22 30 23 15 9 17 18 14 17 9 11 13 15 15 19 
18 13 27 22 10 10 12 16 15 13 6 12 3 7 13 17 6 6 4 12 14 6 2 12 34 72 112 162 207 228 229 208 164 111 66 28 15 19 15 10 12 12 24 17 16 21 17 19 16 27 31 17 12 3 17 18 15 18 9 8 8 8 6 5 
18 17 31 25 7 4 12 17 17 14 14 18 13 14 15 21 10 8 5 6 15 12 8 28 64 112 155 193 217 218 200 164 119 77 45 17 10 17 13 16 17 11 19 12 14 18 14 20 18 26 24 7 9 5 17 16 15 20 18 16 15 14 12 7 
23 23 31 23 7 4 10 17 10 8 11 18 15 12 10 21 13 12 10 5 13 15 21 55 104 159 199 222 224 201 162 115 77 48 22 10 10 14 9 11 14 9 14 11 12 18 15 17 15 21 18 4 6 5 12 14 19 25 24 19 15 13 11 9 
18 16 24 19 11 10 9 20 11 11 14 16 13 4 3 15 10 9 9 8 15 26 49 100 158 208 235 236 211 166 113 66 36 21 10 11 11 13 9 9 10 12 6 9 9 14 15 17 17 23 19 12 5 7 3 7 16 23 24 22 24 21 23 27 
7 4 16 19 13 11 7 18 13 11 10 14 14 7 7 8 7 7 11 15 27 54 94 152 202 235 237 207 160 109 63 28 13 13 6 9 12 12 9 9 9 16 13 8 7 5 7 11 13 19 13 16 13 7 10 9 5 9 10 13 18 16 21 30 
10 6 6 13 9 7 6 17 18 13 8 14 17 15 12 9 7 5 8 24 53 96 144 193 223 233 208 156 105 59 24 6 6 11 8 12 15 11 11 4 6 11 12 9 9 9 13 11 13 15 8 15 21 11 11 10 11 10 9 12 13 11 14 16 
15 11 6 9 13 9 3 13 15 10 10 15 18 16 13 9 6 9 27 53 97 148 190 220 227 213 169 115 68 27 8 9 11 14 13 16 16 10 12 6 13 14 15 7 6 5 7 11 19 18 14 6 23 15 17 17 17 8 4 8 6 14 17 18 
10 8 7 6 16 6 4 8 12 12 18 20 16 12 14 10 10 28 62 102 155 202 224 230 214 177 124 77 40 19 8 3 9 15 19 20 15 10 13 10 18 17 24 13 7 8 7 7 17 18 17 7 18 13 15 19 23 6 1 6 9 16 14 12 
4 4 7 10 22 12 9 10 16 18 24 18 9 7 17 17 24 58 105 151 198 229 225 205 172 122 74 41 19 16 10 10 15 18 19 18 14 14 15 8 17 16 26 17 10 12 12 12 14 12 15 15 20 15 14 18 22 8 10 11 12 16 21 26 
12 13 14 17 24 14 12 9 6 7 17 8 9 12 23 37 58 102 154 194 223 228 198 158 118 73 41 23 12 11 6 10 13 14 14 17 17 18 15 4 12 12 21 16 12 13 15 13 13 10 14 18 21 13 12 13 16 7 11 12 11 11 14 21 
14 16 17 20 24 25 24 20 14 13 21 7 21 24 39 69 102 148 196 222 223 201 154 105 69 37 23 15 8 9 12 16 15 17 14 15 17 20 18 7 7 6 14 14 13 14 18 22 21 15 11 9 10 7 11 7 18 21 20 19 15 9 8 7 
16 18 19 21 22 23 15 13 3 8 22 7 34 40 63 108 144 181 216 221 196 155 103 56 30 13 13 10 4 4 12 13 12 17 7 7 13 18 18 12 7 5 7 9 14 16 19 24 24 19 11 4 6 12 17 15 15 17 17 18 19 20 21 22 
11 14 16 18 18 20 15 16 9 12 24 19 51 66 102 155 187 205 217 199 152 104 58 19 7 6 10 9 3 5 10 9 10 16 8 8 10 14 16 14 11 10 5 4 12 15 19 25 23 15 9 6 7 15 20 21 18 15 15 20 21 19 18 16 
6 4 7 15 20 23 23 23 22 24 33 44 82 110 150 198 215 210 198 162 106 60 24 7 14 12 12 10 7 7 5 4 6 13 7 9 14 19 21 19 13 10 10 2 8 9 17 27 27 18 9 4 6 13 18 20 18 15 12 16 18 20 23 21 
5 9 6 11 15 16 19 20 18 24 39 72 122 156 191 220 213 186 155 115 67 34 13 16 17 18 15 14 9 6 4 6 6 14 16 15 17 18 21 23 13 12 15 9 9 8 12 18 20 13 8 3 7 10 13 13 12 13 11 11 15 12 14 12 
9 11 6 5 7 12 21 24 22 34 60 110 166 197 218 224 195 152 111 73 37 17 14 19 21 22 18 15 7 3 4 8 8 15 19 10 8 9 13 17 8 9 14 10 7 10 11 11 11 9 13 9 12 12 9 12 18 23 22 18 18 16 17 15 
14 14 9 4 2 5 17 21 39 68 110 170 218 230 228 205 158 110 71 41 17 6 8 11 13 18 17 17 12 12 8 9 6 12 21 12 7 7 9 9 6 6 11 8 6 16 11 9 10 13 18 17 22 18 15 19 19 24 24 23 21 18 16 12 
13 13 11 5 7 10 22 38 72 112 162 217 243 232 204 161 109 65 37 19 6 2 6 7 13 14 10 13 8 18 11 9 6 10 22 17 9 9 8 3 6 6 8 6 12 19 9 4 0 3 9 7 17 13 12 14 5 17 16 18 19 19 17 12 
14 11 8 9 11 10 28 61 108 154 198 231 230 198 155 109 65 34 18 10 9 9 12 15 19 13 5 9 1 22 12 9 6 10 22 19 13 17 14 8 8 9 5 7 14 18 15 7 4 3 4 7 15 9 10 10 5 12 13 17 20 20 18 16 
9 6 5 6 13 25 57 105 158 199 227 231 205 158 111 72 40 22 14 7 4 0 5 8 14 6 3 7 4 23 12 10 11 14 25 24 18 18 11 8 9 10 7 9 12 13 13 10 6 7 6 12 14 11 12 10 11 10 11 15 20 18 18 18 
9 6 6 13 31 59 105 161 206 229 231 205 157 105 62 31 9 7 10 11 9 7 11 12 17 9 3 8 4 22 14 8 5 3 17 15 5 6 2 7 13 15 13 12 7 6 12 17 18 16 7 11 12 10 13 15 19 17 14 13 17 13 12 11 
19 18 21 34 60 98 154 205 226 226 202 155 101 59 30 12 7 10 11 13 10 3 8 12 16 11 6 5 5 16 12 11 9 4 18 13 3 3 5 12 11 17 21 20 17 6 5 7 14 21 12 11 9 7 11 13 4 5 4 6 15 12 9 6 
18 21 34 59 97 143 198 227 221 199 158 102 57 31 16 9 4 7 9 13 10 3 1 6 8 3 4 8 14 16 11 11 10 6 20 13 9 10 7 20 11 10 17 18 22 15 11 7 13 21 13 14 13 12 15 16 7 6 6 5 15 14 10 8 
26 36 59 99 147 194 231 234 202 160 108 57 27 13 10 10 6 7 9 15 11 8 8 11 6 5 6 8 13 9 5 8 8 8 19 12 13 16 13 22 14 14 20 18 22 18 18 9 7 17 16 19 14 12 19 20 15 16 16 12 15 15 9 9 
47 68 104 152 197 228 238 214 164 114 65 29 14 6 5 9 7 10 12 14 2 8 11 18 17 18 11 9 17 13 11 12 7 12 17 16 20 21 18 22 17 18 24 18 17 14 14 7 2 12 15 15 7 9 17 15 12 10 10 7 8 11 5 10 
83 110 152 198 228 238 220 172 115 70 33 12 9 9 3 10 17 21 16 11 5 13 13 18 17 21 21 14 22 19 18 12 8 17 17 19 23 22 18 15 12 15 21 21 18 15 15 8 3 9 14 13 8 9 14 13 13 12 10 10 6 7 8 12 
121 149 186 220 229 216 175 118 69 35 8 4 1 10 11 5 10 11 11 10 10 17 11 14 15 22 28 15 17 10 6 9 15 19 15 17 19 17 13 8 8 4 10 8 8 10 11 7 3 4 9 8 6 6 10 8 8 8 7 10 5 5 8 13 
177 196 216 230 211 172 119 68 33 16 15 13 9 8 14 5 11 12 10 12 12 18 13 15 15 19 23 12 13 11 16 13 14 13 11 12 13 11 11 12 15 14 14 10 10 12 12 10 7 3 4 4 4 6 10 5 3 4 8 13 10 11 11 10 
221 223 220 211 168 115 66 30 10 9 10 14 14 5 15 7 16 18 16 16 15 20 13 11 9 11 16 13 12 10 11 8 8 8 7 6 8 11 16 19 23 22 17 10 11 16 17 16 16 13 10 11 14 12 13 6 4 6 12 16 12 9 11 14 
217 206 188 162 109 59 25 8 6 3 4 12 16 4 15 7 18 21 15 15 11 14 16 16 17 16 10 8 9 15 18 16 11 5 5 5 6 11 13 12 16 15 9 6 11 20 22 23 23 19 18 21 20 16 15 10 10 11 13 15 9 8 8 7 
179 166 142 109 62 23 12 14 11 5 8 11 17 9 18 13 20 26 19 15 10 7 17 23 22 20 13 3 4 15 14 15 9 5 7 8 7 8 12 14 13 12 11 8 10 17 20 24 24 21 19 21 20 15 15 11 4 4 9 14 10 10 10 10 
129 118 95 68 34 15 19 18 15 12 13 12 18 13 9 9 16 21 15 11 11 8 5 9 7 7 14 3 5 13 7 9 9 6 9 8 6 5 7 10 10 12 11 9 12 13 12 17 20 20 18 20 21 19 16 18 13 7 3 13 15 15 14 13 
87 74 54 33 11 15 21 18 15 13 14 12 18 18 15 14 17 19 11 5 8 9 8 8 7 10 17 8 6 12 11 12 9 2 10 13 11 8 8 10 11 15 14 14 16 19 13 15 15 16 15 16 20 15 5 8 9 11 7 11 14 14 12 11 
47 37 25 12 13 19 21 19 15 14 12 8 15 12 10 7 9 14 9 9 12 12 10 8 11 13 21 17 15 14 9 5 5 9 12 13 12 8 5 9 15 22 17 13 11 15 8 10 8 10 9 7 15 10 4 9 14 14 10 9 6 8 10 9 
25 21 16 9 5 10 16 17 15 18 16 10 13 12 10 8 8 8 3 6 6 11 15 16 21 19 21 21 16 15 12 6 9 11 9 13 13 8 9 10 15 15 5 6 9 18 13 13 9 9 10 5 17 15 17 21 26 24 21 21 18 18 15 10 
17 15 12 7 6 9 13 11 8 9 13 9 10 13 12 12 13 9 3 8 4 11 21 23 31 30 26 24 18 15 16 9 6 9 9 18 16 8 12 12 21 16 9 12 13 19 13 14 13 13 13 10 19 14 15 15 19 18 20 22 21 19 13 8 
23 16 11 2 12 12 13 11 10 10 12 10 5 6 5 8 7 9 9 12 12 15 21 19 26 29 26 24 17 10 17 14 10 14 14 19 18 8 10 7 20 15 6 8 6 13 7 7 9 12 12 8 14 15 20 20 15 4 5 10 12 12 10 8 
18 15 15 11 12 14 13 16 23 24 23 22 19 16 13 13 10 15 9 10 13 14 17 15 15 23 20 16 13 6 15 17 15 18 18 18 20 9 5 12 21 14 8 12 10 11 8 13 7 9 9 8 12 11 15 12 8 6 3 6 8 10 13 13 
10 9 17 17 17 18 16 20 21 15 11 12 14 10 8 15 8 18 8 9 15 12 11 12 5 18 21 20 17 9 11 18 16 19 19 18 21 16 12 15 12 6 11 11 11 8 6 9 7 8 6 12 15 17 22 17 15 13 9 7 7 10 14 14 
22 18 21 22 19 18 14 18 15 12 4 9 14 11 10 17 11 21 10 8 15 9 4 11 5 11 20 24 23 13 4 12 13 15 18 19 19 17 13 12 3 6 9 9 9 6 11 6 4 9 2 16 14 13 15 9 4 2 11 7 6 11 12 13 
19 19 18 22 15 16 12 18 13 14 8 11 18 17 13 15 9 21 15 13 16 9 2 9 12 9 12 19 24 15 5 6 10 12 13 16 18 17 14 11 7 9 7 8 12 10 16 9 8 13 9 21 10 10 12 7 7 8 15 10 10 13 12 14 
12 18 17 22 12 15 12 17 12 8 5 9 18 17 11 10 4 24 21 18 20 11 9 4 12 14 14 24 27 18 12 9 6 5 8 14 17 17 15 13 10 15 9 11 16 13 21 8 10 14 17 26 11 18 17 16 16 14 16 10 8 10 10 12 
14 19 16 24 14 16 11 16 14 8 6 5 16 15 9 7 8 27 22 14 14 5 12 5 9 13 13 26 31 26 22 19 14 6 10 16 19 17 15 11 8 15 5 11 17 15 24 10 11 9 24 29 17 23 15 17 19 18 18 10 9 8 6 8 

10 15 18 17 17 13 7 6 7 8 18 10 9 15 14 22 14 13 26 8 15 25 31 34 27 13 12 15 14 14 16 18 14 14 12 5 14 6 9 9 15 27 8 21 39 94 157 199 222 230 195 132 77 40 11 7 10 12 7 9 8 17 13 10 
11 17 20 18 17 12 5 3 3 4 16 6 8 13 15 23 15 14 25 8 14 20 25 31 21 11 6 12 12 11 14 17 17 19 17 10 11 5 7 7 12 16 17 43 69 124 180 212 223 219 178 118 71 37 12 6 6 8 4 8 9 15 15 13 
13 19 21 20 21 18 12 9 7 4 16 8 11 14 12 20 4 4 22 3 13 18 22 27 16 10 3 7 8 5 10 16 18 21 21 17 15 9 6 2 5 15 38 70 104 158 202 219 216 198 150 95 58 31 13 9 11 9 7 12 15 18 20 19 
14 18 20 18 20 20 17 12 10 2 13 11 16 21 19 19 9 4 22 7 10 17 20 24 13 7 6 11 15 8 8 14 17 20 21 19 17 12 9 8 14 34 70 111 154 201 227 224 202 167 116 72 47 30 21 19 16 10 7 10 14 19 24 26 
12 15 14 12 15 17 18 10 12 5 12 14 16 14 9 12 14 7 18 8 15 21 22 21 9 7 15 17 21 16 10 12 14 17 18 18 18 16 20 25 40 73 115 162 204 231 229 204 164 117 72 41 28 21 16 15 18 17 13 10 9 9 14 17 
13 12 10 9 9 9 13 4 16 10 14 14 10 11 8 14 14 9 13 10 18 18 15 9 10 10 15 10 16 15 5 4 10 14 16 18 23 21 24 42 75 118 160 201 225 223 198 160 116 73 43 24 18 18 18 20 21 18 15 13 7 8 5 8 
12 9 7 5 2 3 10 9 18 13 16 13 6 13 11 16 16 15 16 16 15 13 11 13 13 8 14 15 21 18 9 9 5 10 13 17 30 24 34 66 111 157 194 220 221 192 148 105 65 34 22 17 13 10 9 10 11 6 11 14 5 8 4 6 
6 7 9 6 6 10 13 13 17 16 17 13 7 9 11 12 10 16 7 10 9 12 16 15 12 8 11 12 20 18 13 13 2 5 10 16 33 38 59 102 152 193 215 220 198 147 99 63 33 14 13 11 9 7 10 9 6 3 13 17 11 13 12 11 
0 9 12 6 8 12 15 19 17 17 18 15 10 9 10 12 10 17 15 1 6 9 20 23 11 6 4 5 18 17 13 11 5 7 12 21 43 65 99 148 198 223 223 203 161 103 62 40 20 12 12 9 11 14 17 14 11 12 15 19 18 18 19 19 
2 9 12 5 6 12 15 18 16 18 19 15 9 4 9 13 11 13 20 2 8 11 17 23 15 13 15 16 19 17 14 10 10 15 28 46 74 108 149 195 228 227 203 166 118 68 38 26 13 9 8 3 10 11 15 16 16 15 13 10 8 8 8 11 
5 10 14 8 6 10 10 11 11 13 14 10 7 1 5 10 12 14 19 5 13 11 10 15 15 16 12 11 12 14 13 14 19 28 49 80 120 161 199 229 235 207 164 118 75 39 20 17 13 12 10 6 10 16 21 26 24 22 18 13 8 5 1 4 
3 5 11 6 8 10 7 5 4 7 9 8 7 4 5 9 10 9 15 7 17 5 5 9 11 7 2 6 9 13 10 12 23 46 81 126 172 211 234 238 217 170 117 73 42 24 15 13 7 8 9 12 10 13 18 21 18 12 9 8 6 11 12 11 
5 4 8 9 12 12 15 12 6 4 10 6 5 3 2 6 6 6 10 9 14 3 10 8 8 3 5 12 12 17 17 17 36 70 115 170 214 238 239 217 177 124 75 41 24 19 12 8 7 9 10 15 12 13 20 13 7 2 8 12 7 9 8 3 
19 16 14 14 13 5 7 10 4 4 12 6 4 3 2 7 8 10 10 8 11 12 13 8 8 7 9 15 7 13 20 40 75 118 163 210 237 236 214 174 128 81 43 22 15 17 15 13 17 18 14 17 8 7 19 9 5 8 12 14 7 9 9 3 
16 17 14 13 16 8 11 15 15 15 18 12 9 7 4 8 5 5 6 7 6 8 9 4 9 17 18 15 9 25 48 84 128 173 211 236 235 207 167 120 79 47 25 17 15 20 25 22 24 22 15 23 11 12 17 6 10 12 13 17 12 14 15 13 
18 17 15 12 12 15 18 19 16 13 19 15 12 10 10 14 15 17 13 8 2 3 3 13 17 21 20 14 21 45 80 126 172 212 235 236 208 162 115 73 42 26 18 17 15 22 27 23 23 18 19 27 9 5 11 7 11 9 10 12 6 10 15 18 
10 15 14 13 11 15 12 11 8 8 20 10 11 9 10 13 9 9 11 7 4 6 6 18 20 16 13 10 42 81 127 182 219 238 233 205 158 108 68 40 21 14 15 17 18 24 25 18 15 7 18 30 12 5 9 8 10 7 6 7 4 5 9 12 
8 9 8 9 10 18 14 15 9 12 15 7 16 15 13 14 13 12 14 10 6 5 8 15 20 15 22 43 87 133 183 231 247 237 207 159 108 68 42 26 14 11 14 17 21 23 19 11 12 11 23 33 14 5 5 6 7 6 5 7 7 12 16 18 
29 25 20 14 13 17 15 15 8 14 9 9 13 10 10 14 19 20 23 22 19 18 18 16 14 4 25 65 119 167 212 242 233 202 158 106 63 37 23 12 4 9 15 16 19 23 13 8 12 15 27 29 12 9 4 7 9 11 11 9 9 8 6 6 
29 27 20 14 17 15 12 13 9 15 5 11 9 7 7 6 15 16 19 18 12 8 11 7 4 23 54 100 152 193 222 230 200 154 103 53 21 8 5 7 7 12 18 14 17 23 11 11 12 17 25 22 6 8 10 10 9 15 13 9 8 8 4 4 
19 15 18 15 16 14 10 13 10 13 3 13 5 4 12 9 11 12 12 15 9 1 3 10 29 65 109 162 206 228 230 209 161 104 58 24 13 14 12 7 7 11 19 12 14 23 13 15 14 20 24 20 12 11 13 15 12 14 10 11 14 17 18 22 
19 16 27 21 11 9 13 16 14 9 2 12 2 5 10 12 7 7 9 15 14 7 9 29 63 112 162 208 233 228 204 163 108 59 31 15 14 18 17 9 6 6 18 14 16 24 18 17 13 22 24 15 14 10 13 13 12 16 10 6 9 9 9 7 
10 16 31 26 8 4 11 14 12 12 13 17 12 14 13 17 7 7 5 6 13 15 23 55 103 156 195 219 217 190 153 110 68 39 24 13 12 18 17 15 14 6 13 9 13 21 16 17 16 23 21 13 15 11 14 10 11 18 17 15 18 17 15 10 
11 16 28 25 11 6 8 16 8 10 15 21 19 16 13 20 13 14 13 9 15 27 48 94 150 198 222 223 196 151 104 63 36 24 18 15 15 19 15 10 13 9 8 8 8 16 14 14 14 19 18 14 14 11 9 9 15 21 20 15 15 15 15 10 
21 16 21 20 9 9 6 20 9 12 17 18 17 10 6 12 7 8 9 13 27 52 90 146 199 231 233 209 161 106 59 26 15 18 14 11 13 17 15 8 9 13 2 7 8 11 13 14 17 22 21 18 13 12 7 6 14 20 22 20 23 23 25 30 
15 7 10 17 9 9 6 18 14 14 15 16 19 11 11 9 4 6 14 30 59 98 146 196 227 233 207 156 100 54 23 11 11 14 10 5 9 13 14 12 12 18 17 10 7 4 5 12 19 22 21 22 17 11 12 13 11 10 11 9 15 16 19 25 
10 9 3 12 9 8 9 17 19 14 10 12 21 15 10 8 5 12 29 58 102 151 195 225 229 209 161 100 53 20 3 3 7 15 14 11 11 12 15 8 6 11 17 11 12 9 10 9 14 13 11 18 25 12 6 7 14 18 14 12 9 6 9 9 
12 12 7 7 10 12 7 14 16 11 9 13 21 15 10 7 7 30 58 96 150 198 224 231 211 171 118 67 34 14 9 6 10 18 20 16 14 11 17 9 11 9 18 6 4 6 8 12 21 18 12 8 26 16 9 4 9 16 12 9 8 7 12 14 
13 9 7 6 12 9 9 9 12 10 15 18 17 12 12 15 22 58 102 149 201 233 234 215 178 128 78 39 21 22 15 9 12 22 27 20 14 12 20 12 14 8 24 12 6 7 5 6 19 20 17 6 21 16 6 10 9 10 4 6 10 6 8 7 
17 12 11 7 18 6 2 7 14 17 22 18 9 5 23 34 52 100 151 192 225 233 207 168 126 77 38 16 15 24 17 15 16 24 27 19 14 16 23 13 15 6 21 13 8 9 6 4 13 15 16 14 21 16 8 13 12 10 7 8 12 11 15 19 
4 7 9 9 21 12 11 12 4 4 12 9 9 17 42 65 96 150 195 217 223 206 157 109 74 40 17 11 13 19 12 9 11 20 24 18 14 17 23 12 12 8 16 10 9 11 10 9 12 14 18 21 20 10 6 12 10 7 4 1 6 5 5 6 
7 9 11 12 19 20 22 23 16 15 19 13 27 43 72 110 149 194 224 223 201 162 104 60 39 24 14 9 10 15 10 10 9 19 20 12 8 13 21 14 9 6 8 7 7 9 12 16 19 17 13 11 6 3 7 13 20 19 15 12 8 11 15 15 
13 15 14 15 15 11 7 16 7 12 23 24 50 71 109 156 189 214 224 201 154 107 59 25 17 19 18 13 10 10 4 6 6 17 16 11 12 10 16 13 9 10 8 2 3 6 7 10 14 11 6 2 5 9 9 7 12 13 10 7 7 17 24 26 
12 10 11 14 13 10 8 15 13 21 34 48 81 110 154 200 217 218 205 162 103 62 27 8 8 16 17 14 9 5 5 6 8 18 16 9 8 3 11 12 9 11 11 6 2 2 6 12 14 10 3 3 10 13 10 6 7 9 8 12 9 14 21 21 
16 10 6 8 12 16 17 24 27 35 53 81 125 160 197 226 223 200 169 120 67 34 9 14 5 12 12 9 6 6 9 8 8 16 17 11 13 14 16 16 7 7 13 9 6 3 10 15 21 17 8 6 13 16 14 10 9 8 4 11 7 12 18 15 
6 8 9 9 9 10 9 17 24 39 68 115 167 197 216 222 195 152 114 72 35 18 12 17 8 14 10 12 11 9 10 11 11 14 20 13 14 12 14 18 8 9 15 15 14 14 16 3 14 14 10 7 9 15 17 15 12 11 7 11 12 8 13 12 
5 7 8 2 6 11 12 22 36 64 103 159 206 219 217 200 155 106 70 39 15 10 14 20 16 15 10 15 11 7 7 6 6 12 21 10 9 7 10 14 4 6 11 10 9 13 18 6 11 8 11 11 15 21 20 22 23 26 19 11 12 13 16 15 
8 11 11 6 3 8 12 32 71 114 162 214 241 227 202 163 110 67 40 20 8 5 9 13 14 17 17 20 15 13 6 3 4 9 21 11 8 7 11 9 0 2 8 4 5 15 16 5 8 10 15 19 25 22 16 18 19 30 25 21 18 15 16 12 
3 8 11 4 8 18 31 64 115 163 207 240 242 205 159 112 64 32 15 6 5 2 7 10 16 17 16 18 13 18 8 7 7 10 20 15 10 11 10 7 3 3 5 5 10 13 11 2 4 3 7 13 18 12 10 10 13 28 24 19 18 18 17 14 
9 6 7 6 11 28 55 99 155 199 226 232 208 155 103 63 28 11 6 5 7 9 15 20 22 14 9 10 1 18 7 7 9 11 21 18 15 18 12 7 5 6 2 9 12 9 12 6 4 3 3 9 11 1 9 10 15 23 22 18 18 19 19 19 
6 3 5 7 25 56 98 149 198 228 233 213 169 112 67 39 18 14 11 5 3 4 7 12 14 6 6 8 5 20 11 12 13 13 23 19 14 14 7 5 6 9 6 12 12 7 8 8 2 6 9 9 5 4 13 16 17 17 18 15 18 18 19 17 
8 7 15 29 60 105 156 202 230 232 211 167 115 66 31 12 6 12 10 8 8 9 11 13 12 5 5 9 8 20 17 15 12 7 18 15 4 4 4 7 9 12 7 9 9 12 13 16 14 12 8 3 3 12 22 23 20 13 11 9 14 15 17 18 
23 28 42 65 105 154 202 229 225 202 161 107 63 33 13 7 10 13 11 9 7 5 5 8 9 4 4 5 8 15 14 16 15 10 19 16 9 10 12 16 9 12 13 9 10 9 10 12 16 19 10 2 6 15 21 16 10 4 5 6 13 14 16 15 
25 39 63 99 148 193 226 226 196 156 109 59 28 15 8 7 8 12 10 11 10 8 6 4 6 5 8 11 15 16 14 14 14 11 20 16 13 13 13 22 15 7 10 8 15 10 5 9 16 21 11 7 10 15 19 13 10 10 9 9 16 17 16 12 
45 66 99 145 192 224 233 208 159 111 67 29 13 7 6 8 8 11 9 14 10 9 9 10 7 6 9 8 9 7 8 10 10 12 19 17 15 15 11 21 13 7 9 5 14 10 10 9 12 20 13 15 14 16 18 14 13 15 15 12 15 18 15 9 
87 114 152 195 226 235 215 169 114 70 35 16 13 9 5 8 4 6 6 14 4 10 12 17 16 15 10 7 13 13 14 13 9 13 16 18 17 14 10 18 10 9 12 8 10 6 5 3 7 18 17 18 13 15 15 6 5 5 8 10 11 17 15 8 
137 164 195 224 233 217 173 116 68 34 11 7 9 9 5 11 14 16 12 11 3 13 12 15 16 19 21 12 19 19 20 14 12 17 14 15 16 14 13 13 1 5 11 11 11 10 7 5 5 13 17 17 12 13 12 9 9 9 8 11 8 13 16 14 
181 198 214 226 210 174 119 64 30 12 9 8 5 12 14 9 10 12 12 9 7 14 6 9 11 21 28 13 15 9 7 10 15 19 9 10 14 14 13 11 9 10 7 4 4 7 5 1 1 4 8 12 12 11 11 8 5 6 6 10 4 7 8 10 
223 224 220 211 172 122 69 27 8 12 15 13 10 14 17 8 6 7 12 13 14 18 12 8 7 20 24 10 11 10 16 14 14 12 4 9 11 12 14 14 17 19 17 11 9 11 10 8 8 7 6 9 10 7 10 8 7 10 15 15 12 13 11 8 
230 219 199 172 121 72 31 7 4 8 9 16 12 14 18 12 11 8 16 18 21 24 18 12 8 14 20 12 10 8 9 3 6 8 7 10 12 14 19 18 19 20 16 11 11 16 18 21 23 21 18 13 8 5 7 7 8 9 11 11 7 6 6 8 
192 177 151 118 71 33 9 2 3 4 3 15 15 14 19 12 12 10 15 19 21 24 24 21 19 15 11 9 10 15 18 13 8 4 4 10 12 17 21 16 12 14 11 14 15 22 24 27 27 22 19 15 11 9 9 9 12 13 13 13 8 4 1 3 
141 128 104 73 36 12 8 8 7 5 6 13 16 13 19 17 18 20 16 15 18 18 21 23 22 20 10 2 5 15 18 17 12 7 9 13 15 17 18 14 8 11 13 17 17 23 27 32 30 23 19 16 12 10 10 8 4 4 8 14 10 8 8 8 
95 86 66 42 18 4 6 6 8 9 13 15 19 15 11 8 11 13 11 13 18 15 12 12 10 9 13 5 6 11 7 8 4 9 14 17 20 19 17 12 9 14 16 18 18 21 25 31 29 25 21 17 18 20 15 16 10 4 6 16 18 16 16 15 
61 52 38 20 6 5 7 2 6 4 11 13 18 17 10 10 16 19 14 9 12 6 3 9 8 11 17 8 6 6 11 12 6 8 16 22 24 21 16 10 8 14 17 21 21 23 23 28 27 24 20 17 21 19 3 7 6 12 10 11 15 15 15 15 
35 31 23 13 12 12 11 9 10 6 10 9 13 13 10 14 15 18 12 9 16 13 12 12 7 11 17 10 10 8 6 5 8 15 18 19 20 17 10 4 13 21 19 17 15 21 21 24 23 22 18 15 19 15 4 7 11 13 7 2 6 11 16 15 
21 20 17 12 8 8 12 15 15 15 15 9 9 9 10 17 18 15 9 5 13 15 19 20 17 15 15 12 11 7 9 10 14 15 11 17 19 17 14 9 17 16 8 12 18 25 23 23 20 16 12 9 16 14 12 17 21 22 20 18 16 17 16 13 
11 12 10 11 8 8 12 10 6 9 13 8 4 9 14 21 23 18 10 5 3 11 22 26 26 25 19 17 15 10 13 10 9 9 9 21 18 12 12 9 23 15 12 14 16 20 15 17 14 11 11 11 14 9 6 8 13 16 21 23 21 20 15 12 
13 8 5 9 9 10 11 10 11 13 15 10 3 6 11 16 14 11 7 10 12 15 21 20 18 20 18 18 16 11 15 12 7 6 8 23 20 12 10 9 24 10 3 4 8 13 12 16 12 7 9 9 9 7 12 11 8 4 6 10 9 7 3 6 
19 14 13 14 4 8 9 15 23 23 23 19 18 12 10 13 7 16 10 12 15 16 18 16 8 15 15 16 17 14 17 16 11 8 9 20 20 13 8 21 27 14 6 7 8 10 12 18 13 6 7 6 6 3 8 7 7 9 2 5 3 6 10 9 
21 17 17 17 9 12 11 18 24 19 13 9 15 7 3 13 3 20 9 9 13 12 10 10 3 12 18 18 17 15 17 20 14 10 10 15 23 23 18 24 20 12 8 7 10 10 16 17 15 8 6 7 9 13 21 17 16 15 11 7 3 6 7 3 
30 24 22 23 11 14 10 18 18 9 2 6 21 12 8 12 5 26 13 8 13 11 3 8 5 5 14 19 15 9 11 19 18 13 10 9 17 21 20 21 17 16 10 11 15 17 22 18 16 9 3 13 13 15 15 8 6 6 12 6 0 9 8 5 
28 24 21 25 9 12 10 18 15 10 6 7 23 15 13 10 10 29 16 14 15 11 2 5 9 7 9 19 18 7 6 14 19 16 12 14 16 16 15 18 18 17 14 16 19 22 25 20 18 13 9 20 12 12 9 10 10 13 17 9 8 12 6 5 
15 20 20 25 5 9 11 19 15 10 9 9 23 17 14 7 12 30 19 17 17 12 9 3 7 8 9 23 18 7 3 7 15 16 15 19 21 18 16 18 21 20 18 19 21 24 28 20 18 14 16 27 16 17 14 18 15 13 13 6 8 12 11 13 
13 19 20 29 7 11 11 21 19 7 11 9 21 16 12 2 13 30 18 13 9 5 12 7 0 7 7 25 19 11 8 7 15 17 21 27 28 22 19 20 21 19 15 18 21 27 31 21 18 10 22 31 21 21 12 23 19 16 13 3 8 15 13 14 

22 23 20 17 13 9 6 6 5 3 15 19 21 23 16 18 12 12 24 12 21 20 24 23 12 13 8 16 14 16 17 18 14 8 8 6 15 5 5 10 17 25 17 47 83 144 197 217 208 183 134 72 30 13 11 10 9 8 1 5 12 18 18 19 
23 24 21 17 12 5 2 3 3 1 13 14 16 18 17 20 15 15 25 13 19 15 17 20 9 14 2 12 11 13 18 17 14 10 6 6 13 6 9 13 18 21 40 76 115 171 210 216 199 167 116 62 27 10 5 7 8 6 4 9 14 20 23 24 
22 23 21 18 17 15 12 8 5 5 13 10 12 15 15 17 9 8 21 8 15 9 12 16 7 13 5 9 7 8 15 17 16 15 12 10 12 9 12 15 20 36 74 112 150 195 215 205 177 139 87 44 20 8 6 10 14 13 12 14 16 20 25 28 
18 20 18 14 11 9 10 7 3 5 10 5 10 15 16 17 10 3 20 6 12 5 12 15 9 11 9 13 17 14 14 13 13 15 16 16 14 12 16 23 38 71 121 164 198 226 225 194 152 109 63 34 24 21 21 21 18 13 10 11 12 16 22 26 
16 18 15 13 13 13 18 12 9 8 7 8 11 11 13 11 13 5 17 13 17 13 12 10 7 10 15 15 19 18 15 15 15 17 18 17 14 14 25 43 75 123 173 209 229 230 203 157 111 69 34 15 11 7 6 9 16 20 18 14 9 6 10 15 
12 13 11 12 8 7 15 7 14 13 11 13 12 5 5 6 13 10 11 13 18 15 11 8 14 10 12 5 12 15 3 7 12 16 19 19 19 19 36 69 116 170 211 230 226 198 154 106 66 32 11 6 11 15 21 24 24 23 18 18 13 12 9 13 
8 8 11 11 4 4 13 9 18 19 16 16 13 5 6 11 14 18 14 14 13 8 11 16 18 9 8 5 13 15 4 5 10 13 17 21 27 31 58 102 155 202 227 227 200 153 102 61 31 10 8 8 6 3 7 10 12 10 9 15 7 8 6 9 
3 6 15 12 10 15 18 15 18 19 16 15 11 5 4 8 10 19 12 10 9 9 16 15 12 7 6 4 13 15 10 8 9 11 17 26 39 56 95 144 191 221 223 202 160 106 63 35 15 7 8 7 2 3 11 12 10 11 14 20 14 14 13 14 
3 8 17 8 4 10 11 18 18 20 19 18 13 7 5 8 9 19 19 10 9 9 18 20 9 5 6 4 10 12 8 3 10 12 23 43 68 103 145 187 218 223 202 164 115 68 37 20 7 6 7 11 15 22 27 23 19 18 19 21 16 16 15 15 
7 11 17 11 9 12 10 16 17 21 20 17 14 8 7 9 8 15 23 14 12 11 10 16 9 9 13 14 13 10 9 9 15 24 47 81 118 158 192 215 221 199 159 116 74 42 24 12 5 9 10 12 13 13 12 9 12 18 22 18 12 11 8 6 
6 10 15 9 10 12 6 10 9 12 13 11 11 10 8 11 14 15 21 14 13 12 8 8 10 14 14 14 12 9 11 15 26 45 79 122 167 204 223 224 204 159 109 69 37 22 17 9 9 16 17 15 14 12 15 21 26 30 29 20 14 10 6 3 
4 6 11 4 9 11 7 8 6 8 9 8 10 11 12 11 11 10 15 10 11 2 9 9 9 5 3 6 5 5 9 21 41 74 120 170 211 236 235 211 170 116 67 35 17 17 16 10 7 13 15 15 12 7 11 17 19 18 12 9 5 6 10 8 
3 3 7 9 13 12 14 9 5 4 10 8 11 12 13 9 3 3 7 7 7 7 14 10 7 4 5 13 9 11 13 31 65 108 160 208 235 238 215 173 125 76 37 15 6 17 17 13 11 13 12 14 9 7 14 11 10 10 8 11 3 3 8 4 
14 12 10 10 15 9 11 11 9 10 16 13 12 13 14 11 9 11 9 6 8 11 13 7 9 6 6 13 6 20 36 68 114 159 197 225 227 205 165 119 81 46 20 7 1 22 24 18 18 18 13 16 6 7 20 12 8 10 12 15 5 6 9 1 
7 11 10 8 18 11 15 13 13 14 16 12 8 14 15 13 8 6 7 8 8 9 9 4 13 17 17 14 18 46 77 122 169 202 220 222 195 152 107 66 41 21 7 7 8 28 30 16 17 14 14 25 14 15 21 8 4 7 14 18 9 8 10 2 
12 15 14 11 17 18 23 19 15 11 15 9 4 12 16 17 17 17 12 7 5 3 1 14 22 22 17 14 40 77 118 167 204 220 219 198 151 102 62 32 21 12 7 11 11 30 31 11 12 6 19 30 10 6 12 3 7 12 17 18 10 9 12 15 
7 12 11 10 14 21 25 21 15 11 18 6 4 9 14 15 12 12 11 8 5 1 3 17 21 13 7 31 78 126 171 215 230 221 195 151 98 57 31 17 16 9 4 12 15 30 28 4 11 6 19 31 10 6 13 4 8 12 16 17 13 9 9 10 
9 11 7 9 12 22 23 19 12 10 14 4 11 12 15 16 16 14 12 8 3 4 8 15 18 14 32 74 132 181 218 244 232 197 152 99 53 30 18 15 15 6 6 12 17 28 26 10 17 15 23 31 9 9 12 7 6 9 13 16 15 14 16 18 
24 21 16 13 14 21 15 11 7 10 10 9 12 11 13 18 25 23 22 20 18 16 15 13 7 21 60 115 173 211 233 236 200 150 102 56 25 16 12 13 17 12 11 13 14 25 23 13 15 14 24 26 12 14 9 7 9 12 14 14 15 12 13 14 
27 23 17 11 16 20 10 6 3 12 9 9 8 6 9 12 20 18 19 16 11 9 6 6 25 62 110 162 204 223 225 206 157 103 59 21 6 12 15 17 20 16 14 12 12 21 17 11 12 14 20 21 10 12 11 9 9 12 12 11 11 11 12 12 
22 14 15 11 18 20 9 9 7 10 9 10 6 3 9 10 14 11 11 11 6 1 11 33 65 115 168 213 234 231 209 169 115 66 35 19 17 15 16 17 19 17 12 7 8 18 15 9 10 14 17 19 14 15 16 15 11 6 6 11 15 17 21 21 
25 15 21 17 18 19 13 11 9 8 8 10 5 3 4 5 9 12 14 15 12 10 29 63 109 164 211 236 233 205 165 119 71 39 24 17 14 13 18 15 17 18 14 11 12 19 15 10 8 16 18 18 19 19 20 19 14 8 5 7 9 11 14 8 
22 18 27 25 21 18 10 10 10 14 12 12 7 9 10 14 4 5 7 10 18 32 59 104 158 205 227 225 195 151 112 76 44 25 14 4 3 11 16 18 18 16 10 7 11 18 14 12 13 19 21 20 20 19 19 16 15 13 11 12 14 15 16 11 
6 11 23 28 24 19 10 13 9 15 15 18 18 15 15 21 16 16 15 19 36 65 102 153 203 232 230 203 156 107 68 40 22 12 7 4 5 10 10 10 14 14 7 5 7 13 12 10 14 19 21 21 19 18 15 15 18 19 17 15 14 15 16 12 
24 17 17 24 22 19 10 15 6 12 15 15 17 5 5 12 9 11 10 28 62 104 150 198 232 238 214 168 115 68 32 14 12 12 8 3 6 9 6 4 9 12 5 4 7 8 10 12 17 20 22 21 16 14 13 14 16 20 23 21 21 19 21 26 
18 12 9 18 18 16 9 13 9 10 12 9 18 8 8 11 11 16 28 59 105 154 197 228 234 214 168 111 64 34 17 8 8 15 14 9 9 6 3 6 11 15 15 8 8 4 5 14 22 24 25 25 15 6 9 15 9 7 15 15 16 16 14 17 
9 9 4 10 12 14 11 14 15 11 10 6 21 14 4 4 11 32 59 100 154 199 226 233 213 171 117 65 34 20 14 9 11 20 19 15 16 14 13 8 13 18 18 11 13 8 8 9 16 14 14 20 21 12 6 9 12 14 18 18 16 16 16 15 
16 15 11 7 9 14 7 12 14 8 9 8 21 16 6 10 25 59 96 143 193 224 229 212 174 124 77 41 24 20 15 9 11 21 21 16 20 19 20 14 18 22 24 9 8 6 9 12 22 17 9 8 21 16 5 2 9 14 17 16 14 15 18 19 
15 12 10 5 8 10 9 8 10 8 11 13 18 13 15 30 54 101 149 192 226 232 210 173 127 81 46 23 17 24 18 11 13 23 26 16 14 17 23 18 23 23 27 11 9 7 8 7 19 20 13 3 17 17 3 7 7 9 13 15 15 12 12 12 
28 21 18 12 14 5 3 6 13 17 21 17 9 10 40 67 101 155 198 221 228 209 164 118 80 42 18 11 14 24 18 14 15 24 27 15 10 17 25 21 24 21 22 9 8 5 7 5 14 17 15 11 17 18 6 11 10 13 17 17 17 13 14 16 
12 10 11 9 18 11 11 13 7 5 7 7 13 34 73 110 151 199 227 225 206 168 112 67 44 20 8 12 16 23 13 10 11 22 26 13 8 15 24 19 19 17 17 8 7 3 6 9 15 16 17 19 20 16 7 12 9 10 14 12 12 9 10 7 
7 6 7 7 18 18 21 23 20 19 21 26 43 73 118 161 197 228 234 208 167 121 67 31 24 16 6 6 8 17 6 3 4 21 25 14 12 11 21 17 13 12 11 7 6 5 7 11 17 18 14 14 14 14 11 17 20 19 18 16 12 9 8 10 
17 17 14 11 13 6 6 12 11 17 29 49 80 117 161 199 218 223 207 164 111 71 32 13 17 19 11 8 6 13 4 5 7 20 25 20 21 15 16 13 5 6 5 3 4 4 6 6 14 16 13 15 18 15 10 9 13 13 12 8 3 9 13 15 
11 12 11 10 12 2 4 11 16 30 52 85 124 162 197 220 216 197 164 112 60 34 12 14 13 19 15 15 12 14 11 13 14 19 23 14 12 9 11 13 7 8 7 5 3 2 6 8 14 15 11 13 17 13 7 6 9 11 11 8 3 8 14 20 
24 19 15 11 9 9 14 21 32 51 83 126 173 205 221 221 195 156 116 68 30 14 6 15 6 15 5 8 9 9 11 14 16 20 24 17 17 15 17 18 10 7 7 7 6 4 10 13 20 21 13 10 13 9 6 6 6 6 9 8 4 8 15 18 
11 9 10 8 4 6 9 14 34 67 110 161 207 222 214 193 149 99 62 28 11 8 9 17 12 15 3 9 15 12 14 19 18 17 21 16 16 16 20 21 13 11 10 11 13 15 17 0 12 15 12 11 11 13 14 11 6 6 10 13 12 6 15 17 
3 3 10 6 7 9 11 21 55 103 152 199 229 220 190 152 102 58 31 13 11 11 11 16 13 10 2 12 17 10 9 13 7 9 19 12 11 16 21 21 14 12 6 1 1 11 19 9 12 10 9 13 19 24 24 23 23 21 11 3 7 11 18 19 
16 16 17 11 8 13 22 51 104 160 203 234 238 202 155 111 65 33 18 12 12 9 9 12 13 13 14 20 20 14 9 8 2 5 16 11 5 11 16 16 12 11 7 3 7 12 14 3 7 9 14 20 24 23 17 16 20 27 17 12 12 11 17 15 
13 15 18 9 9 32 58 99 157 205 230 235 214 161 110 72 37 16 10 7 8 5 6 10 17 20 20 23 22 19 14 13 12 16 19 12 4 11 14 13 10 10 6 7 10 9 10 4 4 3 7 12 15 14 16 15 19 26 15 10 10 9 12 14 
17 16 16 10 24 59 98 143 195 228 228 208 167 107 62 35 12 8 7 7 9 11 14 17 17 12 11 11 8 14 3 3 11 17 20 14 11 15 12 11 9 12 5 12 10 3 11 10 9 8 9 7 6 9 18 18 21 23 16 8 9 9 10 16 
13 11 12 21 51 97 146 187 223 234 214 173 124 71 36 20 11 10 8 6 5 4 4 3 7 9 6 8 3 15 8 7 13 16 21 15 9 9 4 6 6 11 9 15 11 5 3 9 6 9 13 9 2 11 20 21 21 18 15 10 12 12 12 13 
10 13 30 55 98 153 200 225 231 215 174 120 74 35 10 3 7 7 3 4 10 10 9 9 12 12 9 9 2 15 16 14 16 15 19 15 8 6 2 7 8 11 7 11 8 11 8 10 7 10 13 6 8 15 23 20 18 9 6 5 8 9 13 18 
30 43 68 103 152 200 232 231 205 168 119 67 35 17 7 8 9 6 3 5 9 6 5 4 9 12 9 9 8 11 13 14 17 16 18 15 8 8 12 15 9 9 10 8 8 12 10 11 14 16 11 4 12 17 19 10 14 5 5 4 7 9 14 19 
44 66 99 144 189 220 227 202 156 115 74 36 15 10 6 7 7 4 1 7 8 8 8 7 9 12 14 13 13 16 16 16 17 15 17 16 6 6 7 17 16 3 7 8 14 13 9 10 16 19 10 6 15 16 14 6 10 8 10 9 9 9 14 16 
79 105 141 184 214 222 205 162 109 71 40 19 8 3 5 10 10 5 2 10 8 7 7 9 8 10 9 5 6 8 11 13 13 12 14 18 7 4 2 17 16 3 7 5 12 10 11 10 14 19 9 11 15 16 14 7 10 14 13 6 3 8 15 13 
136 159 189 217 222 204 163 112 66 37 16 10 9 9 9 14 12 7 6 13 9 12 11 13 15 15 7 6 13 18 18 18 13 9 11 18 6 5 3 17 12 7 10 6 9 5 8 8 10 19 13 14 12 15 13 8 14 16 11 9 5 6 17 12 
183 199 213 223 203 163 109 61 30 14 4 6 9 12 13 15 13 9 7 11 8 14 12 13 16 20 17 10 21 25 27 21 15 14 12 16 7 7 7 15 8 7 12 10 11 9 11 10 10 18 17 14 9 12 13 13 15 16 9 6 5 8 17 18 
208 210 209 202 162 112 59 21 14 17 15 10 7 17 18 13 11 10 10 8 11 16 8 9 9 23 25 10 17 13 10 9 11 17 11 10 11 13 14 16 11 10 10 9 11 7 9 7 6 9 11 11 9 9 12 12 11 12 4 6 8 9 10 10 
217 207 191 167 116 68 25 9 14 15 15 15 13 20 19 9 7 4 12 10 14 19 15 11 6 24 24 7 12 9 12 11 11 15 7 8 9 10 12 16 13 15 14 10 13 6 6 8 11 12 11 12 12 9 10 10 8 8 11 14 15 16 13 9 
183 170 148 121 74 36 6 9 9 7 6 14 13 21 18 12 8 3 15 10 13 19 15 11 6 18 23 8 8 4 9 9 12 15 9 5 6 8 14 18 13 14 13 12 17 13 13 21 24 24 22 18 13 11 9 8 4 4 8 13 14 15 13 12 
127 117 99 75 41 17 7 5 4 5 3 15 14 18 15 9 6 2 16 13 13 21 24 22 18 14 15 9 9 13 16 15 14 13 7 4 10 15 24 24 15 10 9 18 23 21 20 23 20 18 17 16 15 14 12 12 12 15 14 16 13 11 10 11 
81 74 61 41 21 13 14 8 6 9 8 15 16 10 14 19 19 16 14 11 15 20 23 23 21 18 8 4 7 15 22 23 21 15 6 8 16 21 26 24 15 9 14 25 24 21 20 21 16 9 4 9 13 12 8 7 2 7 10 15 10 5 5 5 
44 39 30 19 12 12 15 8 8 11 11 14 16 9 12 15 14 9 6 17 23 22 21 17 12 6 7 4 7 11 15 17 14 10 5 9 16 20 22 19 10 13 18 25 21 20 24 23 17 8 2 7 17 21 13 16 11 6 5 15 17 15 12 8 
20 18 13 11 9 11 13 5 6 7 8 11 16 14 11 6 12 14 15 16 15 14 12 12 11 8 11 6 5 6 13 15 13 7 8 11 13 17 18 12 2 12 19 25 18 21 22 21 16 8 0 6 18 21 6 8 6 9 7 11 15 17 16 12 
11 11 10 14 15 14 15 11 11 9 9 9 13 15 14 8 9 14 14 12 11 7 10 14 11 6 10 3 7 8 8 10 15 16 13 5 8 18 18 5 9 19 21 18 7 15 18 20 19 17 14 13 17 18 7 7 7 8 10 10 12 17 17 12 
12 13 14 17 15 14 17 16 15 12 12 8 9 12 13 10 10 10 9 9 15 16 21 22 16 10 8 3 5 3 9 16 20 14 12 16 21 24 19 10 18 14 12 14 19 27 27 25 24 21 18 15 18 20 14 16 18 21 23 18 17 19 15 10 
15 16 15 16 13 10 12 9 6 7 11 9 5 10 15 15 19 14 7 3 6 12 21 24 21 19 14 12 9 6 11 13 12 5 14 24 19 15 12 11 24 8 12 15 16 19 12 11 11 12 12 12 14 13 9 6 8 15 23 24 22 21 15 10 
4 4 3 11 9 5 8 14 18 19 18 10 6 8 12 12 12 8 5 9 12 14 18 19 15 15 10 11 9 4 12 14 8 4 13 25 19 12 10 18 27 9 4 3 6 9 7 11 4 2 3 2 7 11 14 10 5 9 9 11 10 6 4 8 
7 6 7 13 4 5 10 20 27 26 22 17 17 11 9 9 3 15 8 11 13 15 16 16 11 13 9 9 9 5 12 16 9 4 12 21 18 14 15 30 30 18 11 6 7 7 9 12 7 3 3 2 5 9 12 9 7 10 3 6 6 10 13 12 
8 7 10 15 6 12 12 20 28 23 13 8 17 6 6 10 3 18 6 7 11 11 10 12 11 13 14 13 7 3 9 17 8 5 12 19 27 26 25 29 18 14 10 9 12 13 16 13 11 6 3 5 8 15 21 17 14 11 7 6 2 6 6 4 
31 25 21 23 9 15 12 18 21 11 9 10 22 13 13 10 2 24 12 11 15 15 12 13 13 13 16 20 12 8 11 21 17 8 5 10 20 22 21 19 11 16 15 16 19 22 21 12 12 6 3 10 12 14 15 11 8 7 10 4 2 9 7 6 
30 26 24 27 11 14 13 18 18 10 11 9 22 8 12 9 11 29 18 20 20 18 12 11 14 17 20 27 18 12 12 18 19 9 6 10 12 13 10 10 13 13 17 19 20 23 22 14 14 11 8 16 15 13 12 15 11 12 14 9 6 10 6 5 
14 19 22 29 6 11 12 19 19 11 14 10 22 9 13 11 17 32 24 24 24 21 15 12 14 18 22 30 20 12 11 14 17 8 6 13 12 12 6 7 19 14 20 21 22 25 22 12 10 11 14 21 18 19 16 21 12 7 8 7 9 13 12 14 
13 18 22 34 7 12 11 23 24 9 16 10 22 9 15 11 19 33 24 22 22 20 17 17 16 19 23 32 20 13 12 15 19 10 7 14 13 12 7 12 20 12 19 21 21 25 21 10 5 9 22 26 22 23 16 27 14 8 6 7 7 10 9 12 

20 17 11 9 10 12 10 12 14 18 21 24 24 29 20 14 12 12 23 15 23 18 18 10 7 19 9 18 18 18 14 15 16 14 14 7 16 7 5 12 20 27 48 92 139 197 230 217 176 130 82 34 14 13 14 12 11 9 6 7 15 19 15 12 
17 16 14 10 10 9 7 9 11 15 21 22 21 23 17 16 16 15 24 19 24 18 15 9 6 18 5 15 13 15 15 13 15 14 12 11 15 6 5 12 22 36 76 124 168 213 229 205 161 113 67 27 8 5 6 7 7 6 6 11 16 21 22 22 
15 13 12 12 15 17 15 14 10 12 17 17 15 17 11 11 11 11 21 17 20 15 12 10 5 16 7 11 9 12 15 10 12 12 13 12 12 7 9 20 36 65 116 161 194 221 217 180 133 88 48 19 7 2 2 5 9 10 9 11 14 17 22 27 
15 13 8 5 4 6 9 12 9 9 13 10 9 11 11 13 11 8 15 9 14 10 13 14 11 12 7 10 15 18 17 12 8 9 11 12 12 12 20 39 67 113 169 207 227 233 208 157 108 68 35 17 15 18 19 17 14 8 1 6 7 12 17 23 
15 14 10 13 14 16 20 18 11 6 8 7 8 8 12 12 11 9 11 14 16 11 8 5 9 10 13 12 16 19 16 17 15 12 10 9 11 18 37 68 111 164 209 228 226 208 165 113 73 41 17 7 9 10 9 12 14 18 19 18 13 9 11 15 
10 9 8 14 11 10 15 12 11 9 8 9 8 2 7 8 12 15 9 12 14 10 6 5 11 7 9 5 13 17 9 13 16 13 12 12 19 31 62 104 155 201 224 220 194 155 107 65 36 15 5 7 14 20 24 26 26 27 24 24 19 16 14 13 
8 5 9 15 6 8 16 8 8 7 5 10 9 7 8 9 11 18 15 12 12 7 13 17 17 11 7 3 12 15 6 10 18 14 12 20 34 54 97 146 189 218 219 192 151 105 63 34 15 6 5 5 8 10 11 14 15 15 11 17 13 12 14 12 
7 7 17 17 10 15 19 11 10 8 8 12 6 6 6 5 8 18 17 13 11 9 15 15 13 12 8 5 13 13 7 9 18 16 19 36 60 94 145 187 214 220 196 151 105 64 35 20 11 6 7 3 6 9 15 16 15 15 13 19 18 19 21 24 
7 9 20 14 7 11 10 11 10 10 12 17 10 9 9 4 6 15 20 14 11 9 16 24 18 16 12 7 13 11 7 8 18 21 38 69 107 151 193 217 219 199 156 106 65 32 14 5 1 2 6 11 17 25 31 29 25 21 18 21 18 18 18 19 
7 9 18 16 15 15 11 9 6 9 6 12 11 11 13 4 1 8 19 15 12 12 8 18 18 19 18 15 14 9 7 12 27 42 76 120 164 201 222 219 196 158 109 65 37 18 11 3 2 6 5 6 9 11 13 9 11 12 20 22 18 18 16 15 
4 5 13 11 15 16 10 12 11 13 12 6 6 12 15 17 16 10 15 13 11 11 5 10 17 21 21 19 15 9 10 24 47 77 121 167 204 225 224 200 161 115 68 35 16 9 11 4 10 15 13 7 6 6 15 22 26 29 31 24 18 15 11 8 
9 7 10 7 12 13 10 9 6 8 9 6 2 7 13 15 17 12 13 12 9 9 12 12 12 9 9 8 3 5 14 40 74 117 167 207 228 230 208 166 121 75 35 17 14 15 15 9 14 15 12 11 10 6 8 13 17 15 13 11 8 7 6 4 
10 10 5 4 12 9 11 8 6 6 8 8 1 3 4 7 9 8 5 6 5 9 12 4 8 6 8 11 6 15 31 66 112 160 203 226 224 205 164 116 77 44 16 5 10 16 18 15 12 12 7 9 6 8 13 11 12 13 12 11 5 3 7 9 
18 18 12 8 15 3 6 9 11 14 15 17 13 10 4 6 12 15 13 9 8 8 10 2 11 7 6 7 13 39 69 114 166 204 222 220 192 151 105 64 43 27 16 11 8 20 24 18 15 14 9 13 8 12 19 12 12 15 17 16 12 12 14 13 
15 18 13 8 17 5 9 6 10 15 11 13 10 13 9 5 6 7 9 9 9 7 5 6 16 16 13 9 34 74 116 168 211 226 220 194 143 97 58 28 21 12 10 11 7 26 28 16 17 13 15 23 10 13 19 6 6 5 8 15 12 15 17 14 
16 18 13 7 17 5 14 8 11 14 8 7 4 12 13 16 18 14 7 3 3 4 5 17 24 20 14 26 68 118 162 208 229 221 196 151 94 55 29 13 19 15 9 14 11 27 28 13 15 10 19 26 8 7 14 3 3 4 11 17 17 18 19 19 
15 16 12 8 15 8 15 11 13 14 12 4 4 10 13 12 11 9 4 3 6 7 9 18 18 8 28 66 123 175 211 238 231 198 153 101 52 27 16 9 14 12 4 15 12 24 29 14 17 12 18 27 7 6 15 7 3 6 10 16 15 13 12 10 
14 16 8 7 12 10 14 11 12 11 11 4 8 7 10 11 12 10 6 4 6 10 11 13 12 28 66 120 180 220 237 241 206 154 106 59 27 17 13 7 9 9 7 14 12 23 29 17 18 13 18 23 6 9 16 14 9 6 8 12 14 13 13 12 
20 20 13 13 11 13 13 10 13 12 13 10 12 7 8 14 20 19 18 16 17 17 13 3 20 59 112 170 216 234 232 214 160 107 66 30 18 10 6 5 10 12 12 13 10 18 22 11 12 9 16 20 12 14 11 9 9 10 13 13 12 9 12 13 
26 23 16 13 12 20 13 10 11 10 12 10 12 5 3 8 14 16 17 15 13 10 5 29 65 115 169 212 233 228 206 169 114 66 33 8 18 15 15 13 12 12 10 11 9 14 15 4 9 11 16 19 15 15 10 7 11 14 15 15 12 11 17 21 
22 14 7 9 16 24 15 11 10 4 10 10 9 3 2 6 7 5 8 7 9 7 31 69 115 169 214 237 233 207 167 123 74 40 24 16 18 11 12 14 12 9 4 4 4 12 12 2 9 12 12 15 14 16 13 13 12 8 7 12 13 16 24 25 
26 15 11 11 18 23 19 14 13 5 5 6 7 5 4 8 14 15 14 10 11 28 64 112 164 210 236 234 206 161 116 77 44 29 23 18 15 7 13 16 17 15 9 7 10 14 14 8 7 12 11 11 11 16 15 14 11 7 4 8 4 9 17 10 
30 22 18 19 22 23 18 13 13 11 6 7 8 6 6 9 5 7 10 11 30 65 110 163 211 236 230 200 153 106 71 46 27 18 13 11 12 9 15 19 21 20 15 10 10 16 15 12 11 12 8 9 8 13 14 15 14 9 6 10 7 11 17 7 
12 9 12 18 20 19 15 11 10 13 12 15 20 17 17 20 16 17 21 30 63 111 160 206 237 237 205 158 109 68 40 26 17 10 5 4 7 5 9 12 19 22 17 10 4 12 14 9 9 12 7 7 9 11 13 16 19 16 13 13 8 11 18 13 
24 17 9 11 12 16 13 11 6 15 19 19 23 15 10 14 9 16 30 53 101 156 199 229 237 214 167 117 76 43 23 18 18 10 8 7 13 12 10 10 16 20 17 10 4 6 12 11 13 12 13 9 6 9 13 18 21 22 22 21 18 16 19 25 
16 13 6 5 9 15 13 10 2 9 15 13 19 11 7 10 5 33 61 99 154 201 227 233 216 174 121 73 44 31 26 16 12 12 17 13 15 13 6 3 10 14 13 8 4 4 5 12 20 21 23 22 15 10 11 18 10 6 12 10 10 12 7 10 
11 11 10 8 10 18 17 14 11 10 14 14 19 13 0 11 32 66 103 148 196 224 230 216 181 131 84 47 31 29 27 20 16 18 21 18 20 18 14 6 4 8 8 4 11 9 6 7 15 13 17 19 18 15 8 11 13 15 19 16 10 12 12 14 
25 21 17 13 7 13 10 9 10 9 15 15 16 11 15 35 62 102 144 185 217 223 207 175 133 89 57 36 29 30 26 18 14 18 22 21 24 23 21 12 7 7 9 4 10 8 9 13 24 18 12 13 14 15 6 8 11 13 16 10 10 15 19 22 
18 15 12 9 2 10 13 9 6 7 13 12 10 14 37 65 101 150 192 220 229 209 170 128 90 55 36 27 26 31 24 17 15 22 26 18 15 20 21 14 14 11 15 9 12 8 8 8 20 19 12 11 12 17 9 9 9 8 10 9 12 14 19 22 
31 22 17 12 5 6 8 8 11 13 17 14 10 31 71 112 154 200 226 229 211 170 120 80 55 30 22 23 21 29 20 16 14 21 27 14 8 16 21 17 17 10 9 4 12 7 7 8 17 19 15 9 7 17 11 13 13 12 12 12 14 15 20 24 
13 12 13 13 13 10 12 14 14 12 10 19 36 69 119 162 197 225 230 208 171 126 78 45 32 18 16 22 21 28 18 14 12 21 27 12 5 11 18 17 16 8 6 3 10 6 4 6 16 19 16 17 13 14 11 17 12 5 6 8 13 17 22 23 
13 12 12 14 18 18 19 21 22 24 28 47 76 118 168 203 220 226 211 171 125 86 46 25 22 15 11 12 11 20 9 7 9 22 29 21 19 14 17 17 14 7 7 6 7 6 3 3 12 15 9 10 10 11 13 21 21 18 17 16 15 15 15 17 
23 20 15 13 12 6 3 5 10 21 42 77 119 164 199 217 211 195 164 117 74 48 26 25 22 20 13 13 11 15 9 7 10 21 31 28 28 21 19 18 11 7 6 4 4 6 6 7 14 16 12 11 12 9 9 12 14 10 6 5 6 11 2 4 
2 7 6 5 11 6 5 6 19 43 76 120 165 198 213 210 184 150 112 67 35 27 21 25 15 17 15 18 18 18 15 12 13 16 24 15 16 14 12 12 7 11 9 5 4 3 5 7 14 15 8 7 10 4 9 12 12 10 6 5 6 11 9 11 
21 16 11 6 8 8 14 22 40 75 116 163 204 220 212 187 146 104 68 33 16 18 19 23 12 11 6 11 15 11 8 10 16 21 24 19 19 17 15 13 8 10 8 6 8 3 9 12 19 21 14 10 10 6 10 10 9 8 8 6 7 10 11 15 
4 6 9 8 7 6 16 26 55 103 148 190 219 213 180 141 95 55 30 9 3 11 15 21 16 13 10 8 17 11 13 19 21 18 20 21 22 21 21 17 11 12 9 9 11 12 13 5 13 16 12 10 12 14 15 12 9 10 13 14 10 4 11 14 
12 12 15 10 8 7 24 43 88 146 187 214 220 186 137 95 55 27 18 9 5 8 9 14 12 6 12 7 17 3 1 10 4 5 15 18 20 20 22 19 15 16 12 8 9 13 15 7 12 13 10 11 16 20 19 18 15 15 12 8 4 7 15 15 
23 21 23 13 6 25 51 88 146 199 222 226 205 151 98 63 34 21 20 13 9 10 11 15 15 12 16 15 17 7 8 9 6 8 15 18 16 16 16 14 14 17 14 10 13 13 9 2 7 12 16 20 22 19 11 6 8 17 12 11 11 12 14 11 
12 13 20 10 24 63 102 147 198 229 225 204 165 107 65 44 28 22 18 12 9 9 10 14 17 17 21 24 24 19 18 18 16 15 16 15 12 14 11 7 10 16 15 13 14 9 4 2 4 8 13 16 16 16 16 9 9 15 6 8 7 4 10 11 
16 13 24 33 60 107 154 188 221 229 201 161 114 60 31 19 15 17 15 14 11 10 9 10 8 7 9 11 11 8 7 7 7 10 11 12 8 13 7 4 9 19 20 20 18 9 6 9 11 12 15 15 13 17 18 9 8 9 4 2 3 7 12 18 
11 11 35 59 97 150 193 209 222 211 167 117 74 32 17 11 12 13 12 11 6 4 5 7 10 14 13 13 9 8 8 8 9 10 13 12 4 11 4 5 12 20 22 24 21 16 7 5 5 10 19 16 12 16 17 12 6 6 10 10 9 12 11 8 
23 34 66 103 148 198 229 225 208 175 121 68 34 7 11 11 12 10 8 7 8 8 9 11 11 12 15 15 12 9 13 12 13 9 10 13 5 10 3 8 13 16 17 19 17 17 11 5 6 14 21 14 15 19 18 11 8 8 7 8 5 9 10 10 
60 78 115 158 198 231 240 208 165 123 72 29 15 13 13 12 10 6 5 4 6 3 5 7 8 11 13 15 15 6 9 7 9 9 8 12 6 10 12 15 15 12 14 14 13 16 12 7 10 13 17 14 21 22 15 3 13 8 4 8 7 13 12 15 
92 115 154 194 218 227 209 157 106 73 37 16 9 10 14 15 11 4 2 4 5 3 8 10 9 11 15 14 15 14 13 11 10 9 9 15 4 9 12 19 21 9 9 11 15 15 12 6 12 17 18 17 23 20 13 5 12 6 8 7 1 6 14 19 
134 154 184 212 214 198 162 107 62 38 15 14 10 9 17 18 13 6 1 5 6 3 5 8 9 10 9 8 4 2 3 5 5 4 8 17 2 3 6 17 18 5 8 8 11 11 12 9 11 18 17 17 20 18 13 3 9 3 6 8 11 7 14 15 
184 194 208 216 194 157 111 64 32 17 2 11 11 14 18 19 16 10 7 9 10 11 12 13 17 18 6 5 4 10 12 13 11 8 8 18 7 7 6 16 13 2 6 5 10 9 10 9 4 14 13 17 15 15 12 5 9 6 5 12 13 8 15 13 
202 203 203 193 153 107 62 27 16 12 6 9 14 19 18 16 14 8 3 9 10 11 12 14 18 21 9 8 16 23 24 18 14 14 12 17 9 6 4 13 11 4 9 8 12 11 11 10 9 17 16 15 11 11 12 10 8 9 5 10 13 8 15 16 
192 185 173 150 102 62 26 12 21 21 17 13 10 21 17 11 11 12 12 12 14 13 10 10 10 23 16 10 16 15 6 1 5 17 14 12 9 12 15 17 13 7 9 10 15 13 12 8 7 10 12 11 7 3 5 4 3 11 5 5 5 3 7 8 
175 160 138 107 60 31 15 17 15 14 9 12 10 21 15 7 8 13 18 13 13 14 12 9 7 22 17 9 14 12 4 6 10 17 12 9 9 12 13 15 15 14 13 12 18 16 15 14 14 12 11 11 9 5 3 4 5 6 4 6 7 8 7 5 
122 108 89 65 33 20 16 16 11 6 1 9 8 20 13 6 3 12 19 11 10 14 4 6 7 18 18 4 9 10 6 9 9 15 12 5 2 5 9 12 12 10 12 14 23 20 20 26 24 22 19 15 12 9 6 7 5 3 8 12 15 15 14 11 
71 64 53 38 19 15 15 13 7 1 5 10 9 18 10 6 4 11 19 10 8 15 18 17 15 14 15 7 10 14 10 8 7 10 12 7 5 5 11 16 15 4 3 18 28 25 23 25 20 21 18 15 16 15 11 12 13 12 11 14 16 16 16 16 
39 36 30 17 5 6 13 12 10 11 12 16 16 13 11 17 15 12 14 10 12 15 19 18 16 13 6 3 7 13 15 14 15 13 9 8 3 5 14 16 13 6 11 25 29 19 18 23 18 17 14 9 12 13 6 9 3 3 4 12 13 12 12 12 
16 15 10 3 3 6 13 12 10 12 10 13 17 14 17 18 14 4 9 21 24 22 19 14 8 3 3 2 3 3 5 4 7 4 3 11 5 10 15 15 9 7 14 26 24 12 14 18 18 17 16 12 15 19 11 16 12 9 5 10 9 9 6 4 
6 12 9 4 5 3 11 9 9 11 8 12 18 19 20 16 17 12 11 16 15 17 15 11 8 4 8 6 4 3 8 5 9 4 8 15 8 14 17 13 5 11 19 28 22 11 12 15 16 14 14 11 16 24 11 9 3 9 13 15 17 16 12 7 
7 11 9 6 9 8 14 13 13 13 12 14 19 24 24 18 18 12 9 13 10 10 11 11 10 4 6 3 6 7 7 4 14 14 16 17 15 21 21 9 9 17 21 23 17 15 19 22 21 13 10 5 11 21 11 6 2 11 17 17 19 20 12 7 
6 9 12 16 18 17 20 17 12 7 11 15 18 23 24 19 21 14 6 8 12 16 20 20 14 7 4 6 8 8 8 15 22 18 20 19 22 25 21 12 18 12 16 21 25 29 28 26 26 20 18 18 19 24 18 15 17 22 24 20 18 17 7 3 
15 16 18 21 20 19 19 17 14 12 12 13 16 21 24 21 24 17 7 2 6 12 16 16 13 11 9 12 13 14 18 21 21 18 20 22 13 12 11 14 24 9 14 17 19 18 12 11 14 12 12 15 18 22 20 11 7 15 20 23 20 17 10 9 
7 8 12 18 17 16 16 19 21 20 16 12 16 18 21 16 14 14 9 8 9 11 12 13 15 16 14 16 17 15 18 21 18 16 17 24 16 13 15 23 27 14 11 10 11 9 7 11 6 3 5 12 18 24 26 19 12 15 4 8 5 1 9 13 
2 3 7 16 12 12 13 15 20 20 18 19 23 19 19 12 9 16 10 10 11 13 13 17 22 22 21 22 18 15 18 21 15 12 12 21 19 18 20 30 26 18 15 11 10 9 9 11 7 2 5 11 18 22 23 18 12 16 5 10 9 13 17 15 
7 4 7 15 5 14 15 16 21 18 15 17 21 12 13 10 6 16 12 15 16 15 16 22 28 29 30 28 21 15 15 22 12 6 8 19 28 27 26 25 12 9 8 12 16 18 17 14 13 8 4 6 16 24 27 20 15 11 4 6 3 8 9 7 
28 24 21 24 10 19 19 19 20 3 13 15 21 11 15 12 7 20 15 15 18 20 20 25 31 34 37 34 26 19 18 26 19 9 2 10 20 21 20 15 5 4 10 16 19 21 17 14 16 12 6 3 13 19 21 15 9 4 6 3 4 10 8 7 
31 29 30 32 17 21 21 21 21 4 14 14 22 4 10 9 9 24 20 22 22 23 22 25 29 35 39 39 29 20 16 23 21 8 8 10 10 13 12 8 13 9 16 15 14 13 8 12 17 17 9 7 15 18 20 17 10 8 11 9 8 11 8 7 
26 27 30 34 14 18 18 23 24 8 15 14 23 7 8 10 15 27 27 29 28 27 25 26 28 33 40 40 30 21 14 18 21 10 10 14 9 13 9 9 20 16 23 19 17 13 4 11 12 18 12 11 18 23 23 21 7 2 6 6 10 14 13 12 
21 22 28 38 14 18 17 27 30 8 15 12 23 8 9 10 18 31 30 30 29 28 28 28 28 34 40 42 30 21 14 18 22 12 15 15 8 12 9 13 21 18 28 23 18 13 3 12 14 21 21 16 21 25 23 26 6 1 4 7 11 15 15 14 

9 9 9 8 10 15 8 8 5 12 9 13 19 31 31 20 12 7 18 1 17 7 8 4 8 22 6 19 20 20 15 10 12 11 18 8 11 11 16 20 7 30 87 142 186 230 234 191 140 94 54 23 15 16 14 12 10 10 10 14 19 25 26 27 
5 6 9 6 9 11 5 4 2 12 10 14 17 23 24 17 15 15 19 10 17 10 9 3 8 22 6 16 13 15 14 5 10 12 16 10 14 14 16 19 19 55 116 169 204 231 219 173 124 81 46 21 12 9 8 9 8 8 8 13 15 23 28 31 
4 4 8 8 13 16 15 10 4 9 9 12 14 17 15 9 12 14 20 18 21 17 14 10 11 21 12 13 9 13 15 2 7 12 15 12 15 14 16 32 52 97 157 198 216 220 192 143 99 64 38 21 13 7 3 7 10 10 9 12 11 17 24 31 
4 3 4 4 3 6 5 7 6 8 9 9 9 9 9 11 13 13 12 16 19 19 20 18 15 17 9 10 13 17 17 8 7 9 12 11 13 13 27 58 96 150 204 230 230 214 171 118 78 50 30 18 11 10 13 15 14 9 5 11 10 14 21 26 
7 8 9 15 17 17 18 17 11 9 7 7 7 5 7 11 7 7 3 17 19 19 18 14 15 14 12 11 13 17 16 15 13 10 6 2 13 24 54 97 145 191 222 223 202 168 120 77 50 32 20 13 6 7 11 16 17 17 18 23 18 15 19 19 
4 8 11 17 12 12 15 15 13 14 13 11 7 3 6 8 2 9 6 13 15 12 15 15 13 10 11 8 14 16 11 16 16 11 8 10 30 51 93 142 186 213 217 192 150 107 65 35 21 16 14 13 13 17 22 24 24 24 24 27 24 21 21 17 
4 4 9 16 6 6 16 11 9 9 12 12 6 8 12 11 6 10 9 10 12 9 17 22 20 15 10 6 15 16 6 13 19 12 13 30 57 88 139 181 208 212 193 149 103 65 34 17 9 9 8 7 8 7 12 14 14 14 12 20 18 16 21 17 
1 3 15 16 8 13 18 9 10 7 12 14 3 3 11 7 5 9 12 9 9 3 10 17 14 10 7 4 16 15 7 12 20 16 29 58 95 138 185 209 212 195 154 104 66 38 21 14 11 9 6 4 7 9 15 15 11 11 10 18 19 19 25 30 
2 4 16 15 9 12 13 10 11 11 14 19 9 7 14 6 3 6 14 12 10 5 12 24 19 8 5 2 17 14 6 10 23 31 63 106 150 190 218 216 192 155 106 61 33 13 6 3 6 7 9 12 15 18 24 22 19 17 14 17 16 14 17 21 
4 4 13 13 14 14 13 11 10 12 8 15 11 12 19 9 5 2 12 13 11 10 3 19 22 14 12 10 18 12 7 19 41 67 115 165 200 221 222 193 150 110 68 34 20 11 11 5 5 9 9 8 9 9 13 9 8 10 15 17 15 14 13 13 
8 5 10 6 12 15 11 13 14 15 12 5 4 13 20 20 19 13 8 10 6 9 5 13 21 21 19 18 18 10 13 38 73 115 170 209 222 220 199 152 108 74 40 19 14 6 12 7 12 15 12 8 7 3 13 21 24 26 25 20 16 13 12 12 
14 13 10 5 9 11 12 11 6 5 7 6 5 8 13 16 19 17 9 10 7 15 16 16 16 12 9 5 7 9 28 67 113 163 212 232 222 200 161 110 72 43 15 13 18 17 18 14 19 18 12 11 9 7 6 11 14 13 9 4 6 5 4 4 
11 14 11 5 8 4 10 11 9 4 4 8 3 4 2 3 10 13 7 7 6 15 12 6 10 6 7 4 11 30 60 109 162 205 233 229 197 156 107 62 37 21 7 5 14 16 20 18 16 14 4 4 5 13 13 11 11 12 12 13 15 13 11 9 
16 15 12 9 11 3 7 11 13 12 14 19 17 14 10 2 8 16 15 11 10 13 8 5 11 8 4 9 34 68 110 163 210 232 231 202 150 101 58 25 21 20 18 12 6 15 20 18 14 13 7 12 11 16 16 12 13 17 17 15 17 18 18 14 
16 17 14 12 14 3 10 6 11 13 10 12 12 15 16 10 4 6 11 11 11 8 4 7 14 14 11 27 67 115 164 211 237 232 204 156 97 56 26 5 15 13 13 13 5 21 24 15 16 13 13 18 8 12 14 9 12 14 8 6 12 17 20 17 
17 17 14 12 14 2 11 7 9 11 6 5 5 13 18 21 22 16 10 8 7 6 8 15 20 19 34 66 118 171 210 237 233 202 156 102 52 27 15 6 16 14 11 17 10 21 23 8 13 10 17 21 7 9 10 7 9 10 4 6 11 15 18 18 
18 17 13 12 15 6 12 11 9 10 9 5 7 10 15 16 17 13 7 8 9 9 8 12 15 37 74 121 179 222 239 239 205 154 104 58 25 13 14 8 12 14 7 19 11 17 23 5 13 10 15 21 6 7 12 6 6 7 4 3 7 9 12 10 
23 21 12 9 13 6 11 10 9 9 9 8 11 3 5 9 13 13 8 8 8 10 7 5 28 67 118 175 224 245 239 214 158 103 65 32 21 13 14 5 8 12 8 16 10 15 23 9 12 8 11 17 6 11 16 14 9 9 7 9 12 12 12 12 
17 19 11 12 12 9 10 10 13 12 14 12 16 10 5 9 15 18 16 16 17 15 7 23 61 111 170 218 242 237 211 170 109 64 36 16 19 3 7 11 14 17 16 16 9 13 18 5 8 6 10 14 4 6 7 7 7 9 11 13 10 7 9 11 
21 21 12 12 10 17 11 11 14 13 17 15 19 14 10 9 10 15 19 18 16 6 28 70 119 172 218 239 235 205 164 117 64 29 8 10 22 14 14 14 14 14 11 9 5 11 14 6 9 8 9 13 6 7 4 3 10 14 16 19 15 13 17 21 
20 16 3 6 6 20 12 10 14 12 19 19 18 11 10 12 9 3 6 7 7 27 69 122 172 214 238 234 205 157 110 72 31 12 10 12 21 8 7 10 9 8 4 1 6 14 16 11 11 8 8 11 6 9 7 10 12 10 8 12 11 14 23 27 
24 17 7 5 5 16 13 10 17 7 9 10 12 9 12 16 18 15 10 6 26 66 116 169 211 234 232 205 158 104 64 39 15 13 13 12 17 9 12 16 13 11 9 7 11 17 18 15 13 9 7 8 5 9 3 5 7 12 10 12 6 9 20 20 
35 27 18 12 6 11 6 4 18 10 5 6 11 6 6 13 14 10 13 27 66 117 169 214 239 234 201 154 102 57 31 20 4 8 13 16 20 15 15 16 13 11 12 12 10 18 19 18 17 11 5 7 5 10 4 7 9 12 9 12 6 11 22 20 
28 23 17 10 7 13 10 7 18 17 13 14 17 11 10 13 10 22 37 62 112 167 208 231 232 202 152 101 60 28 9 11 8 11 9 6 12 7 12 13 12 15 15 12 8 15 19 15 15 12 4 8 8 10 6 8 14 14 12 13 5 8 18 17 
31 27 23 18 14 15 12 12 19 25 26 27 28 19 12 11 10 35 62 101 160 207 228 227 204 159 106 64 39 19 9 7 10 8 8 10 18 17 15 15 12 15 13 9 8 11 17 15 13 9 14 9 8 9 9 17 21 22 22 23 18 15 17 23 
19 19 20 18 14 15 14 12 16 24 28 27 27 16 8 4 25 68 109 156 208 233 230 207 168 118 73 41 26 20 23 13 11 12 19 15 16 17 15 14 13 14 13 9 6 9 9 9 15 16 22 22 17 14 12 20 12 8 13 12 12 11 3 3 
12 12 17 19 15 17 18 13 13 19 22 22 22 12 10 31 69 116 159 198 229 229 206 171 129 84 52 31 20 20 26 20 18 19 24 20 18 18 19 16 14 15 11 4 10 12 10 9 12 10 18 18 16 15 7 12 16 18 22 19 12 11 3 4 
25 19 16 16 9 11 11 7 8 14 16 16 12 15 38 73 114 158 194 217 223 200 163 124 87 52 32 20 15 22 25 19 18 21 27 24 22 23 22 18 13 10 9 5 10 12 11 10 19 14 14 16 14 14 6 5 13 17 19 10 5 12 10 12 
12 9 5 11 8 11 16 14 9 10 8 11 13 34 71 112 155 196 222 226 209 166 121 84 57 31 20 17 13 27 25 23 24 25 28 17 12 19 20 13 11 7 12 12 13 10 6 5 16 16 13 17 17 16 11 6 10 13 12 8 3 12 10 12 
31 20 12 9 3 5 6 6 9 12 10 21 36 68 116 163 201 227 230 209 170 119 76 49 35 16 12 16 12 27 21 21 21 23 27 14 6 15 16 14 16 7 8 9 12 7 6 6 14 18 15 12 15 18 15 14 12 14 13 12 11 11 9 11 
9 9 9 9 6 6 8 11 15 19 24 47 76 118 171 210 227 229 209 168 121 78 46 25 18 8 12 24 25 32 24 22 21 21 26 15 9 13 12 14 20 12 9 9 11 10 7 3 10 18 16 17 17 15 15 21 11 3 3 6 10 15 21 21 
12 12 13 15 16 15 15 15 18 27 44 82 123 170 214 231 222 202 166 118 75 47 21 7 11 12 15 21 23 23 17 18 19 23 30 25 24 21 18 19 22 12 10 7 8 13 7 8 8 14 9 9 13 11 15 25 21 16 16 16 18 18 20 21 
25 22 17 16 12 6 3 4 14 35 73 123 170 208 228 220 192 157 115 70 37 21 6 22 21 20 18 15 13 12 9 11 16 22 30 29 31 27 23 21 18 9 8 3 4 13 8 9 9 14 11 9 13 10 10 20 20 15 13 14 15 18 10 14 
16 19 19 18 12 7 3 13 34 69 117 166 205 223 219 193 152 111 73 37 15 12 10 23 12 13 15 15 15 13 13 11 12 13 19 12 14 15 12 11 7 8 9 6 6 9 10 10 10 15 9 6 11 7 12 19 19 14 11 10 14 18 5 9 
29 27 24 21 13 7 15 35 66 112 161 198 221 220 193 153 108 69 40 17 8 13 13 23 12 9 12 6 12 4 6 12 18 19 16 8 11 15 10 7 6 10 11 8 9 5 11 13 14 18 13 8 11 9 12 15 12 9 8 8 12 13 4 9 
23 24 24 23 14 7 29 59 99 151 191 212 215 190 144 100 60 30 19 11 9 15 13 20 15 12 18 6 16 10 16 23 22 17 10 12 15 16 11 5 5 7 7 6 8 5 11 11 11 15 11 6 9 12 14 13 8 8 9 11 9 5 9 11 
25 25 27 24 10 21 55 95 142 192 214 214 193 145 93 57 28 11 13 9 7 14 11 15 12 8 17 4 15 4 6 11 5 6 5 13 20 17 10 3 2 9 10 6 8 6 9 7 11 13 7 6 9 12 14 11 7 10 10 7 3 4 13 13 
23 23 27 21 17 54 98 146 194 227 224 200 159 101 58 34 15 9 16 12 10 17 16 19 18 15 18 13 15 8 9 8 4 8 13 20 21 18 11 8 7 7 9 3 9 5 4 4 7 12 11 15 17 14 7 7 6 12 7 9 11 12 14 12 
11 11 25 30 55 106 155 195 227 232 201 160 113 65 41 30 25 18 18 11 7 15 14 16 17 18 21 24 23 20 20 18 14 15 17 21 21 15 6 4 4 4 6 7 8 1 3 4 3 8 8 12 13 15 14 11 8 10 2 6 6 0 11 14 
17 19 45 67 104 159 201 217 224 209 160 112 70 30 20 14 19 20 18 14 8 10 7 8 7 9 4 7 10 8 8 7 6 10 12 16 16 11 7 7 9 9 13 17 14 8 6 9 10 12 10 12 13 18 16 11 5 5 4 4 6 11 14 19 
20 35 70 104 147 196 221 211 201 173 117 70 38 13 16 8 13 15 15 14 9 7 4 9 12 13 8 8 6 4 7 10 9 10 12 14 9 6 6 9 15 5 8 17 13 18 12 3 4 7 15 17 18 21 18 12 4 7 12 15 14 15 9 5 
54 73 113 155 192 227 234 202 169 130 73 29 9 13 19 12 13 14 14 12 10 9 5 6 9 7 5 8 12 7 9 11 12 10 10 15 4 8 8 12 15 3 5 14 11 16 15 4 4 13 23 24 25 24 18 9 10 10 8 11 12 13 6 3 
99 124 166 205 227 239 223 167 118 82 34 8 13 17 19 14 11 11 11 8 9 6 3 3 5 6 3 8 16 6 7 4 8 12 9 15 4 9 12 16 16 3 6 9 9 15 13 5 2 12 23 26 28 24 14 6 15 7 7 12 15 17 4 8 
136 161 195 223 222 210 171 107 64 42 9 19 13 14 17 13 9 5 6 3 7 5 7 8 7 8 9 9 17 14 15 13 11 12 10 19 6 9 9 19 21 7 3 6 7 12 12 6 4 10 20 23 24 19 10 5 13 5 6 4 7 13 19 23 
172 186 204 213 192 161 117 63 32 20 8 19 12 10 12 8 12 6 5 7 8 7 4 3 4 4 2 7 7 3 5 8 10 10 10 21 5 8 10 18 16 6 10 12 9 6 9 10 6 11 17 18 16 15 7 5 11 3 2 10 12 12 15 15 
199 201 201 191 153 114 73 35 16 11 5 15 9 9 7 8 18 15 12 12 12 12 12 10 13 13 8 9 2 4 8 13 14 13 12 21 9 9 9 14 11 2 4 7 3 1 4 8 2 7 11 12 8 11 8 8 9 6 3 9 8 11 15 14 
186 183 171 149 105 68 36 15 13 11 7 10 8 13 8 10 20 17 13 14 13 10 13 14 20 23 11 9 12 19 21 19 16 17 14 19 11 8 10 14 12 6 6 5 6 5 8 13 14 16 14 11 2 8 12 13 10 10 0 8 13 9 13 15 
155 146 128 102 61 32 9 10 20 19 14 9 5 15 8 11 20 21 17 17 16 12 15 15 18 26 14 8 10 11 6 8 7 19 16 15 10 14 18 17 13 5 6 5 9 4 4 11 12 12 12 9 5 4 9 7 3 12 7 7 7 2 6 9 
126 112 91 64 30 13 6 7 9 11 3 8 7 17 9 10 18 23 21 16 14 10 15 15 16 24 12 5 10 11 5 7 5 18 14 10 11 15 16 15 16 15 12 9 12 6 6 13 14 10 10 10 11 7 4 4 7 9 7 7 6 5 6 8 
72 63 50 33 15 11 9 10 11 10 3 6 8 18 9 6 10 19 20 15 13 9 3 10 14 21 15 7 10 12 8 6 0 13 12 5 3 8 10 10 11 7 9 8 17 11 13 23 18 14 13 12 14 10 5 5 4 6 10 9 7 4 6 7 
36 34 32 24 16 14 12 8 6 5 3 5 10 19 11 10 9 16 17 8 10 13 13 17 14 15 14 8 12 17 14 12 11 14 14 8 6 7 8 12 14 8 10 15 24 17 16 21 14 14 11 11 17 15 9 11 11 9 10 8 10 11 12 12 
21 21 20 12 5 2 12 9 8 13 17 17 16 16 13 17 14 13 14 8 12 14 16 16 10 6 5 6 9 16 18 16 18 17 11 7 2 9 13 13 11 11 14 20 22 12 14 21 18 15 9 7 14 17 11 15 10 5 3 10 12 10 10 10 
11 10 10 3 6 5 12 11 5 10 12 14 15 16 20 20 14 7 12 20 23 20 17 13 6 4 3 2 4 5 8 5 11 9 9 9 3 12 13 11 6 9 10 17 18 11 13 15 16 13 8 7 16 21 13 18 16 14 11 13 10 9 10 9 
4 7 11 4 6 4 12 14 7 11 6 7 13 18 22 16 12 5 7 15 14 15 13 9 6 3 5 6 6 5 9 4 12 8 8 11 2 15 16 11 2 9 12 20 18 13 12 11 14 12 12 14 20 27 16 14 13 12 13 14 12 11 9 4 
5 10 15 8 10 9 15 17 14 15 7 7 11 18 23 13 9 2 7 13 10 11 10 7 9 8 8 5 5 8 11 3 9 4 6 9 15 21 21 10 9 13 14 16 12 14 15 16 17 8 4 6 12 23 16 13 15 14 14 14 14 10 7 10 
6 12 15 13 16 16 19 18 15 11 2 4 5 15 21 10 10 7 6 8 12 17 20 18 13 6 6 10 12 14 9 3 13 11 13 9 15 20 18 9 17 8 8 14 18 22 19 18 23 16 15 16 12 17 15 14 18 19 17 16 12 9 3 2 
13 18 20 20 20 18 15 15 16 19 16 11 7 10 19 13 14 12 8 6 10 14 15 10 6 4 3 10 8 4 4 13 17 16 15 15 8 9 11 12 20 3 4 8 13 13 8 7 16 13 11 14 11 9 14 10 9 12 10 17 15 13 10 9 
13 16 20 23 23 19 14 13 16 18 17 12 12 5 14 7 5 12 8 6 5 8 7 1 6 3 2 9 8 6 10 18 21 22 19 20 14 14 18 26 27 18 14 11 11 7 5 6 8 7 4 10 9 9 17 16 13 17 5 7 4 5 12 14 
7 10 15 24 24 20 16 11 10 14 16 18 19 11 15 9 9 10 5 9 6 7 6 8 12 8 9 11 4 5 10 19 21 22 20 20 17 15 20 29 23 18 17 15 16 13 10 9 7 6 9 11 12 10 14 11 8 17 10 13 13 15 18 14 
6 2 6 17 18 19 18 13 13 13 15 18 18 3 10 2 6 9 3 10 13 13 11 15 17 14 13 11 7 3 9 18 15 13 14 18 25 25 24 24 12 10 14 18 20 21 19 15 11 6 9 12 16 18 17 14 13 14 9 9 5 6 8 0 
19 16 13 17 7 17 22 18 18 8 13 19 21 10 15 10 6 11 3 7 14 19 15 16 19 18 19 18 16 14 16 22 17 8 9 12 14 16 17 17 15 14 18 17 17 19 19 16 14 10 8 8 7 7 6 8 10 10 8 4 6 8 6 2 
28 27 24 22 9 15 22 21 20 11 13 20 22 11 12 5 3 12 10 13 18 22 17 17 19 18 22 23 19 15 14 22 19 3 7 12 5 7 8 8 16 17 18 12 7 7 14 14 15 15 9 7 7 0 7 9 11 8 8 9 8 9 7 5 
31 30 28 25 7 11 19 23 23 15 14 19 24 14 13 9 7 16 17 19 22 24 17 16 18 20 26 27 20 17 12 21 25 10 8 15 6 8 5 8 20 22 22 13 8 5 13 10 9 15 6 7 12 14 17 13 10 6 7 6 7 11 8 7 
27 27 28 30 9 12 18 28 29 21 18 19 25 18 17 13 13 21 19 17 18 19 12 14 17 21 27 30 21 19 12 19 26 14 13 16 3 8 6 12 20 26 24 13 9 8 15 10 3 15 12 11 16 18 22 18 9 4 3 6 6 11 9 7 

2 4 6 13 16 21 6 8 10 19 9 6 13 23 31 31 28 24 25 21 27 22 19 14 6 21 6 18 13 12 15 12 12 5 12 9 5 4 7 25 29 73 142 192 216 231 201 142 93 54 27 15 14 19 12 9 11 12 13 18 19 26 30 35 
3 3 5 7 13 15 3 8 10 18 9 8 14 16 23 22 20 19 15 10 18 12 11 9 7 22 15 21 13 10 12 10 12 9 14 9 7 8 14 38 56 105 169 208 220 219 181 124 81 45 22 10 9 14 10 6 9 10 12 17 13 18 23 28 
7 4 4 3 11 15 13 14 12 16 8 9 14 13 15 13 14 17 13 9 14 8 1 6 8 20 15 17 11 10 11 7 10 11 19 15 16 15 29 65 99 150 201 222 215 194 149 96 62 36 19 10 10 10 7 2 8 10 12 16 10 12 17 22 
12 9 7 6 6 12 15 17 13 13 7 6 9 9 8 2 6 12 9 14 15 12 11 10 12 17 13 15 15 15 14 6 6 8 19 17 20 24 55 103 149 196 232 234 209 173 123 75 47 28 16 9 8 9 9 6 8 8 11 17 8 7 12 12 
11 12 12 14 14 15 18 16 10 9 2 4 5 2 3 9 11 9 15 21 18 15 15 14 15 14 13 14 14 14 13 12 10 9 15 12 31 53 98 152 197 222 229 205 161 119 77 45 28 18 12 8 11 7 6 6 11 14 19 25 18 14 18 13 
11 12 12 13 9 8 12 10 8 11 11 9 6 3 3 12 14 12 17 20 15 10 12 18 15 13 15 16 17 15 10 13 11 5 5 22 58 92 145 195 224 224 205 160 107 68 38 20 15 15 12 15 18 16 18 18 19 22 25 30 24 21 25 21 
10 8 8 10 7 9 14 8 8 7 14 14 10 9 10 9 11 8 13 17 14 14 20 26 26 21 18 15 18 16 5 12 15 6 20 53 95 137 187 217 221 200 164 114 71 43 24 12 5 8 5 7 8 4 10 10 12 15 16 23 18 16 22 18 
7 7 12 12 12 18 21 17 17 13 16 16 12 6 8 7 10 7 8 11 9 6 6 19 20 12 9 5 16 17 4 12 20 23 53 96 142 184 216 219 200 163 117 73 45 31 23 19 14 9 5 7 8 7 11 10 8 9 9 19 18 15 21 26 
2 4 14 16 17 23 26 22 20 17 17 20 14 7 11 6 7 8 9 12 10 7 7 22 21 9 10 7 16 15 3 14 35 58 105 155 193 219 225 201 159 116 73 38 21 15 17 16 11 6 7 10 10 11 17 17 16 14 13 18 18 15 17 21 
2 2 9 11 13 18 21 19 18 18 14 17 15 12 18 11 7 9 3 9 8 10 7 18 23 13 12 10 15 14 8 32 66 106 163 206 223 223 205 157 107 75 45 21 17 15 18 18 15 15 13 9 7 10 15 13 11 6 8 14 15 13 13 12 
8 5 9 5 7 12 13 15 15 17 15 12 12 10 20 22 21 20 9 9 6 10 9 15 22 18 16 15 18 18 27 64 110 159 211 232 221 199 161 106 66 49 26 13 16 9 17 16 17 18 11 8 8 5 9 14 17 20 21 18 16 12 12 14 
11 11 8 3 5 7 10 7 7 10 10 11 8 4 11 16 17 20 9 8 6 16 15 16 18 12 8 5 12 26 56 106 158 205 237 231 198 160 115 68 39 26 10 14 21 17 20 17 23 23 12 9 8 6 3 9 12 15 13 10 8 4 5 6 
9 12 10 6 6 3 5 9 12 8 4 9 6 9 9 7 12 16 6 2 3 18 9 7 9 6 7 9 28 59 102 156 202 228 232 202 151 105 65 31 16 13 2 6 16 16 22 22 21 22 9 3 6 12 10 11 13 16 16 15 13 11 8 5 
8 6 7 8 10 9 11 14 13 9 12 17 16 15 14 7 7 16 15 10 9 17 6 5 8 10 14 31 66 111 160 206 232 229 203 155 94 52 25 9 11 18 15 11 8 13 21 22 18 17 5 9 9 13 12 17 19 23 23 18 14 12 9 7 
9 9 7 10 11 7 12 12 12 12 11 11 12 15 17 11 5 3 10 10 10 9 3 6 8 14 31 64 112 165 208 236 234 204 157 101 46 18 8 4 12 16 8 12 6 18 23 18 16 11 7 14 8 12 13 18 20 24 20 13 8 6 7 6 
12 11 10 11 11 7 12 12 9 9 10 8 7 11 17 23 25 20 12 9 8 8 10 11 13 34 70 115 169 214 235 234 203 152 98 49 14 11 12 4 13 16 9 18 9 17 22 12 15 10 12 15 8 9 11 15 16 17 14 10 7 6 8 9 
12 9 9 11 12 8 13 12 4 5 5 6 8 7 12 15 17 18 11 8 7 7 5 6 30 70 117 168 217 243 236 208 154 97 53 18 9 7 15 8 12 17 11 22 10 15 23 9 15 9 10 16 9 7 10 10 12 14 12 7 8 7 5 4 
19 15 8 8 10 5 9 6 5 5 4 6 11 6 2 7 15 18 15 11 7 3 6 24 61 109 165 212 241 239 209 164 103 58 33 18 20 15 16 3 6 14 6 17 9 12 23 10 11 6 6 15 11 13 16 14 11 11 10 9 9 8 7 5 
16 14 6 10 10 8 7 6 12 11 12 7 11 8 4 4 9 16 16 15 12 8 24 62 110 163 215 239 235 207 163 112 60 33 19 16 19 6 11 14 17 22 22 20 12 12 18 7 8 6 6 11 5 5 7 10 9 9 10 12 10 8 8 11 
18 17 7 11 8 17 9 6 12 12 17 9 11 7 4 2 3 11 18 18 13 25 68 122 174 217 242 234 202 155 109 67 28 10 6 17 21 13 13 14 14 13 10 8 3 8 13 10 10 8 7 10 4 5 6 7 9 10 12 17 14 12 14 17 
19 17 5 11 2 22 12 10 17 17 24 19 15 6 7 11 10 5 2 3 27 67 124 177 216 235 232 200 151 100 63 40 14 6 3 13 19 9 2 3 5 7 4 7 11 14 18 13 9 5 4 7 7 9 9 8 6 7 9 11 9 9 12 13 
21 19 10 13 7 20 18 17 22 15 16 10 10 10 13 13 16 13 8 25 67 120 176 217 236 230 202 155 102 58 34 25 13 13 10 12 17 12 10 11 11 12 12 12 10 15 21 20 14 7 5 7 8 8 6 3 6 15 16 19 16 16 19 15 
31 24 18 17 10 20 20 21 27 20 16 11 13 14 16 20 21 18 31 66 121 179 222 243 239 207 157 103 57 28 16 15 11 16 21 23 23 18 10 5 7 9 15 17 11 16 20 20 18 10 1 5 8 8 7 8 11 14 14 17 13 16 22 18 
28 22 19 18 16 23 22 24 32 28 25 18 9 10 11 13 20 43 72 117 176 222 240 233 204 154 99 55 28 12 6 11 11 17 17 12 14 11 8 8 13 18 20 20 16 17 20 16 12 11 7 9 9 7 9 12 16 15 15 17 8 11 17 17 
23 21 20 18 13 18 18 21 29 30 24 20 14 14 14 17 34 71 111 163 217 242 233 202 156 105 59 31 21 14 12 7 9 11 12 15 21 18 11 5 11 18 18 18 16 13 17 14 9 12 15 6 7 6 13 22 21 19 20 23 16 9 12 18 
12 11 12 12 9 16 17 17 23 28 26 21 13 8 16 26 61 115 164 210 245 242 208 162 114 71 41 26 24 21 24 15 12 15 20 15 17 19 16 7 10 18 18 17 14 12 12 5 8 15 20 19 18 16 15 26 14 8 11 15 14 9 4 5 
6 3 6 10 9 15 14 11 15 20 18 15 9 14 37 69 118 171 208 232 238 210 163 117 78 48 32 25 22 18 23 16 15 17 21 17 16 18 21 14 12 18 14 12 14 14 15 13 11 5 13 14 13 15 11 19 15 14 18 18 15 12 7 9 
18 12 9 8 5 12 11 8 12 18 12 15 21 42 79 125 171 206 223 223 203 158 112 74 49 27 19 17 10 12 17 9 14 19 24 22 22 22 22 16 10 13 10 9 14 13 10 8 15 6 4 8 8 11 9 12 16 14 16 7 8 14 5 4 
15 9 5 11 11 13 16 17 15 19 17 28 41 72 119 167 204 224 224 203 164 111 72 47 34 18 14 18 8 16 13 7 12 17 19 12 14 21 20 14 7 9 12 13 16 12 5 6 12 11 10 11 7 9 10 9 15 14 10 0 6 14 6 3 
21 12 7 9 9 12 8 8 3 9 16 41 67 109 163 208 231 231 208 167 117 70 42 29 25 13 12 19 9 18 8 7 10 16 19 9 8 18 14 14 13 9 10 11 13 9 7 8 12 15 13 2 5 9 12 13 15 18 17 15 12 8 6 5 
7 10 12 13 14 15 13 11 9 19 39 76 116 161 209 236 234 210 169 119 74 42 29 20 18 15 18 29 29 30 22 19 18 19 22 15 13 20 12 13 21 10 9 7 8 9 8 3 7 15 16 11 8 6 13 18 9 7 7 8 8 7 11 11 
13 14 17 20 21 21 19 17 19 34 71 121 167 207 236 233 204 165 117 71 38 24 20 13 12 15 21 28 29 24 17 20 20 21 26 25 27 25 18 17 22 7 9 5 6 15 10 7 6 12 9 3 3 4 13 25 18 11 11 12 17 19 18 18 
23 20 16 16 15 16 15 16 29 60 115 169 208 229 227 199 157 116 73 36 17 15 12 16 14 14 17 13 11 6 7 15 21 24 26 27 30 27 22 20 18 5 10 3 3 16 7 2 5 11 9 4 8 8 11 21 17 9 11 13 17 24 15 17 
18 16 14 14 11 12 14 30 61 109 166 205 225 222 194 151 107 72 40 16 10 13 7 14 7 8 12 8 12 10 13 16 20 21 18 12 10 12 11 10 8 6 10 4 5 13 7 6 7 13 8 1 7 4 13 21 15 8 11 12 17 24 11 11 
21 15 11 13 6 8 29 62 103 157 203 221 220 196 152 103 63 35 15 8 9 13 5 16 15 16 20 8 13 5 7 15 21 21 15 8 2 10 9 7 10 16 15 10 10 7 6 7 9 16 11 6 10 9 12 17 9 9 12 12 15 17 6 7 
10 12 13 16 9 19 58 101 145 193 221 218 195 154 101 58 27 12 12 13 12 15 2 11 16 18 25 13 14 9 15 22 19 17 11 11 4 9 7 3 6 11 7 8 10 3 3 6 9 14 11 7 9 10 12 10 5 5 8 11 10 10 10 11 
9 11 13 18 23 53 101 147 185 219 224 198 156 102 56 27 9 6 11 12 12 14 4 9 13 17 24 12 11 4 7 9 7 10 9 9 9 10 7 4 3 11 10 7 10 3 3 5 6 11 7 4 5 6 10 12 14 11 9 8 6 8 11 11 
9 6 15 30 55 102 153 192 219 230 205 161 113 63 33 16 7 6 18 14 13 18 15 16 15 16 20 13 9 6 9 4 2 5 8 8 10 9 9 9 7 7 9 6 9 3 2 5 5 12 10 10 13 15 15 20 21 13 4 7 14 14 12 10 
3 8 33 63 103 158 200 219 224 208 161 114 72 40 31 22 21 11 19 14 12 16 8 8 10 14 17 19 19 19 21 17 12 9 10 8 7 7 6 4 4 4 7 9 7 4 4 6 2 10 9 9 13 19 20 21 20 11 4 9 11 11 10 11 
21 39 74 116 161 207 227 217 201 169 115 73 43 22 22 14 19 16 17 13 10 13 7 6 7 10 3 6 10 12 9 8 10 6 3 3 9 12 11 9 8 8 13 16 14 11 6 9 8 14 9 6 12 20 20 20 18 10 7 10 12 19 17 17 
44 70 113 160 200 229 227 193 162 126 73 38 20 16 17 3 10 7 10 8 6 10 6 6 9 12 7 7 8 8 5 10 12 6 8 7 6 3 4 12 14 6 9 16 17 20 13 4 5 12 8 7 12 18 18 17 17 13 15 19 22 26 15 12 
87 113 157 201 223 232 212 161 119 85 38 9 7 17 16 4 7 5 8 5 3 9 6 4 4 5 3 7 13 10 8 10 15 5 10 12 2 4 6 16 14 3 6 14 12 13 14 3 6 11 4 8 11 16 12 12 18 13 9 15 21 27 16 12 
137 162 200 230 227 214 177 114 72 50 14 13 11 15 16 6 2 6 6 3 5 6 8 6 3 2 1 6 16 9 12 11 15 10 9 15 3 6 9 19 13 2 6 9 5 6 11 5 7 13 5 3 11 13 4 9 18 7 9 19 25 29 19 18 
177 194 213 223 197 164 118 60 31 25 4 20 10 13 15 6 10 8 7 5 8 0 7 9 8 8 9 8 16 14 17 15 13 9 9 20 7 7 10 22 17 6 3 3 1 5 12 9 10 10 6 3 11 13 12 14 15 5 9 16 22 27 28 28 
196 199 199 189 147 109 71 29 10 14 9 18 9 11 13 11 17 10 11 13 16 11 4 3 6 7 3 6 7 4 9 9 11 9 11 23 11 16 18 21 15 7 11 12 11 7 9 10 9 9 7 5 9 14 11 13 12 9 11 16 17 18 17 15 
193 187 173 147 102 68 40 13 6 8 6 13 5 10 13 13 21 15 13 12 15 15 10 3 4 7 9 10 3 2 9 15 14 13 12 23 14 15 15 17 12 8 8 5 0 7 5 8 5 6 5 2 5 12 12 14 9 9 10 13 15 19 20 17 
156 148 129 101 62 35 16 12 13 9 7 8 2 9 11 14 23 14 9 8 10 15 15 11 15 17 15 15 11 15 15 18 12 12 12 19 13 13 15 15 13 9 6 2 5 9 9 16 16 16 12 7 6 11 16 19 14 14 6 9 16 12 14 16 
107 100 85 63 33 14 6 15 22 19 12 5 1 10 9 13 20 15 5 7 11 16 20 18 21 24 15 14 6 8 8 15 8 14 13 15 12 16 16 10 5 3 9 12 13 9 8 15 12 15 13 10 12 5 10 12 11 15 12 10 10 5 8 11 
71 64 54 36 15 6 5 5 11 11 3 7 8 13 11 14 21 22 15 8 3 10 19 22 24 26 14 11 7 8 9 15 8 14 13 12 13 15 10 9 14 16 17 19 17 8 7 16 12 7 6 8 15 9 7 11 13 15 14 13 13 12 11 11 
31 28 26 19 11 11 11 11 12 10 6 8 11 17 13 14 20 25 22 17 9 2 9 15 20 22 8 8 10 11 13 11 4 13 13 9 9 9 9 10 13 17 20 21 19 8 5 18 10 7 4 6 15 11 6 6 5 10 13 9 10 9 11 11 
16 19 24 23 22 20 17 11 7 5 10 12 13 17 12 13 17 24 21 14 10 10 11 18 15 16 10 9 12 16 17 15 13 16 15 10 10 9 6 12 16 18 20 20 20 10 7 17 9 11 11 11 20 16 9 10 7 11 15 10 15 15 14 12 
14 16 19 13 13 11 15 12 6 14 18 17 16 15 12 16 18 22 21 15 13 14 12 16 7 7 10 10 9 14 15 15 18 18 12 5 5 5 11 17 15 17 17 16 14 4 3 15 15 17 18 18 22 20 12 13 7 9 12 16 19 14 13 13 
13 11 12 7 13 12 16 15 4 10 12 14 13 11 15 19 16 16 15 14 16 17 14 15 6 1 0 2 6 5 8 6 6 5 5 6 9 10 11 15 13 17 13 11 12 4 4 7 11 16 19 20 23 19 9 13 13 15 17 22 18 14 15 15 
2 6 12 6 9 11 15 17 8 12 9 3 5 10 20 15 9 9 4 7 8 12 13 14 9 5 3 5 7 5 9 4 12 8 8 9 8 13 14 13 8 11 9 12 11 8 6 6 12 18 23 24 26 24 12 6 4 13 17 18 15 13 13 11 
3 11 16 10 12 11 16 18 13 15 6 3 1 8 20 11 4 9 6 12 12 12 12 14 12 12 9 9 7 6 12 4 9 7 8 15 18 19 21 10 11 12 12 13 7 8 7 9 12 14 17 19 22 23 14 7 5 5 6 2 3 4 6 9 
2 12 11 6 9 11 17 15 14 16 9 10 9 9 18 8 4 9 8 10 13 16 20 21 16 10 5 13 12 14 13 6 9 6 7 8 11 15 15 7 17 8 8 10 11 13 11 12 17 12 10 13 13 16 15 10 12 11 11 11 7 6 6 8 
9 14 12 7 10 11 12 12 14 19 16 13 12 8 17 9 9 12 9 8 10 12 13 12 11 8 8 15 7 2 4 5 9 7 5 9 7 11 14 17 21 8 8 8 13 12 9 9 15 12 10 10 12 13 16 12 8 7 6 13 13 14 14 16 
11 15 16 15 17 14 9 9 13 16 17 15 16 10 14 9 11 12 9 10 7 9 12 10 10 8 8 14 10 9 10 13 15 12 10 11 8 11 18 27 28 23 19 16 16 6 2 2 10 11 6 5 10 16 21 17 13 13 10 10 9 10 15 19 
8 12 19 25 26 21 14 7 8 12 14 18 20 17 18 15 15 10 5 10 7 7 8 10 12 12 14 14 5 6 7 13 20 19 15 15 14 13 19 28 22 20 20 19 20 15 9 4 3 7 7 9 12 19 21 15 9 10 11 15 16 18 21 21 
5 6 13 23 29 27 23 13 7 6 9 16 16 10 13 11 13 8 3 7 10 11 8 10 11 13 17 16 13 7 5 11 15 15 15 18 22 23 24 24 16 14 16 17 20 21 20 13 7 4 5 10 17 20 17 12 7 4 6 6 3 5 8 8 
9 8 9 16 17 18 24 18 14 9 13 21 20 13 18 16 13 9 6 8 13 18 13 11 9 9 13 15 19 18 15 15 15 10 12 17 15 11 14 15 14 16 17 15 16 19 21 16 12 9 1 4 9 12 10 7 3 3 6 7 9 8 6 4 
10 13 12 15 12 11 21 16 15 11 13 21 17 4 6 8 5 6 9 9 11 17 14 12 11 10 15 16 18 18 15 16 18 9 10 17 14 10 11 8 6 10 9 10 9 12 16 12 14 13 5 8 9 9 8 6 8 3 4 6 10 14 15 16 
12 15 15 15 7 6 18 20 18 13 13 19 18 9 8 11 9 11 14 15 17 20 16 15 15 18 22 18 17 20 16 18 23 9 7 17 16 13 11 11 9 12 7 7 3 5 14 10 12 15 4 6 10 10 12 4 9 7 8 8 11 17 19 21 
11 16 18 21 10 9 17 26 25 17 16 18 21 18 15 16 12 18 23 18 19 20 14 15 18 21 22 16 13 22 18 18 24 12 9 20 17 14 12 9 6 14 7 9 4 1 15 11 10 18 11 11 14 12 18 9 10 6 2 5 10 21 26 30 

15 15 9 9 13 20 19 16 11 16 6 12 9 11 11 9 19 22 23 22 28 27 24 21 18 17 4 16 11 7 10 11 9 5 10 7 4 5 12 49 82 136 198 225 216 195 143 77 38 19 14 13 11 17 11 9 12 7 9 17 7 11 13 17 
16 15 10 8 15 17 15 12 9 15 6 11 9 10 11 7 13 16 14 16 23 22 21 21 19 19 13 19 12 9 9 11 11 9 16 10 6 7 30 74 114 166 214 227 207 175 120 62 33 17 13 11 7 13 10 8 12 9 10 14 4 4 8 9 
21 20 15 9 11 9 5 6 5 15 7 10 10 9 10 5 6 12 7 7 15 17 19 21 20 18 9 12 5 5 5 12 14 16 24 13 16 26 60 113 158 200 229 222 187 142 89 42 27 19 14 11 10 10 6 6 11 10 10 12 5 4 7 7 
21 22 18 12 12 13 11 10 6 13 7 9 9 9 12 10 5 6 6 9 13 16 18 18 19 18 10 12 11 11 8 8 12 15 24 15 34 59 105 162 204 228 235 211 165 115 68 32 23 19 12 9 9 9 7 6 8 7 9 11 5 7 11 9 
18 20 19 15 14 15 14 9 6 11 6 6 4 4 9 9 12 9 14 14 11 14 14 16 13 9 4 7 8 9 8 7 9 10 14 22 64 105 156 208 232 227 204 160 108 67 38 21 19 17 11 7 9 5 4 3 8 11 16 20 18 21 25 24 
17 19 19 14 8 9 9 3 4 9 12 7 4 4 6 10 10 8 15 13 9 13 11 15 10 4 6 9 14 12 8 8 6 9 18 51 104 149 195 229 230 200 159 108 62 33 16 3 12 17 16 18 18 14 15 16 19 21 24 26 22 24 29 31 
15 16 15 8 6 8 10 5 6 0 14 11 7 9 5 1 3 4 11 14 11 14 16 21 23 22 19 18 20 17 9 12 18 24 48 94 147 187 217 222 197 152 108 67 39 26 17 8 2 9 10 9 5 4 12 13 16 20 21 22 14 14 20 21 
16 15 13 7 12 13 17 14 11 10 12 12 9 9 7 3 4 6 6 10 6 7 6 18 22 19 13 9 14 16 6 19 37 59 99 147 191 217 220 197 155 108 70 39 26 24 21 19 15 12 8 6 6 6 11 9 9 9 9 17 11 8 13 17 
2 5 9 10 14 17 20 15 9 13 9 16 11 8 10 6 6 10 11 14 10 8 4 15 21 16 10 8 12 16 11 35 69 108 158 199 224 226 205 161 109 71 43 19 13 14 11 11 8 7 8 5 5 8 12 12 15 13 12 16 13 7 9 13 
5 7 7 4 8 14 16 11 8 14 1 11 13 13 17 10 9 12 7 9 3 5 8 12 19 14 9 9 12 19 27 65 112 158 206 228 225 202 164 109 63 45 29 11 15 13 7 9 8 13 14 7 7 10 14 15 17 11 9 15 13 9 10 12 
6 7 7 5 5 9 9 5 3 11 5 7 18 15 20 21 20 21 16 15 10 10 12 13 19 15 11 12 20 34 62 111 163 206 237 233 201 161 115 64 34 31 20 8 14 6 9 8 10 15 12 8 11 11 10 9 13 11 12 17 14 9 12 15 
11 11 7 3 2 5 5 2 8 9 5 11 16 10 12 16 13 18 9 7 5 11 12 13 16 13 9 9 25 55 102 158 205 232 238 207 158 113 72 36 19 19 12 13 20 18 16 12 14 16 11 9 12 9 6 6 10 11 12 15 9 5 7 10 
17 18 15 9 6 6 2 10 12 10 2 9 7 6 6 1 11 17 9 7 3 16 9 5 6 8 12 24 56 102 153 202 227 226 204 153 95 55 27 11 6 11 3 5 14 13 15 15 13 14 9 3 7 9 6 6 9 11 14 17 12 9 8 10 
13 11 10 8 6 5 5 10 9 8 9 14 12 10 12 6 7 15 16 16 14 18 7 5 7 15 30 61 110 164 208 237 235 204 159 100 43 12 7 9 7 16 13 10 7 7 15 16 13 13 7 6 6 8 5 13 14 17 22 20 12 8 6 10 
10 8 6 5 3 4 5 6 8 9 8 8 10 11 13 11 10 4 7 11 9 9 3 5 11 31 63 108 161 210 236 239 212 163 108 53 9 7 14 13 14 20 12 12 7 12 17 13 12 7 6 10 7 7 8 17 20 26 27 21 13 9 1 7 
9 7 6 7 4 5 6 5 4 6 4 4 7 11 17 21 23 20 13 11 9 11 11 11 30 66 112 160 208 236 232 209 160 103 52 14 14 15 15 11 14 21 17 19 10 10 16 12 12 7 7 9 6 7 11 16 20 24 24 20 15 12 6 4 
10 5 4 7 6 4 6 4 7 8 6 4 9 11 16 18 16 16 11 7 5 5 13 31 66 114 162 204 235 237 209 167 109 59 23 2 13 9 19 13 15 23 21 23 10 9 20 14 15 9 9 13 9 10 13 17 22 24 22 16 15 13 10 9 
16 12 7 6 3 3 5 5 12 12 11 9 8 6 2 0 6 13 9 3 8 15 33 65 111 162 208 233 234 208 165 116 65 37 22 18 18 18 21 9 7 15 10 19 6 5 21 15 11 6 3 12 7 11 15 18 24 24 20 15 14 12 13 15 
13 10 4 9 5 9 8 7 13 10 13 12 13 11 7 5 7 14 12 9 14 28 64 115 168 214 244 237 205 161 114 68 34 20 13 15 14 8 13 12 15 20 22 23 14 12 17 10 6 5 5 12 5 8 6 13 19 20 14 13 11 10 15 21 
15 13 5 12 5 18 10 4 12 6 14 13 14 12 8 6 6 8 13 13 32 65 120 180 224 248 246 209 158 109 69 39 15 8 11 18 17 10 14 15 15 13 8 8 3 3 10 6 7 6 6 9 2 4 5 10 16 15 8 12 10 7 13 18 
20 17 9 15 4 24 10 6 15 12 19 18 14 8 10 14 13 9 10 29 71 121 179 226 245 239 211 160 108 67 42 29 14 8 12 21 19 9 2 5 8 10 9 12 16 15 16 12 9 7 6 6 5 6 4 7 11 13 6 9 5 3 11 9 
20 19 11 17 7 21 10 2 13 4 8 7 8 10 10 5 9 10 27 64 120 177 224 246 239 208 164 111 69 43 30 25 19 15 10 17 16 11 8 11 12 15 17 11 9 11 15 16 15 10 9 8 7 6 5 1 10 17 12 17 12 11 16 9 
21 19 12 16 6 18 8 3 17 7 9 6 8 14 15 15 16 30 62 115 177 226 250 247 215 165 112 67 39 28 24 23 22 20 21 21 18 18 12 8 7 7 17 18 9 9 10 9 13 9 6 8 9 9 10 10 13 14 5 14 7 9 16 11 
21 15 12 15 11 18 11 10 23 18 20 15 9 13 13 16 37 73 115 170 222 248 241 212 162 106 61 35 24 22 24 22 21 21 20 13 11 14 12 12 12 16 22 22 15 14 15 9 9 13 10 12 11 9 12 14 16 12 9 17 7 12 14 11 
14 10 8 9 2 13 12 6 18 14 7 7 8 18 23 33 65 113 160 208 242 240 207 161 109 64 34 23 22 23 25 21 17 13 4 10 14 14 10 5 9 14 17 17 9 3 12 10 11 18 18 11 10 9 15 21 18 14 14 24 14 9 11 12 
12 9 7 11 9 15 17 12 17 18 14 13 9 20 34 57 104 162 205 235 243 214 163 115 72 41 26 22 23 21 24 18 13 11 10 12 13 15 15 6 10 14 14 17 12 11 16 8 9 18 21 19 19 17 16 24 10 7 6 18 14 7 10 9 
10 6 2 7 7 15 15 8 11 11 5 8 14 37 70 113 167 212 232 233 212 163 111 75 48 30 24 22 19 14 19 12 8 7 12 15 12 15 18 12 12 15 9 11 11 15 20 18 15 9 13 17 15 15 9 17 12 14 17 21 15 11 13 14 
8 4 7 7 4 9 11 7 13 19 13 23 42 75 123 173 212 228 221 199 158 106 67 44 29 17 14 13 5 9 16 7 11 16 24 27 23 21 19 13 10 11 2 3 7 13 12 10 16 6 7 11 7 9 4 9 14 16 15 10 9 9 3 3 
17 11 9 7 5 8 10 15 17 23 27 48 72 112 165 206 223 218 194 156 108 64 40 27 21 12 10 14 10 14 14 8 13 16 23 24 23 25 21 15 6 6 6 9 13 14 7 10 13 10 11 7 4 9 9 9 14 15 8 3 7 11 7 3 
19 12 7 8 14 17 9 10 6 12 31 69 106 153 201 226 222 197 158 114 71 38 24 19 19 12 12 19 16 16 11 11 11 12 16 17 15 21 15 15 8 5 9 11 15 11 4 12 15 16 16 3 6 10 12 12 15 18 17 15 12 7 6 5 
17 14 8 5 12 15 14 15 18 32 63 111 157 197 228 230 202 159 114 73 43 25 18 13 14 15 20 29 30 27 20 17 12 13 17 16 15 19 6 9 16 12 12 11 13 8 4 8 12 16 17 8 6 7 14 17 10 9 10 12 10 8 8 8 
19 16 14 14 20 22 18 22 37 60 106 161 201 223 230 205 156 108 66 34 18 12 12 7 8 12 20 26 26 19 13 16 11 11 18 22 24 22 14 14 21 10 12 9 8 9 8 11 11 14 12 3 5 2 12 23 14 7 5 4 9 15 16 16 
13 12 9 7 12 12 12 31 61 103 161 205 225 222 198 152 102 65 34 13 9 9 3 7 6 6 14 8 10 1 4 13 13 15 17 23 26 23 19 19 20 11 10 7 5 14 8 10 10 12 9 2 4 4 10 19 13 6 4 8 12 23 18 20 
3 5 9 8 8 12 30 62 107 161 208 225 221 195 148 96 58 33 13 4 9 10 6 8 7 6 15 0 10 4 9 13 14 15 11 10 12 11 12 14 14 10 6 7 7 16 12 11 10 14 8 5 9 3 13 18 11 7 7 12 18 26 15 13 
13 9 7 8 10 25 60 103 153 202 228 220 196 154 102 58 30 16 8 6 9 12 4 12 17 18 24 11 13 9 11 14 17 17 11 9 10 8 11 12 12 15 12 15 14 14 10 7 8 13 8 7 11 8 12 16 11 12 12 15 18 19 12 7 
12 15 14 17 23 48 98 146 188 222 227 198 157 108 60 29 13 12 8 6 11 15 3 4 15 15 28 19 16 14 17 20 17 16 14 15 10 7 10 9 5 11 6 18 17 13 7 4 8 12 8 8 11 9 10 8 8 8 10 14 13 14 13 11 
6 6 11 32 56 99 151 189 212 226 207 161 111 64 31 19 11 12 13 13 18 16 5 1 11 12 23 15 12 10 12 11 10 13 15 18 11 9 8 4 2 11 12 19 18 13 7 2 7 11 6 1 10 8 9 10 12 11 10 12 15 15 13 9 
3 10 33 68 108 160 201 218 221 209 165 115 71 37 26 19 12 16 20 15 18 18 15 13 6 6 15 10 6 7 11 8 9 12 15 16 10 9 9 7 5 6 11 16 14 10 6 2 5 11 10 8 14 12 8 11 10 8 6 12 19 17 12 6 
14 31 68 116 164 209 227 216 197 164 111 70 40 25 27 22 19 18 22 13 13 12 3 6 8 8 7 10 11 13 18 14 9 10 12 14 8 10 8 6 6 7 12 11 10 10 8 7 4 9 12 12 15 15 10 4 7 9 11 16 17 12 8 6 
46 77 124 178 219 241 230 193 158 120 71 42 24 18 22 17 19 18 21 12 10 9 9 12 16 16 12 9 10 12 9 6 9 9 9 10 12 15 12 9 7 8 13 8 6 7 5 9 8 8 7 3 9 15 10 3 8 13 14 16 12 17 12 7 
93 124 169 218 239 236 206 153 112 82 40 18 11 16 16 8 12 10 15 9 7 7 4 7 13 15 14 14 13 13 8 8 11 9 12 7 7 3 8 12 12 6 8 5 12 15 10 7 5 10 9 6 10 16 10 6 12 17 18 21 18 23 12 5 
142 166 201 235 228 204 162 105 66 49 16 3 12 17 16 7 7 8 11 7 7 9 2 3 8 12 11 11 14 14 10 8 11 3 14 8 2 5 11 14 11 1 8 10 16 14 14 8 5 9 5 7 10 20 12 9 14 15 15 15 14 24 16 11 
186 202 221 233 201 161 116 60 32 32 11 15 12 13 15 8 5 7 7 4 6 9 9 5 2 5 4 5 12 12 14 12 13 6 14 13 4 6 12 13 8 4 10 13 13 10 14 10 10 13 11 7 11 19 11 11 14 10 12 17 15 22 17 17 
213 214 213 203 152 107 70 23 12 22 12 19 8 7 12 6 13 12 11 8 8 6 6 9 8 9 6 4 10 12 16 13 11 6 12 18 9 12 16 16 9 3 3 5 6 5 9 5 3 8 10 4 9 16 15 16 14 7 6 15 14 21 23 23 
202 191 175 149 96 62 38 5 8 15 13 19 8 3 9 11 17 12 13 14 17 15 9 10 13 13 6 5 3 6 11 10 11 9 12 22 17 22 20 16 9 6 9 9 8 8 6 6 2 6 9 3 5 11 6 6 4 4 6 14 11 14 12 9 
167 152 128 97 56 36 20 4 6 10 11 16 8 2 7 11 21 10 7 7 11 15 10 9 12 12 11 9 3 6 11 15 14 12 12 20 16 17 13 9 4 2 5 6 3 9 3 7 2 3 9 3 2 7 4 7 3 4 8 14 20 25 24 23 
113 101 83 57 31 19 12 13 12 9 11 13 9 5 4 11 21 9 6 7 8 16 14 7 9 11 16 16 9 9 9 16 6 7 8 15 12 15 12 10 12 11 10 8 7 12 9 15 15 15 14 8 7 5 12 17 14 14 3 10 20 18 17 18 
61 56 46 32 17 7 7 14 20 15 11 7 7 6 0 9 17 13 7 9 10 16 20 15 13 10 11 15 4 5 2 15 11 11 10 9 8 15 10 5 3 9 15 18 17 18 15 19 18 20 17 15 17 9 4 5 9 15 15 16 15 9 9 12 
33 32 28 18 8 6 8 6 13 10 3 4 6 11 11 16 23 24 18 16 12 11 19 21 22 17 11 13 3 5 5 13 12 12 10 5 10 13 9 7 8 11 10 11 9 9 10 15 9 6 3 6 16 14 7 13 17 20 18 14 12 11 12 13 
18 19 19 13 10 10 12 10 11 7 5 6 10 17 17 18 22 27 23 22 18 7 12 19 20 15 4 9 6 7 8 13 11 13 12 6 10 11 13 5 4 14 15 16 13 7 5 12 5 8 5 4 14 14 4 7 5 11 13 4 2 8 13 15 
16 20 25 24 23 19 17 13 7 8 8 4 6 13 5 3 10 22 18 15 16 11 9 18 16 13 5 9 9 15 18 20 19 20 17 10 15 17 16 8 6 14 15 13 8 3 3 13 10 13 12 10 14 13 7 12 8 11 17 4 8 12 14 14 
12 16 19 10 5 6 17 18 12 14 13 9 9 10 3 7 10 19 18 10 12 15 11 17 12 12 10 9 6 10 14 17 18 20 16 8 12 11 9 6 5 15 10 5 5 10 12 18 20 21 21 19 15 13 9 17 8 9 14 6 16 14 15 16 
15 12 15 9 12 9 15 19 11 8 6 11 10 6 8 13 13 16 13 4 10 17 14 16 11 6 5 1 6 9 12 13 9 13 13 10 14 9 1 8 12 17 13 11 15 16 16 17 19 20 21 20 13 7 10 16 14 14 17 21 20 16 18 18 
4 7 12 6 5 7 13 18 11 11 7 7 6 5 16 15 11 17 14 11 10 13 14 17 12 6 6 8 3 4 7 10 13 15 13 9 9 10 10 13 15 15 7 3 13 17 18 18 19 20 23 21 15 15 10 9 10 14 20 22 19 16 15 15 
5 10 15 11 11 11 18 18 10 11 5 9 9 7 20 15 10 16 10 12 13 11 13 16 13 12 10 13 0 3 10 11 12 15 15 19 19 17 21 17 18 14 6 11 16 16 16 15 15 17 19 19 18 18 11 6 7 8 9 6 5 6 7 8 
10 16 17 14 12 11 16 12 11 18 15 14 13 8 17 13 5 11 10 8 9 12 21 22 18 11 7 19 9 12 14 12 11 11 12 12 11 16 21 17 21 10 2 8 10 10 7 6 11 9 5 3 4 12 14 9 12 11 10 11 8 9 11 13 
11 16 14 7 3 3 10 9 11 18 15 13 13 4 13 9 3 7 8 6 5 9 17 13 14 6 8 21 8 3 8 7 8 11 8 10 13 19 21 20 19 7 0 4 9 9 8 6 12 10 5 8 11 14 16 10 4 5 8 12 12 12 12 12 
10 17 16 4 4 7 8 8 9 12 13 14 17 11 15 12 10 6 7 12 9 12 19 17 15 6 4 17 10 11 14 13 8 7 3 6 10 14 17 20 20 16 15 13 15 5 5 6 12 13 11 11 9 11 11 7 7 9 12 10 8 8 9 11 
4 12 18 18 19 18 10 3 7 10 11 13 19 17 19 16 11 7 10 15 12 12 16 17 17 14 15 14 4 4 8 11 15 14 9 10 12 14 16 21 18 17 18 16 20 12 5 3 7 11 12 11 9 8 7 6 7 7 12 17 18 18 18 17 
5 1 12 22 30 29 22 14 7 6 6 10 16 15 16 13 10 9 7 6 6 8 10 13 13 13 18 15 11 8 5 5 7 8 7 9 15 18 19 21 18 18 18 17 21 18 15 9 6 6 9 14 15 11 6 8 10 9 4 3 6 12 15 13 
3 5 6 15 20 20 20 17 15 15 16 17 19 20 23 21 16 12 8 7 12 17 15 15 14 14 17 16 19 18 14 9 11 11 11 12 11 5 11 16 15 16 16 16 19 19 18 14 9 5 9 10 11 6 2 7 9 8 3 3 9 11 11 12 
8 10 9 11 14 14 16 10 10 11 12 13 12 10 9 13 10 13 13 11 11 14 15 14 15 18 19 17 20 20 15 9 13 16 18 19 17 12 16 22 18 17 17 17 16 19 18 13 12 8 4 6 7 6 9 10 11 4 6 8 13 18 19 21 
10 12 12 12 13 14 18 15 14 9 11 13 11 13 11 16 14 12 9 6 7 9 10 11 13 18 20 15 18 22 16 9 17 18 23 25 23 18 18 24 22 23 22 19 15 20 21 14 15 15 4 5 7 7 11 2 10 6 12 12 17 26 24 21 
9 14 16 19 13 12 15 18 20 13 15 16 14 20 13 16 9 8 18 12 11 11 10 14 16 19 13 7 15 27 21 10 16 20 27 31 28 21 22 22 19 22 21 18 15 19 24 15 13 18 9 10 13 12 17 5 11 5 13 17 24 36 33 27 

25 25 25 17 9 9 14 17 3 9 13 22 22 17 12 9 8 17 14 18 20 19 14 11 12 7 1 11 11 15 16 15 15 12 16 23 23 12 33 90 141 191 227 219 177 136 82 28 17 11 7 10 9 14 9 8 10 4 9 18 9 3 11 15 
27 28 27 21 18 14 15 14 5 9 7 15 17 14 11 4 8 16 11 16 20 17 14 13 12 11 10 16 15 17 16 15 14 12 19 18 18 24 61 123 170 207 227 206 160 114 64 22 19 12 6 7 4 12 10 9 11 7 10 13 10 5 6 9 
26 28 26 19 16 10 11 14 12 15 3 8 9 9 9 1 6 12 6 9 14 12 13 14 13 12 11 14 12 14 12 14 14 14 21 11 33 57 104 166 203 222 220 186 134 86 44 15 20 16 8 6 6 9 6 6 9 6 9 12 12 10 8 4 
21 24 23 16 15 10 7 9 8 17 5 6 8 10 12 9 9 8 6 11 14 12 13 13 12 15 15 17 15 14 9 7 9 11 20 27 67 106 158 209 230 225 202 159 110 66 34 15 16 15 8 6 6 6 5 6 8 9 12 12 12 11 12 7 
20 22 21 18 15 12 6 4 7 15 8 6 3 9 10 4 10 8 12 15 15 12 13 13 7 9 13 16 16 14 9 2 2 8 22 56 113 159 201 233 229 193 150 105 63 34 22 18 15 12 7 1 6 3 6 5 3 5 10 14 19 23 26 27 
22 24 22 17 12 10 4 1 4 10 14 9 5 9 9 12 14 13 18 20 16 11 7 9 7 6 12 13 17 15 8 5 15 30 51 99 161 198 221 228 198 145 100 62 33 17 11 4 4 10 12 15 15 11 11 13 13 15 18 17 20 23 28 33 
23 22 20 17 17 16 12 9 7 1 17 14 8 11 5 8 10 10 13 16 13 10 10 12 15 12 13 15 19 19 10 19 38 60 94 149 201 220 220 196 145 91 57 34 23 19 16 10 8 4 6 6 6 7 13 18 21 23 24 18 11 12 15 20 
27 26 21 18 17 17 16 12 11 13 12 18 9 10 10 9 11 9 9 12 7 3 9 14 19 15 11 14 17 21 18 39 69 105 150 196 228 226 199 152 98 57 38 26 21 21 15 16 14 9 5 4 9 9 12 12 13 12 14 14 8 8 11 15 
15 12 7 6 9 9 14 9 6 19 6 18 8 7 14 8 10 6 7 12 10 9 13 13 19 12 6 14 14 23 34 68 112 156 198 224 230 206 161 111 64 40 32 18 14 14 4 16 15 12 9 5 7 10 13 13 18 13 12 11 7 8 10 14 
16 15 11 8 10 11 13 9 7 19 3 14 8 8 16 11 14 13 11 11 6 4 10 8 16 11 7 15 17 37 65 110 161 200 225 225 202 159 111 65 32 27 24 10 12 11 11 21 19 17 13 9 9 12 15 16 22 15 13 10 8 10 12 15 
13 13 10 7 7 7 10 8 7 15 4 9 14 12 18 17 17 17 15 14 11 11 12 9 15 10 7 14 33 68 112 164 207 229 233 206 158 110 69 32 15 22 19 6 9 10 17 22 19 15 11 11 12 12 12 9 15 7 8 13 12 10 14 18 
17 16 12 9 6 1 6 4 9 12 8 10 15 11 18 21 11 11 6 6 6 5 9 9 14 12 13 25 57 105 160 205 228 229 210 161 105 63 33 14 8 15 14 12 15 16 17 17 16 12 12 10 14 9 7 7 13 8 9 15 11 7 8 7 
22 23 22 17 13 8 3 9 8 3 4 6 7 4 10 12 9 14 10 8 3 12 10 4 9 17 30 57 103 158 205 231 228 202 160 102 48 15 4 9 4 10 9 8 11 9 10 9 9 9 10 3 9 4 6 9 13 9 12 18 12 10 12 11 
12 10 11 11 8 3 6 11 11 9 9 12 11 9 14 12 4 9 13 17 17 19 12 9 18 35 61 106 163 213 240 244 213 165 113 59 13 8 14 15 11 15 12 4 3 5 11 10 9 7 6 4 6 3 9 16 16 13 18 21 10 10 16 15 
12 9 9 8 8 7 9 10 10 9 6 8 7 6 10 9 9 6 3 7 6 7 4 13 34 65 105 158 208 237 239 218 170 117 68 25 4 11 10 12 14 20 18 11 8 8 11 10 8 4 2 7 7 4 11 17 18 19 23 20 11 11 15 18 
9 6 7 9 9 7 10 10 10 10 5 7 5 7 12 13 15 15 12 11 10 13 14 30 65 112 160 203 234 237 210 170 114 62 25 11 16 11 6 8 11 17 17 15 10 5 8 6 3 4 3 7 6 4 12 15 16 20 24 19 11 10 11 14 
11 4 3 7 9 8 12 11 12 13 10 9 11 14 19 22 21 20 14 8 4 12 34 67 114 166 204 228 237 216 172 125 71 34 15 13 13 7 17 14 15 21 21 18 9 6 10 6 6 6 7 9 4 9 13 15 18 21 25 20 16 14 10 10 
18 14 10 6 6 9 11 10 9 6 6 4 8 10 10 10 12 17 13 8 15 32 66 113 167 209 231 232 211 170 124 80 41 25 22 21 19 20 24 14 12 14 13 19 9 7 14 8 5 5 5 12 4 9 6 9 15 20 23 20 18 16 15 14 
12 8 8 8 6 11 8 6 7 4 5 3 7 4 4 4 5 16 14 12 30 59 109 169 218 243 243 213 166 119 78 43 20 13 15 17 12 12 17 11 10 12 16 20 12 12 15 7 2 4 7 13 6 12 9 5 9 17 17 18 18 16 18 19 
12 9 8 11 7 17 8 3 9 10 9 5 8 4 3 2 2 10 16 27 64 111 171 226 254 250 221 169 118 76 47 25 9 5 17 18 13 13 18 17 15 10 6 11 3 3 9 3 2 4 10 10 5 7 8 8 3 13 11 17 17 15 19 15 
17 14 13 18 12 21 7 6 13 15 17 14 10 2 10 14 14 18 32 64 118 172 221 251 248 214 167 115 75 46 29 18 5 3 17 21 12 11 13 13 11 11 7 14 16 15 16 9 6 5 12 7 5 7 9 12 7 15 12 16 14 14 19 13 
17 15 12 18 11 18 5 7 15 15 14 9 6 8 11 5 5 28 61 111 174 220 245 245 212 161 111 69 44 28 19 13 6 8 15 20 14 12 13 15 15 17 15 4 10 14 20 20 18 14 14 8 8 12 15 15 13 19 15 20 17 16 21 15 
12 11 9 15 8 14 3 8 18 17 15 11 6 11 12 10 24 61 107 169 223 249 247 219 166 108 64 35 22 17 12 8 8 13 20 16 7 15 16 15 13 11 15 14 9 9 13 15 16 12 9 2 3 9 13 13 13 13 3 11 3 4 14 14 
14 10 5 13 9 13 8 13 24 24 24 18 10 13 18 33 69 118 167 218 249 245 213 165 104 53 24 15 13 12 9 4 9 18 21 13 8 13 15 13 9 9 16 19 15 14 17 14 15 15 6 6 5 7 9 8 13 11 6 15 6 9 10 10 
8 5 2 9 5 10 10 12 20 16 13 5 7 21 36 61 107 161 203 235 241 211 159 106 54 22 12 8 10 11 12 9 3 10 5 7 5 6 8 8 6 9 16 19 17 10 13 10 11 18 15 3 3 3 12 16 16 12 12 22 13 8 8 11 
9 8 8 13 12 12 14 16 21 17 10 9 14 33 59 97 152 202 227 235 216 167 111 69 33 13 12 12 10 7 8 11 3 8 8 10 12 14 13 6 9 14 15 19 17 10 15 7 5 15 18 14 14 12 13 20 10 3 3 18 12 10 10 10 
13 10 5 8 5 10 14 14 17 13 5 12 32 64 108 156 207 234 231 210 167 111 67 43 23 15 19 17 15 11 13 10 2 4 4 10 13 20 20 14 15 18 14 13 12 9 18 17 14 8 11 15 15 14 9 14 13 11 15 21 16 16 19 20 
11 6 3 5 6 8 10 8 12 17 17 39 72 113 164 206 229 223 195 156 108 62 39 30 17 9 11 7 11 15 17 8 9 10 15 19 21 26 26 21 19 20 11 7 7 13 17 14 18 4 6 11 13 15 9 10 12 12 13 14 14 15 14 16 
18 11 6 4 2 4 5 13 17 26 43 79 116 158 201 221 214 187 147 104 64 33 26 23 15 11 14 14 18 18 15 9 14 15 20 25 27 32 30 25 20 18 8 5 9 16 14 10 15 11 10 9 14 18 13 11 13 13 11 12 14 14 10 10 
28 21 13 10 15 17 13 13 15 34 69 117 160 197 223 219 189 148 105 68 40 19 15 17 11 9 13 14 18 18 14 13 17 16 15 19 20 26 26 25 17 11 3 7 12 15 9 8 14 17 18 12 16 18 14 11 12 16 19 19 17 11 7 6 
34 31 22 9 12 7 15 24 37 65 109 163 203 224 229 203 155 106 67 38 23 15 12 10 9 13 18 23 24 23 19 18 19 19 19 20 16 18 13 16 13 10 9 7 11 9 8 0 9 16 18 14 15 15 15 14 6 10 14 15 12 8 7 7 
34 29 25 16 19 21 24 42 69 105 155 204 227 226 209 161 104 61 27 7 7 7 9 6 7 13 18 21 19 13 9 13 15 14 18 21 18 19 13 13 18 8 10 9 10 6 3 5 9 16 16 15 15 11 13 19 11 8 8 5 5 7 11 13 
24 19 18 7 13 17 35 68 111 155 201 227 224 201 161 104 57 28 8 6 11 9 9 7 6 11 12 6 9 6 3 7 10 10 14 19 19 16 12 8 14 2 4 9 9 10 2 5 9 15 15 17 16 11 10 17 10 9 9 9 11 18 17 21 
15 8 12 6 15 31 66 111 164 205 227 220 193 152 105 59 29 13 7 7 14 11 12 9 10 15 17 7 10 4 2 6 7 5 7 6 6 7 13 12 16 10 6 12 5 14 6 4 7 14 12 14 17 11 12 18 14 14 12 13 18 24 19 23 
23 20 11 11 28 58 107 157 203 225 221 189 146 102 61 34 21 14 11 3 13 10 8 11 16 18 23 7 12 8 10 13 14 12 10 3 5 8 16 15 17 12 9 16 1 12 6 2 8 13 9 8 15 8 13 19 16 17 17 15 17 16 9 13 
24 25 15 24 51 93 149 193 220 222 196 149 100 59 28 19 18 18 14 5 15 11 4 7 15 12 21 12 16 15 19 20 15 13 16 12 7 10 17 15 13 8 4 19 4 12 4 3 9 10 5 5 15 12 14 13 11 9 9 9 5 7 5 7 
15 12 25 59 99 150 198 221 224 205 159 105 60 26 11 18 17 19 15 14 20 12 7 9 17 15 15 5 11 14 17 15 10 7 11 19 8 10 13 14 13 10 7 17 3 11 5 4 10 9 1 6 17 10 9 9 11 11 8 8 5 5 6 3 
17 31 65 112 159 207 233 226 205 167 111 67 33 15 16 22 22 23 19 15 19 14 18 16 13 12 9 4 9 14 18 15 11 7 5 17 7 7 9 10 10 6 3 12 5 10 5 2 9 12 9 9 15 10 3 5 7 11 3 8 11 11 12 10 
40 66 112 166 206 234 228 194 157 114 65 37 18 15 18 22 23 22 18 8 11 7 11 12 11 9 3 6 9 17 22 18 12 6 1 17 7 9 7 8 9 3 5 8 12 15 13 11 6 9 12 13 17 16 9 7 10 16 12 15 12 15 18 17 
97 128 174 221 240 238 203 152 111 78 40 24 15 13 14 14 15 15 14 4 7 8 11 10 10 8 6 6 7 14 18 15 16 9 5 15 15 16 9 9 10 7 9 2 0 8 5 7 10 6 7 5 7 12 10 11 14 18 13 13 7 19 14 12 
153 179 213 243 235 208 160 107 71 51 22 12 10 13 11 7 10 6 7 3 5 4 5 2 9 9 9 10 7 9 12 13 15 9 13 7 11 8 6 10 14 8 10 3 3 8 7 3 7 5 7 5 3 15 11 10 13 16 15 16 13 24 12 8 
194 208 225 236 199 154 106 58 30 29 10 7 14 15 13 7 6 3 5 3 3 5 2 2 9 15 14 12 9 5 3 7 13 9 18 12 10 7 9 11 12 5 13 5 7 3 9 3 6 5 6 8 3 16 11 7 10 12 17 15 10 23 14 14 
216 218 220 211 154 105 66 24 9 23 11 14 16 16 15 10 5 4 1 2 4 7 7 5 4 11 11 11 7 1 7 10 15 10 17 16 9 5 9 10 10 5 11 12 11 10 14 12 12 11 12 7 1 17 8 6 8 7 17 19 5 15 12 17 
212 202 189 163 102 62 37 6 8 19 13 17 11 11 9 6 14 13 11 8 5 1 3 6 4 8 11 12 9 7 12 10 11 8 12 17 9 8 12 11 8 7 8 11 9 10 10 7 5 6 12 4 1 13 10 11 10 8 13 18 2 11 15 18 
171 155 134 105 58 34 23 6 7 13 13 18 10 8 3 10 16 11 11 12 14 11 4 3 9 12 11 10 9 8 11 7 10 8 11 19 14 16 13 8 4 6 5 7 6 10 7 5 2 5 11 3 3 8 6 9 11 12 15 19 7 6 6 9 
114 101 83 59 33 25 15 6 3 7 11 13 7 6 2 12 18 5 5 4 9 11 6 5 9 11 13 8 4 6 12 12 9 8 10 17 12 11 7 3 3 4 3 7 7 13 10 7 4 4 10 2 3 7 6 10 12 11 13 16 18 25 27 27 
62 56 46 32 23 22 17 15 10 2 10 9 5 4 4 12 19 4 5 4 6 12 11 8 12 10 17 13 9 7 9 14 5 8 8 12 8 10 9 9 11 12 13 14 15 19 18 16 15 12 12 6 5 4 13 18 18 18 6 7 19 20 19 19 
25 25 22 18 18 17 18 21 21 11 9 3 4 0 6 10 15 12 6 4 5 10 15 15 16 9 13 13 6 3 3 13 8 9 9 8 9 11 10 11 7 10 17 22 22 23 21 20 19 21 18 16 16 11 7 5 8 13 12 16 18 12 10 11 
16 18 15 14 15 16 19 21 23 16 12 8 6 6 10 16 19 20 16 12 9 5 14 20 21 12 9 14 9 5 3 9 5 8 6 2 13 12 12 12 9 10 8 9 10 12 11 10 4 7 5 4 12 15 10 15 17 18 18 16 14 9 5 4 
15 17 16 13 12 13 15 17 19 15 14 15 15 18 19 21 21 23 17 14 16 9 11 21 23 16 11 16 14 9 4 7 7 12 10 6 16 11 16 12 6 15 12 13 13 11 8 9 8 10 8 7 10 15 6 8 3 10 16 15 15 12 9 11 
17 20 22 20 16 12 12 10 14 16 15 16 18 19 16 14 9 19 15 7 15 13 6 19 21 17 13 17 17 18 18 19 18 20 15 11 20 17 20 14 7 17 13 14 10 7 9 12 11 10 7 8 10 16 11 13 9 11 19 16 13 8 6 5 
9 14 17 11 8 11 17 15 9 14 16 17 18 15 12 9 4 21 18 5 12 15 6 17 18 16 15 16 14 14 9 12 15 20 16 15 21 18 18 12 8 17 11 12 10 10 11 15 16 15 14 16 12 14 14 19 6 8 16 11 12 5 3 4 
14 11 13 15 17 16 18 18 7 0 11 17 20 14 10 7 8 20 18 6 7 13 8 12 13 12 11 10 11 15 12 9 10 18 14 17 22 18 13 7 7 16 15 17 12 10 9 9 8 8 9 12 10 8 13 19 9 8 16 20 18 11 11 11 
5 6 10 12 14 16 20 18 8 4 8 13 18 12 13 6 4 22 18 10 7 7 7 10 9 8 9 12 9 13 9 10 13 20 13 13 13 13 8 2 11 15 16 13 5 6 8 8 7 9 13 12 13 12 11 12 10 13 19 21 16 12 12 11 
6 8 11 15 17 19 22 16 5 8 10 14 18 8 15 11 9 22 14 3 5 6 8 9 10 11 10 12 2 12 15 16 14 18 17 21 16 9 10 8 15 12 12 6 8 8 7 8 10 12 15 19 20 16 9 5 6 9 7 6 5 7 10 11 
7 11 13 14 15 16 18 15 17 21 20 18 20 13 16 13 10 14 12 6 2 7 18 17 18 10 8 17 10 19 22 21 14 12 10 11 2 4 13 11 16 8 7 0 3 5 6 6 8 9 9 11 11 9 11 9 13 12 10 10 8 10 14 17 
5 12 13 12 12 11 13 9 9 14 13 13 17 8 14 11 7 6 7 6 4 10 18 6 16 7 9 18 10 19 23 21 12 12 8 5 8 10 16 14 13 8 4 2 5 5 5 3 9 10 6 5 2 10 15 14 9 8 12 11 12 12 13 15 
9 17 18 9 8 6 9 4 2 7 8 14 20 18 20 14 7 3 11 16 12 15 21 14 18 9 9 12 10 20 23 23 9 4 7 6 8 3 8 9 9 10 7 8 10 5 7 7 11 12 6 7 8 14 14 11 5 6 12 8 7 7 7 10 
4 12 19 14 10 12 9 5 6 8 7 11 19 21 22 18 12 14 11 15 13 16 21 16 20 17 19 13 7 16 16 17 11 12 14 14 13 7 9 13 10 12 12 11 13 7 3 4 9 12 10 9 10 13 11 8 2 4 11 16 16 16 17 16 
6 4 11 16 21 22 18 17 18 17 13 12 17 18 20 18 14 17 8 9 7 11 14 14 16 15 18 14 11 15 12 9 4 10 13 15 16 14 15 17 16 17 19 17 17 13 11 9 8 8 6 9 13 13 9 10 5 7 4 5 11 17 19 18 
3 1 6 12 15 13 12 16 21 23 19 16 18 21 27 27 22 18 9 9 13 18 19 20 19 17 16 16 18 21 18 12 10 11 16 18 17 9 13 16 13 15 17 15 16 12 9 7 5 6 9 12 14 10 7 11 8 10 6 2 8 9 10 12 
11 9 7 9 11 9 6 8 14 19 15 6 5 9 14 19 17 17 15 15 15 19 19 19 20 19 16 17 20 21 16 9 7 10 17 20 21 15 19 24 18 17 19 16 15 16 12 7 5 5 8 8 6 5 8 11 14 10 9 7 11 16 15 18 
12 14 13 13 15 15 11 10 12 15 15 13 11 16 17 20 16 13 12 12 11 13 13 14 17 18 13 11 16 22 13 5 10 11 20 20 20 13 16 21 16 15 21 18 16 21 16 10 10 8 6 6 5 6 10 2 8 6 9 3 12 22 16 16 
8 15 20 21 19 18 13 12 15 14 18 18 15 19 14 17 12 11 22 16 15 16 15 18 23 25 14 9 12 25 16 5 9 11 22 21 22 10 12 14 11 12 19 18 18 21 17 11 9 11 9 9 9 9 13 4 9 5 11 5 15 26 14 10 

29 28 34 26 14 12 12 25 18 21 22 21 24 15 6 13 10 17 14 14 15 16 9 9 12 8 9 9 4 3 3 10 17 20 25 27 19 38 82 151 201 222 219 179 122 81 37 8 15 12 8 11 9 15 10 6 9 7 9 17 10 6 14 14 
25 24 29 26 23 21 18 20 14 17 18 20 21 14 6 9 8 15 13 13 15 13 6 5 8 5 6 8 5 6 6 12 16 18 23 16 31 64 115 180 216 222 206 161 105 65 30 10 17 13 7 9 8 14 13 8 11 10 12 13 12 10 13 15 
15 15 20 16 15 16 18 21 19 21 12 12 13 10 5 5 6 11 8 8 11 8 4 4 7 5 5 9 6 8 10 16 18 17 19 23 65 107 160 214 229 217 184 133 83 46 22 12 18 16 8 8 8 11 11 3 10 11 13 12 11 11 12 9 
10 9 13 10 10 10 12 15 14 23 11 9 9 11 13 13 12 8 5 6 10 10 10 6 1 9 9 15 13 12 9 11 15 17 24 55 111 160 206 238 233 198 152 103 65 37 21 16 18 14 8 7 8 9 9 4 6 12 15 14 11 10 12 7 
7 6 11 13 10 8 8 9 12 20 11 9 6 12 14 9 10 5 4 3 9 9 11 14 8 9 5 14 18 18 15 8 10 24 49 101 165 205 229 236 206 150 100 64 37 20 18 21 18 10 8 6 9 10 12 12 10 10 11 9 15 19 24 28 
13 10 9 9 5 6 5 6 6 11 14 10 5 13 13 15 13 8 9 11 12 11 7 8 9 11 14 14 21 23 18 15 31 59 94 153 208 227 227 209 158 100 62 38 23 12 10 7 8 10 14 15 15 13 11 9 7 5 7 10 18 20 26 33 
19 16 17 24 25 23 18 14 9 1 17 17 6 11 6 9 3 0 3 9 10 10 11 7 8 6 17 18 22 26 22 36 64 99 141 194 229 225 202 160 103 56 34 24 19 15 11 6 10 7 9 9 8 9 14 18 20 21 21 13 13 6 4 9 
26 24 23 27 25 25 22 17 15 15 10 21 11 12 9 7 4 4 5 10 7 8 13 10 13 9 19 21 20 28 38 68 107 149 188 220 229 202 157 109 64 34 27 24 19 16 9 15 12 6 6 9 7 8 8 8 13 9 12 10 10 3 2 8 
16 10 7 14 14 15 17 13 12 23 2 18 5 6 14 7 8 5 4 10 9 12 18 11 15 6 16 20 16 42 69 111 157 194 214 219 203 158 110 73 43 30 30 22 13 10 9 21 15 12 10 14 8 5 6 5 16 8 11 10 8 5 7 12 
13 9 8 14 18 17 17 13 10 24 5 17 7 7 16 8 19 17 18 18 14 8 13 3 11 3 12 20 34 74 115 162 203 221 216 194 155 106 68 41 24 23 25 14 8 6 15 25 18 14 13 18 11 8 12 13 22 15 15 10 7 9 11 15 
9 6 4 7 14 15 16 15 13 19 5 15 13 13 19 15 20 13 15 17 17 17 15 10 13 7 11 28 66 120 169 210 232 227 200 157 108 65 38 18 15 19 20 9 5 5 18 22 14 10 10 17 14 11 12 9 17 8 12 11 10 12 18 25 
13 11 9 8 9 7 6 8 12 14 7 15 18 17 22 23 15 6 8 12 15 14 13 11 15 17 29 60 108 165 209 230 228 203 161 109 62 30 11 5 9 15 17 12 10 7 13 16 8 5 10 12 15 8 8 7 14 5 11 14 12 8 8 9 
16 17 18 16 15 13 4 8 6 4 6 3 5 6 11 15 10 12 12 14 17 17 14 11 17 35 64 108 163 212 234 231 203 159 109 61 23 6 6 7 7 13 16 17 16 13 12 11 4 4 11 6 12 4 9 12 16 9 14 18 12 10 11 9 
9 6 6 6 11 11 8 8 8 9 10 12 9 6 8 11 7 4 9 15 19 19 17 19 34 66 108 162 214 244 241 216 165 113 70 32 10 13 10 10 9 11 12 13 16 15 14 12 7 3 9 4 8 1 12 14 16 10 20 23 12 12 15 11 
12 9 7 8 14 13 8 6 5 4 3 14 11 7 6 3 7 6 4 4 6 8 13 30 62 108 157 206 238 241 213 170 113 68 35 11 11 15 11 8 5 8 9 9 12 13 13 14 9 6 5 4 7 4 14 13 14 9 19 21 15 15 14 6 
10 4 5 9 15 14 9 4 6 7 9 18 16 14 11 6 5 7 7 10 11 14 30 60 106 161 204 231 239 215 166 114 62 24 2 10 14 14 12 12 7 5 5 8 11 9 9 10 6 8 6 6 5 6 15 10 11 8 18 15 12 20 23 22 
13 8 3 4 11 11 9 2 7 9 13 20 20 21 22 20 16 12 6 4 6 26 65 107 158 205 224 228 214 174 121 75 32 13 8 8 12 15 21 19 17 18 15 10 6 3 8 10 8 9 9 8 3 10 14 8 10 9 18 12 13 17 19 18 
15 13 11 6 9 11 8 5 5 2 6 10 15 18 17 14 14 15 7 5 25 59 105 156 203 227 224 204 167 119 76 41 17 16 17 15 13 19 24 17 16 14 12 15 2 6 10 7 7 8 9 12 4 12 11 9 12 11 15 12 15 18 18 16 
9 8 10 8 7 11 7 5 7 8 8 5 8 8 10 7 9 18 15 23 58 101 154 207 238 234 208 164 114 71 40 12 8 10 15 12 5 11 17 9 9 9 14 18 7 6 8 2 3 6 10 13 5 11 13 11 10 11 11 13 15 19 21 22 
7 6 10 10 6 12 8 4 5 4 2 2 7 6 7 6 11 24 35 59 111 163 210 243 245 210 163 111 68 36 18 10 13 15 21 16 8 12 17 13 12 7 7 13 3 4 8 5 4 4 12 11 6 6 8 11 5 5 9 14 14 17 20 16 
10 9 12 14 12 15 8 6 8 9 9 10 8 3 8 11 19 43 70 112 172 216 238 241 211 153 100 57 28 11 7 8 14 16 20 16 4 12 14 13 10 8 8 16 13 10 11 3 3 2 13 9 3 4 6 15 14 15 16 18 15 18 22 18 
13 11 11 13 8 9 2 3 4 3 1 5 5 6 9 12 30 70 112 167 221 244 237 210 158 96 51 20 4 1 5 7 13 16 19 17 11 13 15 17 16 13 8 5 12 15 19 16 13 10 14 11 7 9 7 12 15 18 19 22 22 23 26 22 
12 9 8 10 5 8 4 7 9 6 5 8 5 11 16 30 64 115 166 221 253 248 214 166 106 52 20 4 4 5 5 9 15 17 17 8 6 15 20 20 19 14 10 7 9 10 13 12 12 10 11 11 10 11 4 5 11 11 8 11 7 8 14 18 
18 13 9 8 5 10 7 11 17 13 13 14 10 20 37 69 118 173 218 251 252 218 164 106 50 13 6 6 5 6 7 9 13 15 13 9 13 17 20 18 17 13 9 11 12 13 15 12 14 15 7 10 11 12 10 5 12 9 8 12 8 11 13 16 
15 10 8 8 4 9 9 10 14 5 6 8 15 38 67 108 161 209 235 243 218 166 107 56 15 9 11 8 6 9 9 12 10 6 8 8 8 16 21 21 18 13 11 12 10 10 12 11 14 21 16 8 9 6 12 13 14 8 9 16 9 9 12 17 
12 8 8 11 11 14 15 18 20 10 6 14 34 67 108 154 204 234 236 220 175 117 66 33 12 7 10 9 7 12 9 10 4 6 10 9 6 10 15 12 14 13 12 15 10 5 8 2 7 16 19 16 14 9 13 15 10 3 5 14 5 9 12 17 
20 12 9 9 1 5 5 10 17 10 15 37 71 115 163 205 237 240 214 175 122 69 36 19 11 13 19 15 13 12 13 14 9 5 7 5 7 11 10 4 13 15 14 17 11 4 13 11 10 9 11 13 12 8 9 8 11 6 9 15 8 14 19 22 
20 13 7 6 8 10 8 6 9 18 39 74 119 164 206 229 230 202 158 114 70 35 27 21 10 4 11 5 14 14 15 11 10 7 7 7 13 17 12 3 13 16 13 16 10 11 15 12 14 5 4 7 9 7 3 7 10 6 7 10 7 12 16 19 
24 18 10 7 9 3 4 11 20 38 75 124 168 204 227 222 194 150 104 67 38 20 24 23 12 11 15 13 17 14 13 10 15 14 17 19 24 26 18 9 15 18 16 15 11 17 15 10 14 13 9 5 12 12 7 10 15 13 8 7 8 12 15 17 
27 26 14 12 18 14 14 15 31 65 115 169 207 224 223 194 149 104 65 38 21 8 13 18 9 10 13 8 11 10 11 13 18 19 16 17 20 26 23 19 15 17 15 15 15 18 12 5 11 16 17 10 12 9 4 5 10 15 18 19 18 16 18 19 
21 29 21 15 20 9 23 35 61 105 156 202 224 219 199 156 105 67 36 16 10 6 6 12 9 13 18 19 18 16 16 17 20 20 19 19 15 18 12 8 3 15 16 15 16 12 9 6 10 17 17 11 8 7 11 12 9 11 16 19 16 15 16 17 
16 23 23 19 20 23 44 70 108 152 193 223 221 195 159 107 61 33 11 8 12 11 11 10 7 9 14 18 12 6 6 12 15 14 13 17 14 16 10 7 9 10 14 13 14 8 7 9 10 17 14 13 12 6 6 14 10 9 14 13 9 6 5 7 
19 17 19 11 17 37 73 113 160 197 222 223 195 153 108 56 23 9 12 15 17 16 15 11 5 7 6 6 7 6 6 7 8 6 7 12 12 10 8 3 13 12 12 13 11 6 4 11 12 14 10 10 14 11 6 12 11 12 15 11 8 12 4 6 
27 20 14 7 31 65 114 162 207 225 220 189 144 99 58 21 6 6 17 17 22 20 18 13 11 13 13 9 10 5 2 3 4 1 5 4 3 3 12 6 13 13 14 18 13 12 3 3 2 10 6 9 21 20 17 20 19 20 21 17 18 21 15 15 
24 20 6 25 61 105 158 202 229 220 190 141 93 58 29 9 7 6 18 15 22 19 18 15 15 16 18 8 11 9 11 14 16 15 15 12 12 12 17 9 14 11 12 22 11 14 5 3 4 11 3 3 19 13 10 16 18 18 22 20 19 18 12 12 
13 17 24 55 98 147 195 224 226 196 152 100 58 34 14 3 3 2 15 10 19 14 13 10 13 9 15 9 13 13 17 17 13 12 18 16 16 16 19 13 14 10 11 23 11 16 8 7 10 10 2 5 19 12 12 13 17 15 13 13 6 8 2 5 
21 34 61 104 151 197 228 230 207 164 111 64 34 18 7 7 3 5 9 13 19 14 14 10 13 11 9 6 6 8 10 1 4 4 10 20 13 15 16 13 14 12 12 22 14 19 11 9 9 5 3 10 18 6 8 15 21 20 14 15 10 8 5 6 
54 75 113 163 204 235 238 208 167 119 69 37 21 17 11 13 14 13 13 16 18 16 20 14 10 7 4 3 3 9 12 1 7 7 5 20 8 11 11 10 12 12 12 17 12 16 10 8 10 10 9 11 14 9 6 12 16 17 12 14 12 11 10 10 
87 118 160 204 227 231 202 153 110 72 35 20 13 14 8 8 10 9 6 8 11 12 16 13 9 4 5 7 7 14 18 10 14 6 3 21 5 10 4 6 7 5 7 9 9 15 11 9 3 5 13 15 18 18 13 13 15 19 17 20 15 15 10 8 
143 172 206 233 230 205 155 104 70 47 22 14 10 11 7 6 8 6 7 6 7 10 9 6 5 3 8 8 6 12 15 10 21 12 9 18 9 14 6 7 9 7 10 5 4 9 2 3 7 5 10 9 9 13 11 10 13 17 14 17 13 20 8 4 
189 208 223 232 202 159 106 63 39 27 12 9 7 12 7 5 10 4 9 8 8 8 4 6 10 13 15 13 10 6 13 15 23 14 17 10 13 13 5 9 12 10 14 7 6 8 7 3 7 6 11 7 5 13 9 4 10 12 11 17 14 24 12 10 
210 212 211 202 150 100 56 21 6 18 13 11 15 16 10 8 10 4 7 8 9 10 3 4 9 15 18 17 12 4 5 12 22 15 21 13 10 7 5 7 12 7 12 5 7 3 7 3 9 9 13 9 8 14 11 2 8 8 13 17 11 23 18 20 
206 195 183 158 98 55 26 5 6 18 17 14 18 18 14 12 5 6 5 8 9 12 10 8 6 8 15 17 13 6 7 14 22 14 17 13 11 5 8 9 11 7 10 9 8 6 10 8 12 11 16 10 6 17 11 4 7 5 14 20 1 15 15 21 
179 161 140 109 57 28 15 8 10 16 16 13 8 7 1 8 13 14 11 11 11 10 8 7 8 6 12 16 14 10 13 13 15 10 12 14 11 5 12 11 12 12 12 14 9 10 10 7 7 7 15 8 6 14 9 6 7 4 12 21 6 10 11 14 
123 108 90 66 34 21 17 12 11 12 10 9 1 7 10 14 15 14 14 15 17 14 8 4 10 13 15 15 15 14 17 12 9 8 11 17 13 13 12 5 4 6 3 10 7 10 10 8 5 6 13 8 6 10 8 3 4 7 13 21 11 9 10 13 
68 60 49 37 24 22 17 15 15 12 8 8 6 11 13 13 12 6 9 10 14 12 4 3 8 12 17 14 14 14 17 15 6 5 7 15 12 11 7 2 3 8 10 13 12 15 13 10 8 4 11 7 7 9 9 11 11 8 10 15 15 21 24 27 
29 30 26 23 24 23 17 16 14 10 11 12 11 13 16 14 12 4 7 5 8 10 9 9 14 11 19 18 15 13 13 15 5 7 8 11 7 8 5 7 8 13 15 18 18 19 16 13 15 11 11 7 7 5 11 17 20 19 9 6 15 19 19 18 
17 18 15 18 24 21 19 23 21 14 15 14 14 14 16 13 11 10 8 5 3 8 12 16 19 10 15 17 10 7 4 12 6 7 10 13 12 9 7 10 10 11 15 21 21 21 17 15 18 18 18 16 15 10 6 6 6 11 9 12 17 13 11 12 
14 16 12 18 21 19 20 24 25 18 17 15 15 15 16 16 15 13 12 10 8 5 11 21 22 13 8 16 11 7 3 8 6 9 14 15 16 11 10 11 10 13 12 14 14 15 9 4 7 9 8 7 11 13 10 15 16 15 14 14 15 12 9 7 
16 15 14 16 14 15 18 22 24 19 14 12 15 18 20 21 21 19 13 10 14 9 8 21 24 18 10 14 12 11 7 6 9 14 18 18 19 8 11 12 12 18 13 12 18 18 13 9 8 8 8 5 5 11 4 7 6 6 10 12 15 15 11 15 
18 18 18 17 9 9 15 21 26 23 15 11 16 19 17 17 14 17 14 6 14 14 6 22 24 18 12 14 15 20 20 18 18 21 21 21 22 9 10 12 15 18 9 10 17 20 16 11 7 6 7 7 5 11 8 9 12 9 15 15 14 11 7 10 
11 12 12 9 4 10 16 15 18 19 16 11 16 16 15 15 10 21 17 1 11 16 9 22 21 17 15 15 14 21 15 13 16 22 23 26 23 12 11 12 15 15 3 11 18 18 15 15 12 11 13 16 12 11 13 15 9 9 12 10 11 8 4 9 
13 9 7 11 13 13 14 9 6 8 15 16 19 18 16 13 9 21 15 3 8 15 9 17 18 13 12 11 7 18 12 4 7 17 18 26 24 15 9 11 12 10 7 15 16 12 9 11 10 8 9 12 11 5 14 18 5 5 7 13 11 8 4 5 
9 9 5 3 6 7 13 9 3 3 12 14 22 22 20 11 5 22 15 9 9 10 7 12 14 7 10 14 12 21 11 3 7 15 10 20 15 10 3 8 11 5 10 12 8 6 5 7 9 9 12 11 13 11 13 13 12 15 17 16 10 12 10 7 
9 11 5 6 1 6 14 6 6 7 12 12 21 15 13 4 7 24 16 9 7 6 7 11 15 10 9 12 7 17 6 7 3 14 17 23 13 7 7 8 15 5 12 5 8 11 7 9 10 7 11 14 15 10 9 9 10 14 16 11 13 15 14 11 
9 12 7 3 3 9 15 17 20 20 18 15 23 18 17 13 12 15 13 13 8 7 16 16 21 10 6 11 3 17 8 11 6 8 10 12 4 7 11 8 13 6 10 1 5 9 8 8 6 6 8 10 11 6 7 12 13 15 17 10 14 14 16 16 
7 9 9 9 10 13 15 12 11 8 5 7 18 12 12 10 10 6 9 12 11 12 18 8 19 10 5 11 12 21 14 17 10 10 14 11 9 7 6 6 8 8 5 4 4 6 3 4 8 12 13 13 9 8 12 16 13 14 17 9 14 12 12 10 
9 15 17 9 9 8 10 4 4 7 4 9 19 20 22 16 11 7 7 11 12 15 19 9 19 12 6 6 13 21 13 22 12 9 16 16 18 12 9 6 6 9 4 6 7 7 5 7 10 10 6 7 6 13 13 15 7 10 15 10 11 9 5 5 
6 9 16 12 8 11 12 8 7 7 11 12 14 20 23 19 17 20 10 11 12 14 17 12 21 19 15 14 15 19 10 20 14 11 15 16 19 12 11 12 8 9 6 6 8 9 7 12 15 15 13 12 11 13 11 11 4 6 9 13 14 13 12 12 
8 8 9 11 14 17 16 17 18 16 19 21 17 18 19 15 16 22 13 13 12 13 10 10 19 19 14 20 19 20 13 16 11 12 17 19 24 16 14 15 12 13 13 11 10 10 13 17 21 21 18 15 13 12 9 11 6 9 3 6 10 15 18 17 
9 10 7 7 9 8 9 14 16 15 16 19 21 25 29 30 24 21 11 10 13 17 16 17 19 21 13 24 26 26 22 19 12 12 17 19 24 14 12 14 3 8 10 9 9 4 6 14 20 22 21 21 19 12 6 12 8 10 6 4 8 8 10 12 
24 22 18 14 10 6 5 9 11 10 9 5 8 12 16 21 18 18 16 14 14 18 16 15 18 21 15 21 24 24 19 14 6 6 14 12 21 12 15 22 16 12 15 11 8 8 5 12 18 23 22 21 18 10 2 9 11 10 7 5 10 14 12 14 
24 26 24 19 14 9 5 8 8 9 5 12 16 20 21 23 17 12 13 11 11 15 14 13 18 24 17 17 18 20 10 4 7 5 14 8 17 5 10 14 13 10 13 13 8 10 4 12 15 18 18 18 14 8 6 8 9 7 7 5 12 19 17 17 
21 23 27 23 16 10 6 5 6 4 10 14 13 17 14 19 11 6 19 11 11 15 12 13 19 28 19 17 16 22 11 5 9 6 16 10 21 2 10 12 12 11 15 15 11 10 6 13 13 16 17 18 14 8 6 9 8 6 7 6 14 23 20 19 

20 20 33 29 20 20 18 23 11 11 14 15 25 26 20 21 18 5 5 8 12 15 12 11 9 4 6 4 5 9 6 16 17 12 19 5 50 102 157 217 242 221 179 121 66 34 8 6 17 11 6 10 9 16 13 7 6 3 6 13 10 15 25 32 
14 14 24 23 21 22 19 17 6 11 16 20 26 25 19 18 16 8 8 9 9 11 4 4 7 6 5 4 3 4 3 15 17 12 12 23 77 130 183 233 241 209 161 104 54 27 8 7 17 13 11 10 2 11 14 7 6 4 6 9 11 14 23 29 
11 11 17 12 12 16 18 18 13 15 8 14 21 22 18 18 19 15 13 11 9 10 4 4 9 8 6 8 6 5 7 17 19 17 22 59 121 173 218 248 234 189 135 80 39 17 6 8 15 16 16 15 10 9 11 4 4 4 5 5 8 11 17 20 
11 11 11 7 8 8 9 9 7 18 9 9 13 20 22 24 24 19 14 12 11 14 12 12 9 7 6 13 12 8 5 12 19 27 49 105 172 217 244 249 215 157 102 59 34 21 14 13 14 13 16 16 9 7 9 6 3 6 9 7 8 11 16 18 
3 3 6 9 4 5 6 6 11 18 11 10 11 20 21 18 20 18 13 9 6 9 9 15 10 7 9 15 21 18 10 9 26 54 96 160 217 239 240 220 167 104 60 34 21 14 15 16 13 13 17 16 9 7 11 15 15 11 12 8 14 17 20 27 
7 7 4 7 8 9 7 9 8 10 14 11 11 21 19 21 21 18 15 11 10 12 8 10 10 10 16 11 16 19 19 34 64 104 149 205 239 236 212 171 111 60 32 20 13 5 7 6 11 16 20 20 12 9 7 3 11 4 6 10 14 16 21 28 
14 15 18 27 29 28 24 18 12 4 16 16 7 16 11 16 14 14 12 8 10 11 9 7 8 9 22 16 12 26 41 73 113 153 189 223 231 205 163 113 60 28 16 15 14 10 9 7 12 10 12 15 7 8 13 15 19 18 18 12 13 4 5 10 
17 20 22 29 27 27 25 19 17 16 11 20 9 11 6 11 8 9 8 7 9 10 12 4 8 9 26 21 16 46 76 122 167 201 219 224 206 160 108 67 32 15 17 19 15 11 6 14 12 6 5 14 7 9 8 7 15 8 12 7 10 2 4 12 
5 7 9 19 15 9 14 8 15 25 4 18 4 8 14 10 6 2 3 7 7 12 20 12 15 14 22 20 33 77 120 171 210 226 220 199 164 111 68 43 23 18 24 20 9 8 11 22 13 9 9 18 11 10 12 10 16 5 9 3 5 2 9 14 
4 6 9 16 20 14 12 5 12 24 8 20 10 13 20 9 19 18 20 22 18 11 12 3 9 3 12 28 68 123 171 213 235 226 195 156 113 68 43 27 15 14 20 10 6 9 19 26 13 8 6 19 13 11 14 15 21 14 15 6 2 7 11 14 
3 5 6 10 17 17 15 15 18 19 7 19 13 16 21 18 25 13 15 18 18 19 15 11 12 12 26 60 113 174 215 236 235 205 158 111 71 39 22 12 11 11 14 4 7 10 21 26 11 6 4 17 15 11 13 11 17 10 15 12 7 8 16 23 
11 10 10 13 17 15 12 15 19 17 12 21 22 24 27 28 26 8 3 5 5 5 9 13 18 31 60 105 159 211 230 225 201 157 107 66 37 15 4 8 11 14 14 6 4 8 21 26 15 8 8 15 17 11 12 10 15 7 13 16 14 11 9 10 
14 16 16 15 16 15 10 13 14 11 6 4 11 16 18 21 20 10 7 9 11 9 10 14 28 61 106 158 206 234 226 197 153 103 61 32 13 7 5 5 11 15 17 13 5 7 19 23 15 6 10 14 17 12 13 12 16 9 15 19 16 16 14 11 
11 8 6 4 6 10 13 14 15 16 15 11 6 7 6 10 14 6 3 7 11 12 19 30 56 106 157 204 236 237 205 161 107 64 35 17 3 11 9 11 13 16 15 14 13 13 17 19 11 4 10 13 15 12 15 15 17 8 18 22 17 19 19 13 
15 10 7 6 4 11 13 12 12 11 15 20 16 15 12 8 8 9 9 11 12 13 30 58 102 159 203 230 236 209 158 109 62 32 15 4 6 12 12 13 12 15 13 10 9 10 12 13 4 9 10 13 11 8 13 13 16 8 17 19 18 22 22 15 
10 6 5 7 3 11 14 9 12 12 19 22 17 16 12 9 3 2 6 7 11 27 63 105 155 206 230 231 212 167 108 62 26 9 9 9 9 9 9 11 9 9 8 9 8 4 5 4 6 11 10 11 7 10 12 9 13 6 15 12 12 21 26 24 
13 11 9 7 4 10 13 7 10 13 22 27 24 23 21 18 13 7 2 6 25 59 111 156 198 227 224 202 167 117 69 38 21 17 10 5 2 8 15 16 15 14 10 5 8 9 10 9 10 12 9 7 3 14 11 6 12 5 14 7 9 15 21 22 
17 16 15 9 6 10 12 9 7 6 12 17 21 24 22 19 17 14 9 24 56 102 156 200 226 227 200 159 114 69 36 19 18 18 14 9 4 11 16 12 13 12 15 16 7 7 6 9 12 12 10 10 0 14 13 13 17 12 10 3 7 11 16 21 
14 14 16 13 3 10 12 9 8 9 5 3 7 11 12 11 15 25 32 57 103 154 201 234 238 209 164 114 70 37 15 6 14 15 15 12 8 13 17 10 10 10 14 18 3 0 5 8 9 7 7 12 5 10 13 13 14 13 10 8 3 7 14 21 
11 9 12 10 5 10 11 7 3 2 4 6 6 5 8 12 24 45 65 106 163 205 231 238 212 159 108 66 36 16 7 8 14 17 20 15 12 13 15 9 10 6 8 14 1 3 4 6 7 6 11 11 5 3 6 11 7 1 6 12 2 4 12 12 
5 2 9 9 8 12 13 10 7 7 10 12 10 5 7 18 40 74 111 162 214 234 229 208 159 97 53 25 11 8 8 5 10 11 17 13 11 14 10 4 8 9 11 16 9 5 6 4 6 6 13 12 9 5 6 12 12 14 14 17 14 16 21 21 
14 11 11 10 8 11 11 8 4 5 10 10 6 7 14 32 68 115 161 211 243 237 204 161 106 51 20 5 5 9 11 9 8 5 14 14 18 15 5 3 3 4 5 7 10 13 17 15 10 6 10 5 9 11 6 10 14 18 20 22 22 26 31 31 
21 17 13 7 3 7 6 4 7 10 12 11 7 15 31 64 114 166 209 245 248 215 162 109 58 17 1 3 1 5 9 11 9 6 6 4 15 10 9 4 7 7 6 2 4 6 11 13 13 10 10 4 7 14 5 5 10 12 11 12 12 16 21 24 
24 21 16 10 7 7 7 9 12 8 7 7 14 35 64 111 168 213 239 246 218 164 104 56 17 6 10 7 3 2 4 9 8 6 5 4 15 9 10 6 6 5 3 7 8 9 10 11 12 12 7 8 7 12 10 9 16 13 9 8 5 10 10 11 
16 15 13 10 11 10 8 11 10 4 3 7 34 66 105 156 207 233 234 217 168 108 57 23 3 12 10 10 7 7 6 9 10 9 11 9 9 15 21 18 12 6 4 9 8 10 10 12 13 15 13 6 3 6 11 14 19 15 12 10 3 12 15 18 
10 10 10 8 8 9 12 16 14 6 15 33 71 114 158 202 234 236 212 177 123 70 33 16 14 12 10 10 9 12 12 11 6 4 3 6 4 10 16 12 11 6 8 13 9 4 4 4 7 14 18 16 14 9 13 14 18 18 16 13 5 11 13 16 
19 13 10 6 6 4 3 13 13 15 40 72 121 168 208 231 238 211 167 124 76 37 18 12 15 15 17 15 14 13 14 18 17 17 16 15 13 13 12 10 15 13 13 15 8 4 9 9 6 7 11 13 13 9 11 11 16 18 17 15 9 12 16 19 
23 18 9 3 12 9 8 8 10 36 73 118 169 208 229 227 205 157 106 72 43 25 23 20 13 5 7 9 16 12 13 13 14 17 18 16 15 14 9 14 22 21 20 17 8 12 13 13 13 6 2 5 9 8 7 8 13 15 15 15 8 5 10 15 
25 22 11 9 16 5 6 13 32 68 116 168 209 228 226 199 156 106 64 42 29 23 26 25 17 11 11 11 13 7 10 11 15 21 24 23 22 17 6 15 25 28 25 18 12 20 17 12 14 13 9 3 9 8 4 6 9 12 10 13 10 4 1 2 
24 26 11 10 21 8 16 28 61 111 164 207 227 221 195 150 103 64 34 21 18 17 22 25 18 14 14 8 9 3 9 9 15 20 22 22 22 23 18 18 22 25 22 17 15 24 17 7 11 15 15 5 6 8 8 7 5 6 9 15 14 11 10 11 
20 29 17 15 22 8 37 60 105 158 198 221 216 187 148 100 63 38 16 6 11 11 16 22 19 19 21 19 16 13 13 10 9 14 16 20 18 16 6 6 13 24 24 20 20 21 15 12 13 18 16 8 5 11 14 14 12 7 11 16 14 14 15 17 
16 23 20 19 24 38 75 111 160 200 219 218 189 145 104 62 37 23 11 7 9 8 9 13 13 14 17 18 12 8 7 8 11 9 9 15 13 12 5 4 11 21 21 18 17 13 13 11 7 16 11 9 13 11 8 13 15 14 17 16 9 5 1 4 
24 21 15 14 31 70 119 164 207 228 223 196 148 99 61 27 12 8 13 14 11 5 3 9 13 15 12 10 8 6 6 7 8 6 6 9 7 8 9 5 9 14 13 14 9 3 10 15 15 16 6 0 13 14 7 13 18 21 22 17 10 8 2 3 
26 18 12 25 60 111 165 206 235 230 196 145 93 53 28 10 10 7 17 13 12 8 5 10 15 16 15 10 8 2 3 4 8 7 9 8 6 8 14 9 8 8 6 16 10 10 13 12 9 12 6 10 23 24 18 18 21 25 26 18 13 13 12 10 
22 22 30 60 106 157 202 228 231 198 149 96 55 31 20 13 13 10 20 13 16 10 8 12 15 14 16 7 8 6 9 12 15 13 15 13 12 12 17 10 9 3 6 21 10 15 15 14 12 14 6 7 21 15 3 9 16 22 25 21 16 16 17 16 
33 44 64 105 153 196 224 229 205 157 108 66 37 23 14 6 3 2 17 12 15 8 4 6 12 4 11 6 11 12 18 18 12 8 11 7 10 8 10 3 10 0 7 22 9 17 17 16 16 13 6 9 21 15 9 4 12 17 16 17 10 11 12 13 
61 80 112 161 202 229 233 210 167 117 72 40 24 14 7 4 1 5 12 14 15 8 7 5 11 7 4 4 8 10 11 10 8 8 4 12 9 7 6 7 9 5 7 19 9 16 12 9 9 5 6 12 20 11 4 12 13 17 10 14 12 10 11 11 
103 129 168 213 237 241 215 167 118 74 38 19 14 14 12 13 14 14 16 20 15 12 14 8 5 3 3 5 6 10 12 9 9 11 3 17 7 9 4 9 11 11 12 16 8 14 10 8 9 12 13 17 19 14 9 12 11 15 4 11 11 10 12 12 
137 168 203 233 234 211 160 105 66 38 17 12 8 10 6 4 4 8 7 12 5 6 12 10 8 6 7 8 8 13 16 14 15 10 8 19 9 12 4 8 5 2 4 11 9 14 11 8 2 8 13 21 23 24 21 18 17 19 15 17 12 12 10 9 
183 204 222 233 210 166 108 63 37 24 14 11 6 8 6 7 8 9 9 9 2 4 5 8 9 7 9 9 7 9 14 16 23 15 15 17 4 10 3 6 5 3 5 9 9 11 8 5 7 10 8 14 17 20 19 15 13 17 13 16 12 18 12 10 
214 218 217 207 165 113 63 30 14 13 9 7 2 10 6 8 10 5 9 10 5 7 5 10 14 14 12 9 8 3 14 21 26 15 19 10 7 11 7 7 7 6 9 3 5 6 6 2 9 9 9 14 17 21 20 15 15 13 8 15 10 20 14 15 
209 200 184 160 107 59 22 4 9 17 16 13 14 13 8 9 11 3 6 11 9 13 9 4 6 10 11 9 10 7 9 18 25 13 21 11 9 9 9 6 8 7 8 5 7 4 7 4 12 10 12 16 19 24 23 16 13 7 6 16 11 21 20 24 
180 162 140 110 59 24 4 11 10 14 16 9 15 14 10 9 7 5 7 12 10 13 15 11 9 5 7 7 11 12 11 16 20 8 15 9 10 8 10 6 7 10 7 6 6 1 8 6 14 7 12 13 17 25 23 17 14 10 11 18 8 16 16 21 
139 121 99 71 33 11 4 10 11 9 15 4 6 6 6 9 11 12 13 15 12 8 11 9 10 7 10 7 12 15 15 16 13 5 10 10 12 10 11 9 12 15 14 14 5 4 7 7 14 3 10 8 13 20 18 15 15 12 12 20 7 9 9 11 
82 73 61 46 24 17 18 18 16 9 9 4 5 13 14 13 15 16 20 20 16 11 10 6 12 15 16 11 11 17 21 16 8 3 6 12 14 13 9 3 6 10 4 12 2 3 10 12 16 7 8 3 9 15 17 15 14 13 14 20 14 13 12 17 
35 34 33 30 20 17 17 21 24 18 10 6 8 14 11 5 9 16 21 21 20 13 9 7 11 18 22 17 14 17 22 17 8 2 2 8 9 10 6 6 7 14 16 18 14 12 10 11 17 8 9 3 5 10 12 13 14 12 12 14 11 17 20 24 
15 18 20 24 22 16 9 7 15 15 11 9 9 10 8 1 8 17 17 15 13 13 13 15 17 19 26 25 22 18 17 16 10 7 5 5 4 6 7 9 9 13 15 16 14 14 9 8 16 10 12 10 8 3 6 13 15 17 11 9 15 18 19 17 
18 17 18 25 25 15 10 9 5 9 11 10 10 7 6 3 10 16 16 12 6 10 12 21 21 16 21 22 18 14 10 12 7 2 1 2 7 3 8 9 11 12 11 16 16 16 13 12 17 15 16 14 15 9 6 6 4 9 6 10 16 15 16 16 
21 21 20 26 23 14 11 10 7 8 11 8 9 8 5 6 8 10 12 11 11 9 10 24 22 15 12 16 17 13 6 7 8 1 0 3 9 6 11 9 12 15 12 15 10 11 7 5 10 2 5 2 8 12 10 15 16 13 9 7 12 12 12 12 
24 22 20 24 18 13 13 13 11 11 11 7 10 14 14 15 16 12 10 8 16 13 7 24 23 16 10 11 15 13 6 4 7 7 8 8 11 3 13 13 14 19 11 6 3 10 11 9 8 3 6 5 6 10 8 10 9 4 4 7 11 14 12 15 
27 26 24 23 14 13 17 22 24 21 13 9 13 17 14 16 16 12 12 5 14 15 7 25 21 14 9 9 11 15 14 14 14 15 13 14 14 5 11 15 16 16 12 14 14 18 14 8 6 5 3 5 5 8 8 8 14 10 11 14 13 14 12 14 
21 21 18 17 13 15 18 16 20 19 15 9 12 15 16 17 15 19 15 3 9 17 8 23 17 11 12 13 14 18 14 14 15 18 19 22 19 14 13 16 15 11 12 14 14 16 12 11 10 11 12 14 13 10 13 12 13 12 10 13 11 11 12 16 
14 13 13 16 16 17 18 9 7 11 18 15 14 18 19 18 14 18 11 9 10 18 7 18 14 9 12 10 10 18 11 4 6 15 17 23 18 14 11 14 12 6 11 10 11 12 8 10 8 9 8 10 8 2 15 16 5 6 2 10 3 8 6 11 
14 13 11 9 12 15 18 10 6 8 17 16 20 26 26 22 16 20 11 10 11 15 9 13 11 4 7 10 9 19 10 5 4 12 11 18 7 7 2 10 9 7 15 9 5 8 6 8 6 9 11 12 15 16 18 13 10 10 12 12 6 9 3 6 
11 11 10 10 9 13 17 3 4 5 13 10 15 18 15 10 5 18 11 8 12 12 10 12 15 8 5 9 5 17 6 7 2 11 15 18 6 5 6 9 14 12 16 8 5 9 6 10 6 5 8 14 15 15 16 14 15 15 18 13 15 11 10 8 
15 16 12 6 2 7 13 15 21 20 19 14 17 19 16 13 11 11 10 12 10 10 15 14 20 9 3 7 4 16 6 9 3 6 11 11 5 7 12 9 10 10 13 10 9 8 8 7 1 2 7 11 12 14 15 18 18 17 21 14 18 13 16 16 
9 11 7 6 7 11 15 14 14 11 6 4 12 12 9 7 9 4 5 9 13 14 18 8 18 12 6 7 11 18 8 14 10 11 17 13 9 3 5 5 8 11 10 12 9 6 6 5 6 12 16 16 14 13 15 19 15 15 19 14 19 16 16 15 
7 11 14 10 6 4 5 1 5 8 6 9 13 15 18 17 14 12 5 8 13 11 15 7 17 15 8 5 6 13 3 19 15 12 15 11 14 12 15 16 15 15 10 13 7 9 7 9 8 9 10 8 7 14 16 18 7 7 12 11 17 16 16 15 
10 8 12 12 5 10 10 6 7 8 13 14 11 17 20 18 16 18 9 10 14 10 11 8 18 19 10 12 5 10 4 20 17 9 10 6 11 8 14 20 19 17 12 13 10 14 13 16 10 7 8 8 12 15 15 16 6 6 3 7 12 11 12 11 
13 12 8 9 7 12 11 13 14 12 19 22 13 11 15 12 10 18 8 10 12 10 6 9 18 21 11 21 10 10 3 19 16 9 10 4 14 12 17 23 21 18 14 14 14 17 18 21 18 15 12 11 14 15 12 13 6 8 5 8 11 12 15 16 
16 16 13 11 12 13 10 10 12 12 16 20 19 22 28 31 24 19 9 9 13 15 14 16 17 21 14 28 23 22 20 23 16 11 13 7 17 11 16 22 14 12 6 8 12 13 15 17 14 9 9 14 18 13 9 12 7 9 9 9 8 7 8 9 
26 24 20 18 18 18 15 10 9 9 13 9 8 11 15 22 19 14 13 11 14 15 10 9 10 18 11 21 24 24 21 19 10 7 12 6 16 8 14 24 21 18 15 12 8 10 13 16 13 12 13 17 19 11 5 8 7 8 6 5 8 7 6 8 
23 22 22 22 21 20 18 13 11 12 11 14 18 21 22 24 20 12 13 7 10 12 5 4 5 17 10 16 17 15 7 7 8 8 12 7 17 9 14 15 16 17 15 17 8 8 11 12 8 8 9 14 15 9 8 10 7 7 6 6 10 10 10 15 
19 18 24 26 23 21 23 19 15 14 15 19 18 19 14 18 15 9 18 7 6 10 4 7 5 19 14 19 21 19 7 4 9 9 15 12 21 6 14 14 13 21 15 17 9 7 14 11 3 3 8 15 15 10 9 9 6 7 9 12 13 11 9 17 

7 9 25 20 12 12 8 14 10 9 12 11 12 17 15 18 24 15 15 15 10 14 15 10 5 8 7 6 7 9 10 22 16 3 9 37 103 159 203 241 233 181 122 65 23 11 11 13 22 15 9 16 5 12 13 9 6 4 3 9 16 18 20 25 
5 6 20 16 12 12 9 9 5 8 15 19 19 17 14 17 21 14 13 10 4 10 12 11 11 14 12 9 10 9 10 19 13 4 22 67 133 183 220 243 220 162 105 54 18 9 8 11 19 15 12 16 6 7 12 9 4 2 4 5 12 13 14 18 
11 11 15 7 4 9 12 14 10 8 8 17 21 17 12 16 21 21 18 12 7 10 6 9 7 9 11 13 15 11 10 15 15 27 57 114 177 218 239 241 198 135 81 37 10 7 7 10 16 15 13 16 12 10 11 8 6 6 6 3 7 6 7 10 
11 12 12 5 3 3 6 10 9 13 6 9 12 13 14 14 16 15 14 12 12 15 14 15 11 11 13 18 20 12 9 14 32 59 102 166 220 243 244 222 164 101 55 27 17 17 16 18 17 12 11 13 6 3 4 5 8 10 12 8 10 8 6 7 
3 4 5 6 2 6 7 9 10 12 9 9 11 15 11 6 11 9 10 8 6 12 12 18 13 10 17 18 25 16 9 31 61 102 155 213 243 238 212 168 105 52 24 12 15 17 16 15 12 7 9 12 4 5 8 13 18 11 12 12 15 15 13 17 
2 3 2 7 9 9 6 6 2 9 15 13 13 18 12 17 14 10 11 8 8 11 10 14 11 10 21 13 21 22 34 70 111 157 202 239 242 211 165 111 53 17 5 8 9 6 7 8 9 10 11 16 9 9 9 6 16 10 11 15 10 11 12 19 
12 13 17 25 26 25 21 15 11 11 20 18 12 14 12 17 11 7 6 3 9 10 10 12 13 15 28 15 24 46 74 125 169 202 223 231 207 159 108 59 16 1 5 12 13 11 12 10 9 7 4 13 3 8 13 15 20 16 16 14 10 7 7 12 
12 17 19 26 27 27 26 20 21 21 20 24 13 7 12 17 15 12 7 6 10 8 9 6 8 9 28 22 44 82 124 181 217 228 223 203 161 107 60 25 0 4 13 18 13 11 9 15 12 6 5 14 3 12 9 14 20 14 16 14 11 7 7 13 
11 13 12 19 20 13 19 15 24 29 18 24 12 5 17 13 12 7 2 8 8 12 18 12 14 17 23 33 77 128 176 222 237 223 194 157 113 65 33 16 11 13 21 17 8 12 19 27 18 13 12 19 9 15 14 15 18 12 14 11 9 5 7 11 
8 10 11 16 21 12 13 9 21 28 19 25 15 11 18 6 20 16 16 19 14 9 8 6 10 14 28 65 123 180 222 245 236 198 149 105 68 34 22 17 14 15 20 13 14 16 24 29 16 10 4 18 10 15 16 17 20 15 16 11 7 7 10 13 
6 8 7 10 17 13 14 15 23 22 18 24 13 10 14 12 25 13 14 17 15 19 15 11 16 34 65 114 174 224 246 241 208 155 102 61 34 15 12 10 5 9 14 11 16 18 27 29 16 13 6 18 13 14 18 15 16 12 18 20 13 7 10 15 
12 12 12 15 20 17 16 18 22 18 19 24 20 19 21 23 28 17 13 14 5 8 13 21 35 64 110 162 212 242 234 202 152 98 53 26 16 11 10 12 9 7 11 8 17 19 29 28 18 18 5 16 15 12 18 17 16 8 11 20 19 16 15 12 
12 15 14 12 15 14 8 10 12 8 10 14 17 21 20 21 25 18 15 15 8 7 17 32 56 104 159 206 237 239 202 153 98 53 24 13 15 12 9 6 10 11 12 11 15 21 29 27 20 17 7 14 14 12 15 14 13 8 8 19 18 18 20 17 
11 9 8 7 8 8 6 9 12 14 12 7 4 13 13 11 18 17 15 15 6 13 35 59 97 157 204 231 237 212 160 108 60 30 18 17 13 9 6 3 6 9 7 12 17 21 23 19 13 16 9 11 12 12 15 12 14 12 10 14 11 14 17 12 
18 13 10 9 8 9 7 8 6 6 12 12 11 15 18 15 12 11 11 13 11 26 62 102 153 207 230 231 212 166 108 62 28 17 16 13 10 3 2 7 8 12 7 4 9 14 15 12 10 16 10 11 9 12 13 15 20 18 15 11 8 13 15 11 
10 6 5 9 8 9 9 6 9 8 17 14 4 11 14 15 12 9 4 13 26 55 106 153 195 229 227 203 167 115 63 31 15 15 13 9 9 6 5 9 7 12 13 11 9 9 9 10 11 13 8 8 8 14 14 16 21 19 17 10 4 11 17 16 
10 10 8 11 6 8 9 3 9 12 19 22 18 14 11 8 6 11 18 36 62 103 158 195 216 223 195 154 112 68 34 23 23 20 13 6 3 8 12 14 10 8 8 11 14 13 9 7 6 10 9 8 8 15 13 16 21 19 18 11 10 12 19 22 
14 15 14 13 6 8 11 11 11 10 11 16 21 23 19 15 18 25 37 65 103 151 199 223 224 202 156 107 68 35 14 16 20 18 12 6 3 12 13 8 8 9 15 17 7 5 3 9 8 11 12 12 5 13 15 18 21 18 15 12 13 12 16 23 
6 10 15 15 4 3 10 11 12 14 8 3 4 8 10 11 28 46 67 106 153 196 227 235 212 165 113 69 38 17 4 6 13 12 8 7 5 12 16 12 11 10 14 17 3 4 5 7 5 4 5 13 7 12 16 16 18 13 12 13 10 6 10 14 
19 13 14 10 5 6 9 10 11 14 12 9 9 6 9 20 43 73 107 157 203 225 228 210 164 107 64 35 19 8 2 4 12 14 11 10 8 10 10 6 8 6 9 13 2 2 1 5 7 3 10 13 6 6 9 15 15 7 5 12 8 6 13 8 
10 8 10 5 3 8 11 13 14 18 19 15 13 9 13 34 67 110 155 202 228 224 199 160 108 58 27 13 10 6 5 7 15 13 9 8 8 15 11 8 12 12 13 16 9 5 5 7 9 9 13 14 11 6 7 11 10 10 8 11 10 13 21 17 
10 9 8 6 6 9 14 16 15 18 18 8 4 10 27 62 108 157 200 230 231 203 157 112 67 27 8 8 11 10 9 10 15 9 9 12 19 20 11 4 4 3 4 9 12 14 15 12 6 5 10 7 13 8 9 15 18 22 20 18 19 24 31 32 
18 14 10 7 5 9 12 13 14 16 13 5 13 29 58 106 159 201 228 236 210 161 107 65 29 4 4 7 9 9 10 14 14 4 3 7 17 13 9 4 9 8 7 3 4 6 13 18 16 13 12 4 11 12 8 13 17 21 19 17 18 21 26 31 
19 16 13 11 8 6 8 13 14 12 11 10 33 60 100 157 205 227 230 211 159 102 56 25 3 9 9 10 8 9 8 11 11 2 2 3 15 8 9 7 9 6 4 6 5 5 11 16 17 13 4 6 10 14 12 15 21 23 19 16 16 13 6 11 
16 13 9 6 10 6 8 15 15 14 16 29 67 105 150 199 228 226 203 164 106 57 26 9 7 10 9 12 11 11 12 8 9 7 7 7 9 12 19 16 11 9 8 11 11 11 11 15 16 13 10 7 4 4 7 16 24 22 18 15 14 13 5 10 
10 10 8 3 7 1 4 15 12 15 32 65 117 161 200 229 233 202 159 115 65 31 17 15 18 16 9 10 11 11 16 15 11 10 6 5 5 11 15 9 6 8 11 16 16 11 8 10 13 15 17 15 12 8 11 15 19 18 17 15 16 14 5 7 
18 12 8 3 10 6 5 13 12 37 72 117 172 209 228 230 208 157 105 68 32 11 10 12 18 18 17 15 15 9 7 13 14 18 19 19 17 16 10 6 10 14 16 19 15 5 4 4 2 9 14 15 14 10 11 11 14 15 16 16 18 17 18 21 
25 21 11 6 16 7 7 5 30 71 117 166 214 230 224 200 158 102 58 40 22 15 19 17 14 9 6 11 15 6 5 9 1 4 8 11 13 14 12 15 17 19 20 17 10 8 10 12 11 6 6 12 15 12 9 8 10 11 14 15 12 12 15 20 
24 22 8 9 21 3 11 27 63 111 164 208 234 225 196 154 106 61 32 26 22 20 23 21 15 6 5 10 13 5 6 10 2 4 6 5 6 4 11 18 20 23 14 8 7 16 17 14 15 11 7 8 9 7 6 4 3 4 10 14 11 12 13 13 
23 27 9 10 23 4 33 62 108 164 209 231 227 194 147 97 59 31 15 17 22 22 24 21 14 9 6 7 12 6 9 13 3 5 7 8 10 13 16 18 20 23 10 6 8 22 21 11 14 13 11 3 2 8 11 9 8 2 8 15 13 16 20 20 
23 31 18 15 21 28 69 109 163 209 229 222 192 144 95 55 33 21 8 9 20 20 23 25 21 18 19 18 15 12 14 16 6 0 6 11 13 12 13 11 13 20 15 15 18 24 22 16 18 19 16 10 8 7 10 11 11 9 9 12 10 12 14 15 
20 25 17 18 31 69 121 167 212 234 224 194 147 97 60 34 26 23 12 6 16 16 18 18 15 13 18 20 15 13 14 16 15 13 10 11 12 12 14 8 9 19 15 18 18 17 17 12 8 15 10 10 16 12 3 7 12 15 16 14 6 0 4 7 
29 23 10 19 56 115 174 215 242 237 202 152 98 56 31 13 12 14 8 14 15 13 12 12 14 12 14 12 10 10 11 11 10 8 12 7 7 12 14 10 4 11 7 17 13 7 9 8 11 16 5 3 15 15 4 6 11 19 23 18 10 6 6 9 
18 9 15 48 99 162 213 239 244 212 153 96 49 22 16 9 9 12 12 15 13 9 6 11 15 9 14 9 10 9 10 9 8 5 14 10 10 15 16 15 11 10 9 20 16 13 10 8 9 13 5 8 23 22 13 10 11 21 24 16 7 4 7 11 
9 23 52 98 154 204 233 236 213 160 99 53 24 16 20 16 18 17 20 19 13 8 6 10 16 6 12 3 9 8 7 9 12 10 16 17 17 18 21 19 15 12 12 23 14 12 10 10 13 18 13 14 24 19 8 3 6 18 25 21 14 12 13 15 
34 57 95 149 199 230 233 212 168 111 64 36 22 18 18 9 6 9 18 18 10 6 5 9 17 8 10 4 10 10 12 14 12 7 11 6 1 6 11 14 17 13 12 24 10 12 14 17 21 18 13 14 22 19 13 10 5 12 15 16 11 7 10 14 
82 108 149 199 230 235 214 172 121 72 36 21 20 16 13 5 3 8 12 17 9 6 9 9 15 12 7 4 10 11 7 5 6 7 4 7 7 5 8 12 13 11 12 21 11 15 12 13 15 11 11 13 20 15 12 16 14 18 12 14 10 2 5 9 
138 164 199 234 238 217 172 120 74 37 14 9 15 17 15 13 13 13 14 22 15 14 15 10 8 7 6 6 7 13 8 4 7 11 3 13 4 4 3 7 6 7 13 18 12 14 10 11 9 10 12 15 18 15 16 19 20 23 16 15 11 6 8 10 
171 193 216 232 212 170 113 67 37 17 5 9 8 11 6 2 3 7 4 17 11 10 13 11 7 8 9 8 10 15 11 9 11 10 7 14 4 10 5 10 8 6 8 14 12 14 10 12 5 10 8 15 20 24 26 27 28 26 19 15 8 6 6 5 
206 212 214 207 168 117 66 34 18 12 10 10 5 8 4 9 11 15 12 16 11 9 6 9 10 12 11 10 9 11 9 11 20 15 15 16 9 14 11 11 11 8 5 15 15 13 9 9 6 15 3 4 9 15 19 21 24 23 18 15 12 15 8 6 
215 205 189 165 115 67 30 11 6 12 12 7 6 10 4 11 12 14 15 19 15 12 7 9 14 16 16 15 13 10 12 19 25 17 18 11 3 9 6 8 10 10 8 16 17 15 12 9 8 15 3 2 7 14 17 18 20 15 8 9 7 16 11 14 
181 167 145 115 67 29 5 6 9 17 20 15 14 11 8 16 18 15 13 18 16 16 13 7 8 12 16 17 18 16 13 16 20 8 15 5 8 7 6 6 9 11 6 15 19 16 15 10 11 14 3 6 8 12 13 11 11 6 1 12 12 18 16 18 
135 118 99 72 34 9 4 7 5 13 20 14 18 13 11 15 15 14 11 13 9 13 15 11 12 9 11 13 17 19 18 18 17 7 12 5 10 7 8 9 6 11 4 11 16 12 12 6 12 12 6 7 10 16 14 10 8 2 5 17 17 19 17 17 
93 80 66 46 19 8 4 9 10 15 21 11 13 5 11 15 16 14 10 10 6 8 15 10 12 10 13 11 15 20 21 19 13 6 8 8 10 8 9 10 11 15 11 12 10 7 11 7 15 12 10 7 7 11 9 2 5 2 7 19 17 14 13 14 
46 43 40 31 20 18 18 19 15 14 18 11 10 13 19 20 19 15 14 11 8 10 14 7 11 15 18 14 15 23 26 21 11 5 3 6 9 8 4 5 5 11 2 8 5 4 14 9 16 13 12 10 6 7 9 6 2 8 12 21 19 13 11 14 
19 19 23 22 16 17 18 24 26 18 11 8 5 11 16 15 18 18 17 17 19 18 17 9 11 19 23 20 15 20 25 21 14 7 3 3 6 8 7 7 8 17 21 19 15 12 13 6 16 13 12 12 10 5 5 3 5 7 8 13 7 7 12 18 
14 13 18 23 15 8 4 8 16 15 10 6 4 9 15 14 15 17 12 14 15 19 18 16 19 25 29 29 25 21 21 15 9 5 2 5 9 7 12 9 8 7 9 8 10 9 6 2 13 13 14 13 15 6 4 9 11 12 7 5 6 13 15 13 
18 15 15 20 12 3 3 3 5 9 11 8 8 11 14 12 13 14 12 13 9 13 8 20 25 28 31 28 22 15 14 10 6 5 4 6 8 4 11 7 10 9 6 12 17 16 11 8 9 10 12 10 14 9 4 8 4 8 4 5 11 15 17 16 
25 19 16 19 8 3 4 5 5 8 11 7 9 10 8 8 10 9 9 12 15 13 4 22 24 26 27 24 21 13 10 6 6 4 4 4 6 6 11 7 13 15 13 19 21 19 14 10 7 1 5 4 9 11 9 15 14 11 6 5 11 13 13 13 
27 19 15 18 5 7 8 8 6 7 9 2 1 7 6 9 12 5 3 6 17 15 4 22 22 21 21 18 21 15 7 1 6 10 11 11 11 8 12 11 17 18 9 11 13 12 11 8 4 3 4 3 5 10 12 13 13 5 3 10 12 16 13 16 
23 17 14 13 3 11 15 21 22 17 10 6 8 14 17 20 22 17 13 8 12 17 9 25 19 13 14 9 12 10 9 10 11 16 16 18 17 9 6 13 19 19 18 19 16 15 12 4 2 7 5 6 6 9 12 9 17 10 9 17 13 16 15 17 
16 11 8 10 10 12 16 19 22 20 14 9 10 18 24 27 28 25 16 9 6 18 11 22 12 9 14 15 16 15 14 15 15 18 21 24 22 18 12 15 17 10 9 11 9 10 8 8 7 13 13 15 15 12 15 11 13 13 12 20 17 18 18 19 
9 8 8 12 10 11 16 13 11 16 18 13 11 18 22 25 26 23 12 15 11 19 10 17 9 4 8 8 9 12 8 8 9 14 16 21 15 14 11 16 16 7 4 5 9 12 9 8 7 14 12 12 11 7 15 15 5 8 10 18 15 18 19 21 
10 9 5 3 6 10 18 14 9 13 18 16 17 25 30 30 28 24 12 12 3 14 11 17 12 7 4 2 6 14 6 3 5 11 11 17 7 7 4 9 11 11 13 12 13 15 13 10 9 15 15 19 20 19 18 10 2 6 14 15 13 15 16 15 
13 14 13 12 11 12 19 12 4 7 13 9 6 14 16 17 14 16 7 5 9 14 12 18 19 14 11 6 4 14 5 5 4 11 14 16 5 5 7 6 10 13 12 9 11 11 12 12 7 9 9 14 14 12 9 4 4 6 18 9 13 7 7 3 
16 18 16 9 5 5 14 16 16 16 16 11 7 10 11 12 7 6 9 12 10 12 14 18 24 17 14 8 5 15 10 10 5 3 8 10 6 7 12 10 6 9 8 11 16 11 13 9 5 4 6 9 9 6 5 15 15 14 18 3 14 5 9 14 
7 11 10 8 8 9 15 16 13 10 8 11 12 8 4 5 5 5 6 9 13 15 17 15 26 24 20 15 12 18 10 12 11 9 14 13 11 7 6 5 0 7 5 14 16 7 10 8 6 8 15 17 13 6 12 18 13 13 12 7 18 13 18 26 
6 9 15 15 10 4 3 4 6 11 12 17 19 14 13 15 15 14 10 14 18 15 14 15 28 29 25 22 15 14 6 14 18 15 15 12 12 15 19 18 14 9 2 17 12 6 8 10 9 10 15 10 1 8 14 18 4 6 6 8 17 15 20 27 
11 10 13 18 11 11 11 8 10 11 15 20 23 24 25 24 20 19 11 12 14 7 6 9 23 26 18 24 15 13 7 16 18 11 6 2 6 7 6 7 11 11 15 25 19 17 13 13 8 6 11 5 9 13 16 19 9 10 7 9 11 11 15 22 
15 18 15 14 6 9 6 9 13 11 19 22 22 24 26 23 17 17 8 10 11 4 6 10 16 21 10 22 10 10 8 20 16 10 8 4 8 12 15 21 20 15 18 26 21 20 15 15 12 12 12 5 11 14 15 16 7 4 8 14 10 9 12 15 
15 17 16 12 10 15 9 8 11 5 12 15 18 24 31 34 28 19 9 7 9 9 12 16 16 19 9 24 16 17 19 26 19 14 13 9 13 13 18 23 16 8 12 18 16 18 12 9 2 6 8 9 15 13 12 12 8 11 14 13 6 3 2 1 
20 18 16 12 13 17 16 15 15 11 14 7 4 14 17 22 23 16 15 12 11 10 12 8 7 14 5 16 17 20 23 25 15 12 12 9 14 15 17 23 20 16 19 21 13 14 13 12 7 9 12 15 15 9 9 7 8 12 12 10 7 1 6 10 
18 17 18 16 18 19 19 19 18 15 12 10 12 20 20 17 18 13 17 11 10 9 12 2 1 13 7 9 5 4 10 15 11 11 13 12 16 17 19 19 15 14 14 23 12 11 12 10 6 7 10 10 7 8 13 10 10 15 16 16 13 8 10 14 
7 11 17 22 24 21 22 22 18 13 13 18 16 20 16 9 12 11 20 9 9 8 13 5 3 13 12 12 9 4 10 14 13 11 15 16 20 10 13 15 12 20 8 21 11 9 15 11 8 7 10 10 6 11 15 6 13 18 21 21 16 9 11 18 

12 11 18 11 12 16 16 15 13 9 7 6 12 18 15 10 15 7 4 3 7 14 18 10 6 12 11 12 13 12 13 23 15 16 35 88 159 205 229 235 192 123 68 30 13 5 7 7 18 19 15 22 9 5 10 8 6 5 8 6 5 6 10 20 
9 7 16 11 9 12 9 8 10 9 11 9 9 12 9 9 14 8 4 6 10 13 18 15 14 17 17 14 13 11 11 18 15 31 61 121 185 218 231 225 172 104 56 24 11 2 1 3 13 16 14 20 10 2 8 8 4 3 5 6 3 7 11 17 
15 12 13 6 4 9 8 6 4 4 11 15 15 11 5 8 16 18 18 14 12 11 11 11 9 10 12 12 12 6 3 13 34 65 107 170 220 236 233 208 145 81 39 16 10 5 2 0 8 11 11 17 12 10 10 10 10 10 8 6 5 5 8 13 
9 9 9 5 4 4 3 5 5 7 7 8 7 6 10 8 9 9 12 18 14 15 13 13 5 2 9 12 18 9 6 31 66 106 157 213 242 237 214 171 107 55 25 15 15 15 13 15 15 11 12 15 7 3 4 9 14 12 14 14 13 11 3 7 
7 7 9 9 6 3 5 8 7 6 6 4 4 9 8 7 12 11 12 14 6 10 11 17 10 6 17 12 25 15 25 66 107 154 203 239 237 205 161 108 54 22 11 9 16 18 14 13 10 5 9 13 2 3 4 10 19 6 7 10 11 15 10 12 
4 5 6 10 12 6 6 9 8 6 9 9 9 12 8 14 12 9 10 9 3 9 5 13 7 7 22 6 28 36 63 119 165 205 237 245 214 164 111 60 19 10 10 11 10 3 3 5 5 8 11 15 6 9 10 6 18 6 7 11 2 11 6 10 
10 12 17 23 23 19 17 11 10 8 11 12 9 12 15 19 13 9 9 3 7 10 9 13 14 18 30 20 48 77 117 179 215 230 233 210 158 105 61 24 0 4 6 12 10 5 11 9 5 7 9 13 1 9 10 12 18 10 12 10 5 10 7 11 
8 13 17 22 23 20 20 13 15 15 15 19 13 7 16 19 17 13 8 6 10 7 8 10 13 13 27 36 82 126 173 225 237 222 197 155 100 57 27 9 6 3 11 15 7 9 17 16 13 7 9 12 1 14 8 14 18 11 12 12 9 10 10 13 
10 15 15 18 20 10 14 10 20 23 7 17 15 15 21 10 8 5 2 10 8 7 15 11 9 6 24 63 128 182 221 247 229 189 145 100 59 29 15 10 7 7 15 12 6 15 26 27 20 15 15 18 6 16 11 9 11 6 7 0 4 4 4 7 
10 11 11 14 17 8 7 6 20 23 11 20 20 21 23 7 15 12 12 16 10 7 6 8 5 24 59 115 181 228 248 243 203 146 94 54 26 14 16 18 15 13 14 6 12 15 24 21 9 9 9 17 6 16 15 9 10 9 10 7 6 5 6 7 
2 7 7 9 14 10 11 15 24 18 9 18 20 22 20 8 17 9 10 16 12 18 17 20 32 66 115 171 224 253 245 212 156 95 48 20 10 15 16 14 9 10 11 9 15 14 23 19 10 14 9 16 10 17 21 12 7 8 14 19 16 7 5 8 
11 11 12 15 18 16 15 18 23 14 12 19 23 26 21 14 18 13 12 17 10 12 23 41 64 111 167 214 246 248 210 155 97 47 13 5 14 17 14 14 13 9 10 12 18 17 24 17 13 20 10 15 11 15 21 17 12 10 3 12 15 10 12 14 
9 10 9 9 11 8 5 12 17 6 4 10 16 24 19 13 16 13 12 18 10 14 36 62 98 158 209 237 244 217 160 102 54 23 8 11 15 16 12 9 13 12 9 10 15 14 23 15 19 23 9 11 8 15 19 12 7 13 12 16 16 13 19 23 
12 11 10 9 9 9 9 14 16 14 12 6 6 16 12 6 11 12 14 18 13 30 65 101 148 206 236 236 216 169 108 60 27 11 9 13 12 12 12 8 10 10 4 10 11 10 15 10 18 20 5 6 9 15 17 8 8 15 15 16 12 12 16 17 
14 11 9 6 3 8 7 10 9 6 10 8 8 16 16 13 12 11 12 18 24 55 104 151 197 236 237 211 171 116 62 27 9 7 12 10 8 6 6 6 9 12 8 10 6 7 10 6 16 18 7 9 7 10 12 13 18 23 21 16 11 9 10 12 
10 6 5 6 4 7 7 8 9 7 15 14 8 12 15 15 17 17 16 31 52 93 150 190 215 228 205 162 116 67 32 18 14 9 12 8 7 9 5 7 10 15 15 16 7 4 8 11 16 15 8 9 4 8 3 7 16 21 21 18 13 8 9 9 
11 10 7 9 6 6 8 3 4 6 15 21 20 15 11 6 11 18 34 63 97 144 193 213 211 195 152 104 62 28 14 19 23 17 14 7 3 12 11 12 12 15 18 20 14 11 5 4 10 13 12 11 4 11 9 11 17 21 19 16 16 15 17 20 
13 12 10 14 9 9 12 11 8 4 5 14 20 20 16 12 23 35 60 100 141 185 217 220 198 157 105 63 32 12 12 17 20 16 11 7 3 13 12 6 7 11 19 19 8 6 5 5 9 15 16 16 5 8 12 14 17 16 16 17 21 21 25 33 
5 8 12 16 12 3 6 5 6 9 6 4 3 3 8 22 46 68 99 146 186 214 224 208 165 111 64 34 15 10 11 11 13 10 3 7 9 12 12 10 12 13 16 15 7 7 7 5 6 6 7 16 10 10 12 10 14 8 6 11 14 13 16 22 
22 17 14 12 12 9 7 4 4 4 9 7 7 7 15 39 73 108 148 194 220 221 202 162 108 57 27 18 16 15 14 9 10 11 9 15 17 16 12 9 6 6 9 9 9 8 8 7 6 1 10 14 7 4 8 16 20 13 10 9 9 12 21 26 
13 11 9 7 7 7 6 5 4 7 16 15 12 14 29 65 109 154 193 221 220 196 155 108 62 27 18 23 23 21 19 12 12 13 11 18 20 21 16 14 13 12 13 14 15 12 12 14 13 11 12 14 13 6 12 14 11 3 5 5 8 13 22 27 
8 9 7 3 3 6 9 10 9 15 17 11 13 30 61 108 157 198 221 222 198 158 109 69 38 17 18 23 22 22 22 13 14 10 10 19 24 22 13 9 7 3 3 8 14 16 16 13 9 8 10 10 15 5 12 14 10 10 11 8 9 17 23 24 
16 13 9 8 4 9 12 10 11 14 11 14 31 61 105 159 202 225 228 207 161 112 67 35 14 10 14 18 18 19 20 13 12 5 10 18 22 16 12 11 10 7 6 7 11 12 18 17 10 9 12 9 14 8 11 14 6 9 9 9 16 23 24 29 
14 13 11 12 7 2 7 9 4 5 12 30 64 105 154 203 229 227 206 166 107 62 30 10 5 7 8 13 14 15 15 8 8 7 14 18 21 13 13 14 8 4 6 9 12 7 13 16 13 12 9 11 17 15 14 12 5 8 6 8 18 17 7 10 
16 14 9 7 9 5 7 10 3 9 26 61 111 156 199 229 230 201 161 114 61 31 15 8 9 6 6 10 15 16 17 6 7 12 16 19 19 16 20 17 10 7 7 8 9 5 11 15 16 16 16 12 11 8 5 5 7 8 7 9 19 17 8 9 
14 15 12 9 15 13 13 14 3 25 58 108 168 206 230 234 208 157 109 70 33 18 15 16 19 17 10 4 6 7 17 13 12 17 19 20 18 18 19 13 6 4 3 7 11 7 13 17 20 22 22 18 13 7 8 8 8 8 10 12 21 19 14 15 
16 12 6 7 16 13 13 9 24 68 115 167 217 234 230 209 164 106 64 41 16 9 10 10 18 18 15 14 14 8 8 11 15 23 27 28 25 23 18 13 14 18 18 16 15 9 11 14 14 18 19 14 8 6 8 5 6 6 8 9 18 18 18 20 
24 22 14 11 18 6 7 20 61 116 167 210 239 231 202 161 112 61 33 30 17 10 14 7 14 11 1 7 11 7 12 16 15 21 27 28 27 25 21 20 20 23 22 18 13 13 13 13 8 10 10 9 8 7 8 5 6 7 9 8 10 11 14 18 
21 20 8 11 20 9 30 59 106 164 209 233 235 201 154 109 68 34 20 23 18 10 15 11 14 8 1 8 11 9 10 16 14 18 23 21 18 19 22 23 20 21 10 15 16 18 14 11 9 7 4 8 10 13 14 11 9 6 7 8 2 7 9 12 
21 24 9 11 21 33 70 110 162 214 238 233 204 152 100 61 37 17 14 20 18 12 13 9 8 2 5 9 14 14 13 18 14 16 17 12 7 6 18 19 18 21 2 12 12 17 15 6 10 8 7 3 5 11 11 9 9 7 9 9 6 7 8 10 
22 27 16 19 35 71 121 166 211 239 233 199 152 100 59 34 23 13 9 13 17 13 16 18 16 13 14 12 11 13 13 18 13 10 10 3 2 3 17 14 14 20 11 19 20 20 18 14 18 16 15 15 15 11 2 5 8 12 15 12 7 5 5 5 
25 22 9 31 64 120 178 215 237 235 201 152 102 60 34 21 17 15 10 2 13 12 12 14 12 9 15 17 13 13 10 10 11 12 12 7 8 7 18 12 14 22 15 21 18 14 13 8 4 9 9 12 20 20 8 3 5 11 18 17 13 11 10 10 
35 22 17 53 104 172 224 242 240 211 157 103 58 28 11 2 8 13 9 11 14 13 7 6 10 2 7 6 6 8 6 3 3 8 11 1 8 9 15 12 12 20 13 18 10 6 7 5 5 10 7 7 17 20 10 7 1 11 19 19 15 13 13 13 
13 9 47 96 155 214 244 241 217 164 99 52 21 7 9 5 9 15 12 13 11 13 8 10 14 6 8 4 8 6 6 4 2 7 11 6 10 15 12 12 13 15 12 19 17 17 16 14 15 16 8 6 20 21 14 11 8 14 18 16 12 8 6 8 
28 53 97 152 204 237 239 213 167 105 53 24 11 7 18 19 21 21 19 18 11 12 7 8 15 8 6 3 11 5 3 5 7 12 15 17 18 18 16 17 17 13 9 18 13 9 9 10 13 21 15 13 21 19 12 9 7 14 19 20 15 13 13 14 
71 101 144 196 232 238 214 170 118 63 32 21 17 15 20 16 12 16 15 18 8 11 9 8 16 12 8 4 12 10 9 13 13 12 13 9 6 9 8 15 17 11 5 17 11 10 12 15 19 21 13 12 18 17 13 10 7 10 10 13 11 9 11 15 
128 154 188 225 233 213 171 121 74 33 17 14 17 15 17 13 9 14 14 18 9 12 10 8 13 12 8 5 13 14 9 7 5 8 8 9 10 8 7 12 13 8 3 15 9 10 6 8 15 17 12 13 17 12 11 8 11 15 11 10 8 2 4 9 
179 198 218 233 214 172 119 74 39 12 11 11 18 21 22 18 15 16 18 23 16 17 14 9 9 8 10 11 14 14 6 2 6 11 10 14 8 7 9 12 9 6 9 15 8 12 4 5 9 11 9 14 13 11 12 11 18 17 8 6 5 9 13 14 
196 206 211 207 168 117 66 35 20 8 6 13 15 19 16 8 10 14 17 23 17 18 18 13 12 15 17 18 17 13 7 7 10 7 9 14 7 11 8 13 11 9 12 11 6 14 8 12 10 12 5 13 16 21 22 21 24 19 11 6 3 10 10 7 
203 197 183 160 111 64 27 14 12 6 8 12 11 12 8 11 14 17 17 20 15 16 13 13 13 16 15 18 18 12 6 10 18 12 12 15 9 12 5 4 5 8 11 11 3 10 3 11 5 16 4 5 6 10 13 11 17 15 13 11 12 16 9 9 
186 168 143 110 64 28 4 5 11 11 9 6 13 15 9 15 15 17 18 22 18 19 14 11 14 17 17 20 20 14 13 21 27 16 16 10 8 12 4 5 8 13 13 12 10 13 10 15 8 15 2 3 9 11 12 7 10 5 7 5 6 15 9 14 
136 121 99 68 32 11 5 6 11 15 16 6 18 16 13 20 16 15 13 17 16 20 16 11 13 15 16 18 18 18 17 23 23 8 13 6 15 14 9 5 8 14 9 12 13 12 13 16 10 12 0 6 13 14 12 5 3 6 7 10 9 14 13 14 
88 75 59 36 13 5 7 4 10 16 19 9 23 16 14 17 13 15 10 13 10 15 15 12 17 15 11 9 14 18 20 24 21 13 17 13 15 14 15 8 7 14 8 13 15 11 14 12 8 8 4 8 15 21 20 17 13 6 8 15 13 16 17 17 
59 49 38 22 11 6 6 8 11 16 19 12 24 9 11 14 14 14 6 8 5 11 15 13 17 15 12 6 12 18 22 25 19 13 16 17 17 17 16 11 9 14 7 6 6 7 16 11 11 7 6 5 10 16 15 12 12 8 11 18 15 13 17 18 
26 24 22 18 20 19 17 14 8 11 15 11 20 13 18 19 18 12 6 5 4 10 16 12 13 14 14 6 10 20 24 23 15 6 6 9 13 13 11 9 8 14 4 4 3 8 17 7 12 8 8 9 7 12 14 12 9 9 11 16 16 12 12 14 
17 13 14 13 12 17 18 22 22 12 9 10 12 9 13 16 18 12 9 18 22 22 22 14 8 12 14 9 8 17 22 20 14 5 3 6 10 13 12 10 9 17 21 18 14 11 13 3 8 3 4 11 12 10 11 8 8 9 9 13 11 7 6 12 
15 11 12 16 3 3 3 8 15 12 6 7 7 5 4 5 9 6 8 18 21 23 21 13 6 7 15 21 19 21 21 16 11 10 13 14 12 10 15 12 11 5 4 2 4 5 7 7 6 1 4 8 12 7 8 11 12 12 8 8 3 3 4 5 
17 10 7 14 5 7 6 4 7 8 8 4 7 10 9 5 8 7 9 17 13 12 6 9 11 9 14 18 15 15 18 14 13 15 17 17 11 10 13 9 13 6 4 4 8 11 12 11 8 6 7 5 11 8 6 9 7 8 2 7 7 9 10 9 
15 7 9 16 7 8 6 4 7 10 12 4 7 12 13 13 14 11 5 15 17 12 2 13 16 14 15 15 14 12 15 9 12 15 18 19 11 8 8 8 15 10 10 14 17 18 18 15 11 8 6 1 10 11 9 14 12 9 3 10 10 12 13 14 
9 5 11 18 9 7 5 4 3 7 12 5 4 5 10 13 18 15 7 8 16 15 5 17 21 18 18 16 19 14 11 6 9 14 17 15 5 7 9 11 18 14 8 11 11 13 16 13 10 6 3 5 10 14 15 14 17 6 3 14 8 13 14 18 
13 14 15 17 12 11 13 18 17 11 8 6 4 4 12 15 20 18 15 7 10 17 11 21 19 10 10 3 9 6 9 9 13 15 17 17 15 15 10 9 18 17 18 15 9 8 10 7 7 3 4 10 10 12 10 6 18 9 6 18 6 11 13 17 
19 18 18 17 12 8 11 19 21 17 6 6 5 9 15 16 19 15 9 12 9 18 13 17 9 5 11 14 16 15 16 18 20 20 19 20 21 22 18 9 13 7 6 9 8 7 8 4 5 7 11 17 15 14 11 6 13 11 8 19 10 12 14 15 
21 19 16 13 8 3 10 15 14 16 13 11 11 9 10 14 16 12 9 18 12 18 12 14 6 4 1 3 8 11 12 16 17 15 12 14 12 15 14 7 12 6 3 10 11 10 12 3 5 9 12 15 14 11 10 10 8 12 12 16 10 14 16 18 
20 18 11 6 4 3 15 18 13 14 14 13 16 19 23 26 25 19 12 15 6 12 10 16 12 12 11 11 12 15 10 10 11 12 9 12 8 8 9 3 10 12 14 17 16 11 12 3 5 8 14 18 18 16 10 7 9 11 17 11 11 12 13 14 
13 12 7 8 11 11 19 19 12 10 9 5 6 8 12 17 17 16 10 8 6 12 11 18 17 14 14 13 12 17 12 12 12 16 13 12 5 4 6 3 9 11 8 15 16 7 8 4 4 3 5 12 10 6 7 11 15 16 21 9 15 6 8 13 
8 12 12 9 10 10 13 16 11 8 8 7 7 3 5 9 1 7 13 12 8 10 12 20 25 19 17 14 11 18 15 16 13 10 5 6 1 4 9 10 9 9 8 16 18 6 9 3 3 3 6 10 6 3 12 20 21 22 19 10 18 6 9 13 
7 9 9 7 6 9 11 14 13 7 15 23 24 20 16 12 6 6 7 7 11 12 12 17 26 23 20 18 14 20 16 15 14 7 8 11 10 9 4 7 4 5 6 14 15 1 4 4 6 6 13 16 12 10 16 19 14 16 11 13 16 3 8 11 
12 12 9 11 9 9 6 6 14 13 17 24 23 18 17 17 14 10 7 13 18 15 13 18 28 25 18 23 18 20 17 13 18 14 13 13 12 17 20 19 14 9 5 15 13 4 3 6 9 10 16 13 4 8 17 20 9 10 7 14 15 6 9 12 
17 15 8 12 5 12 15 10 17 12 16 25 28 24 25 24 20 14 7 13 15 10 9 14 27 26 15 24 18 18 17 18 21 12 6 3 2 4 4 3 8 14 22 29 25 19 13 11 8 6 11 8 8 13 17 19 10 9 8 15 10 7 9 10 
19 22 18 16 10 6 5 5 16 8 14 19 23 22 22 21 14 10 5 11 12 4 7 10 17 22 10 22 16 17 17 21 16 7 4 4 3 9 6 14 16 16 21 24 14 15 11 12 11 8 10 5 10 14 17 15 8 4 12 18 6 1 4 5 
14 17 18 15 14 16 9 7 15 5 11 7 12 16 20 25 22 13 8 10 7 5 12 15 16 17 7 21 17 19 23 24 15 9 9 9 9 11 10 18 12 10 18 19 13 19 12 11 9 5 7 9 13 13 15 14 13 15 17 14 5 6 8 13 
16 15 15 12 10 12 9 9 16 16 23 18 13 14 9 9 16 13 16 13 5 3 12 7 5 11 2 12 13 18 23 23 13 6 6 8 6 11 7 19 15 14 23 22 13 14 10 12 12 10 12 15 12 10 12 9 12 13 11 9 3 8 11 13 
17 15 16 12 12 12 8 8 15 16 19 17 15 18 17 10 13 12 20 14 8 1 15 6 4 8 5 6 2 7 13 12 9 3 7 13 11 16 15 19 11 6 19 25 15 12 9 8 11 10 11 9 6 8 15 12 14 11 9 9 7 12 17 16 
12 7 9 10 13 12 10 7 12 13 17 23 21 21 20 12 11 10 20 12 10 4 19 9 10 5 5 7 6 9 15 11 13 3 12 18 16 9 10 18 11 16 12 23 15 13 15 10 12 12 14 11 6 7 15 12 20 15 11 9 10 17 24 21 

10 10 10 5 10 12 12 9 10 8 8 8 9 14 12 8 9 4 4 9 9 13 19 15 15 13 10 9 10 10 12 20 19 50 85 151 215 236 231 204 133 63 26 10 14 9 9 9 11 17 18 26 15 5 9 9 7 6 5 13 5 4 13 18 
11 11 11 4 6 10 9 6 9 7 6 5 4 8 8 8 10 6 9 9 8 10 15 14 15 15 16 16 16 14 12 15 34 71 113 179 229 235 221 186 113 50 19 9 9 6 8 8 7 12 17 24 14 5 6 12 7 8 3 11 3 7 18 20 
13 14 10 3 3 7 7 3 7 8 12 15 13 10 3 6 13 14 19 17 9 7 5 7 12 11 15 16 17 11 10 27 66 110 159 217 245 234 206 160 90 37 11 7 7 8 8 5 3 7 14 19 13 9 9 14 12 13 9 9 4 5 14 18 
5 7 5 1 3 8 8 9 11 10 9 9 8 5 7 6 8 9 16 21 13 14 12 7 8 3 12 11 19 14 26 64 110 155 201 239 241 211 169 120 61 24 13 10 13 14 12 10 11 11 15 17 9 2 3 11 15 12 13 13 12 11 6 9 
13 11 10 8 6 11 11 12 13 10 6 6 8 12 10 6 9 8 9 16 6 10 11 15 10 8 20 12 31 35 63 116 161 198 229 239 212 164 114 68 29 11 9 9 14 15 11 10 11 8 13 16 7 6 5 10 17 6 6 8 10 12 7 10 
4 4 3 7 15 12 12 14 15 15 6 3 8 12 11 15 16 13 13 15 10 11 6 13 8 10 25 23 55 76 115 177 213 231 240 221 171 119 72 34 17 15 12 10 6 6 9 8 8 9 13 17 11 12 14 10 14 2 3 7 7 10 2 3 
12 12 15 19 22 15 15 14 17 18 8 6 9 14 18 23 21 18 17 15 13 11 7 11 9 15 31 48 93 130 173 228 240 228 208 162 102 62 33 13 10 14 14 13 7 6 9 8 7 8 12 15 11 12 11 11 12 6 7 6 7 11 7 9 
6 7 9 15 20 12 13 10 16 21 15 16 13 9 17 22 25 22 18 15 11 4 5 6 10 20 41 80 141 186 221 252 234 192 150 97 49 27 18 11 12 19 18 14 4 9 12 11 10 6 11 13 10 14 7 11 13 9 9 11 9 11 12 14 
12 8 7 12 17 5 7 5 17 23 5 10 11 16 22 17 17 15 12 13 8 4 10 6 5 28 61 118 189 230 245 246 201 141 95 54 23 12 11 8 14 21 19 10 6 12 17 15 15 11 11 10 6 13 11 12 10 8 5 1 6 5 4 4 
22 16 13 13 14 9 9 7 19 22 6 10 12 21 24 13 13 8 7 16 12 11 5 9 22 58 105 166 226 248 239 213 155 94 54 26 9 7 12 12 15 19 16 8 10 12 16 8 12 14 13 11 2 15 15 9 9 10 8 7 9 2 5 3 
15 10 6 6 9 12 15 18 27 20 9 10 12 24 21 12 11 5 4 18 13 17 24 38 63 111 162 210 244 240 205 159 100 48 20 11 8 7 13 12 11 15 13 10 13 12 16 10 15 18 15 13 5 16 21 10 3 7 11 17 18 10 9 5 
17 13 12 14 13 15 16 16 24 12 9 9 14 27 20 10 8 7 9 21 17 22 43 71 108 163 206 231 239 208 151 99 54 22 12 8 4 5 9 12 14 13 9 12 17 16 19 8 17 24 17 13 7 15 21 13 6 7 7 9 14 7 7 8 
7 7 6 7 5 2 5 9 20 10 6 2 8 24 17 6 7 9 12 23 23 39 70 107 153 205 229 227 208 158 97 55 29 13 6 1 7 9 8 10 15 14 8 11 15 15 21 9 21 24 12 9 5 18 21 9 6 12 16 19 18 12 16 20 
2 3 5 6 4 4 7 10 18 15 13 11 9 19 13 7 8 10 15 25 36 67 112 156 201 237 234 205 163 106 53 26 15 11 6 9 10 11 11 9 13 10 2 11 13 13 17 10 18 21 4 9 12 17 17 7 11 15 18 18 12 11 15 18 
12 9 8 2 2 8 7 7 9 6 8 8 3 15 15 12 14 15 22 36 60 106 158 200 231 243 213 167 115 62 25 12 8 9 8 7 6 7 9 7 12 10 7 13 10 11 15 11 18 20 8 8 9 10 14 15 16 15 15 9 2 6 13 17 
15 11 9 6 5 6 7 6 8 7 11 11 5 9 14 13 18 22 35 62 100 151 196 220 223 207 162 111 64 27 17 15 11 7 9 5 8 11 6 4 10 7 9 14 6 8 14 15 18 18 12 11 10 7 7 10 8 11 12 13 10 7 10 15 
15 12 7 6 7 5 9 4 4 4 9 15 17 11 10 10 23 34 61 103 147 190 218 219 195 154 106 62 23 4 11 15 17 14 11 6 7 15 12 8 11 3 12 15 9 7 6 9 14 20 18 17 10 3 2 7 8 11 12 12 12 9 10 11 
11 11 7 11 11 10 15 13 9 4 2 9 16 14 7 17 42 62 96 143 182 209 217 201 161 109 66 36 9 9 11 12 16 13 11 10 9 15 15 8 9 2 15 15 8 4 3 9 15 20 20 20 14 2 9 12 12 13 14 17 21 21 25 30 
7 9 10 15 17 6 7 4 4 7 5 5 6 12 18 43 77 105 142 186 213 219 203 169 117 64 31 17 8 12 13 9 11 12 9 10 11 12 10 9 12 13 15 12 9 9 10 11 16 15 16 22 18 12 10 9 15 14 14 17 18 17 19 20 
22 18 15 12 13 9 9 9 10 11 10 6 7 21 38 73 117 153 188 219 223 201 161 115 62 19 14 21 21 19 17 12 7 9 4 4 7 7 6 8 1 1 9 11 15 13 12 10 12 10 15 15 12 4 7 17 21 17 16 15 16 20 25 27 
22 20 18 15 12 10 10 9 12 16 16 9 13 37 68 115 164 197 217 221 199 157 110 68 30 13 21 24 24 21 19 16 8 9 4 4 4 7 8 10 10 8 12 15 17 15 13 14 12 6 9 13 17 10 14 17 17 14 17 17 16 18 20 23 
10 8 5 5 5 5 13 12 14 21 14 6 32 72 118 170 209 227 222 198 158 114 73 44 23 17 19 21 21 20 20 18 9 7 7 12 13 13 8 6 7 4 5 10 13 14 13 16 16 10 11 9 15 6 7 12 10 11 15 14 11 13 13 15 
8 5 4 11 9 12 17 12 12 13 3 28 62 113 167 213 236 232 207 165 117 76 43 22 6 7 10 12 14 15 16 16 8 1 11 14 12 9 11 11 8 6 8 11 13 13 18 18 13 10 9 7 12 6 6 12 4 9 8 9 14 21 22 28 
12 11 12 16 7 3 9 8 5 9 25 58 104 158 203 234 235 209 168 118 70 39 18 9 5 2 4 6 7 9 12 12 5 8 13 10 9 4 14 13 6 8 11 14 14 9 17 15 10 6 3 10 17 13 11 10 4 8 5 7 18 16 7 12 
14 10 10 15 10 6 9 10 7 23 54 101 158 204 230 237 213 166 118 73 35 19 12 13 15 10 7 5 7 9 12 8 3 13 12 8 6 10 16 14 8 10 13 15 15 9 16 9 4 6 11 9 12 11 8 3 5 6 5 6 16 14 6 7 
17 18 17 18 19 15 12 7 21 57 102 157 211 235 236 217 172 118 76 46 21 17 18 19 20 17 15 12 12 3 10 9 10 17 11 7 8 12 11 9 3 6 6 6 9 0 12 9 14 19 19 16 14 7 9 6 3 4 5 7 17 15 11 11 
18 13 7 12 17 7 7 21 62 115 164 209 240 235 210 172 121 72 45 31 15 15 15 10 15 12 12 12 14 15 13 5 5 16 14 14 13 13 7 6 13 16 15 11 9 6 9 13 15 20 21 15 9 10 12 10 8 7 5 1 12 13 13 15 
27 25 21 20 22 17 31 58 111 170 211 235 240 209 164 121 78 41 27 28 16 15 15 6 16 8 3 7 7 9 8 10 7 13 11 15 16 15 10 12 16 20 20 15 10 11 9 11 5 8 9 7 6 8 12 12 10 10 9 7 5 9 11 14 
18 14 10 16 23 37 68 109 164 215 236 234 213 163 112 77 49 27 20 24 16 14 15 10 15 5 1 8 4 10 5 10 8 9 10 14 16 18 19 15 10 13 13 19 16 13 6 11 6 7 3 8 12 16 18 16 13 11 8 7 2 3 5 8 
20 15 5 16 36 73 121 168 214 245 239 205 160 105 64 45 34 21 16 21 17 18 17 10 9 5 7 12 12 17 13 13 9 9 15 15 11 9 17 15 13 17 10 17 13 13 10 7 10 8 4 0 6 12 14 13 12 11 8 7 5 5 6 8 
31 20 12 33 68 124 180 218 242 245 208 154 103 60 36 29 26 17 8 14 15 18 22 19 15 13 9 8 5 12 10 15 14 12 11 6 3 6 18 13 12 19 12 21 20 18 18 15 19 17 15 17 18 13 3 5 8 11 13 12 11 12 13 12 
33 16 22 59 109 176 225 241 238 214 159 104 62 33 20 18 19 11 4 5 12 15 16 16 14 15 17 15 14 17 14 13 15 17 14 9 7 4 20 12 15 23 12 20 12 8 12 4 3 8 9 11 17 22 10 5 5 7 13 17 18 18 18 18 
25 12 52 98 155 220 248 237 211 168 107 60 31 17 12 12 13 7 4 9 12 13 11 9 9 9 12 10 8 11 8 9 10 13 12 5 10 4 16 11 13 23 13 15 7 4 9 4 3 7 6 4 11 18 11 8 6 8 12 17 19 21 23 24 
20 49 102 152 202 244 244 209 166 112 57 27 19 17 11 6 7 6 5 7 4 9 12 12 11 10 13 11 9 10 8 7 8 9 9 8 12 15 12 4 3 15 14 18 20 21 21 20 19 18 10 6 15 18 12 11 10 12 12 12 11 10 9 10 
85 114 160 205 234 242 214 162 110 59 32 21 20 16 12 12 12 12 12 15 9 5 7 10 10 9 11 11 11 12 11 9 2 4 9 13 15 14 12 11 6 7 4 15 14 7 8 9 10 18 15 12 16 16 14 13 15 17 16 14 11 9 10 15 
139 165 200 232 237 216 168 112 65 27 26 20 23 21 13 11 8 10 6 12 7 2 3 6 10 10 9 7 7 9 6 10 10 11 10 7 5 5 4 8 5 7 6 15 18 17 18 18 16 14 11 11 13 15 16 10 13 14 13 13 13 11 10 13 
191 206 223 235 214 171 116 68 32 9 19 9 15 15 6 9 8 9 3 12 8 3 3 3 4 5 6 7 12 15 13 11 10 13 13 14 13 8 5 7 2 4 5 11 12 11 12 12 11 12 9 14 15 14 15 5 15 17 17 17 15 14 13 12 
220 224 224 216 176 124 70 34 10 15 16 4 10 13 12 16 14 10 5 12 9 4 3 5 8 11 15 15 15 13 8 10 14 16 16 15 10 7 7 9 3 2 9 14 14 16 13 11 7 6 3 14 12 11 12 8 17 12 8 10 12 18 20 19 
205 202 190 169 123 74 32 14 9 14 11 14 15 18 18 15 13 8 4 12 5 6 10 9 12 15 16 15 13 9 9 14 17 14 15 13 8 11 12 17 13 11 13 10 14 20 16 13 11 12 1 12 14 20 22 19 20 10 4 2 5 11 9 5 
174 162 142 114 72 36 11 7 7 6 12 16 13 13 9 7 10 6 3 12 3 8 13 17 19 21 17 17 11 8 9 14 19 10 12 9 6 11 3 9 6 4 11 11 12 18 13 9 3 13 5 6 4 9 13 12 15 12 13 11 13 17 12 15 
139 121 97 68 36 15 9 9 12 6 8 10 17 15 9 14 16 14 15 21 14 15 12 15 22 24 21 21 12 6 4 15 24 10 10 3 10 14 3 9 9 12 17 15 14 20 15 12 7 10 3 4 5 7 8 8 8 7 12 8 2 13 5 11 
86 75 60 36 15 4 5 6 12 9 11 8 21 14 5 14 12 8 6 14 9 18 14 12 19 19 19 20 13 10 9 17 21 5 13 11 17 15 8 11 9 11 11 7 4 11 10 9 5 7 3 4 7 8 8 9 7 9 13 9 4 9 5 8 
46 40 31 17 9 6 7 4 12 11 13 4 24 13 5 14 11 10 9 16 12 16 13 10 19 18 13 15 12 11 12 17 18 11 15 10 12 11 11 9 7 14 10 10 11 10 12 10 5 4 5 6 10 15 16 17 16 7 9 9 9 12 10 11 
35 28 21 16 14 9 8 7 9 10 12 4 27 16 9 11 7 7 4 10 6 11 14 11 17 18 11 11 10 11 17 19 18 13 18 18 17 16 16 10 9 15 7 4 8 10 18 14 12 8 6 4 6 10 9 3 9 3 6 9 10 6 10 12 
9 8 8 13 20 18 16 12 3 10 12 5 22 17 10 9 6 8 4 6 6 10 14 12 14 16 11 8 10 15 20 17 13 6 8 13 16 14 12 9 10 19 13 11 9 9 17 8 13 9 8 5 6 12 13 10 4 3 3 6 12 12 12 17 
12 8 9 11 14 17 18 22 21 12 7 2 13 15 13 16 18 14 15 23 27 25 21 14 9 13 12 10 11 17 21 16 12 5 6 12 18 18 15 14 13 21 22 17 12 7 12 6 8 1 4 8 9 9 10 6 3 2 8 12 12 14 15 19 
2 0 8 16 12 10 6 9 14 10 2 3 7 12 10 11 15 11 16 21 24 24 21 15 8 10 18 22 21 22 23 19 15 14 16 15 16 16 18 19 17 12 10 8 7 4 9 8 6 3 3 6 7 3 7 8 11 9 6 8 9 12 14 17 
5 4 4 13 8 7 9 7 12 11 7 3 6 14 15 12 13 11 14 18 10 6 8 11 11 9 13 18 19 19 22 19 16 13 9 1 11 13 15 16 17 10 10 8 6 6 8 8 6 8 5 6 10 8 9 10 11 10 3 9 7 8 9 12 
16 14 11 15 4 5 8 7 14 13 11 7 8 7 9 10 15 14 11 18 15 5 6 9 12 12 12 12 16 16 16 12 11 12 13 12 15 14 10 13 17 7 6 8 12 15 13 10 9 10 10 11 12 10 9 11 10 7 0 10 5 4 3 6 
8 9 12 18 6 5 7 5 11 13 16 12 13 5 4 5 15 18 7 11 16 15 12 13 18 17 15 14 17 14 10 7 10 14 14 11 9 10 8 12 18 8 7 10 13 17 18 14 15 14 13 14 15 16 16 15 17 8 6 14 5 3 3 9 
12 10 10 14 5 7 12 16 17 14 17 15 16 11 12 7 9 17 15 3 13 20 18 17 17 8 9 8 4 7 7 5 11 13 17 18 17 15 12 9 15 13 16 15 13 15 15 12 14 12 10 12 9 11 8 6 15 5 3 15 7 3 6 9 
21 16 10 11 6 5 6 12 14 12 10 14 17 15 15 7 4 9 17 17 15 20 16 12 7 4 11 17 15 15 15 13 19 20 21 21 21 20 20 12 9 2 7 14 13 15 14 9 10 7 8 13 7 9 6 5 13 7 7 15 5 3 6 6 
20 17 12 10 6 7 8 11 8 9 5 9 16 17 13 4 4 6 18 23 17 19 14 11 6 7 4 7 3 9 11 15 21 19 17 10 3 11 17 9 8 3 6 16 10 8 13 6 9 7 5 10 5 6 6 4 8 12 12 11 9 12 14 17 
16 16 11 8 9 10 13 17 13 13 9 8 15 17 15 18 18 12 16 22 15 16 12 13 11 15 14 12 11 14 7 12 17 16 16 11 5 9 12 6 7 11 14 21 15 10 12 6 9 6 8 16 14 12 9 4 1 7 15 6 13 15 17 19 
10 12 5 7 13 13 16 18 12 9 5 2 8 9 11 21 23 19 15 14 13 16 12 12 7 4 6 1 4 13 9 14 16 15 10 5 3 6 9 8 5 7 4 18 13 6 10 6 8 7 6 12 8 7 8 9 11 13 17 6 15 8 12 17 
5 8 10 12 15 15 12 13 9 4 6 10 13 11 12 15 14 15 15 9 7 10 10 14 17 6 7 7 5 14 13 18 12 9 5 5 6 4 7 11 7 11 10 17 14 6 10 7 6 5 9 13 6 7 12 16 13 13 9 9 18 6 8 9 
7 8 10 10 10 11 7 14 15 5 16 22 26 24 20 15 12 10 9 5 10 9 6 8 16 12 7 13 7 15 15 17 13 7 9 13 13 10 7 9 4 3 6 11 12 7 9 8 7 8 14 16 9 9 14 17 8 6 5 15 16 4 5 6 
13 15 13 12 10 12 5 11 19 10 12 12 13 11 10 9 12 11 11 13 16 12 8 8 17 15 5 13 11 16 16 9 10 13 20 20 14 13 16 16 14 9 1 12 11 7 8 10 10 13 18 15 8 10 17 19 9 6 9 16 13 3 5 8 
20 20 16 14 10 15 16 11 19 6 7 14 14 9 9 12 15 10 9 11 13 10 9 11 22 23 14 17 10 12 15 14 14 18 24 21 15 8 4 2 11 18 23 30 28 24 17 14 10 8 12 8 6 13 19 19 13 8 13 17 12 9 9 9 
23 24 19 16 12 8 11 8 20 9 5 8 8 6 9 13 12 4 5 9 9 5 8 7 10 17 9 12 7 9 12 11 7 15 21 19 12 12 7 15 18 18 18 19 13 15 12 11 9 5 10 6 9 15 20 14 12 11 17 19 6 3 8 11 
14 16 18 16 16 16 15 14 23 18 20 17 9 5 8 16 18 9 8 9 5 7 13 15 14 12 8 11 6 9 12 12 10 14 19 18 12 13 10 19 13 12 18 17 12 19 13 11 10 8 10 12 13 14 18 11 11 16 19 16 7 5 4 10 
6 9 13 11 10 9 8 11 18 22 27 26 21 15 11 5 17 13 15 10 3 6 14 11 6 6 5 9 4 10 13 16 14 13 15 13 9 14 10 21 15 13 21 17 10 13 7 8 11 11 14 16 12 9 15 9 10 13 12 9 4 8 7 7 
12 11 10 9 11 9 3 9 15 21 21 19 18 16 14 4 13 15 21 15 10 8 21 17 13 6 2 10 9 12 11 9 11 8 11 12 10 18 18 25 19 14 19 21 15 13 6 6 9 9 11 11 11 10 15 9 11 12 13 10 7 11 12 8 
14 15 11 12 15 11 4 9 10 16 18 23 22 18 15 7 7 9 19 14 12 11 28 22 21 10 2 12 15 19 19 12 15 8 11 14 10 10 12 22 19 22 20 24 19 15 13 9 11 12 13 10 10 9 13 9 15 10 11 9 9 12 14 10 

15 10 4 7 9 9 14 14 12 9 8 9 12 17 16 12 10 6 8 5 6 8 9 8 13 15 12 7 7 8 11 24 50 96 137 202 241 226 189 140 63 14 6 9 9 6 11 17 8 13 16 27 22 9 8 13 10 9 9 17 9 7 20 16 
12 9 3 2 5 8 13 11 12 8 10 12 14 17 16 14 10 7 12 8 5 5 6 8 11 12 12 14 14 13 17 33 73 120 161 218 241 216 176 124 52 10 6 9 5 6 9 14 10 12 15 23 18 9 7 15 10 10 7 13 7 10 22 20 
4 5 3 2 3 8 12 9 11 12 17 19 19 18 13 11 11 10 16 14 8 7 4 5 10 8 12 17 20 20 33 63 112 158 198 237 238 200 153 103 42 12 3 6 3 5 6 8 4 10 15 19 14 8 11 15 10 11 4 7 5 7 20 22 
2 3 5 6 9 14 15 13 11 9 13 17 19 18 15 12 12 12 18 20 13 12 11 6 8 3 9 14 28 39 66 114 164 199 226 239 215 166 118 75 28 15 12 9 9 7 6 6 5 8 14 16 11 5 6 11 10 12 11 12 11 9 11 9 
13 10 10 10 14 18 16 12 9 6 11 14 16 17 14 10 11 4 9 15 10 11 13 16 16 14 20 26 54 77 117 173 210 224 229 215 171 119 75 43 17 10 10 6 11 11 11 8 9 5 11 12 9 9 8 10 9 9 10 13 13 10 10 9 
6 7 8 13 21 16 10 8 6 12 9 8 12 12 9 9 11 8 7 11 9 11 13 18 17 19 31 49 94 128 173 225 241 231 215 178 124 77 42 24 19 14 9 2 3 7 12 4 2 5 9 10 8 10 11 11 7 4 7 9 12 9 6 7 
19 17 18 19 24 14 8 4 4 14 7 8 12 13 17 18 13 10 9 8 8 7 8 13 17 28 49 86 145 186 222 255 240 203 167 115 62 33 18 12 12 12 10 9 6 9 13 1 2 4 7 7 3 8 3 6 3 3 6 9 12 12 9 9 
14 14 12 12 18 6 7 2 12 24 19 19 13 5 12 13 16 15 13 11 9 7 9 9 22 48 79 132 197 231 246 251 208 148 104 59 28 19 16 11 12 14 11 8 5 11 14 4 3 2 6 7 3 7 4 8 9 9 12 14 15 14 15 15 
15 12 8 7 15 10 14 12 18 28 15 15 9 15 18 6 12 13 14 14 9 7 10 16 37 74 116 176 234 250 239 217 157 95 59 32 20 11 12 8 14 15 7 5 7 14 18 14 12 9 9 5 3 8 11 13 12 9 8 5 8 3 6 6 
24 18 11 10 12 16 22 23 24 27 15 12 6 19 20 5 8 4 6 15 10 14 18 35 66 113 161 212 248 237 203 164 104 57 34 20 18 4 12 9 14 14 3 4 9 14 18 17 19 17 13 6 3 12 17 10 10 7 6 6 12 1 5 4 
17 12 2 6 12 19 24 25 26 22 15 12 8 21 17 8 11 9 6 18 14 18 38 69 113 166 205 234 240 202 149 105 57 24 15 18 17 2 14 15 17 16 7 10 12 14 16 15 21 21 16 9 6 15 21 10 6 6 10 14 18 10 12 8 
22 17 14 14 15 20 19 16 19 11 8 5 8 24 16 11 11 12 13 24 28 41 72 115 163 208 226 227 206 151 93 59 30 19 18 15 12 9 12 14 17 16 7 14 16 15 13 11 23 27 19 11 6 16 24 14 7 2 9 9 15 9 8 4 
13 10 8 9 9 13 16 13 19 14 11 7 7 23 18 15 17 18 20 31 45 72 112 160 202 229 220 194 157 98 49 30 18 13 12 9 6 6 5 12 16 16 14 16 19 16 13 6 24 28 14 8 5 19 24 11 13 13 18 19 17 11 12 16 
10 8 9 8 5 9 14 11 16 15 15 15 14 21 18 16 17 17 24 40 70 110 156 200 230 232 197 155 108 56 21 14 15 12 9 4 5 9 12 15 16 13 12 16 19 18 15 5 20 26 16 18 15 18 16 10 18 16 20 18 12 9 7 9 
13 11 12 5 2 6 7 4 9 8 9 13 12 18 20 16 19 23 42 69 111 160 199 226 232 209 158 111 65 26 11 8 13 13 6 1 8 12 17 17 18 14 13 14 15 15 15 7 16 19 6 5 6 9 13 15 16 9 8 7 5 4 2 8 
21 16 13 7 5 5 9 5 9 9 12 15 16 15 20 14 21 37 69 111 161 202 221 223 201 155 101 61 24 10 11 9 13 11 6 3 10 15 16 16 19 12 13 12 12 16 18 15 14 14 1 4 8 8 9 13 11 7 9 14 14 13 16 20 
20 16 11 5 6 3 9 5 4 5 9 15 21 17 16 15 41 68 109 159 201 221 218 201 159 104 61 30 2 10 7 7 12 10 6 6 9 18 21 20 22 14 14 11 8 11 11 9 8 15 15 15 11 5 4 9 4 3 7 10 12 9 10 10 
14 13 9 9 11 9 13 11 7 6 8 13 18 14 6 35 74 109 152 196 219 216 196 166 118 66 37 20 6 10 9 7 10 8 6 10 13 18 22 20 21 14 13 10 6 10 9 8 6 9 11 15 13 7 11 12 6 5 10 9 14 13 17 24 
9 10 7 13 17 11 15 14 14 13 10 9 13 19 32 70 117 153 189 222 225 202 165 127 77 32 15 14 8 10 11 9 9 11 9 13 17 17 18 14 15 15 11 7 6 12 15 16 16 12 14 21 19 15 13 7 13 11 15 17 16 10 9 8 
18 16 12 9 12 10 17 16 16 16 13 8 14 34 60 108 160 190 211 224 205 162 117 78 34 9 13 19 15 13 13 12 6 8 5 7 13 12 13 12 9 7 5 9 13 14 16 16 18 13 15 15 12 7 5 14 19 12 14 13 13 14 18 19 
29 25 22 18 16 13 18 15 14 15 12 7 28 65 105 157 199 214 213 199 160 112 73 46 19 9 4 7 6 6 9 12 7 6 4 6 6 9 12 13 12 10 9 10 10 8 3 7 14 3 9 12 16 12 11 16 16 10 14 11 10 9 5 5 
9 6 5 5 6 7 17 12 12 14 5 32 68 118 167 208 227 219 193 156 113 74 49 35 23 19 17 15 8 4 6 11 9 5 7 14 13 15 13 10 5 4 3 4 4 9 7 12 15 8 8 8 13 8 9 15 13 6 11 10 9 9 5 5 
11 9 11 14 15 17 18 9 3 8 32 67 109 163 207 231 227 199 157 113 75 48 32 23 17 14 13 11 8 6 3 7 9 3 10 16 12 18 18 12 5 7 6 6 9 13 17 12 11 10 10 10 13 9 10 15 7 3 6 4 8 17 18 24 
18 14 15 17 9 7 10 2 15 33 65 107 156 202 227 229 203 159 113 72 40 22 16 17 17 13 12 11 7 6 7 8 12 12 10 12 13 22 24 14 3 8 6 6 7 6 16 11 8 5 6 12 18 15 14 12 1 7 10 7 15 17 10 12 
22 17 16 21 13 11 11 4 30 60 104 158 208 235 236 216 170 116 73 41 16 9 9 12 16 12 10 10 9 9 6 1 12 13 8 12 15 25 26 17 9 11 12 15 17 14 19 10 5 10 14 14 17 16 13 8 4 9 11 7 12 15 10 9 
23 21 20 23 20 18 6 16 61 108 158 207 241 240 217 178 125 74 44 25 12 14 16 15 15 10 5 7 10 7 7 6 15 17 8 14 16 24 21 14 7 8 8 11 14 10 13 5 11 19 19 12 11 5 5 4 3 8 11 12 16 18 16 15 
19 14 13 19 17 12 27 59 115 172 211 236 242 214 171 125 79 40 23 18 10 13 11 7 15 8 7 8 7 14 15 12 11 12 9 16 15 18 16 15 15 16 16 15 16 12 8 15 19 24 27 16 7 9 4 7 5 9 11 8 11 15 16 15 
30 30 29 31 32 40 66 108 170 219 238 238 222 175 124 84 51 25 15 18 10 12 12 11 21 13 14 16 9 10 6 12 13 10 3 9 10 10 9 15 20 24 27 24 19 13 8 13 9 9 15 12 7 10 9 12 11 13 14 12 8 9 11 12 
12 10 10 19 32 64 111 165 217 247 239 212 174 120 74 49 32 22 14 19 13 13 13 12 18 11 15 16 9 12 6 11 12 10 12 15 15 13 12 12 18 25 30 31 23 14 5 13 10 8 8 11 15 19 20 20 18 15 13 11 6 5 6 8 
11 8 9 25 59 111 168 216 245 249 213 160 111 64 36 31 27 23 15 21 19 20 16 5 9 11 18 18 17 19 15 14 12 12 15 14 11 9 12 8 16 26 29 30 22 12 5 9 11 9 4 2 7 13 17 19 19 15 12 10 5 3 5 8 
10 6 33 62 109 169 218 243 247 225 168 108 65 33 21 23 24 22 8 13 13 20 25 17 11 7 6 8 9 13 11 17 18 21 17 10 8 13 17 5 10 21 24 26 17 12 15 18 21 18 15 16 18 16 15 18 20 17 16 15 12 13 14 13 
8 22 62 103 155 211 239 236 216 177 116 67 37 20 16 19 21 18 9 7 10 13 20 18 15 14 10 10 13 19 17 19 21 24 21 15 12 15 20 8 11 19 18 20 8 4 11 5 10 12 12 11 12 18 16 17 20 16 16 19 17 15 14 14 
18 52 104 149 195 236 237 203 167 122 68 35 21 18 17 19 20 15 11 11 11 10 15 10 8 11 9 12 12 16 14 17 17 19 18 13 14 12 17 11 11 19 13 14 5 4 12 4 7 8 6 2 6 14 15 13 16 13 9 12 14 20 25 26 
75 109 159 198 225 240 212 159 118 75 38 25 21 21 17 17 17 13 13 14 14 11 18 12 9 14 12 16 12 16 12 14 15 16 14 12 15 15 13 9 4 12 10 13 17 22 22 20 19 15 12 8 9 14 14 11 15 13 14 18 18 18 18 16 
143 171 205 230 233 217 167 108 70 37 31 25 26 27 21 17 14 14 17 21 19 12 12 11 12 16 15 17 14 20 20 18 13 10 8 9 11 9 8 11 10 9 4 12 16 9 7 6 3 11 13 12 11 13 14 14 18 14 11 10 9 7 11 16 
186 204 223 230 210 172 114 63 36 16 26 20 25 28 19 12 8 11 12 17 18 13 7 6 11 15 13 10 9 11 7 7 6 4 3 3 5 4 3 7 9 9 6 13 18 18 21 21 17 12 12 14 12 11 15 13 19 16 13 10 11 9 9 12 
215 217 218 206 169 121 67 30 15 12 21 11 14 20 12 6 3 8 9 13 16 14 8 3 1 7 8 5 11 14 11 6 3 6 10 14 13 8 6 7 10 9 9 7 6 8 13 16 14 10 11 14 13 12 14 13 21 20 19 18 16 12 13 13 
208 202 190 167 125 79 34 11 6 15 15 5 7 15 6 4 2 6 6 9 11 10 6 2 5 10 13 13 15 11 3 4 8 9 9 9 7 3 2 5 8 7 10 14 9 10 8 12 14 11 8 13 11 10 9 10 18 14 12 14 16 22 27 27 
165 157 141 118 81 44 15 4 6 15 8 11 10 17 14 14 12 8 5 10 7 5 5 2 8 11 12 13 9 5 4 6 10 3 1 5 8 11 12 16 15 14 15 7 11 16 7 11 15 16 11 12 13 20 21 18 17 5 6 10 10 15 16 10 
123 111 94 73 47 24 15 7 4 10 10 14 8 11 10 9 11 7 5 13 5 6 9 10 12 15 15 19 14 9 11 12 14 5 3 0 8 12 6 9 8 6 11 6 9 16 10 10 10 17 14 10 8 8 12 11 13 11 11 10 13 18 16 18 
89 76 59 41 26 19 17 11 9 6 8 9 12 11 12 16 20 17 18 24 15 14 4 10 18 22 22 24 18 8 8 12 18 9 6 2 10 13 5 12 10 12 16 14 15 21 16 14 13 15 12 8 7 4 7 5 7 7 10 9 5 12 3 6 
47 43 34 20 13 14 14 11 8 4 8 6 14 11 14 18 19 14 13 17 9 17 9 8 16 20 22 23 17 10 11 14 15 6 14 12 14 15 10 16 11 12 15 9 3 12 12 10 10 14 11 6 6 4 9 7 10 9 12 8 7 9 2 7 
19 20 15 8 5 6 9 10 12 11 13 8 18 15 18 21 20 13 13 18 14 18 15 9 14 17 14 17 15 12 14 12 11 8 13 7 7 9 7 13 10 13 14 11 9 7 10 10 9 14 10 5 7 11 14 10 11 3 11 6 9 10 10 12 
26 19 15 16 11 3 4 6 11 11 10 3 18 16 17 18 16 9 5 9 10 18 21 16 17 19 11 12 12 12 18 14 10 11 17 17 14 15 14 12 9 15 10 6 10 12 20 17 14 13 8 1 7 12 13 8 10 5 9 5 12 10 10 11 
8 6 7 13 19 15 12 9 6 14 11 5 15 13 8 10 8 4 1 4 8 16 21 15 16 19 9 9 10 15 22 13 8 8 10 15 15 13 13 11 11 18 15 9 8 8 18 7 11 8 6 6 9 14 14 9 3 4 5 8 15 17 17 20 
17 14 13 14 18 18 17 19 18 13 5 3 9 12 11 16 19 18 20 25 26 22 17 10 13 21 13 8 9 17 22 12 6 8 12 18 21 20 19 16 10 15 17 12 10 5 14 9 9 2 3 10 10 12 11 6 4 1 7 14 16 15 14 15 
11 11 11 15 17 14 11 10 10 7 4 7 7 11 10 13 19 16 18 21 23 21 16 10 4 17 21 22 22 23 24 16 12 15 19 22 23 23 24 20 12 5 8 10 11 4 9 7 7 3 5 12 12 10 12 9 6 4 7 13 15 13 13 15 
12 12 9 14 13 9 9 9 12 14 14 13 13 15 16 14 12 8 11 13 8 10 6 5 5 10 16 16 17 20 22 15 13 15 18 21 24 22 21 19 12 2 8 12 10 5 9 10 8 9 6 13 14 12 15 14 11 10 9 14 15 13 13 15 
18 17 13 15 9 8 8 9 12 9 13 16 21 18 18 16 11 10 5 14 9 10 9 6 9 10 12 12 11 12 12 8 7 15 19 21 23 19 14 15 14 5 10 12 10 9 5 7 6 9 9 10 11 10 11 10 5 6 6 12 13 13 12 12 
7 6 10 17 7 6 7 9 12 12 18 16 23 18 19 18 12 18 4 11 12 15 13 9 14 13 12 14 12 9 5 4 8 13 14 14 17 13 9 13 16 10 13 11 13 14 10 7 9 8 9 13 14 15 15 17 15 7 5 9 8 9 9 12 
4 4 9 15 4 3 9 15 16 12 18 12 19 14 17 18 7 20 13 7 16 19 17 11 12 9 10 14 3 6 5 3 8 7 11 16 22 15 12 5 10 12 13 8 12 15 10 9 12 10 10 15 12 10 6 5 11 4 4 9 6 7 8 11 
13 10 10 13 5 2 4 9 6 2 10 11 15 13 15 12 4 15 19 15 12 13 13 9 9 7 11 20 15 15 14 9 13 11 12 17 20 16 18 10 6 4 2 13 15 18 12 5 7 1 5 12 5 7 3 3 11 10 10 8 4 4 4 9 
12 11 10 11 6 3 5 9 6 8 6 3 9 11 13 9 7 14 23 22 8 11 9 10 11 9 7 11 2 7 11 11 14 9 6 7 7 5 14 6 5 7 4 16 7 11 11 4 6 1 1 10 5 6 6 7 12 18 14 8 10 12 13 17 
16 18 13 11 10 8 8 10 10 13 11 6 9 11 12 11 15 16 24 28 9 10 9 10 12 14 15 14 10 12 5 9 12 10 6 5 6 5 13 7 8 13 13 22 10 9 7 1 4 3 9 16 12 10 8 4 0 11 14 9 13 16 18 18 
12 15 9 6 10 4 13 14 12 14 11 9 12 12 11 20 26 25 25 22 10 13 10 7 3 5 9 6 5 11 0 9 8 10 3 3 3 6 13 11 10 13 9 21 10 7 5 2 4 5 8 12 6 10 12 9 12 15 13 8 10 6 12 16 
11 12 9 10 14 12 11 12 11 14 15 17 18 15 15 20 22 23 21 12 4 11 11 12 13 5 11 9 6 10 7 13 9 15 11 7 2 6 12 16 19 23 20 18 11 8 6 1 1 4 12 14 7 13 14 12 10 9 6 12 14 5 8 8 
12 10 10 9 9 8 4 12 13 14 23 27 31 27 25 22 20 19 16 7 5 9 5 5 11 8 11 14 6 12 13 18 17 17 11 12 10 12 14 15 20 18 16 12 9 9 7 4 4 6 15 16 10 15 15 12 6 5 8 15 13 4 5 6 
5 8 10 9 9 9 2 14 17 11 15 9 18 18 19 21 22 16 15 10 13 12 8 8 12 12 12 13 9 15 15 7 8 13 13 19 16 17 20 20 23 19 11 9 5 8 8 9 9 12 21 18 14 16 17 16 12 13 15 16 11 4 4 4 
10 9 8 9 8 13 12 11 19 14 17 15 11 7 6 12 21 9 8 5 11 12 11 11 17 19 18 13 7 9 14 14 14 17 16 19 19 19 19 17 18 19 21 27 26 25 20 16 15 15 21 17 12 16 19 17 14 8 16 18 13 11 10 8 
14 14 10 9 7 9 12 12 21 17 15 15 5 2 2 11 19 5 3 5 8 9 8 8 6 11 14 8 3 3 6 8 11 16 17 18 19 20 18 19 18 16 14 17 16 19 17 17 16 16 19 16 13 19 22 12 11 11 18 18 6 1 6 10 
9 11 10 11 12 12 14 11 20 16 19 22 11 4 7 14 21 7 4 7 4 6 12 15 14 11 13 9 4 5 5 7 11 14 16 18 18 20 17 18 10 10 15 15 10 18 12 12 15 15 18 21 19 21 23 7 6 11 19 18 10 8 3 6 
13 12 11 8 8 3 7 8 12 15 20 28 21 15 12 8 21 11 11 7 3 6 14 8 7 7 11 11 8 11 11 14 16 14 11 9 9 14 11 17 9 9 18 16 8 12 4 8 12 14 17 21 16 15 20 9 8 7 13 12 5 9 11 9 
16 17 13 10 11 5 6 7 7 13 10 22 21 17 15 5 15 17 20 15 11 10 21 15 13 7 9 15 13 18 16 14 13 7 3 5 5 13 12 20 14 9 13 15 10 11 4 7 7 10 15 19 20 15 19 10 9 9 16 17 12 14 16 15 
16 17 14 15 15 7 4 9 3 9 5 22 24 18 14 6 9 12 19 12 9 8 26 15 18 10 10 20 18 24 24 20 15 7 4 7 9 7 8 19 12 11 5 14 17 16 12 9 8 8 14 16 19 15 16 13 15 7 16 16 15 18 21 19 

31 27 17 13 9 12 18 10 18 13 9 12 14 21 21 17 12 8 13 11 11 10 13 15 16 14 16 10 9 20 31 56 104 151 182 227 232 181 127 82 21 5 6 4 12 16 17 24 15 13 11 22 26 11 16 18 15 12 12 15 9 9 20 18 
27 23 14 8 5 10 16 5 18 13 12 12 12 16 19 18 13 10 15 11 7 7 8 11 9 8 13 13 15 27 45 76 127 170 196 229 222 167 115 71 17 4 3 6 13 16 15 21 16 14 11 17 19 11 15 19 15 14 12 13 11 13 23 21 
19 15 9 4 2 9 16 5 17 17 20 19 13 10 9 13 10 10 15 12 8 8 7 7 6 4 10 16 24 42 72 115 167 202 218 230 204 145 96 57 17 11 4 7 12 14 13 15 12 12 12 15 12 4 12 14 11 12 11 11 11 12 21 24 
9 6 6 9 13 17 18 11 13 13 15 17 10 4 4 11 14 15 19 18 13 12 10 3 6 5 8 20 46 74 115 168 211 228 228 215 172 115 73 43 18 18 13 8 7 6 9 8 11 10 12 14 9 8 8 8 7 11 7 4 3 5 13 13 
13 7 3 6 13 16 13 8 10 10 11 11 6 3 3 5 9 8 13 17 16 16 17 19 19 21 26 43 83 119 165 213 233 225 206 173 123 74 42 23 6 11 13 8 8 8 10 8 13 10 13 12 10 11 8 7 4 10 7 5 4 3 12 11 
8 7 4 12 18 9 3 5 7 14 9 7 11 11 14 14 11 9 8 11 13 16 18 21 22 29 44 77 131 171 208 240 234 203 171 129 79 41 20 16 15 12 12 5 5 7 10 7 11 10 13 12 9 10 9 6 3 8 8 8 6 2 9 10 
21 18 17 19 21 8 6 3 7 17 5 5 11 15 21 21 16 12 9 8 9 8 7 6 18 43 74 122 184 217 234 239 205 153 116 74 33 17 14 12 11 10 9 9 7 10 13 6 10 11 14 12 9 10 10 8 9 10 10 10 10 7 7 7 
13 10 8 9 14 1 9 4 12 26 19 18 12 10 15 14 15 12 9 9 10 9 10 10 35 77 120 176 230 241 230 207 149 88 57 28 18 16 13 8 9 14 6 6 3 8 13 9 9 9 10 6 6 9 13 14 15 17 19 19 18 14 14 13 
10 6 7 9 16 19 21 18 18 27 12 16 10 19 18 8 14 15 13 12 11 6 14 33 68 118 167 215 248 233 197 154 91 42 23 9 18 12 13 9 14 18 6 6 6 9 13 13 14 15 15 9 2 6 16 21 22 20 20 15 12 8 9 8 
20 16 9 3 7 19 21 20 20 22 2 12 7 22 21 8 13 14 14 18 14 15 33 65 109 164 205 233 238 198 144 97 46 21 12 10 20 10 14 10 16 20 7 9 11 13 16 18 18 15 11 7 4 8 19 21 21 17 16 11 12 5 8 5 
12 14 10 7 10 19 17 15 16 15 5 11 11 22 18 11 13 15 13 21 24 32 62 108 160 208 229 231 208 148 89 51 16 11 9 13 21 2 8 9 18 20 5 10 10 12 15 17 20 17 6 6 8 11 17 14 16 15 17 14 16 9 12 8 
23 24 20 17 16 19 13 10 15 12 9 8 9 24 18 14 8 13 13 28 47 70 109 161 206 230 224 201 159 95 46 27 14 14 10 8 15 11 11 12 18 19 7 12 13 9 10 14 21 20 8 11 13 17 20 9 11 11 17 15 17 12 14 6 
20 18 14 13 13 15 15 14 16 16 17 14 10 23 19 14 5 11 21 42 79 114 157 203 230 228 195 155 109 54 20 15 8 5 3 4 7 3 2 10 15 16 12 13 15 11 11 13 22 23 8 17 17 23 22 2 15 17 22 21 18 12 10 11 
17 12 13 16 13 15 18 14 16 18 19 18 15 19 16 11 10 19 40 70 118 159 193 224 231 204 153 110 68 25 6 9 8 6 7 5 2 5 6 11 16 11 7 8 15 13 12 13 22 27 23 26 23 23 16 12 21 18 22 19 12 9 6 7 
9 11 16 15 9 6 7 6 12 14 15 15 13 15 15 11 24 46 79 118 168 205 220 225 205 157 102 66 31 9 6 7 6 9 8 7 0 6 12 15 19 13 8 8 16 13 9 6 14 18 11 15 16 18 17 17 15 7 7 8 4 4 2 4 
24 19 18 15 9 7 10 9 13 17 18 20 20 13 12 13 41 76 121 168 211 227 219 198 155 98 50 28 12 14 10 7 4 9 9 10 5 5 5 8 17 5 2 7 14 15 14 10 12 14 7 12 16 17 17 17 12 5 6 12 11 11 14 17 
23 20 17 13 7 7 11 11 13 16 18 21 25 18 3 33 77 120 167 207 229 220 193 158 110 56 23 14 14 15 10 7 5 8 11 13 7 6 2 6 18 3 5 9 10 10 9 6 9 15 14 14 13 12 13 15 8 4 10 15 15 12 12 12 
16 15 13 9 6 11 17 16 15 16 17 18 20 18 23 66 119 163 200 225 223 193 155 119 74 29 11 12 15 15 13 9 5 4 9 14 11 9 7 8 15 4 7 11 9 10 5 5 2 6 6 12 10 11 18 17 12 8 11 7 11 8 13 19 
15 14 10 9 10 17 25 24 21 18 13 11 18 37 62 109 164 198 218 227 206 162 119 83 41 9 7 15 18 17 16 13 7 5 11 17 20 18 14 8 7 9 8 10 6 9 13 15 15 13 14 20 18 18 20 15 18 13 15 11 11 4 8 8 
15 14 10 5 9 18 26 22 18 13 8 9 30 66 102 153 200 216 214 203 166 117 77 47 14 11 11 15 15 14 15 15 9 4 8 10 16 16 12 10 7 6 5 9 13 14 17 17 16 11 10 12 11 12 12 13 17 8 12 3 9 13 18 21 
29 24 18 15 17 23 28 22 16 7 12 33 65 112 155 195 220 216 191 160 115 72 46 29 13 13 5 1 6 10 12 14 12 4 7 9 5 8 5 7 9 9 8 9 11 8 5 5 13 5 8 12 17 15 10 6 11 1 12 2 6 7 7 9 
13 8 9 10 13 21 26 18 10 6 39 78 120 170 208 225 220 194 151 110 72 42 28 22 19 20 18 15 12 11 11 13 15 5 4 12 8 10 2 3 2 4 5 6 8 8 6 11 15 9 7 10 14 12 5 8 13 8 14 15 12 11 7 7 
16 14 15 18 19 20 19 10 13 35 77 122 164 207 229 221 194 154 108 71 46 28 20 15 14 14 12 12 14 13 12 11 16 9 9 15 11 17 12 10 6 7 8 9 13 15 15 9 12 12 11 13 15 9 4 14 14 6 9 10 8 12 11 17 
15 13 15 18 13 13 11 11 36 68 116 165 204 230 229 200 156 110 71 43 26 15 10 9 13 11 10 9 7 8 12 12 19 13 12 14 18 26 21 14 10 8 8 9 10 7 14 7 5 7 6 11 15 11 12 16 13 6 4 8 15 20 14 13 
15 15 17 22 16 16 8 21 63 105 159 209 236 237 214 169 116 71 42 21 10 8 7 3 10 8 8 9 7 6 3 3 16 9 15 15 19 26 20 16 15 13 16 20 22 17 20 13 6 11 13 13 17 15 17 16 12 7 6 10 15 20 17 15 
12 14 17 22 17 14 15 52 109 161 205 235 239 213 172 123 75 39 20 12 9 12 14 10 10 5 4 10 8 8 7 8 18 11 11 11 15 22 13 9 9 10 15 18 18 10 11 3 12 18 19 10 12 9 13 12 9 9 10 15 17 21 22 20 
22 18 18 22 16 30 61 108 170 218 237 236 216 170 120 77 43 18 7 12 12 17 18 11 15 9 8 10 0 14 18 22 23 16 12 7 5 13 11 11 10 9 14 12 13 8 6 17 22 23 29 15 7 11 10 10 6 9 8 13 15 18 19 18 
31 31 32 38 46 72 113 163 216 246 239 215 181 128 79 48 26 14 3 13 12 18 21 18 24 16 14 13 12 17 9 15 20 18 17 12 3 6 9 12 13 15 20 17 14 13 8 13 12 5 18 13 3 9 8 2 2 6 11 13 12 9 10 11 
9 10 15 31 60 107 162 211 244 249 216 170 123 71 34 19 9 16 8 15 15 19 21 19 22 13 12 10 13 19 8 11 15 19 22 20 14 12 9 3 8 14 24 23 16 13 5 14 12 5 12 12 12 14 15 13 12 11 12 12 10 7 3 6 
9 4 23 52 98 157 209 240 245 224 170 110 65 30 13 13 9 21 12 18 17 20 20 16 20 21 21 17 22 24 13 11 12 18 23 22 18 18 13 5 6 15 25 24 20 14 5 11 9 8 8 6 6 9 14 18 18 14 12 11 8 3 7 4 
7 25 58 99 152 206 236 240 220 180 119 68 36 16 11 13 11 23 9 9 6 16 24 18 15 14 13 12 16 17 6 8 10 19 22 22 20 19 13 7 8 16 23 20 15 12 13 18 19 18 17 16 16 15 15 21 23 19 18 18 18 18 21 18 
22 57 100 146 193 228 231 206 167 121 69 39 22 14 13 15 13 19 12 12 9 8 18 18 18 17 7 4 9 14 10 6 2 14 15 19 18 18 14 9 9 15 20 19 13 8 10 9 12 15 15 10 8 13 17 23 25 25 23 26 24 20 20 17 
68 106 153 191 216 226 199 150 108 68 30 20 16 17 15 18 17 15 11 15 13 5 12 8 11 15 6 6 7 11 6 6 6 10 10 14 15 14 13 11 9 13 15 15 9 5 11 4 11 15 15 12 6 12 19 20 21 21 12 9 12 21 29 27 
133 165 201 222 224 208 158 100 67 35 18 18 16 18 15 15 14 9 8 12 12 6 14 7 8 17 8 12 6 12 2 3 5 8 8 9 12 9 7 8 5 7 8 6 8 15 19 18 19 15 15 15 9 14 18 16 16 13 14 18 21 25 26 22 
188 209 226 230 209 170 108 55 35 12 19 18 20 23 18 11 7 3 7 12 13 8 8 10 14 20 18 15 11 18 17 15 12 9 6 4 8 5 2 6 8 8 3 8 15 12 10 7 2 8 12 16 12 13 16 15 16 8 2 7 9 9 11 11 
214 220 220 205 165 115 57 20 18 7 17 11 13 19 14 7 6 9 8 1 7 6 2 6 8 15 16 11 8 9 5 5 6 6 5 2 6 8 7 5 3 4 3 10 17 17 20 21 18 16 17 19 13 8 10 12 14 6 3 6 11 10 5 5 
212 204 189 159 115 68 21 8 19 18 22 15 13 19 12 6 8 12 15 11 10 5 4 6 8 9 9 5 12 14 11 9 10 10 12 14 13 11 9 8 5 6 8 6 7 10 15 17 13 10 14 15 11 8 8 12 13 9 12 15 16 11 2 7 
170 158 140 113 76 40 13 12 13 15 12 6 3 13 4 4 10 15 17 16 13 5 5 7 11 14 12 12 16 11 7 8 13 16 15 11 9 3 6 4 3 6 10 14 10 9 6 12 14 13 12 13 11 6 4 11 11 11 11 14 16 20 27 28 
118 107 91 72 46 19 11 8 7 14 6 10 7 14 15 19 20 16 16 17 12 5 4 8 15 14 9 11 10 5 6 8 12 12 8 6 10 12 14 13 11 12 13 5 9 16 6 9 15 16 11 11 12 18 17 14 10 4 8 12 13 15 17 13 
84 71 57 42 26 8 10 6 4 11 6 12 7 7 10 10 15 11 10 18 7 9 11 12 14 12 8 13 11 3 6 8 10 9 4 4 12 13 9 6 4 8 12 5 8 16 5 3 3 10 10 7 9 9 10 8 9 9 10 10 14 16 16 17 
57 45 35 23 16 10 11 9 3 5 7 9 7 2 10 9 15 10 11 22 11 14 3 8 15 14 11 12 11 4 5 9 13 8 4 5 13 17 3 6 8 12 16 12 14 22 17 14 11 9 9 4 6 4 9 9 12 10 11 9 8 9 6 7 
26 24 20 12 9 10 12 11 10 9 11 9 11 10 13 15 19 14 15 19 7 15 7 7 13 13 14 11 7 8 9 10 10 5 13 13 16 19 9 13 9 11 17 11 7 16 16 12 9 7 6 1 6 5 12 9 14 11 11 9 10 9 4 4 
11 12 10 6 6 10 11 10 13 15 14 8 10 7 9 14 18 13 14 20 17 18 15 11 11 13 9 8 9 13 12 7 7 7 13 9 10 14 4 13 8 10 16 12 6 7 11 11 8 7 6 2 6 5 14 4 12 10 13 6 8 5 6 9 
21 15 12 14 6 5 5 6 13 15 9 7 11 8 12 18 18 13 11 11 10 17 18 14 17 22 15 14 11 15 17 9 6 9 16 12 8 13 10 12 7 12 12 9 11 12 18 14 5 3 6 8 11 10 15 3 9 12 15 11 13 7 4 4 
6 2 2 12 14 8 8 3 10 16 9 8 11 9 8 13 14 9 7 5 8 16 17 7 13 19 12 16 12 18 19 6 4 7 14 16 14 15 14 11 10 15 15 10 9 8 16 9 9 5 8 11 9 11 14 5 8 12 15 12 11 10 8 10 
16 11 9 8 11 13 15 14 13 10 3 8 9 11 8 12 16 13 18 21 20 18 14 7 14 20 7 15 14 20 20 4 4 9 15 21 22 22 20 11 4 11 16 14 11 7 15 14 13 8 9 12 9 11 12 4 6 8 12 13 11 8 3 7 
4 4 4 4 8 12 13 12 10 3 9 9 9 14 12 14 20 18 21 18 17 14 11 9 10 16 18 26 25 27 25 13 12 14 17 21 22 23 22 14 4 6 13 16 11 5 10 9 10 7 9 13 8 8 11 11 8 6 7 7 6 5 4 10 
9 6 5 7 10 12 12 11 11 15 18 11 9 13 13 15 14 12 15 15 11 9 6 3 6 10 16 21 21 23 20 11 11 9 10 16 20 20 20 15 6 5 12 15 8 1 7 7 7 8 5 11 5 3 6 10 12 12 8 8 7 6 7 11 
15 14 13 12 12 14 14 13 9 9 13 8 12 11 10 13 10 12 8 13 10 10 7 1 6 11 12 17 16 15 11 4 9 12 13 13 18 17 15 16 11 6 12 15 7 5 7 6 4 6 5 3 9 12 12 8 5 10 12 12 10 8 9 11 
12 9 12 16 15 15 14 14 10 11 17 2 12 9 9 20 16 20 6 9 11 14 12 7 10 13 9 17 14 8 5 5 13 13 11 9 15 12 14 16 16 15 15 11 3 3 6 7 8 6 5 8 11 13 14 16 16 11 10 8 5 6 6 11 
9 10 13 18 16 13 11 12 9 6 18 3 12 8 13 26 14 23 13 8 18 18 18 10 7 9 6 17 8 9 5 3 13 8 8 12 18 12 12 8 6 8 6 3 7 7 7 8 9 9 9 12 10 6 5 11 15 13 11 7 3 5 3 4 
3 6 11 17 16 13 9 7 2 4 15 12 13 9 13 20 6 17 21 14 12 11 15 13 7 3 7 20 15 16 11 6 14 8 9 16 16 12 16 12 9 8 9 12 13 13 6 1 6 3 4 9 4 7 5 10 15 16 10 5 3 6 6 8 
6 6 7 11 12 12 9 7 9 10 11 8 6 6 14 16 3 12 23 23 9 7 9 14 14 11 10 12 9 11 9 7 11 6 2 9 8 6 10 7 5 7 7 11 5 10 7 3 7 2 3 10 7 7 7 12 17 24 16 11 10 10 10 14 
9 12 11 10 13 13 9 3 7 10 11 7 5 8 16 12 2 7 22 30 13 10 12 12 11 12 14 12 10 13 5 9 7 8 1 5 8 2 9 6 6 11 11 16 3 10 6 4 6 3 7 13 9 11 11 12 8 15 13 12 11 13 14 15 
9 12 7 6 8 3 10 8 11 13 12 10 8 9 11 11 14 15 25 29 12 11 11 8 1 5 9 3 7 12 4 11 2 10 4 4 8 5 9 12 13 18 16 17 3 11 6 5 6 6 8 14 11 18 16 13 12 14 7 6 2 8 15 18 
9 11 8 8 11 8 10 7 11 14 15 16 14 12 11 12 13 16 21 18 9 15 17 15 9 4 12 5 6 12 8 15 11 17 13 12 7 7 8 15 23 26 24 12 3 12 9 6 4 2 10 17 13 20 16 8 6 6 3 8 6 7 10 10 
7 8 9 8 9 4 5 8 12 18 27 29 28 24 19 15 9 10 15 12 4 8 8 7 6 6 10 7 2 14 15 19 17 18 9 14 6 8 9 14 21 18 20 6 8 18 13 9 6 4 10 17 14 20 14 5 5 2 7 9 8 9 9 11 
5 7 10 7 7 5 4 12 10 10 17 10 17 18 17 21 18 9 15 11 10 9 8 9 9 9 11 9 7 16 14 7 3 9 4 15 4 7 13 17 24 21 16 3 6 15 12 12 8 3 12 18 17 21 15 7 12 14 16 13 11 10 9 11 
8 3 4 3 5 9 6 9 11 11 18 14 9 9 9 17 23 9 12 6 7 9 11 11 12 13 14 11 9 15 17 15 8 8 7 9 8 9 14 17 18 14 13 16 21 25 20 16 12 8 14 18 15 18 15 9 14 8 16 13 12 12 11 13 
13 8 4 4 6 5 5 6 11 6 12 14 3 5 6 12 21 8 7 5 0 3 3 4 2 5 10 7 3 7 12 13 12 10 9 3 6 12 12 14 12 8 7 16 24 28 24 20 15 12 15 17 16 18 17 7 14 16 19 14 7 3 6 12 
15 11 8 12 13 10 9 8 12 8 17 22 9 3 9 15 21 9 5 4 3 3 9 13 12 10 9 5 2 3 3 6 11 11 13 14 13 17 14 13 10 12 14 15 17 21 15 12 10 10 13 20 21 20 18 7 8 10 16 14 11 9 7 7 
15 13 12 13 15 9 7 7 9 12 17 28 17 11 11 10 21 12 12 7 6 6 9 8 10 10 8 5 3 7 6 8 11 11 12 13 12 17 15 15 11 12 18 18 10 12 6 9 9 10 15 19 18 13 16 7 8 8 15 11 5 6 9 10 
15 15 13 16 18 12 8 6 7 13 7 23 17 14 13 4 14 15 18 14 12 11 14 13 15 11 8 7 6 12 10 5 5 3 4 8 5 11 7 14 11 10 15 18 6 9 1 9 7 6 16 19 25 18 18 13 12 12 20 17 12 8 10 11 
12 14 12 18 19 14 10 10 8 12 5 23 18 14 12 6 8 11 17 10 8 9 16 15 18 15 8 13 12 19 18 11 7 5 5 9 8 9 6 16 13 12 9 15 8 12 7 7 10 5 17 17 23 17 14 19 17 9 19 14 11 7 11 11 

8 16 9 13 15 15 18 6 21 13 8 10 15 25 31 31 22 15 18 11 9 12 13 15 18 13 19 18 15 32 52 90 146 186 200 215 190 121 72 43 6 9 10 7 7 9 9 18 9 6 9 18 27 15 19 15 12 7 7 10 11 12 25 26 
11 15 9 11 10 9 16 2 19 12 12 9 7 15 21 23 17 14 18 12 7 7 9 15 13 8 15 15 21 46 75 117 170 201 205 207 175 110 65 37 4 8 4 4 5 6 6 13 11 10 11 16 20 16 18 17 12 8 6 7 9 15 26 27 
15 15 10 8 5 8 17 6 19 18 22 21 13 10 10 15 12 12 17 11 6 6 6 10 7 3 11 18 38 72 111 159 202 219 209 193 151 92 53 29 9 11 5 1 5 6 11 10 4 3 9 16 17 15 15 14 11 10 10 10 11 15 25 26 
8 7 6 8 10 15 19 9 15 14 19 20 13 7 2 10 11 13 19 15 8 7 7 6 8 9 17 37 74 115 162 207 232 227 200 167 119 69 40 25 15 16 12 5 2 5 12 8 7 6 12 14 15 16 11 11 8 12 12 10 12 13 21 22 
13 7 3 6 12 16 15 7 10 9 16 18 15 15 12 9 8 7 13 17 14 14 20 23 25 32 45 75 123 166 206 233 230 199 160 119 75 40 19 11 5 10 15 9 7 9 11 10 11 10 15 11 14 14 8 7 1 10 7 1 5 7 17 16 
10 6 1 10 15 10 4 1 8 13 17 17 19 21 19 17 14 10 9 10 10 15 20 23 31 49 75 119 176 210 229 233 204 157 117 78 41 18 10 13 13 6 13 8 7 11 11 9 6 7 11 6 9 8 4 3 4 10 7 3 2 6 13 13 
18 16 15 17 18 8 3 4 8 16 15 12 14 17 18 17 15 11 10 11 9 12 13 10 32 71 113 167 220 234 226 203 153 99 67 37 12 11 12 12 14 14 9 9 8 12 13 4 6 7 10 8 9 4 5 9 14 15 11 5 2 5 11 11 
17 12 8 8 11 4 9 8 13 24 22 19 15 14 9 7 9 10 8 11 14 14 15 26 64 118 165 214 247 232 195 150 90 42 27 9 11 12 12 8 10 20 11 10 8 11 15 9 7 4 4 4 8 6 4 9 13 16 17 16 12 8 10 9 
14 5 5 10 18 24 26 23 21 26 20 18 15 20 11 5 7 11 12 12 12 14 33 64 111 167 207 233 238 197 141 90 41 13 14 4 14 17 20 16 16 26 14 12 10 11 10 8 11 14 13 11 4 4 9 16 20 21 22 16 10 5 8 6 
18 14 8 6 11 20 20 20 19 18 10 15 11 20 15 10 9 9 10 12 16 36 66 108 158 205 225 224 202 142 81 42 18 17 13 1 19 23 27 23 23 31 18 18 17 17 14 12 9 5 3 9 4 6 14 20 21 20 19 13 9 4 8 7 
16 20 13 8 11 17 10 9 8 9 6 14 14 18 16 13 9 7 3 19 41 68 106 157 202 228 222 196 154 85 32 16 18 19 11 3 21 21 24 19 19 27 16 17 14 13 12 11 14 11 5 10 8 8 12 18 20 20 20 16 11 7 11 9 
26 27 20 16 14 16 8 9 13 11 14 15 10 19 18 17 12 14 20 45 82 119 162 206 233 229 195 152 103 44 7 15 17 13 6 4 18 22 24 21 21 23 14 18 19 13 8 6 12 14 6 13 10 11 12 14 15 15 19 19 14 11 15 11 
23 21 12 9 6 10 15 15 16 18 22 20 13 17 20 18 18 27 44 78 130 172 207 235 237 205 154 108 64 20 5 13 14 7 3 7 15 18 18 18 18 19 17 18 21 16 11 11 17 23 15 19 13 15 15 10 16 17 21 23 16 10 11 4 
21 13 9 12 12 17 22 20 20 22 26 23 19 15 16 13 26 49 80 123 179 213 228 233 213 164 109 70 34 5 6 12 14 5 6 9 13 15 14 14 15 12 10 9 18 16 10 11 18 28 24 24 17 15 7 16 20 15 17 17 7 6 8 8 
11 10 12 13 9 9 13 11 14 18 19 17 15 5 10 18 46 83 129 175 221 238 228 208 166 108 62 32 7 8 6 12 10 5 7 9 9 8 9 12 15 8 6 6 18 17 9 8 5 17 11 11 6 9 9 18 14 7 5 13 10 8 10 12 
25 20 16 14 9 11 16 14 13 15 17 18 19 7 6 35 76 122 174 214 240 233 200 160 112 59 26 9 8 10 7 12 6 6 5 10 6 3 4 8 15 6 5 1 13 16 12 12 7 12 10 9 11 13 15 19 13 8 3 11 9 11 15 19 
27 22 19 16 13 13 17 12 10 10 11 12 16 14 24 68 122 171 210 230 230 198 153 114 73 31 13 9 13 10 7 10 1 3 4 11 8 5 3 7 17 4 4 3 11 13 10 11 7 11 10 10 11 11 14 18 12 9 11 15 15 15 17 20 
15 14 12 10 8 10 15 11 7 5 5 5 13 35 61 111 169 206 222 221 197 149 105 77 46 19 10 7 14 10 8 7 4 5 1 9 9 9 10 11 15 3 2 9 13 10 7 7 3 4 1 9 11 12 17 16 11 11 15 10 10 6 5 8 
18 15 11 8 7 10 17 14 10 4 7 18 40 77 112 162 211 227 219 200 161 109 72 49 26 18 13 12 17 10 9 10 8 8 7 11 17 18 16 11 5 7 6 12 11 10 13 15 15 12 12 16 17 18 18 14 16 13 18 10 5 6 10 10 
13 12 5 5 6 9 15 6 6 12 25 42 76 125 166 207 234 225 193 159 115 70 44 29 15 20 15 12 13 5 6 10 13 13 12 10 8 9 4 5 3 4 5 11 15 16 17 17 15 9 6 7 10 15 15 12 15 8 15 8 11 16 20 24 
25 19 12 11 11 13 16 8 13 24 47 80 125 177 212 230 228 199 150 110 72 38 27 23 19 21 15 13 12 3 4 12 18 16 20 22 14 12 9 3 5 5 5 5 6 6 4 3 10 9 7 9 11 14 14 7 11 5 12 1 4 12 13 16 
8 4 7 7 4 11 12 5 19 40 82 130 175 220 239 228 200 158 104 67 42 20 15 16 19 22 19 17 11 2 7 14 20 16 19 23 18 17 13 12 7 6 6 7 6 3 7 10 11 14 6 7 8 14 13 4 11 8 15 17 13 15 14 18 
10 12 16 17 15 11 7 19 44 77 128 175 208 234 232 198 156 113 68 41 30 18 16 13 13 13 12 17 17 16 16 15 23 18 21 24 22 24 19 19 10 7 9 10 13 13 13 6 9 17 7 12 13 15 11 6 12 9 11 12 12 13 11 17 
3 6 12 16 14 9 7 38 75 116 169 210 225 227 204 155 109 74 43 27 22 12 8 5 9 6 7 13 11 13 19 18 23 16 23 23 26 30 22 19 15 7 7 10 14 9 13 3 3 14 7 11 13 13 10 6 12 11 2 3 10 15 12 12 
6 9 14 21 14 12 21 60 110 156 203 230 224 203 164 110 68 42 23 13 14 13 13 9 9 3 6 12 8 6 8 8 18 12 27 23 24 25 16 15 18 13 16 20 22 18 19 12 9 15 15 15 18 15 14 9 11 11 1 5 7 13 15 14 
5 5 13 20 6 23 56 108 167 209 232 229 200 160 115 70 41 22 11 7 7 4 8 5 6 2 8 14 11 10 7 8 15 7 24 21 23 24 17 11 12 11 14 14 16 8 8 4 11 17 20 12 14 6 7 9 9 14 9 12 12 16 19 17 
22 19 20 24 29 64 113 169 219 244 237 205 162 114 71 40 21 11 7 8 6 6 13 7 10 7 12 17 10 16 17 19 16 7 15 14 14 17 15 13 10 6 8 2 13 9 8 15 20 24 30 18 11 6 2 7 9 13 9 11 12 15 17 15 
29 29 34 46 71 116 169 215 243 245 212 166 121 77 43 25 13 10 5 8 3 8 15 12 18 14 16 19 16 22 10 4 5 2 13 13 8 12 14 17 13 9 11 3 13 17 8 9 12 10 20 12 2 4 7 6 6 7 10 7 6 7 6 5 
8 15 31 59 104 161 212 243 247 224 171 114 69 33 10 7 3 17 11 13 14 15 17 14 15 9 13 15 13 20 11 8 8 8 12 12 2 2 5 11 10 12 15 5 8 15 8 10 12 8 12 11 6 6 10 6 2 4 7 4 9 9 5 2 
5 22 52 95 149 203 237 244 220 177 115 60 28 10 6 8 3 20 10 12 12 14 17 10 8 10 14 17 19 21 12 7 3 6 9 10 4 4 1 11 12 12 13 8 12 16 7 7 11 14 13 9 5 5 8 9 2 5 6 6 13 7 10 9 
22 52 93 146 195 230 238 217 173 122 69 34 16 4 3 8 3 20 8 6 5 10 20 17 11 9 6 12 15 14 6 5 3 9 9 10 7 6 2 12 13 11 10 5 8 15 13 18 21 21 19 16 14 10 6 12 6 12 12 16 25 22 22 20 
67 103 147 192 222 229 208 165 115 71 32 21 13 7 5 8 1 16 6 6 9 5 15 18 18 18 7 6 8 9 10 12 11 10 4 7 8 8 4 11 12 9 9 5 6 8 7 9 14 19 18 13 10 10 7 12 11 22 21 27 30 20 18 15 
136 165 197 221 221 199 154 102 62 32 7 15 11 12 10 10 8 12 4 5 10 5 10 11 11 19 13 8 6 8 3 7 9 6 1 7 10 10 7 11 10 4 6 9 12 7 8 3 13 18 18 18 12 13 15 13 13 23 16 8 13 16 27 25 
193 211 225 226 203 161 105 57 34 17 7 12 14 18 15 10 10 9 4 5 9 7 8 6 6 17 16 11 8 11 3 4 4 3 4 7 11 9 6 9 9 6 9 9 9 9 16 16 20 14 13 17 12 15 18 15 14 16 13 12 17 24 28 24 
225 231 226 208 167 115 62 27 22 15 7 11 18 22 20 7 9 7 7 7 8 10 7 6 8 16 19 15 11 17 16 14 11 6 6 7 10 11 6 5 7 8 6 9 18 15 14 9 8 11 19 23 18 18 19 18 17 13 8 6 6 7 14 10 
225 218 198 162 111 61 17 13 25 20 14 11 13 20 18 11 15 15 17 11 7 5 6 9 10 13 17 11 4 7 4 2 7 7 9 7 10 14 8 6 2 4 5 12 20 20 20 21 21 20 23 20 12 13 15 16 15 10 7 4 11 12 12 12 
192 176 149 109 64 25 12 22 28 27 24 21 21 25 21 15 17 16 20 15 9 4 8 12 15 15 14 8 7 13 10 8 9 7 15 16 16 16 9 11 7 5 8 10 14 15 18 18 13 11 14 9 5 11 13 12 9 1 9 12 14 10 7 15 
130 115 94 66 37 19 22 22 21 18 11 8 8 13 9 10 15 14 15 11 11 10 11 13 14 15 12 8 10 10 5 4 7 13 20 16 12 6 8 12 8 6 10 17 17 14 11 13 14 13 10 6 6 9 9 9 8 10 10 10 13 17 26 30 
81 69 55 37 21 18 23 20 16 13 6 9 10 15 17 24 27 22 17 12 3 10 8 12 16 11 6 6 10 10 9 8 8 9 14 11 6 8 16 18 13 9 8 12 18 20 13 13 16 15 6 2 12 19 18 13 7 4 3 6 8 11 17 16 
53 41 32 20 15 13 13 11 9 10 5 8 10 10 15 18 22 19 16 19 9 15 12 11 12 9 5 7 9 11 9 11 9 8 9 9 9 15 16 18 15 10 11 15 20 24 16 13 9 9 8 5 11 10 10 5 3 5 7 8 13 15 16 13 
29 21 19 10 9 10 8 6 5 9 11 11 11 9 14 7 9 7 9 20 8 13 5 4 10 9 8 8 6 9 7 12 12 9 6 10 13 23 12 9 5 5 15 20 25 30 25 20 14 12 12 7 7 6 11 11 11 10 10 9 9 8 10 7 
8 8 10 3 6 8 2 3 5 10 13 12 12 13 14 10 16 14 16 22 7 10 6 6 12 11 11 7 5 9 9 11 11 7 12 18 20 28 13 11 3 9 20 21 25 31 28 20 11 7 10 3 6 7 14 5 2 4 6 9 12 9 11 11 
9 12 9 5 9 13 10 5 7 9 9 8 4 4 7 11 18 15 14 18 11 14 15 12 11 11 7 7 7 9 6 5 9 12 17 17 20 25 10 13 7 11 19 18 20 23 21 16 9 6 10 3 7 5 16 8 6 5 8 7 13 10 14 16 
21 15 12 15 8 10 8 8 15 12 5 9 7 8 14 21 23 20 15 10 0 12 16 13 15 20 13 13 10 11 9 6 7 11 17 11 10 16 5 12 9 12 15 13 16 18 18 11 3 7 9 7 9 6 15 6 4 10 13 11 17 14 13 12 
6 2 3 16 13 7 7 5 14 16 10 11 10 10 11 16 18 14 13 7 2 14 15 12 17 22 15 16 10 15 12 2 3 7 15 10 7 12 8 12 10 13 15 8 9 10 12 5 9 9 9 9 6 8 16 8 6 7 7 4 11 12 11 11 
14 9 7 12 11 11 11 10 13 9 7 10 11 12 5 8 12 15 21 18 15 16 14 11 16 21 14 19 15 17 13 2 2 4 10 10 9 14 11 9 7 9 15 9 6 5 9 10 13 11 9 10 3 7 12 9 12 12 9 11 9 5 5 3 
11 9 5 5 6 10 11 9 11 3 9 8 9 10 0 7 15 15 19 10 9 11 12 12 14 19 24 29 25 24 19 14 12 10 13 16 14 17 14 8 6 7 15 13 9 6 6 4 7 9 8 12 4 6 4 5 11 9 4 8 8 7 8 7 
5 4 6 3 5 8 9 8 9 10 15 8 3 8 7 13 14 13 12 6 8 12 16 16 16 19 25 27 25 22 15 11 12 7 8 16 18 17 14 9 6 9 14 16 12 6 4 4 3 7 3 11 5 8 8 5 12 13 13 15 11 9 10 9 
17 14 15 8 3 7 9 8 4 8 14 12 8 4 5 13 9 12 8 6 8 12 17 17 17 21 23 26 23 17 9 6 12 12 12 16 20 16 15 14 10 9 13 15 10 5 6 6 2 4 3 4 9 13 13 5 5 12 16 15 11 9 11 12 
19 13 13 10 5 9 9 8 8 12 19 15 10 3 7 19 13 17 7 3 11 15 18 17 17 21 21 26 22 18 14 11 15 8 7 10 16 14 17 19 18 18 15 11 5 2 4 5 3 4 4 6 11 8 12 10 8 4 6 6 5 7 11 15 
16 12 11 11 7 7 5 2 8 10 20 13 7 5 14 28 17 23 14 8 17 16 19 16 14 19 21 26 20 21 15 9 13 4 6 9 13 7 8 11 9 8 2 5 9 5 4 4 4 7 9 12 13 5 9 10 9 8 7 7 1 6 9 13 
13 9 7 9 7 6 2 4 13 13 18 16 9 8 15 23 8 17 21 16 15 9 15 16 15 17 22 29 24 24 17 9 14 7 10 18 14 9 10 12 12 10 7 8 12 10 5 4 6 9 10 12 13 10 10 10 11 11 4 10 6 9 11 18 
9 9 9 9 7 6 4 9 15 13 14 11 3 6 16 18 8 12 21 22 12 5 8 12 13 14 18 24 22 22 17 10 13 9 8 13 11 10 8 8 7 6 3 7 12 15 12 8 9 10 10 13 14 11 9 11 18 24 17 17 11 11 11 13 
12 14 13 13 14 13 9 7 11 9 10 8 5 9 20 15 9 10 21 30 15 8 10 10 5 5 10 15 17 19 15 11 8 9 8 10 12 8 4 3 4 6 0 8 12 19 15 11 11 9 10 13 9 10 6 9 3 12 9 12 8 9 13 13 
14 16 11 9 10 5 6 7 11 9 7 7 7 10 15 8 8 10 25 32 12 2 2 9 7 6 5 8 13 18 13 12 5 10 6 6 9 10 9 9 11 13 9 6 12 21 17 14 11 7 5 9 4 12 3 8 6 10 5 6 3 6 16 17 
11 13 4 3 8 6 9 8 11 11 14 17 14 13 14 12 12 13 21 24 9 12 13 11 8 11 13 9 10 14 10 12 10 18 15 12 5 11 5 5 14 17 16 5 14 22 20 16 12 3 5 13 4 14 2 9 6 6 9 8 3 3 10 9 
9 10 1 2 8 5 8 9 15 18 26 26 21 18 15 10 6 9 18 21 12 10 9 8 11 14 15 8 7 15 16 18 14 17 8 16 6 13 8 9 14 6 18 12 16 22 18 18 16 6 6 11 5 11 5 11 11 10 12 5 3 7 12 17 
5 8 5 3 7 4 7 9 10 12 19 13 15 17 17 19 16 13 21 21 15 11 7 10 12 15 16 13 8 15 12 9 5 8 6 17 8 11 6 7 14 14 16 12 15 16 11 15 15 2 5 9 8 13 9 11 17 18 17 9 8 11 13 16 
6 6 6 6 8 9 5 6 6 11 19 13 15 16 18 23 25 17 21 18 13 10 9 9 8 11 12 11 7 12 13 15 7 6 6 10 9 4 3 5 5 4 11 15 18 18 12 11 14 6 4 7 4 11 12 15 21 18 16 5 4 9 10 14 
2 1 3 5 7 10 3 4 2 7 16 14 16 16 16 20 23 17 16 14 10 6 2 1 1 5 5 10 8 13 19 19 16 11 8 7 7 6 3 8 3 3 10 16 22 23 18 16 14 7 3 5 8 11 14 16 20 21 18 10 6 3 4 7 
5 3 2 7 7 11 7 6 3 8 19 23 20 19 19 20 21 16 14 9 8 7 9 9 8 8 7 7 4 7 7 7 12 12 12 13 10 10 9 12 13 15 15 15 18 21 15 10 4 5 5 11 12 11 14 18 15 14 11 6 8 8 8 9 
6 5 6 8 9 12 7 7 4 15 18 26 18 19 19 16 19 14 14 11 11 9 9 7 8 9 5 5 8 10 8 6 9 9 11 14 11 15 14 13 11 11 15 18 12 16 10 5 5 9 12 10 9 5 9 17 11 7 9 6 9 8 8 11 
7 10 9 10 9 12 6 3 5 18 10 22 16 18 16 9 11 14 18 17 16 13 9 9 10 9 8 9 10 13 10 5 7 5 5 12 5 9 5 9 9 10 11 17 9 15 11 7 6 5 16 16 21 17 15 21 11 8 16 15 15 10 7 10 
12 13 10 12 9 12 9 3 5 18 9 22 17 18 15 8 6 9 17 16 14 10 6 8 11 11 10 14 15 18 13 9 7 6 4 12 8 8 3 11 8 9 3 15 8 16 13 6 9 5 18 14 15 15 11 28 16 6 16 12 15 9 6 10 

31 27 14 2 10 18 19 12 24 15 15 14 11 18 22 26 15 12 19 19 18 17 16 16 12 6 15 21 31 56 86 125 169 194 187 174 134 70 33 17 15 18 20 17 13 9 8 14 10 8 4 14 22 11 16 10 8 4 7 8 19 14 23 21 
24 21 10 3 10 15 17 8 19 12 17 15 12 15 17 20 12 13 18 16 16 15 16 18 12 7 15 21 40 77 113 153 187 199 182 160 119 64 31 14 12 17 15 18 17 11 6 7 11 12 9 10 13 13 15 12 9 4 8 7 13 14 24 24 
17 15 7 4 8 8 14 2 15 15 23 24 18 14 12 16 10 13 17 9 11 11 11 12 7 7 18 36 69 112 154 187 205 199 169 137 96 50 24 11 9 15 15 15 16 12 13 9 5 5 4 8 8 10 11 10 3 9 12 9 9 8 19 18 
7 6 7 9 11 10 14 9 12 14 19 21 17 14 9 13 8 11 18 10 9 9 10 10 12 18 38 72 119 166 205 224 219 190 147 110 71 36 20 14 12 15 16 12 12 10 15 13 10 9 9 8 10 12 9 9 7 17 16 15 16 12 21 20 
9 6 9 10 13 14 14 11 9 5 11 14 16 20 18 14 8 6 14 12 13 16 20 25 32 48 76 121 173 211 231 227 195 148 102 69 42 22 14 12 11 13 18 13 12 14 13 12 8 6 13 7 9 10 8 6 7 14 10 7 11 11 21 19 
14 11 10 12 12 7 6 9 11 6 6 7 13 17 18 16 13 10 10 4 4 11 18 26 45 77 117 170 218 236 231 203 153 102 64 37 19 8 6 9 9 3 16 12 12 17 15 14 8 7 12 6 7 7 6 5 10 14 10 8 7 9 18 16 
15 14 14 18 17 9 5 8 12 10 7 3 10 14 14 14 13 11 10 9 9 12 18 29 64 113 161 210 242 233 202 155 101 56 30 13 4 6 9 11 14 12 9 12 11 17 18 10 7 7 11 6 3 5 7 10 16 17 13 11 7 9 15 12 
17 14 11 10 11 5 9 8 12 15 13 14 16 15 9 7 8 8 6 6 2 17 33 61 111 166 207 236 241 204 152 99 51 21 14 7 5 8 8 8 11 18 8 11 10 16 21 16 13 10 7 2 4 8 4 5 9 9 14 16 12 8 12 8 
13 2 8 15 23 27 29 27 23 21 16 16 18 21 10 4 5 7 8 3 10 36 69 112 164 210 229 227 202 144 87 46 16 7 13 10 13 20 16 13 13 19 2 7 1 6 11 9 11 14 13 10 3 6 7 8 11 13 18 18 12 5 9 6 
20 12 8 10 13 21 24 21 19 17 12 18 16 16 9 5 6 5 6 12 37 74 117 164 206 230 222 193 149 82 33 10 2 1 13 11 17 26 24 22 20 24 9 15 14 17 15 12 9 3 6 9 4 6 10 10 11 12 12 14 6 3 8 7 
16 18 12 9 10 14 7 3 2 8 12 21 16 12 11 9 4 5 15 40 78 121 164 205 231 227 192 147 96 36 5 7 8 4 13 10 16 21 20 17 15 21 1 11 8 12 12 11 12 9 7 8 6 7 9 12 13 16 12 13 8 6 9 10 
26 26 19 15 16 16 7 9 8 12 20 22 14 11 14 12 11 20 39 77 129 177 212 236 235 200 146 96 54 11 10 7 9 6 10 11 14 19 17 15 16 16 5 9 17 18 14 10 9 13 4 10 6 8 10 13 11 12 10 9 6 7 13 13 
22 21 12 9 9 12 16 18 15 17 24 21 18 8 15 10 20 39 70 118 179 219 236 238 214 159 100 59 28 2 8 9 14 9 10 9 11 13 15 16 16 16 18 17 21 22 18 16 16 23 14 15 9 12 13 10 9 11 9 10 5 5 12 8 
22 12 6 11 13 19 25 25 21 22 26 21 22 13 13 11 37 70 114 167 220 238 230 210 171 112 64 35 13 6 5 14 18 9 5 5 10 15 18 16 14 12 12 10 16 19 12 14 14 23 18 17 14 15 12 15 13 11 9 9 11 13 14 10 
13 6 10 11 7 11 19 20 18 18 18 11 17 3 9 34 74 116 167 210 240 235 201 161 113 59 29 10 6 8 6 16 14 3 4 6 7 9 5 11 12 3 6 8 13 15 6 10 6 12 5 7 8 10 7 15 11 16 16 19 20 14 13 13 
24 18 13 14 12 14 21 19 15 13 9 8 18 12 25 67 117 163 206 229 234 204 153 108 68 26 21 9 11 11 9 15 7 5 4 7 3 5 4 10 10 7 10 12 11 11 7 13 15 8 3 3 2 6 3 13 11 16 16 19 19 16 18 21 
30 24 18 19 18 17 18 8 6 8 8 6 18 33 59 111 167 205 224 221 201 152 102 70 44 20 20 19 23 19 11 9 2 4 3 6 4 4 3 7 12 13 16 15 15 10 7 13 14 7 6 4 6 9 12 16 12 15 18 22 25 24 26 31 
21 18 12 15 13 12 13 3 5 7 15 22 41 72 108 161 210 225 215 192 153 97 59 45 30 18 19 19 24 21 10 5 9 11 10 6 2 6 9 9 13 16 17 16 16 7 4 11 12 8 4 5 9 13 16 13 6 10 16 15 19 20 21 24 
24 19 12 15 10 11 15 9 11 12 26 45 78 125 165 208 236 225 189 154 111 62 36 28 20 18 22 24 29 24 12 8 11 14 14 12 14 14 13 12 12 16 14 13 12 10 11 13 14 11 9 13 15 16 16 7 9 7 14 7 10 16 15 16 
19 18 11 14 5 6 13 4 17 30 50 79 125 178 211 232 233 196 141 104 68 34 23 23 17 23 28 32 33 25 13 4 11 16 16 18 14 14 15 16 16 16 13 12 14 15 14 13 10 8 6 8 9 12 15 7 11 10 16 12 13 17 17 21 
23 17 11 14 10 12 16 14 27 46 80 123 174 220 236 227 199 148 92 63 40 15 17 22 21 27 30 33 35 24 15 8 12 15 18 26 25 24 22 18 17 16 13 7 8 6 7 10 9 10 7 7 4 8 17 10 12 9 10 1 1 9 3 6 
10 4 7 9 1 7 12 18 40 73 123 173 212 239 233 197 153 104 57 37 27 9 12 16 18 24 24 28 30 22 17 7 11 11 14 19 21 21 19 21 17 14 12 13 12 10 13 14 10 12 5 8 5 9 14 2 9 7 15 16 12 12 9 11 
12 13 16 17 14 7 16 42 78 121 175 212 224 225 199 148 103 67 35 24 25 15 14 14 14 16 17 24 26 25 23 14 20 17 20 19 21 21 19 24 17 12 10 10 13 12 14 10 10 17 7 12 7 6 10 5 11 11 14 14 16 15 14 15 
7 6 10 16 16 16 33 71 116 163 209 228 215 193 155 99 60 39 21 18 21 9 4 5 11 9 8 15 17 19 23 16 20 18 25 19 22 21 15 20 19 12 11 11 14 10 11 5 5 16 9 12 8 4 9 5 11 12 3 7 13 16 18 13 
10 4 9 18 7 30 61 108 158 200 227 224 191 154 111 61 35 25 13 9 13 11 15 15 15 7 3 7 8 9 15 9 15 17 29 20 16 13 7 14 21 16 17 16 17 13 12 9 9 16 16 15 16 11 12 7 7 11 5 9 11 15 20 18 
10 5 9 17 23 65 115 170 216 240 235 201 152 110 71 37 25 17 10 11 11 6 3 7 11 11 8 7 6 11 14 12 14 18 30 26 23 19 15 10 14 12 12 9 12 6 4 5 10 16 20 7 10 3 9 10 6 12 8 11 14 20 24 24 
16 15 18 31 62 115 174 223 249 247 212 159 110 71 40 20 15 4 7 10 12 8 5 8 12 9 9 9 7 15 12 14 14 18 25 24 20 17 15 14 11 9 6 5 12 10 7 11 15 18 27 16 12 6 0 7 9 11 9 11 15 19 22 23 
24 27 39 66 112 169 221 248 246 221 168 113 75 48 27 17 12 5 3 9 11 10 8 10 12 6 7 12 13 20 6 5 9 17 24 22 18 18 18 18 13 11 7 4 12 15 6 4 9 6 20 14 6 5 7 3 4 4 9 3 4 8 5 3 
13 29 59 102 157 212 245 249 224 180 118 67 37 19 7 5 5 12 11 15 18 18 14 12 10 6 6 12 14 17 7 6 8 14 21 19 15 16 16 17 15 14 10 5 9 16 10 4 7 5 9 11 5 6 11 10 4 4 8 6 9 8 4 6 
22 49 89 142 192 230 239 221 176 124 68 28 9 6 6 6 5 15 10 11 14 13 10 6 6 12 13 16 19 18 10 6 5 11 16 15 12 12 12 16 15 12 9 6 8 16 12 8 11 14 14 11 6 5 10 13 7 7 9 9 17 11 11 12 
61 93 137 188 218 226 210 171 118 74 37 21 11 4 5 9 8 14 6 5 5 7 13 15 11 12 10 13 15 12 5 3 1 8 11 11 10 9 10 14 15 10 8 6 6 15 12 15 17 18 17 15 13 10 8 15 8 10 9 15 27 25 24 22 
124 155 191 222 223 204 164 115 69 38 15 16 13 10 8 10 8 10 4 4 9 7 8 14 17 19 14 10 12 10 9 11 10 8 5 5 3 4 8 11 14 10 8 6 6 9 4 5 9 14 15 12 10 13 10 13 4 17 15 25 34 26 22 18 
191 209 222 226 199 155 104 60 32 16 6 12 6 8 6 6 6 8 4 3 9 8 6 7 10 21 20 10 12 11 10 11 8 7 6 5 3 3 7 9 11 9 10 14 15 10 4 4 15 15 16 14 12 13 15 7 3 20 15 10 15 13 21 18 
226 230 221 203 161 108 60 29 18 14 3 6 7 12 11 4 10 10 6 5 7 12 10 10 10 18 21 12 15 14 10 12 12 10 8 6 8 6 4 6 10 10 14 14 11 9 10 15 20 12 7 11 10 11 13 4 2 17 15 9 14 22 30 27 
230 223 197 163 115 68 31 12 14 13 3 6 12 16 20 11 10 8 7 9 6 12 11 8 11 15 19 14 16 17 18 18 16 12 9 7 9 11 6 3 6 6 8 3 12 12 11 8 12 14 22 24 21 19 15 12 8 15 14 7 7 9 19 15 
203 187 152 108 63 25 4 13 20 18 15 15 14 19 24 19 19 16 16 14 10 10 10 10 13 15 16 10 11 9 11 10 13 11 9 8 10 18 12 9 2 2 5 5 14 15 15 17 20 23 27 22 16 16 17 17 14 15 15 7 12 9 14 8 
152 132 98 59 25 6 14 15 21 23 23 23 25 29 27 21 19 13 15 13 10 10 14 15 17 16 11 7 4 9 7 6 13 8 14 16 18 23 16 13 8 6 8 6 7 13 17 15 12 12 17 7 7 14 19 18 16 13 7 6 15 8 8 14 
84 72 49 24 9 11 13 9 8 3 7 8 10 14 12 10 12 7 11 9 14 18 16 14 11 8 3 2 4 9 5 6 14 12 19 19 17 17 12 9 8 6 9 13 6 5 10 13 12 11 11 4 2 6 9 9 9 8 4 5 12 13 20 25 
43 34 22 9 11 16 20 17 13 8 5 4 4 8 10 19 26 25 20 14 10 18 14 12 12 3 6 7 11 13 11 12 16 14 15 16 11 7 10 8 5 4 7 9 9 12 10 14 16 13 5 6 12 18 19 15 10 6 3 7 11 12 16 18 
20 12 11 7 12 10 8 8 6 6 3 0 2 3 12 18 22 20 15 19 9 14 8 5 8 5 5 7 13 15 13 16 14 15 14 15 9 7 8 12 11 11 12 12 13 16 12 13 11 12 11 9 10 7 8 8 6 2 3 9 12 15 16 15 
10 5 12 9 10 9 4 6 6 9 10 11 11 13 17 15 11 9 6 18 4 11 6 0 6 6 8 8 11 13 12 20 18 17 16 16 12 21 11 9 8 8 9 12 15 20 14 13 12 15 16 10 9 6 14 14 12 10 10 13 11 8 13 15 
18 15 15 9 7 8 4 7 8 13 15 14 14 17 16 12 12 11 13 21 6 7 7 6 12 12 12 8 9 8 12 19 21 18 17 17 16 31 18 11 5 6 16 18 18 23 21 15 11 12 15 6 9 8 17 12 6 3 2 13 14 9 15 18 
20 20 15 8 9 15 11 7 5 9 10 9 5 5 7 9 13 10 11 19 9 8 12 12 16 15 10 8 10 8 8 14 21 23 26 21 21 31 18 12 5 7 18 18 15 17 15 11 9 10 12 5 9 8 18 14 11 9 8 14 17 12 17 21 
26 22 18 14 4 12 13 12 13 10 6 12 11 12 15 20 23 20 14 13 7 11 16 16 19 22 12 10 10 13 10 9 17 22 26 19 18 26 15 10 5 8 16 14 13 12 12 9 11 12 10 7 8 5 17 13 12 13 15 18 22 18 20 23 
18 15 14 16 8 6 6 5 10 11 10 15 15 13 12 14 16 15 11 10 7 11 14 15 21 26 11 10 7 14 12 5 11 16 23 19 18 24 14 14 7 7 14 8 9 9 13 12 16 11 10 11 7 7 15 6 5 10 8 12 16 18 18 20 
13 12 11 13 9 5 7 4 11 6 7 12 17 14 6 3 12 21 22 20 16 13 13 15 20 25 9 15 12 15 12 0 6 9 17 10 6 16 6 13 8 7 15 7 6 6 9 9 11 6 5 9 5 10 12 10 12 13 11 15 12 9 8 10 
15 12 9 9 10 9 9 9 12 5 9 11 15 12 7 6 12 18 17 10 11 6 12 16 20 24 22 27 24 22 16 11 8 6 16 16 11 16 8 9 8 8 14 13 11 9 11 9 9 8 9 13 9 12 8 5 9 10 7 12 12 10 10 12 
7 8 9 6 10 10 9 9 12 3 9 5 12 13 12 15 12 11 9 5 12 12 17 18 19 18 21 25 24 24 17 15 15 17 23 23 19 17 10 6 7 9 11 11 9 4 6 7 7 8 4 12 7 10 7 6 9 11 12 10 9 7 10 11 
14 14 16 8 7 7 8 8 12 3 9 6 8 10 9 16 8 8 5 1 12 12 16 17 18 18 18 21 17 11 10 10 17 23 24 25 21 15 13 10 8 11 11 14 13 7 6 5 3 5 7 8 6 9 10 7 6 10 15 11 11 10 13 15 
14 13 16 8 5 8 8 9 16 10 15 10 9 9 6 19 9 12 8 3 13 11 13 15 19 21 19 21 15 9 12 13 17 15 18 24 22 20 20 18 17 19 14 12 11 8 8 4 4 4 6 8 14 10 10 9 5 6 8 6 6 9 13 14 
8 9 12 7 5 10 7 9 15 9 18 12 9 7 12 27 16 18 14 11 17 10 12 12 17 22 21 21 13 15 14 11 13 9 13 16 10 2 5 9 12 12 5 5 12 10 12 6 6 8 10 14 17 12 9 6 3 10 7 10 3 8 7 8 
15 11 7 5 6 8 4 9 14 11 18 16 11 7 13 24 6 14 18 18 17 4 9 6 11 19 23 24 18 20 14 9 12 3 1 16 10 6 6 7 12 13 5 4 16 16 15 11 8 9 12 15 17 12 7 4 5 11 3 16 10 15 18 24 
5 5 4 5 7 8 7 10 10 6 11 11 9 3 14 17 4 8 17 25 20 12 11 4 5 13 20 24 20 20 13 7 11 5 4 14 14 15 14 10 9 10 1 6 18 19 15 10 6 9 10 13 17 11 6 12 17 22 16 19 9 11 14 17 
4 9 10 12 15 15 11 7 6 3 7 8 9 4 20 15 7 9 18 31 23 17 16 10 3 11 16 21 19 19 16 9 8 4 3 6 9 9 7 4 2 8 3 7 18 19 13 10 8 10 15 18 14 8 4 8 1 11 7 11 2 4 12 13 
11 16 13 13 15 10 4 2 4 1 3 8 10 8 17 8 6 6 22 34 20 15 15 15 8 10 11 18 20 22 18 12 12 13 11 8 7 11 12 12 11 14 11 11 19 21 13 13 11 5 6 10 10 11 1 9 2 8 6 8 3 7 16 15 
7 14 9 9 11 5 4 3 5 8 11 14 12 10 14 9 9 9 20 27 17 17 15 16 13 12 13 16 17 18 15 12 19 22 18 13 2 10 7 7 10 14 18 16 19 21 15 15 15 8 10 14 6 10 3 11 8 11 13 10 6 5 12 10 
10 15 9 8 11 5 6 6 10 16 20 22 16 15 14 6 6 11 20 25 18 17 15 16 16 15 13 13 15 17 20 16 18 18 12 18 2 10 7 13 11 9 19 18 15 18 12 17 20 15 12 13 8 6 7 11 8 10 11 6 10 11 18 24 
9 12 9 8 11 9 10 7 8 11 16 18 17 19 18 14 11 10 18 21 11 10 8 13 13 12 11 9 12 16 15 9 12 13 13 18 6 9 3 8 10 14 15 14 12 11 10 15 22 18 15 12 10 12 15 12 14 16 14 13 11 6 9 12 
5 7 8 9 10 12 9 5 4 8 18 20 21 21 22 21 18 12 13 15 6 7 5 8 6 6 5 8 7 12 13 16 13 11 13 9 6 3 2 9 5 8 9 12 13 10 8 12 20 19 15 11 6 11 17 18 21 20 14 10 3 5 9 10 
2 4 6 9 9 13 11 9 7 3 15 18 23 22 23 22 19 17 13 9 6 3 4 3 5 6 7 12 13 17 23 23 20 15 12 9 10 4 3 10 0 8 6 9 16 15 13 18 21 18 12 8 9 13 18 19 19 20 14 10 5 6 8 9 
5 5 5 9 10 15 16 15 11 9 13 16 19 19 22 22 20 20 21 18 15 11 9 6 5 7 7 6 6 7 11 13 15 14 13 15 13 8 10 14 15 18 10 5 13 18 17 16 13 10 7 7 9 11 20 23 17 15 9 8 9 10 12 12 
10 9 10 11 14 18 18 17 14 21 13 16 10 17 21 19 18 17 18 19 18 15 12 8 7 7 8 4 2 5 8 8 7 8 13 19 16 15 13 12 9 9 8 14 7 12 8 4 1 3 8 6 6 5 12 19 9 7 4 11 12 12 10 12 
10 11 14 11 12 17 16 15 16 25 9 15 6 16 18 14 12 15 19 20 17 13 8 7 7 6 7 7 4 5 7 5 5 7 11 18 15 9 5 9 10 13 9 16 7 14 8 3 4 5 15 16 19 21 20 23 4 5 12 18 16 11 5 8 
10 13 16 9 10 14 12 10 14 24 9 18 7 15 17 11 8 10 14 17 13 9 5 5 8 5 3 7 4 7 6 5 1 6 10 17 17 9 6 11 12 9 4 14 7 16 10 6 7 5 17 16 13 16 13 28 12 8 16 17 15 8 2 7 

15 14 14 11 8 12 13 12 25 21 18 11 5 9 18 24 12 10 11 12 13 14 16 15 9 3 9 22 46 84 120 152 177 182 157 128 90 36 12 9 17 18 21 18 14 14 6 13 16 16 12 10 17 11 15 10 9 7 6 9 25 18 21 20 
11 10 9 8 9 13 15 11 19 17 21 16 12 12 16 19 11 13 12 11 11 10 12 12 8 5 15 34 65 108 146 172 182 177 144 111 77 34 11 11 17 20 14 13 15 14 7 10 15 16 14 8 8 13 15 11 9 5 10 8 20 17 23 23 
5 6 5 8 7 8 13 6 11 13 23 25 22 15 10 17 9 13 15 8 7 5 8 6 2 11 32 60 100 146 180 192 185 165 123 88 58 26 8 5 11 18 17 11 12 10 12 15 12 12 8 5 1 5 6 6 4 10 14 8 16 8 16 15 
5 9 12 11 10 9 8 6 8 12 19 21 22 20 13 15 6 11 17 6 5 8 8 7 11 28 60 103 153 196 217 212 185 145 100 68 40 18 11 9 11 13 16 13 9 8 12 19 16 14 10 6 4 1 3 6 9 18 17 14 21 14 19 17 
8 5 6 10 12 13 11 9 7 7 8 10 18 26 26 20 10 7 13 7 10 15 20 25 37 62 101 151 196 219 218 191 145 99 62 40 25 16 15 14 15 15 18 15 12 11 7 15 9 9 13 9 8 4 4 4 10 15 9 6 17 18 22 18 
15 11 8 11 9 5 6 10 12 13 8 2 10 15 19 16 14 12 13 8 7 12 21 34 59 100 149 195 223 222 196 148 96 56 30 16 9 5 8 10 9 10 18 15 13 16 10 15 6 6 13 9 11 9 10 10 14 17 8 7 12 17 21 15 
15 15 15 18 17 13 12 11 12 10 7 6 10 8 12 12 15 14 12 11 12 14 26 49 90 143 190 221 226 197 150 94 51 23 8 6 5 5 9 12 14 13 14 16 16 20 16 10 6 5 12 10 12 14 15 15 19 18 11 12 12 16 17 10 
16 15 10 9 11 7 13 6 6 8 7 12 14 10 9 8 11 12 9 7 7 25 51 91 143 191 219 224 202 150 96 49 19 6 6 9 10 12 14 12 11 17 16 19 20 24 27 22 17 14 12 10 13 14 12 11 13 11 13 17 15 14 14 9 
7 9 14 22 29 31 33 27 21 18 14 16 17 17 10 7 9 10 9 4 21 55 98 147 192 221 221 194 147 86 39 11 6 7 10 13 12 13 12 10 7 16 16 17 14 10 11 10 11 12 9 6 8 11 13 13 14 15 19 22 18 13 13 11 
14 4 10 13 15 23 27 21 18 15 13 19 14 12 9 5 6 5 6 23 57 102 151 193 220 225 199 151 95 37 5 11 12 9 15 14 10 16 13 17 15 19 19 19 16 12 11 9 8 3 9 6 4 6 10 12 14 15 15 18 12 11 13 14 
16 14 13 9 6 13 10 5 11 14 18 23 12 6 6 9 3 11 27 61 107 154 192 217 222 198 152 99 51 7 14 12 12 9 16 15 5 10 9 10 9 17 13 15 10 4 6 6 10 8 9 4 4 8 11 14 16 19 15 15 10 9 11 12 
23 25 21 18 17 18 9 9 7 9 20 21 11 10 10 10 13 27 53 100 157 199 220 223 202 153 99 55 23 9 14 7 13 11 13 15 5 5 4 8 12 14 10 11 12 12 10 9 7 12 8 3 6 9 11 15 16 18 15 14 10 13 17 18 
18 20 13 11 11 10 12 16 12 8 20 18 14 8 9 7 27 50 87 143 200 223 221 204 166 110 62 31 10 5 8 9 17 11 12 11 4 7 13 15 16 17 19 18 18 23 20 18 15 21 17 10 9 10 11 13 12 11 7 7 2 8 13 12 
20 11 5 12 15 19 23 24 22 22 26 19 18 12 9 20 54 88 137 190 226 223 194 158 116 67 37 19 10 8 9 16 20 11 5 3 11 17 19 15 12 11 12 14 16 23 16 14 12 16 15 12 12 12 12 14 9 6 4 7 12 14 12 11 
15 7 11 11 8 12 17 20 21 21 22 11 17 9 16 56 99 139 186 217 227 200 149 102 62 21 19 7 6 7 5 15 13 3 5 7 7 8 4 12 11 6 6 9 11 16 10 12 12 8 3 4 7 11 10 13 10 14 15 21 22 13 10 10 
16 14 14 14 13 17 21 20 18 15 12 3 20 23 43 96 145 181 212 217 202 155 98 58 34 8 21 11 13 12 3 13 9 8 4 7 6 8 9 12 8 7 9 14 13 7 7 13 19 12 5 6 8 12 9 11 4 6 10 18 17 11 11 13 
24 18 15 19 21 21 19 15 7 5 9 10 29 51 84 143 190 210 213 193 157 101 57 35 24 10 20 21 24 22 9 9 6 6 3 6 7 9 10 9 7 6 2 8 12 8 9 11 16 14 12 8 10 11 13 16 10 11 15 23 22 17 18 21 
22 16 13 20 21 16 14 10 9 7 15 29 56 95 136 186 217 213 187 151 108 56 30 27 21 9 9 8 15 18 5 6 11 11 10 8 5 6 8 6 1 2 7 12 9 6 11 15 18 17 15 5 8 13 21 18 13 12 15 18 20 20 21 23 
26 20 14 22 18 12 11 6 15 20 33 56 97 148 184 214 223 191 143 107 71 31 15 20 17 6 7 9 18 18 9 12 13 10 8 5 8 8 4 4 5 7 6 12 10 9 7 9 13 16 14 10 15 17 22 18 16 12 15 11 17 20 19 21 
19 16 12 21 15 12 11 9 26 44 65 98 147 194 212 214 194 143 88 63 39 12 15 22 15 7 13 15 22 20 14 12 5 9 7 11 9 10 9 8 7 8 11 12 14 14 7 3 3 9 7 1 9 12 19 17 16 16 18 15 18 18 18 22 
14 10 8 16 15 13 12 16 38 66 102 149 194 222 216 187 145 92 49 38 28 10 18 22 9 9 12 14 24 18 16 15 1 6 9 17 20 19 14 10 7 12 13 10 13 12 8 9 6 8 5 4 5 12 21 18 15 11 9 3 3 9 10 13 
3 2 6 10 10 9 9 24 58 100 150 193 216 218 191 141 95 58 31 27 26 13 15 13 3 8 9 13 20 15 18 14 5 3 8 6 12 12 11 15 13 14 14 12 10 8 9 8 4 7 3 8 7 9 13 5 6 6 13 15 12 10 9 7 
9 12 13 15 11 6 23 55 102 151 197 218 209 184 143 87 51 32 22 21 24 15 13 10 3 5 9 15 19 21 25 18 15 12 15 3 10 12 12 17 17 15 12 9 8 8 9 7 9 12 6 12 8 5 7 1 9 12 14 17 18 15 14 7 
11 8 9 18 14 24 46 88 140 185 215 214 181 143 101 50 24 23 20 17 19 12 11 11 12 12 11 10 10 13 23 18 15 13 20 9 9 8 4 13 21 15 12 9 11 8 7 6 7 13 9 11 10 6 7 6 12 14 5 10 13 15 15 9 
17 11 7 17 9 49 86 132 180 211 217 193 145 104 68 27 16 24 18 11 12 7 16 21 21 15 11 8 5 6 17 14 13 16 25 13 6 6 7 6 19 15 15 13 12 8 7 8 7 13 17 11 16 14 13 9 10 15 9 9 11 13 14 11 
18 15 12 21 43 98 150 196 228 233 205 155 103 67 39 14 17 18 7 5 8 9 8 11 10 9 10 5 5 11 16 14 10 15 25 20 15 15 15 8 9 8 9 11 12 10 8 10 12 16 24 12 14 14 15 12 9 12 9 9 14 17 19 18 
16 17 21 42 87 148 201 234 237 215 164 110 68 41 20 9 14 9 8 9 9 11 9 12 11 8 11 4 7 13 9 10 6 12 18 13 9 10 12 13 7 4 5 8 12 11 5 7 11 12 24 15 13 12 12 10 11 11 10 12 17 21 23 26 
18 27 48 87 139 194 233 238 211 171 116 72 48 33 21 14 13 9 8 12 12 10 10 11 10 7 9 6 9 17 6 4 2 12 16 9 5 7 8 12 7 2 1 5 11 13 6 4 9 8 20 16 9 11 14 8 4 2 10 9 8 8 4 10 
22 45 83 133 185 225 238 217 173 124 73 39 22 12 4 6 9 11 8 12 15 15 11 9 4 6 9 8 11 15 6 6 4 12 15 7 3 6 7 10 9 6 5 8 12 17 13 6 9 10 12 14 8 10 14 14 3 3 14 13 15 8 7 10 
41 74 118 170 205 219 208 173 122 77 40 19 8 7 11 12 12 13 7 10 14 15 9 10 4 8 10 11 15 15 11 10 7 13 15 8 5 4 3 10 12 9 4 3 6 15 16 11 14 20 18 16 10 11 11 15 5 3 15 15 17 11 10 11 
91 124 163 202 208 193 161 119 71 40 20 19 14 6 11 15 14 10 3 4 6 12 12 19 15 11 10 7 11 10 7 7 4 11 14 9 9 6 5 7 12 11 3 4 5 13 11 9 13 17 19 18 15 16 10 17 8 6 12 17 23 22 19 18 
152 179 204 219 198 161 115 74 39 20 7 15 15 13 13 14 12 6 7 7 8 10 6 15 19 16 15 7 8 7 7 8 7 6 9 9 6 7 8 4 12 14 6 6 7 10 8 3 8 11 14 12 12 18 13 15 6 12 11 25 32 27 22 18 
205 215 214 201 159 107 61 35 22 13 9 13 10 12 13 11 7 0 6 7 8 9 8 9 17 18 18 6 7 7 5 7 5 4 7 6 4 7 8 5 12 15 13 17 15 11 7 6 16 16 17 15 13 18 18 7 7 19 17 19 17 12 14 10 
214 210 187 159 112 62 27 17 17 12 1 6 10 16 15 6 7 8 9 4 9 14 15 15 16 14 17 9 12 11 9 7 8 6 5 5 8 10 8 7 14 17 21 23 19 13 6 11 20 13 7 5 3 6 15 4 8 18 14 11 11 19 28 28 
189 177 145 111 71 34 15 9 15 12 6 7 12 18 21 13 6 6 8 6 3 6 6 5 9 11 14 11 15 15 17 14 11 5 5 3 9 15 10 9 14 15 16 13 15 15 9 3 11 14 24 24 21 15 10 8 11 20 18 11 9 14 24 22 
148 129 95 61 31 7 8 11 19 17 16 16 14 15 18 15 16 16 16 13 13 9 4 6 11 13 9 7 12 12 13 12 14 10 9 4 4 19 12 8 11 13 14 12 17 18 13 11 13 23 30 24 19 17 12 8 7 12 14 6 9 7 16 15 
94 75 48 22 8 13 15 12 21 21 20 21 24 27 25 22 22 17 15 11 9 11 14 17 19 17 10 8 8 10 9 9 16 12 15 13 14 23 16 9 7 8 10 10 17 21 21 18 12 17 18 10 11 16 20 21 22 20 12 7 12 7 12 16 
37 29 17 7 4 6 3 8 13 12 11 8 9 11 10 12 14 5 9 2 11 18 15 15 16 15 12 10 8 12 10 12 19 16 20 16 13 16 13 6 3 3 7 9 12 18 22 21 16 16 11 8 4 5 9 9 10 8 6 9 10 5 10 13 
20 17 10 5 8 13 18 17 14 12 10 7 6 6 9 16 23 20 15 10 8 22 17 19 19 14 12 6 6 13 14 17 24 22 17 14 10 10 12 8 5 4 6 5 11 21 23 24 22 14 1 13 14 17 17 15 14 10 7 10 5 7 11 12 
11 6 5 6 9 11 9 7 5 6 6 6 5 3 10 14 17 13 10 19 9 18 9 9 14 13 10 8 7 6 1 12 16 25 23 21 18 11 3 10 11 13 13 12 15 23 22 23 20 14 10 13 9 5 2 6 6 1 1 9 5 9 8 6 
18 11 11 9 12 14 8 8 7 6 6 8 8 14 16 14 14 15 13 22 12 16 9 5 8 7 10 11 12 6 5 18 16 24 24 22 20 21 10 9 10 11 7 5 9 16 10 7 5 11 16 12 9 0 11 13 13 12 11 14 9 6 11 13 
11 10 13 9 12 13 8 11 12 15 15 14 14 17 15 12 15 16 18 24 11 12 13 11 10 6 12 11 14 3 8 19 19 15 12 12 12 30 21 10 6 6 8 12 12 18 15 10 6 11 16 8 10 5 15 12 7 6 4 16 14 9 15 18 
16 16 11 4 12 16 10 8 7 10 10 11 7 13 14 15 14 9 10 22 15 10 13 12 15 13 11 10 15 13 10 15 21 14 19 13 14 31 22 9 3 3 9 11 6 11 8 6 4 9 14 7 12 6 15 13 10 10 7 15 16 12 14 17 
20 16 11 6 9 16 16 14 12 9 5 16 14 19 21 21 18 14 11 16 15 12 18 15 16 21 13 8 12 18 15 12 19 14 21 9 11 28 20 10 3 3 10 8 6 8 7 5 8 10 8 7 12 7 18 14 9 12 14 19 22 19 22 23 
10 6 4 8 11 13 11 10 11 8 8 16 15 15 16 12 8 6 4 12 15 13 15 12 17 26 12 5 8 16 13 9 15 16 27 22 22 32 21 16 5 4 14 11 11 10 12 12 14 11 8 9 8 5 16 7 3 9 6 14 18 20 24 28 
8 4 3 8 10 10 9 9 8 2 5 14 17 14 13 7 9 17 17 20 22 14 11 6 12 24 7 12 13 16 10 4 12 18 30 22 17 22 8 18 9 8 16 8 6 5 5 5 9 7 7 10 7 6 9 7 9 12 9 18 15 18 24 31 
18 12 6 6 9 1 6 12 15 7 9 14 17 13 14 13 13 11 6 5 16 3 3 4 7 22 20 26 25 21 12 10 9 15 23 16 10 15 4 15 12 11 15 14 12 9 9 8 7 8 8 11 9 10 4 4 6 11 7 13 13 18 25 33 
7 3 10 5 11 10 12 13 19 8 9 12 18 16 14 18 15 5 4 9 18 11 11 4 3 12 18 24 25 24 19 17 17 22 21 16 13 14 7 10 12 12 11 10 6 3 5 7 4 7 3 9 6 7 3 7 6 11 11 7 8 13 21 28 
11 9 15 10 16 17 16 14 20 8 9 10 17 18 14 20 14 8 5 4 16 8 6 1 3 8 15 21 18 13 19 19 23 28 22 19 14 11 11 9 9 11 8 11 12 10 9 7 4 7 11 11 7 8 7 8 6 10 18 12 9 11 18 22 
18 14 17 11 18 19 16 15 24 13 11 6 7 10 8 19 14 13 11 6 16 6 5 3 6 14 17 19 12 10 21 23 24 25 25 25 23 24 23 17 17 17 10 13 13 10 9 5 4 5 6 6 11 13 7 9 5 6 14 11 11 12 15 15 
9 9 12 10 18 21 17 18 24 12 15 11 9 12 15 27 18 17 16 13 20 9 8 3 5 16 16 13 5 10 20 23 21 22 24 24 15 9 10 7 11 11 8 12 15 6 9 2 3 4 6 8 8 13 9 9 7 11 11 13 9 9 11 12 
23 16 8 9 16 19 15 12 16 7 15 16 13 14 17 24 9 14 16 18 19 3 9 3 5 18 18 11 4 10 16 18 15 12 14 18 6 2 11 6 11 11 6 10 18 5 10 10 5 7 10 9 9 11 6 7 9 12 7 19 14 17 21 26 
12 7 1 6 13 16 16 12 12 8 10 12 12 12 15 18 6 8 13 24 24 15 13 8 5 16 18 12 6 12 15 16 15 10 11 15 12 14 18 13 12 10 6 10 17 8 7 10 2 5 4 6 11 11 9 13 17 19 13 19 8 7 13 17 
11 6 3 8 15 18 15 10 9 5 6 10 12 7 15 13 2 4 9 24 23 14 12 8 6 17 17 15 12 16 19 16 14 11 10 9 6 2 12 6 5 7 5 11 17 11 6 12 8 10 15 17 13 9 10 10 12 17 12 15 7 3 10 10 
10 12 11 12 16 15 10 6 6 2 2 9 11 6 16 10 9 7 16 30 18 13 12 7 6 19 19 21 20 21 24 17 18 16 14 11 7 11 21 19 17 17 14 15 18 13 8 15 11 2 3 10 14 14 9 12 9 13 12 15 9 10 15 12 
3 8 7 7 12 10 7 7 7 6 8 10 12 7 13 8 9 6 14 24 13 13 11 13 12 17 18 20 19 19 24 21 23 23 21 15 4 10 17 14 10 14 21 21 17 13 6 16 15 11 12 14 12 11 10 15 11 15 16 13 7 3 10 12 
3 11 8 7 12 8 11 11 11 12 13 14 9 12 12 5 9 11 16 22 15 15 13 16 14 14 14 19 22 20 26 18 16 12 15 20 4 9 13 17 10 12 20 22 16 12 4 11 13 9 12 14 12 8 10 13 7 8 9 1 14 16 23 29 
11 12 9 9 13 15 16 14 12 8 5 9 7 15 12 3 8 9 13 18 4 6 6 13 8 7 8 10 16 19 21 9 8 7 17 18 6 9 9 15 11 14 13 17 15 11 8 9 15 16 17 17 15 18 18 10 3 2 2 12 14 7 10 15 
8 8 9 9 12 16 17 14 12 5 4 9 11 12 12 6 7 8 10 16 5 5 3 10 8 6 5 5 7 12 11 12 10 10 22 13 9 4 6 12 8 10 9 14 14 11 9 12 17 20 21 18 15 19 17 14 14 14 12 15 8 4 10 11 
6 6 8 10 13 18 21 19 19 11 3 5 11 9 10 9 11 17 15 12 7 4 4 3 7 8 8 11 12 17 22 22 20 18 21 10 15 3 3 11 4 11 7 9 17 16 14 18 21 22 21 16 13 18 13 11 13 14 16 17 8 7 12 15 
10 9 9 13 18 20 23 22 22 19 7 2 11 6 12 17 22 27 28 25 19 12 6 4 4 4 7 8 9 10 13 16 16 17 18 15 19 9 12 16 17 18 11 6 15 19 20 21 18 18 15 11 9 15 22 21 18 19 19 18 8 9 17 21 
16 14 14 15 20 19 23 21 20 27 15 9 6 8 15 17 17 20 21 20 19 18 14 11 8 7 9 7 6 7 9 10 7 11 18 21 23 18 17 15 11 10 8 15 7 12 9 10 9 8 9 5 7 6 17 21 18 17 14 13 8 15 19 23 
15 13 15 13 18 19 22 19 19 30 16 11 4 11 16 16 13 15 16 15 13 12 9 7 6 4 6 4 3 5 8 7 7 11 14 17 18 10 7 10 13 14 11 18 7 12 8 8 5 0 11 12 18 22 26 24 11 8 7 13 13 15 10 14 
12 12 17 11 16 16 19 15 16 29 15 14 4 10 16 16 13 13 11 10 7 12 11 9 7 6 6 2 4 8 8 6 6 9 11 14 17 11 9 13 19 12 14 18 6 14 11 12 9 4 15 14 13 17 21 25 9 8 7 15 15 14 9 16 

11 8 19 21 14 10 7 10 22 26 22 10 7 9 20 24 20 18 15 10 6 7 4 3 4 7 8 28 59 101 139 167 173 161 126 91 57 14 14 8 13 14 12 16 12 13 4 3 6 8 8 7 14 10 12 11 13 12 11 14 30 19 22 20 
11 6 17 18 14 13 12 10 17 22 24 18 17 15 17 18 13 15 13 6 7 6 7 2 4 5 15 44 82 126 164 180 171 152 110 76 49 14 11 13 16 20 8 10 14 14 10 4 6 10 9 7 8 14 12 10 12 9 13 9 24 17 24 23 
6 5 12 16 13 13 16 12 8 14 24 27 27 20 12 13 7 13 16 8 11 12 16 13 5 11 39 76 121 164 190 189 166 135 89 55 34 15 6 2 6 16 17 6 9 12 17 18 8 14 11 8 11 9 3 5 3 9 15 9 22 11 17 18 
6 9 11 11 7 9 4 4 4 11 19 22 26 27 20 17 10 10 17 5 9 11 12 13 15 37 75 124 175 209 215 195 155 111 68 41 20 6 6 6 6 6 12 10 4 6 13 23 13 17 15 10 13 11 7 9 9 17 17 17 28 19 23 21 
9 9 11 10 7 13 12 7 2 6 8 13 22 32 33 27 21 14 13 4 9 15 19 28 44 76 121 170 207 215 199 159 108 69 39 23 14 14 15 17 16 12 13 12 7 9 7 20 5 13 18 12 14 10 6 7 9 18 15 18 29 27 28 23 
6 8 10 9 7 9 6 4 6 11 9 11 17 19 22 18 19 18 17 14 12 12 21 42 74 121 173 210 221 202 163 106 59 32 14 6 5 9 11 13 14 11 14 12 6 13 9 21 9 12 18 8 14 12 13 13 16 21 12 15 23 27 28 23 
7 12 15 16 18 17 15 10 8 6 9 11 15 11 12 10 14 16 14 12 15 17 37 71 115 171 212 224 207 163 106 49 19 9 4 3 5 7 10 13 16 13 9 11 9 15 13 16 10 9 15 8 8 15 18 17 20 20 11 12 18 24 23 17 
13 16 14 14 16 8 13 9 9 9 10 11 15 9 6 3 7 10 9 11 17 36 71 119 169 210 224 207 164 106 54 16 6 9 8 12 16 20 21 17 13 14 9 14 17 24 29 25 18 16 13 7 3 6 10 12 13 9 8 11 12 18 19 15 
10 15 16 22 29 28 30 25 18 18 16 13 15 15 14 12 10 6 10 11 31 71 123 174 209 224 208 160 101 46 8 13 16 15 13 16 13 15 18 17 9 10 8 11 10 9 14 14 12 10 3 5 9 12 17 17 15 14 14 18 10 6 11 11 
13 12 12 13 14 19 27 22 18 15 14 12 9 15 21 20 15 8 12 35 74 124 177 210 221 211 172 112 55 10 16 25 23 23 21 18 16 18 16 21 11 10 10 9 12 9 13 15 16 11 10 6 5 5 12 15 13 11 10 15 3 4 10 15 
19 18 16 9 7 14 16 12 14 9 14 15 7 15 20 24 20 22 41 81 130 177 209 217 203 167 115 61 20 13 21 19 21 21 23 20 12 18 18 17 7 11 8 18 18 11 11 14 17 15 10 2 5 8 12 16 15 15 11 14 6 6 7 12 
21 23 20 16 17 21 15 14 14 9 16 14 8 17 21 24 27 40 68 122 177 211 220 205 168 116 69 32 15 15 16 14 24 24 19 18 8 9 11 9 12 14 12 18 18 13 14 19 18 19 13 8 6 11 12 16 15 14 12 15 11 15 19 21 
17 18 9 5 4 6 5 10 8 7 21 15 14 18 20 25 43 66 106 167 213 223 207 172 127 79 45 26 13 9 11 14 24 22 18 13 5 9 15 14 16 18 20 21 17 22 21 23 21 24 21 16 8 10 6 10 8 7 6 10 5 10 17 18 
16 10 5 11 14 17 20 19 18 20 27 18 19 20 20 37 74 109 161 211 231 211 167 120 79 43 28 22 17 12 12 19 27 21 12 5 9 16 19 13 13 14 16 19 18 22 15 15 12 14 15 15 11 10 7 12 9 9 9 12 16 17 14 14 
15 8 10 12 8 11 14 15 19 22 25 15 20 18 28 74 120 159 203 223 214 170 111 64 35 9 21 16 13 11 4 14 19 13 8 5 5 6 10 18 18 15 15 14 14 18 13 14 15 10 9 9 7 14 12 16 15 17 17 23 25 15 12 12 
11 11 14 16 16 20 22 21 19 16 16 6 24 33 61 120 166 194 215 205 171 116 63 31 22 6 20 15 15 15 3 13 13 9 3 7 9 13 17 19 15 14 17 22 22 15 9 13 19 15 7 7 13 18 15 17 10 7 6 18 14 8 9 12 
15 12 14 22 24 23 23 20 12 3 10 13 40 70 109 170 207 212 202 167 119 66 31 19 21 7 17 19 22 24 10 9 7 8 6 5 9 12 16 18 18 17 15 13 13 14 14 12 12 13 13 10 15 12 11 15 2 2 8 19 16 10 12 16 
11 8 12 26 24 14 13 11 10 13 22 40 76 120 161 207 222 199 162 116 72 28 13 19 22 6 5 3 15 22 10 5 8 11 12 9 10 13 17 18 17 15 14 16 9 19 17 15 11 13 18 11 11 7 15 17 14 12 13 13 14 19 23 28 
17 13 13 30 25 6 4 7 22 33 45 74 122 174 204 221 209 161 106 70 40 7 6 17 19 5 3 6 16 21 15 11 12 13 12 7 10 13 15 16 16 16 11 15 11 19 15 13 9 10 17 16 18 14 17 17 14 14 16 13 21 27 28 33 
9 7 6 27 23 8 9 15 37 59 81 121 174 214 218 202 164 103 51 37 24 9 13 22 17 7 11 11 21 22 20 14 4 11 11 12 14 16 18 15 13 13 13 14 12 16 11 9 11 11 13 7 14 13 18 20 20 23 23 22 27 31 32 37 
6 5 5 21 20 10 13 22 51 86 124 172 214 228 205 161 110 58 23 26 26 14 22 24 10 1 8 10 22 18 18 15 5 6 9 16 20 18 16 12 7 11 15 12 14 16 12 11 8 9 12 6 8 15 22 23 20 17 13 11 17 25 29 31 
5 4 8 13 14 6 17 36 76 123 170 205 215 201 158 102 61 33 19 25 27 19 23 20 9 3 3 6 15 13 17 12 6 5 7 7 11 9 9 12 13 16 18 14 11 13 13 11 5 7 9 6 6 11 15 13 9 6 12 18 21 23 24 23 
12 11 10 15 10 14 36 70 123 173 209 216 190 149 100 48 22 16 17 23 24 20 24 21 13 7 3 8 12 18 24 17 14 11 14 8 10 10 9 11 15 15 14 11 9 9 7 6 5 6 6 9 8 10 12 9 6 6 15 21 25 24 22 17 
17 11 7 16 10 33 64 107 161 199 214 194 145 99 61 21 11 20 22 19 18 15 20 20 18 18 15 13 6 6 20 15 14 15 18 10 3 2 5 4 17 15 9 8 11 10 7 10 9 11 10 11 13 9 11 8 10 13 12 13 19 20 18 12 
21 15 4 15 15 68 112 157 198 214 200 156 98 59 34 9 14 27 22 14 14 10 13 19 19 17 14 12 10 3 14 13 14 21 23 16 13 16 16 9 12 11 13 16 16 12 3 7 9 13 18 10 17 11 7 5 6 14 13 7 13 16 14 12 
17 15 9 20 56 124 178 217 233 219 170 108 55 30 16 10 18 23 10 6 10 12 10 4 3 7 6 5 11 13 15 13 12 20 24 22 22 22 22 19 5 5 8 14 18 14 1 3 8 11 22 9 13 9 5 9 9 13 14 9 15 17 17 18 
9 9 17 47 104 171 219 238 221 181 120 67 32 18 13 11 18 17 15 14 13 14 10 4 5 5 11 5 8 14 6 6 6 13 16 17 17 17 18 22 8 8 9 11 18 13 1 3 8 9 20 12 12 9 6 7 12 14 16 15 20 21 21 24 
13 24 54 102 159 209 237 224 177 124 73 38 25 24 21 17 16 16 13 16 17 12 11 5 6 5 12 11 9 15 5 4 4 12 15 13 15 15 14 19 11 7 8 9 17 15 5 6 10 12 20 15 9 10 13 15 8 7 15 12 13 12 10 16 
28 56 101 156 201 229 227 189 130 80 40 17 11 13 11 13 15 15 11 14 18 14 12 9 9 14 18 18 16 15 6 5 6 15 18 14 13 12 11 14 11 9 12 15 19 21 15 8 6 8 11 16 8 12 15 21 11 6 18 15 16 14 14 16 
55 93 138 187 208 206 182 137 82 43 18 13 9 12 15 14 13 12 7 9 13 16 13 13 10 11 17 18 16 12 8 7 7 15 19 13 9 6 5 10 12 13 15 16 14 16 18 15 19 25 21 17 10 15 12 22 15 8 21 18 17 16 14 15 
115 144 177 206 195 163 126 86 40 15 7 15 18 15 15 15 13 8 7 7 5 12 12 19 19 15 17 13 9 6 3 4 5 10 14 8 2 3 5 3 9 15 14 16 12 11 12 6 12 18 21 21 18 23 15 22 17 9 17 21 21 23 18 18 
176 194 207 210 174 126 83 53 24 14 8 13 21 21 15 12 13 13 12 9 10 12 9 12 19 15 18 12 4 3 5 11 9 7 10 9 8 10 9 4 10 18 13 13 10 9 13 4 8 7 12 15 17 26 20 20 15 9 12 27 30 29 22 19 
212 212 197 174 125 73 37 27 19 12 9 11 14 17 16 14 12 9 5 9 11 8 9 9 20 18 20 10 2 3 1 9 8 7 10 7 6 12 12 7 14 15 3 7 6 3 13 9 16 15 17 17 17 23 22 8 12 18 19 28 26 22 18 17 
197 183 151 120 75 30 10 18 17 10 4 6 14 17 15 5 7 9 8 5 8 14 17 17 20 12 15 9 9 8 5 5 8 8 9 8 9 15 15 12 15 12 15 18 17 11 3 12 19 13 6 6 7 10 18 11 11 16 11 12 5 14 20 21 
152 134 102 74 40 17 13 15 17 11 8 7 12 19 22 15 8 5 3 1 2 2 6 6 11 6 10 11 11 10 12 9 5 5 10 11 14 22 18 16 17 12 14 11 10 13 9 5 8 13 24 26 22 13 10 15 19 24 20 16 11 15 22 22 
104 85 58 32 10 10 12 14 20 15 15 15 12 14 13 10 10 11 14 16 19 16 6 6 12 11 10 5 8 9 9 8 10 8 13 8 8 25 21 15 18 14 14 7 12 17 9 8 7 22 29 25 22 19 12 9 10 15 16 10 9 1 12 11 
53 37 25 12 10 19 15 12 18 15 16 18 23 26 22 20 22 18 15 11 11 19 20 19 18 14 13 10 8 9 8 6 16 9 16 14 15 26 21 13 15 12 12 7 14 17 14 13 11 23 18 13 16 20 23 26 27 25 19 14 13 4 8 12 
22 21 23 17 12 11 6 10 11 6 7 6 11 10 5 8 12 2 7 3 11 26 17 6 9 13 18 15 11 16 10 11 20 16 21 17 12 15 17 11 12 8 8 3 9 11 15 16 14 22 13 10 7 8 9 11 9 7 8 17 13 5 2 2 
23 21 16 9 7 14 20 17 12 7 6 7 9 4 5 10 18 15 11 12 11 30 22 17 16 13 15 10 8 18 18 22 29 26 20 15 6 7 14 11 12 8 6 3 6 10 17 21 20 16 7 19 19 19 17 16 16 14 12 16 6 7 7 10 
21 15 7 3 7 15 13 6 1 6 9 11 7 5 9 13 16 9 4 19 8 25 16 10 16 12 11 13 13 7 6 17 23 33 29 27 25 17 6 12 15 15 14 11 12 19 23 26 24 16 11 16 12 10 6 8 7 3 1 12 4 8 5 4 
24 15 9 3 12 19 13 9 6 6 8 10 7 13 15 16 18 15 10 19 8 20 14 9 13 10 12 13 21 6 2 20 16 29 28 26 24 24 13 11 12 12 8 5 6 13 5 3 3 11 15 13 11 7 12 12 12 11 10 16 8 9 16 20 
10 7 11 8 15 18 12 12 12 15 16 15 12 14 15 15 19 20 20 25 10 13 18 16 17 10 15 11 22 8 6 21 17 9 8 10 12 33 24 10 7 7 10 12 13 18 14 10 6 13 16 8 11 7 17 15 11 8 6 18 15 15 22 26 
18 18 14 9 14 12 4 4 5 9 10 14 6 14 20 21 17 11 10 24 17 11 15 16 21 16 15 6 19 18 8 14 20 3 20 10 12 31 24 8 3 8 11 15 8 14 7 6 5 13 14 6 13 8 14 15 10 9 5 18 18 14 17 18 
22 18 13 10 13 9 9 7 6 6 8 20 16 18 22 21 15 9 6 19 19 14 18 18 20 22 17 5 14 22 15 15 22 9 24 5 7 28 23 7 0 7 12 15 9 13 6 6 9 11 8 8 15 10 18 15 10 12 14 22 24 18 21 20 
16 12 9 9 11 8 8 10 8 9 11 19 17 12 14 13 9 7 9 18 23 19 23 22 22 27 17 5 9 17 10 13 22 21 34 27 28 37 25 16 2 7 18 18 12 14 11 11 11 6 2 6 13 9 16 9 3 9 4 18 19 16 19 18 
15 11 8 9 11 13 12 15 13 8 9 16 17 9 10 12 18 20 20 23 27 19 18 15 14 24 12 12 13 15 7 10 19 26 37 26 23 26 11 21 8 8 17 12 7 10 3 3 4 4 5 9 12 9 12 4 6 12 9 22 13 7 13 14 
23 18 12 10 15 9 8 12 17 10 8 13 16 4 9 16 22 16 11 10 19 7 7 7 9 22 21 23 21 17 11 12 10 15 20 1 2 13 1 16 13 12 16 15 12 11 8 8 5 8 10 14 15 14 12 10 5 13 10 18 7 5 13 13 
14 11 12 8 15 4 8 10 20 11 8 13 19 17 16 20 24 15 14 14 21 13 12 8 6 12 16 20 22 23 23 18 12 18 12 4 8 14 8 14 16 15 12 10 6 4 2 7 4 8 8 13 14 12 10 13 4 13 12 11 7 6 14 14 
11 8 14 12 20 15 14 14 25 13 11 16 23 24 23 24 22 15 15 7 16 9 9 6 5 10 16 20 17 17 27 21 19 26 16 14 12 8 7 10 13 14 9 10 9 6 5 7 4 8 14 17 13 9 8 13 6 13 21 14 9 9 15 13 
21 16 18 14 18 13 13 17 30 18 12 10 11 12 15 21 19 15 17 10 15 7 5 4 10 18 24 23 14 14 27 26 21 21 18 17 19 26 26 20 20 17 8 14 14 11 8 7 6 7 9 10 12 12 7 12 6 9 17 13 13 15 16 13 
7 8 11 9 12 18 21 24 32 21 15 13 11 10 15 24 17 14 18 15 21 12 9 10 12 22 24 19 12 15 27 28 22 25 26 22 17 14 12 6 13 9 7 15 19 11 11 3 1 2 3 5 3 14 10 14 11 11 11 11 10 13 15 16 
28 22 13 10 9 16 19 14 19 11 11 14 11 11 14 19 5 12 16 20 21 5 9 11 13 24 26 17 14 14 24 23 12 13 16 18 13 10 16 7 13 8 5 15 21 8 10 9 4 9 11 10 7 10 8 12 13 12 9 20 20 22 26 31 
12 10 7 6 7 12 19 10 13 15 13 12 9 8 11 15 6 6 10 23 27 19 17 16 12 22 26 18 15 16 25 22 11 9 13 18 20 18 24 16 17 12 11 17 20 7 8 11 3 8 6 6 9 12 11 15 18 17 10 18 11 8 14 19 
21 16 11 8 9 15 16 6 6 7 6 12 12 11 13 12 3 3 5 19 19 8 6 12 9 22 25 19 16 18 28 23 11 7 9 14 16 6 18 6 11 8 7 16 18 9 10 15 8 12 16 15 9 5 9 9 16 18 12 16 11 7 9 11 
19 18 15 13 13 13 11 3 4 3 2 12 11 7 14 9 9 10 14 29 19 13 12 4 10 25 27 26 24 23 31 25 15 12 11 12 14 12 29 21 22 19 18 22 19 12 13 18 11 3 1 5 9 8 6 9 16 18 20 22 17 15 15 12 
11 13 11 9 12 9 3 5 7 9 10 12 13 9 12 7 7 10 12 23 14 13 11 13 14 23 23 23 22 21 32 27 22 22 20 14 12 9 24 6 9 14 25 27 16 10 9 16 15 13 11 9 4 7 8 13 16 19 21 16 8 4 8 11 
11 15 13 9 12 6 8 10 12 13 14 10 10 12 12 6 9 15 14 22 18 19 16 16 12 16 14 20 24 21 31 20 11 7 15 19 9 7 18 14 10 15 23 27 17 8 3 11 12 8 7 7 8 4 8 14 12 13 13 3 16 20 26 31 
14 13 8 7 13 17 17 14 14 12 10 3 6 16 13 7 8 12 10 18 10 12 12 12 6 9 7 13 20 22 26 8 5 9 21 18 1 8 11 11 8 12 14 23 19 11 5 5 9 8 9 7 10 19 20 15 10 9 6 11 15 8 13 17 
10 7 4 3 6 12 11 9 12 11 9 5 7 12 10 3 2 7 9 15 5 9 9 12 11 9 8 7 9 14 14 10 12 16 28 19 13 8 11 13 6 9 8 17 17 11 6 4 7 8 12 11 16 27 24 22 21 20 18 21 15 10 15 11 
5 5 5 5 11 13 12 13 16 13 5 6 10 8 7 7 10 16 14 11 6 6 7 2 5 6 8 10 12 17 22 24 24 23 26 11 20 9 10 15 6 12 7 9 17 16 8 14 15 12 12 12 12 23 16 15 17 16 20 25 16 12 15 11 
8 8 7 9 17 12 11 9 16 19 5 6 14 9 10 17 25 30 32 29 22 14 6 3 2 5 8 10 11 13 17 21 21 22 21 15 23 12 15 18 18 18 11 3 13 19 19 21 17 15 9 6 10 22 27 20 21 21 26 29 12 2 12 13 
15 14 11 7 16 4 11 8 12 24 9 10 15 13 17 20 21 18 19 22 23 23 19 14 12 12 14 14 12 13 17 17 15 17 19 20 25 19 18 16 12 11 8 12 5 15 13 14 12 10 9 6 9 13 21 24 24 23 23 23 3 15 21 24 
14 10 7 3 15 11 18 15 15 26 9 11 16 18 20 21 20 15 10 11 11 13 11 4 8 10 12 12 13 18 22 20 19 17 12 12 16 6 2 6 11 11 8 15 7 14 12 14 6 1 8 10 16 22 26 25 20 15 16 19 6 13 5 9 
12 10 14 5 12 12 18 15 14 25 10 13 16 18 22 22 21 17 9 7 8 13 14 5 8 11 14 13 15 22 24 22 21 16 7 9 12 5 4 6 15 9 13 17 8 16 16 17 7 6 12 14 13 17 23 24 15 15 14 18 6 12 6 11 

18 11 25 27 13 9 6 9 19 27 25 12 12 10 18 22 20 18 19 21 11 6 7 6 5 11 14 30 70 115 157 183 168 141 101 64 34 11 16 7 9 14 11 17 9 9 5 2 9 11 7 7 13 9 10 13 15 12 9 19 33 19 23 19 
15 8 25 23 13 14 11 9 14 22 26 20 22 20 19 20 15 13 17 14 9 3 7 4 2 8 14 49 96 141 180 190 162 129 84 51 28 3 12 13 14 19 7 10 12 13 13 7 10 12 6 4 8 16 13 13 16 13 13 15 25 15 24 21 
10 3 21 21 17 19 19 15 7 12 24 27 30 25 16 15 8 9 18 12 11 11 15 15 9 9 40 87 137 177 201 190 150 111 63 34 20 13 8 3 4 15 15 5 7 11 18 22 12 16 11 7 12 8 8 5 5 9 14 17 24 10 18 16 
9 5 14 15 10 12 3 5 6 10 18 19 25 29 24 21 18 14 18 9 9 12 3 9 17 40 85 141 193 219 217 187 135 89 48 26 10 2 8 9 10 4 9 9 3 6 11 25 12 19 14 10 15 11 13 10 6 14 11 18 25 13 22 19 
11 6 11 11 5 11 12 8 7 9 7 11 19 31 34 29 25 21 16 7 6 14 14 27 49 85 136 188 217 215 188 141 85 50 25 14 9 9 10 12 12 10 10 12 7 11 6 22 7 15 19 14 18 12 14 10 7 17 12 19 27 22 25 19 
7 8 12 12 6 1 3 4 5 13 7 9 15 12 17 12 14 16 17 17 15 10 14 44 83 134 189 224 220 190 142 82 37 18 4 3 5 6 7 8 10 13 12 12 5 16 8 23 11 14 22 12 20 15 20 15 18 23 14 20 24 26 27 22 
8 9 12 12 14 12 11 10 9 7 8 10 17 9 13 6 6 10 11 12 13 12 38 82 132 190 228 230 195 141 80 26 8 15 11 4 4 7 7 9 11 14 6 11 6 16 13 17 11 12 21 15 18 24 26 20 24 23 16 18 20 24 21 16 
12 15 15 14 17 11 10 9 8 8 5 6 16 9 11 8 9 3 7 13 19 43 87 139 189 228 230 197 140 81 33 6 8 12 12 14 19 25 25 19 12 15 6 11 14 23 28 24 20 20 20 14 8 11 14 9 9 7 12 17 15 21 21 20 
10 13 13 17 23 23 22 19 14 12 10 7 15 19 23 21 21 8 7 12 38 85 144 194 223 229 197 136 72 22 7 21 18 18 18 19 16 20 26 25 15 15 10 6 5 5 12 11 12 9 5 7 9 12 19 15 13 14 16 20 9 11 18 22 
8 8 8 8 9 14 21 18 15 12 10 7 13 25 29 27 27 20 19 44 88 142 197 222 221 202 152 86 32 8 23 29 24 28 28 23 20 16 10 22 8 10 15 7 9 3 11 12 16 13 9 8 3 1 11 10 6 9 10 15 3 6 9 14 
13 12 11 7 7 13 17 14 12 3 7 9 14 22 22 24 24 28 51 96 147 194 223 218 191 149 93 36 10 22 23 19 13 22 30 25 19 20 16 20 9 12 13 22 23 15 16 14 15 16 6 8 7 3 8 11 10 12 10 14 8 8 6 8 
14 15 15 16 17 22 20 17 16 12 15 10 19 24 21 23 28 43 77 136 189 220 223 193 147 95 47 14 18 19 20 15 18 24 25 23 14 13 11 12 13 15 14 21 20 18 21 23 15 20 13 16 7 12 12 15 14 14 11 15 11 15 18 22 
10 11 6 9 9 11 11 11 7 8 22 11 23 24 19 23 43 68 115 177 216 221 196 151 103 60 29 21 17 15 17 13 18 23 23 17 10 13 17 17 17 17 18 19 13 23 25 27 17 22 20 24 11 11 4 8 3 6 6 14 8 10 21 25 
13 8 5 10 9 12 15 15 14 18 25 16 25 26 18 37 77 115 171 218 227 199 148 95 58 30 20 22 20 19 18 19 25 24 16 7 9 17 17 11 12 11 13 15 13 19 18 22 13 9 11 21 13 9 5 13 4 5 9 13 21 22 20 20 
14 7 10 12 6 7 10 12 16 22 26 18 26 24 28 80 128 165 207 219 194 145 87 42 25 10 18 18 15 16 10 12 18 16 9 4 2 2 10 20 19 14 10 6 7 10 12 19 21 14 8 15 12 16 13 19 14 18 20 27 31 18 12 13 
10 10 14 19 19 23 24 23 20 17 19 8 27 40 71 133 175 194 208 184 139 89 43 18 19 3 15 11 13 18 9 9 9 7 6 9 12 14 18 19 12 9 12 21 22 11 4 15 23 18 9 8 17 21 17 21 12 9 7 18 17 3 6 10 
13 9 14 27 24 23 24 20 13 4 14 15 50 85 126 186 213 205 185 139 90 45 21 14 21 4 12 15 20 27 13 7 4 8 10 6 6 8 13 13 13 14 13 14 12 13 13 13 17 18 17 10 13 12 12 18 4 3 6 18 17 12 16 22 
9 6 12 31 23 12 11 8 14 21 31 51 93 138 177 220 219 182 136 88 49 15 13 18 23 5 3 5 15 25 15 2 6 11 15 7 5 7 12 14 13 12 13 18 10 21 13 10 10 14 22 15 9 5 14 21 20 16 13 11 11 24 30 36 
15 15 15 36 26 12 10 12 30 40 54 88 141 191 215 221 190 130 75 43 23 6 10 19 22 6 5 9 17 24 21 10 11 14 15 10 8 7 9 15 15 14 9 15 12 19 12 12 7 7 19 21 19 9 7 7 5 14 18 17 27 37 34 34 
5 6 6 32 23 13 15 20 43 64 89 136 191 225 218 186 135 71 24 23 21 9 14 24 20 8 12 13 21 24 25 15 6 12 16 19 21 22 22 19 16 14 12 13 13 17 11 13 11 7 10 14 19 13 14 15 17 30 28 28 35 37 33 34 
4 6 6 23 21 18 21 29 59 95 136 184 221 225 189 134 81 35 7 19 23 10 20 25 11 4 11 12 23 21 22 15 9 6 10 17 22 21 18 16 12 15 17 9 14 17 13 15 7 6 8 7 13 16 19 18 18 24 17 14 17 22 22 23 
11 7 9 15 14 13 23 42 84 132 180 206 206 181 129 73 38 19 15 20 24 11 19 21 8 6 7 8 17 16 20 12 9 8 8 8 11 10 12 15 17 24 26 20 15 15 17 15 5 2 7 2 6 8 11 9 8 15 12 18 21 21 19 17 
17 14 10 15 10 23 44 77 132 181 213 207 169 120 69 23 8 9 13 21 20 11 16 16 10 12 5 7 11 18 25 17 15 13 12 10 7 9 8 11 11 17 19 17 17 14 14 11 9 8 11 9 5 10 13 11 7 7 12 20 27 24 21 18 
21 15 5 14 5 45 77 118 171 204 207 174 116 69 36 8 5 19 21 19 16 11 10 11 13 20 18 17 10 5 19 13 15 19 14 11 4 9 12 13 11 15 7 8 13 11 10 12 11 12 14 16 13 11 17 14 12 7 9 14 23 24 19 15 
22 17 3 13 23 82 129 170 204 211 183 128 68 35 18 7 9 28 22 14 15 12 3 7 9 13 9 11 11 5 14 11 16 26 20 18 21 25 22 21 5 9 14 17 21 15 8 13 15 19 22 14 19 15 15 7 2 7 12 7 17 20 17 18 
19 16 8 21 66 140 195 225 228 204 146 81 34 18 13 8 16 24 10 4 12 14 11 5 4 12 9 10 14 15 16 13 14 24 22 23 24 24 21 27 4 4 8 12 22 16 4 7 10 15 26 14 17 15 10 8 8 8 13 10 16 20 21 24 
18 10 20 56 119 187 229 232 201 153 92 46 22 16 13 9 13 19 16 14 17 13 14 10 9 9 13 7 6 13 6 6 6 14 11 10 12 12 13 29 11 12 18 20 26 16 5 5 9 11 21 16 18 17 8 3 8 11 17 17 20 21 21 26 
18 28 64 117 174 220 237 208 148 93 49 27 23 22 21 16 11 13 13 18 23 11 15 12 12 10 14 10 7 12 6 8 5 10 8 5 8 7 7 24 14 8 9 12 19 12 9 12 14 17 23 18 14 15 12 15 7 6 17 17 17 16 15 19 
40 70 118 173 211 230 216 164 97 52 24 17 18 15 11 13 12 9 9 15 22 15 15 13 12 17 22 19 16 13 8 9 10 14 14 8 7 6 6 16 12 2 8 11 17 20 13 4 3 9 14 17 10 15 12 21 14 9 24 21 17 19 19 19 
69 107 151 195 208 195 161 110 52 21 10 14 17 10 11 9 7 4 8 9 12 16 18 20 17 13 17 14 12 9 7 6 4 9 12 7 6 5 5 10 9 7 11 14 14 18 20 17 22 27 22 18 10 18 11 22 18 14 28 24 13 15 14 12 
133 158 184 207 184 142 104 65 19 9 11 13 23 17 15 15 10 7 14 10 4 12 14 21 25 22 23 14 6 3 7 10 12 13 16 11 5 7 10 5 5 8 11 15 16 11 12 5 12 18 25 26 23 29 17 22 20 14 25 25 17 22 19 18 
193 202 208 202 156 104 68 42 13 13 15 15 26 23 11 8 11 17 17 5 10 14 13 13 21 18 21 11 4 5 9 13 10 7 11 7 7 11 6 7 9 17 18 17 18 13 16 6 13 6 14 19 24 37 31 24 19 9 17 28 26 28 21 20 
208 202 182 154 103 56 29 24 14 12 11 13 19 23 21 17 17 14 8 8 12 10 10 7 20 18 23 9 1 1 5 12 8 7 10 6 4 14 9 6 13 15 13 12 12 8 19 12 19 16 17 17 17 29 30 15 10 13 21 33 29 25 19 20 
174 158 125 96 53 15 6 19 15 10 10 9 17 18 18 5 8 12 9 5 9 15 19 17 22 15 17 9 8 7 3 7 7 8 11 7 6 16 12 9 11 6 11 15 16 9 6 14 20 13 5 7 8 12 23 18 12 13 7 17 5 11 15 20 
122 105 79 54 24 17 8 18 17 12 14 9 14 19 22 17 8 7 4 5 6 3 6 6 16 9 8 9 11 12 10 7 2 8 16 13 15 24 18 7 9 3 14 13 12 14 9 7 8 11 22 24 21 10 13 23 24 28 22 18 12 16 23 26 
74 59 41 19 3 15 9 15 21 16 15 12 9 12 10 10 8 7 12 18 22 21 10 8 18 14 12 7 6 10 9 6 12 11 19 15 15 31 25 7 9 8 15 9 12 21 9 5 3 20 28 26 24 19 11 12 13 18 18 12 10 3 12 14 
31 21 22 16 15 21 12 13 18 15 16 16 23 26 21 20 22 18 14 11 4 21 26 24 22 13 10 13 9 12 9 8 17 7 17 13 16 29 24 6 8 12 15 9 14 21 13 6 10 24 19 17 21 24 27 32 31 30 22 16 15 5 9 14 
24 28 30 22 19 12 7 12 13 8 8 6 16 12 7 9 11 5 8 8 5 28 23 7 8 7 19 21 15 20 12 10 20 14 23 20 14 16 21 6 8 11 12 6 12 18 18 15 15 24 15 11 10 9 9 12 9 8 6 21 16 7 5 5 
23 23 17 13 10 12 21 18 15 11 3 8 12 4 3 5 12 12 9 15 11 33 28 20 18 9 15 14 11 22 23 27 32 27 20 17 3 8 17 9 10 14 12 8 11 16 20 21 19 14 10 23 24 23 20 19 18 16 15 21 8 9 6 10 
26 19 10 8 5 13 14 7 6 4 5 12 9 3 6 7 8 2 4 20 8 27 22 14 19 10 5 15 18 7 9 19 26 36 29 30 26 19 4 12 17 21 16 14 16 22 27 31 27 17 9 17 13 11 11 11 9 5 3 15 4 9 4 3 
33 22 14 3 7 17 12 7 5 5 6 11 8 10 13 13 13 8 6 18 6 20 17 10 17 8 6 12 26 7 3 20 17 34 32 32 26 24 15 12 14 17 8 9 13 15 7 6 7 13 12 14 16 9 15 12 10 11 11 18 6 10 20 26 
17 9 13 6 14 19 12 11 12 14 14 14 12 10 12 12 16 18 18 24 9 14 20 19 22 11 13 6 26 9 6 22 19 13 11 12 10 35 26 10 7 12 8 12 17 18 14 12 9 16 13 7 15 7 17 15 13 12 6 21 15 16 23 26 
19 23 19 13 16 12 3 6 9 7 10 13 9 10 15 17 11 6 8 25 18 12 17 22 29 21 17 1 23 19 6 15 21 2 22 10 12 32 25 8 4 13 11 17 13 14 8 6 7 16 11 2 14 9 12 12 8 8 4 21 19 15 16 15 
27 22 15 11 11 2 7 7 7 10 12 20 21 17 16 16 9 5 3 23 23 11 11 17 25 26 21 6 16 22 17 19 25 8 25 4 6 29 24 6 1 12 9 17 13 16 10 8 10 12 6 11 19 18 22 19 13 14 12 24 25 18 19 18 
21 14 9 6 4 6 7 9 9 12 14 20 19 10 6 12 16 16 17 26 30 23 22 23 24 27 19 7 9 14 10 16 26 22 34 27 29 40 25 14 1 9 16 20 15 17 15 12 10 4 4 8 17 16 18 9 2 9 2 21 18 17 20 17 
14 10 5 4 6 12 12 13 12 7 6 14 15 5 7 18 28 26 25 29 33 23 21 19 16 23 12 12 12 10 6 12 24 31 40 31 27 28 12 19 6 8 17 16 12 12 8 6 6 6 6 9 13 15 16 7 4 11 11 23 9 4 11 9 
20 15 8 6 15 13 12 13 16 8 4 11 14 6 12 21 30 20 14 16 24 12 6 8 11 23 20 19 18 12 10 8 9 16 17 8 7 15 5 12 11 13 18 18 14 12 9 9 10 12 13 14 15 17 15 15 8 12 15 19 4 1 11 12 
16 12 14 12 21 11 9 4 16 11 9 14 20 20 18 24 29 15 18 19 25 18 10 9 10 13 16 18 21 22 22 10 5 16 9 9 14 19 13 14 13 13 13 13 10 6 6 7 8 9 8 9 10 11 12 20 9 12 14 9 9 6 13 15 
15 12 18 18 25 15 11 6 25 18 16 21 24 24 24 26 24 12 19 12 18 13 10 10 10 13 17 21 20 22 30 14 14 26 18 19 18 10 4 7 12 15 9 11 10 4 6 7 8 11 17 20 17 13 12 18 7 12 20 12 9 10 15 15 
27 21 22 19 21 6 6 14 32 22 10 8 9 6 11 17 16 12 20 13 16 11 6 9 16 23 27 26 19 21 34 25 12 17 12 12 17 26 26 20 22 18 6 12 15 7 7 7 6 7 10 12 14 14 10 16 7 10 18 13 13 16 17 14 
6 7 11 9 10 17 25 29 36 25 13 9 9 5 12 18 12 9 19 17 23 15 10 15 18 25 26 20 18 23 36 35 23 26 25 18 14 14 12 7 15 9 7 14 22 13 13 7 4 5 3 5 6 15 11 17 10 10 10 9 4 7 9 9 
27 21 13 11 11 19 23 16 20 12 6 10 7 6 11 14 3 11 18 22 22 4 9 15 15 24 26 14 15 18 31 30 14 13 15 13 10 10 16 7 17 8 6 18 25 10 9 10 8 12 13 12 8 9 4 13 8 7 7 18 19 22 26 29 
18 15 11 5 4 14 22 8 13 18 17 17 12 9 11 13 6 5 12 25 30 24 21 23 16 25 30 16 14 16 29 29 13 8 12 15 20 22 27 19 23 16 15 21 23 9 9 10 6 9 7 6 10 13 11 15 14 11 7 18 11 9 15 20 
26 21 15 8 6 15 19 4 4 8 8 16 14 15 14 12 5 6 8 19 17 7 6 17 15 27 32 20 16 16 29 31 14 4 7 11 21 12 21 3 15 9 9 20 21 11 14 14 9 13 18 17 11 2 6 8 15 13 10 15 11 8 9 9 
23 22 18 14 14 16 14 1 3 5 4 15 8 10 15 10 10 13 13 29 19 14 13 5 13 30 34 31 26 22 32 32 18 12 10 10 19 13 33 21 24 20 21 26 18 10 16 17 12 4 1 2 7 6 3 5 16 16 22 23 19 18 16 12 
15 16 15 11 13 12 6 3 6 11 13 14 11 11 13 8 9 13 10 24 15 14 11 13 15 25 27 25 23 20 33 33 25 22 18 11 18 5 27 9 15 15 27 29 14 7 12 14 14 13 11 8 1 8 7 9 16 20 24 20 9 6 9 12 
15 17 18 12 13 12 10 12 12 15 15 10 8 14 13 5 9 16 11 19 18 20 18 15 10 18 15 18 22 20 32 26 17 11 15 16 17 5 22 17 14 15 22 27 15 5 6 10 11 9 6 4 7 4 6 13 15 18 17 1 17 23 31 35 
24 22 15 8 13 18 21 18 15 12 12 3 10 21 17 10 7 12 9 16 11 11 13 11 7 13 7 12 20 21 25 13 13 13 24 20 8 7 15 13 10 11 14 24 20 9 3 3 8 10 9 5 8 18 21 19 18 18 12 12 17 9 14 18 
17 15 9 5 5 9 9 6 6 8 13 9 12 15 10 6 4 5 8 14 3 9 13 13 15 13 9 9 11 12 14 11 18 24 36 25 14 9 13 17 6 8 7 19 21 12 4 4 8 11 13 11 18 31 30 28 27 25 21 24 22 18 19 12 
4 7 6 4 11 12 10 11 8 11 11 9 13 11 8 9 11 14 12 9 3 5 9 4 3 6 8 10 13 15 21 24 27 26 29 12 18 9 11 19 6 10 5 9 19 17 6 12 14 13 14 12 12 27 20 17 17 14 18 25 18 14 17 10 
10 10 7 8 20 14 10 10 13 19 11 11 17 11 10 16 25 31 34 32 25 16 6 6 5 7 10 10 10 10 16 21 22 22 21 15 22 11 13 20 17 18 13 7 13 18 15 21 18 16 12 10 11 27 29 14 13 16 26 32 16 6 12 12 
18 17 13 9 18 5 13 13 16 28 18 17 18 13 15 21 24 21 20 24 27 28 25 21 18 16 16 15 13 12 16 17 17 17 17 18 24 16 13 14 11 11 8 11 4 15 10 16 13 14 13 10 7 16 25 20 20 19 23 26 7 16 25 30 
20 15 7 4 16 16 26 22 23 31 16 14 16 16 18 22 24 19 9 8 8 12 12 10 11 11 12 9 11 19 23 21 21 16 8 12 16 3 4 10 14 14 8 12 2 14 9 17 6 5 9 11 15 23 28 22 14 8 15 22 8 13 7 12 
13 11 16 9 13 17 23 17 16 27 14 14 17 15 18 21 22 21 11 6 8 10 15 12 12 12 12 7 9 19 18 18 19 14 8 11 14 10 8 9 17 14 15 15 4 17 12 21 5 8 10 15 17 19 26 20 5 8 13 22 7 11 7 14 

