# vtk DataFile Version 2.0

ASCII
DATASET STRUCTURED_POINTS
DIMENSIONS 65 65 65
ASPECT_RATIO 1 1 1
ORIGIN 0 0 0
CELL_DATA 262144
SCALARS volume_scalars unsigned_char 1
LOOKUP_TABLE default
34 43 23 65 42 43 37 45 46 24 35 26 34 8 18 23 22 28 37 36 40 24 16 16 17 32 30 21 27 26 27 52 38 44 49 53 47 38 38 38 20 22 30 30 28 27 42 26 21 17 29 24 30 33 34 46 30 19 48 31 49 37 33 33 
28 39 21 50 42 34 25 37 35 20 30 16 26 5 18 21 22 26 35 29 31 33 36 37 36 35 33 22 25 30 28 45 36 38 41 52 41 35 34 27 15 18 23 27 29 27 36 24 28 27 30 24 27 29 29 36 15 8 47 29 47 38 39 39 
33 41 28 42 37 14 16 34 29 7 13 24 37 21 21 20 19 20 32 26 29 43 45 44 39 28 23 15 11 14 1 22 14 25 26 41 35 35 30 21 21 18 17 25 28 26 29 25 36 32 27 24 23 21 18 31 13 20 41 26 56 48 51 51 
37 43 32 40 43 26 23 40 40 27 16 12 30 21 24 23 18 16 29 21 22 35 36 30 27 25 20 24 16 15 13 6 23 37 44 60 60 55 50 41 33 25 25 25 24 24 26 25 34 25 17 17 13 20 23 31 24 32 42 36 57 34 40 37 
38 34 19 33 42 35 20 25 23 8 26 24 28 24 23 21 22 19 27 17 21 22 23 24 22 29 26 20 15 18 17 24 35 35 36 27 27 11 11 14 15 19 30 27 23 25 28 26 36 30 16 16 11 16 22 25 30 40 48 36 41 16 33 43 
46 36 22 26 26 27 30 38 40 33 40 33 29 22 14 24 24 17 22 15 22 30 7 13 19 29 25 15 21 23 26 29 26 17 29 25 44 37 40 36 29 9 28 27 15 20 23 25 36 28 11 13 23 18 25 11 4 19 26 25 34 18 13 17 
39 33 26 31 21 4 8 24 20 11 26 28 39 33 21 24 15 18 17 17 21 43 25 33 35 38 32 23 30 27 7 13 15 12 23 35 49 38 36 24 35 15 23 26 14 20 23 26 38 43 33 27 35 17 28 18 9 18 23 30 32 21 17 7 
52 48 40 31 10 20 31 41 26 25 13 27 40 30 16 9 18 42 43 47 44 57 36 32 22 25 18 12 29 35 22 21 19 17 13 28 42 33 33 25 30 18 15 24 17 29 31 30 40 48 43 40 46 29 27 42 46 46 44 31 13 10 27 44 
56 51 41 22 27 45 48 51 41 49 14 19 35 22 20 11 33 54 39 35 24 46 18 6 12 24 19 27 35 45 35 22 10 29 35 35 45 41 48 42 31 25 9 19 21 37 37 20 18 30 41 52 57 42 26 38 41 35 30 18 12 16 26 28 
27 29 12 27 41 43 34 22 31 70 42 36 34 18 25 21 39 43 18 23 16 40 13 9 11 30 13 30 27 39 31 9 18 44 39 22 31 32 39 39 24 23 14 10 20 44 42 24 24 27 37 62 61 51 28 7 16 22 22 7 11 22 27 38 
33 35 13 30 36 39 34 29 49 76 35 19 8 15 17 24 45 30 7 20 11 38 10 6 14 37 21 44 28 35 31 18 24 42 33 23 31 42 46 49 25 12 24 19 36 51 39 27 25 11 38 61 54 52 39 17 34 30 24 20 19 12 12 17 
35 38 15 29 27 30 24 19 42 63 18 6 14 25 16 31 52 23 10 20 27 48 28 32 34 47 30 42 32 34 16 9 15 37 35 34 31 39 31 37 22 18 24 20 31 37 30 29 32 25 37 58 44 42 39 14 34 14 15 11 10 9 22 29 
49 51 36 33 19 16 21 30 43 56 20 17 20 22 15 36 54 36 49 55 61 58 30 24 27 39 35 48 45 37 16 12 8 25 31 35 24 37 10 31 33 33 31 24 32 30 27 32 33 35 41 56 36 30 34 31 49 37 32 18 16 12 25 28 
44 48 36 22 6 7 16 26 30 38 17 6 23 14 15 35 44 27 28 32 44 40 24 19 23 21 18 26 30 25 24 23 14 21 29 26 12 37 9 20 36 35 37 33 43 34 14 18 29 43 59 51 30 23 12 36 57 52 53 47 43 24 24 23 
38 37 26 18 9 11 20 24 24 38 35 18 31 11 18 45 41 27 18 25 42 30 14 24 38 36 35 19 27 29 22 29 30 33 39 15 7 35 13 12 31 32 28 33 43 30 33 18 30 38 36 16 11 16 13 38 48 33 30 36 40 28 27 31 
36 35 27 20 19 27 34 39 33 37 39 9 30 8 20 53 33 27 9 8 47 32 10 16 31 39 43 38 21 30 10 14 24 23 46 22 10 35 18 17 35 44 32 26 27 16 42 28 10 12 9 14 23 37 45 47 42 22 12 26 25 14 21 29 
26 24 23 9 19 29 31 39 40 48 56 25 34 14 19 51 21 33 15 15 44 23 11 24 6 2 4 24 11 29 23 9 29 17 44 36 28 40 31 18 33 44 26 18 13 10 37 33 15 12 6 11 9 8 20 25 23 16 9 28 20 16 20 27 
44 32 33 24 32 29 12 17 27 42 61 32 30 14 18 52 28 43 31 24 44 21 4 19 7 6 17 39 34 38 35 27 42 20 27 31 34 41 44 26 22 42 23 19 17 18 27 29 12 14 9 10 6 15 26 30 33 33 24 19 13 18 21 27 
12 11 25 9 35 38 23 14 10 25 51 27 21 16 13 51 26 31 29 29 52 32 10 19 8 7 18 36 23 22 33 43 57 31 16 27 36 40 50 33 26 44 32 30 25 30 10 24 29 34 33 21 11 14 16 7 9 11 19 15 9 20 21 24 
34 27 29 15 29 31 22 17 10 21 45 34 16 20 19 53 35 12 8 14 47 32 13 21 19 9 17 37 30 11 12 43 64 39 21 24 37 38 47 30 16 36 29 27 12 27 12 22 34 32 25 20 16 18 5 1 9 3 12 20 25 32 32 36 
67 52 43 31 37 28 27 27 12 18 33 37 29 21 27 53 30 7 2 17 45 28 12 20 27 14 10 25 33 26 9 38 66 47 26 23 39 42 48 32 25 40 43 39 24 34 33 26 16 34 39 39 37 43 43 36 35 37 36 33 36 40 41 45 
21 19 17 14 40 26 27 35 33 34 28 21 23 25 33 45 20 9 6 18 45 30 9 12 26 9 4 12 30 34 16 27 58 55 42 29 33 39 43 24 22 29 38 33 18 23 33 45 40 56 42 24 22 17 14 6 3 14 18 15 16 21 21 15 
22 26 17 9 33 20 13 20 13 12 12 25 35 36 43 45 21 13 9 16 43 33 12 18 28 21 22 14 17 33 24 18 36 40 47 38 36 38 34 15 14 9 13 3 17 11 16 33 36 42 15 22 37 49 48 42 36 38 30 16 15 19 19 16 
31 37 24 11 26 20 9 17 19 26 41 58 62 56 53 41 23 10 8 25 36 24 18 26 36 36 39 34 10 23 19 18 18 17 28 20 20 24 21 14 16 16 24 20 26 30 41 44 48 45 35 37 22 20 11 8 8 16 20 10 12 18 19 12 
9 20 21 18 22 28 15 14 21 14 21 31 5 16 14 19 48 37 37 45 35 20 18 16 23 39 44 52 36 21 9 7 15 24 33 18 14 22 22 16 9 11 18 23 23 31 36 23 23 27 39 49 20 16 12 18 24 25 13 7 15 23 35 42 
11 21 34 32 31 42 24 12 16 20 26 38 44 43 39 41 40 18 22 35 23 23 27 36 21 21 18 38 39 5 7 7 17 23 47 31 14 17 21 25 18 30 27 31 27 31 37 37 37 43 54 53 20 15 17 22 26 17 23 27 23 27 38 48 
31 20 24 25 18 41 39 15 14 18 20 2 21 26 23 25 18 6 21 30 20 21 20 45 35 19 14 35 47 18 23 24 27 10 34 28 15 16 22 28 9 16 24 31 22 23 36 35 27 30 36 34 4 9 14 20 26 4 28 21 15 20 13 7 
55 51 45 41 29 28 39 16 14 22 23 12 25 20 25 39 40 35 46 48 31 20 20 48 40 25 19 34 47 13 10 18 28 15 31 35 33 35 38 40 18 3 18 18 20 14 18 23 16 9 13 23 26 29 27 36 39 27 34 7 6 14 8 19 
20 21 20 29 27 27 29 11 14 22 33 29 38 27 27 28 13 9 36 28 15 12 17 48 43 34 37 38 39 11 8 23 27 14 30 36 28 26 36 43 30 25 33 32 34 27 22 18 18 10 9 16 20 19 25 28 30 32 40 16 21 28 30 40 
23 16 19 35 25 23 12 7 21 22 28 10 21 23 32 47 61 55 59 43 21 14 5 32 42 43 44 39 23 3 21 28 21 19 34 39 25 21 39 51 34 17 26 30 32 19 13 20 27 30 25 24 17 19 33 17 20 37 38 26 41 46 48 58 
26 24 36 46 29 27 18 12 21 16 25 15 32 52 54 54 53 42 57 39 26 21 11 12 24 22 16 12 7 9 27 21 7 20 30 41 22 18 33 54 38 18 21 19 26 21 16 20 22 24 14 21 12 17 32 29 23 42 32 31 64 72 79 86 
19 17 31 37 23 18 19 25 22 18 27 25 26 18 9 12 8 40 57 38 35 22 22 26 28 26 20 15 14 6 21 19 16 15 23 37 21 14 19 52 47 23 26 32 33 41 34 31 39 45 42 44 35 17 17 18 11 55 52 73 117 129 152 174 
24 18 25 32 19 13 12 29 29 17 26 33 44 23 4 22 22 53 52 38 40 17 20 22 31 37 34 25 14 10 16 25 21 12 17 28 19 20 14 44 52 27 31 36 14 30 31 20 20 35 32 32 35 26 8 13 23 72 91 125 166 166 180 199 
34 23 11 25 24 21 15 24 32 17 23 29 53 33 13 32 11 53 36 20 41 15 19 12 26 37 38 42 40 37 17 11 12 9 17 20 10 13 12 33 52 31 34 39 16 18 31 21 6 13 10 18 20 33 9 12 32 91 129 162 185 166 158 156 
21 17 16 30 35 39 44 35 30 16 18 18 46 40 34 52 59 67 37 11 30 22 19 8 22 27 5 15 19 33 32 8 20 18 22 22 21 12 16 22 49 42 39 40 28 13 39 28 14 12 14 21 23 40 26 42 77 143 188 205 195 158 124 101 
7 14 20 7 6 28 33 28 17 8 16 14 29 33 22 26 30 35 12 16 19 19 11 3 16 26 12 12 17 25 34 21 42 36 39 21 9 19 23 20 38 39 42 43 49 33 39 31 18 15 12 22 19 42 64 105 150 207 233 218 174 120 72 46 
15 14 17 5 9 25 5 20 12 23 25 16 14 18 11 12 13 18 27 32 26 24 9 12 17 28 20 15 23 33 54 60 63 44 53 27 13 27 18 28 38 26 25 26 36 36 45 39 32 37 40 44 22 8 68 122 171 216 217 171 105 59 19 8 
47 43 32 20 17 21 7 24 23 11 11 10 9 8 12 15 25 23 24 24 13 23 21 15 11 29 31 19 25 32 39 45 39 23 54 42 21 26 19 35 39 27 31 33 29 15 28 21 6 12 16 38 31 52 119 167 196 211 179 112 46 19 26 41 
23 18 13 21 24 24 19 14 21 18 18 15 14 16 15 14 7 18 21 25 19 9 21 34 24 29 33 18 21 24 17 12 10 15 47 48 35 30 21 31 37 27 33 34 23 17 34 33 25 24 32 59 83 126 185 212 206 178 121 54 15 21 39 43 
19 22 39 36 31 28 31 31 26 24 18 5 24 28 28 12 12 24 21 12 13 11 20 30 33 31 33 15 21 35 30 21 24 23 36 41 35 30 22 33 34 26 49 38 6 11 18 25 23 25 48 91 129 170 201 194 165 116 57 10 34 39 47 44 
19 25 43 24 26 20 13 10 12 20 20 18 25 17 31 17 8 33 20 16 21 19 12 13 27 35 45 43 45 11 22 34 47 47 36 32 30 27 15 27 29 24 55 42 23 21 16 25 21 44 82 129 166 186 175 141 107 51 16 30 51 50 49 43 
16 20 41 29 27 23 20 7 15 27 18 27 39 32 28 19 19 30 11 10 17 16 16 15 9 24 48 39 59 28 15 38 40 41 34 24 30 27 17 27 43 39 60 55 22 25 22 19 27 80 129 171 197 187 142 105 72 18 18 21 45 39 30 24 
17 18 34 32 27 24 24 18 21 27 15 14 30 32 35 39 38 23 10 9 12 20 22 26 22 31 50 17 54 40 34 34 24 24 25 21 33 24 10 11 21 24 50 56 32 25 15 19 62 124 180 210 208 165 107 72 36 15 12 4 43 35 36 45 
18 16 23 31 23 21 31 24 15 18 12 10 11 14 13 23 22 22 17 17 15 18 24 31 28 35 54 23 52 44 34 27 18 20 13 15 28 15 4 18 26 21 34 43 22 13 36 74 115 168 207 204 163 96 43 22 12 24 14 1 36 20 19 22 
25 29 25 24 31 34 31 16 6 17 24 19 15 12 10 28 7 24 18 23 36 45 46 47 36 34 51 10 49 47 34 27 21 30 18 28 30 11 7 15 19 12 24 35 33 40 78 120 158 190 192 156 98 32 18 22 12 22 26 19 38 29 35 37 
45 39 33 32 47 41 37 31 27 12 8 19 26 15 16 25 15 36 21 21 36 35 25 31 40 51 67 50 62 57 38 18 26 43 28 35 44 23 17 11 14 21 23 35 58 80 117 156 183 191 165 115 58 17 29 42 23 23 40 42 57 62 72 77 
49 35 26 19 36 26 18 16 23 23 4 18 22 19 19 23 24 31 3 11 31 29 26 24 13 22 52 61 67 56 27 18 30 42 20 23 37 13 2 12 15 24 27 51 96 129 153 174 176 161 123 79 33 31 24 45 41 26 38 23 24 37 37 35 
36 29 26 16 27 28 15 15 19 26 9 21 31 39 39 37 26 11 9 10 22 22 13 16 19 16 24 31 46 33 19 25 27 43 18 23 30 14 7 17 13 38 58 96 143 172 185 182 155 123 80 41 24 40 23 35 45 40 45 28 6 9 16 21 
28 18 17 17 24 32 21 20 9 20 13 5 3 9 17 16 10 4 5 12 13 15 7 15 19 35 27 28 41 23 33 27 28 45 21 15 33 39 39 42 45 70 99 148 187 195 189 160 108 81 54 38 38 45 30 19 42 45 43 35 9 11 17 18 
24 25 28 34 40 51 36 24 13 12 24 22 15 14 7 11 12 8 16 4 12 20 25 29 28 39 19 17 24 12 40 34 29 36 27 16 7 9 25 41 64 100 136 191 208 188 162 120 61 49 36 34 48 59 51 23 39 40 39 40 30 41 42 41 
26 32 31 32 32 41 35 26 27 26 25 33 30 22 15 17 16 11 18 18 3 9 15 19 33 44 29 20 23 27 43 39 27 21 20 22 21 16 22 50 101 148 182 221 205 157 124 91 47 37 31 21 36 58 55 37 30 21 31 39 43 57 54 54 
36 30 20 14 24 26 23 18 20 28 29 28 10 13 18 20 13 21 25 28 24 17 19 19 23 32 21 20 21 19 33 36 27 24 26 31 42 49 65 104 157 195 214 228 180 119 92 69 34 19 23 18 24 44 48 42 33 14 13 18 21 34 15 24 
15 17 19 19 20 16 17 15 21 11 13 22 29 34 24 13 4 39 30 25 21 15 17 18 20 20 19 26 31 36 41 47 51 45 43 49 60 72 100 142 172 182 179 169 111 67 57 40 22 10 23 30 25 23 28 42 46 42 19 11 21 25 11 24 
16 15 24 22 23 13 12 9 15 5 7 10 13 23 17 19 23 38 15 21 19 13 17 12 13 16 25 30 32 37 39 42 40 16 11 23 44 75 114 153 167 160 140 114 61 33 33 30 29 29 35 39 31 23 21 27 31 44 24 15 29 21 13 21 
18 14 25 30 39 33 23 16 17 8 6 14 11 21 14 13 11 21 21 28 27 19 15 6 12 6 11 17 11 18 15 15 31 15 14 39 84 125 148 174 173 144 113 84 40 20 26 25 30 29 22 23 21 26 32 20 15 31 14 18 36 34 25 21 
20 17 20 36 46 44 51 46 40 28 19 19 1 12 24 26 22 13 7 23 21 8 12 10 21 15 17 7 6 26 21 6 24 17 24 83 150 180 186 189 153 99 69 54 21 10 25 19 35 27 19 22 21 34 33 15 15 22 10 12 25 38 50 50 
20 20 16 32 38 14 23 26 30 22 23 24 11 27 46 46 42 29 19 25 13 10 7 5 20 5 23 14 26 42 32 27 9 24 51 123 184 195 181 151 93 45 30 42 24 6 20 12 42 28 26 26 25 47 39 17 15 15 7 8 10 15 21 24 
18 19 15 26 34 21 15 27 26 23 29 32 27 36 36 22 25 25 25 27 11 9 12 14 22 8 20 10 18 24 14 27 14 45 102 165 213 217 161 101 59 41 23 29 30 7 15 13 45 22 17 11 9 39 33 14 23 22 17 12 6 16 3 15 
12 12 11 17 26 25 9 18 19 24 30 33 24 29 22 15 25 27 22 25 15 11 12 10 17 6 10 16 22 17 4 19 41 102 159 196 225 207 112 50 36 34 31 28 32 10 17 21 50 28 30 22 18 40 24 9 24 19 21 14 10 22 11 21 
14 19 27 37 46 47 26 15 8 16 29 38 26 29 25 15 29 24 12 19 17 17 21 13 8 13 16 27 39 45 58 84 118 172 203 204 205 165 62 13 8 19 20 25 29 16 30 29 54 33 20 9 10 38 19 27 32 28 27 17 16 33 18 35 
15 8 10 24 38 52 36 32 19 12 24 38 26 22 24 21 34 28 14 10 13 8 16 12 15 14 10 32 51 60 86 122 159 211 225 196 170 121 24 19 19 21 11 27 21 7 21 9 46 32 18 27 22 37 28 24 30 27 26 24 18 39 12 20 
19 15 17 33 21 48 12 10 26 20 31 39 27 14 12 14 35 32 22 11 18 15 13 11 19 16 7 42 59 65 105 130 156 205 190 140 122 78 23 21 12 14 3 36 19 9 20 7 39 33 11 18 18 28 15 18 31 33 29 28 13 34 14 17 
22 19 24 44 25 59 22 24 39 22 41 49 27 13 13 12 39 28 21 12 24 15 5 7 23 19 19 53 68 85 131 140 153 182 131 72 70 27 52 26 19 20 12 46 22 19 30 22 41 35 24 30 29 36 24 30 33 37 32 30 7 32 23 21 
28 24 27 41 38 73 21 16 34 12 40 56 29 20 31 7 48 30 21 10 24 10 9 12 29 9 15 54 71 99 144 137 133 147 79 28 43 16 63 27 27 26 21 57 26 23 27 20 42 39 33 39 27 42 35 43 42 42 39 31 10 34 33 18 

37 38 13 52 41 43 36 40 44 26 39 28 35 21 9 10 12 20 39 39 40 30 27 36 42 50 43 33 34 21 32 52 39 41 52 50 45 36 41 50 24 19 30 32 37 33 42 28 18 16 22 21 27 24 30 35 33 31 45 47 50 34 22 24 
31 34 13 40 37 30 24 34 36 26 36 22 28 18 4 10 13 17 36 32 33 37 40 45 45 45 40 30 30 29 37 52 41 39 47 50 42 35 37 37 18 13 20 27 35 30 35 24 23 24 28 23 27 26 27 27 21 21 46 44 49 35 31 34 
34 38 23 35 35 15 17 31 30 14 16 19 32 25 14 14 12 8 31 26 27 39 42 43 39 36 30 23 17 12 19 33 26 29 34 41 36 34 32 27 22 13 9 24 32 28 27 22 33 31 28 24 26 22 14 16 12 26 46 42 52 39 39 39 
37 38 24 28 38 25 21 36 39 31 18 10 27 25 20 18 11 3 25 21 19 31 35 33 28 24 20 25 12 7 15 16 29 37 46 62 62 57 53 40 28 15 13 18 23 25 24 22 28 18 12 11 15 21 22 26 29 36 47 38 45 22 28 33 
56 46 27 24 33 30 14 20 19 9 25 21 21 23 17 13 14 8 21 15 15 21 21 21 17 17 20 21 11 18 22 25 33 31 38 34 29 18 18 15 13 15 22 16 13 22 26 26 29 20 7 8 7 10 17 23 33 36 46 27 32 11 26 40 
65 53 38 26 21 21 22 31 33 27 36 29 22 20 7 15 17 5 17 12 17 24 8 7 16 25 24 15 17 19 22 23 19 16 32 22 35 27 28 27 21 13 26 20 10 18 24 27 28 18 9 9 21 11 15 8 14 22 30 17 28 15 12 18 
61 51 40 29 17 4 12 25 19 14 24 24 36 29 16 19 12 14 15 15 19 36 26 33 36 37 32 25 27 24 3 6 8 9 22 22 33 22 22 13 23 14 23 20 6 17 25 29 35 38 33 23 32 17 20 17 12 18 23 20 27 16 13 12 
63 55 45 29 15 17 26 34 24 26 10 19 35 22 16 14 15 37 36 38 36 45 28 27 21 24 21 19 27 30 18 20 20 18 3 13 28 19 25 18 15 14 18 21 8 23 32 36 43 47 41 34 42 31 24 39 40 38 39 28 15 11 25 37 
53 46 40 26 24 39 42 46 37 44 11 17 37 21 27 14 25 48 35 33 28 39 13 5 9 23 13 17 27 38 30 19 12 25 24 28 35 32 40 29 16 15 11 20 18 29 36 29 24 31 37 46 54 44 28 34 39 33 29 21 16 13 20 20 
36 30 17 25 33 44 40 25 27 59 35 35 37 17 30 22 32 37 12 19 18 34 8 10 10 29 10 24 23 37 31 6 11 37 32 15 22 23 32 28 13 12 12 13 18 37 43 33 28 26 30 56 57 49 29 9 16 21 21 5 9 19 22 33 
44 41 23 27 27 39 39 29 45 65 31 22 11 18 24 28 41 26 3 19 13 32 7 6 10 34 16 36 25 35 28 6 12 36 31 18 24 30 34 35 16 4 20 13 30 45 43 35 31 22 38 60 51 48 36 12 30 27 21 14 13 11 8 12 
37 38 16 24 22 29 28 19 39 55 17 8 10 24 18 33 44 16 6 18 27 43 27 29 29 43 28 41 36 36 18 5 11 34 32 25 19 28 24 30 19 11 17 14 30 39 41 40 41 35 38 58 45 40 39 12 31 13 12 6 6 6 12 20 
51 54 35 30 18 17 18 23 40 50 19 16 15 21 15 38 45 29 39 45 54 51 32 28 27 39 36 51 46 34 13 7 8 21 27 24 16 31 10 31 20 20 26 24 34 37 37 39 39 39 39 54 37 30 32 24 40 28 27 18 14 4 17 25 
45 51 39 24 10 8 12 23 32 36 12 5 17 15 7 36 39 21 25 30 43 37 28 21 19 22 18 31 29 25 23 23 8 15 25 19 10 33 1 26 28 32 38 38 48 42 25 23 32 43 54 49 31 24 15 28 50 44 45 40 38 21 20 24 
34 36 25 19 12 12 17 17 22 35 29 18 28 14 15 44 36 23 15 17 39 29 18 25 36 36 36 23 23 24 16 28 25 29 36 14 13 30 6 18 24 33 35 42 46 36 29 18 27 31 27 14 15 20 17 32 48 36 29 30 36 27 26 32 
30 32 25 20 16 25 32 35 33 36 35 15 26 10 18 46 27 23 11 4 42 27 5 20 34 44 47 36 18 23 9 14 21 29 45 25 18 27 11 16 27 43 39 33 30 23 33 28 12 5 6 11 23 36 41 45 47 30 19 25 28 22 27 34 
24 25 24 13 8 22 29 33 35 41 48 28 31 17 21 42 17 27 14 13 39 21 6 24 5 7 6 22 12 23 18 7 26 24 43 36 28 30 24 17 30 47 40 28 21 18 30 35 16 6 4 7 10 9 18 28 30 21 14 26 24 22 28 33 
47 36 37 29 27 27 24 24 28 37 52 31 28 18 25 43 28 39 25 17 36 21 7 23 11 11 17 37 31 32 28 20 34 24 32 33 31 29 33 22 22 42 36 16 8 12 20 34 18 10 9 9 10 12 19 25 26 25 18 19 18 24 28 29 
12 13 29 20 35 40 31 24 13 19 45 27 20 17 20 40 26 33 30 28 44 34 14 17 7 6 15 33 21 23 34 38 45 30 26 33 35 30 38 29 25 41 42 21 22 27 9 27 26 29 30 20 11 12 15 14 13 7 13 12 13 23 21 20 
31 26 30 19 32 38 35 29 11 14 40 36 27 27 26 43 30 15 11 12 36 36 17 15 18 8 16 35 25 12 16 39 52 33 27 30 35 30 31 25 20 35 41 20 13 25 13 20 32 33 30 18 10 12 12 9 9 8 17 24 27 29 24 22 
57 44 37 27 35 34 37 39 21 15 26 34 34 28 29 44 26 9 9 15 35 34 13 14 24 19 15 29 30 23 6 36 56 39 29 29 36 34 29 24 26 38 45 30 17 29 28 16 8 24 32 26 27 32 37 33 35 38 35 33 33 32 31 36 
24 18 16 12 35 26 28 38 32 30 23 18 24 26 31 37 18 9 10 20 37 36 12 6 17 15 13 24 33 33 13 25 52 49 38 32 30 35 26 15 18 25 34 24 16 21 29 37 33 48 37 18 20 12 11 9 5 15 14 12 11 10 15 15 
23 24 12 3 29 15 12 22 12 7 8 20 27 30 36 35 16 9 6 18 37 39 17 14 20 22 25 25 31 37 22 21 34 35 35 29 26 35 24 11 13 12 15 9 19 11 21 35 36 39 20 27 37 47 47 40 34 35 25 13 11 8 13 15 
23 28 16 15 26 17 10 19 15 19 31 42 42 39 41 30 16 12 12 25 34 29 12 22 29 32 34 29 24 33 25 23 22 17 20 16 17 27 15 4 7 9 18 20 28 30 39 42 44 43 36 41 22 13 9 13 14 18 19 14 14 14 16 9 
10 19 21 25 27 24 16 13 11 16 26 33 18 15 17 20 43 36 36 44 35 23 12 15 19 33 36 39 27 21 11 6 10 22 26 14 12 25 20 9 6 11 15 19 18 21 28 21 28 37 46 53 23 15 11 18 21 16 3 15 21 25 34 36 
9 22 32 34 34 36 22 7 3 14 23 35 43 40 36 38 38 21 24 34 23 23 22 35 21 16 17 31 32 7 8 5 16 23 40 27 18 19 19 18 14 25 20 24 21 22 30 33 35 41 48 51 17 6 13 19 24 12 22 24 23 27 38 48 
27 19 25 28 23 36 37 10 4 12 17 11 23 27 25 23 20 13 22 29 21 22 17 41 32 26 24 33 42 19 22 21 28 7 27 26 22 19 19 20 7 17 19 24 13 11 22 24 24 29 34 35 11 2 15 16 24 4 23 12 14 24 20 16 
46 42 36 31 18 21 38 15 8 15 19 17 25 22 27 36 36 31 38 39 24 18 18 42 34 32 30 33 44 14 11 14 28 12 20 29 32 31 30 29 13 11 15 18 17 14 16 13 11 8 15 25 27 23 23 30 37 26 30 6 11 27 17 21 
13 15 14 21 17 20 30 11 8 12 23 27 36 25 26 27 16 9 28 23 7 8 13 41 34 33 34 28 37 9 8 17 23 3 22 38 36 31 29 32 23 25 30 30 30 25 22 13 10 11 12 20 22 16 24 25 30 28 34 16 30 46 48 62 
25 18 19 27 19 17 17 8 16 15 16 12 23 21 29 39 52 51 53 39 22 16 6 26 29 31 33 29 23 5 21 21 19 6 23 41 32 31 33 39 30 20 29 34 32 20 14 15 21 24 20 22 18 18 30 16 24 33 36 30 55 70 76 90 
19 15 31 36 25 21 14 10 18 15 15 9 31 51 53 55 59 48 56 40 27 24 16 15 14 12 11 13 5 7 27 19 15 8 21 42 27 28 31 46 36 14 17 23 32 27 15 10 14 21 21 26 21 23 30 26 19 37 36 47 88 100 106 114 
18 14 30 31 24 16 12 22 22 21 18 13 26 26 18 19 19 28 49 34 32 24 20 27 30 29 25 16 7 12 27 25 22 12 18 38 20 21 22 51 46 17 19 30 36 43 34 34 41 47 45 42 36 25 24 25 25 61 65 95 142 151 166 183 
27 21 30 29 16 6 12 30 31 27 20 17 35 25 13 21 16 39 47 31 36 18 16 21 28 33 32 23 11 18 24 31 26 17 18 27 10 18 14 45 51 20 25 36 24 29 22 16 22 36 33 27 32 27 18 22 42 87 107 144 182 173 179 191 
41 28 23 24 18 19 21 28 33 29 25 20 41 29 20 34 20 45 38 19 36 16 16 15 20 23 25 34 32 36 25 19 19 10 17 18 5 4 7 36 51 27 31 40 28 21 20 16 16 20 17 13 17 32 20 34 64 117 148 178 192 163 149 142 
24 14 9 28 34 39 46 39 36 32 27 16 36 30 27 44 52 61 40 16 25 18 15 9 18 25 13 25 28 34 33 15 25 19 24 22 22 14 14 24 45 38 39 40 31 23 29 23 17 15 12 10 13 33 39 71 113 169 196 205 191 147 112 90 
13 14 12 11 14 30 36 30 25 21 24 16 25 29 23 29 39 44 26 20 13 13 11 6 11 22 17 26 29 27 32 22 42 33 37 19 10 15 16 15 29 27 37 41 45 33 31 30 21 18 13 16 14 38 75 123 168 210 219 201 159 104 61 41 
9 10 14 12 16 25 21 24 12 16 21 11 9 16 18 24 27 23 21 29 23 24 9 5 8 19 18 25 33 37 50 56 60 41 49 25 8 21 15 24 31 19 20 25 39 41 42 37 29 30 28 34 23 33 92 147 186 212 201 158 96 48 14 8 
39 36 29 21 18 19 16 27 26 16 18 10 8 4 10 20 24 22 23 29 18 21 19 16 13 18 24 23 33 37 39 44 42 26 51 42 23 24 18 29 30 19 25 31 32 22 23 16 9 14 17 42 50 81 142 186 203 201 163 99 39 15 24 36 
25 17 11 20 27 27 24 11 11 17 26 20 5 6 14 28 14 15 12 20 19 6 21 32 26 18 25 21 30 35 31 27 23 14 43 49 37 29 18 24 25 15 26 32 34 29 30 28 26 33 48 78 105 148 197 213 197 159 99 39 12 23 36 39 
18 20 34 35 32 31 35 35 27 25 24 13 18 26 21 21 15 20 14 12 19 13 18 26 31 24 27 22 27 36 39 25 20 14 29 41 37 26 12 23 23 15 37 31 27 29 26 13 12 34 67 114 148 183 203 187 150 96 41 3 28 36 41 40 
17 21 37 20 20 19 15 15 4 18 24 15 16 10 24 21 9 31 18 16 24 15 4 5 19 30 44 51 53 23 26 31 43 42 30 34 33 24 4 23 23 14 41 33 35 34 29 13 17 59 102 150 174 188 174 136 97 43 9 27 42 45 45 45 
15 21 40 27 25 22 16 10 9 27 27 28 36 31 27 23 23 29 7 11 21 25 27 24 13 22 45 41 59 32 9 27 30 35 29 23 32 27 12 24 38 36 49 44 34 36 27 11 47 102 148 181 190 178 138 98 64 17 19 25 38 38 37 40 
20 23 38 36 29 28 25 23 22 27 21 10 23 27 31 33 32 17 10 14 20 29 31 34 31 36 49 17 46 35 27 23 16 20 22 22 36 30 9 8 18 21 41 41 29 21 13 43 90 145 187 203 190 149 96 61 30 19 15 13 34 27 34 42 
18 19 30 39 28 20 26 18 12 16 15 8 6 12 12 13 21 20 20 22 23 27 30 37 33 39 52 18 42 39 33 27 21 18 12 19 31 21 8 18 21 18 30 32 20 24 57 99 140 182 205 190 148 87 39 21 15 23 13 10 32 17 22 22 
9 14 17 26 29 31 28 15 9 14 21 17 15 17 15 17 12 24 23 27 38 44 42 44 37 39 53 14 41 44 39 30 19 24 14 23 32 21 17 18 14 14 23 30 37 63 105 148 180 201 188 140 86 31 16 20 15 24 28 23 39 30 36 38 
31 29 26 36 48 44 40 33 28 11 15 24 26 17 18 17 19 34 18 19 32 29 12 24 35 51 69 55 60 57 41 21 19 35 27 27 39 24 21 18 13 20 26 37 68 107 145 177 192 189 154 98 48 15 24 35 22 26 39 40 55 61 68 73 
44 33 20 21 36 21 18 19 26 20 10 25 30 24 23 19 25 30 8 17 33 31 27 23 7 23 57 66 67 57 34 21 20 33 21 21 34 16 13 19 20 28 44 70 114 154 174 182 172 150 110 65 29 24 25 42 40 28 33 17 26 39 37 38 
47 37 26 15 28 23 14 23 24 23 10 22 34 41 42 37 28 15 6 10 23 22 12 11 15 16 25 32 40 30 25 23 17 34 18 22 26 12 6 16 23 50 83 121 162 189 193 177 145 112 70 33 25 35 25 37 44 37 37 23 7 8 10 11 
31 20 13 11 22 23 16 23 11 18 17 11 11 16 21 20 12 3 4 8 15 16 8 6 18 31 20 23 32 22 37 25 17 34 19 18 29 35 35 40 55 87 126 169 195 198 185 149 99 72 42 33 38 39 26 28 45 40 34 30 10 6 12 15 
11 8 17 27 36 44 30 21 2 13 24 22 14 15 11 12 11 3 9 6 15 21 24 23 28 34 8 13 20 22 48 37 29 27 18 11 4 13 30 50 82 123 163 203 205 184 153 108 55 41 23 28 43 50 35 21 41 37 34 37 33 42 43 43 
18 26 32 36 37 41 32 19 16 18 21 31 29 24 18 18 16 13 18 20 10 7 6 11 31 42 30 24 26 33 50 41 28 18 12 13 12 19 44 76 124 172 204 222 195 150 112 77 39 27 16 21 34 51 39 25 30 21 30 36 44 55 56 57 
28 28 23 20 26 20 17 8 15 27 27 27 11 13 15 19 13 22 24 26 23 21 20 15 15 28 28 32 32 29 43 39 26 21 23 30 44 60 90 129 174 208 219 214 162 106 76 53 25 11 12 23 28 45 42 39 34 19 14 13 19 29 18 24 
26 26 25 26 22 15 11 6 18 8 11 21 26 31 23 15 7 36 26 19 11 14 17 18 14 18 26 33 37 36 43 44 39 36 38 49 68 88 125 162 182 187 176 152 95 56 42 28 19 13 20 27 24 24 22 35 38 37 24 13 21 21 8 17 
25 21 25 26 20 17 9 12 15 4 7 9 12 19 13 16 21 40 21 18 7 11 15 12 7 15 24 30 28 28 34 37 28 13 18 36 63 99 142 170 171 157 134 99 49 25 21 25 26 32 37 42 37 30 23 20 19 32 21 16 31 18 5 17 
25 19 24 29 31 31 18 12 13 4 8 14 15 21 16 16 18 30 27 28 21 20 18 11 6 9 19 23 17 14 20 21 27 17 24 55 103 143 163 176 163 130 99 68 29 13 19 23 27 32 22 21 23 26 35 24 12 23 7 15 35 27 18 15 
27 23 24 38 42 45 49 42 35 25 16 10 6 9 21 28 27 22 17 24 16 17 12 12 20 21 26 18 12 15 18 4 21 27 47 101 162 186 181 174 133 79 57 42 13 8 16 14 28 25 15 17 18 31 36 21 14 18 7 11 27 37 49 51 
27 24 20 33 32 10 22 25 28 23 24 17 10 24 39 42 44 34 25 25 8 17 10 6 18 10 26 11 19 36 32 24 18 45 83 143 190 193 170 136 78 34 28 35 18 6 14 5 34 26 22 25 24 41 38 21 19 16 7 9 11 18 24 29 
24 23 17 27 32 17 8 19 21 19 29 28 24 33 34 29 34 30 26 27 12 13 22 24 30 16 24 12 15 23 11 21 32 79 134 179 209 202 146 89 50 35 21 24 25 10 12 12 38 23 9 11 14 37 31 17 22 20 17 13 5 18 6 12 
14 16 14 23 26 22 12 22 22 23 31 31 16 22 22 22 31 30 24 26 18 12 15 16 25 19 21 20 23 28 31 47 79 139 181 199 211 186 100 45 33 30 24 23 28 13 17 20 43 28 27 30 31 47 30 16 18 12 15 15 15 23 10 18 
14 20 26 37 45 45 29 21 16 18 30 38 19 21 24 21 31 28 18 21 23 20 22 19 18 21 23 31 47 60 78 107 145 192 207 197 184 142 53 7 8 18 13 21 28 21 27 26 48 30 15 6 12 36 13 18 26 22 14 14 20 33 16 28 
15 14 18 32 45 54 44 39 23 14 23 39 20 13 19 20 30 25 10 12 23 15 15 15 21 24 23 43 64 79 105 141 175 214 215 180 146 99 17 20 22 21 8 23 24 12 14 8 39 31 15 19 24 39 30 25 31 30 13 18 18 35 15 17 
17 13 17 35 29 45 19 14 17 14 28 40 22 9 9 11 28 23 14 2 23 18 7 11 21 23 25 54 74 86 120 146 168 200 179 128 102 63 18 22 12 13 5 30 23 9 11 7 31 34 11 13 27 34 27 28 36 41 20 22 11 28 20 18 
21 17 21 45 27 52 19 16 32 24 39 47 23 12 14 12 33 18 14 5 25 17 6 12 25 18 27 64 84 102 141 152 158 168 119 63 53 18 44 25 15 18 14 40 27 19 25 22 33 36 21 23 37 41 33 37 36 43 21 22 8 24 26 22 
31 26 29 46 33 60 16 14 33 24 39 51 25 18 29 15 40 20 14 4 26 12 10 14 30 11 24 69 91 114 149 145 134 130 72 24 31 17 53 24 21 23 20 51 34 26 23 20 34 39 30 31 41 49 45 51 43 46 23 18 15 25 34 24 

40 35 10 33 32 32 28 29 37 17 33 21 30 28 16 18 12 16 36 35 45 45 50 56 51 51 36 41 42 22 40 50 44 40 50 41 43 33 38 60 35 22 32 29 37 28 38 27 8 14 21 22 25 20 23 27 36 36 18 15 26 15 10 18 
34 32 9 26 29 23 21 28 32 19 32 20 25 24 14 18 18 17 30 26 33 38 44 48 42 44 33 37 36 29 46 52 46 39 45 43 42 34 34 44 25 15 25 23 36 27 28 22 17 24 31 27 28 26 25 24 28 19 21 13 22 11 18 29 
35 34 17 23 28 11 19 30 28 14 16 12 26 26 21 26 24 17 25 16 21 29 34 35 29 30 22 30 21 9 30 32 32 30 35 35 34 30 28 31 23 12 14 23 32 24 18 15 29 34 35 30 29 26 16 10 17 14 25 17 26 18 26 33 
37 37 22 18 28 17 20 35 36 29 16 9 24 26 24 26 23 20 24 12 10 19 25 22 15 10 11 30 12 2 23 19 36 36 44 58 58 53 50 36 19 4 11 20 22 21 13 6 19 18 17 12 14 22 25 28 34 29 34 16 22 18 33 43 
52 46 33 22 24 22 12 23 24 19 26 21 18 24 23 21 23 19 22 11 12 17 19 15 14 9 14 20 9 20 30 32 35 26 31 30 25 17 17 14 10 17 18 8 6 11 16 15 18 20 12 10 6 8 16 25 32 25 36 10 17 26 38 50 
54 45 37 24 16 16 12 21 20 14 28 26 13 19 20 23 27 16 17 9 13 19 19 18 23 24 20 10 13 16 21 23 17 9 22 11 27 20 20 25 18 21 24 12 11 14 16 17 20 21 9 2 16 9 11 13 15 18 29 12 21 29 33 35 
43 38 36 27 19 12 16 27 23 23 28 25 25 26 27 29 27 14 11 9 12 23 23 28 32 31 27 22 25 24 7 6 7 6 17 16 27 15 13 10 15 18 19 10 8 12 17 18 21 27 25 16 26 16 15 14 12 16 23 13 19 23 24 24 
46 43 42 32 25 23 30 38 34 31 17 14 25 24 31 27 21 24 24 27 25 26 17 18 16 19 18 18 22 27 16 18 19 18 1 11 23 7 15 8 9 14 15 11 9 19 30 35 39 43 40 32 39 28 21 32 30 26 28 19 18 26 33 37 
39 31 36 29 26 39 46 52 45 40 7 15 37 35 42 29 25 37 30 28 27 27 9 6 9 23 12 13 22 34 27 18 11 24 21 23 28 20 30 18 10 12 11 14 17 24 38 38 28 31 36 42 50 40 24 26 31 28 30 29 33 33 31 28 
43 29 23 26 27 41 45 37 35 49 27 35 41 37 49 36 29 28 9 17 26 30 15 13 11 29 11 19 19 35 29 13 10 31 30 6 12 4 19 17 3 8 15 18 19 30 45 45 38 34 35 54 54 43 27 10 19 25 30 29 36 36 31 35 
53 42 29 27 21 35 42 32 42 52 24 23 13 32 43 40 37 23 6 15 25 27 11 4 8 31 13 29 22 35 26 10 4 29 30 11 15 20 21 28 9 7 23 8 23 37 45 48 47 45 48 60 47 39 31 6 26 24 24 23 29 28 22 18 
47 40 22 23 19 28 33 21 36 44 13 10 8 31 36 42 38 18 11 9 29 30 18 18 21 36 26 40 38 36 18 6 5 27 30 18 13 26 21 33 17 14 23 7 24 33 41 49 53 49 44 54 39 36 36 11 29 18 20 21 26 26 21 16 
59 58 40 33 26 20 23 18 37 45 19 16 14 29 34 48 42 29 34 30 46 38 27 23 23 34 32 48 44 30 12 3 8 18 27 17 12 32 15 36 18 14 24 10 22 28 30 38 43 44 38 46 29 27 31 19 35 29 31 29 30 27 21 18 
51 56 43 30 22 14 15 23 35 33 7 2 16 24 25 46 40 29 33 29 43 31 23 18 16 23 20 36 29 23 22 22 5 9 23 11 3 31 10 30 12 9 22 23 41 38 23 20 27 36 42 41 26 21 15 17 42 39 38 34 36 26 15 4 
28 33 22 20 23 19 15 11 22 32 27 20 27 21 24 46 36 27 27 20 40 30 20 29 36 39 35 29 20 18 11 27 17 16 26 4 10 24 9 21 6 12 19 36 43 33 23 14 15 18 16 13 13 17 14 18 40 33 20 19 30 25 18 10 
22 29 23 22 24 29 31 31 32 34 31 18 23 14 20 43 27 25 21 14 41 29 11 24 34 42 41 27 11 15 6 14 13 24 34 20 16 19 9 10 8 21 24 26 24 15 20 26 10 4 9 11 19 30 33 35 44 31 15 18 25 24 22 15 
14 21 24 17 16 26 30 27 27 31 36 24 24 16 17 33 18 24 18 15 36 25 11 20 3 13 16 20 14 20 14 6 10 22 36 31 27 22 16 3 10 27 34 28 23 20 19 32 21 9 8 6 15 18 18 25 33 22 10 19 23 21 19 9 
39 32 37 30 23 29 35 31 31 31 37 25 21 14 18 33 24 30 17 9 30 25 12 15 15 19 26 35 28 26 25 16 17 16 25 30 27 20 22 12 11 30 41 31 23 22 15 31 22 8 12 8 20 24 22 24 26 20 14 16 17 18 18 9 
28 28 40 33 34 40 43 39 32 25 31 23 13 6 7 29 26 30 29 27 39 38 17 8 14 15 24 31 19 22 34 35 32 18 9 26 30 24 28 24 23 33 48 33 27 30 12 24 23 21 23 19 24 24 22 22 20 8 11 10 10 16 20 27 
32 29 34 21 25 35 42 43 31 18 23 24 13 7 4 31 25 13 16 17 31 41 21 18 27 23 27 36 20 12 20 37 43 23 2 16 26 22 18 17 20 30 48 38 31 33 21 19 30 34 37 26 21 19 17 17 13 5 12 20 22 23 26 30 
46 35 31 19 23 24 35 45 34 23 12 15 18 14 11 34 22 10 11 12 28 39 18 20 29 29 26 36 25 18 11 36 53 30 4 11 26 29 16 5 13 26 42 38 30 34 30 20 15 24 32 19 17 21 28 31 34 39 37 37 36 33 36 45 
29 22 19 10 25 12 17 34 29 27 21 11 7 12 16 30 15 8 11 17 31 40 18 16 20 21 18 30 30 28 14 30 53 42 24 17 24 37 23 10 4 11 27 29 28 26 23 27 21 34 28 4 18 17 8 9 9 18 19 19 14 15 23 31 
30 29 12 10 28 15 11 19 9 3 9 15 14 19 28 32 15 10 8 15 29 42 28 21 21 21 21 24 27 31 20 25 37 31 24 21 25 43 29 20 13 5 16 26 34 29 27 34 30 28 15 27 36 44 42 33 28 28 17 10 10 16 25 33 
18 25 16 22 29 21 16 17 10 10 20 29 27 29 36 31 19 22 24 28 30 29 15 20 24 25 25 18 17 28 27 30 28 19 17 19 27 41 28 21 15 8 18 28 36 38 39 40 40 33 25 34 16 17 18 19 18 16 14 11 9 12 19 25 
14 22 24 30 27 20 10 7 10 15 25 34 29 30 35 33 44 42 42 47 39 28 17 16 9 21 26 22 13 19 20 19 12 20 22 18 28 39 32 23 16 19 15 18 20 16 13 16 24 28 37 45 15 17 14 21 21 14 7 15 17 19 26 26 
15 25 34 37 32 25 14 9 12 15 23 32 37 40 41 38 41 34 36 38 28 25 21 31 18 17 18 21 22 15 19 13 11 21 36 29 31 33 27 19 11 25 17 22 20 18 22 27 27 28 35 42 10 13 10 21 24 17 25 27 26 32 43 51 
33 30 34 33 24 27 27 12 14 15 21 16 21 27 30 25 31 33 37 37 31 27 20 34 22 26 28 34 39 26 27 23 29 6 22 26 27 19 13 12 3 18 16 18 9 8 14 17 18 19 24 30 9 10 15 15 19 9 24 18 22 38 40 42 
50 49 40 26 13 16 30 19 16 17 22 18 23 21 28 33 39 40 42 39 29 23 24 37 24 28 30 31 39 16 14 14 30 17 11 20 26 22 22 26 16 14 11 11 9 10 16 11 8 4 12 23 24 18 19 23 30 25 30 18 33 54 52 58 
26 32 26 14 9 15 24 17 12 12 22 24 30 23 25 26 22 25 32 23 14 13 14 34 24 26 30 22 36 11 12 15 22 17 5 25 26 15 9 24 24 26 25 23 23 20 19 7 3 9 13 21 16 9 18 19 24 29 40 38 67 89 95 109 
35 36 26 16 14 19 19 8 7 6 12 12 20 15 24 30 42 51 51 37 26 20 12 21 13 18 23 22 29 15 24 21 24 22 4 29 18 15 15 29 30 26 30 28 24 13 14 17 18 18 12 18 6 9 24 14 23 38 52 65 104 124 129 143 
27 26 27 23 19 24 20 11 12 4 7 13 22 40 47 50 60 60 58 42 29 22 13 13 3 2 3 6 18 19 33 28 30 27 14 33 15 18 18 36 35 12 13 21 34 26 17 13 10 11 10 18 8 10 21 11 10 49 66 93 139 150 152 159 
22 19 26 20 22 26 20 24 19 10 6 20 31 36 33 30 33 33 42 27 26 17 12 20 23 25 21 16 18 19 30 30 31 28 14 30 10 19 21 44 41 9 10 25 39 42 36 36 38 39 34 31 24 8 14 13 28 78 97 134 177 176 183 194 
7 15 31 28 24 23 21 31 28 15 7 17 35 35 28 27 23 32 38 23 29 12 9 18 20 27 26 21 20 20 21 27 24 21 12 23 14 21 24 45 46 10 13 30 31 33 27 19 19 29 23 20 24 16 17 30 60 111 134 169 196 178 176 181 
29 22 32 26 16 21 24 29 29 18 13 15 33 30 24 34 26 40 33 17 30 17 14 18 14 15 19 30 26 29 18 13 18 9 8 18 17 17 22 42 50 25 21 30 27 25 21 10 15 11 14 9 12 18 27 56 91 143 168 187 190 154 136 126 
17 9 17 26 32 39 46 42 36 27 16 5 27 24 15 31 40 50 34 14 22 20 14 13 17 22 10 23 17 23 28 15 32 28 32 32 29 20 17 27 41 34 34 32 24 26 22 19 20 10 13 5 8 20 53 96 137 183 198 197 174 126 92 71 
14 11 3 9 18 31 41 36 30 23 18 6 17 21 16 27 40 46 32 24 15 16 13 10 6 15 4 19 11 10 27 27 48 39 42 30 18 18 18 15 24 18 30 34 36 33 18 28 27 23 19 11 22 50 98 146 181 205 198 175 133 80 44 29 
10 9 13 18 23 23 27 28 16 11 16 9 11 17 23 31 28 17 9 26 28 34 26 18 13 14 8 17 17 24 38 45 54 35 45 30 11 19 12 18 26 16 16 20 33 41 36 36 31 27 21 30 45 72 127 173 195 200 176 132 77 31 4 5 
31 30 26 22 19 15 19 31 31 23 23 12 7 7 13 22 6 15 24 35 35 34 29 22 20 17 14 8 17 24 27 34 39 19 45 42 22 20 15 27 27 19 21 21 20 17 8 16 20 26 38 63 82 114 164 195 198 182 139 81 29 5 23 33 
22 10 7 18 27 24 21 13 7 16 31 23 10 8 12 33 13 27 23 29 34 21 19 21 23 14 12 8 17 24 24 27 32 17 39 48 36 25 14 21 21 14 22 25 24 20 13 16 29 48 74 107 135 171 202 205 180 134 76 27 9 21 28 27 
7 10 26 33 32 28 31 35 29 22 24 18 22 29 23 27 7 29 18 16 28 10 6 13 22 16 15 17 17 24 32 26 26 18 29 42 39 28 16 24 22 17 29 24 20 22 24 14 26 59 101 147 173 197 201 174 132 78 31 12 24 30 29 22 
12 13 30 23 17 10 9 16 7 14 25 19 17 14 21 21 4 36 17 15 29 9 9 14 14 24 40 51 53 26 21 30 43 42 36 42 42 33 22 31 29 18 30 21 23 22 16 21 49 92 140 176 181 182 160 117 81 36 17 26 33 36 31 25 
3 12 33 22 18 13 5 12 3 21 28 31 36 32 28 27 28 33 10 10 27 30 33 32 22 24 44 43 54 35 11 15 21 30 28 32 39 35 18 24 34 32 38 29 21 22 14 47 88 137 177 191 177 157 117 76 49 15 24 31 37 32 25 23 
16 15 29 25 12 17 13 20 21 26 29 26 28 29 31 33 27 13 18 17 25 34 33 37 35 44 57 35 39 29 21 13 5 6 13 20 34 30 8 10 18 21 31 27 13 15 39 87 131 172 198 195 165 125 77 44 20 18 20 24 32 18 18 20 
13 16 26 33 23 11 13 11 15 19 21 18 17 18 12 14 18 15 21 11 6 18 18 31 30 43 59 33 33 27 25 23 21 16 11 15 27 22 9 17 18 18 25 27 27 50 91 139 170 194 198 169 123 70 30 15 12 18 11 18 31 8 8 11 
9 10 14 22 21 26 24 11 9 8 15 9 15 16 7 11 13 22 19 11 22 32 24 30 25 39 60 30 30 31 33 30 20 21 15 15 25 20 17 15 11 17 24 33 52 93 138 176 195 200 173 119 69 24 9 13 10 18 25 27 39 30 34 39 
13 14 20 36 42 42 40 32 27 7 15 18 17 13 11 12 22 30 16 15 26 25 15 22 20 39 67 55 51 47 35 18 10 28 31 21 29 18 19 14 8 20 30 50 91 140 172 191 191 174 132 78 37 9 12 24 15 21 35 38 52 56 61 67 
18 17 15 28 33 15 10 20 29 18 9 23 26 21 18 12 29 31 7 14 26 24 28 24 12 18 54 66 63 54 33 12 9 28 27 16 26 15 16 15 17 36 60 95 143 184 193 184 161 129 87 49 25 19 18 33 30 21 25 7 23 34 33 37 
33 32 27 24 29 18 7 25 28 19 7 18 31 36 40 35 30 22 11 15 22 15 13 14 19 18 20 31 35 29 22 11 12 31 24 17 20 13 16 20 35 72 111 150 186 205 194 164 125 90 50 23 23 30 24 32 34 28 32 18 9 14 14 16 
33 32 28 21 18 13 12 27 19 12 10 4 7 14 20 21 10 8 8 11 17 10 8 13 26 31 20 31 36 27 33 16 12 28 22 16 21 24 30 47 78 121 162 192 205 199 171 128 81 54 27 27 32 35 27 27 36 26 27 24 10 11 11 12 
15 9 3 14 26 34 28 27 16 17 19 18 11 12 8 12 8 6 4 4 16 15 16 21 35 38 25 34 36 34 48 36 33 25 12 5 9 20 48 78 120 165 198 214 203 176 136 91 46 29 10 23 34 39 26 21 35 27 30 31 33 43 47 48 
7 15 23 29 32 32 30 23 22 26 21 28 23 17 10 16 14 14 16 19 21 18 12 6 30 39 36 40 42 47 56 41 27 17 9 9 10 32 75 112 159 201 220 213 177 133 93 60 29 16 4 21 27 40 24 20 26 15 28 31 39 48 49 51 
13 18 18 18 20 7 12 12 19 24 22 22 7 11 10 18 13 23 21 16 24 26 26 18 13 27 39 49 48 47 54 40 24 17 20 30 48 73 118 154 189 214 210 183 129 82 54 36 17 9 9 23 23 37 34 36 32 20 14 15 22 23 15 18 
18 20 19 16 11 15 9 10 18 8 9 17 22 26 21 20 14 34 26 11 12 16 21 24 12 7 23 33 42 47 53 44 31 29 38 55 80 110 154 180 186 181 157 116 64 38 28 21 13 14 16 23 21 22 20 32 30 30 24 19 26 24 17 13 
20 17 19 15 4 21 9 14 12 1 5 4 8 14 9 16 21 39 28 15 7 11 15 15 5 10 18 24 33 41 45 37 20 13 29 52 86 125 165 177 163 139 109 66 25 20 21 24 19 33 37 39 36 30 27 23 10 21 14 18 32 21 18 17 
17 12 16 17 18 31 15 12 10 6 11 12 14 20 20 23 22 33 30 25 21 19 14 14 8 15 19 20 30 36 36 29 27 21 41 75 124 159 170 167 139 98 70 40 16 23 24 26 27 36 29 16 14 18 34 25 8 15 6 16 32 21 19 10 
15 10 16 30 36 48 48 40 34 25 14 7 10 14 24 32 31 25 18 17 16 20 4 11 17 26 29 18 27 31 27 17 21 44 77 126 180 192 173 152 103 48 39 29 18 19 19 12 22 26 22 13 8 25 36 21 13 10 2 12 21 27 40 42 
14 4 5 25 25 20 27 26 28 23 21 12 12 23 33 38 43 32 23 18 8 24 17 12 16 15 27 9 20 37 39 36 44 80 120 164 199 191 155 115 58 20 22 29 16 18 19 4 26 28 27 23 15 30 33 23 22 15 9 12 12 20 27 36 
15 11 8 24 27 14 11 15 21 21 29 29 28 33 32 30 38 35 28 25 15 23 32 33 37 27 28 14 22 37 37 45 70 122 165 188 202 183 120 66 35 28 16 21 19 13 11 14 34 29 20 14 12 31 25 14 16 13 12 8 10 21 19 26 
12 10 4 23 19 13 15 23 27 25 33 32 14 13 9 15 35 36 29 26 22 15 12 15 29 22 16 11 23 41 51 75 118 171 194 192 189 156 73 30 24 26 18 22 25 15 16 19 35 27 28 31 36 50 36 24 19 9 11 14 17 23 15 22 
11 13 15 27 30 30 18 16 24 27 38 43 21 17 10 11 36 38 30 26 29 20 17 16 18 19 12 21 47 72 95 132 174 207 203 177 154 113 34 16 18 22 12 22 27 23 26 26 41 28 18 15 21 33 9 17 22 19 8 12 22 31 18 25 
15 14 12 23 38 48 44 41 34 33 41 48 26 15 9 14 37 38 33 28 35 23 14 18 25 28 26 46 78 102 130 168 196 213 196 152 114 74 10 25 24 20 9 25 27 12 11 9 31 29 19 20 26 30 15 12 24 28 3 15 20 32 16 10 
12 9 7 19 21 31 20 21 27 36 46 48 24 11 5 15 39 37 34 26 32 22 12 21 27 25 27 56 88 106 137 168 181 186 157 105 74 44 24 26 15 11 5 30 27 10 6 5 23 30 19 25 34 33 24 22 30 39 15 16 12 24 20 14 
12 9 9 26 18 33 16 20 36 46 52 49 23 16 16 24 44 35 33 23 28 13 11 25 31 20 27 69 102 121 151 169 163 147 100 47 28 17 42 24 13 13 13 37 29 17 18 18 25 32 21 27 39 37 26 23 21 39 13 16 12 20 20 5 
16 12 12 26 19 36 20 24 40 49 51 47 20 19 30 36 51 37 34 20 27 5 5 26 34 20 32 80 113 132 157 160 136 108 62 19 13 20 44 19 15 16 18 45 37 23 17 17 26 35 28 33 46 43 33 30 17 38 4 15 20 20 27 6 

28 24 12 23 31 31 28 17 29 23 41 30 31 30 18 19 23 28 37 27 30 20 33 38 36 45 32 57 46 33 52 43 44 36 47 41 48 37 44 73 55 40 42 26 36 31 40 47 27 24 17 19 21 22 24 30 37 45 24 12 31 26 29 34 
27 24 9 17 25 22 19 18 27 16 32 19 22 24 15 19 24 26 30 17 18 13 28 31 28 38 27 48 40 39 57 50 49 39 46 48 46 35 34 52 39 29 33 21 38 29 30 37 23 25 26 27 27 30 30 33 36 36 24 11 21 12 17 24 
27 26 11 15 24 7 14 21 27 18 21 12 19 23 19 24 25 19 22 11 11 14 24 20 15 30 21 40 26 23 42 30 34 30 34 36 32 26 23 32 26 14 21 19 31 28 22 24 26 30 32 34 32 33 26 21 24 25 21 11 20 9 13 20 
24 24 10 9 24 10 16 28 32 24 13 15 20 23 17 19 15 13 21 15 16 17 21 11 1 21 24 39 21 16 30 21 39 37 46 58 53 45 41 26 13 15 24 30 26 26 15 11 14 13 17 15 15 25 28 30 35 28 28 6 14 20 29 39 
35 29 20 14 20 19 11 23 26 21 24 24 15 25 19 15 12 12 20 15 18 20 18 9 12 15 21 23 9 14 29 34 38 30 38 37 31 21 21 24 28 32 25 20 14 13 12 14 10 14 15 11 5 9 15 19 24 14 31 14 8 17 22 31 
44 31 25 18 12 17 12 16 17 9 29 33 9 18 13 9 21 10 15 12 13 15 14 14 18 14 17 9 10 12 18 19 13 11 27 19 30 16 13 31 27 31 26 15 14 19 19 20 16 18 9 5 10 14 12 9 9 12 29 17 15 23 24 21 
41 33 30 25 18 11 9 18 17 12 27 31 19 24 21 18 25 6 6 4 3 11 12 19 23 20 24 23 26 30 29 25 18 8 22 24 33 23 12 21 18 27 21 9 11 7 8 12 8 15 15 9 17 20 16 11 6 12 24 15 14 17 14 6 
39 39 40 33 25 16 14 23 23 20 24 24 20 20 17 10 19 11 15 16 14 10 8 12 13 13 19 19 26 36 39 38 31 14 6 18 29 23 19 13 14 21 20 10 14 9 18 31 32 34 33 25 30 29 26 24 17 13 22 21 22 22 23 27 
27 22 31 25 18 29 36 41 34 21 12 22 34 25 23 9 25 33 30 24 18 11 5 5 11 21 15 12 28 45 49 46 33 19 15 24 32 29 31 14 10 12 15 16 20 18 29 40 30 28 30 28 42 38 31 28 26 24 30 30 29 20 13 15 
39 26 26 26 23 37 45 39 28 27 23 38 44 36 35 8 16 32 24 20 22 17 16 14 12 27 12 13 26 43 43 40 31 21 24 15 20 21 27 16 6 7 17 24 21 19 35 42 36 30 25 38 44 41 35 25 26 29 35 31 33 26 22 30 
53 38 31 27 21 36 44 36 35 31 21 27 16 32 35 20 17 18 13 15 20 14 11 6 9 26 12 16 23 38 32 32 26 19 29 13 14 20 15 22 1 7 22 11 12 26 35 38 36 33 30 41 34 33 30 10 23 24 29 21 21 15 10 9 
46 34 24 21 20 32 39 31 35 30 16 15 7 33 33 27 21 13 9 12 25 16 13 14 16 27 24 34 39 37 23 23 22 23 36 20 12 27 8 29 6 8 25 14 16 25 27 30 32 29 24 37 30 34 33 11 25 24 25 15 12 9 7 4 
58 53 39 32 29 25 32 28 41 38 23 20 20 37 32 32 22 9 14 13 38 27 23 21 21 28 30 45 43 32 19 12 11 16 32 18 16 32 6 29 4 9 26 17 16 24 18 15 20 23 16 30 22 27 30 20 32 37 34 22 15 12 15 16 
56 59 45 32 27 18 24 29 41 31 11 9 22 36 27 34 27 17 23 20 39 29 18 17 16 22 27 41 33 25 23 20 6 14 26 11 7 29 4 27 4 12 21 19 37 41 25 11 7 16 22 29 21 19 18 14 37 43 34 22 24 21 19 9 
28 35 22 18 27 21 21 21 33 34 26 21 29 29 23 34 25 15 21 20 41 38 29 34 35 37 35 35 21 12 6 24 13 4 22 10 17 21 5 22 8 15 19 35 44 37 24 18 10 15 18 21 16 15 17 13 37 39 19 10 21 26 26 14 
19 28 24 20 27 28 32 35 41 42 34 24 25 18 15 30 20 17 18 18 39 36 29 31 29 32 26 15 8 11 9 14 18 16 24 20 18 16 12 12 11 17 21 23 19 14 12 24 15 19 21 19 13 19 24 24 42 39 18 15 21 26 28 20 
9 22 27 18 19 24 30 31 35 37 33 25 25 18 8 22 16 15 14 15 32 31 24 24 14 14 10 7 12 15 15 5 14 21 29 31 25 18 9 9 15 19 26 19 12 14 8 24 13 11 16 18 11 9 9 16 37 30 12 12 17 21 23 19 
28 24 36 29 19 17 26 30 33 36 33 25 22 16 15 22 19 20 8 10 26 28 20 22 23 21 20 19 22 22 26 11 8 25 34 43 34 21 12 10 19 20 33 24 17 23 22 30 22 11 21 19 17 18 18 24 34 25 17 19 21 25 27 28 
33 33 49 41 31 22 23 29 27 31 29 24 20 14 11 22 23 31 30 24 29 32 21 24 23 16 18 15 20 27 38 32 17 21 30 47 46 34 24 18 20 18 36 27 27 36 35 41 37 27 27 24 24 22 21 28 30 12 13 17 18 24 33 45 
34 31 39 24 15 14 20 30 22 20 17 17 15 14 10 22 19 26 27 25 31 39 30 36 34 27 24 24 15 18 26 36 33 21 26 39 42 34 18 13 18 19 38 37 37 45 43 46 49 46 46 37 32 27 25 29 23 6 10 17 19 17 14 14 
37 29 29 19 15 9 17 33 27 24 12 3 15 21 15 27 17 20 19 12 21 34 24 34 34 35 26 27 10 16 21 38 48 26 26 39 45 41 25 15 9 6 23 25 27 41 43 43 45 42 44 35 28 23 26 31 30 36 35 37 39 32 27 30 
28 23 20 12 22 9 7 24 17 15 15 13 13 21 14 26 9 15 16 15 22 34 22 31 30 32 23 27 15 19 18 35 54 38 32 39 49 55 41 35 27 18 8 12 21 30 27 29 28 32 31 22 27 25 15 15 16 25 24 24 18 14 6 11 
33 31 9 11 30 24 24 26 18 15 14 17 13 18 15 25 6 14 16 16 20 34 29 28 28 30 25 28 21 24 9 25 43 30 31 37 51 65 50 44 35 26 10 14 25 26 24 24 19 17 20 30 38 44 35 25 20 21 15 14 16 19 17 26 
17 25 21 25 29 20 16 21 19 16 14 15 6 13 18 21 14 27 31 33 31 26 11 21 26 27 27 24 19 27 23 30 32 20 28 38 52 63 49 43 35 34 19 12 22 28 36 38 35 23 6 27 25 36 27 17 11 12 11 10 7 9 18 32 
26 30 31 32 23 14 10 17 21 22 20 20 14 23 30 31 43 46 44 48 43 33 25 24 12 14 21 18 15 22 21 23 15 16 26 36 49 57 49 39 31 39 21 10 17 10 10 26 28 24 25 35 13 31 25 16 14 10 3 8 10 10 15 22 
30 35 37 37 28 22 14 16 22 20 16 17 19 28 32 29 39 36 33 34 27 21 22 30 13 8 12 17 23 26 27 20 8 12 25 32 42 47 44 31 22 33 13 19 20 19 23 30 27 23 22 33 11 31 24 19 21 18 28 32 34 43 54 65 
45 46 46 41 33 30 22 16 21 18 14 9 19 20 24 18 32 32 29 29 27 24 29 34 15 14 17 28 36 36 39 31 31 12 9 22 27 32 34 26 18 22 11 15 8 5 13 20 21 16 13 24 12 28 26 20 16 14 32 28 36 57 67 76 
54 53 45 32 25 22 24 22 18 14 14 12 24 20 26 28 35 31 24 19 15 17 36 42 26 22 19 22 32 16 19 20 35 27 13 15 27 32 29 27 21 21 19 19 10 11 21 16 15 12 9 21 19 18 19 16 21 17 33 24 49 79 87 95 
27 34 33 23 10 8 12 13 6 6 8 12 24 16 17 17 21 15 11 10 6 4 23 36 22 18 21 12 35 10 13 17 26 29 16 20 24 13 8 20 28 33 32 30 23 20 21 6 10 15 14 19 12 6 13 14 11 28 50 58 97 125 135 149 
33 36 30 14 9 18 20 15 9 13 10 9 21 15 22 27 34 40 37 31 26 21 20 25 13 12 17 17 34 17 24 21 25 33 18 22 16 10 11 24 34 37 39 34 26 16 20 20 18 17 11 16 7 5 17 17 19 48 72 96 141 163 170 184 
20 22 19 10 16 27 24 14 13 18 13 9 8 20 32 37 50 56 51 41 32 21 16 17 13 12 11 9 26 16 27 25 27 32 24 27 12 18 15 29 34 14 22 31 37 22 15 9 3 8 4 14 5 8 20 6 18 72 101 136 180 187 187 194 
26 20 16 13 24 32 20 20 20 22 19 8 10 14 24 24 28 31 32 29 31 20 12 15 14 18 18 19 28 18 18 19 21 25 20 20 6 20 16 35 34 8 22 32 41 36 32 30 30 31 27 27 20 11 21 16 51 111 138 176 207 197 194 198 
14 18 25 26 27 26 14 24 26 26 26 17 19 12 19 24 16 26 24 21 32 19 14 20 21 24 20 19 27 19 5 8 11 18 14 13 13 21 19 36 35 7 24 37 40 38 32 25 25 31 25 24 26 20 37 56 97 152 174 196 205 178 166 162 
24 19 32 28 15 18 14 18 25 26 26 23 24 13 13 27 15 32 20 15 29 22 19 17 10 15 17 26 26 27 16 7 16 15 8 9 13 18 28 42 43 21 20 33 36 39 38 28 29 25 22 15 9 15 57 93 135 185 200 200 184 144 118 103 
23 15 20 22 25 30 33 30 31 28 22 22 26 16 8 21 24 34 20 15 25 22 16 12 15 21 6 23 18 27 34 21 36 34 32 27 22 15 20 32 37 31 27 26 28 40 39 30 24 18 19 8 11 39 94 141 180 215 215 192 153 103 65 42 
14 7 6 20 30 36 39 29 26 23 21 22 25 20 14 24 36 42 34 30 21 17 13 12 7 18 8 22 15 22 37 33 48 38 34 22 8 17 19 22 22 13 23 27 30 39 27 23 22 19 12 16 50 93 148 191 214 220 195 152 101 52 16 5 
13 13 18 25 33 35 35 29 18 11 22 22 23 23 27 38 35 25 20 27 27 35 31 29 26 21 15 24 16 22 31 33 45 27 33 30 18 23 17 21 21 12 14 14 24 38 28 25 21 9 16 50 88 127 177 209 214 199 160 108 55 16 11 22 
27 26 22 22 22 22 23 29 32 28 31 22 17 17 19 29 23 31 35 37 34 32 27 22 22 17 14 17 9 17 13 19 34 18 36 41 22 15 6 23 22 15 20 16 14 21 6 5 18 35 59 92 124 157 193 208 194 165 119 68 26 9 22 30 
26 15 1 15 26 28 21 9 11 21 36 27 19 15 6 27 20 37 26 27 30 20 20 16 20 12 10 15 11 19 13 20 33 21 35 46 34 21 8 21 20 15 18 12 11 14 7 15 42 77 109 145 174 198 209 197 161 112 62 27 19 24 25 24 
15 5 13 22 26 27 29 34 32 20 21 16 21 29 22 24 15 36 19 21 30 14 11 6 15 9 6 17 13 22 26 18 23 14 30 45 39 24 12 23 23 19 20 8 13 16 17 33 65 109 152 188 202 207 195 159 113 64 27 22 26 27 21 14 
14 9 21 22 16 7 6 14 18 18 23 13 6 15 19 18 17 35 10 12 28 9 12 11 9 18 32 43 42 22 18 22 35 36 36 44 36 23 11 29 31 23 20 8 20 14 13 63 104 153 194 207 189 172 139 95 64 30 19 27 31 31 24 24 
10 16 32 32 27 22 9 15 16 25 32 27 22 26 24 24 31 27 9 12 27 32 34 28 26 32 51 57 53 33 11 6 16 24 23 31 30 21 7 24 35 31 27 14 13 11 39 102 148 194 220 209 170 135 95 60 39 17 22 31 36 28 22 28 
16 15 24 24 13 23 15 20 26 32 39 32 24 30 29 29 22 2 27 25 33 40 31 28 32 49 69 65 50 27 9 12 13 7 5 21 26 18 12 21 30 29 25 17 12 37 84 149 189 217 223 195 146 101 62 37 20 21 21 27 34 15 10 17 
6 10 20 31 27 21 9 8 25 33 36 30 26 27 16 17 16 17 26 5 7 24 11 18 18 38 65 60 48 26 12 21 25 18 9 14 19 18 19 21 21 20 21 30 43 83 140 192 211 216 199 153 98 52 26 18 18 21 13 21 34 9 12 18 
6 9 14 21 24 26 21 15 17 16 21 17 19 15 6 10 14 22 20 4 16 30 16 20 10 30 63 56 47 29 23 30 29 23 12 11 19 22 26 19 13 18 26 46 78 129 177 207 210 198 160 103 56 23 15 17 13 18 20 26 41 30 37 41 
6 10 19 35 41 40 42 35 28 13 19 19 10 7 9 10 21 27 13 11 24 24 16 18 4 24 61 59 51 39 26 19 5 17 27 16 21 22 26 22 19 31 45 79 125 174 198 203 188 158 114 68 36 20 20 25 16 22 30 37 51 53 61 68 
12 11 21 34 32 15 11 22 31 21 10 19 17 16 21 15 31 29 9 12 19 19 26 23 17 11 41 54 48 39 24 10 1 20 26 3 15 17 19 17 26 55 86 131 177 205 202 182 145 105 66 38 23 21 26 30 24 18 17 16 30 36 41 50 
22 24 30 34 32 18 7 24 31 18 5 14 23 30 37 31 30 19 4 12 14 15 18 20 25 27 12 24 17 15 19 12 7 24 22 10 17 20 24 29 58 104 148 185 208 208 180 141 96 60 28 16 17 21 25 31 30 25 26 17 20 24 30 39 
39 37 36 32 25 18 17 32 29 10 1 6 11 16 24 22 11 9 13 17 17 10 16 22 30 35 23 28 26 21 35 28 25 30 23 15 17 20 39 69 114 167 205 219 212 185 140 95 54 31 12 22 20 21 26 30 32 21 19 19 17 15 16 20 
24 18 14 18 29 36 34 38 23 6 8 13 8 12 15 18 4 7 8 11 16 8 20 27 37 40 33 38 35 36 52 46 47 40 27 21 22 35 75 116 164 210 233 225 196 152 104 67 35 18 8 24 26 26 23 27 33 23 24 27 33 40 45 46 
8 3 15 28 38 39 36 30 16 15 11 23 18 14 12 18 7 12 16 19 21 14 24 22 33 38 45 51 49 54 61 43 32 26 24 24 30 57 114 155 195 226 232 204 154 104 65 41 18 8 16 33 34 33 13 21 24 12 23 28 34 38 39 39 
5 8 13 21 27 18 15 11 12 14 12 20 8 13 14 22 13 20 21 20 22 19 30 29 19 27 48 57 53 52 52 33 23 21 24 41 66 100 159 191 208 217 202 156 99 57 32 21 10 10 24 37 36 38 28 33 25 16 9 10 17 12 4 7 
5 14 17 16 18 18 5 5 12 7 5 15 19 24 24 24 15 29 31 32 27 9 23 27 19 20 37 38 39 42 41 25 19 24 43 72 108 144 191 204 189 171 141 88 40 24 20 20 7 15 26 33 32 32 27 35 23 21 17 13 18 9 4 7 
14 20 28 20 13 22 7 16 14 7 5 8 13 16 15 16 15 34 35 35 30 16 21 15 11 27 30 26 24 29 25 15 8 18 50 88 130 163 193 187 150 114 86 42 11 22 28 30 12 29 39 38 36 31 33 32 17 19 12 19 27 11 13 18 
19 23 30 18 9 27 13 19 17 10 12 11 11 14 15 19 19 32 33 32 30 22 22 17 13 30 24 13 14 18 19 24 25 37 79 125 169 185 182 161 111 65 49 19 17 30 34 35 26 32 34 23 16 15 36 29 16 21 18 24 28 12 17 13 
17 17 21 14 22 40 43 43 35 24 14 7 6 8 18 29 31 27 26 24 26 24 21 21 21 34 31 20 20 19 12 9 38 86 136 182 216 202 165 129 70 21 32 20 21 25 31 24 15 17 24 21 11 18 32 19 22 23 21 23 19 19 30 30 
23 19 19 11 23 31 42 44 36 26 18 5 7 15 23 33 41 30 24 19 19 31 27 26 27 27 24 4 10 31 42 53 90 144 185 213 222 184 132 87 35 13 21 21 16 29 32 18 15 16 22 21 9 16 22 17 26 28 27 23 15 17 21 27 
27 24 20 13 23 27 34 35 30 23 24 27 31 35 37 36 43 32 21 19 17 27 35 37 44 37 30 14 24 45 52 75 130 189 217 220 208 158 88 43 25 27 17 21 19 21 20 18 25 18 16 20 22 29 19 13 21 24 26 23 20 23 19 24 
28 21 10 18 20 28 36 37 33 24 26 28 17 21 25 27 43 34 22 20 22 13 11 14 27 22 17 9 30 58 73 112 171 219 223 204 178 123 45 16 18 25 15 28 24 20 21 22 27 12 19 26 34 42 30 25 22 17 21 21 21 21 16 24 
24 18 9 20 16 25 27 24 29 23 29 34 10 10 12 21 44 35 22 21 27 15 14 14 9 12 14 25 63 103 130 168 210 228 207 170 135 83 15 9 12 18 6 29 25 26 30 32 38 20 13 15 26 30 18 25 27 21 12 14 26 27 18 28 
31 24 15 20 28 37 40 38 36 27 30 33 11 12 18 24 42 32 20 21 29 12 5 13 14 25 37 62 110 145 166 196 213 207 175 130 89 50 8 18 15 13 6 29 27 12 6 14 25 16 8 16 27 26 15 21 32 34 15 15 23 28 20 16 
30 23 15 18 21 18 16 19 17 15 24 26 9 15 19 27 41 26 21 19 24 13 8 20 17 15 33 71 123 144 159 183 179 159 125 83 49 21 19 18 7 3 7 29 28 11 4 11 19 20 5 22 31 29 24 25 34 42 21 12 15 22 26 22 
23 19 15 22 25 20 9 10 7 15 26 27 23 29 29 33 41 19 24 18 18 12 17 29 24 16 35 88 140 154 164 176 149 109 72 34 12 5 27 15 9 8 13 31 30 18 17 20 24 27 7 20 32 30 26 26 30 44 19 6 6 19 27 21 
29 25 21 26 28 21 10 8 7 15 22 22 24 31 34 37 40 17 27 12 16 14 14 33 28 24 46 106 153 161 164 162 118 72 44 15 12 12 27 20 17 17 18 34 39 25 15 18 22 31 16 18 34 32 32 32 28 46 18 4 5 17 32 20 

30 24 18 18 27 27 25 14 22 13 30 7 19 30 8 10 17 27 37 23 31 30 48 43 34 34 18 55 43 43 68 59 58 44 54 46 51 37 43 69 39 11 22 28 51 31 17 40 39 45 42 24 22 28 14 17 24 34 21 37 48 32 25 26 
33 27 18 15 23 19 24 19 27 10 24 6 18 30 15 20 27 32 34 22 25 23 42 36 26 29 13 45 33 38 64 57 56 44 51 48 43 28 25 50 33 22 30 31 50 26 11 32 35 41 38 30 29 35 23 24 24 27 19 30 35 25 21 23 
38 33 24 20 25 14 21 21 27 14 18 3 14 28 20 29 32 29 29 18 17 17 32 24 18 27 9 36 17 15 45 30 35 26 30 29 25 19 14 31 23 15 25 26 39 24 4 19 30 32 30 31 33 39 29 25 29 35 31 27 24 10 13 27 
43 36 26 19 25 13 16 23 27 19 7 12 16 26 15 23 18 18 22 13 10 12 24 12 12 29 23 39 18 15 33 15 36 31 38 49 43 34 25 16 26 38 42 38 31 26 8 9 21 19 17 12 18 28 27 31 37 35 33 23 16 23 31 42 
47 36 28 22 19 20 10 19 22 19 18 25 15 28 21 21 9 7 16 11 13 12 15 9 15 27 30 27 6 6 19 29 37 29 35 36 34 29 31 30 36 42 38 34 21 15 9 12 17 15 15 8 16 21 22 21 21 8 28 25 16 17 16 22 
48 35 29 25 11 18 10 16 14 8 24 36 9 18 16 12 20 8 15 15 16 11 5 9 9 10 13 9 11 19 19 20 20 21 27 16 26 18 29 36 27 29 29 27 21 22 20 18 19 14 7 9 16 24 24 19 16 6 25 22 12 16 22 25 
54 40 32 27 11 10 16 24 18 12 26 31 12 16 15 13 27 7 7 1 4 6 6 12 12 14 20 21 27 37 40 39 36 32 32 20 20 8 13 33 27 27 26 22 20 10 7 11 13 11 9 15 21 28 26 20 16 11 26 25 13 13 9 6 
44 41 40 35 29 22 19 24 21 20 29 22 9 11 11 11 24 7 9 4 6 5 6 9 10 14 27 26 28 35 40 41 41 32 21 12 14 6 3 25 27 25 26 23 25 15 0 20 26 27 22 17 23 31 30 26 21 22 34 35 22 19 11 18 
18 18 29 26 17 20 23 25 20 15 16 14 25 16 15 9 22 18 17 11 6 4 7 4 9 19 20 10 19 39 47 47 45 31 15 19 21 18 15 15 23 23 26 27 31 24 12 29 29 34 30 15 28 31 30 31 33 37 43 35 17 17 22 36 
21 15 24 22 12 23 31 20 6 16 22 35 39 29 27 8 20 34 31 25 24 19 18 13 10 22 16 11 24 45 47 43 45 27 13 7 4 18 25 12 12 16 23 32 30 13 14 28 32 37 30 26 36 33 35 36 40 45 45 31 20 25 36 46 
44 32 30 22 9 24 31 15 18 23 27 33 21 27 31 20 15 20 16 17 20 20 16 11 12 17 12 6 27 49 44 39 44 26 21 7 5 19 28 21 5 6 15 19 13 11 18 23 26 33 28 29 30 29 30 26 35 39 38 26 18 26 33 35 
50 37 30 22 13 20 27 9 21 27 30 29 18 30 33 28 22 21 14 9 15 17 16 11 9 13 14 20 38 47 36 34 40 25 32 14 8 19 16 22 8 11 18 16 12 12 15 15 18 22 19 28 30 29 25 17 27 31 24 10 5 22 30 31 
54 49 37 31 29 16 21 5 29 31 26 21 24 38 33 28 23 22 18 13 25 24 26 24 24 25 27 42 52 48 37 28 24 10 27 16 21 24 6 25 15 16 18 14 10 18 18 9 13 17 6 23 24 27 26 20 25 35 26 18 14 22 28 24 
50 54 41 30 29 9 13 19 36 25 12 10 28 44 30 22 19 15 11 9 26 23 12 15 18 24 29 45 45 40 34 21 5 8 21 12 18 26 2 28 17 15 11 14 29 37 27 15 11 13 10 26 23 19 19 15 28 41 31 26 19 24 27 13 
28 37 25 19 31 17 3 8 28 24 20 18 31 41 25 19 15 14 18 17 28 29 22 26 29 29 27 32 17 14 18 20 12 12 22 23 27 24 10 27 15 11 18 34 41 37 25 15 7 13 15 27 23 17 21 17 30 42 30 26 17 26 31 17 
15 30 27 27 39 28 16 22 36 37 35 28 30 34 24 18 15 22 27 26 31 29 25 28 23 23 15 16 7 14 19 19 24 14 17 23 19 18 21 20 10 10 22 25 16 15 14 15 5 13 13 24 15 13 21 21 37 45 35 32 24 30 35 25 
5 21 28 26 35 29 13 19 31 33 32 27 31 35 27 18 7 15 18 18 21 22 14 19 9 10 7 8 6 2 14 14 27 21 24 29 18 18 12 8 7 7 22 20 8 16 20 23 14 18 21 27 18 14 13 8 38 41 30 30 27 38 46 44 
27 21 35 34 29 22 7 17 27 29 24 23 30 34 32 21 5 16 18 20 21 22 8 14 20 16 15 16 20 20 17 7 24 28 36 42 27 24 19 19 21 10 23 19 4 18 27 32 28 30 32 26 18 16 12 11 35 33 29 36 38 45 45 41 
39 38 53 47 37 21 5 18 24 31 28 30 36 33 31 19 14 26 27 20 16 21 13 17 20 12 15 18 27 34 36 25 14 30 45 53 42 31 24 21 24 16 24 21 21 30 34 39 35 32 34 29 20 14 7 19 30 22 27 32 31 34 42 56 
36 33 39 25 18 12 10 21 16 17 15 24 31 32 32 16 11 28 31 31 30 31 23 27 28 24 24 24 20 22 27 27 22 34 50 54 48 37 30 27 29 26 32 35 36 35 35 36 38 39 40 28 21 18 20 30 28 18 21 26 25 22 24 32 
34 28 28 21 16 11 13 28 27 26 17 16 23 31 32 20 14 26 26 21 13 23 7 21 20 31 29 29 16 15 21 30 36 37 51 54 52 44 38 36 32 26 12 9 5 22 30 31 39 38 42 33 25 13 20 31 23 28 30 32 29 23 17 17 
25 23 21 15 19 12 8 22 21 17 17 23 16 24 25 20 9 22 23 21 17 23 8 22 12 28 31 35 22 21 27 34 45 38 48 50 51 48 39 42 43 44 30 24 20 25 24 23 30 29 31 25 25 20 12 20 18 27 24 20 10 17 17 21 
26 22 4 22 34 31 30 34 28 21 18 21 9 16 20 20 9 20 20 24 20 24 19 19 14 27 33 38 28 22 17 28 42 31 37 38 42 45 23 29 30 40 31 28 21 13 15 15 20 22 30 31 34 35 24 21 14 19 14 15 22 27 24 28 
15 22 26 29 29 24 18 21 14 12 15 20 11 13 17 16 16 28 26 28 26 22 6 14 10 19 25 26 25 24 19 27 33 17 23 28 33 38 11 21 23 43 41 36 30 20 25 25 21 7 9 27 30 36 21 18 13 17 14 12 8 11 18 29 
29 31 33 30 18 11 5 10 5 12 17 22 18 20 24 26 39 44 37 42 40 31 23 22 9 3 15 12 19 21 22 30 22 8 14 22 26 28 12 17 21 47 47 46 45 35 23 25 20 17 12 24 9 32 13 10 10 14 6 7 6 9 15 25 
29 31 32 30 18 13 12 17 12 10 6 10 12 17 20 16 34 31 23 26 21 18 22 21 5 9 16 18 25 28 31 29 18 11 5 19 22 21 20 24 27 44 37 41 39 33 26 29 21 17 13 26 7 37 11 14 12 15 27 33 39 53 70 81 
37 36 30 24 23 23 21 22 16 12 7 4 22 18 23 18 34 28 18 19 21 27 33 25 7 12 19 27 36 41 45 33 30 22 10 15 12 29 40 37 31 30 15 25 30 23 17 22 16 14 7 18 9 35 13 24 18 20 38 39 52 82 100 110 
41 35 22 18 25 25 27 32 23 17 18 17 30 23 30 30 36 27 16 21 24 29 40 35 24 20 19 20 33 24 24 15 29 25 19 13 23 35 35 29 20 17 9 15 11 11 23 21 10 12 8 15 10 23 8 15 11 6 42 46 76 113 126 132 
18 19 23 21 13 7 9 21 9 7 9 12 26 20 22 21 27 18 15 24 27 26 31 31 17 14 20 13 38 21 15 8 19 27 21 21 29 28 26 25 27 31 25 21 12 15 21 15 11 18 16 17 12 12 5 1 7 29 67 87 128 158 166 174 
31 33 28 20 12 11 18 24 16 15 16 16 24 21 23 22 29 29 26 28 31 29 28 26 10 3 18 20 43 25 21 10 9 30 22 23 32 32 29 32 39 44 40 23 6 10 21 23 19 18 14 18 16 11 7 15 31 67 104 133 171 187 186 192 
13 20 18 15 13 22 25 21 18 18 21 21 16 15 21 27 42 51 49 46 43 35 26 20 11 5 14 20 40 25 20 10 8 26 25 25 28 34 30 33 35 22 24 18 20 8 9 11 10 14 11 14 15 16 23 30 62 111 145 175 201 194 181 178 
24 22 17 21 29 33 27 23 22 22 27 23 16 12 18 22 30 32 27 35 44 37 25 14 7 8 15 19 37 30 25 17 14 21 19 19 24 32 28 38 36 20 22 3 17 13 14 18 18 21 19 20 20 28 44 60 105 156 178 197 203 175 154 146 
21 22 28 35 31 24 17 19 23 25 32 28 20 10 14 23 17 20 8 22 40 35 24 19 20 22 14 14 29 23 22 18 14 15 11 11 25 31 26 36 32 20 20 9 11 11 14 19 17 20 14 18 27 44 77 107 151 192 199 194 177 138 110 95 
18 21 38 39 24 17 16 15 22 26 28 27 19 6 8 23 15 23 7 15 30 29 20 10 9 17 12 18 21 23 24 17 12 9 6 3 18 26 30 39 37 25 20 18 16 21 27 26 27 20 17 19 30 58 110 144 180 210 203 179 148 105 70 52 
28 22 34 34 29 27 29 30 32 31 27 25 23 12 6 15 6 19 11 16 26 25 14 8 15 21 14 18 18 32 44 33 30 33 32 25 18 15 27 33 31 28 23 27 26 33 37 31 25 16 12 24 50 90 148 184 205 218 194 152 108 62 24 9 
15 9 23 38 44 42 38 29 24 22 21 19 21 13 6 14 28 36 33 30 24 20 8 10 13 20 15 17 12 27 46 42 35 36 36 22 6 18 33 31 17 6 18 32 35 40 38 32 28 13 6 46 93 140 189 213 213 196 155 103 57 21 10 21 
15 15 25 37 45 47 42 32 23 17 23 16 15 15 18 28 29 21 10 11 14 27 30 32 33 23 14 18 12 27 33 29 24 28 31 26 10 28 40 34 19 7 14 24 31 38 32 25 23 18 39 85 132 164 197 206 186 156 116 72 36 13 16 12 
23 24 24 28 26 26 27 29 35 35 38 25 18 16 13 22 15 24 32 34 38 34 26 16 18 4 3 15 10 23 17 10 23 27 29 34 24 35 42 35 19 12 20 26 25 29 19 16 34 59 86 124 154 171 184 177 144 111 76 45 27 20 23 21 
24 21 19 23 29 31 26 15 12 22 38 27 20 17 9 22 20 31 13 9 21 10 18 13 20 17 18 21 16 24 10 12 33 32 29 39 34 38 35 29 18 15 15 18 19 20 17 28 68 110 139 170 188 190 180 154 109 68 31 16 28 31 34 36 
26 22 18 17 21 26 30 35 35 14 26 16 20 28 21 23 21 33 20 23 29 20 19 10 20 22 23 26 19 29 24 16 29 19 24 40 40 39 30 29 22 15 12 16 19 14 28 59 100 143 171 193 193 180 156 117 70 34 8 17 28 31 34 41 
26 20 20 21 20 15 10 18 28 7 18 6 8 22 20 19 18 25 6 6 21 10 13 14 23 29 30 36 29 23 27 30 37 32 35 42 38 35 24 32 28 16 13 19 18 12 51 105 144 177 192 185 153 127 98 58 31 15 12 20 28 32 38 49 
22 27 35 40 38 33 19 23 27 10 18 4 11 25 18 16 22 15 17 19 25 33 31 29 37 39 45 53 47 35 26 20 18 21 25 29 31 35 27 27 27 20 18 14 11 39 89 153 186 205 201 169 123 92 66 35 17 11 18 29 35 33 39 50 
18 20 26 30 16 24 22 31 36 14 21 9 16 28 21 20 15 17 33 34 37 40 30 24 35 44 56 60 49 30 20 17 14 7 10 20 27 33 28 22 21 14 13 15 37 81 138 195 213 210 186 141 95 66 45 24 7 12 15 27 31 24 30 42 
17 17 23 36 33 28 21 17 30 25 31 27 30 31 17 19 20 28 33 22 18 25 12 14 26 30 48 53 42 25 9 10 16 15 11 17 23 31 31 21 18 17 21 44 76 130 185 218 210 186 147 95 52 31 24 19 14 14 5 26 31 16 21 30 
18 16 11 20 22 21 18 15 23 12 24 21 23 19 9 15 21 30 32 24 18 26 10 14 24 27 49 48 36 18 12 25 31 27 16 13 24 32 35 26 15 26 43 78 121 173 206 208 184 153 107 57 29 20 18 16 12 15 12 29 33 19 24 21 
20 20 22 36 38 37 42 38 35 13 22 17 9 11 8 8 26 29 22 17 14 17 10 12 23 24 48 46 35 25 16 19 12 11 27 16 22 29 31 32 35 60 87 130 172 205 207 183 147 110 68 34 20 19 18 15 11 16 20 38 42 43 51 52 
27 25 32 41 30 10 13 24 39 21 18 14 8 10 15 10 31 26 13 11 8 12 21 20 29 24 29 36 29 22 17 12 9 19 29 9 15 22 26 31 57 98 140 184 210 213 186 145 97 60 28 14 11 17 18 16 14 12 8 28 31 35 45 50 
34 33 40 43 31 16 8 24 36 18 18 17 17 24 28 18 27 15 10 14 15 16 14 11 27 31 16 22 10 9 21 16 12 24 24 9 15 23 32 52 96 148 194 219 216 191 144 94 49 26 3 16 11 13 16 17 19 15 15 19 23 28 39 49 
52 47 46 41 22 10 11 31 36 17 18 22 26 30 31 20 12 10 22 27 29 22 19 17 30 31 21 22 17 19 35 29 28 29 22 12 15 26 54 96 150 203 232 223 191 147 92 53 29 20 10 19 11 12 18 18 23 11 4 15 17 15 21 28 
40 33 30 24 14 25 28 39 35 12 10 18 18 20 19 17 4 7 17 24 33 30 29 24 34 30 22 16 17 28 42 35 41 37 25 22 32 54 104 153 198 233 237 200 154 107 63 45 34 21 16 23 22 24 27 27 26 17 17 22 26 31 34 35 
16 9 15 21 30 37 36 34 25 12 9 22 19 19 16 19 6 9 20 32 40 37 35 23 27 22 33 35 35 44 44 22 18 10 8 20 46 87 153 193 214 226 208 155 100 60 36 32 22 13 26 36 32 25 15 28 22 12 19 24 25 31 33 32 
9 5 10 17 32 32 28 22 17 17 14 25 20 18 18 26 16 20 26 35 43 39 40 31 16 16 41 39 36 31 23 3 8 5 21 50 85 129 191 210 203 195 163 101 49 21 12 20 13 14 33 36 24 18 15 34 22 15 9 6 7 8 7 8 
14 17 13 8 29 29 22 23 17 14 7 15 16 16 23 31 17 24 31 42 48 33 33 28 19 24 34 17 15 11 12 8 7 22 57 99 139 172 210 202 164 138 105 47 18 15 18 23 12 17 33 33 24 15 18 32 16 13 14 14 13 8 8 13 
17 18 21 15 24 32 24 27 22 17 6 5 14 17 23 27 16 28 33 40 45 30 31 23 21 33 27 22 13 10 16 15 15 41 89 136 169 185 200 174 118 83 66 30 26 24 27 32 16 29 42 37 31 19 30 30 6 10 12 24 23 12 13 15 
20 21 27 21 16 33 28 25 22 14 10 9 12 15 19 24 21 29 32 35 39 28 27 24 20 32 12 3 11 18 20 22 38 76 132 175 194 184 168 132 75 42 41 18 25 27 32 37 30 32 39 26 17 13 35 28 11 16 18 26 19 15 18 17 
22 24 30 17 9 37 40 36 30 17 7 9 8 10 18 27 31 26 30 31 36 30 28 27 25 30 21 19 21 17 16 46 89 143 192 218 218 177 128 89 35 17 34 14 18 15 24 23 17 12 30 24 17 19 29 21 24 22 20 20 12 22 29 31 
33 32 35 18 7 32 42 42 33 21 16 14 12 16 22 27 41 31 31 29 27 33 32 34 35 30 17 6 12 38 67 102 150 198 223 224 201 143 93 56 22 15 26 11 10 26 27 15 10 9 23 20 9 14 21 24 28 27 27 18 8 19 20 29 
32 36 37 21 4 18 24 24 13 3 16 27 32 37 41 39 45 32 25 27 23 26 31 34 39 37 33 28 42 71 97 137 186 222 225 202 165 104 55 33 30 26 27 21 15 19 13 15 18 17 13 16 18 25 26 27 26 23 24 18 20 24 21 32 
38 39 34 24 13 15 25 27 18 12 25 36 36 40 41 32 42 25 10 21 21 12 13 15 23 25 32 39 67 102 130 172 210 223 201 163 125 69 25 20 27 26 30 32 25 21 18 22 16 6 9 19 27 32 33 33 28 23 19 20 29 24 21 31 
33 33 30 28 16 3 15 17 19 13 28 42 37 40 36 28 41 26 3 14 20 14 18 20 14 24 46 71 116 157 180 205 219 204 162 119 84 41 13 16 20 19 26 31 22 31 33 37 33 19 15 21 30 30 31 35 34 28 14 17 32 24 17 20 
26 27 27 32 33 22 24 25 28 22 30 41 39 42 40 32 37 21 8 15 23 13 10 14 12 41 75 115 169 196 196 205 196 161 119 79 45 22 15 19 19 15 23 30 24 13 2 19 21 13 8 20 29 24 24 31 38 40 23 15 26 24 26 15 
27 22 26 35 38 21 14 18 19 14 24 35 33 34 31 25 32 13 12 3 15 11 10 21 22 48 83 133 185 187 171 173 146 103 73 44 19 5 15 16 11 12 18 22 27 14 4 13 17 18 6 23 24 16 11 18 34 45 28 12 18 21 34 27 
19 17 29 38 40 21 10 14 13 5 14 27 32 36 35 31 30 6 20 14 18 21 23 33 30 59 98 154 200 188 161 152 109 57 37 8 16 9 13 11 10 16 18 19 31 22 19 24 29 32 9 21 25 18 14 11 27 47 29 5 12 22 39 31 
28 24 31 41 39 18 9 9 17 8 8 23 31 34 33 26 21 10 30 16 16 18 17 39 38 72 115 172 208 184 148 129 80 29 28 9 22 10 8 11 14 22 23 20 40 31 16 22 28 39 20 17 24 16 17 14 22 49 30 5 10 24 46 39 

29 25 23 21 27 27 37 22 18 12 15 15 24 38 44 48 42 31 33 15 33 45 60 43 26 13 17 41 14 29 60 60 57 43 53 50 56 50 53 63 29 34 31 40 56 36 30 17 18 19 32 14 21 36 14 34 44 49 38 34 28 25 35 46 
27 23 18 18 25 21 32 21 22 11 13 12 20 34 40 46 43 31 25 12 28 36 48 35 20 15 16 36 9 19 49 51 50 38 47 43 42 35 35 50 30 37 34 37 51 27 24 10 20 15 23 20 30 41 21 33 36 39 30 23 17 24 37 51 
32 28 21 21 24 16 24 20 20 10 12 9 10 26 30 38 36 25 22 17 26 31 36 26 16 16 12 34 11 12 36 32 35 22 27 27 27 25 21 31 18 24 25 26 38 20 12 3 23 11 12 20 30 42 22 28 32 38 28 16 3 23 39 54 
41 34 29 29 27 15 15 23 22 15 7 10 9 21 15 28 23 19 21 19 24 24 27 19 20 28 32 42 25 22 27 18 35 25 30 37 30 21 4 17 34 43 39 32 26 15 9 9 22 11 9 10 21 33 20 26 27 28 16 18 20 34 45 54 
38 30 28 29 15 17 8 24 22 18 17 19 9 24 12 25 15 10 14 9 14 10 15 20 24 31 37 34 21 15 5 26 35 25 24 23 28 34 28 27 36 36 34 27 19 9 11 11 15 1 12 14 24 25 25 24 18 19 20 32 30 26 30 34 
34 25 24 30 11 14 15 26 16 9 18 29 17 18 17 16 21 15 14 11 12 10 4 5 5 6 11 15 17 19 17 24 29 27 21 28 43 47 45 36 28 23 24 21 24 23 21 18 17 12 7 10 18 17 27 25 24 25 25 27 19 21 33 42 
45 32 22 28 14 9 17 24 14 10 19 25 15 14 16 11 26 12 10 6 8 12 8 3 7 7 13 16 24 27 28 31 32 33 28 30 41 46 46 41 32 21 16 16 24 17 13 6 8 11 7 18 11 16 28 29 30 29 30 25 9 16 15 18 
31 32 30 33 24 18 13 15 8 12 26 21 14 8 13 9 22 7 14 8 7 13 14 10 10 17 26 27 28 18 15 17 16 22 25 31 40 44 44 38 32 17 16 21 31 29 17 4 14 21 22 24 5 19 28 31 33 39 44 34 20 24 6 9 
9 23 28 31 25 22 20 19 12 15 16 13 19 9 13 6 20 9 14 5 7 15 18 15 8 17 16 19 22 6 19 19 21 25 27 37 40 39 40 35 34 30 26 27 36 39 22 14 23 33 36 30 20 18 21 30 40 47 48 30 20 33 24 29 
9 21 28 28 23 27 30 19 3 7 14 29 31 24 23 8 19 30 31 25 24 21 17 14 7 17 15 21 22 14 18 17 29 30 25 29 29 30 27 22 22 25 27 34 38 27 5 17 32 43 44 37 36 25 27 38 49 54 46 32 30 40 32 27 
35 27 30 28 25 32 32 13 15 20 29 36 26 28 30 21 7 15 16 17 19 18 12 11 10 10 10 17 17 30 31 31 44 40 30 25 22 17 21 18 12 15 18 25 24 14 8 21 32 40 37 28 26 18 24 38 50 51 44 34 31 38 27 13 
60 44 36 27 23 34 32 17 26 34 42 37 25 27 30 24 10 17 13 10 9 5 6 6 3 4 5 8 15 32 33 39 51 42 36 24 18 19 16 18 12 17 21 25 23 13 7 16 24 32 33 30 31 22 22 33 44 44 32 23 18 27 17 11 
57 49 38 31 29 29 28 18 32 36 31 17 27 34 35 26 11 14 16 14 17 22 30 29 28 27 21 28 40 46 42 39 39 28 31 26 26 20 12 25 19 18 24 28 25 16 10 11 16 22 17 21 29 30 30 35 38 36 18 11 10 25 17 8 
42 45 36 27 26 20 24 27 39 31 14 9 35 44 36 22 8 13 16 16 20 19 20 24 27 30 33 47 57 54 45 30 17 11 16 18 23 22 13 30 25 22 25 27 29 27 21 18 18 17 5 21 27 25 30 39 38 32 13 12 10 24 22 16 
35 43 33 25 32 22 20 20 30 21 6 14 35 45 33 17 3 11 21 26 28 30 25 22 21 24 26 41 41 36 31 18 13 18 20 30 32 21 15 31 28 23 25 33 35 29 22 19 19 17 11 24 24 16 24 35 33 27 3 7 3 21 22 18 
21 33 32 34 46 32 15 13 27 22 27 31 40 48 32 17 12 19 29 33 33 32 24 17 14 20 23 34 29 26 21 12 22 7 7 24 20 15 24 27 25 21 22 24 10 2 4 7 18 17 15 27 20 3 11 22 27 27 13 14 11 21 23 20 
11 15 19 21 42 38 13 11 24 24 37 40 47 50 31 24 18 19 13 17 20 23 12 9 15 24 30 34 26 22 24 13 28 10 12 25 14 16 19 25 29 22 19 18 10 19 20 17 23 27 31 33 24 18 7 13 28 27 17 13 8 26 35 38 
30 22 29 33 33 31 14 12 22 26 30 31 38 38 25 24 19 23 18 18 20 22 8 9 23 23 27 29 23 12 13 13 30 16 22 34 25 31 35 40 42 30 17 14 13 23 24 19 25 30 33 26 18 16 9 15 22 21 15 22 25 32 34 29 
40 39 49 49 41 26 9 12 25 33 34 35 34 26 16 19 16 19 17 9 12 19 16 21 28 29 33 37 41 34 32 27 23 23 32 35 26 25 30 35 37 30 17 20 29 30 25 22 26 25 32 33 27 24 18 16 15 15 18 16 8 19 38 57 
42 38 36 30 26 16 6 14 21 24 23 25 25 18 15 17 20 19 18 27 31 31 21 27 27 31 35 36 38 28 24 27 24 26 35 33 28 26 32 38 40 38 28 32 40 32 27 20 13 15 23 10 11 11 19 27 19 13 8 8 12 21 34 43 
30 26 23 23 21 17 12 17 27 34 33 27 14 8 12 14 23 22 15 15 4 19 10 23 9 28 36 35 33 22 18 24 27 27 34 32 30 29 36 43 45 41 20 10 19 18 26 24 27 30 37 28 26 15 15 29 15 20 18 21 24 26 28 27 
15 16 15 18 21 17 10 8 19 25 32 41 29 23 16 11 24 20 9 9 16 23 17 29 10 18 33 33 30 25 27 27 32 23 29 24 28 25 26 35 43 50 35 25 29 28 27 26 29 24 28 20 21 19 3 23 20 27 23 21 24 29 30 30 
21 15 16 31 35 30 27 29 31 32 33 41 36 29 25 20 27 25 15 17 19 24 23 28 14 14 29 28 19 18 23 26 36 18 18 13 24 28 7 19 23 33 23 14 9 10 17 19 25 25 32 24 22 26 15 20 12 18 9 19 30 33 34 36 
15 19 29 27 25 21 17 19 23 28 35 43 42 33 31 23 26 28 21 23 24 24 18 24 9 7 21 20 15 9 13 19 30 8 9 6 16 26 8 9 16 32 31 26 19 10 11 15 22 13 21 26 31 38 26 27 21 24 13 15 21 25 33 40 
26 25 28 24 9 11 10 15 24 28 32 38 37 29 31 25 36 40 34 39 38 30 24 29 23 15 20 9 15 15 24 36 35 20 17 12 15 20 10 7 17 32 36 39 35 33 12 12 18 14 9 22 16 35 18 12 5 21 9 12 20 30 43 55 
25 25 25 22 10 15 18 22 27 30 31 33 25 14 21 8 33 30 22 22 17 14 18 25 21 21 27 13 21 22 32 36 24 15 15 17 14 14 14 22 32 45 45 43 25 21 7 16 17 13 9 24 5 40 19 15 9 18 23 38 56 81 103 118 
26 23 12 11 21 24 24 26 21 17 15 15 15 8 18 12 37 26 12 8 10 16 20 23 24 22 28 18 29 34 42 30 18 20 19 21 16 31 42 40 37 41 36 39 33 24 13 16 14 14 12 22 13 35 8 23 16 22 41 60 90 126 150 163 
30 22 11 16 22 23 27 32 24 19 18 13 26 25 26 27 39 22 3 5 6 13 22 27 34 28 30 11 25 25 28 14 18 18 21 21 15 26 29 24 21 26 22 27 18 7 18 20 19 21 17 20 15 23 11 19 7 23 60 89 130 162 174 179 
17 9 22 17 8 5 9 22 10 10 12 11 24 27 24 23 32 17 9 6 11 11 13 15 26 23 31 1 29 24 21 17 16 23 16 11 3 19 28 32 37 39 28 25 16 9 16 20 23 25 20 20 17 12 7 10 21 52 100 135 175 194 190 188 
32 27 24 16 15 14 23 31 21 18 13 9 19 16 12 16 28 21 19 16 18 17 15 12 21 17 28 6 37 26 23 18 14 30 15 12 18 13 16 32 46 56 50 30 16 9 12 19 16 18 15 21 22 10 9 27 57 103 147 178 205 206 189 181 
31 31 23 17 21 23 32 30 16 12 4 11 14 6 9 21 39 49 51 44 36 26 12 5 21 14 23 10 37 27 26 21 19 28 18 13 17 24 19 30 37 34 41 35 33 22 5 11 10 13 12 16 20 21 41 65 105 152 184 204 214 191 162 151 
31 28 20 27 33 32 30 23 15 12 12 15 13 17 22 29 42 47 42 34 34 26 15 16 28 25 27 5 30 30 33 31 27 28 19 16 22 27 22 37 37 28 36 26 28 23 3 17 17 19 18 23 28 43 72 100 144 183 198 199 185 144 108 92 
33 30 30 39 26 18 18 13 15 17 21 24 24 27 27 31 29 25 18 6 22 23 19 25 37 36 31 4 23 21 27 30 27 25 22 21 27 27 21 33 31 30 37 28 24 19 4 22 22 23 17 28 45 73 118 151 183 202 193 170 141 97 62 46 
32 31 39 39 16 11 13 14 17 15 14 19 21 24 23 27 23 18 9 6 17 19 17 20 29 30 23 5 18 20 24 27 21 14 13 14 26 30 24 34 38 38 35 19 15 15 16 26 26 23 21 45 69 102 158 182 194 198 174 137 105 67 36 26 
34 26 37 28 22 23 25 30 30 25 16 6 12 18 18 21 17 18 17 15 18 19 18 16 19 19 18 6 20 34 42 40 28 24 21 16 19 17 15 23 29 35 27 17 14 7 11 19 18 12 23 63 97 135 186 197 191 181 147 104 66 32 11 17 
24 16 27 36 41 39 37 32 27 24 17 11 11 4 6 10 18 28 32 33 27 23 15 14 21 21 23 11 14 25 36 44 31 29 30 17 13 16 17 15 9 14 12 21 24 20 15 18 22 11 41 95 139 174 207 203 177 147 105 62 29 12 19 25 
22 19 26 37 44 48 45 38 32 27 24 20 20 20 19 27 33 31 27 19 13 21 28 36 39 31 24 14 8 24 14 27 8 15 22 20 9 18 20 17 8 11 14 11 16 20 9 7 30 45 80 134 171 185 196 179 138 105 76 47 30 19 24 25 
21 20 23 30 31 37 39 38 40 38 37 28 23 21 20 27 28 34 40 37 40 37 32 22 20 14 4 9 8 24 12 28 10 21 22 27 19 22 24 18 7 11 22 25 19 27 23 31 57 89 122 160 176 168 162 135 92 69 51 27 25 20 23 27 
20 18 19 23 24 29 29 27 26 21 34 25 23 24 18 21 26 33 20 14 19 7 15 12 28 29 24 26 23 30 11 21 25 37 27 28 20 24 24 16 1 12 16 15 9 25 30 48 93 138 165 186 186 166 144 111 69 48 32 17 28 27 28 31 
23 21 19 14 12 15 17 26 35 12 24 14 22 33 24 19 25 34 28 29 31 27 24 18 31 27 23 29 26 35 24 24 34 32 18 24 23 34 28 19 11 17 12 9 7 32 52 88 131 165 179 187 171 144 120 85 45 27 20 23 32 33 32 35 
29 24 18 10 12 7 9 17 32 2 19 10 18 30 22 15 18 22 15 11 15 9 12 13 28 22 11 15 10 24 25 37 48 43 33 26 24 33 19 20 23 25 17 6 23 60 95 142 169 179 176 156 112 83 67 33 15 16 19 26 33 35 32 32 
24 24 25 29 34 31 21 20 33 5 20 16 25 35 21 10 16 8 16 20 19 26 27 29 39 30 20 14 19 23 18 26 30 27 21 12 15 26 18 11 24 28 21 9 45 94 136 184 195 185 165 127 79 55 45 15 11 13 18 31 40 40 41 41 
18 13 14 21 21 24 23 30 43 14 22 21 33 44 32 21 13 14 30 37 36 37 33 29 37 29 27 26 28 25 18 26 26 15 7 9 12 18 18 12 21 22 19 41 83 133 177 211 201 170 135 94 56 41 32 12 8 6 7 22 30 36 43 52 
30 26 29 37 33 25 15 12 37 23 32 35 43 49 34 26 17 21 24 11 9 18 14 11 29 15 25 31 34 29 13 10 10 12 6 8 13 16 19 14 14 20 36 78 123 172 204 209 176 131 87 49 17 9 15 8 5 5 9 24 30 32 36 44 
23 20 19 27 24 17 12 12 31 14 28 30 39 42 28 21 17 25 26 12 4 19 12 9 28 15 33 35 30 24 9 14 25 24 20 9 15 20 22 25 18 44 75 122 163 198 202 176 136 97 56 22 9 5 9 8 3 3 9 25 26 19 16 13 
12 18 25 43 43 39 41 38 45 17 24 16 30 33 21 13 19 22 17 5 3 13 14 10 31 16 35 33 23 26 15 13 13 8 31 19 20 27 30 42 65 105 141 179 201 207 180 137 99 66 35 17 10 9 5 3 9 14 19 30 27 26 30 24 
23 24 33 50 40 24 23 23 48 27 28 13 17 22 14 11 27 24 17 14 9 8 16 17 37 26 27 30 18 21 16 11 9 18 33 14 21 34 43 59 104 152 190 217 217 194 148 99 61 37 12 10 5 11 11 11 15 18 20 25 21 26 33 32 
25 29 41 53 39 22 14 17 41 18 24 16 7 11 13 11 24 19 20 27 23 18 14 14 39 33 24 27 11 16 18 14 13 26 25 11 26 44 63 95 147 192 223 222 197 158 103 54 28 23 6 12 9 15 14 6 15 16 21 15 18 27 39 49 
48 47 50 52 31 16 12 24 39 17 24 25 22 27 28 17 15 15 29 34 28 19 16 19 43 37 32 30 17 21 27 26 28 30 23 12 31 58 97 145 194 229 237 198 153 109 58 24 22 20 5 10 13 21 20 6 16 14 16 13 14 14 22 31 
54 46 44 42 16 20 25 35 39 18 21 26 26 30 27 15 4 5 17 13 16 11 18 23 42 36 33 22 15 27 31 27 33 34 27 31 59 98 156 201 229 241 218 157 111 73 40 30 32 22 12 16 23 34 32 20 17 10 12 12 16 19 20 22 
32 26 27 27 21 36 39 39 31 18 13 22 33 37 30 15 8 7 12 8 14 8 13 14 31 19 34 34 36 42 35 28 26 18 17 39 79 131 193 218 218 206 164 96 56 34 23 24 23 11 24 31 31 33 29 28 20 8 12 17 20 24 24 21 
20 17 20 25 40 47 41 35 27 26 18 18 32 39 33 25 21 21 18 11 22 16 20 16 17 18 38 32 30 24 13 18 15 14 41 78 118 160 207 205 177 151 105 38 10 5 6 12 12 9 32 35 22 24 31 37 27 20 21 18 21 23 22 19 
22 26 22 20 42 40 27 28 23 26 18 8 21 30 32 32 20 19 18 22 33 16 16 6 4 23 27 4 13 11 18 14 14 43 91 138 172 192 208 180 125 93 60 9 26 20 14 16 15 15 33 35 22 18 30 33 21 17 21 17 21 23 24 26 
14 22 28 25 39 39 18 12 12 22 13 5 19 26 32 31 19 19 15 25 36 15 17 7 10 28 22 26 18 10 11 18 45 82 135 174 189 187 181 140 79 50 39 24 29 21 20 26 17 23 42 40 29 20 36 30 15 18 23 22 18 16 19 22 
11 11 20 22 29 36 23 5 12 17 10 7 16 24 28 29 23 20 21 26 34 19 17 14 13 26 2 6 8 8 15 51 83 126 174 193 186 157 130 91 41 22 29 21 28 25 28 35 32 33 45 35 21 18 35 26 15 21 19 13 13 23 27 31 
12 12 22 23 22 36 29 13 22 19 15 14 10 16 22 26 33 20 24 23 32 26 22 20 17 15 12 15 19 21 52 100 139 182 212 209 185 135 88 56 19 22 29 13 19 15 22 22 27 24 41 30 15 11 22 22 28 26 12 3 12 22 24 28 
28 21 29 25 22 36 36 31 31 26 27 27 20 20 18 15 38 27 28 24 22 25 21 17 20 14 9 6 26 62 112 158 192 216 214 186 149 97 65 41 27 24 25 7 15 27 27 18 25 24 37 26 6 7 9 18 24 21 19 12 15 19 12 18 
2 10 24 15 13 25 22 18 16 18 24 30 28 26 29 33 47 37 34 31 17 16 14 14 21 24 31 43 75 117 160 195 212 213 184 137 96 49 30 25 34 34 32 20 18 19 14 17 28 30 29 21 14 21 22 15 10 4 8 19 26 21 14 21 
16 20 16 7 15 22 21 18 6 10 23 38 37 33 33 25 42 28 20 26 14 9 6 2 15 26 32 58 106 149 184 208 205 182 134 84 57 23 6 9 26 33 35 30 29 23 16 19 17 19 16 12 19 22 28 27 23 18 7 25 32 19 17 21 
6 13 8 7 17 20 24 28 20 9 8 28 28 29 28 20 38 22 12 21 16 13 16 18 12 37 57 93 147 185 202 206 184 141 87 46 33 20 14 9 15 22 27 22 23 33 33 37 29 16 12 14 30 33 36 39 38 31 17 21 31 21 20 18 
19 19 12 12 22 17 19 30 34 29 20 21 18 21 23 21 34 21 17 25 24 18 15 21 30 69 104 147 195 207 193 181 146 95 54 27 21 29 26 19 18 19 25 25 18 10 4 20 22 15 9 19 34 36 39 41 42 40 24 13 22 24 31 28 
32 21 22 16 29 17 8 27 34 30 22 18 18 19 18 16 29 15 17 19 20 16 13 29 47 93 124 165 201 183 151 137 96 44 30 26 32 34 30 19 6 19 24 21 23 13 5 13 20 20 10 12 24 28 26 26 34 42 28 9 12 21 32 31 
26 17 30 17 30 19 11 27 36 32 20 8 15 23 24 24 30 16 22 19 22 23 23 45 64 112 146 183 204 166 121 104 64 16 33 30 40 34 28 18 7 24 24 22 27 21 20 27 33 37 22 11 22 32 36 29 30 41 28 6 12 21 31 29 
33 24 29 17 31 25 14 25 41 35 29 17 21 28 20 17 22 21 35 24 25 26 22 63 83 130 165 197 203 151 97 76 46 20 37 33 35 27 24 17 9 26 23 24 36 28 20 22 29 42 32 11 19 33 42 39 34 43 29 11 15 17 31 29 

8 13 8 10 19 12 33 25 9 19 20 16 18 3 20 28 39 21 26 22 20 24 41 23 29 18 27 25 18 32 55 66 60 53 58 47 46 44 54 62 43 60 29 33 50 29 37 15 28 23 44 11 22 45 29 39 21 21 20 27 36 41 39 42 
11 15 9 11 17 4 27 25 8 19 20 15 17 6 19 26 37 22 20 14 8 12 32 25 26 19 23 22 13 25 43 59 57 51 57 47 36 27 36 50 40 49 18 24 40 20 30 14 30 19 33 16 24 45 26 33 12 17 18 27 39 46 49 55 
16 20 14 12 11 1 27 29 8 15 18 16 15 8 13 20 29 19 16 15 6 4 18 10 13 12 16 22 13 26 39 51 51 44 48 41 29 23 20 27 21 26 4 12 30 24 24 18 30 16 21 15 18 42 12 25 11 25 26 32 40 45 52 58 
17 16 2 13 16 11 22 27 11 12 13 15 16 12 10 22 21 23 21 22 19 14 21 20 24 27 31 35 27 32 33 38 42 38 44 42 29 25 23 33 46 45 34 20 13 13 21 21 29 20 15 17 20 39 15 28 16 29 28 35 39 40 45 44 
26 21 11 15 6 15 10 25 11 12 15 16 14 17 11 26 11 17 14 11 12 6 19 27 29 29 32 30 21 20 17 30 39 36 36 28 34 39 30 34 42 34 36 21 12 12 12 8 18 11 9 16 25 33 27 34 23 30 29 36 36 22 27 23 
39 32 22 22 11 13 15 26 6 10 15 20 14 11 17 20 12 22 17 14 14 11 5 2 8 12 14 17 8 12 25 34 41 39 36 33 40 33 13 11 20 16 25 9 13 15 11 14 19 16 13 14 26 28 34 37 29 26 20 23 22 23 36 47 
56 43 28 27 19 10 12 20 12 10 17 15 6 4 15 19 22 19 12 5 13 14 9 7 6 7 11 18 20 17 27 36 43 45 34 24 27 22 17 20 23 15 15 8 20 21 18 17 16 12 12 21 24 25 33 35 29 23 17 13 7 22 28 37 
52 45 33 34 21 11 11 17 13 7 23 12 6 3 14 20 18 9 19 11 15 20 23 24 20 24 27 24 27 16 15 18 22 26 20 17 20 15 15 13 20 5 15 24 32 37 30 20 16 5 9 25 18 27 33 31 25 26 29 26 23 29 23 24 
41 38 27 32 22 9 14 20 13 12 14 6 11 3 12 20 18 11 19 11 14 20 16 16 6 13 11 14 25 12 12 10 14 19 16 21 15 10 21 21 29 27 22 25 36 47 39 24 16 3 10 20 14 24 27 29 27 26 21 14 20 38 28 22 
28 31 23 26 18 11 21 20 11 9 13 24 24 19 14 19 21 28 31 20 18 18 14 13 3 12 17 23 30 14 6 18 26 26 15 8 13 20 19 17 19 21 24 32 42 41 27 16 12 9 12 17 24 27 31 35 37 32 18 18 27 45 33 21 
27 26 24 25 19 19 22 13 15 21 30 35 30 30 27 26 19 20 20 13 14 17 9 10 10 8 13 21 24 15 17 27 37 39 26 19 17 16 18 19 17 17 18 25 28 24 18 16 18 18 16 13 22 23 29 36 39 34 25 24 29 46 28 9 
65 49 37 26 18 22 15 7 22 35 45 39 30 25 26 24 15 19 15 8 5 7 7 7 4 2 9 15 9 8 24 42 56 52 39 25 13 10 10 18 19 18 17 23 24 21 22 26 33 39 38 34 36 28 27 35 40 33 19 16 18 37 20 19 
58 49 38 28 19 19 11 17 29 40 35 13 33 36 37 29 15 11 13 16 18 28 37 35 31 25 14 9 16 24 33 45 52 45 38 32 24 12 2 20 20 21 23 27 28 24 24 30 38 37 28 24 32 33 33 41 41 29 14 9 6 28 21 24 
30 32 25 19 13 10 12 25 33 36 18 16 42 45 39 20 9 9 15 18 15 18 23 25 27 30 30 29 39 39 37 36 31 26 18 19 22 18 3 21 24 27 28 26 28 29 28 35 43 32 17 16 21 19 28 44 45 32 19 10 6 21 17 19 
42 43 35 28 24 13 14 23 27 26 11 18 40 49 39 16 10 5 18 25 21 24 17 9 16 22 27 31 34 27 26 26 20 19 14 24 31 18 3 18 19 23 22 24 31 33 32 38 37 24 15 21 23 12 21 39 43 33 20 8 2 15 17 21 
25 33 32 33 42 26 10 20 25 15 20 29 44 56 36 13 16 23 31 30 26 26 15 19 25 28 28 29 24 16 19 19 24 6 3 22 24 16 17 15 9 15 15 20 15 18 20 27 29 25 29 37 32 19 17 29 34 28 18 9 8 16 22 28 
30 24 15 11 40 38 16 21 23 24 42 49 56 58 27 15 18 28 22 7 9 15 15 28 35 36 34 32 27 20 23 11 28 9 14 28 20 9 10 16 18 18 13 14 18 30 31 33 36 37 39 36 28 20 15 20 26 23 17 11 3 17 29 41 
41 35 30 25 27 32 23 21 22 31 40 37 40 38 13 19 18 26 26 9 11 16 20 32 38 36 31 26 26 13 14 17 31 15 24 34 28 31 33 30 27 20 9 8 19 27 25 28 32 36 33 24 19 20 21 17 18 20 17 22 24 27 29 33 
38 37 35 35 33 27 22 15 19 30 35 27 23 17 10 26 25 21 20 4 9 20 27 36 38 39 32 32 42 33 30 32 27 21 30 28 19 17 18 14 21 26 18 20 33 30 24 27 31 34 37 38 32 29 31 23 15 18 21 15 2 15 31 48 
48 41 31 30 33 31 28 13 6 25 33 26 23 15 18 30 24 12 15 28 33 30 25 33 29 32 29 25 37 29 22 27 23 21 30 26 20 16 18 18 30 36 21 23 38 30 28 28 25 21 25 20 21 17 21 27 17 12 10 12 17 23 31 35 
29 27 21 23 34 36 34 23 11 24 36 35 25 17 22 28 27 17 16 15 3 15 19 30 19 24 30 18 32 25 14 14 18 18 25 24 22 18 22 30 42 43 24 21 31 19 27 30 31 34 41 36 40 27 16 28 13 16 15 14 16 19 18 12 
8 6 8 15 29 32 29 23 11 11 31 46 42 39 33 24 27 14 7 15 25 25 20 31 24 18 31 18 33 29 22 15 19 14 17 17 27 18 17 26 38 48 30 25 37 31 31 35 37 33 34 28 32 15 6 21 15 22 20 20 21 25 24 22 
12 11 20 26 26 22 21 23 19 15 9 29 34 34 36 32 31 19 9 12 14 17 12 30 27 18 27 16 22 25 25 21 28 16 12 8 28 28 21 27 26 34 19 12 21 16 19 27 33 32 36 27 29 18 16 18 14 22 18 36 44 45 47 50 
16 17 24 18 11 10 7 10 11 12 11 16 25 26 36 33 25 18 9 16 18 20 13 25 22 21 28 22 17 13 13 13 22 12 13 11 23 21 15 20 20 29 25 27 31 23 7 9 18 18 30 33 41 38 31 31 26 28 23 47 56 60 69 76 
23 19 22 19 13 16 17 11 8 12 9 5 12 16 31 27 30 33 32 37 35 27 21 26 23 24 28 17 13 9 18 33 37 29 22 16 20 16 11 18 21 23 20 22 30 35 10 6 13 15 18 30 32 33 26 23 18 30 27 57 73 84 101 116 
28 25 22 18 18 22 23 21 13 18 23 30 24 16 24 16 28 25 21 18 12 14 15 18 5 19 33 20 21 19 32 38 29 22 20 19 18 15 16 25 36 41 40 36 24 28 8 15 18 16 18 32 24 31 18 22 24 38 49 86 112 133 157 173 
17 14 6 11 22 20 20 23 8 8 25 31 28 21 18 19 32 20 11 6 10 10 12 14 6 16 33 22 27 28 38 30 12 14 19 24 25 37 45 44 43 43 38 35 29 26 12 15 16 21 26 36 35 32 10 27 27 46 76 119 153 176 198 210 
20 16 14 14 16 15 18 25 16 18 27 17 19 13 8 28 36 20 8 7 8 9 13 18 25 27 38 21 24 19 27 16 12 10 13 18 18 25 27 25 23 24 21 20 7 8 15 19 24 27 30 33 33 23 11 29 33 60 104 150 183 192 195 193 
19 18 26 19 14 9 10 20 5 11 26 19 20 18 12 26 33 17 13 9 8 5 6 6 18 24 44 24 29 21 18 16 13 15 14 17 20 25 29 36 39 37 26 17 3 8 14 18 22 22 24 29 33 21 10 26 54 90 143 183 204 195 176 158 
15 8 21 13 17 19 29 37 30 21 20 16 22 23 18 24 32 17 20 22 17 13 10 8 17 19 42 20 34 21 12 14 11 20 9 16 22 18 16 33 42 49 46 28 15 9 4 11 14 16 17 24 28 18 20 50 96 140 180 204 211 186 156 136 
26 26 19 3 10 18 33 29 18 12 9 16 23 20 12 12 25 26 43 41 31 21 7 13 22 18 38 16 33 27 23 24 25 21 2 7 11 17 17 31 30 21 34 33 33 25 10 7 11 16 15 21 35 46 71 105 150 183 202 207 196 156 120 108 
23 18 6 20 21 24 28 17 15 9 12 23 19 13 9 12 26 33 43 34 35 29 22 27 32 30 43 20 26 33 35 33 30 23 9 7 15 18 18 36 32 9 18 11 19 27 20 9 14 19 19 36 54 74 109 140 177 197 195 179 149 99 60 45 
17 11 12 31 20 24 30 24 22 17 15 16 8 10 11 19 14 14 25 11 21 30 31 34 36 30 40 20 24 33 33 31 28 22 17 13 18 16 16 30 23 18 25 23 21 27 21 15 21 25 21 52 75 106 153 179 196 195 170 133 99 58 24 17 
15 8 22 35 24 28 31 25 22 18 15 15 12 15 14 18 10 10 18 9 16 24 30 30 35 34 33 22 31 38 37 34 29 22 20 19 25 25 17 27 31 36 34 24 19 21 22 26 27 28 37 83 107 139 186 192 185 171 137 94 64 38 14 12 
21 9 28 30 27 24 22 22 20 14 10 4 14 22 23 27 26 26 24 15 16 22 31 17 12 9 23 30 43 51 50 45 34 20 9 13 18 19 10 18 27 36 31 28 27 14 5 19 20 20 56 112 140 166 198 184 161 141 108 68 38 17 6 15 
18 5 18 30 37 33 25 21 15 15 11 7 12 10 15 16 10 14 19 24 21 20 28 17 23 22 29 34 40 38 34 39 33 25 24 12 13 20 8 6 9 18 15 22 30 18 11 21 27 35 87 148 177 192 203 176 139 111 80 45 20 3 14 22 
22 14 14 24 30 33 29 25 24 25 22 17 19 18 17 22 30 31 29 21 9 11 28 38 44 41 34 30 29 29 14 30 22 14 20 18 13 22 4 9 12 14 14 14 22 18 13 26 52 78 128 182 198 191 182 147 103 78 60 38 29 17 19 21 
22 16 14 20 14 20 23 27 34 38 35 27 26 29 29 28 35 36 37 34 33 33 34 31 26 26 21 22 24 24 15 36 15 16 18 23 19 16 1 8 11 11 23 31 35 37 38 53 86 123 161 192 188 161 140 106 64 53 49 26 30 19 18 24 
19 18 16 20 10 11 10 15 25 32 34 28 30 35 33 24 31 31 16 14 11 6 8 9 30 37 32 34 35 32 17 30 8 32 25 25 17 11 16 14 5 13 20 26 36 46 52 79 126 167 188 197 177 143 117 87 51 44 45 23 29 18 16 23 
18 19 18 19 6 8 8 10 27 18 21 12 21 37 35 23 31 33 28 28 27 28 25 24 40 36 35 41 37 40 28 28 24 30 20 21 14 22 22 17 11 18 16 24 45 69 91 133 170 190 191 181 147 113 95 69 37 31 37 27 28 18 13 23 
27 23 18 12 9 11 16 15 28 11 15 14 16 33 33 26 30 26 21 16 8 4 9 15 35 23 18 24 19 30 24 27 36 36 30 23 14 26 18 15 18 24 21 31 67 109 145 186 197 188 169 139 87 56 51 26 17 27 36 33 30 22 11 16 
15 15 9 11 20 25 19 12 29 11 19 24 24 33 25 18 24 17 24 26 18 20 24 27 45 32 21 12 14 26 15 19 23 13 12 10 8 20 15 3 11 22 26 49 98 146 179 208 200 173 144 107 60 40 38 10 3 12 24 33 36 30 28 27 
7 6 7 17 21 25 26 27 40 17 18 26 30 42 31 16 17 16 32 46 42 42 43 40 52 34 27 22 27 28 12 24 28 16 10 11 9 14 20 19 16 29 41 83 133 176 200 213 187 146 111 78 48 39 36 22 17 10 5 13 18 21 31 41 
29 26 26 30 26 23 21 14 37 24 28 36 41 48 40 26 15 14 24 35 35 37 36 29 44 20 12 20 34 32 10 12 12 13 8 7 9 11 17 22 19 40 68 120 160 193 202 188 148 100 63 41 18 12 19 15 14 9 12 18 21 29 32 41 
28 22 15 22 21 18 22 18 34 19 27 33 36 43 39 27 14 19 27 33 33 35 30 23 41 18 17 29 33 31 13 13 27 26 25 11 10 17 23 33 40 77 116 158 182 197 176 137 100 62 32 21 15 10 17 19 16 11 18 24 24 24 19 20 
18 16 9 29 34 36 48 43 49 26 28 26 27 35 33 22 11 16 20 21 26 24 16 12 36 19 20 29 25 31 23 14 21 20 39 25 26 37 46 66 102 146 176 196 197 182 136 94 68 44 23 15 16 12 8 11 9 3 16 27 25 23 24 19 
29 26 23 36 36 32 39 29 50 31 33 31 31 35 27 21 21 21 22 18 15 7 4 11 33 24 15 27 18 23 22 14 16 27 42 27 31 50 64 89 142 182 205 210 189 151 104 67 46 33 11 6 12 8 15 12 7 7 16 23 24 30 36 33 
37 36 35 44 35 23 23 6 38 11 15 16 18 22 14 18 25 19 18 21 19 16 16 19 33 27 15 27 16 20 21 8 6 32 38 33 48 69 93 129 176 204 215 190 151 110 66 31 21 24 5 8 12 8 19 6 6 11 18 17 25 36 47 55 
35 32 35 43 24 12 15 17 38 13 13 11 5 8 9 12 19 17 23 28 25 19 20 22 36 30 26 31 19 24 27 21 21 33 35 43 74 107 147 186 214 223 206 150 104 67 33 16 18 24 9 11 13 11 24 6 8 12 13 19 21 24 31 40 
43 34 37 41 11 9 21 31 41 22 16 11 10 11 12 15 13 12 17 25 29 25 27 30 39 33 37 30 22 30 31 25 24 35 44 68 110 155 200 223 225 211 170 106 70 43 28 29 34 30 18 18 19 27 30 12 10 8 7 14 12 11 11 11 
27 23 28 30 15 30 41 46 42 28 19 13 22 17 18 13 13 21 24 30 29 22 21 21 30 24 42 41 42 46 36 30 22 28 49 86 132 176 211 210 187 159 110 51 29 17 18 23 24 15 24 32 26 29 26 19 19 14 7 9 6 7 8 9 
21 22 27 35 44 49 48 43 32 30 26 22 33 23 16 16 22 32 34 28 22 7 8 10 18 24 39 30 25 20 14 22 21 44 83 128 166 191 206 182 137 104 61 6 15 9 6 12 11 6 25 35 21 24 27 26 22 17 19 10 6 8 9 12 
36 35 25 20 33 29 26 27 20 24 21 19 30 21 14 17 12 21 23 21 23 5 10 7 10 27 30 20 19 19 21 12 38 81 136 180 202 201 189 146 86 59 38 24 27 20 15 15 13 11 24 35 23 25 25 19 12 9 15 14 23 24 22 24 
27 32 33 28 31 32 22 11 11 17 12 14 26 23 18 17 12 19 15 21 26 12 15 14 2 23 15 21 15 7 7 39 85 130 177 198 196 174 146 99 45 27 28 24 22 19 22 24 15 15 31 38 27 26 31 21 6 15 21 18 14 9 8 11 
20 14 18 22 19 26 26 13 19 18 13 10 18 27 24 22 18 9 12 22 27 19 20 23 23 25 6 4 10 11 39 91 135 174 203 198 172 130 93 60 20 6 19 18 20 21 26 31 23 19 33 35 30 32 34 21 12 22 18 8 12 18 20 21 
18 17 26 30 20 24 23 13 24 16 13 10 2 18 19 22 34 11 6 16 26 27 28 30 28 19 19 9 21 34 83 144 183 208 215 193 156 105 63 38 9 12 15 9 15 14 23 23 20 9 30 32 32 32 34 30 33 33 18 8 9 13 11 13 
39 33 40 38 29 32 29 28 29 20 26 27 25 21 12 12 40 22 5 3 14 18 13 14 20 20 23 18 51 94 153 199 217 218 194 152 111 68 47 31 22 21 13 6 15 20 26 16 17 6 30 34 34 33 30 29 27 20 18 16 15 14 7 10 
5 10 30 31 31 37 34 32 27 18 23 18 20 6 16 27 48 33 23 17 9 17 9 5 11 22 37 63 113 161 201 222 215 192 145 96 62 24 16 15 22 28 22 18 18 16 19 7 18 18 29 38 37 37 35 25 17 8 7 24 24 15 13 15 
16 20 23 26 38 48 45 42 32 23 19 25 29 21 26 20 43 27 18 22 13 21 19 14 7 34 48 89 147 184 202 200 174 135 85 48 36 13 6 5 12 23 26 27 30 21 16 4 11 19 27 35 29 22 24 19 11 11 6 29 29 14 17 20 
11 17 16 25 44 54 51 48 40 36 26 20 16 12 21 14 39 17 4 16 4 18 18 17 14 53 80 125 177 198 193 169 129 85 43 21 21 13 15 18 12 8 11 11 21 29 30 26 18 4 15 21 13 9 16 26 30 27 16 23 28 16 18 17 
26 24 17 21 35 45 40 40 38 39 35 20 15 11 14 15 31 11 7 16 12 19 12 20 39 91 129 171 208 203 169 135 91 46 21 7 13 25 24 22 21 15 13 13 9 20 25 24 25 11 6 13 19 26 33 42 46 39 23 14 21 22 30 27 
35 26 29 23 25 33 23 30 35 30 32 21 22 24 14 11 25 6 14 19 15 15 10 34 63 120 148 177 197 163 117 91 48 5 16 16 23 26 25 17 18 25 19 12 6 16 21 23 30 20 8 8 18 24 21 32 43 39 24 9 9 20 32 30 
26 23 41 29 22 30 10 25 37 21 27 6 11 26 16 17 23 8 15 16 12 16 26 57 85 141 165 182 183 131 83 62 28 17 29 22 31 19 18 12 22 34 19 14 9 19 27 33 42 38 22 18 26 32 33 35 46 40 22 10 5 21 34 27 
32 23 41 33 23 34 7 23 43 15 33 15 19 34 13 9 18 11 21 15 12 20 33 78 102 150 176 185 169 109 63 41 20 21 28 21 26 17 15 12 24 34 17 14 17 25 33 36 47 48 35 29 32 33 36 40 49 40 18 12 12 29 44 35 

18 22 18 19 24 16 28 25 24 27 25 19 19 17 18 22 38 21 29 26 30 34 47 39 34 21 28 9 32 26 27 38 33 30 39 34 42 47 57 62 52 73 45 40 42 30 49 26 41 36 60 22 23 43 24 29 4 17 28 29 36 41 35 33 
13 19 16 17 20 12 25 26 16 25 24 19 20 17 23 17 34 19 20 13 19 24 36 36 30 18 19 4 26 27 28 37 33 32 41 35 27 27 42 55 50 57 24 30 35 34 43 27 40 32 50 15 13 39 15 23 9 16 24 27 38 44 44 46 
14 21 14 13 13 8 26 29 10 19 17 15 16 17 24 18 27 17 15 8 11 15 20 20 17 13 13 7 22 31 37 42 33 24 27 26 18 18 15 24 24 30 21 29 36 39 35 28 38 30 40 6 8 41 12 25 10 19 24 31 37 40 45 46 
22 26 21 21 20 12 22 29 9 9 9 12 14 12 18 25 21 26 23 20 15 7 12 15 17 21 25 26 33 41 43 37 24 17 17 22 22 24 26 37 52 50 41 27 20 27 29 34 41 35 35 7 19 45 18 35 12 21 23 35 41 37 42 39 
27 30 26 20 13 18 12 26 4 4 6 6 9 12 15 30 8 18 14 14 16 13 18 24 24 25 28 30 34 34 34 28 23 22 12 17 35 45 41 43 50 44 48 33 25 30 31 31 33 30 27 12 29 42 24 38 19 19 15 32 36 24 35 37 
26 27 26 18 8 14 17 29 15 16 13 4 12 14 18 27 16 26 22 21 19 18 19 13 15 18 18 14 13 21 34 39 39 33 28 33 41 41 23 22 30 25 32 19 17 20 18 16 18 17 14 19 32 33 26 36 21 15 8 23 29 30 43 55 
39 36 30 23 15 11 11 24 19 24 27 15 11 14 17 25 23 21 11 13 18 18 18 14 13 12 12 18 18 17 29 40 49 49 38 24 29 37 35 33 34 19 12 16 24 27 18 15 16 9 17 31 30 26 23 26 18 9 4 9 18 34 44 56 
48 46 37 30 16 13 13 24 19 24 30 15 12 12 17 21 16 6 20 23 26 32 39 38 30 29 26 22 23 14 13 20 29 30 23 18 30 39 39 31 30 14 18 29 31 32 24 20 20 12 19 33 25 28 29 19 8 12 18 18 15 28 22 21 
45 40 30 29 21 13 15 26 17 22 24 17 13 12 17 20 15 4 23 22 11 12 12 20 16 18 18 17 24 9 3 14 24 27 22 27 33 39 41 33 31 26 22 23 27 38 36 28 22 15 18 29 18 20 21 13 6 14 23 30 30 43 27 15 
44 36 19 16 16 9 19 24 14 20 25 27 17 13 18 24 24 22 30 24 16 17 11 16 14 18 25 27 31 16 10 24 33 36 23 18 22 30 30 21 15 16 27 33 42 45 38 32 29 27 26 28 27 24 22 21 20 19 26 34 34 48 33 21 
40 31 17 17 21 21 23 15 14 25 34 39 29 20 18 23 22 21 24 16 18 22 15 15 16 20 23 25 28 19 20 20 24 33 17 12 15 19 22 15 4 10 24 31 38 36 38 39 39 38 33 29 29 24 20 17 17 16 25 30 30 48 28 11 
69 52 35 23 22 22 14 3 20 38 47 45 35 19 15 22 18 21 19 12 15 16 15 12 4 12 18 22 21 12 17 31 44 48 34 21 10 12 15 12 13 12 19 23 30 31 38 41 42 44 41 34 34 30 24 17 14 10 24 25 20 41 23 24 
48 41 30 24 18 18 3 16 26 43 38 28 40 36 34 31 24 15 15 21 27 37 43 38 27 16 7 8 6 15 25 37 46 46 36 32 21 9 14 15 10 11 15 22 30 33 37 38 36 33 27 21 26 30 30 29 18 4 19 16 13 29 24 28 
17 18 16 17 13 9 7 23 27 38 23 27 45 44 31 18 15 14 16 11 3 14 21 28 27 25 27 17 27 30 29 28 24 24 19 22 17 12 13 16 10 9 10 23 31 33 34 36 30 18 19 17 18 18 26 27 25 18 23 16 10 17 12 10 
44 42 37 32 21 4 14 26 26 29 12 25 45 51 35 18 18 13 19 14 9 18 21 30 31 29 32 27 30 21 21 22 13 11 4 16 20 17 15 21 16 12 10 21 28 30 28 30 18 15 23 25 26 24 32 28 22 11 15 5 2 8 7 11 
40 42 36 33 36 22 18 29 27 17 8 25 49 61 32 8 18 25 31 23 23 27 29 35 35 30 28 26 25 14 22 22 21 13 11 20 24 24 21 24 17 11 5 23 23 20 19 23 21 34 40 39 33 30 39 35 27 13 12 5 5 9 12 17 
55 46 30 14 35 35 22 26 21 24 43 48 59 63 26 15 19 32 29 8 11 20 30 35 32 25 20 25 28 21 22 10 17 14 24 33 33 26 23 29 26 17 10 16 26 39 41 42 40 46 41 28 20 24 37 30 22 11 12 11 6 7 12 21 
55 49 38 23 19 30 35 35 30 36 47 43 48 44 11 23 24 27 27 6 14 23 31 34 29 22 12 20 27 12 6 17 21 17 31 36 35 36 35 34 24 6 12 19 31 42 37 38 41 43 30 15 14 27 37 28 24 23 23 27 26 25 27 29 
38 36 26 21 16 17 30 32 21 24 31 23 22 22 22 39 36 25 16 7 19 29 33 33 26 25 19 25 37 30 29 32 21 15 30 22 9 3 5 13 20 22 20 21 33 32 22 25 34 37 35 36 33 36 40 33 25 27 29 24 14 10 18 28 
44 36 27 25 24 24 32 32 18 19 25 19 18 8 18 33 20 7 15 24 26 20 18 22 11 14 15 20 32 22 21 23 18 16 29 21 15 9 7 8 28 27 14 20 36 28 21 21 20 13 16 14 21 20 18 19 15 12 13 21 29 30 35 39 
26 28 28 29 33 30 33 33 23 18 24 22 18 11 18 26 20 16 16 10 10 16 22 31 21 2 18 14 33 20 15 10 12 15 23 26 22 15 17 25 45 40 23 30 42 19 7 12 10 18 28 28 41 32 16 21 20 16 15 18 18 14 9 9 
20 12 14 17 26 30 30 31 28 24 30 36 35 34 27 15 21 15 15 23 33 32 26 32 32 15 21 14 38 26 18 11 15 17 15 24 31 10 9 12 34 44 22 26 42 27 14 16 22 26 23 22 38 20 16 12 11 13 11 22 27 28 28 32 
17 18 23 22 14 12 13 20 23 21 17 24 27 26 24 10 17 6 6 17 19 16 12 30 38 20 16 6 29 21 16 13 21 22 13 10 29 18 19 21 17 31 15 19 34 32 28 29 33 30 26 16 33 18 24 23 24 29 27 54 64 65 71 81 
25 21 19 13 4 7 9 10 17 19 18 17 18 15 21 19 18 14 5 18 20 18 18 32 37 28 22 18 23 13 7 9 12 16 12 7 23 9 12 17 5 22 20 29 40 39 26 17 15 13 22 23 42 35 39 42 36 37 37 70 79 85 98 106 
23 14 12 15 12 13 18 18 14 16 14 20 22 21 26 19 25 30 35 40 32 24 22 31 32 28 22 4 10 7 12 25 34 32 23 18 25 11 9 16 10 14 14 18 29 38 25 12 7 3 8 25 35 24 31 36 30 41 49 87 102 116 136 145 
30 26 21 16 14 9 9 17 3 12 22 31 29 26 24 13 22 23 24 18 0 9 15 23 19 24 29 12 12 13 28 34 30 29 23 23 30 22 16 22 30 31 33 33 29 36 21 12 11 7 3 25 24 24 21 30 30 48 77 124 147 164 186 193 
10 6 3 9 19 12 11 22 8 12 30 31 27 23 18 19 23 26 27 21 16 11 13 22 14 17 28 13 21 24 35 29 10 13 15 20 28 36 39 39 41 41 39 36 34 33 15 8 6 11 11 25 32 29 21 36 36 58 105 156 177 191 207 206 
10 11 12 11 15 11 15 23 15 19 28 5 15 8 9 27 28 31 27 17 10 4 13 22 19 22 33 14 20 19 29 24 13 9 7 10 17 24 29 26 24 21 18 18 18 19 14 12 12 10 10 6 15 2 16 46 63 89 138 178 187 180 175 158 
21 26 26 20 21 13 13 20 6 18 30 4 9 6 13 27 27 30 24 17 15 8 6 9 5 26 44 22 30 28 31 28 18 11 2 7 9 11 24 34 36 32 26 16 12 9 5 5 7 12 17 14 13 13 25 60 101 130 170 194 188 160 134 106 
8 13 18 10 20 23 27 37 29 23 24 4 9 13 19 24 33 37 35 32 29 24 13 8 9 26 46 25 39 35 33 29 21 15 5 7 9 16 18 28 30 31 34 29 25 22 14 8 10 15 23 22 27 38 58 101 153 178 194 197 178 141 110 90 
27 29 24 10 12 24 38 39 26 17 12 10 17 24 26 19 28 36 44 39 34 29 14 15 23 33 47 24 34 43 46 44 40 28 18 17 14 11 18 29 27 17 24 34 38 34 23 10 10 15 23 33 61 88 120 163 204 208 198 179 147 103 79 77 
18 14 9 20 19 30 40 39 30 17 10 20 21 24 15 11 20 29 42 33 36 39 30 29 29 38 53 30 23 38 42 37 32 24 17 13 18 15 14 31 32 20 3 13 22 35 36 14 11 16 27 54 87 118 155 186 210 200 173 137 98 55 28 22 
4 3 6 25 18 32 41 43 33 18 4 16 21 26 19 22 19 22 33 20 26 41 40 36 25 24 48 32 23 33 32 28 25 25 20 16 17 12 18 27 27 28 24 26 24 35 40 20 21 24 38 80 111 143 180 193 196 173 132 86 58 31 17 23 
2 7 9 26 24 33 41 42 34 22 7 6 13 18 12 15 10 15 24 15 21 34 39 30 32 33 44 38 33 37 33 30 27 26 20 23 24 16 8 15 27 34 29 28 24 26 31 22 26 33 66 121 146 169 194 182 163 135 94 57 39 27 19 18 
18 10 12 21 25 28 33 31 27 19 11 4 8 15 15 22 21 20 18 9 15 28 39 21 21 21 36 44 42 45 44 40 38 25 2 23 23 23 16 12 16 24 21 29 33 22 18 20 32 49 101 159 173 179 185 153 123 100 72 46 29 14 15 20 
17 9 5 19 28 27 21 19 16 12 11 12 18 16 24 29 22 10 8 19 17 21 35 33 40 35 39 43 33 29 24 36 40 27 18 14 19 27 21 18 12 16 13 19 32 18 10 32 57 82 136 186 188 177 168 132 100 81 61 39 24 11 23 33 
17 9 6 17 15 23 20 12 12 14 16 22 32 33 26 19 11 7 19 20 15 6 22 37 43 37 30 30 27 26 17 36 38 21 23 14 16 31 21 22 18 18 18 9 22 18 25 54 96 125 169 205 191 160 138 107 73 57 49 37 38 26 28 28 
19 15 14 22 12 18 21 19 21 21 18 24 33 38 37 19 7 10 27 32 27 26 27 33 25 24 11 15 22 17 15 39 27 18 20 15 11 23 18 21 18 23 30 33 40 47 59 90 135 165 189 202 170 123 99 77 44 40 46 21 39 29 27 31 
19 22 25 31 20 15 16 14 20 23 18 21 29 37 36 24 17 18 26 33 28 20 6 10 24 32 23 27 35 27 22 36 13 28 20 17 6 9 21 22 19 24 23 25 39 60 83 124 171 194 198 188 147 104 85 67 36 37 46 12 38 30 30 35 
20 26 31 38 28 15 17 15 23 20 19 20 18 38 37 24 17 15 23 30 31 32 26 26 44 42 39 45 46 41 33 34 22 29 9 10 4 12 19 19 20 27 22 25 53 91 131 176 204 203 184 158 112 78 69 52 24 25 38 18 37 30 30 37 
33 35 38 39 34 21 19 18 26 22 26 27 15 35 40 34 24 14 12 16 20 17 14 12 36 27 23 30 25 29 20 21 27 26 18 17 13 25 24 22 22 29 33 46 89 141 180 210 208 180 147 113 65 42 42 24 23 32 46 41 42 31 22 30 
35 35 35 32 27 25 19 19 32 23 26 28 20 34 36 38 30 18 18 15 18 16 13 17 42 30 18 15 14 29 19 24 27 12 9 9 12 21 18 17 14 26 47 82 135 180 199 207 185 146 112 81 47 36 36 16 11 10 28 38 42 38 34 34 
28 29 28 23 19 21 23 28 42 25 16 19 9 30 27 26 25 15 19 26 18 19 22 30 51 38 32 29 27 29 14 24 29 19 14 14 14 19 23 26 26 45 73 123 169 197 198 190 158 115 81 58 40 39 39 30 27 18 11 17 22 26 28 33 
33 30 30 30 23 20 18 16 38 25 14 23 20 27 25 19 19 11 13 24 6 12 14 21 44 30 24 26 33 33 18 19 15 17 14 15 15 16 24 34 44 71 108 157 184 199 182 152 116 72 39 33 18 17 24 18 21 15 23 27 29 31 28 33 
35 28 25 27 22 14 13 10 31 18 18 25 23 29 31 21 14 9 12 21 6 15 8 17 38 25 17 21 27 30 24 24 26 27 21 12 14 23 36 56 83 123 162 189 193 187 142 98 74 40 18 25 21 17 25 25 27 23 30 31 31 34 30 35 
18 13 8 21 22 21 36 36 43 28 30 28 20 23 24 13 11 13 12 20 24 24 24 29 35 22 12 19 18 27 31 29 28 24 35 26 36 57 74 102 146 184 204 206 185 152 98 61 50 28 15 15 15 10 15 25 29 24 26 31 28 28 25 22 
21 20 22 32 33 32 40 33 46 31 32 32 29 27 22 20 17 17 19 20 19 12 16 21 27 18 5 19 11 16 24 23 24 31 43 27 45 76 98 130 179 206 213 197 159 114 72 47 40 32 15 8 11 6 16 26 26 22 22 25 26 33 35 29 
32 27 25 33 30 23 25 19 36 16 17 19 23 26 24 31 25 15 15 15 13 12 18 23 30 22 9 22 12 16 21 12 16 37 46 39 62 97 127 164 200 209 201 162 118 81 48 24 21 26 5 6 7 2 16 15 18 21 20 13 24 36 46 51 
33 26 26 33 20 13 15 11 29 8 10 7 7 11 8 19 23 15 15 15 8 5 14 19 30 24 17 27 12 18 21 11 18 39 52 68 107 146 181 207 214 202 170 114 76 50 32 22 23 27 15 13 9 5 22 12 15 20 15 16 24 28 37 45 
38 25 30 36 14 11 15 17 31 12 5 1 8 12 8 17 22 16 17 18 10 8 17 25 36 32 37 35 23 28 24 12 16 48 71 102 148 186 210 211 195 169 124 72 50 36 32 36 42 39 26 24 11 15 27 15 18 21 14 12 14 7 7 10 
29 18 27 30 7 24 38 45 45 28 16 10 17 12 14 18 23 19 10 16 15 14 18 24 34 33 47 46 43 44 33 25 26 60 90 127 168 192 198 179 147 116 71 30 24 23 25 28 27 19 22 34 24 24 23 18 23 23 20 10 11 1 6 9 
17 14 27 37 42 49 57 56 47 37 28 25 32 15 12 15 28 35 32 28 18 9 11 17 24 28 42 35 25 22 14 8 42 88 130 167 193 195 184 150 103 74 37 16 23 23 20 19 14 12 19 32 19 24 20 19 20 18 24 14 7 3 6 11 
24 22 14 12 27 36 44 46 39 32 27 30 39 24 14 9 13 24 24 21 17 9 15 22 22 32 38 31 27 28 18 18 76 132 177 203 206 182 153 109 59 44 33 29 27 29 25 18 6 11 17 31 20 29 22 12 11 15 19 12 19 23 22 22 
20 30 35 30 32 41 41 33 25 19 14 25 35 26 12 6 9 21 20 18 19 9 17 24 21 30 25 20 18 19 31 76 135 179 204 201 177 137 102 65 28 22 21 18 18 25 27 25 12 23 25 30 17 24 23 12 3 20 20 10 13 8 9 11 
15 11 12 23 22 32 40 25 21 18 16 19 24 30 24 24 25 24 26 22 22 17 21 23 25 27 18 9 18 32 74 137 185 208 210 184 143 94 62 39 14 5 12 13 16 19 23 29 21 28 26 20 17 24 21 7 12 25 13 4 13 18 20 17 
9 9 21 31 26 33 38 20 20 7 12 14 10 20 18 25 41 30 24 21 26 30 29 28 26 17 21 12 38 68 129 189 213 211 194 159 116 72 44 27 13 7 3 3 8 9 20 27 22 24 22 11 13 18 18 16 29 31 16 13 13 14 15 16 
49 39 40 36 12 18 21 16 27 16 27 29 28 21 8 18 44 37 19 12 9 13 8 6 1 9 31 52 95 141 196 228 221 192 154 111 70 41 31 20 19 20 15 11 14 8 21 26 24 22 19 12 18 24 23 23 27 20 18 26 21 19 18 23 
15 14 32 35 18 27 23 26 34 27 35 23 25 11 16 25 45 36 24 22 15 27 22 18 9 26 52 100 161 203 227 225 188 142 98 63 39 15 15 11 16 26 26 21 20 11 20 24 23 20 10 17 24 30 33 28 20 15 11 31 26 17 21 26 
23 25 26 28 29 36 29 33 42 39 35 17 27 19 29 20 42 26 18 22 14 24 13 12 16 56 85 143 202 217 208 179 126 78 49 37 33 20 14 8 8 18 24 26 30 20 18 15 15 21 9 16 22 27 33 33 18 14 8 34 33 19 27 32 
21 20 13 17 37 41 27 29 36 48 46 23 18 17 30 21 39 17 7 18 8 19 8 14 37 89 128 180 219 210 177 133 79 39 26 26 28 22 20 20 17 9 10 9 20 21 21 19 18 20 17 18 20 24 27 31 20 18 17 31 35 26 31 32 
34 26 12 9 38 49 37 32 25 34 46 23 17 21 24 21 31 10 3 11 13 16 13 31 69 132 170 204 221 191 140 93 45 13 11 15 23 29 25 21 23 17 13 8 10 16 20 23 31 23 16 5 6 21 25 34 30 25 14 19 33 32 33 30 
42 30 28 16 25 39 27 29 30 16 41 27 28 34 17 8 19 7 9 14 14 14 38 61 102 162 183 196 194 141 88 53 13 11 14 9 23 27 25 17 22 27 17 9 7 11 15 21 31 21 18 13 12 23 7 21 27 23 19 14 22 28 31 29 
16 19 40 28 17 30 15 29 41 5 35 11 12 36 12 6 16 9 4 11 14 30 60 86 127 180 188 184 162 99 59 38 14 18 18 9 25 7 18 14 24 36 13 9 7 11 17 24 34 26 19 16 13 27 20 14 27 20 19 15 16 28 29 21 
14 9 37 34 15 30 5 26 54 3 37 6 8 42 10 7 18 14 6 9 19 40 76 107 141 184 186 170 136 74 49 34 18 18 22 14 26 6 16 14 27 36 10 13 8 15 21 27 39 37 29 21 8 18 18 10 24 13 6 7 21 36 33 24 

9 13 7 8 15 16 20 24 22 19 20 15 13 17 14 12 33 19 30 22 22 24 35 35 28 19 29 11 39 21 9 9 26 18 22 21 42 46 51 54 51 72 48 46 39 27 51 29 34 12 52 13 16 37 26 37 33 25 9 14 30 38 35 35 
16 21 19 19 18 15 18 27 18 21 18 15 16 15 20 7 26 15 25 13 9 9 19 27 22 14 18 14 32 21 14 6 21 21 27 18 23 32 47 58 53 53 21 34 41 37 43 24 29 13 47 9 9 34 24 34 33 25 10 16 33 37 40 46 
14 18 12 9 8 9 22 30 12 19 13 12 16 15 23 19 22 19 25 15 16 18 16 18 17 14 17 15 22 21 21 18 18 11 17 14 5 15 11 21 18 18 11 31 39 41 35 19 26 18 45 11 10 39 27 36 26 19 9 24 32 30 38 42 
17 20 18 19 18 14 20 31 3 12 15 17 20 18 20 29 27 34 31 22 21 17 8 3 7 19 28 26 28 33 34 24 16 15 21 24 16 20 21 28 38 36 29 19 20 28 21 18 31 28 46 18 18 44 23 39 15 7 5 33 39 24 33 30 
9 11 9 6 10 18 14 32 13 15 15 10 8 9 13 31 9 27 20 18 26 21 21 20 20 25 28 29 30 32 36 17 5 21 34 39 35 40 35 35 40 39 44 26 20 29 23 25 33 35 45 28 31 43 20 36 13 8 6 37 39 24 40 43 
13 8 15 13 15 17 20 38 23 24 23 19 12 8 12 26 18 30 22 20 25 23 26 21 22 27 24 11 5 21 36 37 32 33 46 48 40 34 6 12 23 19 28 24 25 31 30 26 26 27 33 27 27 31 18 29 14 11 9 32 35 36 50 62 
14 2 14 16 21 20 20 33 14 21 26 29 20 8 7 16 18 18 11 17 26 25 20 19 21 20 16 14 14 19 34 42 47 51 50 37 27 26 29 31 32 16 14 30 38 39 31 25 21 8 17 25 25 33 28 23 15 10 7 18 31 44 54 67 
24 20 17 12 12 19 20 33 11 18 26 29 26 3 5 7 12 2 21 30 35 43 47 46 35 28 21 21 27 30 33 29 23 22 32 30 15 10 18 26 36 26 27 30 29 29 21 19 19 7 14 25 24 35 37 24 7 7 11 5 9 29 29 35 
27 21 24 27 26 21 24 36 9 17 23 28 29 6 8 6 11 11 22 23 7 12 21 31 27 21 24 31 40 38 34 27 20 17 29 32 20 9 18 28 37 35 31 15 12 26 26 22 17 15 14 19 14 21 24 18 9 6 18 15 15 30 17 21 
37 30 23 8 10 10 24 35 8 13 24 30 25 9 9 6 13 18 30 26 14 15 6 24 23 20 27 35 45 42 35 33 33 33 37 37 32 24 15 21 24 27 33 18 23 26 25 24 22 24 18 10 11 16 18 19 19 18 26 25 23 32 20 22 
36 29 21 11 18 24 27 25 5 17 28 31 21 10 9 11 18 26 30 19 16 21 16 25 26 26 25 27 38 42 37 29 11 15 26 30 30 27 15 17 15 19 32 22 25 22 19 19 20 22 18 10 12 12 6 10 11 11 24 21 19 33 21 17 
49 39 27 15 20 23 14 8 13 33 40 39 24 4 10 17 18 26 29 21 19 13 9 15 17 21 27 31 34 35 25 33 35 40 40 31 24 21 4 14 20 22 29 15 9 9 11 14 20 26 29 26 25 24 15 11 9 2 23 8 7 31 20 19 
31 27 24 21 20 21 6 9 21 42 38 33 28 18 26 30 27 18 19 25 33 41 43 33 19 3 15 21 14 15 21 35 40 41 38 34 24 16 6 16 15 18 25 17 9 13 13 16 21 19 17 18 19 22 21 24 16 13 21 5 5 24 26 29 
21 16 11 16 18 16 6 15 22 39 23 22 30 32 30 25 21 18 13 7 6 11 19 20 12 12 22 11 22 25 30 30 27 24 27 33 25 11 5 18 15 19 19 20 11 10 5 12 10 5 16 19 19 13 15 16 20 21 24 18 12 16 15 13 
32 29 26 30 21 3 16 26 28 33 12 23 36 47 40 30 24 16 9 6 8 11 12 18 14 14 25 23 30 13 21 25 23 22 20 27 21 14 14 24 20 23 19 27 16 10 8 17 6 21 25 26 27 22 27 12 11 14 15 8 6 6 3 6 
36 32 28 30 30 18 23 34 31 23 7 25 45 55 32 16 19 24 23 21 20 16 13 12 11 12 21 24 30 14 23 20 24 25 15 18 14 12 9 18 11 20 14 29 23 7 8 18 19 38 41 38 32 28 36 20 12 12 14 10 8 8 13 17 
53 41 28 11 28 30 30 36 24 21 37 41 54 58 24 10 18 38 41 28 24 18 16 13 7 8 18 27 36 29 24 7 15 21 31 37 35 33 30 33 30 28 20 20 17 26 32 36 37 49 42 26 16 21 38 20 12 8 13 14 9 7 7 7 
41 36 35 22 14 25 40 48 39 45 51 47 51 47 16 21 28 34 39 30 29 24 16 15 8 13 12 23 36 26 10 16 21 26 42 38 34 35 33 32 19 4 9 19 29 38 36 37 38 41 23 8 2 22 35 25 27 22 23 29 24 21 26 33 
21 22 29 22 7 5 23 35 22 28 30 22 27 29 31 45 39 34 31 29 32 25 17 15 10 17 18 25 38 36 34 34 26 25 40 25 12 9 9 17 14 18 18 18 28 30 27 33 40 38 28 27 24 27 36 38 34 32 32 27 13 8 13 19 
27 24 29 25 11 12 21 32 18 22 21 9 16 21 30 38 12 17 23 24 20 12 12 16 9 5 15 19 29 22 21 18 16 18 32 22 16 9 11 18 27 24 7 9 27 26 28 37 41 36 35 33 32 24 20 20 13 7 4 10 26 33 32 32 
17 24 34 34 28 23 19 30 23 21 18 8 13 22 28 34 15 19 12 6 17 30 38 41 30 11 18 18 31 18 15 9 5 6 20 24 12 3 7 18 40 33 19 22 40 24 20 27 25 29 37 40 45 34 19 7 10 7 6 11 31 35 31 27 
34 28 33 35 33 35 33 30 25 24 27 23 19 24 22 26 21 20 17 24 30 31 30 35 39 28 19 15 34 23 16 11 8 4 9 27 30 15 15 14 31 34 11 14 39 28 18 19 24 33 33 36 46 30 28 7 11 7 6 29 48 48 54 65 
34 33 34 34 29 30 30 25 22 20 20 25 21 20 16 8 21 14 8 21 20 13 16 30 43 35 20 17 24 12 9 9 9 9 12 16 30 20 26 28 23 26 11 15 34 35 32 27 33 34 31 34 46 32 37 29 35 37 37 72 90 92 105 120 
30 27 27 29 28 27 27 20 18 17 8 12 12 13 24 22 26 19 10 26 23 17 20 34 45 39 25 22 17 6 6 13 14 16 24 23 31 17 18 20 10 17 18 26 35 37 36 24 20 17 22 34 50 40 46 43 38 39 46 92 107 114 134 144 
25 23 21 26 26 28 32 26 18 18 4 10 10 13 23 13 23 25 35 42 27 15 17 30 41 37 24 14 9 7 13 23 35 37 38 39 45 29 20 21 12 13 15 13 19 26 26 9 7 8 11 32 40 28 32 28 22 30 50 105 123 132 153 159 
20 20 16 18 20 21 23 23 14 16 19 19 12 15 22 20 21 18 27 24 8 11 14 24 33 34 31 16 5 11 25 29 27 29 31 35 44 34 21 21 26 19 25 25 20 29 25 7 8 12 8 31 30 30 31 27 27 45 87 144 164 170 186 185 
6 10 4 10 23 18 12 17 15 24 37 29 18 12 14 23 20 23 31 24 14 9 13 23 29 30 31 16 14 19 27 26 8 12 18 25 31 34 23 27 40 42 41 35 31 32 19 7 8 12 11 29 37 36 35 40 52 76 123 171 183 179 185 174 
8 13 8 4 17 9 12 18 15 24 34 15 14 7 13 28 24 26 26 13 7 14 19 24 27 31 37 13 11 12 23 24 12 10 10 13 15 25 23 23 33 35 39 39 37 34 24 14 11 5 8 14 22 25 39 64 94 119 155 183 176 150 135 112 
18 25 23 18 25 18 13 15 9 24 36 14 10 9 14 24 18 22 16 10 18 22 16 17 15 31 45 10 16 12 22 22 6 6 5 5 4 17 19 20 29 32 41 45 45 37 25 15 7 7 11 16 24 39 58 96 139 157 176 183 161 120 90 64 
18 21 19 6 18 24 14 23 21 26 34 16 12 10 15 18 21 30 27 29 28 31 20 12 10 28 43 6 22 18 24 22 11 11 13 11 6 18 19 21 20 14 30 42 44 38 26 16 9 12 17 28 52 81 111 157 195 192 184 171 139 99 73 60 
31 32 28 19 14 23 19 26 19 24 27 16 14 17 26 19 16 22 23 19 18 26 17 11 14 30 45 19 15 28 36 38 39 34 31 31 28 14 14 27 28 14 23 39 44 41 32 17 9 15 30 54 96 136 175 211 224 195 164 134 98 63 50 55 
20 15 13 20 18 28 22 29 24 25 22 15 12 9 13 7 10 15 24 22 26 36 31 24 24 35 48 30 11 15 18 15 14 18 22 23 24 18 9 22 27 23 23 22 24 34 41 24 18 26 51 86 130 166 197 211 201 161 122 87 61 35 24 25 
14 10 11 21 22 32 26 34 30 28 22 14 10 10 14 19 19 20 26 17 13 33 40 36 32 27 39 30 14 13 10 14 23 32 30 28 16 11 13 21 25 30 38 34 24 28 43 28 33 43 72 119 158 185 204 195 168 120 74 44 37 24 21 26 
10 6 6 16 20 26 25 29 27 24 19 16 15 13 7 12 13 11 14 6 9 25 39 27 31 29 37 38 24 16 14 21 27 30 25 32 18 0 13 20 26 26 33 37 30 21 34 32 47 65 108 165 190 198 201 171 129 81 47 36 33 25 22 20 
17 12 6 9 13 15 24 19 16 15 12 15 18 19 16 19 21 18 11 13 8 18 37 21 25 20 31 44 27 24 27 31 38 30 11 36 19 9 7 14 17 14 12 30 39 24 28 45 71 97 147 198 199 185 169 127 83 53 44 43 35 21 15 15 
17 10 3 12 12 15 13 13 10 2 14 20 26 24 26 32 32 28 23 23 17 9 29 33 38 31 34 42 21 24 29 40 44 28 12 32 21 20 11 15 13 12 10 17 38 24 30 68 108 131 170 205 185 153 133 99 69 54 51 46 34 21 15 24 
15 6 6 15 7 27 27 25 19 13 23 30 38 41 36 33 33 32 28 25 27 15 9 24 26 30 25 29 16 24 29 45 41 16 24 24 23 26 8 16 11 11 18 5 31 31 47 99 149 163 186 206 169 123 102 84 56 42 45 42 46 37 28 25 
13 3 2 20 16 34 39 36 32 21 19 25 31 42 47 36 35 39 39 32 25 20 17 28 18 29 13 17 15 19 30 46 30 11 22 14 19 24 12 14 8 16 30 36 51 65 87 136 180 184 189 186 132 80 66 60 29 28 40 15 43 37 30 29 
11 14 17 27 21 29 34 33 33 22 12 23 25 39 41 32 34 40 44 43 38 31 18 16 15 30 16 23 37 37 43 49 24 23 20 9 14 16 21 20 13 12 15 32 61 90 118 163 195 188 175 152 99 61 56 50 23 28 42 9 44 36 34 33 
17 18 16 28 24 18 26 25 27 16 7 27 19 40 38 22 20 25 30 34 29 32 28 25 40 45 38 43 48 41 42 42 28 32 15 6 16 14 12 14 16 25 24 37 81 127 159 194 203 175 144 115 70 44 45 35 12 21 41 23 42 35 33 32 
12 13 14 24 27 16 15 15 23 16 15 26 11 36 37 24 9 7 12 22 17 15 19 12 31 32 27 29 25 13 22 26 31 30 17 15 15 22 16 12 16 27 45 75 127 174 194 205 185 139 103 77 35 18 27 17 29 36 52 49 46 34 26 23 
24 23 25 23 20 18 12 15 29 20 19 26 11 33 33 30 19 16 12 9 14 11 17 8 33 36 36 35 29 28 28 33 35 18 13 13 12 23 11 7 10 35 80 129 178 206 197 180 143 93 63 47 19 16 24 6 16 11 29 40 44 42 37 27 
30 31 29 19 13 15 19 23 40 30 27 29 10 33 33 32 27 22 19 10 9 7 18 23 42 44 46 42 30 21 14 28 33 23 19 17 12 21 23 30 43 75 121 169 199 204 173 143 107 64 41 41 28 28 30 26 31 25 14 12 16 21 24 21 
38 36 33 28 16 14 16 16 38 33 24 26 15 19 29 33 32 28 30 25 17 10 13 22 36 33 38 39 34 26 12 23 21 21 21 20 16 21 35 52 80 115 158 191 196 189 141 102 74 23 6 31 12 4 17 6 22 30 28 23 23 24 26 29 
48 39 35 36 27 20 21 21 35 33 24 26 25 26 30 30 25 23 25 25 20 17 12 23 30 24 29 32 34 30 18 21 8 15 5 8 15 31 59 91 133 173 205 211 189 162 99 60 54 23 27 38 30 18 23 8 15 31 38 27 27 33 40 47 
27 17 9 19 17 12 28 29 39 37 36 33 25 22 22 12 19 21 22 28 31 27 28 38 37 27 26 31 32 34 32 33 22 11 25 31 51 82 115 150 191 215 221 200 160 117 61 34 38 15 23 27 21 12 20 17 18 29 39 30 17 15 18 25 
16 14 19 29 29 25 29 18 30 25 24 25 22 18 12 5 14 17 18 21 18 10 16 23 21 8 9 24 22 21 21 28 22 23 40 39 72 116 148 178 209 215 202 167 121 81 45 31 36 29 27 21 16 8 19 30 25 26 34 24 22 30 32 32 
20 15 14 25 26 21 21 13 24 5 5 11 18 25 24 26 15 9 6 5 7 11 21 27 28 18 12 25 21 19 19 17 11 31 50 56 96 140 170 196 210 196 169 123 86 60 37 23 24 21 12 10 10 8 15 21 20 22 32 15 21 33 39 43 
22 14 14 25 23 23 24 20 27 10 6 9 13 21 19 27 22 15 14 14 11 12 22 26 33 24 19 30 21 23 19 15 23 46 72 103 150 187 208 214 198 165 120 71 49 41 37 31 29 26 21 18 14 18 24 23 21 23 31 13 19 23 31 38 
27 15 20 30 24 25 24 19 27 10 6 8 14 19 14 22 23 18 20 20 15 17 26 30 36 29 34 39 28 28 23 19 37 72 107 144 185 207 209 189 155 118 73 38 30 30 36 40 44 42 31 25 15 22 32 30 26 27 31 8 13 7 14 22 
29 20 24 27 14 16 19 25 28 14 13 13 23 17 16 23 29 27 15 19 21 23 32 37 37 33 42 46 40 37 33 37 64 106 136 167 193 193 175 143 104 71 30 12 9 14 21 20 16 5 16 28 26 33 36 36 31 32 38 16 15 6 7 5 
21 18 23 25 22 27 33 34 27 18 18 19 30 16 14 15 28 36 26 28 24 26 31 32 27 21 29 30 12 8 18 44 94 146 177 197 202 177 145 107 64 42 17 22 20 19 13 9 10 22 25 27 22 34 33 36 30 28 37 17 9 9 13 19 
18 13 15 18 23 33 40 41 30 21 17 31 37 23 16 8 20 30 28 30 28 32 36 35 25 24 25 20 5 12 34 75 136 186 210 210 189 143 105 69 32 30 28 27 22 28 21 11 8 22 20 23 18 37 34 30 25 27 30 14 15 20 19 20 
13 22 27 23 27 36 41 40 30 21 16 34 38 25 14 11 18 29 28 28 31 36 39 38 30 31 20 16 21 36 81 135 186 215 210 181 138 88 59 38 19 20 16 15 16 27 33 29 23 33 28 22 14 33 33 25 19 26 25 15 15 9 6 13 
15 20 9 10 18 27 42 37 31 25 23 30 28 30 30 33 32 36 39 34 37 41 43 40 36 32 14 24 44 75 134 187 216 217 190 147 100 56 34 22 8 10 13 15 19 22 24 25 18 28 20 11 11 24 19 10 17 26 21 18 15 16 15 18 
13 18 10 28 34 41 51 40 33 21 20 23 21 20 15 24 35 41 44 41 46 53 52 48 42 33 27 49 84 126 185 217 214 186 150 108 68 43 29 21 16 14 10 4 8 10 14 21 11 18 13 12 16 21 13 12 25 27 19 18 9 12 19 26 
51 40 30 27 19 30 38 28 28 17 22 19 20 17 12 21 30 37 33 31 32 36 31 27 21 29 52 95 145 189 227 228 191 140 96 57 30 23 20 16 21 28 27 20 17 10 11 17 10 7 10 14 18 22 21 25 27 21 19 27 14 13 18 26 
30 23 26 33 27 31 29 17 24 29 38 23 21 8 21 27 33 29 20 25 26 36 27 20 18 52 85 139 196 223 227 196 136 82 46 29 25 13 12 12 16 26 28 24 24 18 11 14 6 9 14 16 20 26 30 39 30 26 24 37 29 10 10 15 
32 25 15 29 39 42 32 19 38 46 43 16 17 7 30 24 35 19 12 21 19 24 15 22 48 99 134 184 225 216 185 135 70 28 22 22 23 9 7 5 10 17 20 23 30 26 19 19 13 17 15 11 17 24 34 49 34 25 14 32 36 18 20 24 
32 22 10 22 44 47 29 8 28 56 57 29 14 12 33 31 40 22 16 21 16 19 29 49 91 148 178 209 219 180 132 82 29 8 22 21 23 20 20 20 21 15 9 8 21 21 17 20 24 26 30 25 28 32 34 50 31 19 18 31 41 28 27 27 
44 33 20 8 38 48 36 31 19 38 54 25 17 24 17 20 30 17 13 14 13 26 56 89 137 189 206 211 194 139 86 44 9 14 21 15 18 24 21 20 26 21 12 5 15 16 17 21 30 19 25 19 18 28 22 43 26 13 4 22 42 32 23 19 
51 39 38 15 23 38 31 36 32 22 47 21 23 36 12 11 21 18 18 18 23 49 90 125 172 209 205 190 156 90 42 15 16 18 21 9 15 22 21 12 22 28 18 3 10 12 19 28 36 26 25 21 20 30 12 34 24 12 9 14 36 34 28 24 
25 26 46 28 14 27 19 37 43 13 42 15 15 40 6 14 15 12 12 21 39 76 116 151 194 218 197 167 119 49 21 9 17 14 21 11 25 15 19 9 23 37 23 8 8 5 14 24 35 30 31 32 29 33 18 27 28 14 19 24 34 39 32 27 
26 22 44 34 18 27 11 35 56 15 42 8 7 46 12 21 15 14 16 32 60 99 140 172 205 215 184 146 95 30 22 9 12 12 23 12 31 9 15 11 28 41 26 14 6 5 14 18 31 31 35 39 34 29 13 23 29 19 15 15 33 44 39 37 

9 13 13 19 19 13 14 24 23 25 18 25 27 30 26 3 29 21 22 20 20 20 29 37 29 19 24 13 41 17 11 7 25 15 21 13 31 32 43 54 56 65 42 41 36 27 39 26 36 11 44 9 16 29 27 39 35 35 20 15 29 23 18 22 
17 18 15 19 15 11 18 29 19 27 17 21 21 21 25 11 19 18 19 15 8 3 16 24 22 14 13 13 32 17 16 8 18 13 18 7 18 30 49 60 59 49 15 28 37 39 37 24 30 8 41 6 14 28 28 38 35 35 24 26 31 22 25 33 
22 21 15 12 4 7 20 31 14 27 18 19 20 15 21 19 16 21 19 12 13 20 23 28 26 14 10 11 21 19 20 10 16 10 20 16 17 23 24 26 26 16 14 24 33 39 36 25 29 16 45 14 10 33 33 42 30 29 20 33 31 20 29 33 
18 18 16 17 14 12 18 33 6 24 28 30 30 24 22 31 28 36 25 14 14 9 14 10 3 16 24 23 27 32 31 18 21 18 25 20 17 22 18 17 21 21 23 9 12 24 20 11 23 12 45 23 21 42 30 39 25 19 10 37 34 18 31 31 
13 10 10 9 6 11 16 36 10 21 24 17 16 8 11 28 4 30 8 2 23 2 20 15 17 28 24 24 26 33 35 12 7 9 25 27 28 35 30 26 28 30 37 22 16 25 17 20 30 28 46 35 36 48 31 33 21 12 6 39 31 19 39 40 
14 8 15 14 11 7 20 39 14 15 15 18 22 12 12 24 18 33 16 14 24 9 25 17 20 32 21 11 9 24 34 25 16 15 30 26 24 23 6 11 16 10 24 32 34 39 39 33 32 30 38 35 32 38 26 23 13 10 6 30 32 39 51 58 
18 9 18 20 19 16 25 42 22 17 15 24 28 15 12 12 12 20 10 16 27 17 12 9 13 27 18 13 18 30 37 41 41 42 34 15 15 24 37 36 35 18 15 35 44 46 39 30 25 14 19 28 33 40 34 16 6 9 12 23 39 49 55 63 
25 15 14 8 18 23 27 42 24 23 26 23 31 15 13 9 10 9 21 28 33 39 40 38 25 21 9 13 27 41 50 49 42 33 14 17 15 21 30 20 35 32 34 27 20 23 19 20 17 6 6 18 27 33 36 27 11 7 18 15 20 26 22 24 
27 18 21 23 27 22 29 43 24 24 24 20 32 15 16 16 17 23 32 36 26 28 30 30 20 4 11 21 33 48 57 53 43 30 15 28 24 16 17 11 33 40 41 23 15 21 20 19 13 18 17 14 19 15 19 21 16 9 26 19 14 18 10 22 
31 25 26 13 6 13 27 43 32 30 34 32 32 18 18 15 18 27 40 41 33 33 23 24 19 10 16 21 36 51 58 56 50 42 34 42 40 33 25 19 26 34 39 21 19 16 15 16 15 22 21 9 14 13 12 21 21 20 29 19 10 17 24 35 
24 22 21 14 13 27 31 36 32 29 27 25 22 15 15 18 27 38 45 38 34 35 28 29 26 21 17 17 33 53 56 47 34 19 13 30 35 31 18 13 17 27 38 31 31 28 22 14 7 8 14 13 15 16 9 16 13 10 22 7 6 22 32 39 
20 15 15 11 15 22 17 21 22 26 22 20 10 12 16 24 28 35 38 26 27 25 21 25 25 22 28 36 42 52 42 38 35 31 36 31 29 28 15 17 17 24 34 27 24 24 25 21 20 18 21 26 27 27 23 19 17 9 19 9 16 30 36 35 
27 22 24 20 21 21 7 11 15 32 27 26 16 14 23 30 32 24 21 21 27 35 38 30 24 17 26 37 37 34 24 25 34 36 38 28 20 21 16 20 11 16 26 27 27 30 32 31 27 17 9 12 12 14 18 25 18 9 14 15 18 27 30 27 
22 12 12 21 27 23 13 9 16 35 21 19 20 26 30 28 25 19 13 11 6 9 15 13 12 17 25 20 28 25 27 25 28 31 38 34 18 11 11 18 8 14 21 27 21 22 22 24 16 21 28 27 27 22 18 22 23 16 13 16 13 13 11 6 
21 14 19 28 23 10 18 25 26 30 11 20 26 43 45 37 29 21 15 14 10 13 8 13 11 12 23 16 30 15 22 22 24 31 40 42 30 20 14 20 12 18 24 36 26 23 21 26 20 35 38 38 41 38 38 25 22 17 7 7 13 9 3 5 
27 22 25 24 19 16 26 37 34 25 16 24 33 47 35 22 21 24 27 25 18 15 4 10 10 9 19 12 26 18 23 16 18 20 19 24 15 11 7 16 4 9 18 37 34 22 17 20 22 46 48 43 39 35 45 26 16 17 13 18 17 7 12 18 
38 32 31 18 21 24 31 42 28 22 32 29 41 49 27 15 12 26 42 35 27 23 4 11 8 4 15 12 27 29 22 6 6 7 37 43 43 44 41 40 35 30 27 33 27 24 28 31 35 56 48 33 23 27 47 24 13 19 17 19 12 14 19 16 
25 25 37 24 13 18 35 53 42 48 52 44 45 42 16 18 25 22 35 31 25 26 16 12 11 9 3 7 24 27 13 16 21 22 47 38 32 36 34 31 16 12 21 28 29 29 23 22 23 40 22 15 12 24 40 22 20 20 21 26 16 19 21 28 
6 18 37 22 9 8 14 37 17 30 29 23 21 22 28 43 42 38 30 27 23 18 14 10 10 11 13 13 23 30 31 34 32 29 43 24 14 17 14 21 15 20 21 20 22 19 12 14 20 27 17 9 8 15 27 31 27 23 26 24 11 22 24 30 
12 20 33 21 6 16 18 35 19 25 15 6 10 21 32 36 17 30 17 16 16 22 26 22 17 4 10 14 20 13 14 17 19 24 35 23 16 8 6 18 22 21 11 12 16 15 21 28 35 31 29 27 27 21 19 26 22 15 7 9 28 42 42 45 
11 21 32 22 12 21 19 35 25 20 7 6 12 21 28 31 15 33 9 16 27 41 45 43 34 21 14 17 25 9 4 5 5 8 20 21 14 15 16 20 30 23 12 17 30 11 11 20 25 30 33 37 42 35 27 18 19 13 7 18 46 58 59 63 
31 31 37 33 23 20 11 20 11 10 14 8 13 23 26 33 22 33 20 24 26 29 22 30 40 36 18 16 25 14 9 7 9 8 12 29 33 27 29 31 34 29 15 15 32 16 9 15 29 42 39 41 47 37 41 23 19 14 14 43 71 77 86 101 
27 26 30 30 24 22 18 15 18 16 21 21 21 23 24 33 32 28 12 20 19 17 8 23 42 41 24 25 19 5 6 8 8 10 12 15 28 19 25 30 30 31 24 24 33 24 21 20 37 41 38 39 46 36 49 40 41 45 51 95 124 131 146 162 
14 15 22 28 25 20 16 8 19 15 11 9 9 21 33 42 41 29 11 28 23 20 16 25 44 39 25 21 11 5 12 16 19 22 24 17 31 10 12 21 21 28 32 36 43 37 34 18 27 24 27 34 42 31 43 39 38 46 71 127 154 158 175 183 
22 27 29 33 28 24 24 19 24 21 15 12 4 12 22 28 29 22 30 40 21 13 13 14 40 34 16 13 9 8 19 21 32 36 33 30 45 26 15 22 18 25 28 30 31 24 30 10 15 17 18 34 34 14 21 20 30 47 86 148 170 163 172 171 
18 22 25 32 29 29 30 30 27 15 19 13 6 13 15 24 21 9 21 26 12 17 22 9 31 30 21 22 10 16 27 24 24 22 18 15 33 26 15 22 24 18 23 27 23 18 25 5 11 15 10 33 27 21 19 20 47 79 128 186 198 182 183 174 
14 16 17 27 34 31 21 13 6 13 33 20 14 12 6 18 12 12 24 25 12 8 17 6 21 26 21 19 14 19 25 22 10 4 4 2 18 30 19 20 30 18 17 12 13 17 15 3 10 16 11 30 34 29 26 45 84 119 163 203 201 172 163 148 
16 18 13 21 27 22 20 15 8 18 31 6 6 8 12 22 16 17 25 18 13 12 15 9 15 28 31 15 9 12 21 22 14 12 13 11 3 29 21 15 27 11 13 14 15 17 8 9 14 10 6 12 20 22 43 81 128 156 179 197 177 132 109 89 
10 12 5 14 22 25 23 17 16 22 33 11 8 8 14 17 3 10 12 18 30 31 27 22 15 31 41 13 15 12 21 21 7 11 12 13 7 20 18 16 29 16 11 11 22 22 5 9 11 9 15 15 30 55 83 129 173 183 183 177 145 95 67 51 
16 19 14 13 10 23 21 18 18 15 28 8 8 12 16 13 10 19 26 32 33 36 27 20 17 32 41 10 18 13 24 21 12 15 16 19 13 12 19 29 36 19 8 6 22 24 7 8 10 17 22 35 72 111 150 192 212 192 168 147 111 70 50 41 
23 22 21 22 17 21 18 19 11 12 23 9 6 18 27 22 17 4 7 6 9 24 22 15 15 27 37 15 6 18 33 36 40 37 35 36 32 18 17 30 38 30 26 21 30 34 23 13 7 20 37 67 119 164 199 218 206 163 127 98 68 38 29 36 
17 10 10 15 14 17 13 26 16 17 21 9 8 9 18 15 20 11 12 13 15 27 30 19 20 27 39 31 17 13 16 8 9 11 17 12 19 22 21 27 31 36 37 18 20 24 26 18 24 42 71 110 157 188 203 194 163 118 83 57 40 19 15 22 
14 9 11 16 18 21 12 23 16 20 22 12 8 10 17 23 29 26 27 26 23 24 34 23 20 17 23 28 17 14 16 11 21 32 31 21 9 25 26 29 30 41 52 42 32 20 22 18 43 65 104 153 186 199 198 169 127 80 44 24 24 14 20 29 
19 12 10 13 14 16 18 21 15 15 10 7 11 16 17 18 25 24 17 21 22 22 36 15 10 11 23 36 24 17 19 12 21 33 30 29 3 22 31 34 31 32 44 42 36 21 11 31 64 91 142 198 210 202 186 142 93 51 28 21 24 17 21 25 
22 17 12 11 8 19 33 32 27 23 12 4 4 12 11 17 25 29 24 27 25 23 34 16 16 18 24 43 30 25 28 21 27 31 24 39 3 16 32 37 31 23 21 31 39 15 11 59 98 128 178 222 207 177 147 97 53 30 31 39 36 25 15 12 
20 17 11 10 6 24 23 24 22 13 18 17 14 6 12 20 21 21 18 19 23 22 30 34 35 35 32 43 33 36 42 37 34 23 17 39 7 15 29 32 26 22 14 18 40 24 38 97 143 161 190 214 177 135 106 72 47 43 50 54 42 28 11 13 
22 15 12 11 14 33 28 28 27 26 28 23 25 27 20 17 18 15 12 16 25 22 17 22 24 33 26 31 27 33 41 40 27 12 29 32 10 15 26 30 23 20 19 5 44 52 76 142 186 183 191 198 149 102 80 66 45 39 47 48 47 42 31 28 
25 19 15 9 12 35 33 32 33 35 31 22 14 20 30 19 20 20 20 21 23 23 22 30 23 33 19 18 21 28 36 36 16 10 24 15 4 13 20 22 20 24 34 44 75 98 129 184 210 189 180 167 108 64 51 48 19 17 34 17 38 38 31 32 
24 25 25 19 9 29 30 33 40 32 28 28 18 25 29 17 21 18 15 14 22 30 26 26 7 21 6 13 36 40 42 37 16 19 21 7 7 17 23 16 7 14 32 62 105 141 166 202 208 177 153 125 72 41 38 36 12 20 37 10 37 36 36 36 
29 30 25 24 15 16 28 32 33 23 19 30 18 34 33 18 23 24 23 22 15 25 24 21 27 37 33 38 49 39 33 22 22 28 21 15 16 19 15 15 17 31 52 85 136 175 192 209 195 151 119 90 49 27 29 24 4 21 40 25 36 34 35 36 
29 24 13 18 23 10 14 15 19 11 12 26 12 33 38 20 18 14 12 21 10 16 17 11 21 28 23 22 27 8 13 7 27 24 21 23 19 26 16 9 18 50 94 134 178 204 202 195 160 111 82 59 26 13 20 15 32 40 55 54 45 32 27 24 
8 3 11 16 22 15 6 9 20 14 15 29 11 31 36 24 14 2 9 18 15 16 18 10 21 26 23 24 30 31 34 31 36 12 11 23 20 30 11 16 41 90 149 189 216 218 183 149 104 61 43 35 14 15 21 11 17 12 32 46 48 45 40 31 
9 15 17 9 17 16 18 16 28 21 21 35 12 30 37 30 21 16 26 28 27 19 23 22 35 36 32 23 12 9 18 28 36 29 21 26 20 28 31 51 83 136 188 213 213 190 134 96 63 33 23 34 25 28 28 27 31 20 7 17 24 29 29 25 
23 27 25 17 12 18 19 10 22 24 24 31 17 16 36 39 29 20 27 26 30 23 23 28 35 30 29 24 14 12 9 28 30 32 30 30 24 34 57 85 126 171 208 211 189 156 93 59 46 6 5 33 15 9 15 9 28 32 23 21 24 26 33 35 
51 46 40 34 25 26 25 17 18 28 29 30 25 21 33 41 25 23 29 27 33 25 25 34 33 27 22 17 19 16 10 27 15 23 14 20 21 44 90 129 173 210 227 206 161 118 55 36 47 30 28 40 33 22 21 5 28 41 34 17 23 39 52 58 
47 35 23 17 13 19 32 25 18 29 35 36 26 24 24 27 24 27 31 36 41 33 38 50 44 39 34 32 31 27 27 38 27 24 31 46 69 110 154 180 203 213 202 162 113 72 23 18 34 8 7 26 26 24 26 14 23 39 40 26 18 34 49 53 
24 19 18 19 23 29 32 20 10 11 13 25 18 19 15 9 21 25 24 28 26 15 22 32 21 22 24 34 34 22 23 38 34 31 50 67 103 151 182 190 195 184 155 112 73 45 25 25 36 27 26 24 26 19 24 28 25 32 33 27 29 42 54 55 
33 27 18 15 24 30 31 26 20 12 12 16 13 24 25 20 19 21 13 11 6 7 20 26 12 5 11 28 34 20 17 29 29 42 70 94 133 171 188 189 177 150 115 76 53 42 33 27 27 16 3 9 21 20 22 26 20 25 32 25 25 35 45 46 
28 21 13 9 21 29 33 29 23 9 10 15 22 26 25 24 21 24 17 18 19 24 31 25 17 10 8 32 36 26 23 34 46 72 111 149 187 212 212 190 151 108 68 39 33 37 39 37 30 22 18 15 23 29 32 36 28 27 35 22 17 21 29 30 
16 10 9 14 23 30 28 25 23 9 12 13 28 21 15 22 25 31 27 25 28 34 36 26 19 18 28 47 43 33 36 49 74 113 153 186 210 212 187 143 97 61 36 30 28 30 36 39 40 40 34 24 21 27 31 38 30 28 35 17 10 10 15 20 
26 17 19 22 22 25 15 26 24 14 17 18 36 16 10 21 31 40 28 29 36 42 42 35 28 33 41 55 51 45 55 78 113 155 182 198 202 178 139 95 51 24 24 30 26 21 13 13 10 16 21 17 17 29 28 33 24 25 36 19 9 2 3 8 
14 9 15 12 8 18 10 24 17 9 9 25 38 10 8 14 31 44 30 34 40 41 33 23 11 19 25 41 32 35 62 99 145 188 207 208 192 149 109 70 27 17 30 33 30 25 8 8 19 33 31 24 23 35 25 23 13 17 27 15 8 15 21 31 
17 8 16 9 10 26 25 31 21 15 5 34 34 6 7 16 33 43 34 36 41 38 27 18 11 25 28 42 41 56 96 139 180 212 213 190 154 107 75 45 17 19 29 28 28 31 21 16 22 30 22 18 24 39 27 18 16 25 26 16 16 18 18 24 
14 7 18 10 16 28 31 36 27 21 9 33 29 15 19 26 35 44 36 35 40 35 25 19 24 37 37 55 70 98 151 191 212 217 187 139 96 59 43 31 17 11 17 18 21 27 35 33 30 34 23 14 20 35 29 21 18 18 10 11 19 9 13 26 
8 15 18 8 12 18 33 33 26 22 15 23 16 24 37 44 40 43 40 37 39 32 26 20 27 36 39 68 95 135 191 215 213 194 148 99 63 36 28 21 11 7 14 14 17 16 19 17 12 21 4 10 21 24 11 11 20 20 14 10 18 15 22 35 
11 18 16 18 24 32 45 39 29 17 6 13 8 13 21 28 23 34 43 42 45 47 42 36 36 46 61 99 137 177 214 213 185 144 100 61 34 24 25 24 24 25 23 10 5 7 12 16 2 14 16 25 32 30 20 15 21 18 19 14 11 19 33 48 
40 35 26 14 11 30 43 36 34 24 19 18 7 6 19 26 20 31 38 40 39 38 32 30 38 68 99 144 189 218 227 197 144 90 52 26 20 16 13 15 20 26 29 17 10 11 9 18 7 8 19 26 31 31 29 34 33 20 16 15 10 23 36 50 
41 40 37 29 15 22 30 22 22 23 36 31 21 15 23 26 26 21 22 31 32 32 23 28 52 100 133 174 212 217 192 144 87 43 25 24 28 23 13 8 10 8 20 17 18 21 16 23 18 18 26 27 30 33 34 47 41 33 28 25 20 16 26 40 
46 44 36 27 24 30 34 23 34 43 45 29 20 14 26 24 31 14 16 23 21 18 37 60 99 152 176 201 217 185 131 77 30 6 21 24 26 16 5 4 11 5 17 22 26 27 24 28 24 24 30 28 27 29 33 55 43 36 30 22 33 20 23 36 
45 41 36 21 27 35 35 23 24 53 59 41 25 19 24 30 39 26 29 32 33 42 72 102 147 193 199 201 188 130 74 33 3 10 20 20 22 21 19 21 26 16 11 9 12 14 9 15 26 31 39 34 33 35 28 55 36 17 14 18 44 36 32 39 
41 35 36 16 28 38 38 37 12 33 53 37 30 38 11 12 27 12 12 20 27 58 105 142 183 211 198 177 144 82 36 14 15 8 19 13 11 18 17 19 30 25 21 14 9 11 11 11 27 25 35 31 26 27 13 49 29 5 5 16 47 39 20 18 
40 33 45 22 19 33 36 44 30 22 47 27 21 39 11 15 26 27 18 21 40 86 136 169 201 213 185 149 106 45 14 10 21 7 23 13 9 18 15 10 18 19 22 12 5 8 14 15 29 22 28 27 21 22 9 46 31 13 6 14 48 48 31 27 
18 22 49 31 12 21 25 43 39 12 42 22 17 40 3 15 17 22 15 32 67 117 158 184 207 203 165 122 73 17 18 9 20 10 28 16 24 18 19 13 21 24 22 8 7 7 14 3 21 14 23 28 24 19 16 43 36 19 17 25 49 54 40 36 
23 18 45 32 11 18 14 40 50 9 40 18 13 45 4 18 10 25 24 46 85 131 166 185 196 181 140 98 53 11 23 7 16 9 30 15 34 16 21 17 24 27 25 14 8 6 19 5 16 14 21 28 28 14 10 40 37 27 25 24 48 55 43 43 

17 19 17 18 12 7 15 25 22 36 15 20 21 28 37 18 13 24 22 17 17 16 21 29 22 19 16 7 36 20 24 19 19 8 13 21 22 23 33 42 50 54 36 36 18 16 30 28 40 22 44 24 19 21 20 24 23 30 23 26 24 15 24 29 
17 21 17 14 4 3 15 23 22 35 16 18 17 21 30 20 9 19 14 12 10 5 13 19 20 20 7 9 26 12 19 15 15 10 9 16 18 27 41 47 47 38 14 23 27 30 31 21 29 9 39 15 18 19 21 27 19 25 25 34 23 14 27 37 
19 21 16 10 7 10 16 24 20 33 15 16 16 14 24 19 10 20 12 9 10 19 22 24 28 17 5 11 17 10 18 12 14 11 17 20 20 23 23 15 8 4 16 20 25 30 29 23 27 14 41 16 3 18 24 31 19 23 25 37 24 18 33 41 
15 17 15 12 12 10 13 28 15 29 29 34 36 33 32 34 30 38 24 15 13 10 19 15 12 7 16 21 24 23 24 16 22 20 28 24 18 19 17 12 11 10 18 4 3 17 14 8 23 11 37 20 11 27 24 28 23 22 20 38 27 22 36 45 
14 14 12 12 10 8 13 30 14 27 36 28 23 17 18 24 7 30 5 3 24 3 21 12 15 23 22 28 30 28 28 5 12 2 22 20 23 31 31 28 29 28 30 22 18 23 17 25 36 33 37 27 22 34 31 31 29 24 20 40 32 34 46 51 
14 14 17 17 9 6 19 32 8 12 21 12 19 11 14 22 17 34 16 13 27 11 27 14 15 21 13 20 24 27 29 11 9 7 24 21 19 33 36 34 34 26 24 36 38 43 43 35 35 35 30 23 17 28 30 23 21 24 21 33 39 46 52 57 
21 21 25 24 11 6 24 38 20 14 21 12 22 12 12 17 16 28 3 12 27 12 21 14 17 23 12 8 14 23 19 17 21 28 32 18 20 37 48 48 46 36 25 34 42 44 40 29 24 18 7 15 27 37 41 26 19 22 25 30 42 49 53 57 
29 24 23 20 18 13 18 33 13 18 30 15 24 11 12 15 20 20 6 19 28 31 33 22 13 17 8 11 17 22 14 16 17 27 24 17 25 37 45 36 39 44 42 21 14 16 15 19 16 9 6 6 18 25 35 34 29 29 37 32 27 25 21 19 
32 27 28 27 23 12 19 34 16 20 29 13 24 15 21 24 26 26 22 29 25 31 38 29 16 6 13 19 17 17 21 27 25 33 26 29 33 33 35 25 33 45 45 21 24 24 16 18 11 17 20 19 22 15 14 25 31 31 41 29 21 16 15 18 
30 27 31 26 12 12 15 28 24 30 39 35 33 27 27 23 15 13 24 30 28 35 30 25 19 13 18 19 19 20 36 42 42 47 42 45 48 43 40 31 29 39 39 16 21 19 13 15 12 18 18 15 13 12 11 26 33 31 34 17 14 8 13 17 
30 27 23 19 11 23 24 19 17 17 21 18 19 18 16 14 13 23 37 31 30 34 28 29 26 21 19 19 21 33 46 42 33 33 21 31 42 38 33 25 21 31 39 31 35 36 31 25 24 20 11 17 10 16 21 27 33 28 24 13 18 18 21 26 
9 10 17 14 12 20 15 16 19 14 11 12 13 16 13 17 17 29 38 18 18 23 22 33 33 27 30 39 40 48 47 43 39 36 32 30 39 39 35 28 20 23 30 24 24 24 21 22 32 33 24 28 23 25 36 33 38 33 24 17 18 20 24 27 
22 21 24 16 26 22 8 9 17 25 22 29 22 13 7 19 28 29 29 12 11 20 26 33 35 32 40 54 54 51 40 30 29 27 27 17 29 34 34 31 22 21 24 25 27 31 30 35 40 36 30 30 21 14 30 39 41 35 24 18 8 12 15 15 
27 20 20 25 39 29 23 15 18 31 15 24 20 14 18 18 24 27 28 19 11 9 7 13 25 30 41 52 51 41 31 20 23 27 33 20 17 22 30 32 24 20 21 28 17 19 16 25 32 38 39 37 33 27 24 40 44 36 26 12 7 9 9 13 
28 22 19 24 24 9 19 24 28 25 5 23 23 39 44 36 32 31 32 28 22 22 10 9 20 25 35 43 42 25 18 18 27 36 47 42 28 17 20 28 21 21 26 37 21 15 16 27 35 43 39 37 36 31 30 35 44 40 30 15 20 12 6 10 
33 27 27 25 5 18 26 34 31 16 17 24 22 38 29 18 22 22 29 31 25 26 10 16 24 26 32 35 31 22 15 12 22 23 30 23 11 7 14 22 15 10 9 30 22 11 15 24 33 45 36 28 19 16 32 28 40 41 33 26 20 8 10 17 
21 18 22 20 9 20 30 39 30 19 28 22 27 38 21 15 19 19 28 30 24 30 15 16 25 24 27 27 26 26 15 9 17 18 44 43 45 48 47 44 35 27 19 23 18 12 20 27 33 50 35 19 11 21 37 24 34 37 28 19 7 22 30 28 
15 19 29 19 6 13 28 48 37 41 46 37 38 38 12 13 24 25 18 24 20 27 25 17 23 21 18 18 20 25 12 12 18 22 48 34 29 31 32 32 16 17 19 23 22 18 16 15 20 38 20 16 18 24 31 20 28 29 21 14 8 30 29 22 
8 20 35 18 6 9 11 38 14 28 26 22 20 17 22 38 38 43 24 20 17 16 19 14 20 19 19 19 17 25 26 28 29 32 42 22 16 18 21 31 23 23 21 15 16 15 6 2 8 26 28 24 22 21 18 16 16 18 14 12 20 42 44 43 
11 23 33 17 4 11 12 33 16 28 12 10 9 18 30 31 20 36 16 16 24 31 30 20 19 17 16 22 17 11 14 18 21 28 32 17 9 12 24 31 29 26 21 14 7 17 21 19 17 10 16 19 23 20 15 17 10 12 5 17 45 68 74 76 
12 24 29 17 11 22 24 37 26 23 10 13 7 9 15 17 11 35 19 24 32 41 41 35 27 25 15 22 21 12 9 8 14 6 16 18 17 21 27 34 36 30 25 23 20 5 12 17 17 17 20 27 31 28 28 16 14 14 17 40 76 101 109 114 
22 28 33 26 16 12 15 25 14 12 7 7 12 13 13 20 12 33 23 22 21 24 21 27 34 36 16 16 15 12 14 7 18 11 10 24 28 30 35 42 43 37 32 28 24 6 5 12 27 37 34 36 39 33 42 30 25 28 40 73 112 130 141 153 
24 22 22 18 4 13 19 21 21 13 17 17 21 16 12 16 9 27 13 15 12 18 20 21 35 38 23 24 15 9 14 7 20 19 21 11 17 21 30 39 42 39 34 29 23 12 12 17 34 31 24 30 36 33 48 47 49 60 82 130 169 180 192 203 
22 13 9 17 10 14 13 14 22 8 14 15 18 22 25 29 27 28 10 21 17 23 28 25 39 32 18 15 6 3 14 13 25 30 31 16 23 15 24 36 41 40 39 36 32 30 25 15 29 16 20 27 27 19 36 38 47 70 110 167 196 190 193 193 
5 6 9 15 6 11 11 10 19 9 21 19 16 18 17 15 8 15 20 31 18 23 32 21 40 29 9 11 10 9 19 17 30 38 33 27 37 23 15 26 33 36 36 31 26 24 29 14 21 12 18 32 24 8 16 28 55 87 130 182 195 168 159 149 
9 14 17 21 16 25 24 28 29 20 29 19 14 17 14 22 17 11 17 27 23 30 39 26 33 28 12 20 14 20 26 18 25 27 21 17 25 22 16 28 37 35 31 23 13 4 22 9 15 15 11 32 21 17 19 38 85 123 163 205 201 161 147 133 
10 16 19 26 30 32 17 10 5 19 33 18 15 15 10 16 19 20 24 30 27 28 34 29 26 26 8 13 12 19 20 12 17 20 23 21 17 25 16 29 42 35 27 18 6 9 15 6 14 22 18 34 33 29 41 72 122 156 182 202 182 134 116 99 
13 21 19 21 24 20 9 8 8 24 29 10 9 8 17 18 19 23 26 25 29 29 33 29 25 30 21 14 6 12 15 16 18 21 28 25 14 26 13 21 39 33 27 26 16 17 9 7 16 16 11 21 26 43 78 120 166 183 182 177 143 90 69 52 
24 20 16 20 17 20 9 6 7 24 30 14 13 8 19 12 12 16 13 25 37 37 35 31 24 33 30 9 11 9 14 17 13 21 25 25 19 19 16 23 43 32 14 10 18 25 8 8 17 19 29 40 62 96 133 171 201 195 169 146 108 62 43 36 
8 5 5 19 12 19 7 10 11 18 25 15 16 12 17 8 8 16 23 29 33 37 31 28 25 31 33 10 18 15 22 20 18 24 22 25 21 6 14 30 51 39 26 22 25 25 8 1 13 28 45 71 112 155 189 213 213 179 139 108 75 42 30 25 
12 7 13 17 18 21 11 18 13 18 21 12 14 18 23 19 17 7 8 14 13 23 26 23 22 21 27 13 6 13 27 30 35 35 29 31 30 17 16 23 46 42 37 35 36 34 23 11 18 42 69 106 155 193 212 210 183 137 97 67 43 20 15 22 
18 14 17 11 17 22 17 29 25 25 23 18 23 20 21 16 20 18 16 16 11 14 28 24 25 21 28 30 22 16 15 8 12 4 7 9 20 21 18 18 33 40 46 41 40 34 24 18 39 72 109 149 186 200 196 168 132 94 64 41 25 8 12 21 
13 9 12 8 18 27 23 29 32 32 31 27 26 17 11 13 20 25 25 24 22 10 28 24 24 22 13 20 20 19 19 18 20 23 22 12 14 24 17 17 31 46 60 57 50 39 20 21 60 94 138 179 195 188 169 127 89 57 37 22 16 20 30 40 
18 5 6 8 21 31 33 32 28 21 16 15 18 16 11 8 18 26 19 22 22 15 31 20 17 18 11 28 29 23 24 16 13 20 19 22 15 26 21 19 28 37 51 52 50 38 20 52 90 120 167 206 196 172 143 95 58 39 30 18 14 20 28 35 
26 12 3 7 20 32 41 40 33 26 17 11 9 11 6 10 18 24 15 20 18 10 22 11 12 18 10 34 36 31 31 23 20 24 31 39 20 23 24 30 31 29 33 39 45 32 41 93 135 159 193 216 178 135 98 53 31 26 27 32 35 35 31 29 
33 20 9 4 21 33 28 26 19 10 18 21 18 13 14 16 16 16 2 6 12 9 19 30 32 35 27 32 29 32 36 30 26 17 29 42 17 15 14 25 28 29 24 23 45 50 78 136 178 182 189 191 135 89 62 36 26 29 36 45 40 35 25 23 
41 28 17 7 24 40 30 26 26 26 26 24 26 28 25 25 17 12 5 9 15 15 11 15 12 26 19 25 25 30 30 21 12 14 38 36 13 10 18 28 27 26 21 22 68 93 127 185 212 188 173 162 104 63 45 39 31 32 42 51 51 48 38 33 
42 33 26 13 20 38 29 16 24 31 29 22 13 17 28 26 17 16 17 19 17 14 18 27 16 27 18 19 25 31 24 12 4 17 29 18 11 4 17 29 33 36 46 67 113 147 180 219 221 179 152 129 72 39 28 32 11 14 37 40 46 43 33 28 
36 36 35 20 13 33 32 32 40 30 27 29 17 17 24 22 14 6 5 13 12 19 24 31 18 22 14 13 33 39 31 24 16 19 22 15 14 15 14 8 15 33 64 101 151 185 202 216 197 149 117 88 44 25 20 24 8 19 42 37 44 41 32 27 
37 39 35 21 14 24 36 41 42 32 28 34 23 26 29 23 20 18 15 19 12 20 22 25 18 25 24 32 48 40 24 14 22 24 15 5 7 10 6 18 28 54 92 131 176 200 200 194 162 114 87 63 35 23 22 19 3 18 40 37 42 41 33 27 
38 33 22 10 18 21 31 34 35 25 23 32 22 23 33 22 19 18 14 21 12 18 18 20 15 19 17 19 28 16 15 22 33 26 16 12 7 15 14 34 63 102 149 179 201 204 180 156 117 77 59 47 32 27 23 14 24 30 45 50 45 36 30 22 
20 19 12 9 21 21 24 27 32 26 24 36 23 23 32 21 15 18 15 24 18 16 15 15 8 12 16 21 30 33 35 37 39 25 22 19 16 24 34 66 104 154 200 215 215 192 141 101 63 33 34 37 31 33 30 25 27 16 26 40 42 40 35 25 
8 10 9 7 21 19 20 20 25 20 21 39 22 26 36 30 25 24 22 26 23 6 9 8 17 20 16 13 8 5 15 26 31 30 29 19 18 32 62 98 140 188 218 212 189 146 83 52 35 14 21 36 29 30 25 26 31 23 14 20 22 18 11 5 
2 13 16 15 21 20 19 17 13 16 21 34 23 16 36 42 29 7 6 7 22 11 9 20 24 24 26 25 17 12 8 28 29 30 36 36 39 59 99 140 180 211 219 194 154 110 50 33 36 9 15 38 23 15 12 13 31 33 22 21 20 17 17 14 
33 35 35 33 32 26 23 22 1 15 25 32 25 20 30 44 26 15 20 15 28 17 14 29 25 22 21 12 14 16 16 31 13 13 18 30 45 85 141 179 208 222 211 169 121 79 33 32 45 29 31 42 33 19 11 11 35 43 30 16 22 34 37 42 
44 36 31 25 16 3 26 27 15 10 23 33 19 19 18 34 24 18 26 31 40 35 39 48 41 37 33 28 26 22 26 37 15 8 31 57 92 145 188 198 198 187 156 111 74 44 18 24 39 23 24 34 29 20 17 11 29 42 39 30 22 36 39 42 
27 24 24 17 7 13 28 35 32 24 23 29 14 19 16 21 15 18 21 29 33 25 27 35 29 32 36 38 36 24 28 41 24 24 59 91 135 181 197 184 168 144 105 67 42 25 17 25 38 28 24 26 23 13 19 18 25 32 30 33 28 40 42 42 
41 33 25 14 12 22 33 38 33 26 25 20 19 23 24 18 6 25 23 24 21 15 18 20 17 21 25 27 34 21 26 41 38 54 95 128 161 187 186 164 137 108 74 47 35 32 30 32 31 15 8 12 18 12 16 13 20 27 31 29 19 27 28 27 
40 30 21 12 17 29 39 40 28 18 18 14 29 23 26 18 10 30 25 22 21 25 26 17 20 24 28 34 39 32 42 59 70 99 147 177 199 209 187 144 100 65 35 21 24 33 39 38 24 11 11 11 21 26 26 24 23 24 30 24 5 12 14 11 
36 30 18 8 18 37 39 36 22 12 16 13 38 24 23 21 23 39 31 17 15 23 17 12 19 27 39 55 56 53 68 85 108 147 185 198 202 187 139 86 50 31 20 15 23 28 35 35 32 30 25 15 21 25 11 15 16 20 28 21 5 11 8 14 
30 21 15 15 20 35 23 29 15 3 13 18 44 16 12 13 31 46 29 12 6 14 14 22 26 34 42 57 54 58 87 116 148 180 195 191 174 135 87 44 13 7 20 17 26 24 18 14 16 18 18 14 19 25 10 11 16 21 24 19 9 10 10 14 
25 23 21 15 18 31 13 27 17 13 12 27 41 12 18 17 37 44 17 12 11 9 10 11 13 18 23 45 37 51 101 140 172 196 195 176 144 100 66 34 11 14 26 21 30 28 12 9 22 30 25 21 24 27 12 20 30 33 28 24 18 18 24 32 
26 24 25 13 12 26 9 25 18 21 13 30 32 15 21 21 37 36 10 14 20 10 8 4 15 26 33 56 56 83 141 176 194 203 180 140 102 64 43 26 20 17 26 22 32 35 28 24 27 28 17 19 29 33 26 29 36 36 28 21 14 9 14 16 
20 14 20 9 16 27 12 25 21 25 14 26 27 27 36 36 40 38 15 6 19 7 10 13 30 43 51 80 95 135 191 209 204 188 139 87 55 33 29 24 19 12 23 21 28 30 36 31 24 24 10 10 21 24 25 27 30 25 16 16 20 5 18 25 
3 10 13 4 20 21 20 21 15 21 12 16 18 34 48 48 42 36 19 11 18 9 18 17 34 50 64 101 125 165 206 202 180 146 95 55 31 16 19 13 11 8 22 18 24 13 14 12 4 18 7 19 25 15 3 9 22 19 15 9 24 10 23 27 
10 13 13 16 25 25 33 29 22 18 8 13 15 26 33 28 20 27 28 25 29 31 33 33 48 75 106 146 175 200 207 178 137 93 59 32 12 12 21 16 22 27 33 23 18 9 14 19 9 12 17 30 34 31 29 23 23 6 10 6 16 12 28 30 
18 16 16 14 23 31 40 37 37 34 25 23 20 20 27 25 22 33 35 32 29 28 29 45 71 118 157 194 219 222 197 148 96 50 31 17 7 15 15 5 11 18 28 20 14 13 12 23 18 12 26 33 32 30 32 37 38 27 20 12 11 16 28 32 
23 27 27 20 8 15 30 30 23 16 22 24 24 21 24 21 26 24 30 28 26 16 35 68 104 158 188 207 216 191 139 87 48 21 16 16 18 23 13 6 15 16 22 16 20 23 23 32 27 23 33 33 33 34 33 44 38 30 28 20 10 9 21 25 
17 21 27 24 16 18 29 30 27 27 32 29 27 26 28 25 31 16 28 22 24 33 75 111 152 199 210 209 200 147 80 35 13 6 12 21 20 13 6 9 18 21 20 22 27 26 24 28 18 17 31 26 30 35 33 57 46 36 35 23 27 21 24 34 
15 8 23 16 19 22 31 34 25 38 46 39 30 30 20 30 35 26 37 40 54 75 115 149 187 216 202 181 155 93 43 16 7 6 17 22 18 15 14 17 24 22 13 10 11 12 8 15 16 20 33 26 36 44 40 66 49 27 19 5 42 44 38 46 
23 7 26 16 25 27 32 41 23 22 37 29 27 42 6 14 24 14 23 40 64 98 142 171 199 207 174 138 106 50 25 15 12 15 25 22 17 15 14 15 22 21 17 15 6 15 13 12 15 11 29 24 32 37 33 60 40 15 12 12 52 51 22 23 
40 26 37 18 20 29 38 49 37 17 35 19 17 42 14 18 22 27 16 41 81 127 163 177 192 187 146 107 73 27 20 13 22 26 32 24 20 19 14 11 12 10 18 19 12 17 13 13 20 7 21 13 24 27 24 54 36 18 16 18 57 58 18 13 
45 38 49 29 13 19 32 50 42 12 33 20 27 49 26 29 17 27 32 66 112 156 175 174 176 159 116 76 45 18 24 18 30 34 38 24 27 21 19 18 18 13 16 15 14 18 11 6 17 5 18 9 20 24 27 52 39 19 23 29 61 64 25 18 
48 45 57 39 24 22 25 49 49 13 32 22 38 59 37 38 18 30 45 80 127 163 168 157 153 132 90 54 30 19 28 23 35 37 41 22 37 21 26 26 26 19 20 18 18 20 12 4 15 11 18 12 19 24 23 47 38 20 32 34 63 63 21 17 

34 34 30 23 11 10 12 24 12 36 9 6 9 17 37 19 4 11 5 11 22 24 21 31 13 24 35 35 47 35 36 36 29 25 17 9 11 16 30 37 40 42 28 27 13 15 29 35 39 18 33 20 16 13 10 15 29 36 31 33 24 21 16 16 
37 36 27 18 7 10 14 23 17 35 12 12 12 15 29 15 6 10 9 20 28 28 28 30 13 24 29 33 40 27 29 30 25 23 17 14 19 26 35 37 36 28 13 19 22 24 27 21 28 14 32 21 22 19 19 24 22 31 30 35 22 11 6 12 
39 37 26 15 9 8 11 21 17 33 7 13 16 13 26 18 10 13 8 19 26 31 33 26 21 21 26 30 30 21 22 21 20 21 21 21 24 25 25 20 17 14 18 16 16 20 24 20 24 16 30 18 6 3 8 16 13 24 28 32 18 4 12 23 
36 35 26 14 6 7 11 25 11 29 24 32 36 34 35 32 27 30 21 25 27 27 32 21 12 16 24 27 22 19 21 15 21 22 27 26 20 15 16 18 19 15 20 18 14 18 21 21 29 26 28 20 12 11 13 10 10 12 24 35 22 18 24 32 
34 31 23 17 14 12 13 28 15 31 41 35 29 22 20 19 16 31 22 27 33 24 32 17 11 21 18 23 12 14 22 11 19 14 22 20 18 13 9 13 12 12 20 21 18 19 18 28 35 37 32 25 17 16 26 27 24 15 14 35 28 31 36 39 
33 31 26 23 6 5 20 30 11 15 24 14 18 3 6 14 14 32 18 19 31 21 36 17 10 19 8 16 7 15 25 14 22 18 22 19 12 8 4 9 10 12 24 39 41 41 39 32 26 29 20 13 10 16 29 23 18 18 14 22 26 32 35 40 
30 32 34 31 12 7 23 37 22 13 18 4 20 6 3 11 9 27 8 13 31 17 31 21 14 20 8 10 6 17 21 20 25 21 19 10 15 22 28 31 30 31 34 33 39 39 35 21 12 14 6 20 32 33 41 31 20 18 16 20 26 31 35 37 
22 25 32 30 18 13 13 31 21 15 26 13 23 12 6 11 18 23 5 12 28 23 27 15 9 18 12 12 18 25 18 17 18 15 14 6 26 30 33 27 27 44 48 15 16 18 15 21 19 14 15 19 21 18 27 30 26 22 28 23 15 13 15 16 
13 23 34 35 19 11 14 30 22 19 25 11 24 19 20 26 33 29 17 15 20 23 34 24 12 12 18 22 23 22 15 18 20 23 21 25 37 30 22 9 22 45 48 16 26 23 18 24 20 21 26 29 29 22 12 18 25 17 23 6 15 15 20 21 
11 20 30 34 23 24 20 20 24 30 38 38 37 35 30 30 28 17 16 17 19 27 27 22 17 15 20 24 26 18 19 28 31 37 35 41 51 45 36 25 25 42 43 13 20 16 15 25 25 32 29 28 23 17 21 23 30 22 13 15 24 20 23 20 
32 30 23 21 18 26 26 17 11 17 21 23 30 34 31 30 25 20 30 22 22 27 23 27 23 16 13 15 22 21 35 40 37 37 30 36 51 47 40 32 29 41 44 32 32 32 33 33 35 41 32 29 20 20 33 24 32 25 11 20 20 13 15 13 
30 27 23 20 17 22 14 11 6 10 21 27 33 38 35 32 21 27 39 18 17 20 22 38 32 23 21 21 13 21 37 49 52 50 41 36 48 47 44 38 34 35 38 30 23 18 17 20 30 42 31 26 23 25 47 30 34 31 22 26 16 4 7 10 
23 18 12 15 35 30 18 13 10 17 30 40 36 34 21 21 22 35 41 16 6 4 22 43 35 28 28 30 25 30 37 43 45 42 36 22 37 40 42 38 38 35 32 30 26 30 29 33 37 36 24 14 10 11 41 35 36 35 31 29 10 5 9 18 
24 21 17 32 49 37 32 26 22 23 19 33 31 23 13 14 21 39 38 24 19 13 17 33 34 31 30 29 22 22 30 36 38 40 42 21 26 31 43 42 39 36 33 37 21 22 15 17 24 25 19 14 15 16 24 33 38 37 37 23 9 7 8 19 
21 19 12 27 33 20 27 29 36 22 14 20 11 29 35 28 27 39 33 27 22 21 19 26 24 22 23 25 26 21 16 23 28 37 48 36 24 14 32 35 29 29 28 40 18 13 11 12 18 17 17 24 26 23 7 28 41 39 38 21 17 12 7 19 
25 25 21 30 25 30 32 33 37 14 23 21 14 33 30 23 24 35 24 24 23 30 25 26 22 19 13 11 18 24 16 6 8 12 28 16 3 7 25 29 26 23 17 30 16 11 15 13 14 23 23 31 27 20 12 27 43 38 32 19 11 17 15 21 
17 20 22 31 32 42 47 49 45 26 27 17 20 36 29 22 24 31 16 18 21 36 30 20 21 18 11 6 15 31 24 14 12 8 39 37 41 46 50 47 35 27 16 21 15 11 13 15 17 35 33 34 25 19 16 23 40 33 22 9 19 40 45 46 
11 23 30 31 30 34 38 52 44 34 39 31 35 42 26 13 18 30 16 17 15 32 34 21 20 18 12 9 20 37 30 16 12 12 40 32 25 27 32 30 14 15 17 21 23 17 13 12 12 28 24 24 19 15 13 21 31 23 15 10 34 59 60 54 
17 26 36 28 26 27 26 43 25 19 22 26 30 27 15 23 28 38 27 21 15 21 24 20 16 17 12 12 20 34 37 27 29 35 38 25 20 20 27 28 17 19 17 11 14 15 6 11 13 27 34 32 26 18 8 11 20 14 5 19 53 81 87 87 
19 28 33 24 22 19 17 33 14 21 15 18 18 15 23 25 27 33 23 27 31 36 30 17 13 21 15 14 9 17 21 15 22 27 25 16 11 14 25 22 17 19 15 8 4 18 21 18 15 15 24 27 25 20 13 3 7 9 16 41 84 115 126 132 
20 27 28 21 13 15 17 30 18 19 16 18 10 5 16 23 25 27 21 27 33 38 33 23 16 26 22 22 17 12 12 4 19 9 14 21 19 20 23 22 22 22 15 12 5 10 21 23 20 22 22 26 29 28 30 19 13 18 39 75 122 153 165 172 
16 24 27 20 11 6 8 21 9 12 12 11 3 11 22 31 28 26 16 16 16 16 10 18 23 32 22 17 13 14 17 13 25 11 11 16 23 30 36 36 33 26 17 16 6 9 19 23 27 36 36 38 41 37 42 36 31 39 64 108 154 175 183 192 
18 22 20 17 4 12 17 18 17 14 18 10 11 19 30 39 28 22 9 10 5 10 11 14 23 33 31 30 24 21 13 3 23 6 22 11 12 23 27 30 31 25 18 16 11 15 16 19 27 29 26 33 38 37 46 49 56 74 107 159 198 202 203 207 
28 18 9 13 9 16 8 11 20 12 19 11 20 31 40 45 35 25 11 17 7 10 18 16 26 24 19 16 17 15 13 14 26 29 33 20 18 19 28 35 38 32 26 23 24 28 20 9 24 21 27 31 26 18 28 40 61 94 136 185 205 183 170 160 
15 9 9 15 11 15 3 10 19 13 22 9 15 24 30 35 25 16 15 24 11 15 26 10 30 21 12 15 16 15 15 16 24 31 27 20 27 21 14 16 21 21 18 21 27 27 28 12 18 14 22 33 25 20 23 41 81 117 148 184 185 142 118 100 
10 9 11 17 15 27 23 30 31 23 28 8 7 17 21 33 30 22 23 30 22 24 33 23 24 23 18 24 20 22 21 13 14 12 7 6 12 19 16 18 19 13 3 15 19 9 24 8 16 19 12 29 16 24 42 66 117 150 168 190 175 121 98 84 
8 12 16 22 32 40 25 23 17 24 32 11 8 13 14 23 27 25 22 25 18 17 21 26 15 18 15 19 12 18 13 5 9 10 10 10 2 17 11 12 20 17 11 24 23 19 21 6 15 23 19 34 30 48 80 111 154 173 170 170 141 85 69 57 
6 15 15 17 25 28 13 20 23 32 30 12 10 5 18 21 21 24 23 18 21 17 17 18 9 18 18 20 9 15 12 12 14 16 22 21 13 16 2 5 24 31 29 36 31 32 23 8 9 12 12 33 47 86 130 160 189 185 154 134 101 47 34 26 
30 24 21 25 19 27 12 16 16 22 22 6 6 7 22 19 22 24 14 17 28 26 21 20 11 18 20 14 6 10 11 13 13 22 22 23 22 15 17 19 34 33 16 23 29 40 25 13 14 21 45 68 99 145 181 197 204 176 129 101 73 32 24 26 
14 10 14 28 20 26 5 13 11 11 19 8 10 12 18 12 13 15 12 15 17 22 18 18 17 17 25 16 15 14 18 18 15 24 18 24 25 16 22 23 44 40 27 27 33 38 22 16 15 34 68 102 146 191 215 216 198 150 99 70 46 21 22 27 
19 18 23 27 28 28 12 26 20 21 24 18 14 17 22 21 18 11 14 27 23 11 14 10 13 6 19 18 10 5 14 15 20 27 18 25 30 26 29 6 32 32 23 12 12 12 11 20 30 60 99 136 175 204 209 189 154 105 66 39 22 10 13 21 
28 26 29 27 33 31 22 35 27 22 24 20 23 26 30 30 26 20 14 18 24 4 19 17 18 15 18 32 31 29 25 17 18 14 8 12 22 30 34 21 19 23 27 19 17 12 16 32 57 97 142 174 194 197 179 138 100 64 40 22 11 10 18 24 
31 30 28 25 34 33 30 38 36 31 33 29 31 29 24 23 9 12 12 14 28 12 21 21 23 26 12 12 21 27 27 24 26 24 19 12 20 32 35 23 20 30 42 41 33 24 19 48 85 123 163 186 185 170 140 93 58 32 23 21 22 32 37 45 
24 26 23 22 31 30 36 38 33 26 22 22 29 27 23 18 10 18 12 16 26 19 27 27 28 33 17 16 24 26 27 23 20 14 16 24 26 37 39 27 16 21 30 29 28 27 46 92 129 151 177 192 166 137 105 61 33 23 21 13 9 19 15 22 
10 16 15 20 27 25 37 38 30 25 19 17 18 21 22 20 16 15 9 16 17 11 18 22 20 27 8 17 31 30 30 25 16 11 29 36 26 38 40 37 22 10 12 19 46 66 101 147 175 179 186 184 134 93 60 21 9 16 19 22 29 35 27 24 
11 10 11 16 27 32 25 26 21 16 24 30 27 22 16 12 20 17 8 14 14 9 15 26 29 36 31 32 27 21 19 15 14 20 34 40 25 32 29 23 15 12 18 34 78 112 145 183 199 180 161 143 88 50 27 13 9 18 24 30 29 33 16 11 
27 21 18 19 34 43 33 31 33 29 30 29 29 27 14 7 18 17 8 11 12 16 18 18 4 21 14 24 26 20 13 9 15 34 44 33 21 26 26 17 6 18 34 63 122 161 187 213 210 163 127 108 60 27 16 23 20 25 33 42 45 45 33 25 
21 19 23 26 34 44 34 21 33 36 34 28 18 9 16 14 18 20 16 17 15 11 14 26 17 23 12 12 19 23 10 11 18 37 38 24 25 23 25 30 41 51 72 108 167 202 213 221 194 131 96 79 35 10 12 26 18 23 34 43 48 42 28 23 
22 26 34 28 25 40 38 32 42 31 26 32 24 14 18 16 15 12 0 11 5 12 21 35 33 30 21 12 25 32 22 23 23 38 36 30 30 27 17 21 42 63 105 149 195 215 205 188 146 86 59 44 12 12 14 23 18 25 39 44 49 38 21 15 
30 32 37 26 16 28 37 41 48 33 24 34 31 20 22 17 18 17 9 15 6 14 23 36 34 26 21 21 38 35 21 23 30 41 31 22 24 29 27 43 63 91 139 174 200 203 175 144 104 56 40 33 18 19 21 21 15 20 33 34 41 33 18 13 
34 29 27 18 3 21 35 37 40 23 13 30 32 18 29 20 18 17 9 18 7 13 19 29 28 21 18 13 26 24 28 37 41 42 31 24 28 38 49 82 117 149 189 200 195 177 135 101 70 36 30 29 18 20 18 7 15 16 29 32 32 22 13 6 
25 22 17 12 8 14 28 30 33 21 16 33 27 19 28 19 19 21 18 26 19 20 24 27 22 15 17 14 22 27 31 34 33 29 34 29 35 47 67 112 153 185 213 204 178 140 88 56 35 11 19 25 12 13 14 13 18 15 20 30 30 28 23 15 
14 13 9 9 17 19 28 28 29 19 21 39 27 27 32 28 25 26 24 30 28 14 15 20 16 13 12 9 9 1 7 17 21 19 31 19 40 62 97 146 183 204 210 183 139 90 39 25 27 8 16 30 11 7 5 17 24 27 15 16 13 4 9 12 
11 15 15 13 22 29 32 30 23 19 22 33 26 27 35 38 24 7 8 8 22 14 6 18 16 17 22 21 15 11 10 23 25 21 36 42 68 98 142 188 216 217 200 156 105 59 19 19 33 15 10 30 14 8 15 20 30 33 13 16 16 18 23 19 
26 27 30 30 38 39 35 32 16 16 25 30 24 23 28 39 24 14 19 14 24 21 16 28 23 21 20 12 9 11 18 30 18 5 22 50 89 132 178 210 218 203 170 123 80 45 20 25 38 18 20 30 22 5 9 19 35 43 25 15 22 28 21 22 
39 33 32 32 36 29 23 22 17 9 17 26 11 15 15 32 24 13 22 28 36 38 38 42 35 30 24 21 18 15 24 36 22 12 41 82 131 175 202 200 184 153 113 78 54 36 29 33 41 26 22 25 23 14 7 13 24 35 30 23 19 30 20 24 
10 11 14 20 27 20 16 24 26 21 19 21 10 15 12 23 21 15 19 25 31 32 29 30 21 20 24 32 30 16 20 36 27 40 83 126 171 196 196 173 147 114 76 51 36 30 29 35 41 24 15 13 18 14 18 18 23 23 21 32 28 41 33 34 
34 25 18 14 19 12 12 14 19 20 14 9 24 18 18 17 12 23 23 24 25 25 20 13 6 11 22 32 37 26 31 52 61 85 130 163 183 187 173 141 111 82 53 34 27 29 31 36 34 15 6 9 16 16 24 17 21 21 23 28 17 29 25 28 
19 13 19 22 19 12 22 22 22 21 13 7 33 18 23 18 8 29 28 24 25 30 23 9 8 16 29 41 45 43 59 82 101 136 178 193 193 183 151 104 67 43 24 15 19 26 30 28 13 7 7 8 19 27 25 15 18 13 21 29 12 22 22 20 
25 27 20 20 16 30 39 35 27 26 19 14 44 22 24 23 21 40 37 27 25 30 16 16 13 27 43 58 63 71 93 118 145 180 202 193 176 147 98 53 34 25 22 10 18 20 26 26 21 17 16 10 20 27 19 22 28 25 27 26 3 15 12 17 
26 24 19 25 28 39 39 41 31 24 20 20 49 12 11 5 21 46 37 34 30 29 14 22 19 28 40 55 60 80 118 153 182 199 194 169 134 93 55 23 13 14 23 6 22 20 22 25 26 24 20 15 20 24 23 30 35 27 19 17 4 13 13 16 
33 36 35 34 30 35 26 36 28 21 21 27 42 14 21 19 33 41 28 33 32 24 15 14 12 17 31 55 62 94 147 180 195 195 174 135 95 59 41 17 15 20 26 12 28 22 14 16 24 30 22 21 23 25 27 37 42 35 27 23 17 18 24 29 
37 34 29 21 8 21 14 27 17 11 13 21 29 19 21 15 28 29 23 30 33 24 13 6 14 27 48 85 104 142 190 205 199 180 139 90 54 30 27 14 24 21 27 17 34 31 24 21 26 28 13 21 29 32 38 41 39 29 18 11 7 5 13 15 
36 31 29 19 11 26 11 19 15 17 15 12 21 30 36 33 35 34 28 24 29 20 13 10 28 51 77 122 147 183 216 211 184 143 89 43 20 21 27 20 24 18 27 15 33 31 31 25 18 21 5 9 19 21 31 30 29 17 14 15 16 10 20 26 
4 13 15 7 15 22 17 15 10 16 16 7 12 35 41 40 37 32 25 19 22 13 20 18 39 71 101 143 163 188 200 174 134 90 51 24 9 12 22 2 19 12 23 7 25 16 15 13 9 21 8 18 23 19 23 21 20 8 13 4 19 15 30 36 
15 18 19 18 21 22 25 22 21 21 16 9 11 24 25 12 9 18 17 15 17 20 36 42 65 112 150 183 198 202 179 133 86 46 31 20 7 14 26 11 24 21 30 22 18 12 18 22 17 14 13 29 33 35 40 35 27 14 14 9 19 21 34 36 
9 15 22 24 26 27 29 30 37 37 31 23 16 8 20 17 19 29 22 17 12 18 49 72 107 165 197 212 215 196 149 95 51 20 24 18 5 15 22 7 18 21 26 24 10 6 10 14 15 9 29 38 35 36 40 40 33 28 28 25 24 23 32 29 
21 13 6 10 9 14 24 29 28 21 18 8 6 5 14 13 19 20 20 7 9 21 75 111 147 196 207 195 178 136 81 40 21 13 21 22 19 21 15 8 14 17 16 21 22 20 23 25 24 23 36 32 24 25 28 35 24 18 27 31 21 12 24 24 
18 13 18 22 18 17 23 27 24 20 20 10 7 22 27 26 28 19 26 18 40 69 121 158 186 216 205 177 146 92 44 14 11 8 18 25 13 9 9 9 12 16 12 21 27 24 22 20 18 22 35 23 16 18 14 42 35 32 40 37 25 19 21 30 
22 17 22 19 22 21 25 32 22 28 33 28 23 32 22 32 33 29 40 50 86 118 161 190 211 216 178 135 101 50 33 20 14 10 20 21 13 7 6 8 9 13 12 13 17 13 9 4 10 22 36 21 16 22 25 57 50 37 33 20 33 40 34 43 
26 23 28 20 27 23 24 35 22 15 25 21 28 44 7 18 25 25 42 76 120 152 184 202 209 191 136 92 61 18 22 18 17 15 22 18 8 4 9 12 9 12 18 17 16 24 24 19 13 15 29 18 19 21 30 58 49 32 27 18 44 52 33 37 
30 27 36 25 30 33 37 44 33 15 29 28 33 45 10 18 25 38 46 89 141 171 188 189 185 155 101 64 40 13 18 16 16 14 17 12 4 9 10 12 8 8 20 25 17 23 21 20 21 13 23 14 16 12 24 52 46 27 23 18 52 59 28 26 
33 36 46 32 26 23 32 46 34 7 28 29 37 46 18 27 26 54 74 121 171 192 188 172 159 124 72 40 25 15 17 13 16 12 16 11 13 14 12 13 12 10 19 25 19 22 20 16 20 16 23 21 20 21 31 52 49 22 14 23 60 63 31 25 
36 45 54 36 28 19 32 53 43 15 31 35 48 52 21 36 32 68 96 146 193 201 181 156 139 103 54 26 16 13 18 10 12 13 20 6 26 20 22 17 16 12 21 28 26 28 24 20 24 26 27 32 28 35 30 46 45 14 26 33 61 59 28 23 

29 32 39 34 10 16 19 35 32 52 27 9 8 16 42 22 15 15 21 26 26 29 27 41 17 7 17 10 30 7 3 4 4 16 24 32 29 33 37 39 41 40 28 20 16 15 25 35 36 20 24 26 21 15 9 9 23 33 29 28 15 18 12 9 
36 40 35 30 8 14 15 26 20 42 17 14 16 19 33 14 8 14 22 26 32 34 36 43 18 9 9 7 27 7 8 10 11 17 27 35 37 41 42 40 40 34 25 20 18 17 20 19 25 18 25 28 24 18 14 14 14 30 29 30 19 14 12 12 
41 44 35 27 13 10 11 21 15 36 6 13 17 16 28 15 6 16 18 22 27 29 36 36 22 12 8 15 22 11 10 10 12 15 24 30 38 41 39 38 37 33 30 24 18 10 12 12 17 12 17 17 8 12 11 5 8 26 28 23 18 18 20 26 
39 40 32 22 12 10 12 24 11 31 16 25 27 24 28 19 20 27 21 21 21 20 32 26 15 18 10 19 20 17 17 5 14 12 24 27 31 34 36 37 41 39 35 31 26 19 15 13 20 17 12 15 12 18 16 9 7 16 28 28 24 30 34 40 
37 37 30 26 19 17 14 24 11 33 43 41 35 26 21 21 29 36 26 21 23 13 32 21 14 24 8 21 17 18 23 6 16 8 21 22 27 34 36 40 42 36 31 30 28 22 10 15 16 21 16 18 15 18 23 25 18 9 12 26 27 35 39 44 
36 37 34 35 25 18 14 25 16 22 30 22 25 16 16 25 33 40 24 17 24 6 35 15 9 25 12 20 13 16 25 6 15 4 17 20 21 31 35 39 40 33 32 40 42 36 25 19 16 19 11 12 15 12 20 19 8 11 8 11 20 27 30 38 
23 29 37 40 33 27 14 30 24 18 24 8 21 16 13 23 30 36 21 14 26 7 32 18 9 24 12 14 8 12 19 9 17 11 15 16 24 38 44 48 47 37 37 33 39 37 33 27 28 25 20 25 27 19 25 24 9 9 11 12 17 22 24 29 
15 20 33 41 38 35 18 26 22 16 28 16 22 21 14 15 22 27 15 12 23 10 24 18 9 21 16 11 13 18 12 11 20 20 19 5 29 44 49 51 50 48 48 20 29 25 23 33 33 24 17 13 7 11 12 17 19 14 21 19 7 10 10 15 
12 19 33 46 44 36 21 22 25 17 26 14 18 23 9 10 22 21 13 12 16 14 23 11 6 19 23 22 18 16 8 15 22 26 25 21 38 41 37 32 31 43 45 21 32 25 25 35 29 21 18 20 16 15 6 12 24 9 17 17 19 22 21 19 
18 14 23 44 47 42 28 7 26 32 38 37 24 30 21 18 20 6 10 17 21 26 22 9 8 15 23 26 25 19 13 22 29 33 26 25 42 42 27 12 18 38 40 15 23 21 28 35 27 24 15 16 10 4 22 23 30 22 10 24 26 23 25 22 
37 30 23 33 40 35 26 15 13 20 21 21 12 23 27 27 22 9 22 20 20 23 19 23 15 8 12 23 30 28 31 34 36 39 25 23 39 38 27 10 19 38 42 30 30 31 36 36 26 28 16 15 12 12 34 19 24 22 19 25 18 11 11 7 
35 30 31 38 37 28 16 18 16 18 22 22 10 18 24 27 19 17 31 21 22 24 29 45 33 22 12 11 12 3 18 29 36 44 33 23 37 36 32 12 16 28 36 33 26 25 24 16 12 24 22 21 20 21 46 25 18 15 24 27 12 10 8 11 
9 8 22 37 45 34 26 25 18 20 33 40 26 28 22 18 9 29 40 21 22 19 40 57 36 26 12 8 19 18 15 21 21 32 34 15 31 33 35 14 16 16 19 28 23 29 29 28 27 22 21 11 11 16 44 32 16 15 31 28 6 9 13 23 
8 22 28 43 50 35 36 36 28 17 22 36 35 29 12 17 22 43 41 18 20 22 40 54 40 33 21 15 16 14 5 15 16 30 43 21 23 27 40 24 16 16 23 40 33 33 26 15 8 4 19 7 9 10 32 32 14 14 36 25 9 11 9 22 
14 26 23 37 37 20 29 29 39 24 16 16 5 19 26 30 33 49 38 20 20 27 37 41 28 27 26 30 34 34 19 9 10 22 44 31 16 12 36 31 17 12 22 41 27 23 18 9 9 8 16 15 18 8 17 29 19 13 34 24 11 9 5 22 
24 33 29 40 35 32 38 40 52 34 21 11 16 32 33 35 40 51 34 22 25 35 36 31 15 21 17 26 33 40 34 19 18 12 29 21 9 10 27 33 30 25 24 33 23 23 18 14 15 19 18 23 22 6 7 28 26 12 23 19 8 16 16 29 
30 32 27 37 32 38 55 65 70 52 27 7 20 37 35 36 44 47 28 17 20 36 36 26 18 24 21 24 22 29 27 12 14 15 34 37 36 40 44 43 36 29 19 25 28 32 23 20 20 29 28 30 18 6 4 17 24 14 23 26 36 53 59 66 
21 22 25 30 22 28 40 60 62 43 31 24 29 43 32 25 29 33 19 12 12 31 36 26 14 20 20 20 18 27 30 16 11 14 29 33 28 26 28 25 25 23 18 22 30 32 19 14 9 17 11 13 9 3 5 9 16 11 26 37 60 81 85 89 
21 21 29 27 20 30 39 56 46 17 10 22 30 33 14 9 18 27 21 21 17 20 25 23 5 16 14 11 13 17 32 28 32 41 34 25 21 19 22 16 24 26 17 10 16 25 13 19 23 28 32 30 26 20 15 14 15 11 27 49 86 110 113 120 
21 19 27 25 19 24 30 43 23 5 18 24 27 21 10 9 14 22 22 29 33 36 31 19 5 17 14 5 13 18 13 14 25 28 23 12 13 21 24 18 23 26 15 7 8 21 19 12 13 12 18 21 22 20 16 14 17 22 43 79 126 151 158 165 
20 18 25 19 11 12 16 31 9 14 27 28 26 13 6 9 12 18 22 26 30 34 29 17 8 21 22 16 13 9 2 10 25 19 17 14 16 23 23 22 29 28 13 11 3 15 22 19 18 14 10 12 19 21 26 24 25 35 66 113 163 185 190 197 
15 17 25 16 6 9 13 31 22 30 38 33 22 12 1 15 18 20 15 13 13 15 9 12 11 24 24 18 19 20 13 15 26 11 18 12 19 34 38 39 34 21 8 18 10 23 30 27 24 30 31 35 37 33 35 33 35 49 86 138 180 188 185 187 
11 16 20 16 8 14 24 29 28 34 42 38 25 17 7 21 15 11 7 8 7 11 10 14 12 23 31 33 34 38 23 18 28 6 24 16 15 27 23 17 9 8 17 23 16 23 24 22 21 26 21 24 28 28 35 45 63 91 131 180 207 195 180 172 
27 20 12 11 11 17 16 18 27 30 40 39 31 27 19 25 22 15 12 15 6 10 15 18 15 12 12 15 24 31 25 21 30 30 33 22 10 17 30 36 35 36 33 28 23 21 13 10 23 31 36 33 24 9 14 43 83 123 161 195 199 163 133 117 
15 12 12 17 17 17 11 18 28 29 40 36 27 23 12 20 16 5 7 22 11 15 22 7 21 15 10 15 24 25 19 18 19 22 22 15 14 11 2 10 13 24 23 25 27 24 28 9 15 21 33 38 29 25 33 61 110 144 162 180 167 114 81 64 
12 12 14 18 14 29 27 33 32 27 38 31 23 20 12 20 22 12 9 22 11 13 24 23 18 21 18 23 22 22 17 11 8 7 6 10 6 14 14 13 13 21 11 16 15 14 34 16 18 13 20 34 27 45 72 102 149 169 168 171 145 87 63 53 
16 18 21 27 35 48 34 23 12 24 36 23 20 18 7 10 21 17 8 16 13 15 19 29 12 16 8 21 17 17 12 4 4 8 4 11 3 11 5 1 19 28 18 23 17 21 33 15 15 14 24 43 42 76 116 147 179 179 156 141 107 52 40 36 
24 24 23 23 28 37 12 12 19 35 34 20 19 9 9 11 10 19 11 10 21 13 14 23 14 19 15 23 13 17 11 8 9 14 19 23 18 16 7 6 24 34 25 29 22 28 34 22 18 12 30 55 74 122 161 176 187 163 121 100 71 25 23 21 
36 29 24 27 18 36 19 17 17 26 21 7 12 6 19 16 17 20 6 4 24 20 17 21 15 15 13 17 3 13 12 11 7 19 18 18 14 6 17 22 33 38 26 21 15 29 22 11 21 35 70 97 129 176 198 191 178 133 85 68 50 18 20 21 
20 15 9 25 2 28 12 19 23 19 16 4 8 8 13 7 3 14 9 15 18 19 16 16 16 12 19 20 13 14 17 18 13 24 9 15 14 19 29 22 39 41 38 39 38 40 27 20 26 56 102 133 168 204 210 191 158 103 62 43 29 12 15 21 
29 20 17 22 15 28 20 32 27 24 24 17 11 7 11 14 9 15 17 27 29 20 18 12 12 12 18 25 24 25 24 22 22 31 13 19 23 32 42 15 24 27 30 27 23 14 14 38 56 92 140 163 182 198 185 147 106 62 36 21 14 13 16 19 
26 16 21 22 23 27 21 32 15 7 14 5 15 14 20 29 23 15 12 11 26 22 23 17 14 22 22 36 40 41 36 26 25 28 7 9 17 29 42 28 17 12 26 23 18 11 29 61 92 137 180 191 189 183 151 100 64 31 17 11 6 10 21 27 
30 22 23 22 25 23 23 29 18 18 25 23 24 21 15 25 11 5 9 11 30 28 21 14 10 26 20 13 20 26 24 19 21 26 21 14 14 23 33 22 15 19 29 30 22 21 49 91 129 165 191 192 175 154 117 73 42 21 18 15 21 33 39 48 
29 26 22 21 25 19 28 30 19 16 11 9 19 19 19 23 14 12 12 15 28 33 24 16 17 30 20 12 16 19 17 13 12 18 23 24 19 24 32 28 18 19 19 17 33 57 95 141 171 181 189 183 147 117 84 49 27 28 24 17 17 22 8 15 
21 25 21 22 27 16 25 27 21 20 18 21 28 33 33 28 15 8 14 18 17 26 17 11 13 25 18 16 22 19 15 14 15 19 29 29 11 27 32 33 18 8 23 42 83 120 157 189 198 185 174 157 109 78 47 23 19 24 17 14 23 32 28 29 
14 19 19 22 31 31 19 18 19 19 30 39 42 45 42 32 21 12 13 22 21 21 18 21 26 33 31 33 28 16 11 10 22 24 25 30 15 34 36 28 16 12 42 76 132 171 192 203 194 161 133 112 71 47 26 13 8 20 14 14 15 21 12 14 
21 21 18 24 42 47 32 31 35 35 35 36 45 49 38 25 21 19 9 10 7 16 25 29 25 22 18 33 33 24 21 20 27 36 30 21 10 36 37 21 10 30 69 114 176 207 205 199 173 121 87 75 45 25 16 14 8 21 18 19 24 24 24 23 
17 21 23 32 44 45 26 12 33 43 36 36 41 37 33 20 18 23 15 17 15 14 17 30 28 20 12 12 14 16 14 15 22 38 20 4 6 32 39 39 51 72 112 158 212 224 200 176 134 79 59 54 22 7 15 23 25 25 15 15 23 17 20 22 
36 30 27 29 37 41 31 18 36 36 27 33 40 27 23 14 14 19 9 16 10 3 10 26 33 24 15 12 19 26 23 23 26 40 19 20 17 18 14 40 68 101 155 197 224 216 173 132 84 40 33 31 10 10 13 20 22 21 22 17 23 6 9 15 
38 28 20 21 27 27 28 22 39 39 28 30 39 18 16 4 15 25 15 22 19 11 8 21 32 21 10 12 27 32 28 29 33 43 20 13 14 17 22 67 101 139 191 210 206 182 131 87 53 24 25 29 25 26 26 27 23 18 25 16 25 19 21 24 
39 25 13 18 24 30 33 22 31 29 14 23 35 15 27 18 20 27 16 24 22 16 11 10 24 17 11 12 23 30 34 37 36 39 21 17 28 36 62 119 162 192 222 209 175 139 90 57 39 26 31 37 33 35 30 21 15 5 21 15 17 16 22 25 
35 33 24 23 21 20 29 17 23 21 15 25 27 17 27 21 26 29 21 28 26 21 19 15 21 15 12 5 11 18 21 24 25 26 27 26 43 51 86 151 191 207 218 184 137 96 54 30 22 13 22 30 26 29 28 20 16 13 22 29 28 32 34 35 
13 21 22 26 29 23 26 17 21 15 16 30 18 18 23 24 27 27 22 27 30 21 14 15 16 17 17 13 11 8 8 17 21 20 33 35 66 86 128 185 211 209 196 145 91 51 21 16 20 13 18 30 27 27 27 25 21 24 16 22 27 37 45 49 
8 12 13 14 17 13 16 15 18 15 17 26 15 19 24 28 20 11 9 5 17 23 15 19 18 22 24 20 12 8 10 23 25 21 38 64 105 132 172 215 222 199 167 110 57 24 9 16 28 21 13 25 26 24 26 26 25 27 10 22 33 44 51 52 
20 17 14 8 18 19 19 18 7 12 22 26 12 17 22 27 18 10 15 14 14 24 26 31 26 25 20 11 8 7 14 30 25 21 45 91 136 165 197 215 199 160 122 76 39 17 9 18 27 13 6 14 17 16 26 29 35 38 13 15 34 45 45 47 
44 34 27 21 23 18 16 19 16 11 18 27 1 12 16 27 20 8 20 28 30 40 43 40 31 27 19 16 14 14 22 37 33 41 79 129 171 193 205 191 157 113 77 46 22 11 12 19 25 18 14 17 24 12 10 20 29 35 19 11 29 44 41 45 
20 21 21 24 27 24 24 31 30 25 21 25 14 15 15 23 21 16 22 26 26 34 31 24 14 13 12 19 16 5 11 41 57 81 126 170 194 195 186 155 118 81 52 31 16 10 10 18 23 12 6 9 21 19 12 17 28 27 21 25 33 50 43 47 
40 26 15 10 23 23 21 19 16 18 12 14 27 13 14 17 16 21 18 14 17 28 21 10 6 11 13 21 26 24 42 78 103 130 171 195 190 173 153 115 79 51 29 18 9 11 15 23 23 7 7 12 19 20 22 22 29 28 20 16 18 38 40 50 
21 15 21 22 22 7 11 10 8 20 11 11 37 16 17 16 15 25 23 13 19 33 21 8 9 17 26 33 36 46 75 115 144 174 202 199 175 151 120 75 42 21 12 8 10 18 16 16 12 14 14 15 21 23 17 20 27 24 24 28 25 36 39 38 
22 25 24 22 18 13 20 13 3 21 16 12 48 25 21 21 14 30 26 15 20 35 12 18 15 30 45 55 65 87 120 157 182 200 202 177 142 111 77 39 24 16 18 9 16 24 27 25 19 13 16 18 21 23 20 28 34 32 25 21 2 15 12 14 
19 21 24 33 36 38 36 34 22 19 16 18 53 14 18 19 18 36 17 16 25 34 15 24 23 35 49 61 78 112 153 189 200 194 174 140 97 67 48 17 9 10 22 12 22 30 34 33 29 22 14 18 17 15 20 28 35 27 17 15 5 14 16 21 
26 30 34 38 36 31 26 34 29 26 26 26 41 16 26 27 26 27 9 20 28 29 19 20 24 37 57 82 103 143 187 206 192 168 138 98 59 40 40 14 14 18 26 12 27 29 28 25 23 26 12 23 18 16 25 37 42 35 29 26 19 17 21 24 
27 23 15 11 11 11 14 24 23 17 19 17 26 23 24 19 15 16 18 21 29 25 19 19 31 52 83 126 155 190 218 209 171 130 91 51 24 25 35 14 22 18 25 10 29 22 18 19 24 27 9 22 26 26 35 36 35 26 18 12 11 13 18 23 
40 38 33 22 9 15 13 15 19 18 18 8 17 31 33 30 27 31 33 23 28 19 22 28 48 82 118 166 190 210 215 188 136 85 49 21 10 26 37 24 27 21 30 20 36 26 18 14 12 21 8 9 14 16 25 23 26 22 25 20 15 8 11 20 
15 16 15 6 5 15 14 11 6 9 14 7 15 34 32 32 33 34 38 26 26 19 32 38 65 110 147 186 195 193 177 139 86 45 27 11 4 16 33 15 24 14 24 9 30 20 9 6 3 20 12 14 17 19 22 20 19 16 20 14 11 6 20 32 
24 23 21 15 12 15 14 13 15 18 15 12 18 25 20 7 14 23 27 21 19 26 52 63 100 159 196 215 209 186 143 94 50 22 22 13 7 14 29 8 20 12 24 20 21 19 20 23 19 11 11 25 30 34 38 33 27 23 22 19 17 16 24 32 
16 25 30 26 20 19 20 24 35 38 29 20 12 11 24 22 26 31 21 19 16 35 78 106 152 208 225 215 192 154 102 59 28 8 21 16 8 16 24 5 12 6 17 18 7 15 11 12 18 10 27 37 40 45 48 45 38 36 33 27 20 12 20 19 
17 7 12 16 11 14 22 29 33 29 22 12 8 10 16 16 16 16 10 12 21 51 111 145 180 215 203 166 130 85 45 28 17 12 23 23 19 19 17 6 10 9 19 27 22 20 17 17 22 19 28 26 25 33 40 39 24 15 8 17 14 9 18 13 
31 23 27 27 17 15 20 27 27 22 18 17 17 24 28 28 21 20 25 31 65 105 159 188 203 213 180 132 92 51 30 24 14 10 18 20 18 20 15 5 8 8 18 32 36 32 24 16 13 19 30 21 21 28 27 31 19 19 30 33 16 17 19 20 
31 20 25 18 17 20 24 35 26 27 26 30 30 31 22 32 32 37 49 72 121 159 198 216 215 194 136 84 50 19 24 24 18 12 17 17 18 18 11 5 7 5 15 26 36 33 24 15 8 20 30 18 15 21 25 42 41 34 31 24 13 30 29 34 
24 13 22 15 25 23 25 37 23 21 22 28 37 38 6 15 27 38 61 107 161 186 205 209 191 146 83 42 20 8 15 16 19 17 21 17 14 12 4 11 10 4 19 27 35 35 28 26 16 18 26 17 12 18 26 44 43 29 29 22 21 43 33 38 
13 5 26 22 32 34 39 44 30 25 29 33 37 34 2 11 33 51 68 122 173 182 182 174 149 100 52 30 18 16 14 12 12 8 13 10 9 7 6 10 11 4 20 33 31 30 23 21 18 12 21 14 9 13 17 38 42 26 31 26 32 48 27 30 
10 11 30 21 23 25 36 46 30 26 30 32 37 31 14 15 40 73 98 152 192 184 165 145 118 75 36 24 19 21 16 12 18 16 18 15 6 5 9 13 17 15 20 32 23 27 21 17 19 13 17 19 12 22 25 41 49 29 33 31 42 51 27 28 
19 24 31 17 21 21 39 53 38 38 39 37 46 33 18 18 46 90 122 176 204 180 145 120 96 57 24 17 9 19 17 17 30 28 27 14 10 17 17 14 17 10 14 28 14 23 19 14 16 15 17 29 15 41 27 36 45 19 39 34 41 48 21 22 

40 42 42 33 15 27 27 41 31 57 42 33 27 30 51 27 26 35 46 39 14 12 22 43 30 22 22 23 26 8 4 3 10 18 24 31 33 34 31 35 36 29 23 23 27 17 25 36 35 24 22 32 33 27 21 14 23 36 36 35 18 19 14 10 
41 45 36 30 19 27 27 32 24 48 24 20 22 28 40 18 18 29 42 31 11 11 26 44 30 23 21 21 26 11 7 7 11 17 22 28 32 34 30 31 31 24 22 24 28 20 22 21 24 22 23 33 33 28 25 20 20 36 34 31 22 17 17 16 
37 42 29 23 23 28 31 30 22 41 10 11 15 20 31 10 8 19 27 16 6 11 27 35 24 20 12 14 20 13 4 9 16 16 14 8 19 20 19 25 21 19 22 23 28 20 16 14 20 20 13 13 18 27 27 21 19 33 30 18 17 18 22 22 
32 36 23 17 20 26 31 28 23 36 2 12 12 13 21 4 16 21 17 11 12 11 27 26 18 24 13 14 15 15 15 7 13 6 8 15 21 11 14 17 10 20 20 21 27 22 15 17 25 27 18 7 14 26 23 23 17 22 27 22 22 27 26 25 
29 30 16 16 20 27 29 20 13 29 35 39 33 19 13 19 30 30 18 15 16 10 31 24 17 28 18 18 14 12 18 3 14 6 18 28 25 12 9 11 15 21 17 18 25 25 12 17 18 26 25 20 21 24 26 32 20 9 14 22 26 25 21 21 
27 27 17 24 27 33 30 19 3 22 36 36 34 24 18 25 35 34 21 22 23 12 36 19 4 24 15 15 12 14 22 6 15 12 23 31 23 8 4 12 17 17 17 25 31 33 11 8 13 16 20 17 18 11 17 24 11 9 6 6 15 13 10 14 
22 19 15 26 29 36 33 22 10 13 28 25 23 24 18 24 33 34 25 23 22 6 33 16 4 21 15 11 8 11 20 8 14 19 28 34 23 18 21 27 29 18 24 22 36 38 30 18 10 11 20 26 23 9 15 21 10 7 10 11 11 12 10 9 
20 17 10 21 24 32 30 16 10 14 29 26 22 23 18 18 22 25 15 15 23 12 30 19 3 21 17 10 18 21 20 13 19 25 34 27 6 19 31 43 45 37 37 18 39 31 21 26 14 6 14 18 17 17 12 11 21 18 20 15 3 9 6 10 
20 17 12 26 29 29 29 13 18 17 29 29 26 29 17 10 17 17 7 7 15 14 26 13 8 22 21 19 20 18 15 16 24 34 41 24 17 26 36 44 42 42 39 28 42 32 24 28 10 12 16 19 14 12 12 25 33 19 10 16 21 27 24 23 
21 14 9 27 39 38 37 17 21 33 37 37 17 19 15 12 21 12 9 15 21 25 21 2 11 22 22 21 20 16 6 16 24 35 35 16 24 33 33 32 32 38 30 14 29 21 18 23 7 18 9 13 4 5 29 32 36 30 9 24 25 20 22 23 
27 24 26 24 28 25 31 30 8 19 23 27 17 8 17 22 24 10 17 17 16 18 10 22 18 20 20 26 30 29 23 21 21 36 31 15 26 34 36 29 31 39 32 20 25 21 19 18 5 21 12 13 7 9 36 27 27 31 27 30 20 11 7 8 
25 25 34 32 24 17 25 33 11 14 22 24 14 6 19 29 24 9 21 20 20 17 24 45 34 33 24 16 4 11 14 21 18 36 33 17 27 32 40 28 28 35 34 30 21 18 8 8 20 27 27 24 17 11 44 33 19 24 30 33 19 15 8 9 
21 23 31 32 29 24 32 36 12 13 30 36 26 31 33 32 18 23 33 22 25 18 38 51 18 26 16 18 18 24 22 24 13 28 35 18 25 28 38 22 21 21 15 16 8 10 10 25 24 23 25 15 15 9 42 36 19 24 34 32 13 17 20 27 
30 31 27 32 30 22 36 41 32 16 21 32 33 30 16 19 15 40 41 24 22 23 43 49 26 32 24 27 16 15 16 20 15 26 41 21 19 20 36 21 14 12 7 25 23 21 18 20 2 8 22 5 18 12 36 38 18 19 36 28 10 14 14 23 
33 28 14 30 28 13 26 32 44 36 18 12 14 12 9 23 30 51 41 27 21 28 41 38 25 36 38 41 34 33 26 18 17 17 39 23 12 12 33 30 17 6 12 27 19 17 19 19 11 7 18 8 20 10 24 32 18 13 34 26 4 6 8 21 
37 29 17 33 34 19 27 36 54 47 19 4 8 19 18 30 42 58 44 37 30 36 42 32 22 35 32 35 34 38 35 21 21 13 23 17 13 16 24 28 28 21 20 23 17 20 21 23 19 11 10 11 22 11 15 29 25 16 27 24 17 28 33 42 
32 21 14 33 32 17 33 46 62 57 33 19 9 26 25 36 52 61 48 46 38 36 39 33 27 35 26 18 7 18 24 14 13 19 24 30 33 39 42 40 38 25 9 10 22 31 31 33 33 28 30 33 23 10 8 20 26 23 32 41 54 72 82 91 
18 8 18 34 28 14 9 31 50 41 31 28 18 38 31 33 43 48 43 47 40 34 33 25 12 24 20 12 4 14 25 17 9 19 21 32 34 40 44 35 36 27 7 7 15 25 21 21 19 14 13 18 13 3 3 10 15 19 37 58 86 107 118 128 
15 5 23 32 17 13 15 42 47 28 21 19 14 31 8 12 23 33 35 44 42 30 27 22 4 20 18 7 6 5 23 25 31 39 33 26 26 37 43 30 32 32 12 4 11 29 26 32 35 32 28 26 24 20 20 19 18 24 47 81 119 138 145 154 
14 6 23 28 16 19 26 45 35 18 17 10 19 24 9 6 9 20 27 37 40 35 29 19 3 18 17 10 18 23 16 13 26 21 27 17 22 39 42 34 29 30 15 8 9 26 22 11 17 24 28 28 27 21 18 22 30 42 74 122 165 180 182 187 
11 12 24 24 14 13 16 37 24 18 15 7 21 21 17 15 6 7 21 26 25 21 18 8 9 18 16 11 14 14 15 18 33 17 20 16 19 31 29 27 29 27 13 11 13 24 22 6 7 15 25 27 27 21 21 29 44 64 106 160 196 201 197 194 
10 15 27 23 13 10 17 35 26 31 31 27 27 23 15 19 20 17 17 11 7 6 17 21 15 16 16 19 22 20 15 16 33 15 21 15 20 34 34 36 32 18 5 19 21 27 21 9 11 24 37 44 43 33 32 40 57 86 134 182 203 191 173 157 
18 24 31 34 30 29 34 32 26 27 26 31 29 27 15 15 10 7 11 5 7 12 21 24 18 18 25 32 35 38 26 18 34 16 27 21 20 27 17 14 6 12 17 22 18 14 12 15 13 22 27 34 33 26 31 57 91 132 178 211 213 182 151 127 
41 40 40 43 41 37 34 24 23 21 26 33 32 34 22 19 15 10 13 8 7 17 25 29 19 8 4 16 21 25 22 15 28 27 31 22 5 20 37 42 39 43 36 29 23 11 11 14 21 27 27 29 22 10 31 74 122 166 200 211 190 140 101 77 
57 54 52 52 47 40 34 29 26 18 27 32 31 30 14 16 10 2 13 16 9 14 19 22 21 11 6 8 19 18 9 7 13 13 18 14 5 8 8 15 16 28 22 25 27 23 27 7 15 23 31 33 28 36 69 108 150 177 183 176 144 88 55 43 
50 52 53 54 50 48 39 33 23 13 26 30 30 25 14 17 16 7 15 18 6 3 14 22 19 21 15 12 11 8 4 9 14 14 14 14 10 17 20 21 20 26 6 13 12 18 34 8 10 15 30 46 51 80 120 151 183 188 171 154 116 63 42 36 
44 49 50 54 57 55 35 19 5 22 32 30 33 24 15 16 23 18 18 20 15 14 17 24 6 15 4 18 20 16 15 12 15 19 15 17 9 12 4 10 24 33 20 23 18 20 36 14 12 18 41 67 78 116 159 179 193 177 146 122 83 38 29 28 
41 44 42 44 45 40 19 14 19 33 29 30 35 18 7 4 12 23 16 18 22 6 11 21 12 20 14 24 14 14 10 7 9 16 17 23 25 26 16 11 24 36 32 34 27 24 38 30 30 38 65 95 113 153 186 184 177 144 105 84 53 21 22 24 
23 23 24 34 34 37 24 20 19 23 15 21 27 8 15 14 20 26 16 16 23 15 17 21 18 17 11 18 3 15 10 8 7 18 13 16 20 22 25 20 29 39 41 38 26 18 18 19 38 66 108 138 160 194 201 177 152 107 70 56 35 14 27 28 
17 20 20 28 24 30 19 25 32 26 17 19 18 12 7 5 15 20 16 20 17 15 14 15 17 10 13 18 10 15 13 17 15 31 11 12 18 29 41 20 28 38 49 51 46 37 23 30 57 99 147 172 187 203 189 157 122 77 52 36 19 13 26 21 
32 27 22 21 16 25 19 30 30 26 23 25 18 9 5 12 15 15 12 14 14 7 10 7 7 7 14 22 28 27 23 22 21 41 15 15 23 34 54 24 13 19 36 40 33 19 32 66 98 142 183 191 185 180 150 105 71 42 30 20 6 12 25 22 
18 9 10 11 11 16 11 21 10 11 10 9 17 11 9 23 21 12 12 7 17 12 15 12 9 16 12 29 36 30 28 22 26 41 17 4 14 25 48 32 15 10 23 28 18 23 61 105 138 178 206 194 173 154 113 68 43 23 16 12 7 7 24 26 
21 12 12 11 17 14 17 20 15 20 24 26 24 17 9 22 15 3 14 11 22 20 10 9 9 21 19 11 8 10 15 17 24 32 20 9 9 20 38 26 15 15 16 18 20 46 96 141 168 192 200 179 151 126 87 55 34 25 17 12 19 25 34 42 
32 27 16 13 22 13 22 21 15 20 16 11 10 13 11 21 15 11 21 18 22 27 18 12 12 22 21 15 4 6 9 15 20 24 24 19 13 21 34 30 18 11 11 30 65 103 147 184 194 192 183 158 119 90 55 28 15 28 21 16 20 21 11 12 
33 32 22 23 31 16 14 15 9 11 9 3 5 11 12 16 8 11 25 21 12 15 8 5 11 22 24 24 14 7 4 14 24 21 25 21 15 30 30 27 12 21 46 77 127 168 200 215 201 176 153 126 83 56 25 18 24 32 18 6 19 30 31 34 
23 18 14 20 34 31 13 11 9 12 25 29 29 26 27 20 7 6 21 26 23 15 8 6 12 20 25 27 24 20 16 17 26 16 17 24 28 43 36 21 8 40 82 126 181 211 215 204 174 134 105 86 57 37 13 9 13 24 10 9 9 13 14 10 
16 15 9 17 44 46 27 28 28 29 25 13 22 29 21 16 16 16 9 8 6 11 20 22 14 6 15 34 36 25 21 18 22 23 18 12 22 44 28 2 24 71 125 171 218 226 199 168 129 85 61 57 39 24 10 8 19 29 22 19 17 11 17 12 
12 16 16 23 44 43 18 18 27 37 24 15 21 26 22 19 15 24 8 8 11 13 12 19 19 13 15 14 13 10 10 15 18 29 11 10 18 43 38 49 76 119 171 208 239 225 175 132 88 51 39 43 23 18 22 28 35 36 28 20 19 14 19 15 
30 23 17 21 40 38 26 24 33 38 24 20 34 33 31 22 13 26 15 20 20 19 17 5 17 15 18 21 10 13 17 21 23 32 6 16 12 22 27 74 115 159 207 228 231 200 142 94 51 23 18 26 8 16 15 18 24 28 34 23 21 12 11 7 
33 23 10 13 35 30 25 22 33 44 31 24 37 27 18 10 15 33 21 23 24 19 18 5 18 17 16 18 11 17 21 27 29 34 16 16 16 23 49 110 148 184 221 218 193 157 103 59 24 7 19 29 12 14 17 26 30 33 42 31 31 24 19 17 
27 21 8 12 32 36 35 24 31 37 10 10 30 15 24 16 17 35 21 19 17 15 19 12 19 19 15 18 5 15 24 28 27 31 17 24 44 61 101 164 196 212 224 192 150 117 75 41 20 20 32 43 31 26 26 22 17 14 24 11 12 8 5 5 
29 35 26 16 12 20 30 21 23 22 9 15 26 18 22 13 19 32 19 17 17 18 25 22 21 19 12 15 8 8 14 21 23 28 23 32 64 87 131 188 207 201 189 143 103 78 50 26 9 13 29 41 33 26 20 7 7 10 19 20 9 6 8 9 
20 33 31 27 23 16 24 16 18 13 9 22 19 20 18 17 24 27 18 13 17 18 22 22 15 16 16 17 17 16 16 24 27 27 35 59 100 126 164 203 204 177 146 93 58 42 32 22 11 7 21 36 36 31 21 12 11 20 22 24 21 25 34 36 
16 25 28 25 24 18 20 12 17 12 12 21 14 24 22 18 19 19 17 14 8 19 25 27 19 21 21 17 14 10 13 29 30 28 48 94 139 164 192 209 188 146 108 61 35 28 26 23 19 18 20 29 35 31 24 15 11 23 27 32 33 35 37 33 
13 14 16 16 21 12 15 10 12 11 18 23 12 26 22 12 13 17 19 24 20 23 35 34 23 18 11 9 11 10 14 36 37 45 84 135 173 192 204 192 152 104 69 37 25 22 23 21 19 22 24 28 37 39 39 25 16 19 21 31 39 42 34 32 
35 25 19 15 22 14 15 15 21 19 18 27 12 24 21 15 11 11 23 30 30 39 45 34 20 15 12 10 10 13 14 45 57 82 131 175 196 201 193 157 111 69 42 21 16 13 15 16 21 28 16 9 17 11 33 29 25 19 8 22 34 38 24 21 
30 24 23 26 27 20 17 21 25 26 25 27 21 22 16 17 11 17 23 21 21 33 31 19 12 14 18 15 8 8 23 69 96 124 168 195 192 177 155 109 70 45 29 21 19 12 12 12 17 27 20 17 21 21 31 35 36 24 14 16 29 41 19 18 
50 33 21 12 22 18 15 13 7 14 17 19 32 17 7 14 10 18 17 3 8 27 18 10 15 22 28 27 30 40 68 116 142 165 196 200 171 144 121 75 44 30 24 25 22 12 14 16 19 21 20 20 20 20 33 41 43 35 24 4 18 38 35 49 
38 29 29 25 21 10 20 16 10 16 17 16 38 19 6 12 12 20 22 12 16 35 17 15 17 26 37 38 44 69 108 155 178 194 204 183 142 117 93 49 26 20 24 25 15 4 3 12 18 25 25 16 17 18 29 41 43 36 27 24 28 38 40 44 
39 35 31 28 22 13 19 15 14 17 14 7 45 27 17 15 10 22 22 16 25 39 13 23 19 34 51 58 79 120 157 191 199 193 175 139 99 79 62 27 19 17 23 20 8 5 8 9 11 16 31 27 21 21 29 41 43 34 21 9 9 21 18 21 
21 24 27 34 38 36 31 28 21 15 12 13 48 17 24 26 25 29 12 15 29 40 17 26 23 39 58 71 104 152 186 206 190 161 130 93 56 47 45 14 15 13 24 20 6 7 17 22 22 12 21 22 10 13 26 38 41 26 15 5 9 20 23 26 
22 27 30 33 32 22 16 26 24 21 22 21 35 12 28 25 20 15 12 16 29 36 24 25 25 42 70 98 133 179 210 207 163 122 90 54 26 32 42 15 21 19 26 10 15 20 20 17 17 19 24 28 12 13 26 42 42 30 26 21 21 22 24 26 
17 14 8 9 15 8 14 22 24 18 18 12 16 17 20 17 8 6 19 14 28 31 30 34 44 68 107 150 180 210 219 186 122 73 42 12 6 31 42 18 27 24 27 8 22 15 4 9 20 24 26 35 28 27 32 32 26 14 16 8 16 21 26 36 
33 32 28 22 14 14 21 23 24 22 19 13 4 21 23 24 15 19 27 21 30 29 38 51 76 110 149 190 207 209 194 150 85 40 20 3 7 36 44 29 35 28 33 22 35 24 12 13 18 25 20 21 17 18 19 13 17 14 21 9 9 15 15 24 
10 5 7 14 18 23 24 19 10 8 13 14 18 27 23 25 24 31 36 26 30 32 49 65 104 147 180 206 201 174 143 102 52 27 17 9 12 33 43 28 32 20 27 12 30 23 13 16 17 25 22 15 6 11 12 9 10 11 15 7 3 10 13 25 
26 21 18 20 22 21 14 11 6 8 15 18 24 21 13 12 17 28 32 27 29 44 77 102 150 199 222 221 195 150 102 64 42 28 25 17 13 27 38 24 28 18 24 21 19 22 24 29 25 17 15 21 21 23 23 20 18 19 19 17 15 13 12 26 
25 27 27 20 17 13 8 18 30 34 27 20 17 20 26 20 21 26 21 29 36 66 117 151 196 232 227 197 157 107 64 43 33 23 25 21 18 27 32 21 23 13 19 21 20 25 17 14 20 17 29 37 37 38 37 35 34 34 34 29 17 6 8 24 
6 10 18 19 14 9 17 33 44 41 30 13 8 17 21 9 10 17 11 32 53 93 151 180 203 214 183 133 93 52 33 33 34 33 33 27 18 17 25 18 19 13 16 20 9 17 12 14 26 23 27 24 19 26 35 37 30 26 20 15 11 3 8 23 
15 15 25 29 18 4 17 35 40 32 21 13 14 21 24 21 14 18 24 57 101 146 195 208 203 189 146 96 60 33 28 32 34 31 28 21 11 5 15 8 12 8 13 27 27 27 22 16 22 27 30 20 13 15 22 26 14 12 18 21 12 6 12 23 
21 22 31 30 16 7 19 38 41 31 21 21 25 27 22 28 32 42 61 104 159 193 220 217 192 152 96 53 27 13 21 30 31 29 27 19 12 15 22 16 15 9 7 23 33 35 31 21 18 30 34 22 14 3 18 35 36 32 21 21 12 20 18 23 
18 18 26 21 20 16 18 35 34 25 20 22 33 29 7 13 36 58 92 143 192 202 200 183 143 90 42 20 10 9 14 26 32 31 30 23 17 14 12 11 16 11 1 17 33 38 34 28 17 25 30 21 14 19 25 37 39 27 20 19 12 33 20 18 
6 11 24 24 29 31 30 38 32 25 23 26 33 27 8 18 51 74 102 152 190 176 156 133 92 46 24 22 19 15 16 22 26 24 21 15 10 10 11 10 12 13 2 21 31 32 30 27 15 19 27 20 11 18 17 30 38 12 18 15 16 39 15 13 
10 16 27 23 24 25 28 36 29 25 23 25 32 24 12 29 69 100 126 170 192 159 126 102 66 33 22 24 25 24 12 15 24 19 19 16 17 16 15 17 18 19 14 29 30 30 27 27 23 19 22 23 11 26 25 33 47 21 27 13 22 44 19 24 
20 26 27 16 21 24 31 38 33 34 32 28 37 24 12 32 80 117 141 178 184 133 90 71 44 19 12 17 15 26 14 12 23 17 29 24 21 21 19 20 17 17 7 26 20 25 22 25 27 27 27 36 20 46 28 30 46 13 41 13 21 42 19 33 

31 34 27 21 23 35 28 34 24 51 40 46 48 50 57 29 26 32 51 50 24 17 17 38 27 17 13 13 22 25 33 37 42 46 44 37 26 21 18 25 24 23 21 18 22 14 23 39 34 30 29 27 27 19 15 8 19 27 26 32 20 12 14 18 
35 37 25 24 28 30 22 21 22 47 28 33 35 40 45 25 23 33 49 44 18 8 17 38 28 21 16 15 20 18 27 31 33 34 28 23 15 13 14 23 22 18 15 13 20 12 20 23 19 23 27 32 29 18 12 5 17 34 28 25 20 12 18 20 
32 33 18 17 21 22 17 12 21 39 17 22 23 29 33 18 16 24 38 29 9 5 19 32 22 19 8 12 18 17 17 21 25 26 24 19 18 7 9 24 19 14 14 11 20 12 9 8 15 22 22 16 17 19 12 10 18 38 30 16 16 18 26 27 
24 27 12 13 12 11 15 14 28 38 15 16 14 20 23 18 25 27 30 19 10 9 21 27 17 20 9 9 11 9 13 14 15 14 17 20 31 18 19 29 13 14 13 12 22 21 10 9 17 22 23 18 22 25 7 22 17 30 29 20 24 30 33 33 
20 21 9 15 15 12 13 11 22 27 18 21 16 6 11 21 29 27 21 16 12 11 29 27 12 17 10 14 14 7 11 12 11 6 15 30 40 26 23 26 7 15 10 10 24 29 15 20 6 16 24 28 36 34 23 32 18 14 20 27 34 35 32 30 
19 18 11 18 20 18 17 13 15 22 25 26 25 18 10 12 21 19 12 22 20 15 34 24 6 18 16 19 18 14 12 9 8 10 17 33 41 26 18 23 8 13 9 17 32 37 16 21 21 22 26 25 32 25 9 23 9 6 1 11 16 18 17 15 
15 12 6 15 17 15 21 19 14 11 13 12 14 22 18 17 26 28 20 22 19 10 33 24 11 20 23 21 19 12 13 12 4 13 19 35 40 27 21 25 13 7 14 25 42 41 29 14 7 22 29 33 33 23 9 17 9 9 13 9 6 8 8 7 
12 9 6 12 15 16 22 19 14 9 17 13 11 18 18 17 22 26 13 7 19 10 31 24 9 21 22 16 19 17 19 15 6 8 25 37 34 22 15 24 24 19 19 21 42 29 18 16 6 18 20 24 28 27 18 5 17 19 21 15 6 10 6 7 
19 15 15 14 19 16 24 19 15 11 20 20 19 25 19 17 22 23 12 8 16 15 29 16 9 22 20 18 18 12 13 8 4 22 42 43 33 17 14 29 33 32 28 33 43 25 20 23 14 18 13 15 21 20 24 33 30 16 6 19 24 24 21 21 
14 10 24 16 24 21 30 29 23 30 30 28 9 20 27 30 35 27 19 18 19 22 21 4 11 22 23 21 15 11 8 9 13 30 46 41 32 18 12 24 27 31 21 27 31 12 10 16 13 20 9 12 14 15 35 36 28 27 10 30 29 24 24 26 
16 15 32 18 12 8 25 38 19 24 28 32 24 19 27 34 40 29 22 18 15 12 5 21 21 25 28 32 29 26 19 15 13 31 46 39 30 19 16 23 26 30 18 21 20 3 9 14 11 19 8 9 11 14 40 34 19 32 28 35 19 5 10 12 
30 27 38 24 14 6 21 39 20 26 29 30 25 21 30 42 43 24 14 10 13 9 18 40 30 32 31 25 12 5 8 18 14 33 45 33 23 15 25 29 28 30 29 30 18 9 14 18 27 26 23 21 14 10 43 39 12 25 33 39 18 3 8 14 
36 30 35 23 15 16 26 39 21 23 32 37 31 37 43 47 39 26 18 12 19 14 32 45 13 15 13 22 25 19 18 22 15 29 41 25 19 19 34 31 24 21 22 24 20 10 10 20 15 15 19 14 15 13 41 34 7 24 38 37 13 14 19 26 
38 27 21 21 13 13 26 39 34 24 19 28 31 30 23 26 16 30 25 18 21 22 38 41 14 19 21 33 28 14 10 12 15 26 42 24 15 14 29 25 11 12 5 18 21 14 10 20 13 10 18 4 22 21 38 35 17 24 39 33 15 14 10 16 
35 21 10 21 23 10 17 30 43 41 17 9 20 18 14 20 15 36 25 24 23 33 38 29 16 32 41 49 39 30 20 8 19 18 35 21 10 9 23 24 9 8 8 18 15 12 12 13 13 7 20 9 20 18 28 29 13 21 38 36 27 32 35 39 
30 20 14 25 32 21 24 30 47 50 24 13 12 15 18 23 26 43 34 36 33 39 38 25 25 39 43 43 36 34 31 19 23 14 22 15 7 16 19 19 21 16 18 13 9 16 15 17 19 8 15 10 23 21 19 24 15 22 41 48 54 68 78 86 
19 11 6 24 29 13 24 32 49 58 41 35 23 25 30 36 39 46 39 42 37 36 35 32 35 39 34 21 9 16 27 22 18 20 19 21 20 31 33 36 37 22 13 3 13 18 18 20 27 23 27 31 26 17 15 19 22 36 55 75 95 114 126 137 
9 6 7 24 27 16 14 17 40 44 35 38 22 36 40 44 42 41 37 39 33 28 24 16 15 23 23 8 7 15 28 23 18 26 23 29 33 46 47 43 42 22 6 6 10 16 15 12 10 15 22 24 14 5 15 18 18 40 67 100 133 154 168 179 
11 7 14 30 24 19 12 27 45 41 33 33 13 28 15 27 24 26 27 29 26 18 16 8 10 18 21 9 11 8 23 27 32 38 36 30 34 49 47 41 35 24 3 5 8 23 20 27 25 16 6 9 17 18 20 22 22 47 84 132 167 180 189 195 
14 8 16 29 21 24 25 40 44 36 26 26 21 29 13 21 17 13 17 12 14 13 10 12 17 16 14 14 24 25 20 17 31 32 40 32 33 42 34 34 23 21 1 5 4 23 21 15 22 25 18 18 23 21 17 25 42 71 121 176 203 204 199 195 
23 21 26 30 25 25 25 41 42 35 24 18 20 31 20 21 14 10 21 10 12 14 17 27 30 23 11 15 21 18 17 18 36 34 42 36 31 31 18 16 12 15 10 15 20 28 26 14 15 21 20 21 26 22 22 39 65 102 159 207 216 200 181 162 
13 16 29 30 22 15 12 34 39 39 36 32 32 41 27 23 21 20 26 13 16 17 22 28 28 21 10 25 26 20 14 12 36 29 40 32 25 25 15 23 25 19 20 27 27 26 16 7 10 17 27 36 41 35 38 57 86 128 181 213 205 173 138 104 
15 19 33 41 40 35 33 31 34 32 3 14 18 33 25 20 19 18 23 13 15 12 17 21 25 24 23 34 32 32 18 7 33 23 35 26 19 18 9 19 24 26 24 25 20 6 15 20 15 20 24 33 34 29 45 83 125 170 212 222 194 146 102 65 
18 27 37 42 43 39 33 24 24 26 15 21 24 36 25 21 22 18 20 8 10 13 18 20 19 13 7 23 18 19 15 4 23 24 27 23 9 20 37 41 40 44 36 29 22 9 12 7 13 19 18 25 23 26 65 113 156 193 211 197 153 96 54 24 
28 32 38 41 36 25 13 8 16 15 9 14 19 27 12 15 17 15 18 7 4 0 6 19 20 11 11 12 17 20 12 10 15 3 12 13 5 12 7 13 18 29 23 27 25 24 23 3 12 18 24 32 38 66 115 150 177 188 173 142 96 45 22 19 
24 31 35 41 36 29 21 15 7 5 12 17 26 23 7 4 7 11 22 21 17 15 17 23 26 24 19 8 11 13 13 19 18 11 13 15 5 14 24 28 27 33 15 15 10 19 30 6 9 13 36 57 78 122 167 182 192 179 143 109 69 30 17 21 
23 28 30 36 36 29 18 6 9 22 27 22 34 27 17 17 17 23 27 28 22 21 23 21 12 14 9 19 21 14 19 22 19 17 15 20 6 11 11 6 18 28 9 12 13 14 33 15 18 26 61 96 120 163 197 192 180 148 104 74 41 14 17 24 
22 24 24 29 30 24 23 16 20 24 22 26 41 27 14 12 14 32 29 33 26 17 18 16 12 16 18 28 16 6 12 19 17 17 15 21 24 28 28 21 20 26 16 21 22 18 35 33 42 59 101 136 153 189 207 180 150 107 63 40 15 7 18 23 
20 25 26 27 26 29 25 19 20 18 19 24 37 16 5 4 21 32 24 31 28 20 19 18 20 17 15 22 1 12 14 21 18 21 10 15 22 15 29 21 18 28 28 27 23 11 13 27 57 93 145 175 188 209 201 158 120 74 42 24 9 11 28 27 
24 29 29 27 24 28 25 29 36 31 27 24 23 10 10 13 24 24 16 23 22 21 18 17 18 10 11 16 11 17 11 18 18 33 13 13 21 22 46 31 21 30 40 44 42 34 24 51 91 137 183 199 198 196 169 127 91 56 39 22 2 15 28 18 
22 21 19 20 21 26 22 26 29 24 25 27 17 9 14 19 24 20 17 13 16 11 9 12 12 11 8 17 29 27 19 15 11 43 18 13 26 30 59 43 17 1 17 26 28 38 60 99 136 175 205 199 178 157 121 83 54 35 26 19 10 14 27 19 
11 9 5 8 10 10 5 13 8 14 15 14 11 6 18 25 27 17 18 6 18 12 16 21 20 24 15 20 32 25 22 15 17 43 25 12 22 25 53 46 25 16 3 15 31 61 103 143 165 190 200 172 142 117 82 54 35 26 18 16 15 7 24 19 
15 13 14 15 19 6 7 12 9 21 19 22 15 15 23 30 28 19 21 8 23 18 13 22 26 32 30 21 15 12 10 16 24 39 30 16 15 27 47 43 25 17 17 35 62 99 148 177 180 189 178 140 110 89 60 41 25 27 18 18 20 15 28 33 
41 34 25 22 29 14 14 12 7 19 16 15 11 21 20 25 20 15 28 12 25 25 22 28 30 33 31 25 13 9 11 19 29 37 32 18 11 25 40 42 27 25 50 79 117 159 198 207 190 178 150 110 78 57 33 21 8 28 17 18 21 19 24 26 
41 40 33 36 43 30 21 18 13 13 14 11 12 13 19 23 13 16 34 20 17 18 21 30 35 39 38 33 15 4 10 17 33 33 29 17 18 27 30 35 34 60 94 129 174 209 228 217 178 145 110 74 43 24 8 18 26 36 21 9 13 20 27 32 
26 25 19 28 44 42 26 20 14 15 28 30 33 23 28 25 11 12 32 32 26 18 16 24 28 30 34 34 24 20 19 17 29 21 17 21 33 38 34 31 47 93 138 178 219 231 218 181 129 92 63 45 31 19 15 16 19 29 13 9 10 8 11 7 
20 17 10 20 47 52 32 29 26 26 28 14 22 22 24 26 19 6 14 11 3 10 24 31 25 19 21 32 31 22 20 16 22 23 13 5 19 29 27 44 81 138 186 215 234 219 175 125 80 50 31 34 28 13 14 7 12 22 9 14 17 13 18 7 
15 15 5 15 44 49 32 35 35 35 25 16 5 15 19 25 22 21 7 6 8 14 13 21 22 21 22 11 10 10 17 22 22 32 17 15 18 37 54 87 131 183 220 229 227 191 131 86 51 29 19 34 22 9 21 21 27 25 14 19 23 24 29 21 
30 19 8 11 39 40 25 29 31 36 29 25 23 29 33 29 29 32 21 24 26 26 23 9 9 7 15 17 8 3 15 11 19 33 17 21 10 30 65 119 168 207 229 221 194 146 88 54 27 10 5 30 19 23 19 14 19 11 21 24 30 32 36 33 
34 19 6 7 37 31 15 16 26 44 36 31 29 25 24 27 38 43 33 27 25 22 22 10 9 7 10 17 6 5 18 11 16 29 21 26 33 57 100 161 194 209 216 188 140 96 47 24 12 6 10 28 15 13 7 17 24 24 38 37 42 41 41 40 
23 21 13 11 35 36 29 19 29 42 20 19 16 9 24 27 39 47 33 26 25 23 22 14 12 12 11 18 1 9 21 17 16 25 16 31 68 102 153 206 216 204 189 140 88 58 24 18 14 15 15 27 18 13 18 24 24 26 31 27 31 31 31 33 
26 31 18 9 15 24 29 18 24 27 17 14 15 19 21 18 30 38 25 19 18 21 27 24 16 16 12 17 13 8 17 17 17 27 23 45 93 129 170 206 198 165 130 78 39 25 7 9 10 13 14 19 13 5 13 16 8 10 14 11 15 21 24 29 
18 28 20 17 10 10 21 9 18 15 10 11 9 20 14 13 20 20 13 4 11 19 25 25 15 14 16 16 18 21 25 31 32 34 37 74 128 159 184 200 174 123 81 38 10 11 8 7 4 6 8 9 16 18 20 19 11 5 12 16 19 30 39 44 
18 24 21 18 15 12 20 6 17 12 11 11 12 24 17 10 12 16 14 13 7 17 29 28 23 24 22 18 11 10 13 31 39 47 71 119 164 186 198 190 144 92 55 23 13 9 14 16 14 18 22 15 15 18 17 17 11 11 26 28 23 21 24 23 
20 24 23 18 14 3 16 6 13 9 14 17 23 29 17 11 8 15 14 18 21 20 36 30 22 19 15 10 5 6 11 42 56 82 129 170 195 202 195 161 110 65 34 13 14 15 22 19 13 27 36 40 42 43 34 14 7 10 29 33 29 26 22 22 
20 22 22 19 20 12 18 20 24 20 16 22 31 31 19 12 11 9 16 21 27 33 41 28 18 16 14 7 3 6 19 64 93 130 179 202 202 189 162 117 77 46 26 19 20 18 25 24 20 32 9 15 16 23 40 23 17 14 23 25 24 22 12 6 
6 13 21 23 24 13 13 11 16 17 19 23 38 30 18 15 4 15 15 10 15 31 32 17 15 19 20 14 13 24 50 103 137 166 197 199 175 143 111 68 42 30 24 27 32 26 29 27 24 36 16 21 20 30 42 31 23 14 23 17 19 28 16 10 
39 28 23 15 18 12 18 13 13 6 11 12 38 23 14 16 6 15 18 11 10 27 16 1 8 21 30 33 42 66 103 153 179 196 207 186 143 107 81 44 29 27 24 31 37 31 30 25 24 32 14 22 21 29 42 36 26 16 24 13 19 34 36 46 
32 29 30 25 18 11 24 17 17 11 13 12 37 21 12 18 12 18 23 17 21 36 14 11 7 25 41 45 65 105 147 190 205 208 193 154 108 79 63 33 22 23 27 36 36 28 26 26 29 38 22 5 19 29 46 44 32 21 21 20 23 29 31 36 
29 27 23 24 26 11 20 17 20 12 7 9 39 22 8 17 15 18 23 20 31 43 8 19 11 37 61 70 108 159 189 209 201 176 139 96 60 46 44 12 10 21 31 36 30 24 16 10 12 29 33 19 18 27 42 44 29 13 11 12 16 13 9 17 
21 18 19 30 39 32 26 24 21 15 12 16 41 11 20 21 27 26 22 20 33 45 13 21 19 50 78 95 142 189 204 204 171 127 88 52 25 32 42 8 9 18 34 37 27 22 24 30 31 27 27 13 3 17 31 33 18 10 21 23 27 22 19 23 
6 11 15 21 27 13 7 23 18 17 15 18 30 5 27 9 13 13 18 12 26 40 25 28 32 63 105 134 174 210 214 189 134 86 52 27 18 33 45 14 17 20 32 28 21 20 22 19 18 20 27 21 11 17 26 30 20 28 34 34 38 33 28 30 
20 18 12 6 20 11 11 21 23 20 14 12 13 15 24 6 9 10 15 4 16 29 33 43 63 101 151 185 209 220 198 145 81 35 12 17 19 39 46 7 23 29 33 24 21 20 16 15 21 25 33 34 27 31 32 24 9 27 36 35 37 32 29 35 
34 34 33 27 24 15 15 21 28 27 19 15 8 20 25 15 14 12 16 8 13 18 40 63 102 147 188 213 215 194 153 98 47 26 12 15 12 40 44 19 35 35 38 32 34 29 23 25 31 35 33 31 26 27 21 7 9 18 30 27 29 27 21 21 
23 22 22 24 25 21 18 18 18 13 9 17 21 24 24 19 20 19 22 16 21 33 62 91 139 179 205 212 187 141 96 55 26 26 8 13 15 35 42 25 35 30 33 26 29 28 24 27 25 31 32 25 17 17 13 9 8 9 16 19 21 21 21 20 
23 21 18 15 14 18 19 24 18 10 15 23 30 19 14 14 17 15 24 26 38 67 112 146 186 216 223 203 159 104 55 27 30 29 21 22 25 37 44 30 34 24 24 20 14 24 30 37 34 25 23 22 22 22 18 16 14 13 12 13 15 13 17 21 
22 21 18 11 12 17 18 16 9 16 22 30 27 9 13 13 20 13 28 49 69 108 161 188 211 222 201 156 108 61 29 15 19 21 27 33 36 42 42 34 34 24 22 24 24 29 24 21 23 22 30 35 36 36 30 28 27 27 25 22 14 10 15 19 
10 12 15 14 14 16 15 19 30 34 35 27 12 15 19 11 18 12 37 74 100 140 186 195 193 182 142 90 53 24 18 13 18 31 34 33 36 38 42 35 32 25 25 30 20 19 14 16 30 28 27 24 24 32 36 36 34 31 19 4 8 9 16 20 
12 14 18 20 15 12 8 16 29 30 28 16 7 18 23 20 22 30 64 112 148 180 206 195 168 140 101 62 34 20 21 19 15 19 19 24 31 28 27 21 20 15 15 28 18 15 11 14 34 36 27 17 16 21 26 32 29 27 16 6 10 13 18 18 
25 26 27 25 15 10 14 22 33 23 17 9 18 29 27 28 46 68 109 161 197 210 209 183 145 102 62 36 17 18 21 22 13 14 12 10 17 20 22 15 15 9 8 21 22 22 19 13 31 42 32 18 15 16 23 34 35 29 15 10 14 21 16 10 
26 24 22 17 22 19 13 20 27 13 11 9 29 34 22 31 69 105 151 197 219 201 171 139 96 51 24 22 14 20 23 19 19 19 17 15 17 12 10 4 13 11 9 16 23 26 21 17 26 39 32 22 18 31 34 37 39 29 28 14 15 27 8 6 
21 20 19 19 32 32 23 18 22 11 15 16 29 33 20 38 89 129 165 198 206 163 119 92 55 20 18 25 19 19 21 13 11 12 11 11 15 14 16 16 16 10 3 8 16 14 7 5 13 36 35 29 22 32 28 29 36 11 30 9 9 30 15 23 
23 22 22 20 34 37 32 19 16 12 20 19 25 33 30 51 110 155 180 203 198 140 91 69 42 21 23 29 24 24 15 15 21 16 11 13 22 24 20 22 25 19 10 17 20 14 9 7 8 27 28 25 17 36 31 30 43 15 39 10 10 33 25 36 
24 25 20 16 37 45 42 25 12 13 19 15 24 31 34 60 123 169 187 200 182 111 61 49 28 15 17 24 12 29 18 17 21 12 22 24 24 23 19 21 25 22 10 18 15 12 10 11 11 22 22 29 16 49 31 24 42 11 52 14 8 33 29 42 

35 27 15 10 35 51 52 55 48 61 46 42 44 45 41 24 17 27 49 53 30 21 7 32 33 28 23 13 8 9 21 25 36 41 46 52 44 39 30 22 18 22 22 21 19 27 24 39 34 35 41 29 27 21 24 19 21 27 21 24 30 23 26 31 
37 30 20 21 33 39 39 44 48 62 47 42 41 41 36 26 24 33 48 45 22 11 13 36 33 27 19 11 9 7 23 29 36 38 37 41 33 28 25 23 18 18 12 15 18 18 23 27 18 24 35 34 30 18 19 18 23 37 26 15 23 16 23 24 
30 26 17 18 22 26 27 30 39 51 40 37 34 34 26 26 28 33 42 33 11 4 15 32 27 21 8 8 13 10 10 19 27 32 38 38 31 22 20 26 17 15 10 12 21 9 9 8 13 22 30 24 24 19 14 21 25 43 26 9 18 6 17 15 
24 21 13 16 13 18 26 30 41 48 40 33 27 25 23 32 36 38 41 25 10 11 23 36 26 20 10 9 13 9 7 9 16 24 34 29 35 18 15 35 18 21 12 8 22 17 14 9 15 16 23 23 29 30 9 28 26 38 26 12 16 16 19 17 
20 16 15 20 21 21 27 33 42 46 40 30 19 12 19 29 32 27 23 9 6 16 34 37 22 19 15 19 21 16 14 16 11 14 16 9 34 18 18 36 18 24 17 10 25 26 18 28 20 4 15 27 39 42 22 33 23 27 27 30 35 37 35 32 
16 12 17 18 21 19 21 28 33 39 39 30 25 17 14 13 21 18 13 20 17 18 33 26 15 19 16 15 12 6 6 13 11 16 14 16 37 23 16 34 16 21 15 15 32 34 18 30 31 19 11 8 28 36 12 23 15 15 16 20 23 24 24 20 
10 6 13 13 18 16 18 24 27 30 31 22 19 23 22 23 30 32 26 20 11 10 29 21 11 15 17 8 11 7 6 15 14 18 17 20 38 27 22 35 17 14 9 24 36 35 26 19 20 21 21 22 24 30 16 15 11 12 16 9 8 10 3 5 
9 6 15 13 21 18 21 27 28 26 28 19 16 20 22 25 29 29 19 12 15 9 25 18 11 21 26 14 13 9 9 13 18 16 14 23 33 24 21 28 17 13 6 23 30 19 19 14 13 13 11 13 18 24 22 4 14 18 19 17 12 14 1 3 
18 12 27 20 25 19 21 24 23 21 27 25 27 29 24 20 22 21 11 13 17 12 23 13 17 27 27 18 11 5 10 11 16 18 28 32 31 22 17 23 24 24 20 36 34 18 18 16 18 13 10 12 18 17 27 31 30 21 16 27 24 24 14 14 
11 15 37 21 23 12 21 24 23 29 31 28 16 25 29 29 33 25 15 19 21 19 18 13 18 24 26 21 9 6 7 4 13 22 33 32 27 12 13 20 20 22 22 37 26 12 12 9 19 16 9 12 16 16 33 33 30 30 21 34 27 27 24 24 
17 21 38 19 20 9 20 30 9 20 25 29 19 12 16 19 34 24 14 18 19 13 10 15 14 18 24 29 26 21 16 11 6 16 30 27 20 5 8 14 17 18 16 27 14 11 12 16 21 21 15 15 14 14 37 34 21 36 33 36 18 12 11 11 
29 33 42 24 20 4 18 34 4 16 18 25 20 14 20 30 37 18 6 9 9 5 14 27 21 19 23 21 19 13 13 13 2 14 27 22 16 13 16 19 22 22 29 34 23 16 6 12 28 27 25 24 16 10 38 38 20 36 40 39 17 6 9 11 
37 38 41 24 15 8 21 34 3 12 24 34 34 40 44 46 39 18 9 17 17 13 24 32 19 16 12 22 25 15 14 15 4 14 24 4 4 16 30 33 28 24 31 32 32 26 20 23 15 10 14 10 15 19 38 33 20 38 46 36 12 12 16 18 
34 29 28 20 5 10 22 32 23 15 11 24 30 32 30 30 18 18 15 26 28 26 31 26 11 10 14 33 26 11 9 7 8 15 30 16 14 21 30 31 18 10 10 19 29 24 14 20 18 11 14 6 21 22 35 32 26 38 42 31 12 12 14 14 
27 23 17 13 10 12 20 31 36 39 20 9 19 19 21 22 20 24 23 34 33 35 27 15 18 25 39 50 39 30 23 9 16 13 28 20 14 17 20 23 9 5 11 19 24 21 10 12 14 9 19 9 20 19 26 27 22 35 39 38 35 47 60 73 
22 19 18 22 28 28 30 34 41 51 38 25 17 14 17 15 25 26 27 39 33 28 21 25 34 38 48 47 37 33 30 23 20 8 21 18 12 22 19 15 14 18 23 22 24 27 21 16 17 12 21 13 29 29 23 18 20 40 51 63 73 90 108 126 
17 13 11 18 22 15 21 28 40 60 54 49 36 22 23 21 26 26 27 35 31 23 29 40 41 35 37 24 13 16 25 26 15 6 12 15 10 25 18 22 33 33 34 27 24 22 18 13 20 19 26 26 33 24 12 7 24 55 73 96 118 135 147 161 
15 11 9 21 25 20 18 13 30 47 44 46 33 31 38 37 36 30 27 27 24 14 19 26 22 13 22 10 17 19 25 25 12 18 12 18 22 37 32 36 43 34 30 23 20 22 22 11 7 13 19 17 12 15 20 20 35 67 92 132 162 173 184 197 
17 11 9 25 27 24 16 12 36 46 41 40 15 15 22 30 26 23 23 15 19 15 19 22 21 9 20 9 13 11 20 27 22 28 27 23 30 41 32 34 30 20 16 7 11 17 20 17 14 4 9 4 9 18 20 23 40 77 119 170 191 186 188 192 
20 18 19 33 36 36 28 28 38 41 29 26 12 24 25 34 28 25 25 17 23 22 22 23 22 13 10 14 26 22 15 16 14 25 32 26 29 33 24 32 15 22 16 12 15 18 25 18 24 21 10 14 18 22 21 37 65 107 165 210 210 189 174 161 
31 32 32 38 39 39 27 31 43 44 31 21 8 28 25 33 25 18 27 20 26 25 19 22 23 18 10 17 25 19 15 15 18 24 33 24 23 24 24 28 19 29 32 31 30 29 32 21 24 27 24 23 25 28 35 65 98 142 197 222 201 165 134 109 
18 16 25 30 28 28 11 25 39 44 41 37 33 42 24 15 6 15 31 23 25 18 12 15 9 10 12 28 26 13 4 9 24 27 35 21 15 11 16 28 33 36 39 36 28 20 13 7 12 7 14 27 39 43 55 90 123 159 201 208 170 123 84 51 
19 15 23 32 35 36 30 25 33 42 14 17 21 32 24 7 9 20 31 22 18 13 16 20 22 25 27 35 28 25 11 3 20 20 32 19 9 5 18 32 39 38 34 28 15 6 14 18 8 5 15 34 44 47 76 125 160 187 210 194 144 90 50 20 
26 24 24 27 32 36 35 32 29 35 15 22 24 32 23 9 12 16 30 19 16 19 21 19 18 14 18 27 15 24 18 5 12 12 21 18 5 18 31 34 39 38 30 19 10 11 10 4 14 19 27 41 48 64 110 159 184 197 191 154 99 51 22 5 
18 12 9 18 17 21 27 29 30 29 12 19 22 26 18 16 14 21 34 24 24 27 31 30 24 17 21 20 19 24 16 12 14 7 12 16 7 13 13 11 20 25 16 20 21 24 19 5 18 21 32 48 72 112 160 183 189 175 139 98 55 26 19 20 
16 17 10 18 13 24 31 29 22 18 6 15 24 20 12 11 10 25 39 31 37 42 42 38 36 29 23 12 20 21 15 17 13 9 14 18 10 9 21 27 30 33 13 10 6 18 27 3 15 23 52 81 118 165 198 194 180 147 100 68 38 18 11 9 
18 17 10 18 18 27 32 26 20 19 23 14 28 23 15 15 15 33 41 34 40 44 39 25 20 12 2 21 22 13 12 9 6 6 9 21 12 21 23 21 24 31 12 10 12 8 31 24 38 57 99 136 164 195 204 175 146 104 60 38 14 5 6 16 
5 11 17 26 25 29 35 26 16 12 11 8 32 26 19 20 19 40 39 32 36 38 33 20 21 20 23 31 16 2 6 10 10 13 9 22 22 28 32 30 22 24 9 9 16 15 30 42 68 99 146 172 184 200 188 139 100 57 24 14 16 20 20 24 
32 36 36 35 30 31 31 24 12 10 9 10 34 26 14 14 17 36 29 23 27 30 30 24 26 22 25 24 5 10 14 18 17 23 5 15 23 16 24 25 17 24 23 20 22 21 18 52 93 136 182 195 198 199 167 113 72 33 11 3 17 23 33 34 
29 32 33 33 29 29 29 29 30 31 29 24 24 20 4 7 20 30 24 12 21 29 30 28 22 15 17 13 19 24 21 23 23 37 16 11 24 17 36 35 26 30 38 39 38 39 46 90 139 181 211 205 191 171 132 88 56 34 25 19 22 28 34 27 
13 12 13 17 14 18 15 15 22 22 18 18 14 16 6 13 18 24 26 8 15 20 21 21 17 12 9 15 33 32 28 23 18 46 27 12 27 24 48 47 30 9 12 20 36 66 96 142 181 207 216 189 156 125 88 57 28 22 15 22 27 26 32 24 
9 5 9 15 12 16 12 16 28 29 21 11 10 16 9 16 19 23 26 9 19 16 19 24 19 18 15 17 30 27 26 21 21 47 35 18 22 13 38 45 33 19 15 35 67 106 148 184 197 204 190 144 108 82 55 39 15 23 15 24 28 19 24 16 
12 7 13 18 24 29 29 31 35 33 21 18 15 21 18 23 22 27 30 15 25 16 12 19 17 22 27 24 20 21 13 15 21 42 39 26 15 21 36 43 29 13 38 75 116 156 198 209 197 190 157 106 75 56 36 28 9 26 17 24 21 10 16 9 
42 29 22 21 32 41 41 39 39 31 19 14 23 27 23 25 19 33 40 26 35 28 22 21 10 16 26 29 16 17 15 11 22 37 39 28 14 26 33 39 23 41 87 129 173 209 232 218 185 163 122 74 48 33 18 16 9 27 14 20 18 16 21 19 
47 37 30 33 46 53 52 48 44 33 21 12 29 23 27 28 17 36 41 18 24 23 24 22 14 19 24 30 11 15 24 20 33 37 34 21 18 27 22 25 37 88 137 176 214 233 234 201 151 118 76 39 23 19 16 19 24 32 16 12 7 12 20 20 
26 16 6 17 41 57 57 51 42 31 27 24 43 31 31 28 19 35 44 39 32 22 19 17 16 10 15 30 26 28 30 22 30 27 17 19 32 32 23 24 66 128 176 209 229 224 195 141 89 64 37 23 27 26 18 14 16 23 13 11 9 12 17 12 
30 23 19 20 41 59 54 48 36 25 23 6 37 35 33 31 18 15 30 26 13 8 23 31 26 15 8 28 33 33 30 21 22 24 10 9 17 15 25 65 119 177 211 219 211 179 127 74 38 26 14 18 29 20 9 3 9 23 18 12 9 12 14 10 
28 22 13 14 35 49 41 41 31 23 18 4 20 25 25 26 19 12 18 15 11 15 16 25 24 23 23 16 21 27 24 25 23 31 21 23 20 29 60 109 164 207 221 205 176 127 71 36 18 10 6 25 30 9 10 13 19 28 22 14 12 11 9 11 
37 27 16 4 30 39 26 33 27 24 22 18 24 33 36 28 25 29 30 35 35 31 24 13 13 14 21 21 20 23 15 12 22 35 22 22 17 41 87 147 194 213 208 177 129 78 32 20 17 10 9 29 30 19 18 16 21 28 22 13 10 8 2 10 
33 23 16 6 33 35 16 23 22 34 30 22 28 33 33 35 35 43 39 34 33 31 28 14 13 11 15 20 17 18 18 2 16 30 15 14 48 85 135 192 210 199 177 132 76 42 11 18 17 10 6 23 24 8 3 9 11 18 23 22 26 26 25 24 
24 25 21 10 32 35 25 21 26 35 17 12 14 21 26 32 37 42 33 27 28 31 27 11 10 12 15 21 17 18 15 9 15 27 14 27 85 125 172 213 201 168 132 82 37 28 18 17 18 17 18 24 22 12 13 23 19 20 24 18 22 19 15 15 
28 34 22 11 16 21 24 18 23 21 16 15 17 23 15 20 31 35 28 23 20 25 27 18 13 14 12 19 20 16 14 13 21 35 42 70 123 154 179 193 162 116 77 39 16 23 12 12 19 19 21 15 10 12 17 28 24 14 16 8 16 22 23 24 
21 27 15 10 7 7 15 13 17 8 9 9 9 11 3 14 26 25 24 16 3 20 25 17 10 7 11 16 20 21 22 25 36 51 71 113 162 181 186 178 130 76 44 21 12 18 13 14 19 20 22 14 8 13 19 27 25 16 24 25 31 39 44 48 
22 19 9 11 10 11 16 13 14 8 13 13 14 10 15 15 24 26 23 24 21 16 26 16 15 18 18 17 16 18 24 41 63 83 112 152 181 184 177 149 92 48 33 22 20 23 24 22 22 22 25 22 8 6 10 19 21 14 27 22 17 15 15 17 
17 17 16 16 8 3 10 6 9 13 20 23 26 21 24 27 17 18 15 21 31 21 32 21 18 19 17 15 17 25 37 68 102 133 171 192 192 177 153 111 63 35 26 19 19 20 23 20 14 22 31 37 33 33 23 11 18 12 29 27 20 23 25 24 
14 17 19 19 14 13 17 18 21 23 21 24 30 16 12 19 24 11 12 21 32 33 38 21 15 17 18 16 18 32 58 107 151 183 210 209 184 151 118 78 47 29 24 18 17 9 21 20 9 27 9 23 10 17 30 14 20 20 30 28 15 13 17 9 
10 16 21 22 17 10 11 9 18 27 29 37 45 20 6 5 20 15 10 16 24 32 34 20 19 20 22 25 39 63 99 155 190 200 204 180 134 93 69 37 16 11 17 10 23 8 14 12 7 30 17 33 24 27 32 10 9 8 27 25 11 17 21 7 
36 31 26 18 12 15 21 16 21 17 18 27 45 22 12 15 18 20 21 24 24 26 18 9 15 23 36 47 69 106 151 198 215 206 187 146 92 56 44 18 13 21 20 10 21 1 6 7 9 25 18 33 25 25 30 10 6 5 23 24 16 27 34 37 
45 45 38 26 14 14 27 16 25 17 14 17 40 20 15 21 16 19 18 23 34 36 12 14 15 36 60 75 107 153 191 220 220 193 153 108 63 38 39 27 25 23 17 14 23 17 24 28 27 33 13 23 28 29 36 14 4 7 17 22 14 16 21 27 
27 33 26 23 27 12 22 21 27 13 7 7 35 18 12 25 17 11 11 16 43 45 6 18 21 57 91 111 154 198 212 213 188 140 92 57 25 16 38 24 17 15 12 17 19 12 8 2 9 25 15 11 14 21 31 15 9 17 21 24 18 13 10 15 
22 17 15 28 42 34 22 23 22 12 13 13 30 12 17 26 30 21 12 8 41 48 11 22 36 83 123 148 191 220 212 191 144 92 54 26 11 25 45 32 23 16 19 21 10 8 20 29 30 25 15 7 10 15 21 16 22 29 29 26 21 16 14 17 
15 10 9 15 29 21 11 26 17 16 16 17 24 11 19 9 15 12 10 10 32 41 25 43 68 117 165 192 219 227 204 162 104 57 26 6 9 32 50 36 26 10 17 12 3 8 11 14 12 17 18 18 22 25 24 27 33 38 32 24 20 20 20 20 
14 9 13 12 28 24 16 21 15 20 18 13 11 10 18 3 12 11 3 13 24 35 49 75 113 162 207 225 227 208 162 104 53 27 8 6 11 41 54 26 17 17 21 12 7 19 17 12 12 18 19 20 27 37 34 30 30 37 35 26 22 20 18 18 
25 25 30 33 34 26 13 9 20 30 25 16 7 10 19 8 16 14 4 11 16 33 70 109 158 200 226 226 202 156 105 55 35 36 13 22 23 47 49 4 21 28 30 24 20 24 16 14 20 20 17 22 31 36 24 19 19 23 28 21 20 19 14 6 
15 18 24 32 33 20 8 9 19 19 8 14 21 16 20 11 18 19 10 3 18 50 99 144 190 215 221 202 155 98 57 28 30 30 14 24 25 41 43 16 28 30 28 19 16 30 28 23 16 15 18 12 19 22 13 15 12 12 19 18 18 18 17 9 
10 10 12 12 11 8 15 25 24 15 5 19 34 21 18 11 17 17 19 34 62 103 156 190 215 221 206 166 112 61 24 19 32 26 21 26 21 37 39 21 33 32 23 16 8 26 32 36 32 19 10 10 19 21 12 9 3 3 11 10 10 11 14 11 
18 15 15 12 8 7 20 28 27 23 12 26 34 9 8 4 21 20 43 76 108 153 197 209 209 195 159 106 59 25 11 11 12 18 28 36 31 36 33 23 34 33 20 19 21 25 25 21 17 17 18 24 30 32 24 21 18 18 22 18 10 9 12 9 
9 13 17 15 9 9 24 32 36 31 24 27 21 10 12 5 27 30 69 112 142 174 198 186 164 138 97 50 26 16 14 9 13 27 30 28 22 34 41 36 33 30 20 26 24 17 19 21 28 28 19 21 27 35 36 32 24 21 19 9 3 8 12 7 
15 16 21 20 10 8 22 29 36 31 24 19 10 7 15 18 43 59 106 155 180 191 192 159 122 93 63 35 22 21 18 16 6 8 13 26 30 38 37 37 38 32 22 30 23 14 14 17 36 41 23 19 27 34 34 34 24 16 14 8 10 14 13 5 
27 25 25 20 13 13 23 27 35 23 14 14 12 21 26 40 76 104 152 196 211 201 177 138 100 66 44 34 18 14 8 21 4 6 6 9 14 20 14 9 12 10 12 24 20 22 19 14 39 49 27 12 17 27 30 33 24 13 16 9 11 15 4 8 
23 21 16 6 24 22 19 20 23 12 16 15 24 35 36 61 112 150 192 219 216 177 132 100 68 35 24 32 11 12 6 17 15 13 13 16 18 15 7 3 15 14 18 27 28 33 25 17 34 43 26 14 9 32 39 36 29 24 33 16 13 17 13 24 
14 13 12 16 35 31 20 14 15 15 23 20 28 41 44 74 135 173 197 207 189 130 81 61 38 14 20 33 15 11 3 13 15 13 13 15 15 21 20 22 24 16 14 24 28 28 17 8 21 36 25 20 14 34 36 29 27 16 38 15 9 16 23 35 
9 8 15 25 46 42 28 17 9 18 33 26 28 47 55 84 152 189 197 197 170 107 64 49 33 19 27 39 26 23 5 19 25 20 14 19 20 26 18 15 21 17 20 27 32 27 18 7 10 29 21 17 8 36 33 26 32 18 44 13 7 15 27 37 
7 13 21 37 57 53 33 18 2 22 35 24 25 48 61 90 159 195 191 182 147 79 43 35 24 12 19 36 18 32 20 20 23 15 22 31 26 26 26 27 33 28 29 35 40 38 30 16 11 25 17 20 10 45 33 25 35 24 54 13 7 15 31 36 

37 22 11 5 42 51 40 34 26 48 25 16 18 29 25 25 25 30 50 51 37 25 7 29 27 23 25 29 28 27 35 33 26 20 21 19 7 20 17 17 23 21 16 8 13 34 24 35 28 39 46 24 21 16 27 27 35 42 32 32 37 37 46 53 
37 26 20 22 39 41 33 35 37 54 31 22 23 29 26 31 34 37 49 43 27 13 20 36 32 26 27 32 27 22 30 33 34 35 34 32 20 8 9 15 21 23 14 9 6 27 27 30 17 27 41 33 30 18 26 26 32 46 30 24 32 35 43 45 
34 25 21 24 30 32 29 27 33 45 28 24 24 27 24 38 40 37 40 27 14 22 30 38 32 19 18 26 24 17 14 19 30 36 42 42 36 21 13 20 14 19 12 13 12 15 18 17 15 24 38 30 29 21 20 26 32 49 28 19 26 27 35 33 
35 24 16 20 18 27 33 29 36 42 32 28 26 28 31 43 41 38 38 24 20 25 35 44 33 18 8 14 12 9 8 7 17 29 37 34 41 24 15 33 15 21 15 17 20 12 21 18 17 13 24 25 33 32 16 33 37 45 23 14 19 15 18 17 
38 27 26 27 20 28 34 33 39 43 36 31 26 22 27 31 27 19 11 16 25 33 45 40 24 17 8 12 12 11 9 18 17 16 15 8 35 26 21 36 13 18 18 22 25 21 21 29 26 6 13 28 44 47 28 39 35 29 18 24 29 35 36 31 
34 26 27 20 14 24 34 38 39 40 35 30 30 25 25 15 18 20 24 34 34 36 42 32 29 28 22 16 15 11 10 19 19 11 7 9 34 36 21 30 11 21 30 33 33 27 14 26 34 19 10 9 29 41 22 26 24 15 16 21 22 27 27 24 
25 19 22 11 9 22 34 38 37 34 27 21 22 25 24 21 30 34 35 31 27 30 35 28 25 24 20 8 10 7 12 22 24 4 8 9 30 37 26 30 18 23 33 39 39 31 18 13 27 25 20 14 14 29 20 16 19 6 15 8 3 14 3 5 
21 18 26 10 9 16 29 35 34 28 19 12 17 18 21 24 25 22 18 19 24 24 26 14 12 8 17 10 9 8 13 19 31 10 13 10 24 37 28 22 12 17 32 41 36 29 23 12 20 18 16 11 4 21 25 15 21 12 13 11 7 19 1 6 
9 8 34 17 19 18 25 32 29 17 14 12 27 30 28 25 24 18 1 11 18 10 17 11 16 17 20 18 8 3 11 15 30 10 15 11 20 40 29 19 16 18 32 42 34 24 22 15 24 15 14 14 12 24 35 32 32 18 5 23 19 28 15 12 
9 13 35 7 19 18 27 34 32 29 27 18 21 29 32 34 37 27 14 15 18 10 8 9 11 15 16 18 12 1 8 11 23 18 22 16 23 34 27 23 17 14 27 37 27 20 19 14 25 16 11 10 12 19 33 30 28 30 16 28 22 30 24 20 
23 23 32 8 23 16 23 30 17 19 23 29 31 33 36 38 40 29 19 20 24 19 14 13 6 6 12 20 21 15 17 17 18 20 24 22 29 30 27 23 16 10 17 27 16 19 22 23 28 22 19 19 15 17 37 32 20 36 28 30 15 18 19 9 
23 27 29 14 21 9 23 32 8 15 11 22 32 37 41 44 44 29 22 21 16 10 8 15 10 10 16 15 23 21 25 23 20 22 28 29 35 35 34 28 21 18 26 31 23 23 22 24 28 19 19 19 14 13 37 35 13 36 36 34 20 20 26 22 
26 28 27 18 18 5 24 30 12 15 16 23 30 41 47 48 41 26 22 22 18 13 16 22 18 18 18 21 29 26 29 23 19 21 26 24 31 32 39 39 32 31 36 31 25 24 24 35 27 13 16 14 23 23 33 26 11 38 39 30 22 28 36 38 
22 23 26 25 19 14 20 21 15 17 17 19 23 27 31 31 20 18 20 23 21 19 21 14 8 9 3 24 25 20 25 21 20 24 33 33 36 39 42 40 27 21 16 15 19 21 19 30 30 20 18 10 17 19 30 27 23 35 33 27 25 38 49 58 
16 19 15 8 9 16 25 32 33 34 26 10 12 9 16 14 15 16 23 26 21 22 13 9 16 19 32 43 33 22 24 23 23 25 34 38 39 42 36 32 20 9 4 8 13 15 16 26 27 22 24 16 15 15 23 22 21 30 33 46 60 81 104 126 
15 16 12 12 24 32 36 40 38 44 42 28 19 17 20 13 20 15 23 24 23 17 23 30 35 42 55 56 41 27 23 28 28 26 31 33 35 44 36 29 26 16 15 6 10 15 19 26 28 26 31 23 26 29 22 13 22 40 54 81 102 123 144 163 
19 18 12 10 24 30 31 35 32 44 49 47 35 24 24 15 16 13 21 25 34 27 32 38 35 39 49 43 31 19 15 30 25 23 26 27 30 41 25 16 20 13 18 6 3 5 11 20 20 20 28 24 25 18 11 17 39 67 88 122 146 156 165 172 
23 17 9 10 26 37 38 34 18 24 31 40 30 27 35 29 28 26 27 28 36 24 21 21 21 28 39 35 35 24 15 23 9 11 11 15 20 32 15 23 32 27 30 22 21 17 20 19 7 6 15 3 9 18 29 38 64 94 121 165 184 179 182 188 
25 19 8 12 27 39 36 30 23 30 31 38 18 3 20 23 24 28 32 27 37 26 20 14 17 20 27 21 28 24 21 27 13 12 11 6 18 29 24 35 32 25 22 10 12 4 17 16 14 8 15 9 9 18 27 45 79 115 156 199 193 169 162 155 
31 29 22 27 38 49 45 35 28 30 22 25 13 12 20 30 30 35 34 30 34 15 11 9 12 13 13 6 20 9 9 23 12 15 19 10 16 23 31 42 30 35 31 22 21 16 27 25 28 25 17 16 15 24 40 71 111 153 199 220 189 149 127 104 
40 37 27 24 29 40 34 26 32 38 31 24 8 20 25 34 31 31 21 10 17 6 6 10 16 14 7 19 29 25 21 22 10 12 18 9 14 20 37 39 23 30 35 33 31 29 33 23 23 30 29 30 35 50 73 113 153 186 217 213 159 107 76 54 
22 17 14 15 17 33 20 15 27 39 39 35 24 33 21 14 14 17 22 9 11 12 16 23 28 27 25 33 23 15 5 11 16 17 20 9 12 12 30 26 17 24 24 18 17 18 16 13 14 6 10 27 48 70 100 143 173 187 202 180 112 59 35 12 
24 19 18 24 25 34 21 12 27 42 28 23 19 28 23 8 12 14 23 11 9 23 24 30 38 37 37 37 21 23 6 12 14 14 20 8 3 10 25 23 23 24 19 14 11 13 14 13 2 5 17 43 65 85 127 176 193 191 189 151 84 39 21 11 
33 29 23 23 25 35 30 28 30 43 30 23 17 25 21 6 7 8 33 27 28 32 25 24 32 31 33 34 20 31 15 6 7 6 15 15 8 22 27 19 22 17 13 10 14 12 6 10 21 30 47 71 91 118 164 198 197 180 156 107 50 17 7 6 
24 18 18 26 26 38 40 41 42 45 32 24 19 24 22 21 20 30 50 43 41 37 37 35 33 31 33 28 22 31 17 13 14 10 13 19 9 18 14 10 19 15 15 22 26 22 16 15 27 30 52 84 120 160 196 200 176 139 97 55 19 10 14 16 
24 21 18 25 16 33 42 44 40 39 26 14 16 20 18 19 21 37 51 37 34 34 35 34 31 24 18 19 32 31 18 18 11 9 13 20 12 14 13 18 25 26 24 22 15 12 27 31 41 53 87 124 160 191 206 182 144 102 60 34 13 10 13 15 
28 24 20 26 12 28 38 41 37 31 26 9 19 21 14 13 13 36 44 22 18 19 18 12 18 17 18 27 27 18 11 8 5 4 11 22 17 27 26 15 13 24 29 29 23 5 34 60 85 114 155 184 198 203 189 142 100 63 33 18 9 11 14 16 
16 18 24 30 15 26 38 38 32 19 15 7 23 25 18 17 16 38 41 18 15 15 14 18 29 31 34 34 18 6 10 18 19 18 7 21 19 23 24 24 12 23 31 30 24 24 36 75 114 156 193 201 198 184 151 96 56 24 16 20 27 24 21 13 
37 39 39 38 24 21 27 28 24 11 10 10 28 33 24 22 18 35 38 24 19 19 20 27 31 30 32 25 17 14 20 26 26 33 15 10 19 15 17 24 16 28 34 32 27 40 52 93 140 182 205 196 185 159 118 72 42 22 11 12 17 16 25 18 
34 36 39 36 25 19 21 23 21 22 27 25 26 30 20 17 13 24 30 24 28 33 35 35 29 24 25 21 30 31 27 29 29 42 28 11 24 18 27 31 27 35 43 40 37 62 90 138 186 216 217 189 160 120 78 49 30 33 21 18 18 23 29 14 
17 17 21 18 15 11 10 13 10 12 15 20 23 29 25 23 12 17 23 19 24 27 27 27 20 11 21 29 41 37 26 24 22 49 40 16 23 16 36 42 37 20 16 29 59 105 144 184 213 222 202 157 118 77 41 27 6 28 12 18 20 23 28 15 
15 10 9 15 18 19 21 24 25 27 26 19 26 33 31 30 18 21 20 16 22 18 23 26 18 9 15 25 35 29 19 19 23 51 49 29 22 12 26 42 38 22 33 67 110 153 192 212 210 197 158 103 71 43 20 21 10 30 14 21 19 19 21 4 
14 12 6 11 18 26 28 31 31 26 23 24 29 27 25 29 21 33 28 26 22 8 16 19 17 22 23 23 23 24 8 12 21 44 49 39 17 16 29 40 26 20 65 115 162 195 223 217 189 166 122 73 47 26 13 18 17 30 16 24 17 23 20 10 
37 27 22 19 20 27 30 35 37 31 26 25 38 27 30 33 27 46 39 42 36 22 23 16 14 22 25 28 17 20 16 10 22 35 41 40 20 28 29 26 21 72 128 175 210 224 229 199 156 132 94 56 34 19 12 15 25 28 12 21 18 25 18 12 
52 42 40 39 32 27 31 39 43 38 30 27 44 28 34 37 30 49 31 34 33 23 27 23 29 33 28 28 13 20 29 21 31 34 34 33 29 34 21 9 60 129 179 210 226 220 204 161 115 93 66 45 29 16 9 12 24 21 6 11 7 18 14 11 
36 30 28 23 6 22 36 44 44 36 28 27 49 24 24 31 35 48 36 39 26 13 20 24 38 36 28 28 24 30 35 28 33 31 23 22 27 22 15 43 106 170 204 216 211 185 150 97 64 57 50 46 33 21 12 10 16 12 3 10 10 20 19 15 
33 30 32 28 17 33 38 42 40 30 22 16 42 30 22 20 20 33 42 37 15 5 22 36 40 35 31 30 30 28 30 26 23 22 15 13 11 12 52 104 165 210 220 204 173 129 85 47 38 38 36 27 22 15 4 2 11 12 5 10 15 25 26 24 
24 21 23 24 21 36 32 34 29 19 16 11 26 17 11 8 10 12 25 23 18 14 16 27 32 37 34 19 12 11 20 30 21 25 23 16 13 40 96 153 200 223 210 174 127 79 40 25 22 21 23 20 27 15 9 2 3 9 8 13 22 32 33 33 
25 19 18 17 19 34 21 28 21 14 15 12 24 21 21 12 15 27 32 39 39 30 25 15 21 31 33 25 15 14 11 23 23 33 31 22 42 84 141 191 215 209 176 129 80 43 17 19 20 9 15 22 33 27 24 19 17 17 14 18 27 37 36 33 
18 15 20 17 26 33 3 18 7 18 27 18 29 29 27 32 24 33 30 34 38 33 32 15 21 25 24 22 11 3 10 18 21 28 21 28 85 134 184 218 208 173 129 82 42 24 9 16 19 6 6 12 26 16 15 16 9 9 14 18 27 36 37 34 
15 20 24 15 25 31 15 14 12 25 28 21 23 24 23 33 31 26 9 24 32 34 33 13 18 19 15 17 9 9 15 22 21 23 23 59 119 161 196 208 172 127 86 48 24 18 10 15 22 20 22 23 27 16 11 16 14 13 21 18 22 27 25 24 
19 25 22 16 16 22 22 16 14 18 24 19 18 20 13 22 34 31 25 29 26 30 31 17 18 14 5 13 17 18 19 21 33 51 81 123 166 188 195 177 125 82 49 27 18 20 19 22 27 21 18 17 17 14 10 14 14 11 23 16 21 28 28 28 
30 28 14 7 6 12 15 11 7 11 15 12 9 8 17 23 37 37 36 33 25 27 31 19 16 7 4 7 11 10 9 29 58 87 126 167 199 203 186 148 88 47 26 16 19 30 29 21 21 17 15 14 13 12 7 9 13 16 32 29 31 34 36 40 
39 31 18 5 5 10 10 9 7 10 12 9 8 7 18 15 30 36 33 34 36 31 34 20 14 13 14 10 7 10 22 54 91 117 150 179 188 176 148 101 45 21 19 17 23 38 36 23 18 15 18 21 15 11 7 7 17 21 33 23 9 6 3 12 
21 23 17 13 10 10 8 7 8 13 16 18 24 26 32 30 19 18 19 25 37 32 34 20 15 12 13 12 13 29 50 95 141 165 191 195 176 151 116 69 35 26 27 26 25 29 24 14 11 10 20 30 28 26 18 3 15 17 33 31 19 24 26 22 
9 14 11 13 18 18 16 15 12 12 8 10 17 23 25 30 32 18 19 27 33 38 34 17 14 10 17 21 31 61 94 147 189 201 208 192 156 123 91 54 33 24 25 18 16 14 20 22 15 23 7 20 6 13 22 9 15 17 32 33 14 14 17 12 
14 14 11 11 13 13 9 4 11 18 21 25 23 15 11 14 32 23 18 26 25 32 30 19 22 18 26 37 63 104 144 190 206 190 173 139 91 62 45 16 13 13 21 10 21 6 10 17 9 28 20 32 23 21 22 8 10 2 24 30 12 14 23 17 
25 24 17 8 10 19 18 11 12 18 21 25 31 12 8 15 32 32 31 36 32 17 6 14 23 28 49 67 101 152 191 217 207 168 133 94 47 31 28 7 9 17 23 15 20 7 11 15 12 26 20 27 12 12 19 16 17 11 18 26 13 18 29 28 
36 38 29 22 12 20 24 10 22 25 21 23 33 6 12 15 21 27 26 31 41 27 12 27 34 56 91 113 151 197 216 219 193 142 97 66 31 19 24 17 24 24 20 12 23 20 28 29 25 31 18 26 24 20 22 16 19 14 12 23 5 3 12 17 
20 29 26 30 30 19 20 21 32 26 15 18 31 19 19 27 19 14 10 17 45 39 21 39 53 90 131 153 190 219 211 189 147 88 48 33 10 9 23 15 16 9 9 14 21 15 10 6 14 24 14 20 16 11 19 21 24 19 18 22 15 17 14 13 
26 14 11 28 39 34 22 24 27 9 3 12 22 14 13 23 24 15 7 10 42 42 29 54 82 130 170 188 214 220 193 155 102 53 26 12 13 16 25 15 17 9 14 18 10 13 24 33 35 27 17 19 18 18 25 29 29 24 24 25 19 17 15 16 
19 16 17 14 20 22 19 31 24 5 14 18 19 9 8 10 14 14 10 19 32 30 42 83 126 175 212 220 223 206 168 122 72 37 15 8 8 25 36 30 27 13 16 10 3 8 12 17 17 18 18 25 27 30 30 30 28 18 9 13 11 4 11 15 
8 11 21 14 17 21 23 30 21 15 22 18 8 6 14 16 18 17 9 13 14 33 77 126 174 211 234 224 199 160 113 65 42 36 19 13 18 43 51 36 24 18 21 11 7 19 21 16 13 13 10 13 19 37 40 39 34 26 23 25 23 11 6 9 
19 15 21 26 31 32 25 16 12 27 30 20 9 8 16 19 22 24 17 21 32 68 119 168 210 227 228 201 154 103 68 32 42 43 29 33 37 54 50 20 22 27 25 16 11 23 20 18 17 13 16 22 32 44 41 38 31 17 16 22 27 21 16 11 
28 27 29 34 36 27 15 8 16 23 17 11 20 8 16 18 22 30 20 24 50 92 147 192 222 219 202 164 107 60 42 28 41 33 24 26 31 48 44 23 32 35 25 16 14 34 33 23 18 16 19 15 26 36 37 39 35 20 10 10 19 16 14 13 
17 14 11 8 7 3 9 18 19 18 13 12 30 19 20 19 23 33 39 63 102 148 194 216 220 198 163 118 67 31 22 30 39 28 25 26 26 39 36 22 34 39 25 17 9 26 35 36 33 21 13 13 24 32 33 36 33 21 15 12 17 15 13 14 
24 18 13 8 4 3 10 17 16 17 12 18 33 11 10 11 30 47 77 113 151 190 216 210 188 151 106 61 25 8 12 21 17 16 25 36 36 33 25 20 33 42 24 19 21 22 28 22 18 16 8 11 15 23 20 22 19 5 13 18 20 18 14 13 
16 15 11 9 5 5 6 13 17 21 19 22 23 10 11 12 46 69 110 147 170 188 192 165 132 99 59 28 18 18 18 10 9 21 24 27 28 27 36 37 33 39 27 26 27 18 22 22 27 25 15 17 18 23 21 21 18 14 23 22 18 16 12 11 
15 11 12 10 6 6 4 5 17 23 20 17 11 9 13 32 73 100 147 182 189 186 170 128 91 66 37 18 14 20 24 18 15 11 11 27 36 39 46 49 48 44 31 32 24 15 19 21 39 40 25 28 31 33 27 23 14 9 22 17 17 20 13 7 
28 24 21 12 13 12 15 16 23 19 12 5 8 24 35 66 114 144 183 207 202 180 145 99 64 38 27 32 23 21 24 24 7 12 12 17 26 21 20 16 20 25 21 26 17 19 21 22 45 47 18 12 20 29 30 28 16 12 22 6 6 15 9 11 
28 27 21 14 27 18 20 20 23 26 20 11 22 42 60 104 158 186 209 212 190 144 100 69 45 25 25 39 20 18 23 24 8 10 12 24 27 18 15 11 18 16 14 21 11 25 24 21 38 40 22 21 25 36 38 32 21 20 30 8 12 19 21 26 
20 27 26 25 35 16 13 15 19 27 24 17 30 53 76 123 175 194 195 181 146 93 58 41 27 17 23 39 21 18 22 21 5 9 14 25 22 26 27 27 30 20 12 20 16 26 20 17 25 30 19 22 27 36 34 27 21 20 39 15 18 20 26 26 
16 29 35 38 47 27 16 15 18 30 33 26 33 63 92 132 181 194 173 148 114 69 48 36 28 20 28 45 31 29 22 18 13 19 20 31 21 25 15 6 18 14 19 23 22 22 19 14 18 27 21 22 27 37 33 25 25 19 45 14 18 18 29 24 
25 39 48 51 55 33 15 23 25 34 36 23 29 66 100 135 183 192 154 120 81 36 31 25 19 14 25 42 22 33 27 18 15 16 26 40 24 28 24 19 29 26 26 30 29 23 25 12 6 22 23 29 35 44 33 25 28 20 50 6 12 13 30 25 

8 2 6 10 48 54 33 26 30 50 30 16 3 24 17 18 21 28 49 50 54 46 28 35 26 17 10 8 16 21 34 33 23 17 39 43 40 40 32 27 29 30 28 18 21 33 20 31 34 44 34 23 23 21 18 6 24 43 40 39 38 34 34 24 
14 15 17 23 46 44 26 28 32 48 25 13 6 21 21 31 38 43 53 49 45 36 33 37 28 19 15 9 9 14 26 31 33 36 48 51 48 42 36 34 32 34 28 18 15 29 23 26 22 33 33 24 22 13 14 10 25 47 40 34 32 30 32 25 
13 15 19 28 37 33 19 19 27 35 16 10 10 20 27 45 49 48 50 39 32 33 35 38 30 21 23 23 17 16 16 14 23 31 46 48 48 42 37 39 35 37 31 27 21 24 16 6 14 33 40 32 27 13 9 16 27 49 37 26 26 27 32 29 
17 14 15 24 25 26 20 19 23 25 11 6 10 21 36 50 47 47 47 36 31 29 31 39 27 17 18 20 12 15 19 15 15 24 36 34 42 37 33 44 41 43 38 36 30 24 24 18 8 14 25 29 34 25 9 24 36 50 36 21 19 18 18 19 
21 20 26 30 26 25 19 15 17 20 9 13 16 21 33 37 31 31 32 30 32 33 36 30 13 7 9 17 10 14 15 22 24 17 19 17 33 38 36 44 43 46 45 45 40 29 24 31 23 2 12 29 47 43 27 35 43 42 29 22 24 29 30 26 
24 24 31 32 24 19 12 4 10 17 15 18 21 23 33 30 29 36 40 36 31 28 27 24 27 26 18 15 12 9 9 18 25 5 7 14 29 44 28 33 40 51 57 55 45 29 16 30 33 13 7 16 40 45 30 30 35 29 20 19 21 26 29 28 
18 21 33 31 21 17 17 14 17 16 11 18 21 23 25 18 26 33 35 24 14 18 24 25 28 28 19 8 8 5 16 24 33 16 11 16 26 44 20 24 37 51 58 51 40 24 7 21 33 25 16 2 22 35 25 18 27 21 16 10 8 14 7 9 
19 19 35 31 22 17 22 25 30 28 18 21 21 17 16 8 7 7 11 7 12 17 17 15 21 18 16 17 14 11 18 19 39 25 18 17 24 42 15 18 31 45 54 48 35 22 11 12 25 24 21 13 14 28 25 14 26 20 12 10 11 19 9 12 
15 20 42 37 28 18 18 31 36 27 12 15 23 22 26 23 20 14 12 13 19 15 17 20 25 19 15 15 11 8 19 21 38 27 20 13 21 41 12 15 24 35 45 37 22 8 7 10 25 19 21 19 17 32 29 19 24 22 10 21 22 31 20 18 
9 10 33 27 18 7 26 43 48 38 26 18 25 30 33 34 32 22 12 11 15 7 8 11 9 11 8 13 18 8 11 16 28 26 24 19 26 34 5 13 15 21 33 29 15 10 13 9 24 16 16 9 13 24 27 20 22 33 21 25 26 37 33 28 
24 21 25 22 22 13 24 37 39 30 22 24 29 34 36 36 34 25 19 20 23 17 14 17 15 9 3 10 24 17 9 10 13 18 21 22 32 24 7 9 10 13 24 27 5 8 9 12 28 26 23 12 12 21 35 26 24 41 30 23 14 24 29 25 
16 17 19 25 21 4 20 31 27 22 9 8 18 28 29 30 31 24 22 22 17 12 5 14 16 12 12 2 26 21 7 2 0 8 15 19 26 19 19 15 10 12 24 29 14 14 7 16 30 21 22 15 17 21 35 25 24 44 37 30 17 20 30 33 
13 7 6 27 24 13 23 28 27 20 12 8 10 20 21 22 19 10 14 16 15 14 12 21 21 18 18 11 31 21 5 5 8 13 22 21 19 9 21 28 25 24 31 30 16 14 13 29 36 32 37 34 28 20 27 21 27 44 38 29 23 29 42 53 
9 11 20 34 32 23 20 14 18 17 21 18 18 17 16 20 11 6 10 10 11 11 16 18 19 21 18 22 35 25 3 9 10 14 26 27 18 21 33 39 29 20 17 21 18 16 10 21 33 32 32 24 15 18 30 27 29 38 35 39 53 70 88 105 
8 12 13 22 22 20 20 22 26 22 24 10 10 13 16 20 20 11 16 9 9 13 3 3 14 16 20 35 38 29 11 15 9 9 27 37 29 38 39 39 24 14 12 14 13 6 8 14 25 27 29 22 14 12 26 23 27 34 44 74 103 126 151 174 
6 10 12 19 25 32 32 35 36 33 38 25 17 17 21 23 26 18 22 10 12 15 21 26 35 41 46 53 43 32 17 20 14 9 25 37 40 54 49 42 30 23 20 14 14 10 6 10 14 21 28 19 15 22 24 15 28 47 74 117 147 166 186 198 
12 14 12 16 24 34 38 42 39 31 40 35 24 21 22 18 24 16 18 14 25 27 32 36 44 50 53 51 33 25 12 22 16 13 24 35 44 59 46 33 24 27 27 22 24 21 16 20 12 7 19 9 15 24 26 25 48 79 113 160 185 188 192 193 
18 13 9 12 23 38 46 50 42 26 28 31 19 22 30 21 24 22 23 18 27 27 32 39 48 50 52 45 27 18 15 24 15 13 22 31 38 46 24 13 25 38 39 33 32 25 22 29 20 15 23 19 24 35 44 55 87 118 155 200 205 190 185 180 
19 11 6 12 22 36 42 43 33 25 26 31 15 6 21 19 24 28 34 28 36 36 40 41 45 46 48 39 32 21 14 23 7 5 9 15 22 29 21 29 33 38 32 22 22 15 17 24 20 16 23 18 24 37 51 76 116 148 188 217 191 159 144 128 
28 27 24 27 32 42 43 36 24 21 14 23 17 6 17 25 28 35 36 34 36 25 33 33 36 37 35 22 18 10 13 26 14 13 9 3 12 20 33 40 35 39 32 23 19 13 24 27 25 26 21 20 29 49 75 116 157 186 215 215 163 118 93 68 
42 37 26 18 19 32 32 25 23 27 24 24 17 12 21 31 31 35 22 12 15 14 23 26 33 31 28 26 25 23 23 23 11 17 13 5 10 18 40 39 31 32 32 32 26 21 24 24 10 22 27 38 56 85 120 165 198 209 216 188 117 63 37 18 
19 14 10 9 15 34 28 15 16 24 30 33 22 27 15 15 22 23 23 13 12 24 28 33 36 32 31 29 13 17 12 7 12 21 16 12 15 21 35 27 18 14 10 22 24 26 24 25 19 10 18 41 71 109 149 191 206 195 185 143 66 18 18 26 
22 19 17 18 20 35 24 9 21 28 23 22 18 28 18 10 19 12 28 16 14 28 24 29 32 27 30 25 15 25 14 20 17 19 17 10 11 21 27 18 14 11 20 28 26 27 23 19 12 12 33 67 100 132 172 205 201 175 154 108 43 19 24 30 
35 31 23 17 19 37 25 6 14 26 23 19 12 23 15 6 12 13 41 35 34 34 22 21 23 18 23 21 29 38 18 17 15 16 15 12 9 20 16 6 13 11 24 24 23 24 18 21 30 43 75 111 140 167 195 201 177 142 113 68 22 20 24 27 
23 18 26 30 28 39 22 11 19 28 28 23 18 25 23 24 25 34 57 50 45 38 34 29 17 8 14 7 29 39 22 19 12 13 12 18 4 18 17 21 26 21 21 22 33 33 24 18 27 40 84 125 160 186 199 176 135 93 57 24 13 21 24 25 
17 15 25 31 20 34 27 20 19 27 25 15 11 17 15 15 16 37 54 32 25 22 23 20 14 7 13 28 41 34 20 19 7 9 14 24 16 15 15 23 30 29 22 17 16 20 25 38 55 79 126 161 184 192 183 138 92 57 27 10 11 18 23 25 
25 18 24 33 20 32 28 17 16 21 22 9 12 15 8 9 9 37 45 9 3 6 14 19 27 27 31 39 33 18 10 9 7 5 14 25 17 24 29 25 19 23 22 28 26 21 37 72 110 151 193 211 209 190 156 97 54 32 16 10 7 7 12 14 
11 7 26 34 22 34 32 21 20 19 23 9 16 17 9 14 18 42 48 22 20 19 19 28 35 36 36 38 26 11 12 21 22 23 14 19 5 15 25 33 17 18 16 18 23 43 61 94 137 178 205 204 188 156 117 65 33 11 7 12 20 22 18 11 
37 34 36 34 18 26 28 22 27 23 21 11 19 24 16 15 16 36 42 25 22 23 22 29 35 38 32 27 29 27 27 29 28 37 29 11 11 16 20 33 19 19 18 19 31 67 96 129 168 194 195 177 155 117 84 50 33 21 11 15 20 27 29 26 
36 34 37 33 17 16 23 21 25 24 25 19 15 18 8 8 9 25 30 24 32 35 35 35 33 36 23 21 36 46 36 28 26 40 42 16 19 22 26 40 31 27 30 36 55 100 141 177 207 216 195 158 126 82 51 29 22 27 20 27 32 39 39 31 
22 18 24 18 12 8 17 20 21 17 12 11 6 13 8 9 8 17 19 15 26 32 31 30 24 25 25 33 49 52 33 20 17 44 51 24 13 14 28 48 42 18 27 61 103 153 190 206 209 198 160 117 88 52 26 19 13 24 15 28 38 43 42 38 
27 18 10 9 15 15 25 29 28 28 18 3 13 20 19 16 10 24 22 22 10 18 23 24 14 14 30 39 48 47 28 16 18 46 57 40 25 18 19 40 38 39 71 116 160 196 218 207 179 150 101 60 45 31 17 16 13 24 12 28 37 39 36 33 
29 26 14 9 14 19 30 33 30 27 19 14 19 23 29 27 20 35 26 39 15 3 17 13 14 11 16 24 31 34 18 9 24 44 55 52 29 18 20 30 30 59 109 161 197 213 219 185 136 110 69 34 23 18 8 14 22 23 5 20 20 28 22 19 
31 24 20 20 24 22 24 26 24 17 10 16 35 34 38 30 23 43 27 49 25 12 22 12 23 21 19 21 18 21 17 15 29 43 49 53 34 29 17 24 62 122 178 213 222 212 198 146 93 80 48 25 18 17 13 13 24 22 11 13 16 24 15 11 
45 37 36 41 37 23 16 10 14 11 15 26 46 40 41 32 21 44 19 45 27 17 27 25 39 37 28 20 9 16 25 24 32 41 41 43 33 26 23 55 113 176 213 220 203 176 153 101 56 52 28 20 14 11 9 12 18 15 12 8 6 16 8 4 
18 15 21 30 22 13 12 10 17 11 15 29 49 35 30 31 35 45 30 39 14 7 20 27 43 31 23 17 19 28 33 30 35 41 33 27 12 13 58 104 161 204 210 193 160 124 101 51 24 33 34 39 32 23 14 12 14 9 12 13 9 15 12 8 
12 12 21 31 24 21 19 15 16 13 18 23 45 33 19 12 25 41 50 42 18 8 15 27 30 24 31 28 30 33 33 30 27 27 15 11 20 57 114 167 212 228 207 168 119 80 60 30 36 34 28 22 16 15 9 7 9 13 16 16 15 15 12 9 
13 10 14 24 19 31 31 28 19 14 18 19 33 19 7 7 19 22 33 29 25 12 12 20 13 26 30 17 18 21 25 30 18 16 8 24 52 104 167 211 234 224 181 129 77 44 35 33 42 37 29 18 25 16 12 9 12 18 20 15 15 9 7 9 
19 9 13 20 14 33 26 33 27 23 23 9 26 11 15 19 27 32 35 39 41 27 28 25 7 19 28 24 24 24 16 20 15 20 25 54 99 159 209 230 225 188 128 78 41 23 20 27 39 33 31 30 40 36 29 23 20 14 11 7 11 3 10 8 
16 8 19 20 24 37 9 23 18 18 30 5 24 16 22 35 27 32 29 36 38 26 32 25 22 26 25 22 23 22 21 16 18 20 38 86 146 201 231 228 194 140 82 48 29 19 17 24 34 26 19 15 27 26 25 25 24 15 5 10 13 12 19 13 
12 12 19 15 23 33 13 20 16 19 25 13 15 9 17 37 34 25 16 32 34 27 33 20 21 20 15 14 22 24 20 13 25 30 67 122 171 209 217 194 144 97 54 33 25 18 13 13 22 16 18 20 17 13 6 9 18 15 18 22 18 17 22 22 
16 16 14 10 14 27 24 24 19 13 14 12 11 7 11 31 41 36 30 34 27 24 28 14 21 15 3 7 18 21 10 26 57 85 135 178 204 218 198 150 95 59 29 21 21 12 6 12 21 17 12 12 4 11 7 8 18 16 17 18 23 26 31 32 
46 41 25 10 9 24 26 26 18 11 17 17 15 17 26 32 43 41 39 38 23 19 23 7 21 15 9 5 8 8 20 52 92 129 176 205 215 209 170 111 56 29 13 16 21 20 24 27 31 32 22 15 14 7 7 6 15 25 28 21 26 30 36 40 
49 42 29 14 2 14 11 11 3 11 19 15 14 12 12 15 32 39 37 33 23 17 24 13 24 18 17 15 8 23 48 86 129 154 181 190 180 162 120 65 25 13 10 21 27 28 21 18 24 30 29 25 25 18 14 10 16 28 32 18 9 16 22 28 
35 33 24 18 4 12 7 9 9 17 21 21 24 28 24 22 18 22 23 24 17 10 22 9 25 24 23 24 31 59 92 138 179 191 198 182 153 131 90 48 33 30 29 32 24 20 10 12 12 11 20 27 30 23 12 8 15 23 34 23 13 21 25 25 
35 31 18 11 15 20 16 13 14 11 16 17 18 26 19 23 23 14 17 26 22 24 25 12 24 21 25 40 69 108 141 182 206 200 189 161 128 103 67 36 25 18 17 16 11 18 16 21 15 14 6 15 15 19 15 10 16 24 39 30 14 18 22 23 
22 24 13 3 3 16 11 11 19 4 16 20 16 21 8 17 30 20 13 23 18 22 22 16 28 27 39 64 107 152 181 202 199 168 138 102 67 50 29 23 25 20 20 16 14 18 15 21 16 17 15 30 26 21 9 14 23 27 38 31 18 17 23 27 
20 24 19 16 17 25 22 19 18 15 22 23 21 14 11 21 35 32 21 29 30 10 6 16 27 43 72 101 147 193 210 208 182 134 95 63 37 32 21 19 13 11 14 15 7 14 19 20 18 18 17 22 6 11 10 23 29 31 35 29 16 14 23 29 
38 39 34 33 30 32 25 15 21 28 28 29 28 9 14 16 23 26 16 23 38 21 21 34 48 82 123 151 187 216 208 188 154 105 67 45 22 13 9 18 29 26 21 15 14 21 30 30 26 25 13 18 12 14 10 18 23 27 28 25 9 8 16 23 
25 33 35 41 38 27 19 19 30 34 27 27 30 19 21 25 17 10 11 19 41 32 35 52 74 120 162 179 202 207 176 144 105 61 36 26 10 7 15 21 27 14 16 18 15 15 3 12 19 18 9 16 18 16 10 14 17 20 14 16 8 17 20 20 
43 27 15 22 32 27 13 19 27 26 22 23 22 15 15 20 18 12 9 12 37 37 53 81 115 162 194 197 201 185 144 107 68 38 24 14 13 11 11 16 26 10 20 18 9 13 23 36 37 29 26 29 31 27 22 20 20 22 20 19 18 19 20 18 
26 24 25 15 11 15 17 27 23 12 14 21 21 21 20 20 17 15 16 25 30 37 80 126 171 209 224 207 187 152 111 78 47 30 20 15 13 21 26 32 34 15 25 12 7 7 16 21 14 15 22 32 36 30 21 12 12 10 3 11 12 8 9 4 
27 26 31 24 12 13 19 27 21 16 23 24 20 22 22 22 16 13 12 16 27 67 126 177 216 230 222 186 144 99 60 33 31 32 22 18 24 38 43 43 31 21 27 15 11 19 25 20 11 4 2 7 2 15 22 18 22 22 22 27 28 19 15 9 
20 20 24 27 32 36 32 20 8 21 30 24 18 24 25 25 22 23 25 40 67 116 171 214 236 222 196 150 97 55 35 3 32 34 29 33 39 47 45 31 23 25 24 15 9 23 24 23 17 11 13 15 18 27 24 20 22 15 4 9 23 20 21 20 
38 37 36 38 37 30 18 4 10 17 17 12 20 19 24 25 28 34 32 52 95 149 201 230 232 198 161 114 61 27 25 15 33 27 17 19 28 40 37 16 27 36 26 21 15 36 32 21 15 15 19 16 22 28 26 27 30 22 12 8 10 13 17 18 
23 23 19 12 8 8 8 14 14 12 13 12 29 24 29 27 33 47 63 100 150 199 236 235 210 159 114 69 28 11 19 26 34 26 21 23 29 35 28 9 34 42 25 20 5 29 35 37 34 21 15 17 27 34 31 33 38 31 23 18 13 14 19 25 
20 16 11 8 6 8 6 13 12 15 14 19 37 20 21 28 48 74 111 150 191 223 231 202 159 108 66 35 22 22 25 28 19 9 16 35 40 31 19 12 34 42 22 20 14 24 27 22 22 14 6 11 22 34 31 31 34 21 10 5 7 15 23 30 
13 15 9 3 5 7 3 9 16 24 21 28 28 5 12 42 79 111 151 176 192 197 182 143 105 71 39 24 20 19 23 22 14 13 16 31 36 22 29 31 30 37 25 30 29 29 27 20 30 21 13 11 17 28 25 27 30 21 26 27 21 18 24 31 
10 10 15 5 5 4 8 6 15 22 20 22 13 9 24 68 114 146 184 197 189 171 141 96 69 52 30 14 5 13 22 18 24 15 7 27 39 33 43 49 48 42 32 36 29 33 30 24 40 31 23 25 26 33 25 24 24 10 21 18 20 24 28 31 
19 11 19 9 12 5 12 14 21 15 3 11 13 35 58 105 155 183 207 205 182 146 102 59 32 26 23 23 21 17 24 23 21 12 5 21 30 17 14 11 20 22 20 28 24 36 31 25 44 32 12 17 7 23 27 25 20 10 24 8 3 12 18 26 
27 19 17 16 23 18 24 20 23 17 9 14 32 66 99 151 196 211 213 191 153 102 61 33 21 15 19 33 26 17 23 21 20 13 9 29 26 18 11 9 23 15 10 25 25 40 36 30 39 27 18 27 25 31 33 24 17 15 30 9 2 11 22 29 
23 23 20 24 28 18 30 19 19 14 13 17 42 82 120 165 198 199 180 146 104 57 35 15 19 22 25 36 26 16 18 15 19 14 11 28 21 29 24 28 38 28 17 20 21 40 37 33 34 22 10 17 17 24 27 20 19 20 42 5 6 9 24 27 
29 35 36 38 36 19 32 22 15 15 27 27 45 93 134 166 188 180 143 103 71 42 35 20 24 26 30 43 35 24 20 8 15 22 22 33 21 30 16 17 33 26 22 15 16 37 37 31 32 28 17 18 20 27 29 22 23 23 51 11 11 12 27 28 
42 48 51 50 39 17 34 31 18 18 32 20 36 96 141 162 181 169 116 76 47 22 29 15 22 28 34 44 34 27 25 8 14 25 30 41 20 33 24 26 41 28 19 12 9 29 38 29 26 22 12 18 25 32 31 21 22 18 53 9 9 11 25 26 

27 20 16 7 51 62 28 9 13 38 14 10 13 24 9 9 7 14 32 33 51 55 42 40 25 15 9 15 22 23 31 25 18 25 38 22 18 20 11 14 27 32 31 27 31 35 28 37 43 42 19 8 13 25 31 32 25 27 20 25 30 17 15 17 
24 23 21 17 45 46 23 23 26 38 11 10 12 21 13 20 25 29 39 39 47 43 38 35 23 15 11 6 20 21 27 30 32 41 44 32 27 17 10 19 28 33 29 23 27 38 33 32 30 32 22 15 14 20 28 28 24 32 21 23 24 17 19 18 
17 16 15 20 36 33 20 22 25 27 7 11 15 20 23 40 44 42 43 38 37 38 37 38 30 24 24 18 17 17 12 10 22 31 37 26 25 15 12 21 28 34 28 25 23 30 25 18 23 34 37 30 22 15 23 23 20 33 20 16 19 18 21 22 
15 13 6 16 26 29 27 25 20 20 10 7 9 18 31 47 45 45 45 39 40 37 36 40 29 22 20 19 13 18 12 13 15 27 31 18 24 18 14 22 30 38 31 27 21 24 29 24 15 19 24 30 33 21 17 16 20 33 24 12 13 15 16 20 
29 23 18 21 26 32 33 28 21 19 13 9 9 14 25 35 30 30 30 30 39 37 37 32 17 16 14 19 12 22 20 22 26 25 19 5 19 28 25 23 33 41 37 38 33 27 27 33 24 10 12 26 44 33 16 17 27 28 19 15 18 27 31 32 
30 22 15 19 25 34 36 30 23 20 16 14 16 15 24 29 26 29 30 25 30 28 29 32 28 27 18 17 8 12 10 14 25 12 12 9 22 42 26 17 33 42 45 42 31 20 17 30 30 10 9 18 40 41 27 20 24 18 14 17 23 30 35 39 
23 18 15 19 22 31 34 24 18 14 12 18 21 21 23 18 13 16 14 9 15 23 29 32 30 30 17 9 6 11 19 24 34 23 22 20 27 43 11 15 32 41 40 25 18 18 14 23 29 18 11 9 29 38 27 12 19 16 14 12 12 19 19 22 
25 16 13 18 18 28 28 9 7 20 19 26 25 22 19 10 9 11 10 7 10 18 21 24 26 25 18 18 11 13 19 12 32 14 8 12 19 36 7 19 29 36 33 17 20 24 21 19 21 18 19 8 17 32 27 8 16 14 11 11 13 21 15 17 
20 20 25 27 26 31 20 13 23 30 22 26 25 17 16 5 7 12 17 18 20 21 21 27 32 24 17 14 17 16 24 18 33 17 5 10 18 37 12 20 22 30 29 8 16 18 16 16 20 19 28 26 20 32 25 9 13 14 15 20 21 28 15 14 
10 9 19 24 20 18 21 33 42 44 33 27 24 14 12 11 14 9 7 13 17 17 13 12 10 8 6 11 27 21 23 22 27 15 12 18 26 36 16 19 13 21 26 6 22 22 20 17 20 16 22 19 11 23 24 20 23 27 26 28 34 42 41 36 
24 24 23 24 16 14 18 31 43 43 34 29 23 13 7 6 13 10 8 12 14 16 19 23 26 18 12 9 28 27 18 18 13 6 14 26 38 30 23 20 14 15 21 13 23 23 19 9 18 21 28 18 11 16 27 27 33 37 30 21 26 39 52 57 
16 20 23 26 9 16 19 25 32 30 18 17 19 13 12 14 15 7 5 6 5 13 17 13 19 17 20 17 24 29 12 14 10 6 9 23 34 27 30 24 13 12 21 20 23 24 17 9 21 24 34 30 23 18 23 27 39 42 38 31 32 47 65 77 
9 6 7 22 11 23 27 28 29 23 16 21 27 25 25 29 27 19 18 9 4 12 17 18 25 26 28 20 26 29 7 13 8 10 15 27 32 24 27 26 20 17 27 23 17 14 15 23 32 37 44 40 25 7 19 29 41 44 44 44 53 75 96 110 
4 9 17 30 27 30 30 26 30 22 23 31 38 39 40 42 36 29 28 19 8 7 17 21 28 31 29 19 30 34 6 11 8 16 27 34 30 21 28 35 25 17 16 18 16 12 13 5 16 23 30 27 22 23 31 32 38 43 53 74 100 125 147 165 
7 12 16 25 24 20 16 11 23 18 27 32 41 42 42 42 39 33 33 22 11 12 17 20 28 26 15 15 30 36 13 18 15 21 33 34 7 24 31 38 22 8 3 9 9 1 8 10 7 16 28 25 22 17 29 33 39 50 74 119 152 170 191 210 
3 9 16 24 24 19 15 17 33 31 42 39 40 40 38 41 42 38 38 27 16 14 15 11 22 19 12 28 33 36 19 23 23 21 31 32 27 44 42 42 26 13 5 6 5 4 8 20 15 8 24 14 13 16 28 33 49 73 110 163 186 191 203 208 
8 11 15 22 19 15 8 11 28 18 38 40 36 38 33 36 41 37 35 28 21 17 13 11 26 27 27 37 27 30 15 21 23 17 26 30 37 49 43 37 21 15 10 15 15 17 21 34 30 18 24 14 15 24 37 50 77 114 156 202 208 192 186 179 
16 13 15 16 7 8 11 19 27 8 24 34 27 30 30 17 29 27 29 25 19 12 10 18 31 33 39 42 19 23 22 32 29 23 28 33 36 40 30 23 26 35 32 30 22 16 19 31 26 18 25 22 26 39 60 87 126 162 199 226 206 171 154 144 
10 8 13 14 8 16 19 22 20 10 20 33 20 16 23 8 27 24 30 29 29 29 27 26 34 36 44 40 24 25 22 31 20 11 16 20 24 30 39 36 38 37 25 13 14 16 20 25 17 8 16 15 24 47 78 118 159 186 214 217 169 127 105 89 
25 26 31 32 32 35 34 32 22 15 11 23 17 8 20 19 27 24 26 27 28 28 31 27 29 29 33 21 4 18 20 33 22 3 7 12 16 30 47 40 35 34 30 23 23 20 29 28 22 21 15 23 41 72 113 159 187 198 212 188 121 77 52 32 
32 30 23 19 21 31 37 35 32 30 24 21 17 7 20 28 28 32 17 7 11 25 29 26 27 24 24 14 15 22 25 29 20 9 8 11 15 32 44 34 30 30 30 34 26 18 24 23 6 12 23 49 79 119 165 205 213 202 193 146 70 29 14 13 
18 18 6 7 18 36 45 40 32 26 25 28 21 23 14 24 31 30 25 20 21 35 34 32 25 18 15 11 15 19 19 19 20 19 15 20 25 35 37 23 18 15 13 30 27 12 13 20 21 14 29 63 104 149 191 217 204 169 145 96 33 19 16 22 
25 27 18 8 12 36 47 46 41 28 15 15 14 26 17 22 29 23 33 26 25 35 29 26 17 10 14 18 25 24 20 23 24 24 20 20 24 29 24 14 14 19 26 34 27 10 7 10 15 26 60 101 141 174 199 205 174 128 101 62 23 23 10 15 
37 37 29 19 14 37 44 43 41 31 17 11 8 21 15 20 24 25 45 43 44 43 35 28 17 12 17 25 36 32 13 13 19 21 14 11 18 16 12 18 22 23 25 26 18 6 10 23 40 64 108 148 178 194 196 177 134 90 63 31 17 23 13 15 
39 41 43 39 33 37 30 30 29 20 10 16 16 25 22 24 25 28 55 48 46 43 40 33 15 4 15 28 35 27 12 10 11 15 9 13 9 17 30 33 31 24 11 17 29 29 28 31 47 74 123 158 182 188 174 135 91 52 24 14 22 21 12 14 
34 39 44 39 27 25 12 20 18 14 15 16 8 14 11 7 9 30 54 27 21 22 22 22 20 15 23 38 36 17 10 14 10 8 13 25 19 15 22 21 25 24 12 17 17 29 42 60 87 121 164 182 186 172 140 88 49 25 7 6 9 18 25 28 
38 37 42 42 31 27 8 10 12 15 19 13 14 16 14 17 17 39 50 18 15 14 19 25 30 29 37 45 29 13 12 16 19 13 20 25 21 24 33 22 10 17 20 32 25 32 58 95 140 182 211 210 190 154 107 51 22 14 13 14 14 16 20 23 
8 18 32 36 30 31 16 12 13 21 26 14 19 15 10 16 18 45 54 31 29 24 22 28 34 38 41 43 29 20 12 18 20 23 25 17 16 21 29 30 11 10 7 21 29 61 91 118 156 188 198 183 154 115 77 43 31 16 11 8 9 10 6 13 
25 23 29 29 24 29 17 12 18 28 32 22 23 19 13 15 16 39 47 29 27 26 24 26 34 39 30 25 24 34 24 23 26 35 39 7 21 26 27 32 17 12 12 30 55 99 136 158 180 187 172 142 112 78 55 36 37 24 11 7 5 17 21 28 
39 33 34 28 15 24 22 18 25 32 36 27 23 16 5 13 16 33 33 23 29 30 28 25 30 37 16 13 27 48 39 29 28 38 51 11 24 33 30 39 28 15 31 57 90 139 179 193 198 189 156 113 82 50 31 15 24 21 14 20 21 27 26 22 
35 27 26 15 4 20 23 22 30 30 31 24 21 16 10 16 19 28 21 16 20 26 25 24 23 26 11 18 35 49 37 23 19 38 57 32 12 23 24 43 44 39 69 108 147 189 210 198 177 153 111 72 49 25 12 12 18 18 6 8 9 17 20 15 
36 27 12 7 9 21 28 32 37 36 30 22 19 14 13 7 18 33 24 29 6 16 19 19 13 18 28 34 38 45 38 25 18 38 55 47 25 20 14 28 45 71 119 166 199 221 219 182 138 106 60 21 12 13 9 9 17 19 12 18 24 26 23 20 
32 31 21 19 9 19 35 42 45 41 33 26 19 10 18 9 9 34 21 42 16 13 22 25 29 28 29 28 27 35 30 15 5 28 43 49 26 11 3 26 56 103 158 200 217 217 200 149 97 77 39 13 9 21 23 30 37 30 20 17 12 19 13 2 
22 21 18 23 23 20 32 43 45 38 32 24 24 12 18 10 9 38 17 47 22 15 25 28 39 35 28 19 16 21 23 16 13 29 39 50 31 19 28 57 102 162 209 225 214 191 160 103 58 56 24 23 16 25 27 27 29 21 15 4 11 19 12 6 
47 41 37 38 36 24 22 23 27 21 17 11 28 18 19 21 19 42 15 44 27 23 30 33 45 38 26 12 6 16 26 27 20 28 30 38 25 28 60 96 145 195 213 199 168 137 109 61 30 37 14 26 21 27 33 33 30 21 15 5 3 12 12 11 
27 20 19 24 20 9 11 13 18 9 9 16 33 21 13 27 35 44 28 33 14 14 23 31 42 26 18 9 17 27 31 33 25 33 32 33 30 60 106 145 183 201 185 150 113 87 74 32 13 24 24 37 31 23 21 21 18 14 11 14 10 12 14 14 
12 10 9 19 21 15 16 15 16 13 18 13 32 24 10 18 36 50 55 45 24 13 6 17 20 17 32 28 30 34 36 37 24 25 24 37 59 106 160 196 215 204 163 118 77 54 52 17 23 19 15 20 12 16 13 16 12 15 13 9 15 12 13 16 
15 12 6 12 14 21 27 27 21 21 25 16 29 24 22 24 30 33 38 36 28 14 13 23 15 19 25 13 18 24 30 39 26 19 27 54 89 146 194 213 211 178 123 77 41 23 34 19 26 21 18 12 18 18 13 17 23 29 30 17 21 13 14 19 
17 6 14 21 13 27 26 33 34 31 33 15 23 20 27 28 27 32 33 41 38 20 20 28 20 16 24 21 24 28 22 27 21 27 51 93 140 193 215 208 180 125 61 30 18 14 23 10 20 25 30 27 31 31 23 16 14 9 23 9 19 17 21 22 
10 7 21 21 23 41 18 14 14 14 35 17 20 21 30 37 18 26 26 41 39 21 24 26 30 31 26 17 10 17 23 24 28 42 81 137 184 220 217 189 140 81 29 17 21 19 19 8 20 28 29 26 25 25 22 24 28 18 17 12 20 22 28 25 
9 13 23 21 26 39 18 8 7 13 30 21 12 12 18 38 29 18 12 34 36 23 29 26 27 26 24 19 15 12 20 32 53 72 118 165 191 206 183 140 91 51 23 16 20 16 20 16 16 18 24 33 26 19 10 3 16 12 18 24 25 27 33 29 
11 17 18 13 18 31 15 15 12 12 22 18 11 14 16 34 40 33 27 36 35 28 29 22 24 16 14 18 20 20 40 66 96 129 176 201 204 198 153 96 53 27 12 12 16 18 22 19 15 10 19 26 24 18 12 7 20 19 19 29 32 35 39 36 
51 47 32 17 16 27 18 26 22 21 27 21 19 25 30 37 45 43 41 43 34 29 25 14 22 17 19 26 31 40 71 99 135 171 207 213 202 181 126 68 29 15 11 15 18 25 36 34 30 18 15 19 26 11 8 8 20 31 31 32 38 44 47 45 
35 26 21 13 15 23 10 15 6 4 16 12 16 13 8 17 31 37 36 37 28 23 23 18 31 21 27 40 54 80 114 144 179 196 202 180 153 129 79 41 23 13 8 24 27 23 33 35 34 30 27 23 31 23 19 15 20 33 37 35 34 40 42 42 
16 10 19 22 18 25 15 15 10 12 18 21 26 28 22 22 20 24 22 27 21 14 21 14 38 34 37 54 83 126 165 196 219 213 195 153 119 99 54 36 30 29 27 34 24 7 8 16 20 20 26 25 32 21 12 10 13 21 29 27 26 33 36 36 
35 22 15 16 24 31 22 16 15 8 14 18 16 23 14 18 16 20 23 31 27 23 25 16 36 35 47 79 123 168 197 213 217 195 162 122 98 78 40 31 20 13 9 18 8 8 4 12 7 8 10 14 24 21 18 13 11 14 24 17 18 26 28 30 
31 28 20 17 22 27 17 17 25 14 18 20 13 21 14 24 24 22 16 21 18 19 18 16 40 47 74 116 162 199 211 207 191 155 113 75 54 39 28 37 30 24 19 23 17 12 5 12 9 4 15 28 27 15 10 26 31 27 25 12 21 22 18 23 
21 19 18 22 28 30 21 19 21 16 21 24 15 17 17 25 30 32 17 23 24 14 15 30 53 78 118 157 192 217 213 190 160 117 77 48 40 39 35 32 13 3 6 18 16 18 21 12 12 9 23 22 14 20 27 41 39 33 26 16 25 18 12 16 
41 36 32 33 27 23 7 5 13 24 25 28 21 13 18 16 21 27 14 19 27 18 34 58 89 130 171 195 211 212 182 150 121 84 53 31 17 9 13 14 20 19 21 20 18 24 33 30 27 23 22 22 16 17 22 38 38 38 31 23 21 16 13 18 
23 28 33 33 24 6 12 19 20 27 23 27 22 14 23 21 17 14 19 27 33 25 49 78 118 168 202 208 205 182 136 103 78 49 33 20 7 8 19 24 33 22 28 27 23 21 12 21 23 22 23 19 13 11 12 27 28 30 21 15 7 20 21 21 
51 36 19 9 20 17 19 21 21 27 22 24 18 10 21 21 16 10 10 19 27 36 77 117 163 206 221 203 180 143 97 70 49 32 27 16 7 10 20 27 40 27 34 27 25 24 27 37 29 22 27 26 27 25 21 23 22 24 18 16 15 24 27 30 
39 40 36 17 12 18 29 26 11 13 16 21 13 14 17 20 18 15 18 24 17 52 116 168 213 238 228 187 145 101 63 45 26 20 20 17 7 13 30 42 48 33 35 24 21 19 25 31 16 8 19 28 34 30 21 9 9 17 9 14 6 12 13 14 
20 17 25 17 14 22 29 24 12 17 23 24 13 15 12 18 15 11 13 16 42 98 162 208 235 232 201 147 100 58 37 31 21 19 15 15 19 33 44 54 52 40 35 24 21 25 29 27 18 10 9 11 12 16 22 15 16 24 21 28 21 13 14 16 
12 7 15 18 24 32 29 15 3 18 28 20 6 14 13 20 16 25 38 62 103 157 205 232 231 199 159 109 63 27 21 18 24 20 17 24 32 40 45 48 50 40 27 16 10 27 29 30 25 16 13 15 17 23 22 14 6 16 19 25 23 13 15 23 
37 33 31 29 25 22 9 6 12 17 18 8 13 16 18 21 23 36 47 82 138 192 232 239 215 166 123 79 37 12 14 18 30 19 7 9 20 31 33 28 48 44 25 19 15 39 26 10 14 16 17 14 15 19 17 19 18 20 25 32 27 18 14 17 
11 11 12 16 19 19 10 16 15 13 15 12 27 27 30 27 35 57 87 132 183 226 244 217 170 114 74 40 18 14 18 26 31 22 18 23 29 32 26 17 51 46 25 18 8 36 34 35 32 24 15 14 12 16 7 6 24 30 33 37 33 21 13 16 
11 17 16 15 17 17 9 14 10 12 10 22 39 27 29 37 60 97 140 176 208 225 209 158 107 64 41 33 32 29 30 31 20 8 13 37 42 29 19 15 49 47 26 21 4 22 20 18 18 16 11 14 13 17 16 16 27 27 30 36 32 18 11 18 
24 24 20 15 12 11 6 15 21 23 21 30 30 19 36 66 104 143 178 191 196 183 148 100 68 44 32 29 26 21 23 22 18 10 14 39 39 18 30 34 42 42 23 20 11 17 12 8 23 21 16 12 9 17 21 24 31 32 39 42 36 22 20 20 
25 25 24 12 9 6 13 16 16 20 20 21 23 35 57 99 139 169 197 194 177 145 104 66 55 49 37 27 14 12 21 5 25 15 10 34 39 28 43 51 55 47 32 28 15 18 10 11 30 25 25 21 18 21 21 26 30 25 29 25 26 22 29 26 
24 18 20 9 12 6 15 18 14 7 2 18 36 64 96 141 176 195 204 185 154 112 69 43 36 41 36 23 18 11 24 12 29 13 10 31 27 21 30 33 43 37 25 19 2 17 8 16 40 34 29 20 13 17 29 33 29 22 27 18 13 4 22 21 
28 18 10 13 18 18 20 10 11 8 14 33 66 108 146 187 211 210 194 159 118 71 44 25 12 7 14 21 20 11 22 9 31 14 13 37 20 32 34 38 45 35 24 12 9 21 20 28 39 33 30 27 29 30 30 27 22 23 29 10 5 4 27 26 
24 19 11 19 20 22 32 12 4 10 28 53 90 129 158 187 194 178 151 116 77 41 38 18 7 10 18 24 18 12 22 12 32 14 8 31 6 41 38 45 52 42 33 16 16 25 19 25 27 27 28 24 23 21 18 24 25 29 38 3 6 8 30 27 
36 32 27 28 23 19 34 21 8 17 45 66 98 140 166 177 168 146 112 80 54 38 41 22 15 14 21 27 20 11 20 6 26 10 5 30 4 42 35 42 50 40 37 26 28 33 27 24 21 30 30 27 28 26 22 25 24 30 45 11 12 15 30 28 
41 35 30 27 18 18 41 33 11 16 52 64 97 150 174 169 157 134 90 64 42 30 40 17 18 19 27 30 20 6 21 6 22 12 15 37 10 45 39 51 56 37 32 23 24 25 32 28 23 30 28 27 27 23 16 18 21 27 44 3 8 12 26 26 

17 19 21 16 54 68 26 14 9 34 20 21 23 22 18 9 2 14 23 12 26 34 23 24 14 13 4 14 19 19 33 39 44 55 54 36 30 21 14 8 18 21 19 23 27 26 29 33 40 37 8 13 18 32 29 28 20 25 27 28 31 28 30 28 
18 22 23 14 43 50 33 30 27 33 11 15 17 18 12 8 15 19 24 17 24 22 22 22 16 16 12 5 19 16 28 40 49 59 53 36 30 17 4 10 15 18 15 9 21 29 27 23 23 28 20 18 15 23 25 23 17 27 22 24 22 20 22 17 
18 18 17 11 31 31 20 20 20 22 9 17 18 18 18 29 35 31 28 20 17 24 32 36 35 33 30 19 16 13 18 26 36 45 39 26 23 13 11 11 11 9 9 10 10 16 9 6 19 33 36 30 20 13 23 25 20 28 16 6 9 10 13 14 
14 13 9 12 24 25 20 11 6 14 11 14 11 14 24 37 38 36 34 28 28 25 31 36 30 28 26 22 12 17 20 24 29 38 29 15 19 18 19 10 13 4 4 11 11 16 17 16 10 17 23 27 30 18 20 20 18 28 18 8 10 8 9 18 
26 21 18 22 26 27 28 19 14 14 15 12 6 8 13 26 18 18 21 25 35 30 32 27 19 25 22 23 11 21 23 27 33 34 15 10 17 32 34 21 20 7 13 27 31 30 26 29 23 7 9 21 38 27 10 10 23 26 16 15 22 25 29 32 
18 16 15 23 26 30 38 31 24 23 19 14 14 9 12 21 9 15 19 21 34 33 34 33 25 30 24 23 6 12 9 17 29 21 13 17 27 48 38 27 27 16 25 29 18 18 17 26 31 10 6 18 36 38 25 15 21 16 17 23 27 27 30 34 
17 19 15 17 18 27 40 38 34 29 21 19 23 21 24 21 10 12 9 13 30 36 40 38 33 38 26 16 3 11 17 26 38 30 28 27 35 46 25 29 29 23 21 15 26 31 22 19 27 19 6 13 28 37 30 9 17 15 18 20 18 14 10 12 
16 15 10 19 19 28 38 33 24 20 19 25 29 27 23 20 18 18 15 12 24 33 36 34 36 39 29 21 12 15 18 15 33 18 11 18 30 39 24 29 23 25 20 22 33 30 19 10 15 23 24 18 19 30 32 15 18 15 17 19 17 14 5 11 
19 20 22 26 31 36 31 23 7 22 17 26 32 24 19 14 9 9 13 17 25 33 33 37 39 32 21 16 22 18 19 6 27 15 10 19 30 37 18 19 17 29 26 24 26 11 9 9 21 29 35 33 26 28 27 15 19 18 22 24 18 14 10 12 
18 15 21 24 29 24 26 33 26 33 21 20 30 21 15 15 13 5 6 13 20 26 22 16 9 2 2 12 30 21 15 6 22 17 17 16 21 29 12 12 7 21 29 26 28 13 18 16 24 28 29 26 17 18 21 11 15 23 33 39 42 50 60 62 
29 27 30 26 27 18 19 27 27 35 26 20 25 16 9 10 11 6 7 6 7 17 26 29 35 33 29 18 27 29 16 17 15 15 20 20 26 18 14 8 11 14 23 25 29 15 22 12 21 30 35 29 21 18 19 5 16 25 31 34 50 72 93 105 
35 34 39 36 29 24 22 11 7 24 7 9 21 17 18 22 19 12 15 13 9 15 28 16 19 25 30 28 26 31 15 19 18 18 17 13 18 15 21 13 4 7 22 27 34 29 27 18 27 37 43 40 32 25 15 10 25 31 41 47 64 92 114 128 
28 23 23 22 9 10 22 19 15 21 8 21 26 22 20 25 27 24 26 22 14 14 25 20 24 32 38 36 32 35 20 26 27 27 23 21 21 17 22 21 18 16 27 24 25 18 20 21 30 38 39 36 21 17 18 22 29 36 54 70 96 127 148 159 
25 13 10 17 14 22 36 33 36 18 10 25 18 19 11 14 15 18 27 29 22 20 24 21 27 36 41 35 35 40 25 29 35 36 35 37 37 28 28 31 23 18 19 12 12 6 15 12 14 20 28 30 31 31 25 19 31 44 72 108 141 164 180 193 
22 6 10 18 22 20 27 16 28 10 11 19 17 20 12 9 10 15 26 31 28 27 28 26 34 41 38 26 34 39 26 32 39 37 36 28 8 24 31 36 21 7 12 13 13 5 5 14 18 17 29 30 31 24 20 23 44 65 105 155 175 179 189 196 
17 5 10 20 26 24 25 20 37 29 30 18 9 21 14 12 12 19 30 36 36 34 29 21 29 33 26 25 38 41 31 36 42 35 31 25 26 39 35 36 21 6 8 9 12 7 14 24 24 15 26 19 19 18 18 34 67 101 146 189 189 173 168 160 
11 4 14 24 31 29 21 6 30 18 21 18 9 26 21 23 26 24 31 36 35 32 24 18 25 22 9 32 39 40 28 30 41 35 30 29 36 40 31 33 15 7 9 13 19 17 23 30 29 23 25 17 16 27 38 63 108 151 189 215 194 156 134 117 
7 9 18 25 29 25 13 9 27 25 14 25 13 23 28 10 24 15 23 28 26 23 21 17 19 21 30 45 36 36 27 35 46 39 34 32 32 24 11 21 23 32 33 34 26 12 17 24 18 15 19 18 20 43 72 109 159 196 218 218 171 121 95 80 
15 16 25 28 29 22 12 13 22 27 20 34 22 22 27 3 26 11 17 20 21 23 24 20 26 30 40 45 31 28 17 29 34 24 22 18 17 10 22 28 33 34 26 22 16 13 21 20 16 11 15 21 29 63 108 146 183 204 211 183 119 72 50 34 
30 32 39 39 39 34 27 28 28 30 22 27 20 13 19 11 25 18 10 11 14 21 23 14 14 14 25 26 13 16 8 28 33 14 19 15 15 25 28 22 25 28 25 21 18 25 31 22 22 23 18 39 64 104 154 185 195 195 187 138 68 29 7 12 
15 20 24 23 21 15 18 30 37 40 34 27 23 15 22 25 27 31 21 20 23 32 30 20 15 6 17 18 16 19 20 24 30 15 26 23 22 31 24 13 20 24 19 25 18 20 23 16 10 7 28 72 114 160 205 224 208 181 152 91 24 14 24 29 
21 25 26 24 16 4 15 24 27 26 27 26 24 26 25 32 36 40 31 28 30 38 29 18 10 10 11 11 9 11 9 7 24 20 30 26 27 30 19 8 15 17 4 25 24 16 19 18 18 15 48 102 151 191 221 219 178 129 93 41 22 30 22 19 
17 24 24 22 15 9 22 28 26 20 17 15 18 29 32 34 38 38 37 32 31 36 23 15 10 6 6 14 12 14 15 15 23 21 26 22 21 18 7 10 14 20 20 25 27 19 20 20 32 55 98 146 186 206 210 186 131 78 48 16 30 29 12 10 
17 22 24 26 28 32 35 33 28 22 19 15 20 30 33 33 31 31 41 39 37 40 31 25 22 17 12 20 18 16 12 10 19 20 17 14 16 18 22 25 25 26 29 32 29 21 25 38 63 98 146 183 205 204 185 148 96 50 23 11 30 27 11 6 
26 34 41 39 39 37 28 24 20 17 11 13 17 25 27 27 23 21 39 34 27 25 22 23 20 12 7 18 14 15 15 13 7 12 8 12 15 24 29 27 24 17 9 13 23 27 40 58 86 121 161 181 189 174 144 106 67 30 5 17 28 23 10 4 
37 40 42 33 21 12 5 13 10 10 9 14 9 16 15 12 14 18 42 33 18 7 12 24 31 25 24 30 21 12 15 20 14 7 6 18 15 15 8 10 20 16 15 19 24 43 67 99 138 171 195 189 174 140 100 60 37 18 9 12 17 24 28 29 
51 51 48 40 25 14 7 12 13 15 14 8 11 21 23 24 22 34 46 39 39 37 36 36 38 34 36 37 24 23 15 20 17 12 21 22 24 19 20 11 9 18 24 31 25 53 95 140 183 214 218 192 157 109 62 23 12 5 10 16 19 20 16 13 
34 38 35 30 25 20 11 17 22 27 23 7 8 12 12 14 17 40 52 50 54 51 43 35 35 37 32 30 24 33 21 19 12 20 29 17 27 14 13 16 6 12 18 28 48 94 134 159 185 198 182 149 117 77 48 34 31 18 16 15 13 13 9 12 
22 23 23 22 26 26 8 9 17 30 31 15 14 12 15 17 12 30 39 38 41 43 38 26 29 35 16 16 23 42 31 24 23 32 41 18 30 19 19 21 17 14 30 57 95 147 177 182 185 173 139 100 74 45 35 36 41 29 21 16 10 18 26 36 
35 28 25 22 22 27 18 11 17 28 34 19 15 15 15 20 13 28 25 22 27 30 25 16 24 34 14 15 22 48 40 27 27 34 51 24 31 33 32 32 27 24 59 94 135 180 199 191 176 153 113 70 46 16 10 13 27 25 18 20 17 23 24 23 
43 33 26 19 17 27 23 12 19 21 27 12 5 13 15 18 16 28 18 20 18 19 10 9 18 31 21 21 29 44 38 20 15 30 53 36 14 23 25 33 48 66 113 153 183 209 207 172 137 112 75 40 26 11 17 22 28 26 21 19 18 24 28 30 
33 27 17 12 9 24 29 20 21 21 22 11 9 17 22 18 24 37 25 32 7 17 14 24 35 45 45 42 35 39 38 25 18 32 50 50 21 13 15 30 65 112 170 207 223 226 201 146 98 73 34 8 16 24 21 21 28 25 20 22 27 29 28 30 
29 31 28 23 7 14 31 32 33 29 27 25 23 21 24 12 12 33 20 39 11 21 27 40 51 53 46 36 27 29 34 23 9 20 34 50 28 15 29 53 92 149 201 222 217 202 166 109 65 52 24 21 23 35 36 42 46 35 26 19 19 24 22 22 
8 14 24 25 20 15 29 40 41 33 30 24 20 17 17 10 6 32 16 41 9 17 26 42 53 46 34 19 7 18 33 32 22 20 26 48 36 25 52 89 136 190 219 214 186 155 115 64 32 35 15 29 22 28 26 26 27 18 20 8 17 24 24 27 
41 37 36 36 35 27 23 25 27 23 20 8 23 21 15 16 18 38 30 43 25 19 22 38 48 39 31 18 9 24 37 43 33 22 14 37 42 54 89 127 167 200 198 171 137 107 76 35 15 26 9 29 18 23 27 29 29 20 17 6 12 17 21 28 
44 37 34 31 26 16 7 7 12 6 5 11 25 28 13 21 29 38 31 26 12 10 12 28 34 23 26 25 24 32 39 46 40 31 30 50 72 103 141 171 190 188 157 120 92 73 57 23 10 16 20 37 23 13 16 21 20 16 9 14 9 10 11 17 
22 18 17 23 29 22 15 12 12 13 16 10 23 33 17 19 35 47 46 34 18 13 13 23 24 27 39 40 38 39 42 49 45 38 40 72 106 147 181 197 192 163 115 80 56 45 42 6 13 4 12 24 6 17 18 23 20 20 15 8 13 9 6 11 
22 18 15 18 21 16 18 18 16 18 20 15 22 32 23 18 28 34 39 40 25 16 17 24 20 19 23 25 24 24 27 42 45 45 60 99 135 174 192 188 165 122 72 45 27 24 39 23 17 10 13 16 13 17 15 25 32 37 35 18 20 9 3 9 
18 11 21 32 28 11 19 27 30 27 23 9 13 27 27 15 15 25 33 48 32 12 9 19 10 7 19 27 28 30 24 29 40 56 90 143 182 209 201 172 129 74 29 25 24 19 32 23 15 14 19 19 22 27 24 22 23 17 26 8 13 5 12 11 
15 15 28 23 17 30 25 17 15 12 25 14 11 25 34 30 10 17 24 52 40 20 17 20 23 27 24 20 10 19 23 30 54 82 130 185 210 215 188 142 86 37 22 24 26 18 23 18 15 16 11 9 8 16 17 24 31 21 21 9 9 8 15 12 
18 24 38 27 21 35 27 15 9 5 23 22 7 17 25 33 24 18 16 45 39 21 18 12 16 23 27 24 20 21 33 57 92 123 167 198 195 181 138 87 43 20 26 23 25 13 15 18 14 9 7 16 12 7 9 13 19 14 16 15 12 14 18 12 
18 21 33 24 19 33 23 14 9 9 23 24 12 18 25 35 36 29 12 30 33 23 24 15 15 7 6 12 24 37 64 97 135 170 206 212 193 166 111 57 24 10 21 17 21 13 7 15 12 12 21 8 16 12 17 18 24 24 19 23 23 25 25 20 
55 49 38 20 20 30 13 16 16 21 31 26 17 23 34 43 47 45 33 38 36 33 29 19 24 15 20 29 46 70 103 132 167 198 216 204 180 148 94 47 19 7 14 10 18 24 28 20 13 5 24 10 26 11 10 21 31 42 38 30 30 33 32 27 
35 33 22 17 34 31 12 14 13 18 23 14 13 10 2 20 32 37 33 32 28 26 23 18 37 24 32 49 78 117 150 173 199 205 189 153 122 96 48 32 23 12 13 19 26 21 30 27 23 19 26 16 29 23 23 32 37 49 51 44 36 36 32 30 
28 36 37 33 29 21 15 16 19 23 24 19 24 27 23 25 21 15 12 19 19 18 21 18 44 34 38 65 109 159 190 206 213 192 154 111 86 72 29 33 26 24 24 30 27 15 19 19 20 18 28 22 31 21 16 29 39 49 51 45 33 29 23 21 
33 35 40 37 33 29 25 19 18 18 20 17 15 21 12 15 9 12 22 31 27 22 24 18 45 47 69 107 153 191 199 194 182 145 105 76 69 59 27 33 21 13 10 14 15 11 14 16 13 10 12 15 26 20 12 4 21 29 35 31 22 24 11 14 
27 34 39 39 36 28 19 12 20 12 18 20 12 23 18 25 23 16 20 21 11 12 14 27 59 78 117 158 190 208 195 170 144 101 59 37 37 32 30 39 29 23 21 24 31 27 22 18 13 12 13 26 27 18 23 30 37 33 26 15 21 24 8 12 
17 24 33 36 33 26 18 15 19 15 17 20 8 18 19 27 30 29 23 21 9 15 30 60 92 124 167 195 207 209 181 143 109 63 22 18 35 42 42 42 28 17 13 12 21 27 29 19 13 15 26 20 18 28 36 44 36 26 9 5 27 21 8 10 
37 33 35 30 20 15 17 17 19 18 15 18 19 23 26 22 22 25 24 22 9 26 56 96 138 178 210 219 210 188 141 102 73 35 12 7 10 17 26 26 24 12 16 6 12 20 30 30 19 3 20 14 11 17 25 39 26 29 18 19 29 22 14 17 
26 27 28 26 15 10 26 26 31 26 16 17 23 26 34 23 20 14 27 32 25 46 83 127 172 209 225 215 190 150 97 67 46 18 13 12 9 13 22 21 28 8 22 16 19 22 21 34 27 5 21 15 12 15 19 36 25 30 18 17 20 19 14 13 
44 33 19 17 19 16 27 17 26 28 22 22 23 25 33 19 13 10 17 29 36 73 123 171 211 229 220 185 144 100 57 40 28 14 14 15 17 16 14 9 29 10 24 13 15 19 24 42 31 9 24 21 18 12 8 24 11 21 15 17 24 26 26 30 
45 46 37 15 14 17 31 14 8 13 18 25 23 26 30 12 5 5 10 18 43 101 162 206 236 232 195 141 96 56 25 21 13 8 7 18 25 19 23 21 24 15 21 12 17 23 27 33 24 11 20 27 33 30 23 22 14 22 15 19 21 23 21 25 
35 32 27 8 11 21 29 13 9 15 24 29 26 28 25 6 11 16 25 43 87 147 196 221 227 200 149 96 61 32 24 25 12 12 8 19 28 32 36 42 35 26 21 19 22 27 26 24 27 30 34 38 38 33 30 25 19 19 9 20 13 22 23 29 
33 32 28 17 16 29 26 15 13 20 34 31 22 24 16 6 16 37 63 99 150 196 225 224 200 153 105 64 36 19 19 18 15 12 6 13 19 25 33 44 48 32 17 12 16 30 31 39 41 43 45 46 43 31 20 15 12 17 19 12 7 23 29 37 
51 49 42 33 24 31 14 15 17 24 29 19 14 18 11 14 27 53 81 121 175 214 231 209 168 115 72 38 17 6 5 18 29 21 14 14 18 27 34 42 57 37 18 13 18 38 10 22 38 47 48 45 41 28 24 26 20 19 16 11 12 22 29 29 
30 36 35 33 25 28 13 17 15 20 20 12 22 24 24 30 50 82 119 157 195 216 210 161 109 61 27 7 16 14 14 22 25 15 16 22 30 34 33 39 60 37 16 11 21 39 27 34 38 43 42 40 38 25 16 7 16 27 23 15 16 18 22 17 
35 37 35 32 27 27 10 12 15 21 20 20 31 26 36 54 86 127 166 187 203 198 162 99 51 20 20 24 27 26 26 27 14 4 7 33 42 36 38 43 59 41 19 11 14 26 20 19 19 29 31 30 26 1 14 15 22 28 19 11 14 17 21 10 
29 30 29 28 28 27 12 15 22 26 24 17 24 39 65 97 135 171 192 190 183 156 108 57 30 19 23 24 23 21 24 23 14 5 10 37 43 35 45 50 51 42 23 13 4 15 4 6 20 24 21 20 19 3 14 21 25 29 25 22 23 22 26 18 
21 25 27 22 24 19 6 7 8 18 17 16 36 65 97 137 166 185 194 175 149 115 74 44 43 40 36 28 15 7 21 13 21 12 4 30 33 27 40 47 50 42 28 22 15 16 16 18 24 14 11 17 19 9 10 21 26 28 21 12 20 25 33 26 
14 13 20 18 21 11 8 15 9 9 17 38 64 101 145 181 195 195 184 147 113 80 53 50 45 43 34 22 19 7 24 18 30 16 13 31 21 26 37 37 44 35 25 15 9 15 21 26 36 26 17 15 18 13 21 30 31 30 25 19 15 11 26 20 
19 9 12 20 23 19 12 6 12 20 40 72 109 150 189 215 210 189 157 113 77 42 45 45 34 24 13 19 23 8 21 15 34 17 19 38 14 39 40 33 36 29 28 15 14 21 30 35 40 37 32 31 37 34 23 26 25 26 21 8 11 10 28 25 
28 20 17 22 22 24 25 9 15 31 65 105 140 165 187 195 170 139 109 73 43 22 42 40 28 21 17 22 20 8 19 12 33 19 19 33 3 48 43 33 36 33 39 28 22 27 36 41 43 44 39 31 27 22 15 27 29 31 27 9 8 10 30 32 
42 36 31 27 23 22 31 26 25 44 87 121 149 170 184 176 133 102 75 42 21 16 38 37 26 18 19 21 17 8 17 6 29 18 18 32 11 50 43 39 36 30 39 37 31 30 36 36 43 51 47 37 29 20 19 30 31 33 35 16 13 19 33 38 
40 33 28 24 26 29 43 36 27 49 99 126 154 180 186 161 115 89 59 35 22 9 32 30 26 20 23 19 15 11 22 10 28 18 22 37 17 51 46 49 36 21 28 35 28 22 37 38 45 52 50 39 28 17 17 27 27 28 31 9 11 23 34 39 

41 37 33 26 47 63 33 34 34 42 40 31 36 28 33 34 21 30 23 18 19 29 10 11 21 24 14 14 13 11 22 30 39 53 49 40 40 25 10 20 25 35 22 20 16 28 31 26 27 28 24 30 31 39 25 27 13 20 22 26 32 29 22 18 
43 36 33 21 37 52 44 44 43 45 38 35 36 30 29 24 12 23 15 11 16 17 13 16 25 26 17 8 15 4 10 19 33 46 38 31 32 21 13 24 26 31 19 5 16 28 28 21 14 23 22 19 17 27 23 17 7 21 16 20 21 20 19 17 
38 29 31 16 29 36 36 38 37 39 38 37 35 30 25 20 22 21 18 14 9 18 26 34 43 43 36 26 23 14 12 8 21 32 22 20 24 22 22 21 23 22 9 9 10 15 16 17 23 32 34 26 12 15 23 25 22 27 18 10 11 14 16 18 
35 27 28 15 27 32 33 33 32 36 36 35 26 19 18 25 31 30 27 21 21 10 15 22 26 26 23 24 20 15 16 16 24 29 11 13 18 27 30 17 24 17 8 12 10 14 13 17 15 16 20 23 25 17 23 22 21 27 17 15 15 16 15 21 
33 25 26 18 26 30 36 36 35 38 39 32 18 12 4 21 18 17 18 16 29 18 16 14 14 20 17 25 21 20 19 21 30 26 5 23 25 43 45 31 34 16 14 27 33 34 27 29 24 5 8 23 34 19 11 5 22 24 13 16 16 21 24 27 
17 20 27 25 30 30 36 37 35 40 40 30 21 13 11 25 12 17 13 11 33 24 16 11 11 24 23 31 25 27 24 26 30 19 19 29 38 55 45 36 45 26 26 30 24 25 21 25 31 15 12 25 35 33 26 14 21 14 17 23 22 22 26 28 
26 28 24 20 24 29 38 41 41 43 37 27 24 16 24 31 19 23 19 17 35 31 28 27 29 38 35 34 25 26 21 25 35 32 35 41 50 52 31 39 48 33 18 18 30 38 28 18 27 25 9 16 27 33 33 11 15 15 18 18 10 4 9 13 
18 23 23 24 26 29 40 44 39 36 27 27 31 20 20 22 17 20 12 13 29 30 33 40 48 54 47 37 22 21 14 11 27 23 29 39 51 49 33 39 39 36 20 24 36 37 21 6 14 30 26 14 11 22 34 19 7 6 10 14 11 3 11 20 
27 30 31 32 40 38 36 36 19 32 22 31 38 15 7 14 3 13 10 12 26 34 35 44 51 46 33 20 20 24 21 12 21 24 33 43 58 52 37 33 26 32 20 16 15 15 5 10 16 27 31 25 18 21 27 19 15 15 20 23 17 14 25 30 
33 35 41 40 47 34 29 40 23 35 19 27 40 18 7 15 9 12 17 20 29 37 30 27 22 18 16 15 29 27 14 6 15 25 35 42 52 44 35 27 15 19 23 16 14 12 16 19 21 25 27 20 7 10 17 11 13 22 35 46 52 65 79 86 
34 41 49 47 52 36 25 36 23 34 18 18 35 16 5 10 3 10 17 15 15 25 30 29 39 43 41 27 22 26 11 12 8 21 34 39 38 25 21 17 18 11 13 9 11 11 28 20 10 9 23 27 23 23 20 6 15 26 40 54 74 100 125 141 
43 51 62 60 59 45 28 25 10 29 6 6 32 22 20 23 17 16 21 24 23 27 34 16 14 20 22 22 15 22 6 9 7 16 24 28 21 14 18 11 11 15 22 27 31 31 37 21 9 17 28 38 33 29 21 21 29 36 54 70 92 121 145 160 
41 48 58 58 51 39 27 26 22 23 9 16 33 30 26 26 24 23 23 24 26 27 32 18 18 23 26 25 21 24 10 11 8 8 12 17 13 7 17 23 20 22 27 29 33 28 30 18 14 21 19 30 25 30 33 39 37 45 73 101 129 155 171 180 
38 39 41 41 36 33 41 38 43 21 12 19 18 19 12 17 8 9 16 24 30 30 31 21 17 21 28 29 32 33 18 10 6 10 21 34 39 29 28 34 20 15 17 13 17 7 15 9 7 15 25 36 39 38 33 30 37 57 103 146 170 180 187 194 
42 38 34 35 33 30 39 16 29 9 10 24 27 29 24 19 12 7 13 27 34 32 30 24 25 29 34 29 36 33 20 16 13 8 20 15 13 23 29 38 22 8 13 12 14 4 7 19 24 24 35 39 37 31 28 34 60 93 145 185 185 174 169 164 
45 41 31 28 24 21 36 24 33 27 31 28 32 38 30 24 19 9 17 31 36 31 26 27 32 37 39 34 42 34 25 23 19 10 18 21 30 37 28 33 17 14 21 15 19 15 20 29 30 25 33 27 26 30 37 57 98 138 180 204 182 152 133 115 
48 41 30 22 13 9 24 14 30 35 41 40 38 39 26 24 24 10 23 34 33 24 24 29 28 17 13 36 47 36 16 7 15 21 20 25 36 33 21 29 19 27 30 24 23 19 22 27 25 24 28 22 28 47 64 94 144 182 205 209 171 125 98 79 
50 39 24 12 1 8 16 13 28 45 47 47 39 32 23 11 26 18 27 31 25 19 26 28 21 16 34 48 41 29 13 25 37 34 26 26 31 18 8 21 24 37 35 30 23 15 16 21 14 17 23 28 42 75 107 142 186 208 209 187 131 84 61 49 
45 34 19 11 14 19 15 7 25 43 44 44 35 28 20 8 26 15 19 20 11 20 27 26 30 30 40 41 21 15 9 19 25 21 19 16 16 3 16 21 27 33 30 29 25 24 23 17 12 20 26 43 68 113 156 179 198 198 178 133 75 43 27 16 
48 39 31 31 35 37 31 22 27 37 35 34 26 16 10 1 24 18 9 11 12 29 30 22 17 12 26 21 5 15 18 19 22 16 25 20 17 23 24 22 24 27 23 22 15 21 21 12 14 26 34 71 112 159 198 203 194 175 141 86 36 12 9 21 
25 15 4 14 23 26 24 26 38 42 35 26 21 13 13 12 20 23 11 18 24 35 30 19 14 11 22 18 15 20 23 17 19 19 34 27 24 24 13 10 18 19 10 20 10 14 13 20 14 17 48 112 165 204 227 217 183 142 98 45 11 28 31 28 
26 16 11 17 22 18 13 13 22 27 24 21 21 23 25 26 26 30 18 23 26 30 15 7 13 16 16 11 5 10 9 2 17 22 38 29 26 23 5 5 15 15 7 24 20 4 6 8 19 43 88 156 202 220 221 189 129 77 41 12 38 36 23 15 
10 12 10 20 21 2 5 11 17 21 17 14 16 20 33 36 37 39 32 27 24 22 12 25 27 22 17 15 3 8 10 12 17 21 33 26 22 16 6 4 12 14 11 13 20 8 16 33 62 97 146 192 215 209 182 131 69 33 8 15 36 24 12 11 
4 5 7 20 29 35 37 33 27 21 17 13 21 27 41 43 39 36 27 19 19 21 24 38 39 32 25 22 8 7 12 13 16 18 22 20 21 23 23 18 19 20 24 26 27 18 27 56 96 140 184 204 204 179 136 85 38 22 6 15 31 23 15 14 
17 22 27 33 39 40 34 27 20 15 11 13 16 21 36 40 36 27 16 19 27 28 29 36 35 27 22 21 10 9 11 13 4 9 8 17 24 31 33 30 26 20 14 8 18 32 63 96 133 168 193 189 172 136 92 51 17 20 15 18 27 19 15 13 
20 16 12 4 12 16 16 15 10 4 8 17 10 13 27 35 36 23 18 26 36 40 42 42 43 36 27 24 15 4 12 19 16 12 6 12 12 13 9 19 24 18 17 24 36 66 106 148 186 210 212 182 141 96 54 23 18 24 18 13 14 26 36 35 
39 36 30 26 18 12 15 17 18 18 13 8 12 23 35 40 38 33 30 34 48 56 52 44 39 26 20 24 21 21 4 14 12 9 16 24 25 17 11 7 15 22 28 37 45 90 144 186 215 226 205 157 112 65 24 9 15 16 9 9 16 20 17 12 
23 27 21 19 24 22 13 18 20 29 24 7 6 8 19 17 22 33 38 45 56 59 51 36 26 22 24 29 26 32 14 9 7 13 25 27 32 19 8 8 15 22 38 58 90 143 181 193 198 185 145 103 78 52 37 31 26 18 11 12 10 7 4 12 
12 18 16 18 32 35 17 18 16 34 36 16 11 9 21 20 11 20 14 17 28 39 39 26 15 24 28 34 29 40 26 16 23 28 37 31 33 19 13 7 23 37 71 105 150 195 208 192 174 144 96 61 47 27 31 37 39 30 17 15 12 17 26 35 
28 22 13 14 29 37 24 25 20 36 45 26 19 18 17 23 12 24 12 11 16 28 31 22 14 27 24 29 23 42 36 17 21 23 36 30 34 31 28 25 38 67 111 143 177 206 201 172 143 113 72 41 30 4 9 9 21 23 7 14 14 18 22 18 
39 29 21 21 28 38 30 22 11 26 39 20 15 20 13 22 10 23 6 18 13 20 19 14 15 32 26 23 18 36 39 18 11 21 38 31 12 22 32 50 80 120 168 191 202 210 184 133 96 75 42 23 19 10 13 15 21 17 8 7 13 19 27 33 
27 25 21 22 22 32 35 26 18 27 33 20 22 30 25 29 28 34 24 28 15 25 18 27 36 49 49 40 27 33 45 31 22 28 43 49 20 12 45 75 114 168 215 227 219 206 162 97 56 49 31 26 24 20 10 6 16 12 10 13 21 20 17 16 
28 31 34 32 19 16 28 30 32 32 33 27 28 33 28 17 13 26 25 33 15 27 18 33 41 45 43 34 27 34 49 40 24 18 26 48 35 35 72 108 145 194 225 214 185 158 113 62 43 48 41 34 22 27 30 36 38 28 22 15 18 14 10 1 
15 19 28 31 21 5 22 34 40 33 28 19 17 30 30 21 15 30 35 34 10 25 18 36 39 30 29 27 22 31 46 48 36 26 25 48 47 55 101 145 179 211 216 181 135 103 66 29 31 42 36 35 18 17 14 16 19 12 20 1 13 11 8 7 
31 27 26 28 25 23 27 32 34 32 25 9 16 31 26 15 14 34 42 36 20 24 19 36 37 24 26 32 24 29 39 48 38 23 19 48 68 94 140 177 196 201 178 136 95 69 43 18 21 30 18 24 12 23 29 25 18 11 18 6 10 9 4 1 
42 33 27 23 18 20 17 16 14 11 11 4 18 36 26 13 15 30 38 30 18 15 12 27 25 16 23 40 30 24 27 37 35 32 41 77 115 149 182 201 195 169 127 93 65 49 34 19 19 20 18 29 21 18 20 17 11 15 22 20 11 10 6 9 
16 12 4 16 26 29 24 18 12 11 15 11 16 40 29 22 29 36 37 27 13 15 24 36 37 37 41 50 39 29 26 34 40 50 71 117 158 185 200 197 168 124 78 59 45 36 27 4 14 5 4 21 24 24 25 23 14 23 21 15 12 12 6 4 
20 14 4 8 16 23 18 14 12 15 16 16 18 40 32 21 25 28 33 33 15 17 22 31 29 22 21 34 26 16 13 27 42 65 103 153 187 202 196 172 129 83 40 30 32 34 39 26 15 11 14 23 27 17 25 24 25 37 35 23 22 15 6 3 
23 11 24 38 37 19 7 18 24 20 13 7 6 34 36 12 15 21 31 42 16 9 10 23 17 12 16 33 30 30 24 22 46 87 139 194 220 219 191 149 95 46 14 14 24 21 27 18 14 18 24 28 32 28 33 25 23 24 21 9 13 2 8 6 
26 17 29 22 22 19 14 14 14 15 19 9 3 31 42 23 8 13 25 49 24 10 12 19 17 22 19 22 14 19 26 41 79 127 180 223 224 200 159 109 56 22 20 11 24 20 23 19 16 19 17 15 15 14 20 22 30 28 22 12 16 18 23 23 
21 24 43 28 18 25 18 11 6 8 23 19 9 27 42 35 20 12 14 45 32 12 9 8 9 21 30 32 26 29 54 89 133 172 207 218 190 152 107 60 29 21 27 17 25 15 20 24 21 17 6 13 9 5 15 20 24 26 24 15 9 15 14 7 
22 20 37 28 14 26 15 10 15 11 19 21 12 26 42 43 36 26 3 34 32 22 24 21 15 13 18 23 26 44 87 127 167 199 218 206 169 130 86 44 25 19 28 21 24 9 13 24 21 16 16 5 20 18 24 27 30 32 24 22 17 17 14 14 
44 38 34 23 15 29 12 14 23 23 30 25 17 25 45 54 51 45 29 36 36 31 27 14 23 23 32 40 50 79 124 155 184 203 201 177 142 109 72 42 28 12 19 8 19 18 20 12 5 6 23 11 29 19 17 28 34 44 37 27 17 15 10 7 
23 16 16 32 43 38 18 16 21 24 27 21 18 17 27 39 41 42 35 32 29 25 19 12 39 38 50 67 93 132 167 187 201 191 162 124 88 66 34 34 30 16 18 10 22 18 27 21 18 15 26 17 31 27 27 36 29 32 37 34 21 15 13 10 
31 27 25 26 21 14 6 8 15 20 24 18 21 24 22 25 22 21 23 24 23 23 20 16 47 50 63 92 133 171 190 196 188 155 117 83 62 53 24 36 28 24 25 23 25 19 26 25 25 23 34 26 33 27 27 42 43 44 46 45 33 24 15 13 
24 23 23 16 6 11 20 17 14 11 17 11 9 17 7 4 12 19 27 33 30 26 25 28 62 81 108 140 175 191 179 159 134 95 63 48 47 45 19 34 21 14 17 4 13 15 25 26 23 18 19 13 19 12 12 27 38 42 42 39 26 23 6 9 
23 24 24 20 15 11 18 6 14 10 12 12 7 17 13 18 19 11 15 12 19 25 36 62 98 125 160 183 198 193 161 127 97 60 31 24 34 38 27 35 21 18 24 24 31 29 23 21 20 14 6 24 24 9 18 36 48 44 30 15 18 24 15 17 
21 21 24 25 21 15 23 13 18 18 14 16 12 12 11 24 28 23 21 10 22 37 61 100 137 168 197 203 197 178 134 94 63 30 5 15 31 40 33 33 18 14 23 15 13 18 20 18 19 20 20 14 13 21 23 33 34 29 10 12 29 27 21 22 
28 24 26 26 24 19 28 17 19 21 15 16 26 24 22 22 21 20 24 9 26 54 92 140 180 207 219 204 177 140 87 53 32 10 5 7 11 18 21 24 18 8 22 10 8 8 19 27 21 10 22 14 14 13 13 32 13 31 28 29 34 30 26 25 
25 19 17 28 27 24 36 29 35 32 22 18 27 21 29 23 21 14 28 32 52 87 128 174 204 215 207 178 138 94 49 30 20 15 12 16 10 13 23 23 23 9 26 18 20 24 24 36 30 15 30 26 28 26 26 42 27 38 32 27 27 24 21 18 
28 23 17 27 21 18 33 16 29 32 25 17 15 12 28 18 16 15 23 45 80 127 173 209 221 206 171 124 80 43 16 15 12 13 13 17 20 23 25 24 26 10 25 12 6 7 15 39 33 19 34 33 31 27 26 40 27 29 24 21 24 26 26 24 
33 36 30 22 18 20 35 10 9 13 10 13 3 16 27 19 14 10 18 44 98 158 203 222 219 183 126 72 37 11 10 18 15 9 7 17 30 32 32 27 16 9 16 13 23 33 30 29 29 31 39 42 45 39 34 41 32 26 22 23 26 25 21 18 
21 17 13 9 21 29 34 12 8 13 13 18 12 22 27 18 15 26 47 83 141 192 217 213 192 141 82 44 30 22 27 29 18 9 7 17 22 22 22 32 13 11 14 23 30 31 26 15 30 42 46 49 50 41 34 33 30 18 17 24 25 27 22 20 
10 8 4 12 28 42 33 20 10 8 27 30 23 29 26 17 25 53 89 133 186 218 223 196 154 99 51 34 30 29 34 30 18 12 7 14 7 3 16 33 31 11 11 14 26 27 31 36 35 38 40 40 43 32 24 28 29 19 27 22 27 33 31 32 
44 34 22 15 28 48 29 25 16 21 36 27 23 30 28 32 51 84 117 154 196 215 209 167 118 70 34 27 29 24 25 27 27 19 15 17 16 18 29 39 42 10 13 16 31 33 12 31 39 38 34 33 40 38 34 32 25 13 17 27 34 35 32 21 
22 17 9 8 24 41 26 25 17 23 29 20 27 38 43 60 92 127 155 178 197 195 169 112 65 29 11 23 25 18 16 22 18 4 9 17 21 27 33 44 49 13 9 18 40 35 22 33 36 33 30 35 45 38 22 11 8 16 22 30 34 34 30 19 
30 24 17 9 16 27 7 10 12 21 27 25 30 49 71 101 138 172 190 192 190 166 122 62 21 12 21 22 20 15 17 20 10 3 5 23 28 30 39 43 47 17 9 23 43 37 31 19 15 24 29 34 34 19 7 11 5 17 21 29 32 33 26 11 
17 15 12 11 17 23 16 20 23 26 28 20 31 72 111 147 180 201 200 182 166 131 81 32 6 17 24 22 17 15 19 18 8 2 9 28 28 26 32 34 35 17 8 20 36 35 23 10 20 27 26 24 24 13 7 17 10 18 27 36 37 35 29 19 
16 22 24 18 22 24 26 28 26 24 28 30 51 98 143 177 195 199 187 155 128 94 50 26 29 33 35 30 18 7 17 16 17 15 17 29 21 17 24 25 32 24 16 20 30 31 27 21 19 6 11 19 22 13 9 17 10 14 20 26 33 36 35 25 
11 11 19 15 22 28 31 31 29 28 39 57 83 132 181 205 203 189 161 115 87 61 36 45 38 33 29 20 20 6 16 15 28 22 19 32 15 27 37 33 38 28 20 15 24 27 28 26 32 21 21 26 28 24 24 23 15 12 16 20 19 18 19 6 
19 11 21 24 29 34 28 23 27 39 66 101 132 172 207 211 188 158 119 76 55 34 36 44 31 23 8 17 23 6 15 7 31 17 20 34 14 43 44 27 27 22 27 19 19 19 16 14 15 15 27 36 40 35 22 15 10 11 15 16 17 12 16 9 
27 18 26 30 31 34 29 17 32 52 94 133 153 171 188 173 132 100 72 44 30 14 27 35 27 22 11 18 18 5 14 2 32 21 22 30 16 51 50 25 20 18 30 30 20 12 16 19 10 6 17 22 21 22 17 8 14 13 18 15 9 13 19 18 
37 30 30 28 24 16 24 28 38 62 111 141 150 161 171 145 92 64 47 33 26 10 18 29 24 20 11 12 14 12 18 8 33 25 22 27 22 53 53 36 26 18 28 38 28 16 19 10 15 19 19 19 14 20 22 14 24 19 21 15 7 16 19 22 
33 25 22 21 24 15 32 33 37 68 122 143 150 161 162 127 74 51 37 38 38 21 12 21 22 20 15 10 13 18 24 16 37 30 29 32 29 55 58 44 19 12 23 48 36 25 29 19 24 21 15 15 15 24 25 17 27 18 16 9 10 20 21 23 

22 18 30 30 36 50 29 34 33 30 22 17 30 3 15 30 26 37 19 29 19 36 16 19 33 31 25 26 12 15 12 9 20 30 18 7 21 13 7 30 16 31 20 15 9 15 18 19 19 25 12 17 27 38 30 39 34 20 16 20 28 26 12 13 
24 22 34 30 29 44 41 44 42 39 24 18 24 11 18 28 20 28 14 16 15 27 21 25 34 33 28 26 18 18 12 9 24 29 13 5 17 19 22 33 16 25 13 6 18 20 18 13 6 13 11 8 21 34 33 33 28 19 12 18 19 19 16 16 
22 25 39 30 23 34 36 40 39 35 22 23 21 16 19 18 13 11 8 12 5 21 30 41 52 53 45 31 20 17 18 20 30 30 13 9 16 26 29 22 8 22 13 14 13 4 6 13 20 22 27 21 6 24 33 37 35 28 20 20 18 18 20 21 
27 30 37 24 18 29 28 31 33 30 21 28 18 12 15 13 20 20 22 19 18 5 19 30 38 37 27 15 11 10 15 23 33 33 14 9 15 30 34 12 17 20 12 12 9 8 8 18 25 22 23 25 12 22 34 33 33 27 10 12 17 15 14 20 
37 36 36 20 18 25 28 29 32 30 24 24 16 17 12 13 14 16 18 9 26 13 22 28 29 29 14 9 12 15 20 27 36 32 15 27 35 49 50 28 30 22 13 22 30 32 26 26 28 23 19 28 22 15 28 23 36 31 14 5 15 18 18 24 
32 34 33 21 25 27 28 30 33 33 30 22 19 20 13 23 15 20 17 10 35 17 18 21 23 29 18 23 21 23 24 31 33 24 20 36 45 52 40 24 43 37 23 28 28 21 24 23 30 28 22 34 31 26 31 21 32 26 24 21 27 30 30 34 
39 37 27 16 27 32 36 39 42 43 35 22 16 11 18 34 24 30 30 25 45 30 21 16 11 23 20 29 25 25 16 25 25 25 33 48 49 33 11 22 48 42 12 21 28 33 32 21 26 26 4 25 31 30 35 22 23 27 27 21 25 28 30 34 
28 30 25 20 26 35 44 50 48 40 22 19 22 17 23 31 16 19 10 12 35 25 26 34 40 47 44 41 30 24 8 14 21 26 33 44 41 19 7 22 38 42 20 24 32 32 26 16 18 29 20 12 10 13 32 32 20 17 17 12 24 31 39 47 
21 24 24 23 38 41 41 43 30 34 16 28 29 11 16 25 12 20 9 7 25 21 20 33 47 47 37 27 18 22 16 16 17 21 20 29 37 21 21 20 23 35 14 6 10 10 9 15 24 30 25 20 15 17 29 31 24 17 16 19 31 45 61 70 
30 30 32 32 50 42 39 46 26 36 18 27 30 9 16 23 16 20 14 14 28 33 23 24 27 23 18 17 21 24 13 10 3 13 15 29 42 37 36 25 14 22 22 21 23 19 9 18 31 37 32 23 12 13 23 25 20 17 28 48 71 93 112 123 
32 32 36 34 51 41 35 45 22 32 16 21 29 6 13 17 14 20 20 19 24 30 24 21 29 35 35 22 11 22 21 14 7 18 21 29 31 30 31 25 18 6 10 15 21 16 24 27 28 33 33 35 31 31 30 26 21 24 45 75 107 135 161 177 
36 38 44 39 50 39 31 40 14 30 11 15 29 14 19 22 21 23 23 27 31 33 28 12 7 7 12 15 6 19 19 9 9 21 21 27 26 26 30 30 22 21 22 21 24 21 35 35 30 33 28 35 32 29 26 32 37 50 76 109 138 160 180 188 
30 37 48 46 43 32 24 36 24 26 14 20 30 24 23 21 24 24 19 20 26 27 24 13 11 13 15 15 8 21 19 9 4 16 20 20 17 14 23 34 24 26 28 28 35 30 36 31 26 30 10 18 18 19 25 51 55 74 115 153 176 186 190 182 
9 16 27 26 22 23 29 39 43 26 19 22 20 6 4 11 12 16 18 23 29 27 21 17 11 7 11 10 11 18 16 13 9 9 17 22 29 21 24 38 22 19 18 13 20 13 19 17 15 20 16 33 36 33 34 54 66 101 152 188 194 185 176 161 
14 7 16 23 25 29 31 13 23 8 14 22 24 21 20 11 15 18 22 29 32 24 17 23 22 22 24 19 18 14 16 18 18 15 24 16 20 20 21 37 26 26 24 21 22 12 10 15 20 22 37 43 39 37 45 71 103 145 188 204 182 154 133 110 
15 15 14 18 22 27 33 19 22 13 17 10 15 20 16 18 23 23 26 27 27 19 22 37 39 44 45 36 31 17 23 28 31 28 33 33 42 41 25 27 18 25 25 21 21 15 14 26 30 31 42 38 40 55 75 107 149 184 207 203 162 121 93 68 
15 24 21 18 17 12 22 10 11 11 14 14 17 17 2 25 29 23 26 24 27 26 33 42 31 19 25 34 39 22 24 33 40 45 39 35 42 31 14 17 12 25 24 21 17 14 21 28 26 26 33 28 44 77 108 146 187 208 209 186 134 89 63 45 
28 33 27 22 19 6 18 19 6 15 12 20 16 14 10 18 30 27 28 28 33 33 34 31 10 19 38 40 33 16 22 30 36 36 29 24 35 18 14 13 14 31 27 30 20 14 15 21 17 18 26 41 69 114 155 186 212 210 187 144 90 53 38 31 
37 39 30 24 20 9 14 17 14 9 10 21 12 12 6 12 27 24 24 27 32 32 25 19 24 30 37 26 10 18 20 15 17 12 15 9 26 15 16 9 19 32 26 34 31 27 21 16 11 11 29 67 108 160 198 206 204 181 140 90 49 29 19 14 
43 43 34 28 27 27 29 23 22 16 16 19 14 6 3 8 24 25 23 27 28 28 17 6 13 17 26 14 17 22 19 6 12 8 22 18 28 29 29 23 27 30 18 22 13 14 15 12 14 25 48 107 156 194 213 198 173 140 99 55 24 14 19 24 
29 28 18 10 15 23 28 32 40 35 31 21 17 12 12 14 25 27 17 21 23 21 8 7 12 18 21 6 11 12 6 9 20 23 33 22 27 25 16 14 21 21 9 23 15 19 14 13 28 42 81 156 200 211 208 179 135 92 55 22 18 33 36 29 
37 27 16 14 21 23 24 27 27 31 30 22 22 28 35 32 29 32 18 21 19 10 10 28 39 40 30 16 9 5 12 23 31 33 36 20 20 15 2 4 19 16 11 27 24 14 15 28 63 91 136 200 220 204 179 132 72 30 15 24 40 39 28 20 
3 5 8 22 26 12 18 24 29 36 29 21 24 28 36 31 33 36 25 21 16 13 26 40 42 42 37 27 20 14 16 21 25 28 33 20 16 12 11 8 18 15 13 16 26 21 36 69 112 148 187 213 203 167 118 64 15 13 13 17 28 21 12 7 
5 8 11 21 27 28 37 41 40 39 29 21 32 34 36 33 32 30 13 6 10 18 34 47 48 47 41 32 25 19 16 18 20 23 27 22 19 19 17 12 18 17 22 26 30 31 60 103 149 187 209 197 168 124 68 33 17 25 18 9 22 17 7 4 
17 21 25 32 37 37 41 38 33 29 17 15 24 27 29 28 30 28 14 12 18 28 33 39 44 43 38 33 27 21 13 16 13 16 21 32 37 39 36 30 24 17 16 17 29 60 108 151 186 210 208 170 129 86 41 33 29 33 29 18 19 14 13 19 
14 11 5 5 15 17 23 25 23 16 11 15 15 21 26 33 34 23 4 9 16 29 34 35 39 32 25 22 19 17 18 22 22 22 17 20 22 20 15 21 24 16 21 36 55 99 150 189 212 221 202 148 94 55 23 30 30 31 28 15 8 24 37 37 
33 30 24 22 13 8 20 25 27 21 16 4 11 25 38 46 45 36 22 19 27 34 31 22 21 7 6 10 8 15 13 18 16 13 9 14 20 11 9 9 12 22 38 54 75 128 180 204 210 202 165 108 66 35 9 22 22 19 18 17 21 22 20 9 
29 30 25 24 24 22 20 27 29 31 27 11 9 2 18 21 31 37 35 37 41 39 33 21 11 13 22 23 17 24 9 12 10 14 23 28 33 22 19 8 14 36 63 90 128 177 201 192 174 145 98 60 48 42 40 36 28 21 17 20 18 10 10 6 
21 22 18 20 30 35 22 29 30 38 40 16 12 6 21 20 16 23 16 16 14 6 17 15 9 21 32 32 27 32 17 15 23 27 31 34 33 21 24 16 28 63 105 140 178 208 200 166 135 100 59 36 32 26 38 45 42 34 23 19 15 15 23 28 
35 27 17 12 23 38 25 36 37 45 51 25 17 12 18 21 11 24 16 20 17 14 16 17 12 26 36 38 32 34 25 13 15 12 25 39 42 37 41 47 67 113 157 179 193 201 174 128 94 69 39 24 24 9 12 9 19 24 16 21 17 18 24 23 
39 28 22 22 21 41 33 37 31 38 49 19 6 9 17 24 6 25 15 23 13 14 23 27 29 37 40 40 30 26 34 20 8 15 24 31 27 32 57 84 120 171 211 215 204 192 147 87 53 44 20 13 20 9 18 20 24 19 14 7 7 11 18 24 
22 20 21 26 19 35 36 31 18 27 41 15 12 22 28 39 28 28 11 20 17 27 30 42 44 50 51 44 27 6 36 31 19 23 30 39 25 33 78 113 150 200 231 222 195 170 117 55 20 37 30 26 29 16 14 10 18 14 17 17 23 20 19 15 
18 23 32 35 22 23 27 25 26 28 36 21 17 13 13 27 21 23 12 16 18 27 24 35 33 38 44 44 32 12 33 37 26 26 29 49 55 70 115 148 172 207 219 185 141 113 67 30 26 36 32 21 19 25 30 33 33 26 22 12 17 14 15 14 
27 31 34 36 22 10 21 28 34 27 31 24 11 9 21 27 24 29 26 18 16 26 21 31 20 11 28 40 28 14 25 40 36 34 39 61 77 103 153 180 189 202 187 135 86 66 32 22 33 44 42 34 18 14 12 15 18 11 19 6 16 19 21 21 
42 40 36 31 20 12 26 33 36 33 32 23 8 12 18 15 10 15 13 8 19 25 19 29 21 5 23 42 29 18 15 34 33 30 45 79 111 146 183 191 177 163 129 83 51 42 22 24 24 31 25 22 14 24 29 21 16 7 18 10 13 16 19 19 
52 45 37 29 15 6 12 17 17 19 22 16 11 26 28 9 6 10 14 18 13 16 18 27 25 16 19 45 30 16 8 17 26 34 69 118 161 188 202 189 153 117 78 48 31 31 21 27 21 18 11 12 8 7 23 16 16 16 19 20 11 13 11 7 
37 35 30 28 26 22 18 12 8 3 8 9 12 40 42 30 27 23 21 23 13 22 35 47 49 45 42 54 36 27 24 25 38 64 110 164 199 205 197 166 116 75 39 33 38 34 21 16 16 16 11 15 19 15 30 20 17 21 14 17 10 11 9 4 
36 34 26 22 14 11 12 5 7 11 14 16 17 44 43 26 25 20 25 27 13 19 22 34 39 31 27 42 24 18 28 39 60 98 148 195 212 199 172 132 83 47 15 20 39 38 33 21 6 10 11 12 12 7 35 16 14 29 32 32 22 12 4 8 
33 25 28 37 33 18 5 15 21 18 13 10 9 42 44 12 17 17 30 31 12 14 12 20 27 25 21 39 28 26 36 38 69 122 175 215 217 186 145 103 61 31 14 9 28 27 23 18 13 17 22 25 25 28 39 20 12 4 11 15 5 10 11 12 
37 25 22 12 18 14 13 18 20 24 20 14 12 42 46 9 17 22 34 42 21 18 14 21 27 27 20 30 20 27 56 73 113 163 202 221 198 149 106 70 39 25 22 11 25 25 20 17 9 20 26 23 20 15 24 14 19 16 18 23 21 24 24 23 
37 32 37 25 23 28 18 11 10 24 31 23 16 37 44 13 12 17 28 43 26 16 14 20 23 21 30 38 37 58 103 136 173 201 211 196 150 98 64 36 32 29 29 18 24 18 16 19 9 17 15 17 16 11 18 20 13 14 15 14 12 15 8 0 
32 27 28 25 22 32 16 9 14 12 22 18 11 30 46 28 24 21 16 34 28 24 26 31 24 12 29 40 48 80 134 165 187 201 189 157 114 76 51 28 32 30 33 22 21 9 16 29 21 18 17 10 25 21 26 30 24 25 17 20 14 13 14 20 
31 28 26 23 17 33 14 11 20 17 27 19 11 18 40 39 39 36 22 31 32 31 23 28 28 28 47 60 75 114 162 180 186 181 153 118 86 63 47 30 33 25 28 14 14 18 19 20 17 19 27 13 32 18 12 27 24 36 31 28 18 7 9 8 
8 13 20 35 39 36 13 8 18 21 25 14 16 12 23 30 39 40 30 28 29 30 25 33 49 54 75 100 127 165 196 200 188 157 118 81 49 39 24 25 32 24 27 12 16 23 32 26 22 12 26 13 29 23 22 36 17 21 26 30 20 7 8 4 
6 12 14 22 22 15 6 6 11 15 17 13 20 21 24 30 36 40 38 30 22 28 30 43 67 75 100 132 163 187 196 182 151 111 79 51 33 38 18 31 26 21 27 16 21 25 33 30 29 26 40 26 32 25 26 43 35 39 45 48 36 22 13 9 
14 20 24 20 18 17 23 24 21 12 13 9 11 17 18 26 35 39 41 39 29 24 35 63 97 119 147 170 185 183 161 127 92 59 40 33 29 36 12 32 18 8 20 7 12 24 34 30 27 25 30 11 19 21 25 40 49 52 51 48 33 20 10 10 
27 31 31 26 26 23 22 17 21 17 11 12 8 15 18 16 10 9 15 8 24 30 56 101 140 167 191 197 191 169 131 96 69 45 30 26 29 38 30 36 21 14 25 25 30 33 32 32 29 25 14 18 16 6 27 44 56 51 37 26 25 25 20 15 
27 30 32 28 29 31 32 22 22 17 6 11 6 10 11 17 18 17 22 11 35 48 84 137 178 201 212 198 171 136 92 60 41 29 26 25 27 36 31 33 19 15 29 27 21 23 27 32 32 29 12 9 12 13 16 31 38 34 24 25 32 30 21 9 
29 30 25 11 13 18 30 21 27 22 13 15 24 27 21 11 7 9 21 9 45 70 113 167 202 214 206 174 131 89 45 26 18 18 24 21 9 17 18 24 20 18 28 21 18 18 21 31 27 18 16 9 15 8 12 31 23 34 33 30 32 29 19 10 
35 30 16 18 27 30 45 35 39 30 20 15 22 17 21 9 9 8 27 40 79 112 152 192 205 195 168 126 84 48 19 15 17 15 14 15 8 7 13 16 18 22 33 28 27 25 22 34 30 13 23 19 28 25 25 41 29 38 33 17 19 19 12 11 
18 18 11 27 28 27 42 25 31 27 21 10 11 12 23 14 17 22 37 70 117 159 195 213 202 165 116 68 35 14 14 15 10 12 16 21 19 14 7 13 20 25 32 24 18 11 14 34 29 12 25 21 18 22 20 38 33 29 25 9 15 18 19 21 
28 32 27 25 24 26 39 15 15 8 14 14 9 18 23 18 17 23 45 78 133 181 206 203 178 126 68 25 20 24 23 23 17 5 16 18 20 20 18 24 21 24 22 24 34 39 31 22 27 29 34 26 12 8 9 30 33 22 17 6 12 11 7 11 
13 14 11 18 24 32 33 12 10 9 21 21 16 23 26 23 26 44 76 117 164 196 197 171 135 82 40 30 31 31 27 28 18 2 16 20 10 17 16 32 21 21 24 36 42 39 33 17 23 30 27 21 19 12 11 20 31 12 13 8 9 15 14 18 
10 9 1 17 26 40 26 20 11 7 35 35 31 35 33 30 43 78 119 161 196 205 190 148 101 54 30 38 37 36 36 29 19 12 13 23 9 14 13 28 27 22 25 22 25 21 34 38 27 14 8 10 16 20 22 27 32 17 23 11 20 26 24 30 
27 25 20 15 26 41 15 28 18 26 47 28 23 34 35 46 79 118 150 179 198 191 167 119 75 43 25 35 33 30 31 26 17 11 8 20 12 4 14 27 27 18 29 25 27 18 24 41 39 19 7 9 29 39 36 35 33 28 30 27 26 24 17 7 
20 12 4 5 21 34 25 33 22 28 36 12 23 47 55 80 125 160 177 186 183 157 124 71 34 16 8 26 24 21 22 23 10 7 9 19 14 11 17 27 25 19 33 35 38 15 28 41 39 22 15 25 42 42 28 29 31 35 35 28 24 25 18 12 
27 23 21 18 24 30 19 13 1 18 29 17 25 71 96 125 162 185 188 178 160 124 86 37 4 11 13 16 11 6 10 15 2 6 12 21 11 9 18 22 20 16 30 35 38 18 34 27 29 32 35 37 35 27 16 27 27 34 32 21 17 24 15 13 
16 11 8 6 15 17 9 8 8 15 26 16 44 104 141 159 180 191 177 154 135 100 60 23 9 12 17 16 9 10 16 15 5 6 11 27 15 12 13 18 18 9 24 33 38 27 25 13 24 30 26 22 21 18 12 29 27 35 33 27 24 26 24 27 
23 22 21 15 12 11 15 15 14 17 34 51 86 139 169 174 177 171 149 120 101 70 32 18 27 30 32 31 23 19 22 20 15 18 21 32 18 20 24 22 24 17 22 26 33 25 26 19 15 14 13 16 18 15 11 25 25 33 30 29 29 33 32 30 
17 17 15 5 7 16 19 18 21 31 57 88 127 171 195 188 169 146 116 83 68 45 18 37 36 33 27 28 31 23 24 19 23 21 19 27 13 36 43 36 35 28 26 17 22 17 25 18 22 16 17 20 21 17 18 20 18 24 22 20 12 6 7 10 
14 20 24 21 21 22 20 14 30 54 96 139 171 195 202 175 137 107 73 50 48 34 29 37 27 25 16 30 36 23 24 17 26 11 9 24 15 49 49 26 22 22 33 25 22 21 24 21 15 5 11 21 28 21 11 9 11 20 22 21 20 12 6 3 
13 20 32 38 40 40 33 20 46 80 133 171 183 182 169 127 81 56 37 30 33 23 20 24 17 21 12 27 30 22 21 14 27 17 13 24 20 53 54 22 12 10 30 37 30 29 28 27 22 17 14 15 25 21 12 6 14 16 26 27 24 25 19 11 
28 31 34 29 30 20 21 37 63 99 151 174 171 161 143 101 53 32 25 26 27 18 12 19 15 18 8 18 22 19 19 15 32 26 16 25 27 51 57 30 19 16 31 48 41 37 33 25 27 28 20 16 28 26 20 9 22 9 24 31 30 33 27 24 
30 32 31 15 23 14 28 47 68 109 159 172 165 153 131 89 45 28 18 21 28 20 8 17 16 19 10 9 10 12 17 16 39 34 16 23 31 52 64 36 14 17 32 59 48 44 43 34 38 40 28 27 38 34 28 17 28 4 17 29 33 35 30 28 

25 26 35 28 33 39 20 17 12 17 26 36 32 19 24 23 22 30 21 32 20 32 14 14 19 17 15 35 21 23 25 13 22 24 13 12 19 17 15 29 18 24 16 12 15 25 29 30 29 33 31 15 42 35 15 19 20 21 21 18 24 24 11 16 
24 27 35 30 27 36 31 30 27 27 30 35 28 14 12 25 23 28 23 21 18 29 20 21 22 20 23 38 25 28 26 11 28 23 9 12 18 26 27 33 17 21 12 10 23 31 31 28 27 27 29 12 36 37 24 22 18 17 18 17 18 16 15 16 
20 27 37 33 19 29 27 26 22 21 26 33 20 6 7 18 16 12 11 11 10 25 29 35 43 44 43 39 22 22 20 10 32 26 11 11 19 30 28 22 10 24 18 19 25 27 23 18 19 17 22 12 22 33 30 35 34 26 24 19 18 13 18 15 
24 32 37 30 9 20 14 4 7 12 24 34 17 7 10 8 12 12 15 22 16 9 10 15 25 25 23 20 12 14 11 13 31 28 12 7 17 30 31 14 15 22 23 30 38 38 28 13 9 4 10 15 8 28 31 34 36 24 20 5 19 8 10 15 
31 42 40 30 8 10 15 8 6 12 23 24 18 15 13 12 13 16 15 18 20 7 13 20 22 17 16 13 9 10 13 20 30 25 15 30 43 53 50 30 30 29 31 42 54 54 38 16 11 14 16 25 6 20 25 27 42 32 29 8 20 10 11 19 
31 42 39 30 14 10 19 13 8 8 20 8 8 17 13 21 15 21 19 22 31 12 21 28 33 33 26 19 9 4 15 31 28 13 15 40 52 50 35 19 40 41 39 49 57 52 37 18 23 30 26 36 24 23 25 24 40 28 31 14 23 21 22 31 
41 45 35 22 17 20 31 30 32 35 34 24 17 17 6 29 20 29 34 35 46 27 17 14 12 15 10 22 21 21 29 38 23 15 23 49 45 21 5 17 45 41 43 53 58 55 39 19 24 25 11 28 26 25 29 23 30 30 31 15 30 36 45 58 
41 43 33 23 21 37 47 45 42 34 19 17 16 15 14 28 13 15 14 18 38 24 24 30 31 38 37 34 24 19 22 30 30 32 37 51 37 15 12 20 38 43 48 49 45 39 25 10 14 21 19 22 13 4 21 27 21 20 21 16 45 60 77 92 
37 35 27 19 31 46 47 40 30 26 10 24 21 15 10 25 16 19 16 17 31 16 12 21 30 38 30 20 8 15 20 30 31 33 30 32 23 6 15 22 29 34 36 36 25 19 12 13 14 13 17 22 15 9 16 22 19 16 16 36 71 95 116 130 
30 28 23 19 39 45 44 46 35 33 18 21 18 18 17 26 23 22 18 16 28 26 20 20 21 23 13 4 8 20 22 21 18 24 16 18 25 22 25 26 22 19 21 23 5 19 11 10 18 19 25 21 13 8 13 17 18 21 39 75 117 145 164 173 
25 26 24 16 38 38 36 45 33 32 20 17 15 18 20 23 26 26 25 23 24 24 18 13 16 24 26 13 8 21 25 15 14 27 21 14 7 6 17 23 14 6 15 21 24 29 22 16 3 23 34 34 30 29 25 19 23 38 68 116 158 181 199 207 
37 36 35 28 40 31 26 42 33 36 23 17 13 15 21 25 31 30 28 27 22 17 13 7 3 3 16 15 10 16 23 18 20 26 14 12 10 12 20 31 22 19 24 18 19 14 21 21 17 32 33 36 38 38 37 36 42 70 111 159 189 199 205 198 
44 47 52 47 39 20 14 38 38 38 28 26 19 20 18 18 30 31 27 22 16 9 9 10 5 8 15 15 9 18 23 12 18 24 23 21 18 17 23 34 25 26 33 30 35 27 28 23 18 32 17 16 19 14 29 63 73 109 159 199 210 202 188 160 
27 30 35 32 20 6 17 33 40 33 28 27 20 14 9 13 28 29 31 28 23 13 6 13 8 6 11 14 11 15 15 10 19 21 18 6 18 11 15 29 13 3 20 6 21 9 14 14 15 27 11 29 32 34 54 86 106 149 190 208 195 170 145 115 
29 26 28 27 23 23 26 15 24 21 20 19 17 18 17 15 33 32 32 29 24 11 5 21 18 20 14 7 8 10 10 6 9 12 22 15 29 29 24 25 11 15 26 23 29 19 15 14 18 21 26 38 36 49 77 114 150 188 206 197 162 125 96 70 
37 32 26 21 21 26 33 23 24 22 18 11 6 9 16 24 33 29 24 17 22 17 21 34 35 42 41 28 18 7 10 7 6 18 34 37 50 48 37 26 10 15 15 14 20 21 11 13 21 24 42 45 55 84 112 148 185 204 201 177 129 88 61 39 
34 34 27 19 17 16 27 18 10 13 10 8 11 7 13 29 33 26 17 10 26 28 31 40 37 35 30 23 25 11 13 16 21 31 31 34 44 31 28 20 13 24 13 15 14 14 16 22 25 26 42 48 73 116 150 180 208 208 185 144 91 55 36 24 
11 22 19 15 19 12 20 24 10 9 5 14 9 3 9 21 32 29 18 12 34 36 34 39 35 40 35 22 21 10 14 8 17 22 20 21 35 21 27 14 16 33 24 30 20 15 15 18 18 21 45 70 103 152 184 199 209 189 147 98 55 31 23 23 
15 24 19 11 19 17 15 24 18 4 7 17 10 6 6 14 25 29 28 29 42 34 27 33 36 36 25 9 15 24 17 4 15 15 19 18 30 18 23 7 16 35 22 34 32 28 22 15 15 22 57 104 144 186 200 188 173 140 96 55 31 18 11 12 
25 32 28 18 21 25 25 28 25 16 18 20 16 11 11 15 26 33 33 35 37 23 21 29 33 28 16 7 16 18 16 12 15 18 28 29 36 32 33 24 27 36 15 18 7 11 24 19 33 48 87 149 185 198 188 156 125 93 61 33 14 6 19 27 
30 30 21 4 12 27 35 39 40 31 28 28 24 19 16 20 27 30 21 19 21 11 25 33 33 30 18 11 15 15 21 27 28 30 32 28 35 29 24 19 26 27 7 20 11 16 11 18 57 81 128 193 212 192 165 126 86 54 30 10 17 27 30 23 
40 34 24 16 17 27 37 38 30 25 26 25 25 29 32 29 26 32 22 18 16 19 33 39 40 34 21 16 15 10 20 27 24 24 20 18 25 19 8 6 21 18 12 28 27 23 30 58 104 135 178 222 214 171 131 87 41 16 19 26 35 33 24 17 
7 4 5 22 30 19 18 12 7 24 27 22 27 26 22 17 20 33 30 22 17 27 35 35 29 21 16 14 16 6 14 21 16 14 16 10 19 16 11 11 21 14 12 15 27 37 66 109 156 187 211 211 177 123 71 38 10 18 21 23 30 25 18 15 
8 11 16 26 37 31 27 28 30 34 34 27 38 33 17 12 11 24 23 16 18 29 34 35 32 17 10 3 10 13 9 17 9 5 15 4 11 11 12 13 21 20 24 27 32 56 105 155 195 218 215 176 130 81 33 28 17 23 19 15 23 22 15 12 
18 23 25 31 40 37 34 30 26 28 25 16 30 32 19 15 15 28 28 23 23 28 27 23 29 17 15 13 4 3 0 14 7 13 23 33 38 38 37 33 31 26 27 31 46 96 156 197 220 226 197 140 93 54 13 20 15 25 21 16 15 15 23 31 
22 24 20 20 27 25 23 15 8 8 9 7 21 32 33 35 27 21 20 16 14 20 18 10 23 9 15 19 13 17 18 24 29 30 25 26 26 24 22 26 29 24 32 51 79 135 190 214 216 204 163 103 59 35 8 11 16 25 21 12 1 15 32 29 
45 40 32 29 23 9 17 12 11 11 8 11 11 24 32 36 31 21 13 11 18 21 15 4 20 24 32 34 24 22 21 22 19 17 15 16 17 15 12 14 19 32 54 78 111 166 207 210 189 162 109 60 31 18 11 8 19 19 21 13 17 16 18 4 
56 49 42 39 32 21 18 11 15 22 21 19 15 3 10 15 27 29 26 27 34 30 28 19 18 27 37 41 33 23 14 17 14 17 27 33 27 20 23 18 25 53 86 120 160 200 210 182 144 106 53 28 29 36 39 32 25 21 24 22 25 20 17 12 
51 42 35 30 26 29 22 24 26 33 35 17 18 8 17 20 27 25 16 14 22 11 25 29 28 37 46 47 41 28 14 17 23 23 26 27 16 12 31 37 49 88 132 166 194 207 183 135 94 64 28 7 25 32 44 49 41 35 31 26 24 23 24 27 
48 37 32 25 16 33 29 39 44 49 48 25 22 12 20 23 31 29 18 21 27 19 28 35 37 44 49 48 42 29 16 12 7 4 20 36 40 41 57 75 100 146 185 198 196 183 142 87 51 38 16 10 24 15 12 12 18 22 22 30 30 30 33 37 
34 27 30 30 14 38 39 50 52 55 54 27 18 9 17 21 31 36 25 21 18 15 33 42 46 50 49 47 42 29 27 21 13 15 18 34 40 47 81 115 149 190 217 212 188 163 113 57 25 29 16 17 27 13 17 21 27 19 12 20 27 26 26 32 
16 21 28 29 15 34 42 46 44 45 47 21 12 13 22 26 23 25 18 16 10 22 33 42 43 47 48 47 45 27 27 24 7 9 8 30 44 64 109 144 169 197 211 188 154 129 82 46 18 25 20 23 33 18 19 21 29 26 27 25 27 23 20 20 
17 21 24 28 21 29 37 29 34 36 36 18 6 9 12 16 14 17 16 16 14 23 27 31 23 24 33 42 45 30 19 23 15 21 31 58 81 106 149 174 183 193 186 139 96 78 43 39 21 18 9 11 26 27 31 30 32 25 23 13 15 15 12 12 
22 25 24 24 19 19 24 18 30 27 23 19 9 10 13 14 18 23 27 22 10 17 24 34 22 8 17 34 39 29 14 28 32 38 51 80 108 140 176 185 177 169 140 87 54 47 23 31 20 29 27 23 18 17 14 11 13 4 20 9 13 20 13 5 
21 22 21 14 13 14 26 27 29 28 21 23 15 13 14 19 21 14 18 17 8 17 25 37 35 27 18 34 36 26 10 21 31 44 71 111 147 177 189 171 144 120 86 49 35 35 18 25 14 18 21 24 25 28 24 15 13 8 20 11 11 19 13 9 
41 30 24 17 8 7 7 9 16 24 26 24 21 22 30 28 29 23 18 18 5 21 33 42 44 37 20 36 30 16 16 12 37 66 111 157 190 201 189 155 114 82 53 35 26 27 1 17 13 15 18 20 22 24 20 9 12 17 21 17 12 20 15 6 
18 17 17 18 22 21 15 12 17 16 12 12 17 35 50 46 38 30 22 19 12 23 36 47 51 49 42 52 39 27 31 39 69 110 160 201 216 199 169 124 77 48 25 29 38 41 30 27 23 24 23 23 25 25 26 11 12 29 34 30 25 23 17 10 
22 26 22 20 13 13 19 15 17 17 17 18 22 45 57 53 48 38 29 22 12 12 13 22 33 35 33 50 36 33 49 68 102 149 195 221 212 173 130 85 48 24 6 8 32 45 43 42 37 27 18 18 20 24 34 13 9 24 34 30 24 19 17 15 
22 14 11 21 22 15 16 20 24 22 20 20 23 48 58 45 42 36 34 25 11 4 3 4 18 26 23 39 27 31 57 76 117 168 203 214 190 138 94 62 40 25 16 8 22 37 39 42 40 29 18 20 21 27 37 18 21 14 18 17 14 17 16 15 
25 13 13 7 15 15 23 27 28 31 24 20 22 51 57 41 43 42 45 38 19 9 6 7 19 28 25 37 34 52 93 116 158 196 206 197 155 97 65 46 31 25 21 12 19 33 38 42 39 27 15 7 4 11 27 10 19 19 25 28 23 24 25 25 
29 23 29 24 24 22 13 18 21 36 38 29 22 44 52 37 43 40 45 43 19 12 6 8 18 24 37 51 61 100 151 177 202 210 187 151 100 48 31 23 27 26 24 18 21 27 30 35 29 18 6 7 15 15 26 23 21 23 23 24 22 22 24 27 
28 20 18 22 24 26 10 17 22 21 30 24 18 34 49 36 36 26 33 35 19 23 15 21 16 18 47 65 83 130 178 189 191 180 139 99 62 30 27 20 28 29 29 24 21 13 8 23 18 13 15 7 28 25 30 31 23 26 10 11 16 15 25 30 
17 18 20 25 23 30 8 16 25 12 29 25 18 20 38 36 39 28 31 32 23 26 10 25 27 39 72 93 116 162 198 192 174 144 96 67 47 35 37 25 26 26 28 22 15 15 14 21 23 24 29 18 37 30 22 29 17 30 24 18 19 11 22 22 
15 14 15 27 30 32 9 13 20 15 30 22 24 19 22 22 30 20 30 30 20 21 18 43 57 74 111 142 168 198 213 193 159 115 74 51 33 34 32 14 18 12 25 20 14 20 23 3 10 18 37 24 35 28 25 40 20 23 21 20 23 15 20 20 
13 13 9 14 18 17 6 12 17 17 23 18 24 20 16 14 18 29 42 34 19 11 22 57 81 102 141 172 185 193 185 151 107 69 45 31 25 40 31 21 16 8 26 19 12 24 27 6 8 21 42 17 28 22 27 43 27 35 38 39 33 17 16 20 
14 15 19 15 11 16 24 29 29 18 16 18 16 15 11 25 38 46 51 45 32 9 35 84 120 149 181 189 180 165 135 93 56 31 23 22 23 39 25 27 16 6 23 19 2 25 30 9 6 21 35 8 25 26 31 45 50 53 49 43 26 6 9 20 
22 23 25 21 17 12 17 18 29 23 17 23 17 18 15 14 6 13 23 17 32 33 74 131 169 194 209 195 168 137 99 68 46 35 29 20 14 32 27 32 19 16 27 31 26 35 27 15 16 25 25 13 13 18 32 45 54 48 39 31 21 14 11 20 
20 25 35 34 36 32 30 22 24 17 10 20 16 14 7 13 14 20 25 15 44 57 106 165 198 211 207 176 133 95 57 35 24 21 18 16 18 31 32 35 25 25 38 40 25 16 10 22 28 32 18 10 11 13 18 29 37 39 33 29 24 17 15 23 
13 25 32 24 30 30 38 33 35 28 22 25 31 33 27 21 16 13 15 11 60 87 134 184 201 195 175 134 87 54 24 14 10 11 16 19 14 17 21 27 23 24 35 32 12 6 3 21 24 25 21 13 17 9 10 24 24 37 33 26 20 18 21 28 
27 33 25 21 33 33 49 39 42 34 27 24 23 24 25 22 18 14 27 55 107 141 174 200 192 161 124 83 48 26 11 13 14 7 7 5 11 9 16 19 14 16 29 27 21 19 13 25 25 17 19 9 22 15 18 28 23 39 32 12 9 14 23 27 
14 20 8 29 34 29 44 20 28 27 26 23 17 16 26 29 29 37 57 101 156 190 209 207 176 123 73 39 23 22 24 22 9 9 12 19 25 15 3 15 13 12 21 20 13 13 11 26 24 10 18 15 26 28 26 30 28 32 24 14 17 19 26 25 
24 27 16 24 27 30 42 15 21 20 26 29 25 25 29 31 31 46 78 120 167 195 192 166 129 75 29 9 20 26 27 32 19 4 16 15 26 22 10 22 11 9 19 31 38 43 32 12 18 22 30 22 21 18 17 26 26 19 13 8 12 8 11 8 
16 26 19 23 26 36 39 4 17 25 35 37 33 33 33 35 45 74 115 157 185 190 163 119 82 37 23 18 9 9 5 28 21 8 21 25 20 22 7 26 18 26 37 48 48 40 36 16 14 21 16 11 21 17 16 22 27 11 10 5 16 20 24 29 
20 21 18 26 32 48 35 11 17 27 49 51 46 46 44 48 71 113 156 191 199 184 150 102 63 33 32 35 21 19 17 19 20 14 17 28 11 21 10 22 22 33 40 33 28 19 36 37 17 3 9 16 20 21 22 21 23 7 11 12 32 33 32 38 
22 26 25 23 31 45 18 22 21 35 57 45 34 43 48 69 111 152 179 191 180 153 121 76 46 32 29 38 21 15 18 10 11 7 9 22 7 13 11 21 18 35 40 24 18 12 30 42 29 7 11 9 22 31 24 20 9 11 18 21 29 27 21 17 
31 28 21 18 28 36 27 30 26 36 47 26 13 53 71 106 150 177 182 173 146 108 80 35 16 14 9 30 21 18 20 18 14 12 2 18 12 16 17 21 10 36 40 26 21 11 35 45 30 4 12 18 33 34 20 20 9 14 15 13 23 26 17 18 
27 21 16 16 25 29 23 13 18 27 37 13 25 88 114 140 166 174 165 144 114 80 56 24 18 17 10 18 15 16 17 16 6 7 13 17 7 13 18 21 7 31 36 25 17 14 37 34 31 33 38 39 33 26 13 20 6 17 18 8 15 24 21 30 
21 14 9 8 15 12 7 7 10 14 31 35 72 129 151 153 161 158 134 110 92 70 49 27 21 7 8 8 7 12 19 22 6 4 9 21 15 19 21 24 15 23 32 33 33 27 27 17 21 24 22 18 16 19 12 24 5 16 12 16 22 31 39 46 
29 20 14 14 9 7 12 16 20 35 61 89 128 168 174 159 150 130 102 80 68 51 26 16 20 20 23 23 18 16 20 25 15 16 17 23 20 30 35 31 23 21 25 22 28 24 28 22 15 9 10 13 15 15 8 23 8 15 15 27 30 37 41 43 
31 21 6 4 8 12 13 13 25 49 90 130 166 191 190 166 136 103 76 59 48 32 5 29 28 30 25 32 35 28 28 28 18 18 20 25 30 45 45 33 27 28 31 18 17 5 17 5 10 3 7 17 16 9 8 18 12 15 11 18 13 16 23 29 
21 23 17 17 21 20 16 15 47 83 138 181 199 198 179 138 98 67 43 40 41 30 26 32 26 31 25 41 42 33 34 30 14 6 18 31 35 52 47 15 11 19 33 27 23 9 20 23 19 10 11 23 27 20 19 21 19 20 15 21 25 21 18 23 
13 17 24 35 42 44 36 40 81 123 179 208 202 176 140 91 52 29 20 33 35 23 19 21 25 33 26 40 38 35 34 28 15 13 20 34 37 51 49 13 6 14 29 37 31 16 18 18 14 15 17 25 34 27 22 21 25 17 5 9 11 16 6 13 
25 27 33 28 26 23 26 62 111 150 193 204 183 152 118 78 43 21 15 30 27 16 10 18 26 35 27 38 37 34 31 26 18 20 23 36 38 48 50 17 12 21 36 48 40 25 21 17 19 26 23 31 40 32 28 25 34 15 4 14 16 23 16 14 
30 34 39 27 16 13 28 72 124 162 197 199 175 141 111 76 46 29 18 25 23 15 8 17 23 32 22 31 30 29 29 30 26 27 23 37 41 47 55 23 18 30 42 58 46 30 28 25 31 39 36 43 48 38 34 28 38 17 12 19 22 25 20 15 

22 21 31 21 33 34 22 12 12 12 10 14 19 34 41 32 36 33 34 33 17 21 19 24 12 18 8 32 21 20 27 21 30 27 15 7 18 23 20 26 19 21 14 12 14 18 19 16 14 20 39 33 55 32 12 11 17 28 24 17 14 26 44 55 
23 23 35 25 23 26 22 24 26 24 21 18 20 25 28 30 35 35 36 28 17 22 23 27 20 23 24 44 30 31 31 19 35 24 10 5 18 30 25 27 16 18 14 3 10 15 15 14 15 14 30 22 44 36 15 11 11 23 26 18 13 24 42 48 
21 25 37 30 16 22 21 25 26 23 21 17 3 11 18 26 30 31 28 19 15 26 32 35 36 41 43 44 25 26 21 13 37 23 6 3 21 31 23 18 9 18 8 11 15 15 12 9 13 9 21 12 31 38 27 28 27 24 33 23 19 22 33 35 
36 39 43 34 17 21 18 18 23 26 29 28 13 7 8 14 18 22 8 9 9 10 16 15 20 23 24 24 13 18 10 18 35 21 4 10 27 34 30 18 15 15 15 21 25 22 20 13 9 12 15 16 24 40 31 33 33 19 34 9 23 19 25 25 
37 49 51 41 24 23 28 26 28 32 34 28 25 17 6 13 15 22 10 15 14 12 13 15 19 12 21 19 15 19 19 23 31 18 19 39 53 58 52 38 34 27 25 30 35 34 26 14 3 13 20 26 9 30 22 26 38 21 42 15 29 16 19 20 
33 46 47 42 30 26 33 28 26 30 34 27 25 19 5 17 15 24 18 26 26 19 24 29 35 31 31 20 18 12 19 34 27 4 21 46 54 47 32 21 38 34 34 39 43 33 21 13 15 28 30 37 23 29 24 30 38 21 42 11 32 22 30 44 
43 52 45 35 25 22 36 31 31 34 35 28 23 18 5 21 16 28 36 44 42 24 11 11 22 13 9 25 30 28 37 41 13 10 25 52 42 18 12 19 40 32 37 39 36 24 13 6 15 23 20 24 19 25 26 31 32 31 39 10 50 55 70 87 
45 50 39 27 12 24 45 37 32 26 20 21 18 15 13 24 14 18 25 36 38 25 20 21 24 27 31 33 29 22 23 21 17 25 35 54 33 12 12 21 34 30 33 29 21 4 7 11 17 23 24 19 12 16 18 29 25 26 24 30 78 93 113 130 
45 41 27 13 12 37 45 29 6 9 9 24 21 17 12 24 16 18 20 27 31 19 12 9 17 27 26 22 15 13 15 22 23 27 29 37 20 8 9 21 27 19 24 39 36 29 23 20 21 16 16 12 13 16 14 22 20 21 27 67 118 139 158 171 
33 29 20 15 24 38 40 32 19 23 18 20 8 17 11 22 22 18 16 19 26 21 15 13 11 21 17 10 11 18 15 8 5 17 15 22 21 24 23 30 31 18 13 34 18 22 15 12 20 17 23 15 18 15 10 15 20 33 61 114 164 180 192 197 
8 13 10 9 26 34 33 30 15 24 21 19 9 18 12 15 21 16 18 14 16 20 17 14 7 15 24 11 12 18 20 14 16 26 24 14 7 12 8 23 18 13 15 30 27 36 26 18 7 18 32 28 30 27 18 14 28 59 101 157 195 200 205 203 
39 41 40 33 36 33 21 24 14 26 19 17 10 20 17 19 23 14 13 12 10 9 6 9 9 9 24 18 15 16 29 33 27 30 21 13 11 9 9 28 17 14 21 18 17 18 10 12 10 27 31 30 36 38 36 37 56 98 145 194 210 199 193 178 
52 58 62 55 45 28 7 19 19 21 13 16 17 23 9 10 16 12 10 4 10 3 7 9 4 6 20 15 11 16 30 25 11 17 14 17 19 17 24 36 28 29 34 27 26 16 17 19 16 33 22 15 18 17 40 78 105 148 187 213 204 176 152 124 
32 34 38 34 21 11 16 19 23 16 12 18 24 26 14 14 24 13 23 21 23 14 11 12 6 4 17 19 15 15 20 19 15 17 19 11 19 7 12 26 13 6 18 13 29 19 23 27 27 36 19 26 34 49 83 124 153 187 200 197 168 132 107 86 
10 10 18 23 18 22 27 9 14 11 11 15 20 23 14 18 33 13 18 23 29 20 12 15 8 13 9 10 10 10 13 13 6 11 21 18 27 22 19 19 7 20 33 37 42 30 28 29 33 34 23 36 46 76 113 154 184 201 189 166 128 93 74 63 
25 17 6 17 20 28 38 22 19 18 17 18 15 11 16 25 32 17 3 9 27 20 16 21 19 25 25 17 12 9 10 12 6 20 29 31 42 38 31 22 16 23 17 26 35 36 31 26 29 24 39 53 77 117 145 173 192 188 165 135 95 65 52 47 
38 38 21 11 15 21 40 31 21 22 20 17 17 10 17 27 31 21 6 11 27 25 19 21 20 15 8 6 16 11 10 16 19 32 27 24 33 13 17 7 5 26 12 23 34 30 27 21 25 34 58 80 116 158 179 191 195 171 136 98 60 42 40 42 
28 36 29 20 24 14 27 33 24 27 30 27 22 14 15 23 30 29 15 11 31 28 19 24 20 17 9 6 19 16 13 9 9 23 7 2 22 6 24 11 15 31 18 22 23 19 19 17 25 47 83 118 153 185 188 181 169 130 92 58 35 30 33 39 
36 39 31 18 25 23 18 34 30 28 35 33 24 17 15 19 27 34 34 30 39 30 20 26 23 13 6 14 24 29 20 10 12 22 17 15 23 11 22 2 11 32 19 30 31 27 24 17 36 67 116 160 188 200 177 144 118 80 49 30 24 22 23 31 
32 37 35 18 19 24 13 33 30 26 33 34 25 18 19 21 27 32 32 31 37 28 23 22 19 13 10 15 18 15 20 20 15 25 26 32 34 27 32 22 24 33 13 15 9 12 29 37 72 110 159 204 216 195 150 106 80 53 32 20 14 17 27 40 
38 37 32 13 14 27 27 38 37 28 30 31 23 18 17 18 22 29 28 29 36 32 32 25 14 16 20 21 18 21 32 34 27 31 26 32 35 29 30 23 26 27 11 20 9 16 23 58 114 154 198 234 223 175 123 83 59 33 13 3 14 28 30 30 
50 49 39 19 6 26 41 43 34 19 22 22 14 18 27 27 29 40 41 38 41 42 36 26 20 20 25 26 21 18 26 25 9 11 13 29 30 26 22 13 21 23 20 32 28 36 56 102 158 191 222 237 205 145 94 60 33 9 11 17 28 33 27 27 
37 37 32 19 20 17 26 22 15 14 21 16 21 16 18 22 26 42 46 38 38 44 34 19 15 23 33 31 26 15 20 21 14 12 11 26 31 30 21 15 19 11 8 17 29 58 104 156 196 216 223 202 154 98 50 27 15 19 22 24 32 33 26 28 
33 32 27 19 23 27 27 29 34 31 33 28 38 33 20 20 19 36 39 29 31 40 33 23 20 19 32 30 24 16 11 16 2 4 16 22 26 20 10 10 17 8 12 15 30 85 146 191 214 218 196 148 105 67 37 31 27 32 32 29 35 35 30 31 
30 31 30 27 29 33 29 27 27 26 30 24 38 38 25 18 14 32 35 24 24 32 30 26 27 26 34 33 25 8 3 13 10 18 26 35 32 25 26 28 28 22 27 38 66 131 189 213 213 197 155 105 72 50 34 35 36 41 37 33 32 31 37 40 
23 24 25 21 22 28 24 9 7 4 16 14 28 36 30 27 17 21 25 17 16 21 22 15 13 16 31 35 30 21 20 23 28 27 23 26 19 15 19 27 33 31 48 77 115 171 213 213 186 151 102 66 43 37 34 37 40 45 39 32 26 22 33 28 
21 12 16 17 19 16 22 10 5 5 13 23 14 19 18 24 27 21 18 6 15 16 15 11 10 21 35 39 33 22 23 20 14 11 14 19 16 19 18 25 39 54 86 122 155 195 217 195 151 109 56 44 23 24 30 35 43 43 40 23 19 16 26 20 
33 30 38 40 34 25 27 18 15 20 16 30 20 11 9 23 33 32 29 25 32 25 24 17 9 25 36 37 35 18 16 17 15 19 32 35 30 28 28 41 61 92 129 165 194 212 202 158 108 70 24 36 19 28 33 32 33 34 35 14 14 10 18 19 
30 27 38 35 23 21 28 29 32 36 27 26 18 7 10 22 31 29 23 16 24 10 27 25 15 25 31 29 31 16 9 15 22 21 26 15 14 19 42 72 99 135 170 195 204 191 155 104 63 45 21 17 17 26 35 39 32 34 33 19 4 8 11 9 
29 29 41 38 15 16 26 36 44 47 33 24 18 7 14 24 33 27 20 21 28 15 29 28 22 24 24 27 28 20 8 8 7 10 24 26 41 52 81 120 155 186 207 208 186 151 106 56 32 31 18 9 19 12 4 2 10 21 21 26 18 19 23 24 
14 24 39 41 13 15 26 45 54 57 45 26 21 18 21 27 38 36 23 21 21 8 30 33 33 26 19 24 27 26 21 19 21 19 21 33 57 79 120 166 195 212 216 199 160 125 81 38 19 20 10 9 23 8 13 18 23 18 3 19 19 18 24 26 
15 24 31 33 12 16 33 49 54 53 43 24 20 20 23 26 29 24 12 15 15 22 35 37 32 20 20 25 32 25 17 18 15 15 18 47 81 114 157 189 198 197 186 153 111 86 48 36 21 15 15 18 28 14 15 15 20 21 20 18 17 15 20 21 
20 24 16 22 20 24 38 42 46 42 32 22 17 16 17 20 21 15 9 15 21 26 34 38 29 7 14 23 36 28 10 21 29 38 55 89 123 157 189 202 193 174 147 99 57 42 11 35 17 5 7 13 25 23 22 17 19 20 17 7 10 15 22 25 
21 21 5 13 21 19 28 30 39 36 24 23 16 15 18 22 23 18 18 13 11 18 30 42 36 27 20 24 40 32 17 32 47 58 80 116 150 180 198 192 169 138 102 59 31 23 8 30 15 21 21 16 12 6 7 12 19 25 27 17 20 26 23 20 
18 19 13 8 15 12 24 29 31 33 21 24 17 18 20 22 24 13 14 13 14 19 27 40 42 38 30 31 42 30 20 33 51 71 106 148 178 194 187 160 126 93 64 37 25 21 14 27 12 14 15 13 12 14 21 23 27 31 28 14 11 17 3 5 
35 24 18 14 6 6 7 13 16 23 25 25 22 21 21 17 23 19 10 18 22 27 36 45 47 46 37 34 35 23 28 44 71 106 151 185 199 192 166 129 92 64 45 37 31 27 17 21 12 15 15 12 9 7 14 20 25 32 30 21 15 19 6 5 
23 12 7 13 20 21 14 9 11 3 3 8 14 15 28 18 13 21 12 23 29 28 33 39 43 48 48 49 43 34 50 76 112 154 195 213 205 173 136 95 60 40 32 39 44 45 38 29 22 21 21 20 17 13 15 17 21 31 34 30 27 22 9 7 
17 20 14 19 13 13 16 6 14 10 7 9 16 23 41 33 25 27 14 24 28 23 20 18 23 30 35 48 42 42 68 100 139 183 213 214 185 136 97 64 44 32 27 24 19 28 23 24 29 25 10 3 3 8 24 20 23 22 25 23 21 15 13 12 
26 21 9 13 17 18 17 21 28 25 8 10 17 29 48 28 24 27 14 20 24 17 15 10 12 18 22 35 20 35 83 119 161 200 209 191 149 99 65 45 36 31 28 26 14 15 14 20 28 29 9 9 9 16 32 23 30 26 24 22 20 21 21 21 
31 27 25 23 27 27 30 29 30 37 24 11 11 35 51 27 27 31 24 18 13 7 6 9 11 16 21 36 33 72 128 158 194 213 195 160 111 66 46 34 27 26 23 22 16 12 11 18 23 25 9 6 12 18 32 22 28 29 30 32 28 29 28 29 
30 30 34 34 33 24 19 15 21 36 39 27 18 33 48 28 36 36 35 26 9 12 11 16 11 12 41 64 83 133 181 196 207 197 154 109 63 26 19 19 25 24 21 20 18 15 12 20 16 17 15 6 15 21 33 30 31 36 35 37 35 33 34 34 
30 30 27 33 32 26 15 11 21 20 33 27 20 28 44 27 32 23 34 29 21 29 23 29 12 17 63 88 113 159 193 188 177 150 100 63 36 10 14 10 22 24 24 25 27 24 14 14 7 13 19 7 22 28 35 32 29 35 31 35 36 35 41 40 
26 26 26 34 27 25 6 14 27 15 36 36 24 19 32 32 39 31 44 38 30 30 18 32 32 56 99 123 144 179 196 175 146 109 63 37 25 22 30 25 26 27 27 22 19 18 15 15 15 19 29 18 33 36 34 37 27 35 38 37 39 37 41 38 
17 12 11 21 16 25 3 12 24 5 28 33 32 23 22 22 33 31 44 36 26 20 27 54 71 102 148 175 188 197 189 156 115 77 47 32 21 31 34 21 18 13 20 13 9 22 24 14 15 25 41 21 31 33 34 47 35 33 38 35 36 33 35 34 
22 24 19 9 14 25 19 20 24 14 16 15 27 23 21 22 28 42 47 35 23 7 36 72 100 135 178 192 184 168 143 105 65 37 26 19 15 36 34 20 15 6 19 16 9 24 29 12 8 19 39 13 33 32 32 40 18 28 34 32 31 25 26 29 
9 13 19 17 20 26 27 32 34 22 11 7 14 20 15 28 44 56 54 45 34 23 64 111 149 180 201 188 159 127 93 58 30 15 17 14 18 40 36 27 16 12 17 23 14 28 34 14 5 19 36 15 27 22 28 42 46 46 38 28 16 12 22 28 
22 22 25 23 21 20 18 21 34 31 22 21 4 20 21 22 27 35 28 20 44 64 117 168 196 210 207 172 132 95 63 40 26 24 30 22 15 32 30 27 14 14 15 32 34 43 36 16 3 22 33 18 17 17 29 40 47 37 20 10 5 10 15 20 
17 23 33 32 35 29 24 21 28 31 27 31 20 20 19 21 28 35 31 30 66 94 148 192 204 202 182 139 96 60 34 20 15 18 22 4 14 25 27 26 18 22 29 44 44 41 29 15 12 26 30 28 22 14 8 12 22 26 9 9 11 12 12 13 
12 26 36 36 40 34 36 32 33 36 33 39 38 36 32 26 20 15 17 43 93 128 170 198 190 165 132 88 52 29 14 11 10 16 24 17 21 20 24 21 16 22 31 40 36 34 26 10 16 30 31 29 31 22 13 18 21 33 24 9 6 8 12 13 
26 35 33 30 30 23 40 27 23 27 25 27 26 28 29 26 16 22 51 96 151 181 200 200 169 122 80 45 20 6 7 12 15 19 21 12 15 10 21 16 15 20 31 40 42 36 28 15 13 27 29 24 29 15 9 15 15 36 27 4 5 9 16 13 
30 31 23 30 29 22 42 19 7 15 18 16 6 5 13 20 33 62 100 152 200 218 212 185 139 78 33 25 23 24 27 24 16 25 24 22 23 12 11 16 23 24 30 41 42 33 24 19 14 23 25 17 25 21 19 21 20 30 20 10 9 10 15 9 
27 28 22 27 27 27 44 23 13 9 16 17 10 15 22 35 57 93 136 178 204 203 169 124 85 33 7 17 22 23 22 29 14 22 29 26 21 14 10 23 31 36 40 48 50 44 32 13 7 19 23 13 18 14 15 15 14 21 19 19 16 9 9 7 
23 26 17 20 18 25 43 16 7 13 17 21 16 25 32 54 87 129 170 201 203 178 127 76 50 15 24 9 11 14 8 29 17 15 24 33 18 18 9 20 36 50 54 61 56 42 38 17 12 14 5 9 17 14 15 14 14 16 20 23 28 28 31 32 
28 20 14 21 25 41 41 15 8 13 33 40 37 46 57 81 120 162 192 206 187 150 106 66 44 30 38 29 16 18 14 22 23 15 12 33 12 21 12 12 32 53 52 42 37 25 38 30 17 11 15 20 21 21 22 20 9 17 21 31 43 36 34 36 
13 3 15 19 30 39 14 11 8 18 42 38 36 63 88 121 163 193 199 182 145 107 74 44 34 33 39 38 19 17 20 16 23 12 10 26 13 17 13 8 22 50 47 27 22 17 34 36 24 16 18 18 22 27 21 19 7 17 23 32 35 18 5 4 
16 14 10 13 32 33 24 26 20 26 38 23 35 88 123 158 190 199 181 145 101 67 45 21 20 19 14 26 19 23 27 25 27 18 8 17 20 25 25 20 16 46 40 18 13 16 38 41 22 20 18 20 26 25 14 18 17 24 27 27 32 27 24 36 
15 15 9 11 27 27 27 23 23 23 35 34 70 128 158 174 185 176 148 108 72 50 38 26 21 21 11 14 15 20 21 18 12 15 21 20 18 21 19 20 20 44 43 28 18 18 39 33 26 33 31 31 24 18 8 12 13 21 24 21 27 31 37 48 
16 18 16 15 16 8 17 24 29 42 65 84 123 170 183 172 166 148 112 74 55 51 45 38 30 16 7 4 11 13 18 24 6 9 16 23 24 23 19 15 16 33 37 38 39 30 30 16 11 18 12 12 13 15 9 12 10 20 15 14 23 30 39 42 
20 17 16 14 5 10 26 38 48 76 110 138 173 201 195 171 150 119 84 53 44 43 33 27 19 6 10 14 13 12 16 28 21 21 25 27 31 32 31 22 20 27 24 16 24 20 26 18 12 10 5 12 17 15 11 14 8 18 14 26 28 30 31 27 
30 17 11 6 10 20 32 48 66 102 144 170 192 200 184 154 124 88 60 42 35 34 22 25 14 15 14 24 24 19 20 27 18 17 27 29 36 36 31 15 17 25 30 15 14 5 18 11 14 12 9 17 20 15 12 15 13 17 3 14 6 11 15 14 
20 18 14 13 21 27 41 65 99 143 187 203 198 178 145 103 74 49 29 35 35 33 28 19 9 20 14 32 23 11 16 23 10 12 32 35 38 37 33 6 12 20 28 24 23 7 18 25 24 19 15 15 19 13 8 11 15 21 14 22 27 27 28 31 
9 7 17 27 38 49 61 90 132 173 209 207 179 142 100 60 38 21 10 33 35 29 22 7 12 26 15 31 20 23 24 24 11 6 27 32 34 33 34 12 19 24 27 30 29 12 13 15 15 20 22 23 28 18 12 14 25 25 12 13 16 22 29 36 
17 15 26 25 25 40 68 112 160 188 202 183 141 104 74 50 34 20 8 31 28 27 19 10 19 30 20 32 24 24 22 25 18 8 21 24 27 30 34 12 22 28 31 37 32 18 17 21 24 32 35 39 40 31 27 29 40 29 18 17 4 17 24 28 
27 25 30 33 32 50 79 126 176 195 196 165 117 78 54 39 30 25 15 26 22 28 22 9 19 31 19 27 18 18 21 25 18 9 17 26 27 29 38 19 28 34 35 43 33 8 10 20 29 42 46 48 44 35 31 31 47 33 28 25 10 16 22 24 

38 39 42 27 36 31 22 18 7 8 7 7 17 30 40 26 25 17 37 33 12 17 20 28 11 21 29 50 44 40 26 11 30 21 9 14 33 39 31 26 14 22 22 18 23 23 17 10 17 15 29 18 45 20 16 17 25 33 23 17 24 38 55 60 
38 38 44 30 23 20 17 21 21 18 15 13 20 24 31 28 27 27 34 26 10 18 22 26 14 20 24 48 37 38 27 14 36 18 14 20 35 42 29 21 9 21 22 15 16 16 11 8 14 11 23 12 40 33 17 21 20 30 29 25 27 37 50 50 
23 26 36 26 9 15 18 24 24 18 15 5 15 20 28 31 29 34 36 28 22 27 33 35 27 30 35 44 27 32 18 12 38 13 12 24 39 41 24 15 8 21 15 20 22 20 9 4 14 12 18 14 35 43 25 28 21 22 40 33 27 31 36 37 
42 42 43 33 15 17 21 21 23 22 24 20 20 23 25 28 24 31 21 8 7 8 21 26 22 23 25 29 15 25 8 19 34 11 18 34 47 42 27 19 16 16 17 24 28 24 16 12 14 21 21 22 36 54 36 36 29 21 47 18 23 24 27 31 
40 50 54 48 35 29 34 27 23 23 22 10 12 13 19 22 18 30 18 8 6 7 17 23 24 19 28 29 24 33 29 30 33 21 37 53 58 52 39 29 29 21 13 7 13 20 17 12 8 10 11 20 13 47 29 27 31 16 54 21 39 38 47 57 
42 49 50 48 41 37 40 30 24 28 27 20 18 4 10 16 14 29 15 13 12 17 26 34 36 33 42 30 29 31 31 39 29 15 33 48 46 30 11 7 28 22 15 10 27 17 8 6 10 23 23 30 19 41 21 18 25 15 47 7 51 54 75 94 
52 59 54 47 43 40 44 31 27 30 30 26 22 13 12 16 13 27 27 28 21 13 15 24 26 20 19 25 39 41 48 50 21 19 29 47 28 5 18 20 29 14 18 11 26 11 12 9 10 16 13 15 14 32 12 12 15 27 37 27 84 93 114 133 
45 52 45 40 35 37 50 33 24 21 20 22 19 13 14 18 11 17 21 26 22 16 17 17 14 12 27 38 43 39 39 32 22 27 30 44 23 22 27 27 25 12 13 23 34 26 24 15 14 14 12 6 13 25 7 14 12 19 26 66 127 140 157 170 
50 48 37 29 23 36 48 26 7 10 20 30 24 19 12 18 12 12 8 14 15 7 10 11 12 18 27 33 33 28 23 25 22 24 22 33 26 33 37 41 41 35 38 51 49 34 22 11 16 12 10 2 15 22 12 11 11 23 55 114 171 180 190 197 
35 35 27 22 24 37 43 28 19 25 30 31 18 20 4 15 17 11 5 11 15 12 9 12 7 14 14 26 29 34 31 21 11 14 14 25 30 38 40 48 46 36 35 46 31 23 12 4 18 13 22 16 22 21 9 12 30 59 102 161 204 200 198 193 
25 25 16 16 24 35 39 25 11 24 24 24 18 23 9 8 15 13 15 9 9 14 14 17 11 15 24 22 21 26 24 18 19 25 23 20 23 25 27 37 30 27 28 38 27 33 22 15 11 13 27 21 29 28 20 30 57 101 149 200 222 202 190 177 
47 47 41 29 26 32 30 23 10 24 18 18 21 28 15 10 9 16 21 15 5 7 7 14 14 20 29 19 12 9 28 38 32 32 25 22 21 19 17 30 16 10 18 23 25 29 17 16 15 25 29 19 29 36 44 63 100 150 188 221 219 185 164 144 
52 60 62 51 39 29 15 22 17 19 15 13 24 30 10 10 10 24 30 26 17 14 12 16 15 17 24 16 12 15 28 28 14 18 13 14 17 8 15 33 21 20 23 12 18 19 20 27 27 36 31 17 25 45 80 123 161 198 213 216 190 145 116 91 
31 32 38 38 24 9 13 29 29 22 15 12 20 33 15 12 21 29 41 34 25 10 11 18 18 17 19 19 16 17 15 21 21 21 24 15 21 10 12 27 12 18 27 25 36 27 29 33 36 41 27 30 51 89 137 178 204 216 201 179 143 102 81 67 
3 4 21 33 21 12 16 28 33 27 19 16 5 26 20 24 30 16 30 34 33 18 14 19 18 20 11 7 9 9 8 13 14 11 19 18 26 21 20 19 12 28 39 45 49 33 26 25 33 34 24 45 72 121 165 196 209 200 166 136 103 69 56 51 
29 25 26 39 33 25 21 17 26 25 20 18 10 19 29 29 28 13 10 21 32 22 21 22 19 21 17 10 8 6 5 8 8 10 21 25 33 33 31 25 23 29 17 26 34 34 26 19 28 19 42 72 114 161 185 197 193 163 125 98 69 44 36 32 
37 42 33 40 42 35 31 16 19 21 17 14 13 18 31 29 25 15 9 23 34 28 23 19 16 12 6 6 12 6 6 15 20 28 29 26 29 21 12 3 11 27 12 24 36 28 21 9 22 43 81 119 163 197 202 196 176 129 91 65 40 22 21 26 
34 47 42 38 43 38 27 17 15 23 19 20 16 19 30 27 26 24 5 15 33 29 19 18 16 15 9 5 15 10 5 5 8 16 1 6 17 14 17 11 15 27 13 8 21 11 13 15 34 68 116 160 192 203 186 163 134 86 57 41 25 10 9 15 
28 39 40 32 39 41 26 27 19 16 9 13 10 18 27 27 30 35 33 22 31 24 10 17 22 15 12 12 15 22 17 13 17 23 19 20 15 13 15 7 14 29 17 23 26 20 21 29 60 100 151 190 204 192 150 112 88 49 33 31 20 6 8 17 
15 31 41 29 32 39 22 31 22 12 9 13 8 13 21 23 26 28 26 22 27 18 3 9 23 18 14 11 1 13 27 25 19 25 24 34 29 19 24 21 24 30 9 11 12 9 26 61 114 157 195 219 209 166 111 74 62 36 28 27 13 11 18 30 
19 25 38 28 25 33 22 37 34 21 14 13 11 15 17 17 21 27 28 22 27 18 18 14 21 23 22 16 10 25 33 32 22 24 17 30 30 18 28 24 25 25 12 21 16 27 44 101 165 197 219 227 190 130 82 57 51 31 19 16 4 21 17 19 
34 39 41 28 12 21 33 41 35 14 13 8 6 14 27 29 33 42 38 27 29 22 18 18 22 19 22 16 10 23 25 24 8 13 11 28 27 17 25 17 24 27 24 37 42 66 97 150 195 207 212 198 145 88 54 40 36 16 5 12 19 31 22 23 
28 35 36 27 13 13 19 16 19 13 25 21 25 18 19 25 31 47 48 36 30 28 12 9 19 25 29 21 16 19 21 20 12 11 1 27 25 23 24 19 26 22 16 25 49 97 149 192 210 206 189 146 90 43 12 11 21 5 13 27 37 41 32 32 
31 33 33 28 16 24 18 19 29 29 39 34 43 37 24 21 15 38 37 18 19 30 14 11 12 21 32 24 24 20 14 14 3 7 10 21 12 13 15 17 24 19 20 32 66 134 186 207 203 185 147 92 54 25 13 14 25 15 25 39 48 49 42 42 
33 38 40 36 28 33 27 24 22 22 34 24 42 40 21 10 2 36 34 11 10 24 16 25 25 27 34 24 30 19 6 9 13 19 24 31 21 15 16 21 22 15 38 72 119 182 215 208 179 145 99 58 38 23 17 20 24 26 31 45 48 46 44 42 
43 46 45 37 30 36 32 26 23 18 26 14 31 40 26 20 16 32 42 30 24 24 17 20 9 19 28 22 32 28 18 20 26 21 17 21 16 13 10 21 30 39 80 128 169 208 220 187 134 92 49 33 24 22 21 22 22 33 33 44 44 36 36 30 
23 24 30 21 21 29 34 30 28 21 25 27 13 24 16 27 27 24 29 21 25 21 13 16 11 21 27 18 24 23 21 17 10 5 16 17 21 19 19 41 66 90 134 175 196 207 201 154 93 59 19 37 23 27 24 24 28 34 37 35 36 31 35 30 
12 16 33 30 27 28 36 34 33 25 22 37 23 17 10 27 26 29 33 31 38 30 27 25 21 26 30 21 27 21 19 17 15 21 39 35 37 33 39 72 104 137 174 204 209 193 165 113 57 33 6 36 23 32 31 29 25 31 35 24 28 28 34 36 
8 12 33 31 16 18 33 32 34 26 18 32 17 9 6 24 20 21 24 24 32 26 36 33 22 24 24 17 27 26 21 21 23 21 31 10 34 43 72 119 153 175 194 205 185 144 109 64 26 28 22 21 23 29 31 32 22 31 30 13 14 24 33 39 
20 23 41 43 21 13 26 22 27 19 2 27 18 10 5 23 19 15 21 29 32 20 32 29 19 18 11 17 20 15 6 7 8 13 32 35 64 85 123 173 202 207 202 189 147 99 68 31 22 27 21 17 25 22 18 13 12 23 23 22 11 4 6 7 
22 30 42 48 29 12 15 23 30 24 18 17 10 12 5 20 22 25 25 32 31 11 26 26 26 21 10 19 22 23 19 18 21 19 28 50 88 119 161 204 217 205 187 162 117 83 56 24 17 15 13 17 28 21 23 21 20 18 12 22 17 15 15 13 
27 32 34 42 26 3 16 26 29 26 25 18 7 7 8 16 23 23 22 30 24 10 26 31 33 22 19 23 27 22 13 15 19 21 39 78 119 155 186 203 193 164 136 107 68 49 27 24 21 15 19 23 32 23 24 21 18 17 15 19 15 14 14 7 
30 31 21 28 27 16 24 21 11 10 21 24 15 8 2 13 21 19 19 26 23 13 23 37 40 29 22 22 31 27 9 23 40 58 88 127 164 193 204 197 168 127 95 62 29 18 9 34 21 9 12 19 30 28 27 20 16 12 5 14 12 14 19 20 
36 33 17 10 26 17 21 13 5 20 18 26 17 6 6 12 22 21 23 21 12 3 15 36 41 36 27 23 35 30 20 36 57 81 120 159 186 200 195 171 134 96 69 41 19 13 14 29 14 15 15 14 14 10 9 6 9 11 15 23 27 34 37 35 
26 22 15 12 21 11 17 15 11 24 19 26 20 11 10 12 27 25 26 24 17 14 18 34 39 36 31 30 39 29 27 47 67 99 149 185 195 190 170 131 88 59 43 24 15 16 20 27 11 9 9 10 12 12 17 18 20 17 10 8 2 9 1 7 
37 23 18 16 13 10 4 8 18 25 27 30 28 15 9 12 23 23 11 14 19 25 30 38 42 38 30 23 27 18 37 70 99 139 184 203 192 167 140 101 60 40 36 31 31 29 25 23 4 7 11 13 14 10 7 7 14 17 12 13 7 10 7 9 
32 20 15 21 25 25 19 19 28 30 29 30 31 12 15 8 15 29 18 25 28 25 21 23 26 30 33 36 37 36 69 108 139 173 204 205 176 136 108 76 46 32 35 39 42 45 38 24 13 17 21 24 19 14 8 8 18 21 24 29 28 21 15 10 
27 27 21 28 21 8 14 23 34 37 30 26 30 4 27 18 18 36 27 34 36 26 19 15 14 12 18 40 45 55 96 134 159 183 198 183 141 98 74 54 41 35 36 37 27 27 21 16 21 23 9 2 4 6 16 15 26 24 23 27 29 21 16 16 
39 37 26 22 15 11 25 38 44 47 33 27 30 9 40 23 22 33 21 34 35 27 22 12 11 9 18 35 35 66 125 159 182 193 179 144 99 60 40 33 30 32 35 38 35 31 28 25 20 25 9 6 6 10 25 25 35 32 27 27 27 27 24 25 
41 35 24 19 24 30 39 41 42 51 43 28 20 17 45 28 26 30 16 30 31 24 17 6 9 5 26 50 67 114 168 185 194 185 146 105 67 37 26 21 20 26 26 30 32 30 29 27 19 22 10 6 11 15 31 33 41 41 38 37 36 37 36 37 
33 28 22 22 26 27 31 32 33 41 47 33 22 22 45 35 39 33 23 27 23 26 24 22 10 14 58 95 126 169 199 192 178 149 99 61 31 9 9 13 18 22 20 22 26 25 23 23 13 17 16 8 5 19 37 42 50 54 51 49 49 49 48 46 
20 21 12 22 30 34 33 29 30 24 42 36 25 21 43 36 37 13 24 27 26 36 29 30 16 42 93 126 151 180 192 169 138 102 55 30 29 20 12 10 12 15 15 16 24 26 21 17 5 13 20 10 8 26 42 47 54 63 60 56 56 54 52 45 
13 18 19 27 27 30 21 20 26 12 40 42 29 20 30 32 40 25 38 29 19 23 20 49 63 94 137 159 169 179 177 142 100 62 24 9 19 19 19 22 19 21 23 17 21 21 16 13 8 14 29 24 27 32 42 51 57 67 66 57 55 51 45 37 
10 19 21 19 15 28 18 16 25 10 29 37 36 24 21 17 25 15 27 12 7 23 48 85 110 146 190 206 200 183 157 114 67 35 20 20 20 31 31 29 23 18 22 11 12 23 24 15 15 22 39 21 22 32 44 61 65 69 66 51 48 46 40 33 
32 34 34 26 21 30 29 28 32 28 24 17 29 21 16 9 14 29 31 18 16 20 59 108 142 178 209 204 177 143 108 71 33 14 16 12 13 30 28 27 24 18 18 13 10 23 29 11 9 19 42 31 41 43 47 58 54 56 54 40 36 34 30 27 
9 15 23 25 24 24 22 26 31 27 22 18 22 23 12 22 35 44 42 34 38 52 101 157 190 208 208 175 132 94 62 37 12 6 16 6 12 29 29 32 27 27 18 22 19 27 33 15 11 17 36 20 22 12 19 40 46 44 38 24 18 24 31 31 
22 22 29 32 30 22 15 18 30 30 25 25 21 28 17 13 19 17 7 30 73 109 164 208 219 214 190 144 98 63 37 21 12 16 29 23 19 24 25 34 27 31 10 10 18 34 33 17 15 16 31 17 10 16 24 35 43 34 20 13 9 15 25 29 
15 22 33 37 36 24 16 23 33 41 39 40 30 27 14 13 24 26 41 67 110 145 191 214 204 184 150 104 68 39 20 15 13 15 25 3 13 15 20 31 29 35 27 28 32 33 25 13 20 17 31 29 21 14 4 7 15 23 14 16 16 15 19 26 
10 25 37 40 40 30 22 20 17 29 32 41 37 33 26 17 10 26 61 99 144 174 201 203 175 135 93 49 24 12 14 19 18 16 28 21 24 20 22 24 22 27 23 20 13 14 18 11 23 22 21 17 24 23 12 14 19 29 25 18 16 14 13 21 
18 28 30 31 29 24 36 29 8 12 7 18 15 18 19 25 32 63 107 152 193 209 208 184 139 85 49 30 19 21 23 25 23 17 21 15 15 9 19 12 12 14 12 6 9 12 16 3 19 26 22 19 28 24 9 12 14 29 29 21 19 17 18 20 
15 15 9 21 21 16 36 30 17 16 13 19 14 14 24 46 75 116 161 202 225 219 193 148 99 44 15 28 23 22 19 19 15 19 18 20 19 12 14 4 4 4 3 5 13 15 13 5 16 27 22 16 26 23 7 12 16 29 23 18 16 12 15 16 
15 13 9 20 19 20 37 29 20 20 21 28 25 27 45 75 112 156 193 216 212 183 136 88 57 14 10 20 17 12 7 21 7 22 16 26 16 10 13 6 10 20 27 28 28 29 24 8 15 27 20 11 20 19 7 10 9 21 16 10 11 12 15 20 
17 17 7 15 12 18 36 26 27 31 29 35 33 39 63 102 148 188 208 211 184 140 87 50 32 7 19 12 22 16 15 31 19 29 5 29 14 15 18 7 18 32 39 47 44 38 37 14 10 18 17 24 19 12 4 3 6 21 15 4 14 26 33 39 
31 15 9 21 24 36 37 23 27 36 41 47 48 66 99 140 181 207 207 189 146 100 62 41 31 24 34 20 25 17 20 32 27 29 9 29 8 19 20 16 21 34 27 13 14 24 35 20 20 17 24 27 22 16 16 12 13 26 16 17 27 36 48 56 
27 16 16 19 27 32 18 14 19 21 33 40 57 99 144 181 213 220 195 153 103 66 40 27 29 32 43 38 27 20 24 26 27 24 15 23 12 14 16 17 24 36 25 6 16 25 33 24 20 21 24 26 22 15 13 14 21 29 16 20 25 37 52 59 
19 23 17 17 30 25 20 18 11 21 39 47 80 135 173 197 213 202 162 113 70 44 25 13 19 10 14 19 15 17 22 19 23 19 19 13 22 23 27 26 30 43 28 11 18 27 37 30 13 24 25 29 26 13 10 15 25 35 30 27 33 44 56 65 
23 26 14 10 25 25 33 33 31 43 66 85 125 172 189 188 184 163 123 81 51 35 21 9 14 17 8 12 9 10 12 11 21 29 32 21 14 9 7 15 25 47 42 32 28 20 36 29 16 23 19 22 15 6 9 7 11 24 27 30 40 46 54 60 
19 23 15 12 13 9 24 27 38 69 102 128 169 201 195 168 152 129 92 55 38 35 31 27 19 13 8 15 20 18 20 28 15 19 21 17 15 6 6 15 18 36 35 36 40 27 30 20 5 7 9 15 16 9 7 7 6 17 14 12 24 29 34 36 
19 22 16 10 6 17 32 35 56 105 142 167 199 210 183 146 124 98 69 41 30 27 21 20 9 3 2 9 16 15 20 37 30 27 30 25 28 28 29 25 23 31 22 8 18 15 23 19 14 16 25 24 25 14 7 6 5 18 12 18 14 12 18 18 
31 20 14 6 15 32 45 57 90 144 174 183 196 183 141 105 84 63 48 33 23 15 17 25 16 11 8 17 20 16 19 33 27 24 39 36 34 24 15 8 21 31 28 12 15 9 19 17 19 18 29 35 34 22 18 17 14 21 15 20 15 18 25 31 
18 12 9 5 22 39 56 83 126 176 197 188 174 141 90 53 39 29 29 34 27 24 30 28 22 17 8 25 23 7 8 28 23 25 45 39 35 24 22 22 32 32 28 19 20 8 12 20 23 21 26 28 29 14 9 7 10 24 16 20 28 31 34 42 
29 21 19 20 34 59 81 110 151 189 196 170 138 98 51 24 20 12 17 30 27 24 28 30 27 24 11 27 19 11 11 20 21 26 45 42 36 20 15 22 34 33 27 23 22 9 7 9 8 11 15 19 28 10 7 9 20 26 14 15 27 30 36 43 
36 30 33 31 27 60 97 138 179 199 180 135 94 59 30 27 21 15 9 24 16 22 31 37 33 31 24 34 28 19 19 15 18 22 42 44 37 24 15 22 35 32 26 26 21 17 19 21 22 23 23 29 33 21 24 27 38 29 18 19 21 24 27 30 
45 36 34 36 37 74 112 154 196 203 168 112 65 29 20 32 22 24 13 21 9 23 36 41 36 37 28 32 27 21 27 22 18 15 38 45 38 26 18 24 36 31 23 26 18 16 20 19 22 25 23 24 24 13 14 17 42 30 25 26 17 26 27 29 

47 45 36 20 31 30 26 25 12 18 18 15 22 23 38 6 16 24 43 35 16 21 26 33 29 31 28 44 36 45 44 36 46 29 20 29 34 36 22 10 15 25 24 9 8 16 23 21 22 19 31 16 33 19 20 22 30 32 20 20 14 6 27 28 
51 48 44 34 25 23 22 22 18 21 20 21 24 16 27 8 20 28 36 29 15 20 22 25 21 25 20 39 23 32 28 24 45 21 25 29 35 37 18 6 14 27 23 9 5 15 26 27 27 25 31 22 30 28 11 20 24 33 32 25 13 12 30 37 
34 32 29 23 8 15 17 18 20 18 16 12 19 12 20 14 24 34 39 36 30 32 33 32 16 17 22 38 16 23 15 20 42 15 24 28 35 30 13 3 12 22 15 24 23 19 22 27 31 30 30 27 31 39 8 15 14 30 45 33 12 6 24 42 
53 51 42 34 15 11 14 8 12 15 18 15 22 19 17 11 16 33 31 23 20 21 26 31 14 11 22 32 14 20 6 22 36 21 29 35 40 28 15 14 19 24 24 34 36 22 13 23 30 32 30 32 36 51 21 19 10 28 54 19 22 31 46 64 
40 49 49 46 31 17 21 13 9 14 11 7 15 19 20 13 14 30 31 22 19 18 23 26 13 10 30 36 26 31 25 27 34 27 39 45 41 27 18 16 19 22 19 19 26 23 15 18 21 20 23 31 27 49 21 18 19 22 56 25 58 69 89 107 
38 40 37 33 23 8 19 5 0 16 8 12 11 11 20 11 15 29 28 20 14 17 24 30 24 31 50 41 29 30 28 31 24 15 29 31 21 11 23 24 22 20 24 20 37 28 13 12 15 17 17 26 20 40 15 17 26 27 43 17 77 87 113 135 
52 56 50 39 28 18 26 11 14 21 14 18 13 13 19 9 12 24 29 24 17 10 13 22 23 30 33 14 17 22 39 43 16 15 23 35 28 35 41 34 19 9 28 23 43 29 17 19 15 11 11 13 5 29 16 22 25 25 19 48 117 129 149 165 
36 42 37 31 25 25 39 14 13 16 7 16 6 10 20 11 6 13 26 31 26 20 17 11 6 12 23 23 27 23 35 28 12 15 19 37 37 45 44 36 21 8 21 34 49 33 21 17 17 9 8 5 6 25 24 24 18 6 34 101 169 177 189 196 
52 49 40 33 22 31 41 19 14 16 27 36 25 12 14 12 4 7 16 21 17 9 8 9 12 15 23 23 23 17 21 21 14 16 24 38 44 53 52 48 42 37 39 48 48 24 9 9 20 12 12 8 14 27 30 16 15 43 90 157 210 207 206 205 
31 31 27 23 23 34 37 24 22 28 42 43 33 22 11 10 12 14 16 21 17 10 2 7 8 9 11 31 36 40 42 34 25 23 27 36 42 48 46 45 36 23 21 34 24 15 11 11 17 8 24 19 21 27 30 31 57 99 149 201 229 209 192 176 
17 16 11 15 21 33 32 14 16 30 34 28 29 24 12 13 15 22 23 23 20 19 18 20 16 19 30 33 29 30 24 18 25 28 32 30 32 33 33 35 26 24 19 26 11 24 19 15 9 10 25 16 23 31 40 55 94 147 192 226 231 196 171 147 
37 39 34 23 24 33 26 12 15 33 31 21 31 30 18 15 9 27 25 24 21 22 21 22 22 22 24 14 5 8 23 39 39 38 38 35 33 28 25 29 14 11 20 28 32 40 32 23 12 17 21 5 20 41 65 96 141 189 213 227 211 165 136 111 
42 51 53 40 29 29 15 9 9 29 33 21 30 33 19 16 9 27 23 20 21 23 22 23 21 17 17 13 15 20 21 29 21 17 15 16 27 11 6 29 12 12 16 13 33 34 23 19 22 28 18 15 42 79 123 165 201 224 216 202 166 117 88 64 
34 34 42 40 22 18 13 17 11 21 28 24 13 32 17 15 23 38 47 32 21 15 20 25 23 20 13 15 22 22 12 16 24 24 28 19 27 10 7 28 6 16 20 20 35 20 11 8 28 35 13 40 80 135 184 215 226 218 181 150 117 79 60 46 
15 12 24 31 10 15 18 25 21 20 18 28 14 30 28 27 30 26 40 38 31 21 23 26 21 22 12 10 15 14 12 8 12 10 19 19 27 19 18 19 9 24 28 37 41 23 10 10 33 28 23 60 108 169 201 213 209 181 133 105 83 54 43 39 
34 24 23 30 12 15 17 27 26 23 21 29 22 28 33 23 22 14 18 26 30 22 23 20 15 17 17 11 10 9 6 1 6 8 16 20 24 22 26 26 25 28 11 19 19 26 22 13 25 14 57 100 153 199 207 198 177 133 89 72 57 34 29 24 
44 37 25 24 13 14 19 30 30 29 27 30 27 28 36 22 15 10 17 27 30 22 15 7 7 7 12 10 12 4 9 15 22 30 33 30 22 16 6 9 19 28 26 36 37 33 24 4 23 57 111 158 198 217 205 182 149 97 60 48 36 22 26 27 
61 54 38 23 17 17 12 25 35 40 39 40 35 32 39 25 17 21 23 32 37 26 12 9 10 7 10 12 20 13 4 9 11 14 10 16 18 10 4 14 19 25 20 15 21 20 12 25 50 93 149 185 199 191 161 131 102 59 33 30 22 14 21 24 
63 49 35 19 16 26 9 24 33 35 26 25 22 24 32 33 32 41 45 31 30 23 13 22 24 7 9 20 23 22 15 14 26 28 26 22 3 15 3 10 20 28 27 25 23 23 27 54 88 132 176 192 182 150 105 77 63 28 16 27 21 18 24 30 
59 42 33 13 9 26 6 22 27 26 13 9 15 18 17 22 22 31 40 33 16 17 18 22 28 13 11 16 16 15 23 21 23 30 30 36 29 27 21 21 25 32 27 21 19 16 45 97 149 186 204 200 166 113 66 46 46 22 18 29 19 25 25 32 
50 32 27 17 10 23 11 30 38 30 16 11 19 21 18 16 11 25 43 33 15 13 17 17 21 15 23 18 22 25 27 28 21 24 17 24 26 26 24 20 22 30 25 18 21 50 90 149 193 205 199 177 125 74 50 42 44 28 21 25 13 27 17 19 
34 27 25 25 13 13 27 41 43 28 15 9 18 25 31 29 20 24 33 12 13 12 16 21 16 8 24 15 22 21 18 24 15 17 11 23 24 25 24 8 19 33 31 42 66 107 147 188 201 185 161 122 66 37 31 29 38 26 23 27 16 29 13 10 
26 25 20 24 15 20 23 22 26 10 25 22 23 26 33 32 28 37 38 21 14 13 10 24 22 20 30 16 24 21 19 24 17 11 8 27 27 32 28 13 18 28 26 43 85 144 188 209 197 168 129 74 36 29 22 15 32 19 24 33 30 36 24 23 
30 24 15 18 13 27 19 14 22 22 42 37 40 41 41 36 24 37 31 10 16 21 14 26 24 27 35 18 27 23 19 21 14 7 10 23 18 27 21 10 15 26 44 73 122 184 212 206 176 140 93 44 24 19 17 18 36 19 29 40 39 42 32 33 
19 20 21 19 15 28 18 7 11 15 41 27 37 42 39 37 29 41 33 17 16 25 25 38 37 37 39 24 35 30 21 20 21 21 27 34 28 27 21 17 25 45 85 130 176 216 217 186 139 97 57 28 19 16 20 28 31 23 32 44 41 39 34 33 
37 37 34 23 15 28 22 4 10 16 38 27 27 42 37 40 34 39 47 36 27 28 27 35 29 31 31 22 34 35 29 29 30 21 16 21 29 30 26 36 60 86 136 181 205 213 195 144 85 52 25 17 9 12 21 24 23 28 30 44 41 34 31 23 
33 27 26 12 13 27 26 13 14 16 33 36 12 27 28 39 33 21 26 20 25 27 30 32 28 26 22 15 21 22 22 21 15 11 14 19 37 35 38 70 108 139 181 209 205 186 157 102 50 35 14 24 17 20 19 18 21 29 27 32 27 20 24 16 
21 18 30 25 21 25 27 15 12 9 23 38 22 21 23 34 24 16 18 16 25 26 33 36 34 25 16 16 20 12 7 12 10 17 39 38 51 46 56 103 141 169 197 211 191 150 115 69 26 21 4 25 25 27 24 20 9 26 25 18 24 23 27 27 
25 24 35 31 12 17 27 11 13 9 18 33 21 18 21 30 16 7 15 16 26 31 41 40 31 21 13 21 28 21 18 22 22 21 30 29 59 69 103 154 181 185 189 184 144 93 67 39 14 25 21 18 23 21 19 15 9 29 25 14 24 37 48 57 
32 28 39 40 23 22 27 9 10 6 15 26 25 20 20 32 15 8 19 30 31 32 40 39 27 11 9 27 26 15 5 6 11 17 33 57 92 116 153 193 203 185 167 147 100 57 44 21 16 21 21 18 23 14 7 11 18 27 27 22 10 8 13 18 
32 32 36 46 37 23 15 9 15 17 20 13 16 24 16 32 15 20 25 36 38 29 33 28 17 7 16 27 23 18 16 17 26 29 42 79 118 146 173 195 187 155 131 113 77 55 43 21 20 22 22 24 30 15 13 17 19 23 24 25 20 20 22 24 
38 41 34 45 37 7 14 22 29 32 28 21 14 19 16 26 20 30 36 44 39 18 22 24 25 22 24 23 20 12 9 12 30 43 72 118 155 177 183 177 153 107 80 69 44 33 23 18 28 34 36 37 39 24 21 19 15 23 27 26 25 31 32 29 
34 39 23 33 36 9 19 17 13 19 17 19 16 18 17 20 21 33 40 45 38 15 8 25 37 37 30 18 18 21 18 31 54 84 125 167 193 201 189 163 126 81 56 44 25 17 10 31 37 44 44 42 44 35 31 24 16 22 25 22 21 29 32 34 
45 46 26 18 34 11 20 12 7 24 13 16 14 13 20 19 22 34 43 42 30 11 7 24 38 42 36 21 20 24 32 54 77 113 159 190 199 189 164 127 92 64 52 38 23 16 18 32 30 36 33 27 27 20 14 9 9 19 28 32 36 47 55 55 
42 37 23 19 26 11 19 9 8 22 13 16 20 17 17 13 28 39 46 46 33 24 27 33 39 42 39 28 29 28 44 77 98 136 181 197 186 162 131 88 54 40 35 21 14 12 20 26 17 23 22 15 14 7 12 19 23 26 29 24 16 20 23 20 
48 33 20 14 8 12 11 7 12 13 14 18 26 22 7 10 25 34 37 37 30 31 33 35 39 41 36 23 23 23 63 112 139 173 203 199 165 130 106 68 36 26 27 23 28 30 28 22 7 12 15 12 11 9 16 20 21 20 23 18 9 9 11 10 
39 20 8 14 20 25 20 20 18 15 15 17 29 25 3 12 20 37 37 30 24 22 17 17 23 32 37 40 49 60 106 152 170 188 201 183 138 101 85 54 35 25 26 32 32 37 32 20 13 12 15 19 18 18 20 18 22 17 24 31 36 32 27 24 
19 16 8 21 20 11 7 17 17 20 16 17 33 25 13 18 24 45 40 21 13 8 13 14 16 24 29 49 68 90 137 171 177 178 173 144 97 66 56 36 30 27 27 32 21 8 2 3 14 22 9 10 13 14 17 11 24 17 17 23 28 28 27 30 
31 33 25 24 24 18 21 30 25 28 18 26 39 21 26 25 31 44 31 11 10 15 23 16 15 26 32 53 73 111 163 186 186 172 139 97 55 28 22 24 18 22 22 25 23 15 14 14 9 20 9 10 11 8 10 6 25 19 9 7 14 24 26 30 
36 34 26 27 32 31 31 27 17 27 33 32 29 12 34 34 39 43 20 8 11 19 23 12 10 28 49 81 113 153 190 190 175 147 101 64 39 24 12 12 5 16 15 15 15 15 16 16 12 14 6 10 15 12 13 9 25 24 16 13 18 26 29 32 
42 39 29 27 27 18 18 21 24 28 45 39 28 16 37 44 54 47 22 11 16 33 34 24 21 48 91 133 165 189 196 171 139 102 54 26 17 9 12 12 6 15 9 6 15 20 22 22 16 14 10 10 10 4 15 15 30 33 26 21 24 24 26 24 
34 30 9 11 20 20 23 25 33 32 48 43 28 16 37 46 54 34 29 35 38 46 32 30 46 83 130 161 176 184 177 141 98 61 21 24 36 27 17 19 19 18 10 6 19 25 26 21 16 11 13 13 5 11 20 21 33 40 30 22 26 20 18 15 
24 23 19 21 22 22 14 23 37 38 50 43 30 22 28 34 47 35 43 34 20 21 22 71 103 139 176 189 183 171 152 108 60 29 7 15 21 22 8 17 21 23 21 16 21 18 21 18 16 8 24 30 24 19 20 23 27 38 33 28 33 26 13 8 
25 28 31 27 27 33 26 30 43 45 45 39 37 26 25 23 29 23 30 15 17 36 73 129 162 194 226 225 201 168 129 81 35 15 15 22 20 31 22 24 24 27 29 20 18 14 22 19 22 21 34 28 10 14 17 30 33 34 30 20 26 26 19 11 
31 31 33 28 27 34 32 31 43 47 39 29 28 18 18 10 13 26 29 14 28 41 94 159 188 210 224 200 160 123 85 47 15 8 17 12 10 27 14 20 14 19 19 15 11 15 26 16 18 22 41 43 43 44 40 40 34 30 28 18 22 24 23 17 
16 9 4 6 9 14 12 15 30 38 36 33 28 18 10 15 26 35 33 26 56 83 144 202 212 207 189 144 98 70 45 22 8 7 18 7 8 23 9 16 6 24 19 24 19 23 30 18 15 8 27 22 18 15 8 14 21 16 18 12 16 24 33 30 
28 22 12 7 4 11 13 12 23 33 35 39 34 23 5 8 21 22 28 62 112 151 204 235 216 188 152 101 62 40 23 3 7 17 32 27 27 25 9 15 11 25 11 5 10 29 29 20 19 8 22 15 4 15 19 22 28 24 15 12 12 14 27 32 
21 17 15 17 14 6 12 22 28 35 38 44 40 28 13 9 27 42 72 112 156 185 217 219 182 145 107 66 43 24 18 11 15 21 29 7 13 17 12 20 17 30 26 29 30 35 30 27 27 19 29 29 22 9 4 12 17 22 11 17 23 27 32 40 
27 28 32 37 36 28 17 21 11 18 21 33 35 29 24 20 25 61 106 148 184 198 207 188 139 93 56 21 23 18 19 15 15 18 31 24 27 27 21 22 13 23 21 22 17 21 24 21 26 13 14 15 22 17 8 18 21 23 25 28 32 37 37 42 
36 33 33 36 34 29 30 34 24 24 18 17 14 10 14 35 58 105 153 191 213 208 192 153 101 57 42 41 38 29 18 13 12 5 21 14 15 19 23 16 8 12 11 6 1 17 21 18 29 21 18 22 25 22 12 16 15 19 30 35 36 41 42 40 
24 11 10 26 23 13 21 28 20 20 16 15 14 17 33 65 104 152 192 218 217 193 158 112 72 35 21 17 9 13 8 17 15 13 19 14 13 9 14 8 3 3 3 7 4 19 18 15 28 23 19 20 22 21 10 10 12 22 29 34 35 36 36 33 
23 11 11 22 22 19 22 24 18 18 18 21 17 30 61 100 144 186 206 208 182 140 96 61 44 26 28 21 16 13 8 22 15 24 12 19 12 7 15 8 16 26 31 30 23 29 27 17 27 30 17 19 17 19 16 12 15 23 27 34 33 30 27 23 
25 17 12 15 16 19 24 20 22 25 27 34 31 49 90 135 177 204 199 179 134 85 50 32 27 21 29 24 27 12 12 28 16 35 8 20 11 9 21 12 19 30 36 42 39 41 38 21 24 35 35 39 22 8 16 9 15 16 14 25 26 31 28 22 
22 9 16 18 21 29 25 12 12 21 31 45 54 86 133 173 199 202 177 144 93 52 30 24 25 24 33 21 34 16 17 28 12 33 13 24 14 20 27 21 12 22 21 19 26 37 31 8 13 22 34 34 28 20 18 8 21 16 18 30 36 39 38 31 
27 18 23 15 19 31 26 21 22 20 30 51 76 124 172 200 206 188 149 104 59 33 20 20 28 31 42 36 35 19 18 21 9 30 16 22 19 17 22 15 13 24 24 25 34 37 30 12 15 18 24 26 22 18 18 17 28 17 16 35 42 47 46 41 
15 18 22 18 23 27 24 20 19 33 56 83 117 159 187 193 180 150 108 67 36 22 12 15 24 3 17 11 13 8 12 9 8 26 24 14 22 21 32 27 25 35 29 29 33 33 33 14 15 24 24 31 23 15 14 19 33 32 24 35 43 48 50 50 
35 35 27 18 14 16 28 33 40 68 99 128 160 183 183 163 138 104 67 41 24 17 11 11 21 15 18 16 14 9 9 17 29 35 35 19 9 6 19 16 19 38 41 43 39 32 33 20 14 16 16 28 19 11 7 7 19 26 25 38 48 49 53 54 
28 28 22 19 14 10 25 30 50 98 132 159 187 194 168 129 102 72 37 17 18 24 25 22 17 10 16 22 22 18 18 25 20 27 27 17 15 10 14 19 17 28 29 35 38 33 31 24 15 17 23 32 26 9 8 7 5 13 13 22 27 31 37 39 
22 27 20 15 14 24 43 49 84 142 169 183 198 182 135 96 77 49 22 9 18 26 28 24 18 14 17 21 25 23 25 37 26 24 28 17 25 32 36 31 21 25 13 13 17 19 26 29 24 26 27 25 33 17 14 15 11 18 14 16 15 18 24 31 
25 22 18 11 20 46 70 84 129 183 191 184 179 141 86 58 50 26 12 11 12 21 30 29 26 24 21 23 27 24 25 36 25 23 40 27 17 7 6 21 29 27 14 3 11 12 22 31 29 31 29 33 41 21 19 21 18 24 15 13 15 18 21 29 
17 14 16 14 29 60 85 105 149 191 185 164 143 99 46 26 30 16 24 31 23 28 31 26 24 22 19 26 29 19 14 32 23 27 47 28 26 19 21 36 39 30 18 10 13 9 11 24 33 39 37 35 40 16 8 11 16 30 20 14 23 25 26 32 
46 39 33 30 39 77 107 128 165 192 170 135 104 64 25 12 22 8 17 29 20 21 21 22 25 23 18 26 24 10 4 30 32 35 47 30 27 15 8 31 34 29 24 17 14 7 12 22 30 38 36 33 38 16 3 7 24 33 22 20 30 30 30 36 
48 45 46 52 60 102 139 163 191 198 151 102 69 36 23 17 23 15 12 25 5 14 20 26 28 27 24 34 30 16 15 20 30 40 47 32 22 15 10 35 36 31 26 19 10 11 21 33 41 47 46 44 41 25 20 20 39 36 25 27 25 13 6 10 
60 51 52 63 74 119 155 177 199 192 133 79 46 17 21 22 21 21 17 27 16 18 21 28 29 29 23 33 35 25 27 19 21 37 45 32 23 19 13 36 39 34 27 16 3 12 25 32 39 46 45 43 40 35 30 20 47 43 35 33 28 24 20 23 

45 40 33 26 31 41 36 27 16 15 14 20 24 17 38 10 21 22 33 30 13 24 30 28 8 13 5 33 31 28 39 35 51 47 30 39 34 30 7 24 27 32 29 17 16 27 30 16 16 13 15 23 18 4 22 28 28 19 20 33 30 25 31 31 
45 42 39 35 26 30 28 24 22 21 19 27 25 12 31 11 25 26 28 25 10 22 27 25 9 19 11 33 26 24 34 31 49 38 29 34 30 28 4 21 26 31 26 19 16 22 26 14 8 6 18 27 21 14 15 27 23 18 23 31 27 29 36 42 
29 24 17 17 5 18 20 20 21 18 15 18 18 12 25 14 28 33 39 39 32 34 35 33 12 14 17 31 20 15 26 30 45 29 26 30 29 21 8 11 20 25 28 36 29 19 17 13 16 19 25 31 25 26 6 22 14 15 37 35 29 30 37 52 
57 51 39 32 15 10 14 8 15 18 16 18 22 22 22 10 20 31 39 25 19 27 31 36 17 10 18 26 16 6 15 24 34 29 29 35 35 20 15 13 21 25 28 37 37 24 9 16 24 27 30 35 31 38 14 21 7 20 47 22 42 54 69 87 
54 54 49 42 32 15 18 12 14 21 14 13 17 27 24 15 17 26 42 26 21 27 33 33 20 10 28 32 24 16 9 16 24 22 30 35 27 9 12 7 9 13 16 17 20 25 18 21 27 26 27 32 29 39 19 28 18 15 44 30 84 96 115 131 
55 45 40 32 23 5 18 7 7 21 8 16 12 20 21 16 15 21 39 18 8 17 29 33 26 28 49 42 34 28 20 23 17 14 20 23 15 21 29 24 16 9 21 14 25 32 20 19 20 16 15 21 22 34 19 28 13 10 27 49 115 123 144 160 
58 55 51 40 27 15 26 14 17 23 10 16 9 18 16 10 6 19 40 21 8 9 23 33 31 31 36 17 24 25 33 35 10 14 17 27 22 28 25 19 9 8 25 7 34 36 28 29 25 17 18 18 12 25 17 23 8 10 30 92 161 169 182 192 
28 29 26 21 13 20 34 14 14 20 10 17 6 18 20 6 5 19 41 40 31 24 23 18 14 8 21 21 30 27 34 27 8 9 6 22 18 27 18 18 18 20 27 34 48 40 28 18 19 5 10 8 7 18 19 15 11 38 79 149 210 205 206 206 
48 45 37 29 20 27 34 21 20 27 34 38 28 16 18 11 14 23 30 34 29 22 18 16 16 11 18 21 23 18 25 20 11 3 1 16 22 29 26 30 36 38 40 45 44 29 15 10 21 7 14 8 13 18 26 16 49 93 144 200 234 210 197 186 
30 31 27 19 21 30 29 20 21 33 47 46 38 24 14 13 23 32 29 32 27 19 14 18 18 15 13 33 35 36 39 29 21 10 6 11 19 21 17 17 18 24 26 36 29 20 11 14 15 8 24 18 12 18 48 70 109 155 197 224 228 191 162 139 
30 25 19 17 21 28 22 6 13 31 32 23 28 19 5 16 28 42 36 37 35 33 31 32 27 28 39 43 33 32 25 12 22 16 18 17 22 20 25 30 23 26 17 26 14 20 12 12 5 16 25 13 15 39 76 103 141 186 215 222 207 164 132 108 
37 39 36 27 25 26 15 9 16 30 20 13 31 23 9 14 24 43 37 35 30 27 24 27 28 24 25 18 9 12 19 38 42 37 40 38 40 30 31 30 20 21 18 31 35 43 36 28 17 23 18 6 27 66 109 140 174 206 209 197 168 122 93 74 
32 42 43 34 25 20 6 9 17 29 25 15 26 25 15 18 21 38 31 26 23 20 11 9 10 7 13 14 20 24 23 34 28 18 24 25 44 29 22 25 12 15 9 12 36 35 24 19 24 31 7 30 65 118 168 200 218 218 187 153 113 69 49 39 
42 40 43 40 26 17 12 22 26 33 35 32 15 22 18 24 32 49 54 38 26 18 16 15 12 9 10 18 27 26 21 21 24 18 27 18 33 14 9 27 8 18 12 9 29 4 9 5 29 31 24 63 108 173 216 227 218 185 130 95 70 41 32 32 
6 9 25 29 11 7 5 15 6 15 16 29 21 26 32 31 33 37 51 49 38 24 16 8 2 11 15 19 18 13 16 12 16 8 15 19 29 16 18 20 12 24 23 29 35 18 14 12 28 22 52 94 144 199 213 199 176 129 77 62 54 33 33 42 
22 15 23 27 12 6 1 16 2 9 11 24 21 19 27 21 25 25 30 33 30 19 12 7 9 9 15 13 11 5 6 5 12 12 14 15 15 14 23 29 25 23 14 20 24 25 21 7 20 42 98 145 189 218 202 171 135 81 43 45 42 24 31 36 
17 19 22 24 17 9 10 23 11 10 9 18 21 13 23 19 24 27 30 30 22 13 9 13 17 11 9 14 17 9 13 18 26 33 36 31 22 23 24 26 30 27 28 39 40 36 20 18 45 93 156 195 218 216 183 141 102 54 26 35 36 30 42 47 
36 39 32 24 20 11 7 13 17 31 33 35 29 22 24 17 22 31 33 31 25 14 12 20 24 17 5 9 22 20 12 10 8 10 14 21 30 26 22 19 18 7 6 18 24 17 13 53 85 136 186 201 192 163 118 82 58 24 12 25 24 22 34 40 
48 42 32 26 24 22 16 16 27 31 27 32 26 24 27 31 35 44 47 34 20 19 27 34 37 24 17 19 24 23 19 17 21 17 17 19 25 27 20 13 12 12 17 23 22 24 56 93 129 175 200 189 157 110 61 41 38 9 3 23 12 13 23 28 
45 37 27 18 12 20 16 11 21 23 14 11 18 17 11 15 21 29 34 39 10 14 22 24 33 26 25 7 16 14 21 27 27 26 25 31 39 37 30 25 13 21 20 15 20 43 90 136 178 211 208 176 131 78 38 28 36 18 15 24 11 23 18 26 
44 35 19 15 10 21 18 21 31 25 15 12 22 21 19 17 17 27 41 41 13 6 9 18 24 16 29 10 28 22 26 36 33 28 19 13 22 26 19 24 16 25 20 14 47 93 141 184 208 207 177 133 83 45 35 38 44 33 28 30 21 35 19 20 
39 31 17 23 14 10 26 38 43 31 19 16 23 29 31 22 8 11 33 25 11 8 7 22 18 11 29 7 29 14 19 31 26 22 16 13 18 22 13 22 20 32 36 56 99 150 184 202 191 162 119 71 28 18 25 34 44 36 34 35 30 43 27 24 
29 27 18 24 11 12 18 26 33 19 21 22 19 24 31 24 18 22 28 18 12 11 16 29 20 16 30 9 29 18 18 26 19 16 18 21 24 29 24 28 25 37 51 77 127 180 202 198 168 128 84 40 19 20 17 28 41 26 26 31 31 44 34 34 
29 25 18 18 6 21 15 16 26 18 38 39 34 33 36 27 17 25 23 11 19 26 29 33 23 21 28 9 27 20 18 21 17 18 13 15 14 21 18 22 33 56 85 120 168 208 208 183 142 101 64 38 29 25 19 38 47 28 33 34 25 33 23 26 
21 24 25 18 9 24 16 10 15 9 40 35 29 29 27 28 26 27 23 20 23 34 36 39 30 27 29 18 33 30 21 19 21 25 23 28 30 25 26 36 59 93 136 175 208 218 192 149 100 60 35 27 26 27 31 46 43 34 43 42 34 29 19 18 
33 33 31 15 5 26 22 8 9 7 38 36 14 24 17 29 35 28 36 36 28 31 29 28 15 14 20 12 30 33 26 24 24 26 13 13 36 35 42 69 104 139 183 209 211 190 150 100 54 27 13 12 14 18 23 34 33 36 44 50 43 36 29 24 
37 29 28 18 18 28 26 9 12 11 31 39 9 14 12 30 34 17 20 20 20 27 24 20 8 7 15 17 24 22 17 12 6 20 7 15 47 46 60 105 147 176 204 209 186 146 108 68 37 23 14 13 12 11 14 24 29 36 38 46 38 26 21 17 
19 24 36 32 13 16 22 9 13 13 24 35 14 12 18 32 29 14 7 7 12 14 11 20 18 11 9 15 21 18 12 6 8 14 30 37 62 63 86 139 175 192 201 194 157 109 74 46 23 17 9 14 15 12 15 8 5 24 27 35 37 32 31 33 
21 27 42 39 17 20 28 17 18 15 23 33 23 18 25 34 27 15 15 11 11 13 17 24 12 16 7 17 21 8 17 17 21 23 30 52 82 98 137 184 202 196 181 157 110 65 42 31 23 26 23 11 8 6 13 10 12 23 23 24 32 43 55 64 
25 28 42 42 22 26 32 23 19 17 21 28 33 22 26 37 24 17 18 28 19 14 19 23 12 12 12 24 17 4 8 6 24 31 50 90 122 147 179 203 199 170 139 113 71 39 24 16 12 17 17 14 14 4 14 19 19 22 22 18 12 14 21 25 
14 25 36 44 39 33 27 19 9 11 17 10 23 26 25 42 21 14 10 29 28 23 25 28 24 19 17 20 14 12 14 21 41 52 80 128 159 179 190 187 165 126 97 79 49 33 30 20 15 22 21 18 20 8 16 20 18 18 18 14 7 14 20 22 
29 37 35 45 40 21 17 19 22 28 26 16 12 19 24 40 14 13 14 37 36 19 22 27 27 25 20 15 18 6 4 26 55 75 117 168 191 198 187 162 131 90 62 50 32 24 21 13 13 23 21 19 21 11 18 22 15 20 22 17 17 29 33 33 
24 34 21 32 36 12 8 11 18 31 29 18 8 10 21 33 13 15 14 38 37 16 2 17 30 32 27 19 19 12 10 52 87 119 165 202 211 203 176 140 104 65 41 32 25 22 9 14 19 29 34 33 33 30 34 29 15 21 21 5 12 27 24 35 
32 39 19 21 38 7 10 17 25 39 37 25 15 9 23 27 3 13 18 33 31 15 17 16 27 35 35 30 30 26 40 88 122 156 192 207 197 173 136 99 71 49 42 34 24 23 11 27 27 33 38 31 27 27 26 17 8 15 17 18 27 43 52 58 
36 36 25 25 34 8 9 14 27 39 35 20 16 6 23 24 14 20 34 49 45 39 37 29 30 38 43 39 45 50 73 125 152 177 194 185 157 125 92 63 46 39 39 28 14 15 12 28 24 28 34 26 17 16 12 9 17 19 23 21 15 19 25 31 
46 36 27 24 22 16 12 14 21 23 19 5 18 22 26 24 18 22 34 45 39 34 29 27 30 38 45 42 54 67 111 172 192 201 199 167 119 87 70 49 32 22 18 17 25 29 27 26 16 18 19 12 6 9 12 18 28 23 27 24 19 19 17 20 
39 27 21 24 23 23 18 20 18 14 12 12 26 32 24 22 18 26 35 34 23 18 10 13 19 33 46 59 84 108 159 205 204 193 176 136 86 63 60 38 27 22 15 27 29 28 28 22 16 15 3 10 10 12 19 21 34 26 29 34 36 37 33 27 
31 23 20 26 18 6 2 18 15 15 14 16 34 39 20 16 18 37 43 27 14 7 11 15 21 33 47 76 108 137 180 205 187 160 130 90 45 30 38 24 19 24 21 33 34 15 10 8 7 20 6 7 9 14 21 22 35 28 25 27 26 28 27 24 
26 23 16 15 15 11 17 28 21 15 14 32 46 41 21 11 21 37 36 17 12 16 25 21 31 44 58 91 126 157 194 203 178 140 96 56 20 8 21 29 21 25 27 31 36 32 27 24 19 18 2 2 6 6 14 15 31 26 18 13 12 18 19 18 
25 24 15 18 27 29 31 31 26 19 31 35 37 28 17 20 29 34 26 19 18 23 25 17 35 58 87 130 167 189 202 188 152 111 67 40 24 18 7 17 17 24 30 30 31 33 28 24 23 15 7 9 12 9 15 15 28 23 9 6 13 13 17 20 
30 34 27 28 35 37 44 42 40 27 36 32 24 11 13 28 42 40 25 18 27 37 33 30 54 90 135 179 207 206 186 149 104 62 24 12 13 9 8 6 9 16 17 21 29 32 29 24 24 16 9 11 8 6 17 14 24 23 8 7 15 5 11 16 
30 31 10 18 28 35 48 43 43 33 39 35 22 5 21 33 44 33 31 38 43 42 24 47 86 129 171 195 204 186 153 111 63 29 16 28 35 29 20 20 22 21 13 19 27 27 28 22 24 19 10 17 9 8 17 14 22 28 18 12 20 7 6 12 
22 26 15 17 18 23 36 35 40 39 40 32 21 18 20 23 35 34 42 33 16 16 51 106 146 177 204 205 190 157 118 75 33 10 3 5 11 21 9 15 15 14 6 18 27 15 22 19 21 18 13 29 18 18 19 17 21 34 34 26 30 24 9 4 
20 28 27 23 24 24 30 30 35 39 35 31 31 25 26 21 19 25 29 14 31 58 113 173 200 220 235 217 182 139 92 48 20 8 16 26 28 33 22 27 21 24 24 22 21 7 23 27 31 27 26 34 10 17 19 22 19 22 27 16 22 23 18 7 
15 25 30 27 29 30 26 20 24 30 26 24 24 18 20 10 13 22 19 12 53 81 142 198 206 212 207 166 124 88 53 24 16 9 20 16 19 25 4 21 12 21 25 22 15 11 23 20 21 24 34 47 40 39 33 26 15 12 22 19 19 19 25 17 
25 21 18 14 14 9 6 4 9 16 20 23 23 16 16 9 18 18 14 42 96 134 191 229 209 183 148 92 53 37 27 17 15 6 24 18 21 25 7 16 16 28 27 26 22 19 25 18 14 8 13 23 17 18 12 6 1 2 16 20 18 20 30 28 
33 30 25 18 19 20 19 15 12 8 17 25 27 19 15 3 18 30 56 107 162 198 237 242 192 150 108 54 24 15 21 16 9 21 37 31 31 29 19 15 17 18 10 13 18 27 25 18 19 9 12 17 8 12 14 17 22 22 20 25 20 15 21 24 
26 23 18 16 14 23 26 29 22 15 21 28 33 27 24 16 28 61 109 161 199 213 222 200 141 105 72 40 33 18 24 12 10 28 33 11 10 15 15 19 18 18 15 22 25 33 29 28 28 23 26 28 26 8 6 17 25 28 24 25 23 25 21 23 
32 30 27 30 24 22 21 29 22 13 9 15 24 21 27 34 49 97 151 192 211 202 188 153 94 61 39 25 35 23 24 13 13 25 31 24 26 26 16 21 15 18 16 17 14 24 24 19 20 2 12 18 25 18 12 21 22 18 23 24 27 31 26 21 
32 33 34 35 29 25 24 33 24 23 25 22 19 11 24 57 95 146 191 218 216 188 158 113 63 41 41 48 44 29 18 8 13 18 20 13 13 21 20 21 16 19 18 12 7 22 21 13 24 9 19 27 23 21 12 13 14 9 24 33 35 39 38 28 
14 15 22 27 18 11 10 24 14 13 14 16 18 22 48 93 141 185 212 221 196 154 113 70 40 21 18 19 18 16 10 15 16 5 12 3 4 12 15 18 14 15 12 8 7 24 18 5 24 11 22 26 15 18 14 6 12 19 27 32 34 37 34 23 
5 14 24 26 23 14 5 16 6 5 9 20 31 51 92 138 179 208 209 192 147 98 57 28 22 8 18 20 21 22 7 18 15 19 18 22 15 14 18 6 14 26 31 32 24 32 24 15 30 31 24 29 10 15 24 14 23 26 33 36 38 38 29 19 
7 15 27 26 30 27 15 13 16 21 32 45 54 82 131 171 199 209 183 148 95 51 23 9 17 6 20 22 25 16 10 24 26 37 19 24 12 4 19 13 18 27 25 30 28 36 29 26 33 43 41 41 21 6 26 17 27 17 23 21 25 32 22 9 
8 18 30 25 23 22 9 6 16 25 42 63 82 120 167 194 200 186 145 106 60 28 9 11 20 14 22 15 33 17 12 22 25 44 28 30 19 15 25 23 12 18 15 7 16 29 16 15 16 30 38 34 36 26 20 12 26 12 35 25 29 34 23 8 
27 29 32 21 12 13 9 17 24 31 53 84 110 151 192 202 182 149 105 64 29 13 6 18 30 26 33 28 33 15 13 18 25 46 31 32 25 22 27 21 19 24 22 18 25 24 14 16 15 10 20 14 29 32 20 16 27 3 37 27 28 33 22 10 
37 37 34 25 15 8 11 23 40 62 93 130 153 177 194 181 144 107 66 30 10 8 15 25 33 18 19 3 18 7 12 13 20 42 30 21 18 18 29 21 20 30 29 25 21 12 15 9 21 9 10 16 17 28 19 23 36 28 27 14 15 26 20 21 
49 49 43 33 19 6 24 38 66 103 140 171 184 185 175 143 105 72 36 17 16 15 21 26 32 21 21 14 21 11 10 17 26 37 34 23 11 14 21 4 9 24 36 41 32 20 16 4 18 12 13 25 8 16 16 19 29 30 24 22 28 27 26 31 
34 32 25 21 13 20 37 52 92 141 170 187 189 173 143 105 77 48 16 10 22 27 31 28 27 17 15 9 14 7 9 21 21 32 32 26 24 20 18 15 15 14 21 31 28 30 24 19 24 25 29 37 22 13 21 20 20 20 7 9 16 13 23 33 
27 28 18 9 12 38 64 85 135 185 197 195 180 144 102 73 57 31 13 20 31 39 38 32 27 21 16 12 15 12 16 30 24 27 30 15 24 31 34 28 17 11 14 26 26 26 25 24 21 27 28 38 39 18 20 20 18 22 22 23 32 33 39 46 
18 21 15 7 29 67 105 131 179 215 205 182 153 105 63 46 39 16 13 25 37 44 41 32 28 24 18 17 22 18 18 29 22 26 40 20 16 15 20 29 30 21 12 19 23 24 27 31 18 11 3 36 47 21 18 18 19 26 26 19 31 35 38 43 
36 35 38 45 63 101 137 156 187 205 178 147 113 71 37 25 25 13 22 28 34 40 32 22 18 14 13 20 26 22 15 30 23 31 46 15 23 22 25 37 32 21 10 11 17 21 22 26 23 22 15 31 45 22 10 8 21 31 27 13 22 29 33 37 
57 52 51 59 78 121 158 171 188 191 151 113 80 45 30 17 17 10 15 24 25 29 20 13 12 10 17 22 27 24 21 40 42 47 51 24 19 19 21 32 23 13 14 14 15 19 21 25 25 23 10 26 40 23 8 6 27 35 28 19 26 28 30 32 
45 43 51 73 103 153 189 194 197 182 125 84 57 32 35 15 15 16 11 22 20 22 18 17 12 10 22 29 31 27 17 25 37 51 51 25 7 15 23 34 23 13 14 10 15 21 24 32 38 36 26 32 34 23 15 9 37 36 26 21 20 9 10 6 
44 37 53 84 118 170 201 196 187 163 99 61 39 25 33 14 17 22 16 21 28 27 19 20 18 18 28 35 39 35 24 10 20 47 49 25 4 18 27 36 24 15 15 6 18 27 32 35 42 42 31 30 29 25 23 3 42 37 22 22 22 18 23 20 

39 37 33 28 29 42 32 19 9 4 6 26 29 20 38 15 27 27 32 33 6 12 28 26 11 15 7 31 39 16 17 25 26 31 11 37 25 15 9 23 25 30 17 10 13 27 37 23 20 27 17 9 12 17 18 20 18 26 30 33 26 21 30 32 
34 34 30 27 19 28 27 21 20 17 16 34 29 15 33 18 32 27 25 28 5 16 25 24 19 21 14 30 34 15 6 19 27 27 20 37 26 15 10 21 23 30 23 24 22 26 34 21 15 17 8 2 8 11 14 23 15 21 24 33 27 33 46 58 
17 15 11 14 6 21 23 18 16 12 9 25 21 16 28 18 33 30 36 40 27 29 33 34 23 17 22 30 29 17 12 23 27 24 23 34 26 12 12 11 23 32 37 40 30 20 23 15 10 13 12 12 8 16 12 25 9 8 32 39 39 49 67 86 
38 37 31 27 16 12 18 17 20 19 15 24 25 24 25 13 22 26 40 32 17 25 30 37 27 12 22 24 24 22 20 23 22 24 28 38 30 13 14 12 22 27 30 35 36 29 17 9 2 6 19 22 16 23 9 26 7 8 38 37 69 90 114 133 
50 51 47 38 28 18 21 21 22 21 7 13 13 26 26 17 15 20 43 34 22 26 34 37 29 11 28 27 23 26 25 24 21 22 25 30 13 6 12 6 6 10 13 12 21 25 11 11 11 13 26 27 22 27 16 36 18 8 34 60 123 142 166 181 
46 42 41 32 18 8 18 16 18 19 15 19 9 17 16 14 9 12 39 26 12 9 29 37 33 36 54 43 31 32 32 33 26 20 17 22 21 28 26 20 12 7 14 9 21 28 18 21 21 22 30 30 25 28 17 34 3 18 42 95 162 172 193 206 
40 40 40 29 17 16 23 18 21 18 16 13 7 16 12 12 10 12 41 27 15 7 21 34 32 33 39 21 25 29 39 43 27 18 13 19 13 15 10 19 15 10 13 20 36 37 29 29 25 20 25 26 15 24 20 26 16 40 72 138 199 197 205 210 
9 11 15 7 12 25 28 19 15 12 16 18 10 19 17 15 18 12 38 38 32 24 19 18 12 9 23 25 35 33 39 35 21 12 7 16 11 19 18 24 26 25 26 40 43 31 21 14 17 7 10 15 9 18 27 24 41 80 126 187 227 204 194 186 
31 33 32 28 29 30 28 25 24 31 35 33 26 19 18 21 21 16 29 34 34 29 14 12 9 6 16 25 30 28 33 28 23 13 9 13 20 27 28 32 37 38 36 41 31 15 9 17 23 12 14 15 18 21 42 52 93 141 184 217 224 184 160 141 
28 33 35 31 36 31 23 21 22 35 41 40 34 23 15 15 14 15 20 28 28 30 12 12 10 5 14 36 39 42 43 34 30 18 13 11 18 18 14 16 16 25 22 32 19 10 8 19 18 16 23 18 18 35 84 116 154 190 213 211 191 145 112 85 
38 41 40 37 40 30 19 13 17 28 27 31 24 16 8 12 18 22 9 24 29 38 37 33 28 32 45 49 41 41 35 19 25 8 9 13 21 12 20 26 13 23 13 24 7 16 12 18 17 24 27 24 36 69 122 148 171 195 203 182 153 114 80 55 
34 42 43 38 39 30 19 19 27 29 29 35 27 18 5 7 18 28 14 14 15 22 23 25 24 26 30 21 3 6 8 33 38 27 31 28 35 8 24 24 18 26 17 30 33 41 38 34 28 34 33 47 68 109 159 176 187 195 179 145 113 78 48 33 
22 31 33 28 29 23 18 24 28 29 30 30 19 20 16 18 22 29 17 10 8 14 9 9 12 15 20 14 19 19 16 37 28 13 24 25 46 23 27 24 15 22 10 17 36 29 18 20 30 42 47 75 108 162 208 216 208 186 141 96 64 41 23 21 
35 33 36 30 23 17 18 31 34 35 39 38 19 12 14 26 38 48 46 27 9 8 15 17 14 11 14 20 29 24 20 27 23 16 25 21 34 11 21 28 18 21 12 9 30 16 12 11 30 44 70 108 149 205 230 213 181 132 77 49 42 31 21 25 
8 9 24 19 5 6 11 26 19 16 20 30 23 17 26 32 38 41 47 41 26 11 6 4 2 5 18 26 24 16 19 18 15 10 14 17 24 7 19 18 18 21 20 22 29 16 8 11 28 53 102 141 176 212 203 162 124 72 33 38 41 31 32 38 
18 15 25 21 5 5 6 24 13 12 15 23 22 7 23 29 35 33 30 29 20 12 9 8 7 5 14 15 12 5 7 4 10 10 8 6 9 14 19 22 18 11 15 16 24 23 9 19 44 88 148 184 204 210 176 124 85 33 8 34 36 24 33 26 
6 6 21 18 11 12 11 26 12 12 16 20 26 9 18 23 28 31 32 32 21 14 14 16 13 10 9 15 18 10 13 21 29 34 34 29 19 18 24 25 27 24 26 32 33 28 8 44 82 137 192 210 207 189 143 91 58 17 1 31 38 34 48 48 
11 19 21 11 7 14 17 20 18 27 35 34 28 11 8 15 19 23 25 24 21 18 21 25 18 17 9 11 23 23 20 18 16 14 14 22 31 21 21 17 18 13 10 15 15 7 48 91 130 178 207 195 162 122 76 43 34 8 9 25 27 25 41 45 
28 32 26 24 24 23 26 19 23 27 36 42 36 22 19 26 27 30 29 24 22 26 34 34 24 18 18 23 27 19 9 9 16 12 12 16 20 10 16 10 14 9 3 19 29 55 102 136 171 207 205 169 122 72 34 31 37 19 10 24 21 27 36 39 
30 31 19 16 14 18 28 9 16 24 32 35 32 20 12 7 11 17 14 33 25 26 28 20 16 20 30 22 29 19 3 11 15 15 18 25 28 20 24 22 5 8 13 24 47 91 139 171 204 221 190 142 97 54 24 21 31 18 15 23 18 28 25 32 
31 33 12 8 9 22 31 8 24 28 35 36 35 25 23 28 32 34 32 39 25 25 27 22 18 15 32 24 34 19 12 22 23 20 20 15 9 7 18 27 12 18 28 51 95 148 186 207 216 198 143 92 54 29 24 34 42 35 32 33 28 36 14 14 
27 29 6 16 13 19 32 27 35 32 36 34 33 26 19 16 19 16 22 26 19 24 24 18 15 15 31 24 31 5 14 29 24 18 22 15 9 7 17 32 18 40 64 101 152 197 213 206 178 135 80 38 12 8 18 36 45 42 42 41 40 49 30 24 
12 18 15 24 24 24 23 15 23 26 35 33 25 22 21 18 24 15 16 14 19 26 24 23 15 15 29 21 27 9 10 25 15 15 23 17 19 22 26 40 45 69 99 134 178 210 207 181 137 92 50 22 15 19 25 38 46 37 36 38 42 53 44 42 
21 24 25 27 28 29 18 9 16 24 40 39 31 25 24 15 17 13 16 12 24 33 29 23 12 9 23 14 20 13 9 17 13 19 16 12 13 11 14 30 60 99 137 172 207 222 198 159 111 72 45 34 32 32 33 47 46 26 28 26 28 37 35 36 
23 27 29 26 28 33 24 19 7 15 40 34 24 19 13 9 22 15 19 23 28 32 27 22 19 18 26 22 23 24 13 13 15 24 19 24 32 20 24 52 93 140 183 214 230 215 170 120 70 38 25 27 30 33 37 42 27 5 23 21 24 19 17 20 
35 34 35 30 32 38 33 23 11 9 34 34 11 21 13 18 31 21 31 33 23 19 9 14 16 19 27 19 15 24 16 18 21 27 15 10 41 37 47 92 138 178 211 222 208 165 114 70 28 10 8 10 16 18 17 23 13 18 30 34 32 28 26 24 
54 45 43 37 30 33 29 14 15 11 27 33 8 18 14 20 27 7 14 17 9 14 8 15 14 16 23 16 16 18 7 6 12 22 4 13 54 54 75 132 174 197 206 194 158 109 71 44 21 14 13 6 7 10 18 29 30 34 33 39 33 26 25 27 
53 48 47 40 18 18 22 9 14 16 27 29 6 11 13 23 23 10 3 7 9 12 15 25 21 18 18 10 20 21 11 9 19 12 9 31 67 77 112 167 195 201 188 162 120 71 41 29 13 3 5 7 8 9 9 5 13 23 24 37 42 38 38 44 
38 38 45 41 21 20 21 11 13 18 31 30 18 12 22 29 25 20 14 12 7 12 16 33 24 23 17 15 25 9 15 15 23 21 31 67 98 123 162 200 209 189 151 114 72 39 28 33 31 27 25 15 4 8 11 6 11 17 18 27 36 46 59 66 
34 33 43 40 19 17 20 16 16 24 37 36 35 24 30 40 33 30 22 27 15 13 19 31 22 20 16 22 22 13 16 26 42 51 81 126 155 179 199 205 188 148 102 71 45 27 13 15 17 12 14 18 14 7 13 14 14 17 18 19 27 32 35 37 
26 27 32 36 26 22 20 22 17 18 33 29 33 36 37 52 40 35 27 31 25 24 28 37 36 28 21 20 19 19 23 47 71 89 129 176 194 205 200 177 147 109 71 46 25 12 17 20 18 21 21 20 20 12 17 15 12 16 19 19 25 30 22 17 
35 36 33 38 31 18 15 16 12 12 26 16 21 33 37 53 37 36 32 39 34 21 20 24 24 21 17 15 22 21 31 68 98 121 168 206 209 205 180 143 113 81 50 32 20 16 20 20 20 22 12 10 16 10 18 23 17 22 27 23 26 36 24 19 
21 25 15 28 29 14 7 11 12 14 23 5 13 27 29 42 31 37 37 43 37 16 8 10 18 19 16 18 26 30 48 97 134 164 205 223 212 193 156 116 82 51 30 21 18 21 20 19 14 13 4 10 20 24 32 34 21 26 30 20 25 39 24 35 
21 25 15 25 37 16 4 15 12 16 28 11 5 20 24 36 28 36 42 43 37 21 18 15 19 23 20 21 30 41 75 132 167 194 214 208 181 146 105 72 48 31 27 27 20 23 13 14 6 14 17 17 18 26 32 30 22 22 21 14 23 42 44 54 
33 32 28 27 35 19 7 13 25 30 36 23 22 15 23 34 27 32 43 50 45 39 38 28 21 26 29 28 45 65 108 166 188 196 191 163 123 87 55 37 34 36 39 30 14 14 11 24 19 23 24 25 18 22 25 23 16 9 15 17 21 28 24 32 
41 33 30 25 21 17 11 16 25 27 30 19 23 14 19 27 24 27 37 45 37 32 24 22 19 22 25 31 58 87 147 205 209 195 171 126 78 50 38 36 27 18 15 10 20 18 19 24 17 24 26 25 18 19 26 25 29 22 23 26 29 31 26 30 
22 17 18 16 12 16 14 20 24 28 34 32 35 28 23 27 24 23 33 29 18 17 7 9 14 20 28 59 96 128 182 215 192 157 123 83 45 31 38 37 21 13 13 23 33 30 29 27 21 26 17 16 10 12 27 26 37 29 27 30 27 29 26 24 
23 15 14 15 8 8 5 20 23 26 33 33 41 40 27 32 31 30 38 23 10 10 3 5 18 26 48 94 132 156 190 196 154 106 72 43 9 11 32 32 6 11 20 33 48 44 36 28 19 24 13 14 18 22 33 30 39 33 29 28 24 27 26 20 
18 18 7 14 21 12 8 24 23 15 27 43 52 49 34 36 33 28 33 17 14 19 19 21 38 47 72 123 158 174 193 183 135 87 53 30 12 13 25 31 18 13 23 33 49 58 49 41 34 24 14 15 18 13 21 16 31 29 24 20 18 21 22 17 
21 27 18 18 27 23 17 21 26 15 33 45 48 46 34 40 35 23 24 19 19 23 23 29 58 86 124 172 199 197 186 155 105 62 38 28 22 21 13 18 19 23 34 39 42 44 37 34 34 24 17 19 19 12 18 12 27 26 17 13 12 10 15 11 
27 36 31 31 31 27 22 19 29 14 32 35 35 31 20 38 39 23 11 13 28 33 32 49 88 131 175 211 224 195 152 108 59 22 13 14 10 6 3 10 17 21 25 28 33 27 23 22 26 21 18 20 18 17 17 7 19 23 16 12 14 8 14 10 
27 28 13 21 21 22 22 5 23 18 34 38 34 23 22 33 32 14 20 33 37 29 38 78 129 174 201 213 206 160 112 74 33 9 13 19 23 19 14 19 26 28 22 25 29 13 12 14 20 21 18 25 17 22 21 12 22 30 26 17 20 11 14 14 
27 23 8 15 15 18 22 5 14 21 30 28 24 21 20 20 21 23 30 19 8 41 89 143 184 207 213 201 174 120 74 42 18 6 9 13 15 18 10 12 7 9 12 24 33 20 17 16 19 22 16 26 10 24 19 14 23 36 41 30 31 25 14 12 
30 30 22 16 14 16 22 11 9 11 12 14 22 19 23 16 4 12 9 21 63 102 155 202 216 220 213 181 143 93 48 16 15 6 22 24 30 32 27 31 18 18 19 21 24 22 25 32 38 36 30 37 15 23 18 15 11 12 30 28 28 28 23 11 
29 32 29 24 24 22 15 4 13 13 6 7 10 6 18 9 18 13 6 48 104 141 186 216 206 195 171 125 84 49 31 12 19 13 31 19 19 20 10 24 11 18 27 27 18 11 15 20 21 26 29 44 34 30 22 14 7 5 23 30 23 23 27 23 
43 36 29 20 16 12 14 15 22 19 10 9 9 7 19 15 19 5 33 91 156 192 225 234 193 152 106 53 24 26 29 14 12 8 32 17 18 20 15 17 18 28 30 25 23 14 15 18 10 9 5 23 21 22 17 11 6 6 17 28 17 16 24 25 
39 36 33 25 21 20 18 17 26 21 12 14 13 14 21 14 27 54 101 163 216 236 246 225 160 113 73 27 11 18 23 16 8 22 36 21 21 21 25 16 18 17 23 24 26 26 18 17 18 13 7 14 14 10 14 14 23 26 27 35 21 18 17 21 
30 29 27 27 27 31 24 26 30 28 23 17 18 22 30 26 47 93 151 204 231 225 208 167 102 73 51 33 33 18 23 12 11 31 32 4 7 12 20 18 12 13 28 32 33 35 24 27 30 26 23 22 28 12 8 17 28 28 24 25 13 18 14 17 
33 29 22 25 20 27 23 28 32 29 22 8 4 11 34 53 88 139 189 219 221 194 164 123 67 43 26 23 32 15 20 16 14 28 26 22 25 27 16 19 8 6 21 22 22 28 19 19 20 10 15 16 27 18 9 18 23 13 14 15 10 15 13 8 
33 33 28 28 21 25 17 27 21 18 23 26 29 33 56 98 148 190 217 223 199 158 124 86 49 37 39 43 40 26 20 15 13 20 17 17 17 26 20 22 15 10 18 12 10 21 17 17 26 18 25 25 20 17 18 21 23 18 14 22 22 23 26 23 
27 25 21 24 16 19 9 21 9 9 15 24 36 54 95 148 192 216 218 201 157 112 76 45 29 20 17 15 19 20 16 12 8 8 16 11 9 23 24 25 20 11 13 7 6 22 20 12 25 19 28 23 7 15 25 25 25 30 26 18 18 17 16 16 
17 21 18 21 17 17 16 18 6 7 20 42 66 98 150 195 221 226 202 160 106 65 34 14 20 14 17 15 9 21 12 7 3 18 23 24 18 23 25 13 12 18 29 33 26 33 28 25 35 33 30 26 3 15 30 29 33 39 41 33 33 32 26 25 
12 24 24 24 28 27 21 16 18 34 57 84 109 144 189 217 224 212 164 110 60 31 18 4 19 19 25 29 26 18 8 9 13 25 14 22 13 8 18 15 12 19 21 23 20 33 26 31 37 44 38 32 23 14 27 27 32 27 35 13 18 29 23 20 
15 25 30 27 28 28 22 21 31 48 79 112 142 176 208 215 201 171 115 67 30 15 14 13 24 23 24 22 35 18 12 12 23 37 24 27 20 7 14 22 8 16 22 14 17 28 12 22 16 31 32 27 38 26 20 21 25 23 46 22 27 36 29 25 
15 22 27 24 24 24 18 15 30 58 98 138 164 188 206 194 159 121 72 34 16 12 17 23 35 34 34 31 36 22 17 15 27 39 21 27 24 23 25 27 18 22 26 16 22 21 8 22 9 14 18 12 33 34 24 25 27 17 46 27 30 37 26 19 
18 21 24 23 23 22 19 24 58 98 143 182 195 200 194 162 119 87 47 20 16 6 18 28 39 34 34 30 33 24 20 18 26 39 25 21 16 15 23 22 12 21 29 22 20 5 8 15 15 6 10 15 20 31 27 32 39 25 26 13 16 28 12 3 
27 29 27 21 16 21 37 54 96 139 179 205 202 187 162 123 89 63 31 21 21 9 14 24 32 27 30 27 31 22 18 20 28 34 27 21 14 19 24 16 6 9 24 32 28 20 10 14 22 11 11 22 4 13 18 24 35 34 23 16 19 20 19 33 
22 17 7 6 13 34 58 79 127 167 188 191 172 145 118 88 67 47 25 19 23 12 11 18 22 18 20 19 23 17 16 22 20 27 23 17 24 23 19 9 13 6 8 20 13 21 12 17 29 25 25 32 16 10 17 14 18 21 14 19 28 32 45 60 
30 26 16 16 26 57 91 118 166 196 194 175 144 108 79 62 51 35 24 20 19 11 3 10 15 14 13 14 20 15 17 26 27 32 27 6 22 28 30 23 17 10 6 15 12 18 13 16 28 32 31 39 36 14 10 9 9 19 34 33 39 44 54 64 
25 24 19 32 55 100 145 169 201 211 185 149 113 79 53 43 38 25 21 16 15 11 3 7 15 15 8 12 22 21 22 24 18 28 32 17 27 30 31 29 27 21 14 16 13 14 13 15 16 18 19 34 43 22 7 11 14 26 39 20 26 36 46 57 
44 46 55 77 105 148 183 187 193 184 142 103 73 48 29 23 24 23 26 18 16 11 4 8 9 14 15 19 30 32 30 30 21 33 37 22 35 34 34 33 26 21 21 20 13 16 15 12 4 10 13 24 41 30 10 4 15 30 40 20 11 23 30 39 
53 52 62 85 117 161 190 180 171 155 108 68 45 25 24 10 14 18 20 18 14 8 11 7 13 19 22 21 35 33 35 45 48 57 51 32 27 27 32 33 22 7 14 20 18 17 16 19 15 13 10 21 39 33 14 4 18 33 40 24 19 19 17 20 
27 30 58 91 133 183 206 184 162 138 84 47 32 24 36 1 6 11 10 16 15 11 15 12 11 14 21 18 31 24 9 21 29 53 47 26 19 18 27 33 23 5 10 15 24 22 21 26 25 19 17 27 37 35 21 8 28 40 42 30 25 15 7 8 
22 21 64 97 142 195 207 170 142 118 64 27 18 24 42 7 11 11 17 16 25 18 17 16 18 18 25 23 36 30 14 18 16 48 42 22 19 19 29 36 24 9 10 17 32 29 30 35 39 35 29 31 34 36 29 8 35 45 40 31 25 9 16 18 

28 29 29 29 25 30 27 29 21 6 8 24 31 27 34 5 33 23 30 31 30 42 37 20 5 11 21 31 27 19 33 29 18 21 10 33 22 22 19 5 27 46 45 46 41 42 45 27 17 19 24 23 35 37 33 30 23 26 17 18 25 41 60 77 
21 20 19 21 14 21 24 27 25 20 21 37 31 21 33 12 36 21 24 29 24 36 30 17 15 16 24 30 26 13 24 25 16 17 15 29 18 19 16 5 25 45 48 51 43 39 43 25 15 14 18 14 29 31 34 37 31 31 14 13 37 66 93 117 
14 11 10 14 9 16 19 20 18 15 22 32 24 23 30 17 35 23 31 37 32 39 35 29 25 18 31 32 28 15 14 20 13 15 11 23 16 16 14 9 29 45 51 50 39 25 32 20 10 9 17 9 23 26 36 44 36 31 9 24 63 96 128 152 
22 19 16 14 15 17 16 18 19 23 32 37 35 35 30 19 27 20 35 35 28 36 32 28 27 16 33 31 28 17 15 22 21 25 20 25 21 21 16 18 22 35 38 35 36 20 18 19 13 16 28 20 24 17 24 41 30 23 7 47 108 143 174 195 
45 42 35 27 21 20 18 16 18 31 44 44 37 38 35 28 22 14 35 34 25 29 32 29 28 18 40 37 34 31 32 35 31 24 9 18 26 30 23 21 14 19 19 13 24 19 9 19 10 13 30 22 30 18 16 42 19 21 34 91 164 188 211 223 
33 36 35 28 18 12 11 10 15 31 48 45 34 24 20 22 15 6 27 24 17 14 29 33 36 44 60 48 36 33 35 39 33 22 18 35 42 39 28 24 13 13 12 6 24 24 17 28 27 29 39 36 35 24 15 34 16 50 75 136 199 202 212 215 
25 29 28 17 15 19 16 15 18 29 43 37 29 16 7 8 11 7 24 21 18 15 22 24 26 38 46 30 23 27 40 48 33 19 21 30 31 23 17 26 18 14 10 23 36 33 26 30 23 19 30 28 19 23 22 30 49 86 120 175 216 198 190 181 
9 14 17 15 21 27 19 15 14 22 34 31 22 16 10 6 17 12 22 27 29 25 27 18 3 20 31 28 33 32 39 37 17 8 13 21 19 12 14 26 34 33 30 37 34 22 13 15 11 4 12 15 7 23 42 50 91 137 173 207 218 180 155 134 
17 15 14 13 22 23 18 23 28 37 37 30 26 21 15 18 21 19 22 27 33 31 23 15 5 15 23 31 34 27 31 23 9 6 10 11 7 15 21 31 40 40 38 36 24 13 8 18 16 10 7 12 13 28 71 96 149 192 214 217 196 145 116 92 
16 15 19 20 30 23 15 15 19 29 27 23 24 22 17 20 18 19 23 23 25 30 20 15 6 8 21 38 43 41 44 35 28 20 17 14 10 17 17 19 18 14 14 22 13 11 9 19 11 9 15 20 32 66 127 164 200 217 216 189 147 101 75 50 
21 18 20 22 30 19 9 9 15 19 11 4 1 12 11 17 12 14 15 18 18 27 29 30 29 34 47 51 45 40 35 18 22 8 9 19 16 19 24 29 20 17 14 20 12 15 12 20 9 15 25 45 70 111 169 192 201 200 186 144 102 76 58 40 
22 19 21 18 25 17 6 6 23 21 15 12 12 19 17 18 9 15 20 24 16 15 13 18 21 24 32 25 18 13 4 30 37 26 25 23 28 15 25 25 17 19 9 24 30 36 36 35 23 29 46 81 108 150 197 203 194 177 148 101 69 61 55 45 
21 14 15 5 18 13 4 9 24 23 13 6 9 19 19 18 10 13 17 21 18 14 5 8 15 19 22 5 20 16 11 37 28 15 19 16 35 15 27 24 18 20 11 18 35 29 19 20 20 40 72 115 148 192 225 212 183 143 99 53 34 45 42 32 
36 30 29 15 11 7 9 24 30 32 32 32 22 10 13 19 25 31 33 24 15 13 13 17 17 16 11 16 31 20 18 28 28 30 34 28 27 11 27 28 26 26 20 16 28 24 24 22 18 49 101 147 181 219 225 185 139 88 45 25 30 41 39 30 
8 12 24 9 3 10 15 25 15 8 9 21 25 12 18 22 26 27 32 28 17 11 12 6 9 11 18 29 29 15 21 24 22 26 29 21 17 7 20 12 14 16 21 19 21 18 16 24 33 78 139 176 196 209 184 128 87 45 21 28 39 42 46 43 
10 12 22 11 6 11 16 29 10 8 12 17 24 6 10 16 20 20 19 22 15 11 9 2 9 8 15 20 18 8 17 19 23 26 23 10 13 16 6 7 6 12 23 17 19 19 16 44 75 127 182 199 199 189 147 88 57 16 4 27 35 30 41 34 
30 22 24 14 9 12 14 31 10 14 20 23 34 24 10 6 11 18 24 25 13 5 8 7 8 8 12 21 17 4 20 28 36 39 36 27 15 4 16 20 21 25 26 23 19 9 37 83 122 171 207 201 179 156 111 61 38 9 12 27 41 39 54 54 
33 32 26 9 6 15 16 28 14 20 26 23 26 23 11 7 9 9 14 13 12 9 12 20 21 23 15 16 16 23 30 30 25 23 17 24 28 20 29 26 24 18 12 13 20 42 95 139 171 202 206 170 127 93 60 35 30 12 16 19 31 30 47 50 
41 43 33 27 27 20 21 23 19 25 33 39 36 28 23 18 16 21 17 12 13 15 24 33 25 22 13 9 14 14 18 24 24 20 14 16 16 3 26 18 20 11 7 36 60 97 152 179 199 212 184 131 86 50 35 37 38 22 12 16 25 30 40 42 
42 43 29 16 11 7 27 19 24 34 36 36 33 29 29 23 24 30 9 21 19 14 15 12 3 17 24 11 13 14 18 23 25 21 20 25 24 18 29 23 11 14 29 56 91 139 182 197 209 202 149 99 66 40 25 26 29 14 7 17 20 24 24 31 
43 45 30 15 11 15 32 17 31 42 42 36 32 27 30 34 38 43 26 32 21 16 16 10 9 15 27 19 21 19 24 21 26 24 26 24 10 13 24 24 8 35 59 96 147 191 215 214 201 161 96 52 29 20 19 32 34 25 26 32 34 33 11 12 
39 40 29 18 10 12 34 31 40 46 42 32 28 24 18 22 23 30 18 25 20 21 18 5 10 16 25 18 19 15 24 24 28 25 27 20 10 15 25 30 34 71 105 150 197 223 222 195 150 98 43 12 2 9 12 27 30 29 36 43 48 49 33 27 
26 24 22 16 11 12 23 24 28 34 32 18 15 26 25 27 31 22 5 11 16 18 15 8 15 20 27 23 23 9 15 24 24 25 27 18 18 25 36 51 74 111 147 179 207 216 193 151 103 62 27 16 16 22 26 38 44 43 48 51 54 56 47 45 
8 14 20 18 12 15 19 23 23 26 27 18 18 15 16 13 21 13 9 7 15 13 12 9 12 14 20 17 19 8 5 15 15 23 19 7 13 17 30 57 100 147 180 202 216 206 168 125 85 55 37 33 32 31 35 50 51 46 51 42 41 42 41 40 
9 9 14 10 7 17 20 26 19 15 26 21 19 16 10 5 23 15 13 17 21 15 13 13 15 14 18 21 23 19 7 9 16 23 17 22 32 30 47 87 139 184 210 220 215 180 131 88 51 31 19 23 29 31 37 42 38 40 46 33 27 13 16 21 
24 18 14 10 7 20 21 18 19 9 25 30 19 21 11 16 33 25 27 27 22 19 16 14 13 14 19 21 18 20 10 15 23 28 21 17 46 54 74 126 174 204 213 201 169 115 66 36 15 19 4 13 19 21 25 36 44 49 51 41 26 16 12 10 
39 30 24 18 7 15 19 10 18 12 20 25 14 17 10 13 26 9 19 22 25 30 25 21 13 7 14 16 17 18 3 4 14 19 8 26 68 82 112 162 193 202 184 151 108 56 23 18 8 19 13 10 4 15 27 38 46 49 42 36 21 15 14 15 
50 42 37 30 10 10 18 17 16 19 23 19 13 19 19 22 28 15 17 23 29 33 29 28 17 11 14 16 27 27 19 20 30 25 27 54 92 114 148 185 198 188 148 110 70 22 5 24 13 10 3 6 8 18 17 21 33 35 29 32 32 30 33 39 
45 43 42 34 24 20 18 18 11 19 23 12 13 17 24 27 29 23 20 25 25 27 25 36 23 22 18 22 33 22 19 20 32 37 63 102 135 161 182 197 189 154 99 61 32 20 34 40 38 30 25 20 7 17 18 19 24 23 15 20 25 37 49 54 
46 44 44 34 19 16 17 20 13 20 29 15 23 22 30 40 39 37 30 33 25 21 20 31 21 22 23 28 34 27 31 40 59 77 119 165 189 202 198 183 152 105 55 33 29 25 21 12 19 6 9 24 16 12 15 14 14 14 6 12 20 33 36 36 
32 33 33 27 19 14 13 23 22 22 34 18 29 37 32 50 47 45 40 39 30 25 24 33 33 30 29 29 33 34 45 72 99 123 167 201 205 201 177 140 107 72 37 23 16 9 16 15 18 17 18 22 22 17 22 20 15 17 18 20 26 38 29 22 
27 28 27 26 21 14 14 21 19 14 33 17 28 41 36 52 44 42 41 40 31 18 13 15 16 18 24 26 33 38 58 99 130 157 196 210 195 177 138 97 75 52 28 22 16 9 11 10 16 18 10 17 25 22 27 30 24 24 28 27 32 43 27 21 
12 13 10 24 25 19 17 20 16 12 27 9 20 36 27 39 30 33 36 36 28 9 5 3 10 10 19 24 31 42 72 123 160 187 211 205 179 147 105 72 50 32 23 20 14 13 21 27 23 22 9 13 26 29 37 40 29 30 33 24 27 45 27 39 
27 26 22 32 36 21 15 17 12 19 33 19 15 27 19 30 20 24 31 31 26 10 10 12 15 13 11 22 31 55 98 153 187 204 201 173 132 89 53 34 26 23 27 28 19 16 20 25 18 23 8 9 25 36 44 45 39 36 28 22 19 39 35 47 
41 41 34 32 35 22 13 13 24 32 40 26 23 14 9 24 7 13 22 29 28 24 28 24 20 21 18 31 52 86 135 183 198 193 167 123 78 42 18 11 19 28 35 28 17 5 18 34 30 32 13 17 24 36 42 37 26 15 9 26 26 30 25 32 
57 52 45 34 25 19 13 14 26 30 34 19 26 4 4 15 11 14 21 27 24 21 24 29 28 27 25 48 79 117 167 204 198 174 136 89 51 26 13 24 26 21 18 10 17 3 13 27 22 28 15 21 24 33 44 30 26 23 22 35 31 29 26 33 
40 38 33 21 12 11 12 21 28 27 32 24 34 22 1 6 12 15 27 24 23 27 33 36 35 34 42 84 122 150 184 193 164 122 85 54 29 15 21 34 25 16 14 12 20 10 9 19 13 22 5 10 12 25 43 25 38 33 33 38 23 21 21 26 
42 34 28 22 16 9 5 24 27 16 19 6 31 31 10 15 17 17 28 25 29 34 36 32 39 54 86 134 163 174 183 167 120 72 47 31 15 10 24 35 18 9 15 19 30 28 18 18 5 18 3 6 14 28 50 39 44 36 37 35 21 21 20 20 
31 27 21 22 22 11 2 24 28 12 19 31 39 37 25 29 20 10 22 24 33 38 30 20 44 75 119 162 182 177 169 141 94 52 32 23 10 5 21 32 24 16 12 6 21 38 36 34 32 19 5 4 6 15 39 26 35 30 33 30 20 18 17 15 
11 22 11 12 16 16 3 18 32 18 25 33 37 40 33 43 27 12 14 17 28 27 26 39 80 124 165 194 198 171 139 102 61 33 25 24 22 21 19 19 17 20 29 33 29 17 15 16 28 20 11 12 14 22 36 23 29 24 27 26 19 14 10 7 
32 40 32 30 20 16 7 11 30 7 20 18 22 28 22 43 33 13 5 9 21 12 41 80 128 173 202 209 193 144 93 54 22 8 12 15 9 9 7 10 18 25 30 33 36 18 13 15 17 18 7 10 18 28 34 24 24 23 28 25 22 18 17 11 
28 32 21 26 15 10 9 9 28 13 24 26 29 26 22 34 28 18 24 29 30 37 85 134 180 210 212 192 158 96 54 30 6 6 13 19 24 21 17 18 25 32 28 31 35 13 7 16 21 24 15 12 10 29 33 25 30 36 38 30 26 16 16 15 
17 18 13 21 15 11 12 5 22 25 33 26 25 20 13 20 20 21 20 28 58 101 153 198 224 225 200 162 117 55 22 6 14 9 17 19 27 28 23 23 14 13 17 29 40 34 21 23 26 24 17 15 12 36 36 28 31 42 50 39 32 21 11 15 
18 15 12 12 3 10 16 5 14 16 19 13 19 13 12 8 6 12 27 69 120 164 207 234 229 208 173 129 85 39 24 12 21 9 29 21 26 28 24 29 19 18 16 18 24 34 28 37 45 42 33 29 11 31 34 28 25 24 39 40 27 21 18 13 
26 23 24 21 16 14 10 16 22 24 18 12 13 6 13 6 12 25 54 110 169 200 224 230 201 168 128 83 45 25 35 19 22 15 38 19 16 15 15 23 16 19 27 29 21 17 2 19 27 34 35 39 26 25 23 17 19 19 31 39 25 24 29 28 
45 37 35 32 32 31 26 24 23 28 19 14 16 8 14 4 19 57 100 164 217 230 233 219 165 115 69 29 21 37 36 19 18 17 36 11 11 9 17 15 16 23 21 17 21 14 7 15 11 23 27 30 30 26 21 15 15 15 24 35 14 9 15 18 
37 36 36 33 33 29 23 20 25 29 20 16 17 10 20 24 64 116 167 222 251 239 217 182 117 74 45 16 16 24 21 16 15 29 37 19 20 14 25 10 15 15 18 28 37 35 26 18 15 22 24 21 24 9 16 13 23 30 35 42 22 16 17 21 
39 40 39 40 39 35 24 25 30 34 30 23 19 19 37 52 98 151 197 234 237 202 162 117 59 39 32 30 33 19 20 16 16 38 32 18 20 17 26 17 13 18 24 27 38 35 23 22 24 32 31 25 31 8 14 19 29 30 28 27 4 7 10 15 
45 43 36 38 35 33 25 29 36 38 33 24 22 35 66 96 147 189 215 227 207 158 117 81 34 16 13 28 37 18 12 14 14 31 16 18 22 21 9 15 9 18 23 22 30 29 17 15 18 27 25 15 22 13 18 22 23 16 13 12 7 5 7 6 
43 41 32 32 24 19 10 24 28 23 20 33 49 75 112 154 202 222 221 204 164 114 83 57 30 21 24 32 32 12 3 8 8 22 16 20 20 25 7 13 11 20 25 22 27 25 15 14 21 25 23 15 12 17 25 26 23 25 23 24 26 25 26 26 
43 39 30 32 26 24 18 20 11 6 19 38 63 99 148 191 218 215 191 156 108 69 49 39 34 25 19 12 18 17 13 13 10 15 18 11 16 24 18 20 20 19 22 21 27 22 13 2 16 22 21 11 8 20 27 24 21 34 32 18 17 14 6 10 
34 31 26 30 23 12 21 19 7 16 39 72 105 143 191 217 217 199 158 106 62 40 31 31 36 32 33 26 10 13 14 13 13 24 30 23 22 24 21 9 10 17 30 39 37 32 23 20 26 27 21 15 12 19 24 19 24 40 46 30 29 28 18 20 
29 30 27 29 26 8 9 8 25 53 90 129 159 191 219 219 198 168 111 57 24 21 31 26 26 27 33 33 32 17 8 5 14 22 21 23 24 16 17 16 13 22 27 30 28 31 20 26 28 35 27 23 26 20 16 14 19 28 41 14 12 20 6 11 
28 28 29 26 16 9 17 29 50 78 119 157 184 203 210 191 156 117 62 23 14 22 30 19 16 10 15 15 32 15 6 4 25 30 21 22 27 14 12 28 20 27 35 30 29 32 17 24 12 27 28 25 38 29 13 11 13 30 51 22 15 23 14 18 
15 17 21 15 6 4 14 32 61 97 142 177 191 189 179 148 107 74 35 14 14 17 24 11 14 3 11 17 33 24 15 10 29 32 13 17 24 21 20 31 18 23 32 22 24 22 11 24 4 15 18 12 34 36 25 26 22 26 52 30 24 28 17 21 
11 14 16 16 7 3 26 57 102 144 186 213 210 186 154 116 80 56 27 20 23 21 24 6 18 13 24 31 42 35 23 18 29 34 20 15 14 9 12 27 5 10 27 15 19 9 9 18 12 13 16 15 21 28 25 37 41 28 34 30 33 39 32 24 
22 23 18 13 7 31 62 93 140 174 200 209 190 154 115 82 57 38 17 22 27 24 22 9 18 17 26 30 38 32 28 22 25 23 12 7 19 22 25 26 12 7 15 19 19 17 6 16 21 13 15 18 8 15 22 38 47 43 30 19 20 25 27 30 
24 17 14 21 28 55 86 114 159 181 184 169 137 98 67 49 40 26 11 19 27 24 19 12 14 17 24 28 34 31 27 22 14 15 15 17 29 23 15 13 11 15 9 20 15 24 15 23 29 24 24 25 4 17 25 34 39 36 26 22 23 25 35 42 
34 26 26 38 51 88 127 152 185 192 171 137 100 65 41 35 33 18 10 19 26 22 15 6 9 14 17 20 27 24 27 25 21 26 28 31 38 33 26 20 18 20 15 22 18 22 18 25 31 33 33 35 24 14 19 25 27 26 33 27 24 29 35 34 
28 23 38 63 93 144 184 192 201 186 146 105 77 53 34 28 25 10 10 17 25 21 15 8 9 12 11 15 23 24 30 27 14 19 26 35 45 41 35 33 29 29 21 21 14 14 15 18 19 18 15 25 32 26 22 20 21 25 42 23 12 27 27 30 
53 57 81 113 147 186 204 185 169 141 96 63 45 30 18 10 17 18 22 18 23 18 13 11 4 20 19 21 32 36 42 31 15 24 29 35 42 38 32 30 23 25 21 21 13 6 9 12 12 9 5 19 34 32 24 13 14 24 42 31 15 21 14 11 
58 62 90 122 153 183 191 158 131 107 67 41 30 19 24 11 16 21 23 20 21 18 15 12 13 27 22 19 35 36 48 47 44 49 35 22 27 32 36 34 20 15 11 18 20 7 6 18 20 23 21 23 35 34 22 10 11 23 37 26 15 18 9 6 
30 43 91 126 161 194 193 146 112 91 52 31 29 26 42 16 16 20 26 25 27 25 19 13 10 23 16 8 31 23 31 29 27 52 36 9 13 15 26 33 18 10 7 12 27 13 2 19 7 8 15 24 35 39 28 14 15 28 39 30 25 23 12 9 
30 48 103 131 163 194 177 118 87 72 30 6 9 26 53 25 24 29 37 32 38 37 27 17 20 24 14 10 33 19 25 20 13 52 37 2 12 10 24 36 19 14 10 13 34 16 9 18 6 10 18 25 33 42 39 20 18 33 37 33 27 12 8 9 

23 29 36 39 33 22 9 16 26 16 21 32 41 45 42 31 36 19 17 20 32 27 17 10 8 8 13 25 29 19 19 4 20 34 28 15 15 27 29 26 9 21 26 30 32 34 27 16 19 17 23 17 32 15 15 18 16 30 28 9 39 67 93 117 
11 18 26 30 27 17 8 17 27 26 28 40 39 35 37 33 39 19 14 18 28 26 17 11 8 4 15 19 23 15 22 19 22 30 21 11 18 28 29 26 15 18 20 25 26 27 23 11 16 15 22 17 34 15 17 27 24 35 29 27 66 100 129 153 
6 11 21 26 24 16 4 12 16 13 22 27 23 23 28 33 39 20 21 26 34 34 27 22 18 20 31 27 27 20 20 17 22 28 14 10 20 26 25 29 24 28 30 27 26 16 20 7 5 10 24 21 38 22 27 38 26 34 32 54 103 135 164 183 
17 11 12 14 19 16 9 15 12 9 15 12 12 19 26 34 34 21 24 24 31 34 26 20 13 15 31 24 28 24 28 25 29 30 21 18 26 28 24 34 20 15 13 11 26 15 16 12 12 20 33 25 39 20 23 42 19 32 43 87 147 174 195 207 
28 21 12 8 13 11 10 14 10 18 28 18 3 18 31 38 32 21 27 18 15 24 26 22 13 17 35 26 28 24 28 29 21 23 30 35 40 34 27 36 21 14 12 15 22 12 14 18 6 13 30 19 38 15 5 37 9 52 79 134 194 202 205 203 
26 29 29 30 31 23 11 13 12 24 34 22 17 8 20 28 20 12 21 17 11 13 26 29 30 42 49 34 25 15 14 24 18 31 45 47 42 31 27 36 15 10 14 20 28 21 23 31 29 31 41 37 40 21 15 37 60 105 132 179 219 200 186 172 
20 29 29 27 32 32 17 17 18 31 39 31 27 14 15 12 10 8 14 14 14 9 18 14 17 32 37 24 12 9 29 40 29 30 39 29 27 18 27 37 13 9 12 26 35 28 26 32 24 22 30 27 19 33 48 69 113 153 174 202 214 174 144 120 
16 25 30 33 38 38 18 12 9 18 30 30 22 14 9 8 14 8 12 20 25 18 22 15 11 20 23 15 16 21 32 32 11 15 26 23 24 9 18 28 28 29 29 35 30 17 11 20 12 10 18 18 12 45 77 103 156 192 205 210 192 139 103 77 
13 10 10 14 27 24 12 21 28 31 24 17 20 22 20 25 24 19 20 26 33 27 16 10 16 15 15 27 30 32 35 26 10 9 12 15 12 13 20 30 40 43 42 37 23 11 4 18 15 12 6 12 22 60 115 154 203 226 223 202 160 105 78 60 
26 19 12 9 20 9 11 12 18 20 17 14 19 19 16 25 23 20 21 21 24 25 12 10 16 13 23 34 39 43 46 40 32 23 16 18 15 23 26 25 23 16 17 18 11 6 5 21 13 8 15 34 62 111 177 214 235 227 203 161 108 64 49 36 
23 20 11 14 22 4 8 12 22 15 17 9 12 9 5 19 13 9 6 10 14 20 20 24 30 36 45 46 40 34 35 18 22 8 5 27 13 21 23 29 25 17 22 23 17 13 7 22 14 11 30 68 104 155 210 225 216 190 159 111 64 38 34 31 
33 28 19 19 21 12 14 21 36 23 27 20 19 16 11 15 7 6 8 10 7 10 8 12 19 23 34 28 20 10 14 27 38 27 21 26 17 22 30 27 27 21 15 23 24 26 30 39 35 38 66 108 138 179 217 210 180 143 109 66 35 33 39 37 
27 18 4 9 15 13 12 23 41 28 18 7 15 19 16 12 5 8 12 12 9 9 3 8 11 17 26 10 20 9 15 34 32 26 26 29 27 12 26 17 18 14 9 12 27 18 11 33 36 54 100 143 167 201 221 190 141 93 58 22 6 30 36 31 
41 29 19 9 6 12 9 29 46 40 34 27 21 17 16 15 17 20 21 14 7 6 8 16 15 14 12 12 32 21 25 27 33 37 38 40 29 19 32 23 25 25 22 15 22 18 20 40 42 70 130 169 186 209 204 152 99 55 24 8 17 33 38 34 
18 18 19 3 4 17 20 30 38 30 24 18 20 13 13 13 17 19 24 20 11 5 6 13 15 12 19 28 33 22 30 24 23 27 33 33 23 20 27 15 13 14 23 16 15 8 21 56 74 115 169 188 187 186 156 99 60 31 18 20 33 40 48 49 
14 21 22 7 8 18 16 30 33 30 29 17 19 5 5 8 13 14 17 21 15 8 10 17 20 19 20 21 20 12 23 15 21 23 28 25 24 26 16 11 10 16 26 13 8 10 51 93 125 165 197 192 175 155 115 66 37 10 10 19 30 26 39 33 
22 25 27 11 10 19 13 33 31 36 38 31 33 22 8 8 12 16 20 18 6 10 18 22 22 19 19 22 12 12 23 27 31 31 33 25 9 6 18 20 22 23 19 11 20 43 98 139 166 193 200 175 145 121 85 47 28 11 17 21 38 33 50 48 
15 26 28 9 6 21 15 33 21 21 27 20 23 26 20 18 18 12 10 6 12 16 23 27 26 25 17 18 11 26 30 30 18 18 22 27 18 17 31 24 23 14 7 36 62 101 165 195 204 210 185 135 97 75 53 36 28 17 27 17 32 29 48 51 
29 35 33 25 23 16 16 24 8 10 16 17 12 12 15 3 10 21 15 10 12 14 23 34 30 29 17 9 9 19 18 19 13 20 21 29 19 14 28 12 18 12 27 72 110 160 215 219 212 198 147 92 63 46 44 46 43 32 28 22 30 37 52 57 
25 27 25 14 11 14 30 25 15 17 11 6 7 7 20 6 6 33 20 18 18 11 13 18 13 20 23 9 6 20 18 14 16 20 23 30 20 21 31 17 7 32 64 106 148 194 225 210 195 168 108 68 48 34 30 32 29 20 18 15 18 30 44 53 
26 30 24 15 16 25 37 21 10 6 7 9 11 11 23 25 26 48 28 28 20 10 17 18 15 15 25 14 13 25 24 11 22 27 27 25 9 19 28 16 28 68 106 150 193 222 228 200 169 124 67 37 21 15 15 24 22 18 20 21 16 16 17 25 
36 35 29 14 17 27 42 34 32 27 21 16 19 14 13 18 10 45 28 30 22 12 16 12 13 11 19 10 9 22 25 14 20 24 25 21 12 18 32 37 68 112 153 191 217 222 204 159 114 73 39 27 13 10 6 20 17 12 15 23 34 32 23 19 
31 26 26 20 25 33 42 38 31 22 18 18 26 32 28 29 21 33 21 27 26 15 16 6 14 16 22 18 21 20 21 19 16 21 27 23 22 29 49 76 116 158 189 202 205 186 147 100 67 45 33 30 23 23 21 27 33 30 36 42 48 45 39 38 
5 13 23 25 28 35 41 39 30 18 4 15 17 6 15 19 15 19 12 19 19 9 11 7 12 15 18 15 23 18 14 17 13 20 24 16 20 29 56 98 148 189 202 198 188 154 111 80 59 45 38 37 31 25 26 40 46 43 51 51 53 50 51 51 
9 10 16 20 26 34 40 43 33 21 12 12 17 8 13 17 24 15 6 10 10 8 15 15 15 15 17 16 25 20 11 14 15 16 17 18 35 51 83 132 182 207 202 187 165 122 81 57 33 30 21 21 21 27 31 41 47 48 56 50 41 32 34 37 
17 13 12 19 27 35 38 37 30 22 18 18 13 12 16 23 37 25 20 15 15 24 27 25 18 17 19 17 20 16 11 17 24 23 18 23 58 87 120 165 197 200 178 151 117 66 29 25 12 28 9 9 17 31 36 45 53 51 55 48 32 23 20 21 
20 12 8 14 27 34 39 38 32 23 16 13 7 11 16 20 36 22 24 21 24 32 32 34 23 12 14 10 12 10 3 7 17 19 27 54 95 128 159 185 193 176 132 95 63 17 5 22 3 23 9 13 11 33 36 42 47 43 44 39 23 20 22 28 
34 23 17 14 18 29 34 36 29 25 20 16 17 22 19 22 34 23 26 28 30 37 35 40 28 16 14 11 21 21 19 26 40 46 67 99 135 166 184 187 177 145 89 58 38 3 14 27 17 17 7 13 13 37 34 34 36 29 31 29 22 23 31 40 
19 20 24 18 24 30 32 32 22 20 17 8 16 19 24 25 34 28 27 32 33 37 37 49 34 25 14 14 30 21 18 29 53 73 113 152 180 196 190 174 150 106 50 27 20 20 32 36 35 27 22 24 15 34 35 32 27 16 12 19 15 25 40 44 
25 24 29 21 16 23 25 25 21 15 24 11 24 26 29 35 38 36 29 35 34 32 31 39 27 24 17 15 26 12 22 52 87 117 164 199 210 204 179 146 110 69 23 12 19 20 25 20 25 11 7 24 15 24 22 19 20 21 19 20 12 30 35 33 
21 22 22 14 11 19 18 23 28 20 33 15 28 31 16 33 33 33 32 33 29 24 20 28 30 28 24 19 27 26 48 95 136 166 203 218 204 180 144 105 73 49 20 19 21 23 29 27 28 17 17 22 19 21 25 26 26 31 33 24 21 37 26 15 
22 22 17 9 15 19 14 24 27 19 38 26 36 42 31 41 32 26 27 28 20 12 8 11 12 13 18 18 29 39 71 124 164 191 214 207 179 145 101 69 51 38 22 26 25 22 21 19 24 17 10 21 24 21 24 25 25 30 35 27 27 42 21 12 
18 18 18 18 20 22 20 27 22 16 31 18 25 35 20 28 17 15 19 22 15 11 11 7 7 8 17 20 32 57 94 143 181 198 198 176 143 103 66 48 36 27 24 25 22 15 13 16 20 20 12 18 17 12 22 30 27 36 42 28 19 41 18 30 
38 30 25 27 29 26 25 23 14 22 37 26 14 24 12 26 14 8 11 10 13 10 9 11 12 7 24 33 50 93 132 169 198 196 165 126 89 50 23 19 23 24 30 30 25 12 9 12 9 21 6 10 17 26 41 48 47 47 40 28 9 35 21 35 
14 13 4 22 33 28 23 14 19 28 39 24 14 12 10 25 13 10 4 13 22 23 26 20 14 13 36 57 87 136 171 191 199 174 123 77 48 25 15 15 22 23 30 25 25 9 15 32 29 37 21 16 18 32 49 50 41 28 14 33 26 34 30 35 
39 30 24 27 27 25 20 9 22 30 35 24 20 1 9 18 12 9 16 21 26 23 21 19 10 23 56 90 126 166 185 188 178 141 89 51 32 24 10 21 31 24 21 14 24 15 18 26 17 33 20 21 22 36 57 40 23 9 8 43 32 23 22 29 
23 24 21 23 21 17 12 14 30 38 43 39 32 15 13 18 24 18 23 28 29 28 26 20 24 51 91 133 165 183 179 164 140 93 49 27 19 21 7 34 33 22 17 12 22 17 21 25 19 31 19 13 9 27 54 15 30 21 27 48 27 14 8 15 
40 35 30 29 21 9 3 19 30 36 42 37 28 18 23 27 28 21 23 31 32 30 26 33 61 98 145 183 200 194 170 138 100 53 27 22 20 21 17 36 28 16 15 15 27 32 31 29 20 27 20 16 15 27 55 31 43 31 32 41 21 17 14 12 
44 35 28 28 20 10 2 17 30 35 41 42 30 23 29 30 16 11 16 27 30 24 29 50 90 135 177 200 198 170 135 102 67 32 19 19 16 17 15 30 27 18 15 11 9 31 40 41 39 27 20 20 19 20 40 10 32 17 19 28 15 14 15 12 
16 16 9 12 16 21 3 10 28 28 34 36 29 31 36 41 14 13 18 24 23 12 53 87 132 173 199 201 180 135 94 64 40 21 21 25 26 31 27 25 22 18 28 38 36 26 24 25 34 30 24 22 23 28 34 12 26 9 18 23 18 17 14 9 
24 30 24 24 15 22 5 4 27 21 30 21 5 15 15 37 15 17 22 21 11 31 93 138 176 203 206 185 149 98 57 30 15 7 14 20 18 22 18 17 24 30 31 31 37 23 19 22 17 24 22 22 30 36 35 23 22 15 22 24 22 24 21 17 
26 30 23 27 18 18 4 8 26 10 23 18 9 10 6 30 19 24 19 14 31 82 148 190 213 216 191 150 107 56 30 13 4 5 17 24 26 24 22 20 30 37 28 26 34 19 12 16 11 21 22 12 19 38 37 28 34 38 39 32 25 20 19 18 
17 20 20 25 19 12 6 9 23 18 30 21 14 13 10 24 15 10 18 54 98 153 206 231 231 204 156 108 66 22 21 6 9 12 26 27 31 28 26 28 28 23 17 24 38 41 24 20 20 16 24 6 17 45 43 33 35 41 48 39 30 18 10 13 
14 11 12 16 12 9 8 11 19 9 20 7 12 14 12 17 16 31 65 112 161 203 231 234 207 164 115 74 39 20 27 10 11 14 35 26 27 22 23 27 27 28 17 11 15 36 30 32 40 33 30 9 10 47 47 34 29 24 42 43 25 17 16 16 
18 10 13 14 16 19 22 33 31 24 24 7 14 12 14 16 35 66 106 159 203 222 225 206 162 117 75 44 23 27 32 12 9 15 37 20 18 9 17 18 21 26 26 27 19 19 11 16 35 42 41 26 7 38 42 34 30 19 34 42 24 24 28 30 
33 26 26 27 31 33 31 31 25 30 26 9 12 3 21 33 69 117 161 210 235 226 205 171 115 69 33 19 29 38 29 11 7 16 32 9 17 5 17 8 14 21 6 5 17 15 16 20 33 46 48 36 24 34 30 21 19 10 29 36 11 5 9 16 
21 19 21 23 25 23 24 25 25 34 31 20 17 22 47 69 122 174 210 241 241 205 162 119 67 39 28 24 18 18 11 9 7 27 28 8 20 16 21 3 11 25 23 33 40 36 35 24 30 43 43 34 23 21 23 15 24 31 42 41 21 18 19 24 
13 20 21 26 28 24 21 24 26 35 38 34 34 51 80 104 158 194 211 226 207 153 105 63 18 20 28 31 26 11 11 18 22 41 27 21 25 26 26 14 15 30 33 24 28 14 18 16 28 43 42 36 29 16 15 16 26 27 28 19 8 4 6 18 
18 23 18 22 23 24 21 23 30 39 38 40 56 89 123 151 199 213 209 203 166 106 65 34 9 20 27 34 30 7 5 16 21 34 3 23 25 28 24 17 7 28 32 25 23 19 17 16 26 36 34 28 20 12 7 17 19 21 15 8 17 15 13 23 
26 24 13 16 17 21 24 31 36 33 32 56 91 138 175 202 231 222 196 167 118 66 36 16 12 18 22 24 21 4 12 14 14 24 15 24 24 28 22 17 17 31 31 24 20 15 7 9 20 28 26 21 14 11 6 18 11 25 24 22 29 30 30 37 
36 27 16 23 26 25 22 21 20 21 44 75 117 165 198 214 215 185 147 110 68 34 15 14 16 12 11 10 23 20 13 12 8 14 14 12 18 23 24 22 24 22 20 17 24 16 4 7 18 26 23 19 17 15 11 19 13 31 29 15 23 27 27 38 
19 13 12 25 30 24 22 19 19 39 76 119 161 197 219 213 185 149 108 66 35 16 16 18 25 23 31 30 16 14 15 15 18 27 30 22 22 18 19 15 15 10 22 34 35 25 18 19 23 29 24 20 24 20 15 15 19 36 41 29 32 34 33 40 
13 14 15 25 33 28 21 21 48 84 134 181 212 229 229 197 149 111 69 27 15 12 24 18 18 22 33 31 29 26 19 17 27 33 35 30 31 20 19 19 16 13 15 16 14 18 10 18 18 28 25 25 32 29 24 19 21 26 33 16 24 30 30 37 
22 23 27 30 25 22 23 44 82 122 169 202 215 211 191 149 98 69 37 5 11 19 28 20 18 12 18 14 18 21 18 19 34 34 30 29 36 27 25 30 24 19 23 12 7 18 4 21 15 27 31 30 40 35 31 27 22 29 39 27 30 33 35 39 
17 16 17 18 12 15 32 65 112 151 187 205 196 170 140 101 57 43 22 7 9 14 30 25 23 15 17 14 20 26 19 15 33 28 14 17 26 21 20 30 19 13 25 13 14 18 17 25 15 17 18 14 33 33 27 32 21 27 46 46 46 42 41 43 
22 23 18 17 6 28 63 106 159 191 211 215 189 149 112 80 46 38 19 9 14 14 28 17 16 13 23 22 30 29 19 13 27 27 16 15 21 13 14 31 15 8 25 12 20 17 20 23 16 12 9 7 20 20 15 34 28 14 34 51 60 60 57 53 
30 26 15 7 21 62 103 144 189 204 204 188 150 105 74 54 31 28 12 12 25 20 20 5 12 9 14 4 16 12 15 12 16 19 13 16 28 24 24 30 14 13 16 14 21 20 16 18 16 7 3 12 20 16 7 30 36 32 32 40 46 46 46 45 
28 18 20 30 52 93 132 165 200 198 176 140 95 54 33 33 26 25 14 14 30 23 17 11 17 14 12 16 26 25 21 12 11 17 15 22 31 20 16 19 10 17 3 9 10 21 13 17 18 13 12 16 18 22 21 28 34 32 29 34 34 30 29 28 
40 32 47 66 94 141 178 196 211 192 149 101 59 23 13 27 30 25 18 16 28 25 19 18 21 19 11 7 18 8 13 6 11 17 18 28 35 24 17 20 17 22 9 8 2 17 11 17 23 27 28 30 24 21 18 18 26 24 24 24 17 17 20 13 
40 44 76 106 145 194 218 211 201 164 114 75 50 35 29 29 29 23 22 19 26 22 17 14 14 18 17 18 20 13 18 3 5 10 9 27 33 26 22 24 20 28 16 11 8 14 12 8 9 12 14 23 29 26 20 12 22 24 33 26 7 22 25 24 
83 96 128 159 189 213 211 180 153 112 71 47 35 27 23 16 16 12 15 9 16 15 13 14 9 24 25 26 33 36 43 23 16 17 12 27 28 22 19 20 7 24 16 14 13 9 11 12 15 15 12 18 27 24 22 14 17 24 33 33 22 22 18 19 
88 105 142 171 189 198 185 144 111 80 50 35 28 23 24 9 12 9 11 9 13 15 11 17 20 32 26 22 31 28 43 33 32 38 20 17 19 25 31 31 24 26 13 16 20 7 7 22 24 24 21 21 30 29 22 12 11 24 30 24 21 21 16 19 
77 102 149 179 192 195 170 119 86 63 40 32 34 32 40 27 25 24 25 26 27 25 12 12 14 26 17 12 27 15 32 15 19 49 29 12 8 9 23 30 24 26 17 12 23 11 3 19 5 2 5 24 33 34 24 12 10 30 37 28 31 32 24 21 
87 114 162 184 189 182 142 85 60 44 19 16 22 24 47 34 31 31 33 31 35 36 25 21 22 27 15 14 33 13 32 7 8 54 34 14 11 5 20 34 29 33 23 14 28 11 5 20 8 10 7 24 30 33 32 19 12 37 39 28 27 21 12 11 

6 4 7 11 3 5 9 17 33 21 7 20 34 37 39 39 32 17 5 12 26 19 14 10 6 7 9 22 31 31 36 29 28 8 13 8 15 18 23 33 25 14 12 11 13 7 6 15 20 17 26 15 30 20 27 36 37 34 39 38 65 94 116 131 
3 8 8 10 6 3 6 14 30 29 29 38 39 31 35 40 33 18 7 12 24 20 16 14 8 9 13 22 31 32 38 29 22 6 11 4 10 18 25 31 24 15 12 5 6 7 11 18 22 22 28 16 32 20 20 30 29 38 51 65 102 132 154 164 
10 12 13 14 7 5 4 10 17 16 25 30 25 22 31 36 28 15 12 20 31 29 24 21 15 21 27 29 34 32 35 27 23 13 18 6 3 11 17 31 32 31 30 21 16 6 13 18 21 24 32 23 36 31 34 38 32 54 77 104 146 172 188 192 
25 25 21 16 12 5 10 14 13 9 16 16 18 24 34 34 25 18 18 26 35 32 25 22 16 21 21 15 29 27 37 33 29 25 32 12 8 8 10 30 29 29 25 22 22 10 12 18 26 31 38 21 33 27 35 46 41 72 103 141 184 199 204 200 
10 5 7 11 21 12 7 9 11 21 27 24 19 23 32 31 22 18 16 3 14 22 27 26 18 26 30 21 31 25 31 34 26 37 45 24 23 12 13 28 21 25 27 31 29 17 14 19 18 20 33 19 33 19 21 41 57 107 144 184 219 213 198 180 
10 12 17 24 30 29 6 8 10 25 31 23 23 16 19 15 8 11 20 14 8 15 29 33 36 44 44 31 28 26 31 40 34 41 48 17 19 14 24 30 13 21 25 33 33 25 26 29 29 33 42 39 35 25 34 63 113 166 189 213 228 196 167 143 
14 21 13 13 25 38 13 13 14 30 36 30 30 18 16 3 9 7 12 12 12 12 24 23 28 37 36 25 21 23 42 49 39 33 36 9 33 32 36 34 15 23 26 34 32 24 25 27 21 23 32 26 8 49 77 109 164 199 203 207 195 146 111 86 
21 26 27 30 29 42 14 9 9 13 27 31 21 10 6 12 15 8 9 16 22 18 29 27 32 35 33 26 21 27 37 35 21 16 23 27 38 31 32 23 13 19 25 30 20 10 5 18 8 11 19 18 22 68 106 137 184 203 196 182 149 96 67 49 
15 12 20 30 33 30 3 11 24 29 18 14 21 25 23 29 25 21 20 24 30 22 21 24 33 27 23 27 27 33 31 22 10 6 16 28 34 32 31 27 33 39 39 32 16 8 5 19 13 15 12 26 48 94 150 183 209 207 185 153 111 67 50 42 
35 24 23 25 25 16 13 11 15 14 18 9 19 14 9 24 17 19 22 20 21 20 17 24 32 25 32 34 36 39 39 34 27 21 19 26 28 31 28 24 24 18 20 14 8 6 8 23 14 14 29 62 102 155 211 229 220 185 146 104 64 35 30 29 
16 24 27 33 30 18 19 14 20 7 29 20 26 21 19 31 17 19 19 12 10 12 18 27 35 37 47 46 40 34 30 18 16 6 15 32 21 26 19 23 22 11 22 16 15 16 15 30 28 34 61 106 148 193 228 220 182 133 97 59 31 17 17 21 
32 35 33 36 30 24 23 18 29 21 43 29 26 25 26 33 16 20 19 10 6 4 6 9 11 14 33 29 25 14 11 25 32 20 9 26 20 35 36 27 26 12 14 12 21 24 33 52 61 75 112 151 176 203 216 185 134 87 58 29 20 19 25 27 
33 26 24 28 23 24 26 26 34 19 36 27 25 30 30 30 14 16 18 9 6 4 4 6 11 15 31 17 23 13 9 30 27 20 14 26 20 18 28 19 18 7 12 9 27 19 23 57 72 99 148 180 190 206 202 151 93 53 32 19 13 18 21 18 
44 30 22 21 19 23 22 21 33 24 26 16 15 24 24 21 15 13 15 5 6 6 9 17 25 23 22 16 30 26 21 21 28 29 23 28 15 1 20 10 22 25 21 14 21 20 37 75 92 126 177 193 188 192 170 109 60 31 12 5 6 21 26 25 
28 26 20 10 14 20 23 16 23 5 14 6 9 11 10 7 8 9 18 12 4 5 17 29 38 35 33 35 39 37 35 23 16 15 17 24 13 13 17 6 13 13 19 16 24 33 70 112 137 173 205 195 172 155 118 63 31 18 16 17 32 38 48 54 
11 25 22 7 14 17 13 16 18 2 18 11 12 8 13 16 18 14 15 12 7 7 21 34 39 38 36 30 26 24 28 14 15 14 23 28 25 25 14 3 10 16 19 22 38 64 117 156 182 207 210 180 145 116 79 37 13 8 12 15 28 26 44 46 
15 25 25 13 16 21 9 20 16 20 26 24 24 18 17 18 16 18 17 10 7 15 21 31 31 31 35 27 10 12 22 26 22 22 31 26 11 4 16 18 21 18 15 46 75 113 169 195 208 214 191 148 110 83 54 23 10 9 15 17 34 22 41 37 
35 34 35 24 21 26 16 30 21 17 23 24 27 31 30 26 19 11 8 3 16 16 19 28 24 24 27 28 19 22 28 33 8 19 28 27 11 9 26 20 18 11 32 82 124 172 226 233 225 207 159 105 70 50 33 15 7 10 24 19 32 18 33 28 
41 37 39 28 24 19 23 30 19 12 13 12 15 23 28 22 20 21 15 14 21 13 12 23 19 24 21 28 29 31 35 37 15 24 26 25 9 11 26 15 17 32 70 126 172 220 254 230 204 173 116 72 53 38 29 30 25 19 19 23 33 35 44 40 
32 24 30 17 15 16 32 29 22 19 11 8 12 15 22 15 16 34 26 21 27 21 18 20 7 14 16 27 31 38 42 42 24 23 24 23 14 19 25 14 27 71 119 164 203 233 234 192 166 134 87 63 49 37 27 23 19 18 21 29 37 46 55 59 
28 25 30 21 20 21 30 21 14 10 13 13 15 15 24 25 29 50 32 22 24 22 26 25 17 12 15 19 24 36 42 40 29 24 19 24 26 28 23 20 64 121 166 201 225 231 206 159 131 96 61 48 36 30 21 16 13 17 23 29 29 34 39 43 
23 22 27 7 13 11 26 10 11 12 17 18 20 16 13 19 20 52 32 22 17 14 21 18 13 6 12 15 19 32 38 37 29 18 17 26 32 30 34 64 118 171 205 223 223 200 159 108 78 54 44 45 37 29 13 15 18 19 17 17 21 20 18 14 
38 24 21 1 18 14 18 8 15 16 23 27 30 33 23 22 18 42 24 20 19 17 21 11 13 8 14 18 23 30 35 35 28 13 18 29 36 42 65 111 165 204 218 210 187 144 96 57 38 30 36 42 41 35 24 16 19 19 19 13 21 18 15 12 
19 9 9 10 16 9 13 17 22 13 10 14 8 11 13 16 15 33 20 25 27 25 20 5 7 5 15 16 26 27 28 27 19 9 20 28 35 50 84 135 183 207 197 173 146 99 62 50 37 26 29 34 34 26 14 16 19 20 28 25 34 37 42 42 
24 17 9 10 10 13 23 27 21 10 3 11 15 12 17 18 21 28 19 25 25 28 22 15 7 11 19 16 27 27 24 23 14 4 17 24 43 77 118 162 197 199 169 140 114 71 48 48 25 18 12 14 23 25 5 8 15 24 36 29 30 33 36 39 
31 26 18 18 16 12 12 11 14 13 10 8 12 15 19 18 26 20 17 11 13 31 28 30 20 21 25 21 27 24 22 24 21 10 15 35 76 120 153 178 188 166 126 100 77 39 22 34 14 29 14 6 19 31 14 8 11 16 32 28 25 28 25 21 
28 24 12 7 21 13 19 20 18 13 11 10 12 16 18 10 25 12 19 3 6 31 25 37 28 18 20 10 13 12 14 20 23 26 49 80 123 163 181 178 162 126 78 55 45 15 9 27 6 29 11 16 15 34 15 6 8 5 28 30 15 17 21 23 
41 26 13 7 24 22 22 24 22 19 19 17 18 24 21 15 24 12 21 17 19 33 27 42 35 19 21 15 18 15 13 31 52 70 105 135 166 191 188 161 132 94 46 34 34 6 9 22 10 27 15 19 19 36 16 3 9 8 29 26 10 17 26 32 
27 21 18 12 27 25 25 26 24 21 19 7 13 24 30 26 27 22 23 26 24 30 31 48 42 25 20 22 33 30 27 52 83 115 159 184 201 204 176 137 104 69 33 25 26 8 28 32 25 30 22 27 19 32 27 26 27 29 24 19 8 26 38 38 
23 19 21 18 22 19 22 26 30 21 24 11 23 31 36 35 31 30 25 30 29 33 36 46 42 27 12 12 28 23 36 80 124 159 197 213 209 189 150 109 75 48 20 12 20 19 35 30 19 22 14 27 19 24 21 29 36 36 29 17 10 35 36 30 
24 21 12 13 14 21 26 36 41 25 32 19 27 29 3 19 21 23 25 28 28 29 26 31 35 21 16 18 32 41 70 129 177 200 220 213 184 151 113 78 51 37 18 18 24 27 36 30 18 17 22 28 23 21 21 27 30 34 33 18 21 40 27 6 
24 21 6 6 13 22 29 42 41 27 39 31 37 38 27 35 29 24 24 25 21 21 16 17 20 8 15 17 37 65 106 159 195 205 207 183 146 112 76 51 37 30 21 21 24 27 30 27 18 3 15 27 30 27 21 15 15 19 27 20 23 40 26 22 
18 18 19 17 17 23 30 43 36 22 33 27 33 35 21 29 22 19 21 24 21 21 18 18 20 16 26 22 49 98 137 169 195 189 164 133 102 70 45 33 26 21 20 18 23 26 23 19 13 9 17 25 29 30 24 27 26 33 44 30 18 35 21 29 
38 29 25 24 22 26 33 36 26 19 30 28 25 27 20 30 24 15 15 18 21 15 8 8 12 16 41 44 81 144 174 185 198 169 115 82 58 30 24 17 16 17 25 23 27 22 12 12 13 16 15 20 25 33 37 46 46 43 40 25 8 31 21 28 
16 12 3 14 26 29 30 24 18 17 29 21 9 17 17 27 27 13 8 9 16 15 17 12 13 30 62 83 129 188 203 193 184 139 75 45 35 19 27 24 23 13 22 18 24 22 19 28 27 33 24 24 26 33 46 50 44 36 30 34 27 36 36 38 
30 22 18 21 24 26 21 12 10 10 21 15 5 7 12 17 25 8 17 21 26 27 21 12 15 51 94 128 171 205 195 167 149 102 43 27 21 19 24 24 35 19 18 13 22 27 26 25 9 24 18 22 27 33 54 41 27 20 21 44 30 16 16 23 
22 27 28 28 28 26 14 3 12 16 22 21 14 11 15 20 33 23 23 29 31 28 18 18 52 93 137 169 193 197 167 132 112 65 16 21 17 20 14 39 42 18 12 6 21 28 28 20 6 21 14 13 15 21 50 18 35 30 32 49 27 13 5 16 
33 32 29 30 25 15 7 13 15 18 23 22 13 15 24 28 37 33 29 32 30 24 30 60 104 147 188 207 210 186 145 108 81 37 10 22 20 20 12 42 36 6 7 9 20 32 34 25 8 17 13 11 16 20 50 32 52 41 40 45 23 21 13 16 
37 31 26 26 17 8 8 9 11 11 19 26 17 13 22 22 21 29 25 28 23 24 61 101 147 185 210 209 188 143 100 71 49 21 12 21 18 20 19 37 31 11 14 18 10 27 38 33 29 22 15 12 16 12 36 11 38 19 20 30 13 12 13 17 
13 13 9 13 17 20 3 5 11 3 14 22 27 28 38 40 18 31 23 21 16 44 102 146 184 207 209 187 148 99 63 41 30 15 16 23 23 29 30 31 21 7 22 34 36 36 39 30 35 33 21 10 7 21 30 15 31 11 16 23 11 6 6 7 
33 31 22 19 12 25 9 14 24 19 28 9 10 14 17 33 9 31 19 23 33 81 148 187 205 207 190 152 111 71 46 26 13 7 14 21 16 16 18 19 21 28 28 23 29 29 37 42 40 36 26 18 21 25 19 17 21 12 21 21 12 11 9 7 
39 35 26 27 14 21 13 19 23 2 25 14 8 12 11 30 13 21 13 50 81 138 195 215 211 193 157 113 75 46 35 20 13 9 18 28 27 20 22 24 35 42 31 18 24 25 36 42 42 35 29 12 13 34 22 19 31 39 42 33 16 10 16 19 
34 25 21 24 15 9 11 19 22 13 31 21 17 22 20 31 9 19 60 104 146 195 225 222 197 157 110 72 42 26 31 17 16 16 24 27 24 13 20 28 37 40 30 18 22 32 25 26 32 14 28 3 10 44 34 23 28 33 45 40 26 12 6 13 
29 18 16 19 17 7 5 18 21 13 29 15 12 15 18 34 31 62 108 152 192 220 218 192 149 103 65 41 21 21 30 16 16 18 29 23 17 7 16 25 36 45 39 26 15 25 19 14 28 10 26 7 10 47 39 7 4 17 45 45 25 15 17 22 
24 13 12 14 24 26 25 36 32 24 31 17 17 13 28 40 57 98 143 183 212 217 192 150 102 63 33 21 16 24 30 10 5 14 30 17 13 7 14 17 25 33 25 21 18 21 25 21 30 23 26 12 8 44 42 20 15 18 38 41 29 26 28 31 
20 14 13 15 21 26 19 23 14 24 28 14 17 14 42 64 103 153 191 216 222 201 157 111 68 36 12 15 25 30 24 8 1 18 26 11 20 15 15 8 6 23 16 20 22 26 33 30 35 33 28 21 13 37 35 16 13 19 33 32 16 4 4 11 
19 19 16 9 8 12 9 12 9 24 29 25 28 45 78 107 159 199 215 218 201 155 100 59 33 21 18 18 8 13 13 12 10 24 18 10 21 23 19 9 9 36 32 38 41 43 49 37 38 38 28 29 21 32 33 18 20 35 42 34 21 16 18 19 
24 26 18 9 8 7 10 11 8 19 25 31 44 79 115 142 186 200 190 182 152 96 48 18 15 15 17 18 12 7 6 11 19 35 22 23 16 21 15 12 14 42 40 24 20 15 31 21 30 39 32 36 29 29 22 7 16 33 29 19 23 19 12 17 
37 32 20 10 6 12 8 10 16 25 23 39 74 125 159 178 207 197 170 151 113 57 20 17 27 23 22 23 19 7 7 12 19 30 8 26 15 21 15 15 13 40 39 30 23 24 23 11 25 30 28 31 24 24 11 6 14 31 23 24 30 30 25 31 
48 36 21 9 12 22 27 32 33 24 34 73 124 180 208 216 221 191 152 120 78 28 7 22 29 26 22 17 16 12 17 9 12 20 21 25 15 20 14 13 18 34 29 22 16 23 12 9 25 27 29 30 28 26 13 14 14 32 28 33 34 38 38 43 
56 38 21 10 14 27 30 28 20 24 64 106 160 206 220 212 190 145 103 74 45 11 14 23 29 28 22 16 21 15 9 6 9 15 19 15 12 12 11 11 18 16 19 23 25 24 15 17 29 27 28 29 32 29 16 13 9 30 27 29 31 40 50 59 
49 33 19 16 22 32 34 25 29 58 106 156 201 224 219 190 147 105 71 44 27 8 23 21 26 29 32 32 22 21 22 20 23 33 35 24 20 11 9 10 15 7 21 36 39 31 28 28 30 30 30 30 37 35 23 9 13 30 33 33 34 42 54 63 
42 25 7 11 24 39 40 38 73 114 170 218 240 235 210 164 110 74 48 22 20 15 25 16 10 18 22 24 21 22 19 18 28 39 42 33 31 19 15 15 13 8 18 18 21 23 25 26 24 28 31 36 44 46 39 24 18 17 18 18 26 34 50 59 
27 15 18 27 29 37 41 64 115 157 203 227 219 191 155 112 70 45 31 9 13 16 21 13 3 11 13 13 8 13 7 10 29 28 27 27 36 30 28 29 18 15 27 18 16 26 27 24 18 20 27 28 39 42 40 36 25 20 20 22 31 38 52 61 
17 16 18 22 23 34 52 97 154 187 209 208 176 133 101 71 39 27 23 7 7 10 21 19 13 11 15 16 13 17 14 14 33 29 12 9 21 12 10 22 2 7 30 21 15 24 28 20 9 6 10 8 22 24 27 41 30 25 34 46 54 54 58 62 
19 19 17 19 29 59 96 146 196 211 210 191 149 106 78 55 28 21 19 6 19 19 26 23 16 14 23 21 24 22 20 15 26 28 15 16 26 18 17 32 16 8 29 16 16 19 17 8 9 15 18 24 21 10 11 37 33 9 17 41 58 62 62 60 
18 17 21 33 61 104 143 181 211 201 179 145 100 65 50 37 13 15 18 18 35 24 23 21 19 14 18 14 16 16 15 9 15 25 21 26 33 25 22 29 14 14 18 16 18 20 12 4 15 24 31 39 36 23 10 26 36 20 19 27 33 42 43 46 
27 30 45 66 97 138 170 191 204 178 135 92 61 47 42 37 16 18 20 21 38 13 3 13 10 14 12 19 32 34 32 21 22 28 25 28 33 20 17 23 15 21 7 13 13 21 15 15 22 31 40 45 42 31 25 19 36 25 26 37 26 29 26 30 
53 60 85 112 143 182 206 204 195 154 100 57 35 27 26 28 14 15 19 18 32 13 6 15 11 18 15 19 26 17 22 12 13 18 16 27 32 21 21 27 19 29 17 13 12 22 25 24 28 33 37 41 40 35 30 14 29 23 24 32 14 12 11 13 
73 88 120 151 182 214 219 194 165 115 66 41 31 27 25 27 14 9 15 13 25 11 2 8 7 23 25 26 26 18 26 8 12 14 10 27 23 6 7 18 11 31 27 23 23 27 31 21 17 18 19 24 29 27 26 10 22 24 33 40 21 12 16 13 
107 126 158 183 196 203 185 145 113 72 40 31 29 27 22 19 12 8 12 9 24 21 16 17 20 34 33 31 34 36 48 28 24 23 15 30 26 26 28 35 36 39 33 30 27 26 30 18 15 12 6 10 21 25 26 18 17 26 35 47 45 34 27 23 
95 120 156 176 175 168 143 104 77 49 31 27 26 27 24 16 14 10 9 10 19 28 25 30 36 43 35 28 31 26 44 27 26 36 22 24 19 25 33 42 46 43 36 33 31 26 21 16 18 16 15 14 26 31 24 18 10 27 33 39 43 35 24 19 
84 115 153 171 160 145 114 76 54 36 26 27 30 31 30 18 16 15 18 23 23 28 21 23 30 36 26 15 23 11 36 9 12 45 27 21 11 12 24 42 53 54 49 42 35 25 16 12 7 14 23 28 31 28 15 15 3 31 39 44 50 47 37 31 
92 122 159 166 143 120 81 44 33 18 12 18 15 20 27 9 7 9 18 23 18 30 25 28 33 36 24 17 29 11 38 3 7 51 31 25 13 15 19 45 64 68 65 54 44 28 16 14 6 14 27 34 33 28 19 18 3 38 44 45 50 42 25 20 

26 28 30 36 37 40 41 41 44 32 32 25 29 23 5 19 19 8 7 18 26 20 16 10 6 5 5 5 10 32 44 47 56 46 35 24 27 27 12 28 23 19 24 19 15 8 6 17 20 16 28 20 15 10 20 25 29 34 53 67 105 136 150 153 
16 21 24 29 31 34 32 30 33 28 31 34 35 22 9 14 11 2 6 20 21 12 12 9 12 14 16 19 24 39 51 47 51 43 35 24 22 27 17 25 12 9 21 13 11 5 6 19 19 20 30 20 20 7 11 22 27 45 72 98 143 169 178 177 
15 16 15 15 16 23 19 18 18 15 21 23 19 7 8 7 4 8 9 21 23 20 17 14 15 21 25 29 33 42 54 44 47 42 35 22 12 21 15 24 15 14 20 7 11 6 9 20 17 23 33 26 26 23 25 30 42 75 109 141 181 195 195 189 
24 26 23 19 14 8 13 14 14 8 9 8 9 11 12 7 11 18 22 30 33 26 18 13 14 24 17 8 23 34 55 47 46 43 39 26 15 9 8 21 9 8 9 11 18 14 13 19 22 32 40 30 28 24 30 43 64 106 141 169 197 198 184 168 
16 5 4 9 21 17 10 8 9 11 18 15 11 12 11 13 16 19 17 16 16 15 21 21 14 26 24 12 23 24 43 42 38 44 43 25 25 7 17 25 10 1 7 21 22 20 19 23 24 27 36 29 28 22 14 45 93 148 178 195 207 188 153 126 
19 16 15 20 29 36 15 8 5 17 26 13 17 11 13 20 21 22 24 17 10 13 21 24 26 37 38 26 19 15 33 37 32 39 39 12 25 17 29 28 14 11 7 20 17 21 25 27 27 31 40 38 27 36 50 88 150 197 204 203 194 153 110 79 
20 25 23 28 35 46 16 2 11 20 26 23 26 14 14 19 17 10 11 11 9 14 22 12 7 24 26 9 4 13 39 42 35 33 27 15 36 30 34 26 18 25 17 20 15 16 24 25 21 22 29 15 15 73 106 143 192 208 191 172 144 93 60 37 
26 31 38 43 39 45 8 13 25 22 21 25 14 6 9 12 6 4 3 9 17 22 29 15 18 22 23 17 8 22 31 28 22 24 22 28 39 29 25 17 11 21 24 22 13 13 12 20 12 10 19 21 48 100 137 164 190 183 156 130 94 50 37 30 
15 21 37 51 52 41 16 17 25 30 24 22 26 28 24 23 21 23 19 20 23 21 24 19 30 20 14 21 18 28 24 15 18 24 25 31 38 27 19 20 32 43 42 30 13 9 10 21 15 18 27 52 90 136 178 194 192 162 126 96 65 35 30 32 
33 26 33 36 36 27 19 21 20 12 18 10 17 8 7 14 17 26 24 20 12 11 20 23 34 29 35 36 33 36 31 26 21 23 21 24 26 14 19 26 29 29 24 14 11 4 6 23 18 30 61 106 154 196 224 217 184 128 86 58 34 18 19 25 
22 33 37 36 30 25 23 18 22 9 30 21 28 28 25 31 29 34 32 22 11 2 15 21 31 34 44 44 39 31 23 13 6 8 17 30 25 18 12 21 23 20 21 12 15 13 16 36 42 63 106 155 195 218 220 190 138 79 48 29 17 12 12 18 
42 43 38 31 24 24 25 21 29 17 32 11 17 20 11 33 26 30 30 16 8 3 10 14 17 15 29 17 28 20 20 32 29 23 10 24 19 29 28 25 26 16 12 4 20 25 38 63 78 107 154 189 206 209 191 143 88 42 21 11 15 19 22 25 
32 24 23 19 16 17 21 27 38 23 25 17 18 28 11 31 18 21 28 11 7 6 12 17 10 13 33 15 23 20 22 37 28 21 17 27 27 33 34 26 21 9 6 10 26 24 40 78 102 140 186 203 201 193 162 102 54 30 23 24 21 21 12 13 
25 14 7 12 20 19 20 20 34 27 20 12 6 25 13 24 13 12 23 5 12 15 19 19 18 21 30 23 10 8 13 29 36 34 28 26 21 18 19 10 23 31 30 33 36 37 69 111 135 173 206 199 180 162 122 67 34 23 19 15 16 17 14 21 
21 20 13 17 22 24 30 21 26 23 18 12 3 17 18 17 10 8 18 6 11 19 28 28 31 34 42 46 37 29 24 13 11 8 12 21 18 19 17 10 15 15 22 39 52 68 120 159 180 210 215 184 151 121 78 36 18 18 22 21 29 28 33 44 
21 31 26 22 23 16 21 21 21 23 22 15 11 17 23 20 19 13 12 3 9 17 28 22 19 20 27 39 39 33 32 16 6 7 19 25 24 24 12 3 15 17 21 51 73 109 169 196 211 225 201 156 118 83 45 18 11 15 19 14 22 15 33 50 
36 36 32 28 27 18 14 21 9 21 20 12 14 12 11 7 12 13 11 5 6 15 20 14 14 16 18 7 10 12 24 29 16 17 28 24 12 12 22 25 26 15 29 80 115 157 208 216 218 211 169 120 84 52 23 9 4 3 14 14 30 19 39 53 
37 34 35 30 28 21 12 21 16 21 21 18 20 27 17 13 12 9 5 10 11 14 11 6 12 6 14 8 12 13 24 38 14 16 25 23 16 14 24 17 17 24 61 122 162 200 234 221 203 177 126 84 57 32 12 13 12 15 24 23 32 22 34 45 
25 24 33 25 23 17 21 29 22 20 16 10 8 21 19 14 14 19 12 19 20 18 16 14 19 18 13 12 17 20 28 44 23 23 24 22 19 12 21 7 27 60 107 166 202 225 231 189 156 125 84 63 51 33 14 12 11 7 7 12 20 10 18 25 
16 17 32 19 21 25 35 33 25 21 14 13 7 13 15 8 10 33 27 25 27 29 33 31 27 27 18 20 11 20 29 42 27 17 14 17 19 13 15 16 52 105 155 195 216 215 189 139 114 90 66 61 51 38 28 18 13 13 12 9 18 27 33 41 
25 27 38 29 24 21 25 20 13 12 14 14 9 8 16 14 18 45 31 13 15 14 23 26 24 29 21 22 6 13 24 33 22 10 7 20 24 11 9 47 104 162 199 217 217 192 148 102 82 58 45 50 45 42 37 26 17 16 13 10 10 20 29 37 
21 15 31 12 15 11 23 16 4 11 17 18 14 8 9 14 15 48 33 16 12 11 21 20 17 24 21 23 12 11 17 21 21 13 15 22 25 27 56 111 170 209 223 220 194 149 102 62 43 25 28 42 44 42 34 25 21 21 18 19 23 17 16 14 
48 31 27 6 23 18 18 14 8 16 23 26 24 22 12 14 10 40 24 6 6 17 19 9 15 14 16 21 18 10 17 18 22 16 16 26 36 56 97 154 199 214 206 182 144 96 58 36 26 16 20 33 41 43 38 26 15 14 18 23 30 24 18 12 
30 21 19 15 25 12 18 23 21 18 15 16 6 11 13 15 15 33 12 11 7 27 20 6 11 10 15 18 24 12 15 10 11 17 14 28 43 77 123 168 195 192 163 129 98 56 30 30 24 7 8 18 30 32 24 15 7 13 25 30 34 34 36 35 
38 33 30 30 30 23 27 29 19 10 9 11 7 11 20 23 21 25 7 21 29 46 37 29 12 8 15 11 22 18 18 13 9 13 13 36 67 116 159 185 196 174 129 98 73 37 25 38 25 18 14 9 26 28 15 10 11 20 32 31 31 33 36 38 
47 44 36 34 34 17 12 11 4 8 11 11 14 13 17 17 20 15 16 14 22 43 27 31 12 10 22 18 27 21 15 14 7 11 36 67 111 158 180 182 170 130 87 69 53 26 17 31 23 36 27 20 24 30 9 4 5 9 24 23 27 31 31 27 
42 41 30 27 34 13 20 20 14 12 15 16 18 15 15 12 21 10 20 7 15 37 12 32 24 13 25 18 23 20 15 18 26 45 81 118 158 186 185 159 127 87 48 39 33 10 10 24 23 41 26 28 21 32 9 2 7 1 25 31 18 17 17 15 
52 42 27 22 28 8 12 15 15 17 21 20 21 21 17 18 17 11 24 24 30 37 16 35 32 18 28 18 13 18 22 44 70 101 144 170 189 198 176 130 93 60 26 26 31 11 11 16 24 45 30 31 21 31 6 4 9 9 29 25 7 20 24 30 
52 42 25 19 27 18 20 18 19 18 12 9 12 26 35 33 31 31 30 32 26 21 8 31 31 9 28 33 30 38 51 85 121 159 198 210 213 199 154 106 73 47 27 27 33 12 9 8 20 42 27 30 15 27 27 27 26 27 21 13 15 32 36 37 
48 39 24 21 25 19 25 27 31 24 20 5 21 37 45 46 36 31 21 23 14 12 16 26 33 10 9 23 27 50 77 125 168 195 213 209 192 159 114 76 48 33 25 24 31 16 20 9 11 38 20 29 15 23 27 31 34 32 22 11 21 37 30 24 
44 36 22 17 14 20 30 42 48 36 30 13 21 27 5 13 14 15 12 16 12 18 15 12 29 11 17 29 47 83 120 175 212 213 206 178 139 105 75 51 34 26 21 21 26 13 18 13 12 33 25 27 15 10 18 21 24 29 30 21 27 37 24 4 
35 29 22 14 11 24 36 52 57 45 38 25 29 28 15 24 24 22 20 19 17 26 19 12 25 9 29 40 72 123 165 202 215 198 173 131 95 71 47 31 24 22 21 21 17 5 13 18 18 27 25 26 19 15 20 13 9 10 18 20 24 33 30 34 
32 33 31 21 18 27 39 54 54 46 39 31 33 29 14 22 23 23 26 29 29 31 26 23 29 21 49 56 98 159 188 195 194 162 116 78 54 34 25 18 17 15 16 15 6 13 22 21 18 25 28 27 21 25 33 35 35 36 38 27 17 24 24 34 
35 27 24 19 15 25 39 44 41 37 28 31 28 24 19 23 31 25 26 30 36 36 32 28 22 24 73 86 134 195 203 186 174 128 67 45 35 12 24 17 17 20 24 21 16 20 24 25 26 28 31 30 26 32 38 43 42 33 22 12 12 26 28 31 
9 8 5 10 16 27 33 29 30 28 22 24 13 18 23 24 39 27 24 25 31 35 36 31 20 50 108 134 180 224 210 173 146 98 40 27 32 10 28 27 30 22 23 17 15 25 29 28 27 32 33 31 26 31 37 37 38 31 22 27 25 35 42 42 
24 19 16 19 21 27 23 14 18 19 15 19 9 12 17 18 41 28 30 33 37 39 36 31 43 96 152 178 207 218 176 127 104 65 18 19 27 15 32 24 37 21 16 13 12 27 33 24 11 20 23 23 22 25 44 32 29 23 25 42 26 14 21 23 
32 37 38 39 38 36 21 6 9 12 9 17 5 9 18 23 47 36 30 34 35 32 30 53 96 148 189 201 204 182 129 88 74 41 9 20 27 24 24 28 42 15 2 11 14 29 35 19 7 15 18 18 15 15 43 17 37 33 33 44 25 12 16 21 
34 34 33 37 35 25 12 15 11 10 10 20 14 20 29 32 53 45 33 30 27 32 59 101 148 189 216 211 193 150 102 73 55 24 1 13 19 17 12 35 42 19 23 27 17 24 35 23 7 9 14 15 19 16 45 32 54 41 38 43 26 24 15 12 
34 26 20 22 16 16 16 15 5 9 13 23 19 18 18 16 39 42 27 23 27 61 108 151 190 211 213 188 149 96 60 42 30 14 13 22 22 20 21 33 36 33 41 45 33 22 30 22 17 10 13 15 20 6 31 10 40 10 11 26 7 16 15 23 
10 10 5 12 16 20 10 8 8 11 10 17 23 18 27 32 31 39 14 24 50 99 155 191 212 208 185 144 94 48 27 17 15 11 14 19 22 24 28 31 32 34 42 46 44 38 38 16 16 19 17 15 11 19 30 18 35 12 16 23 8 10 9 11 
40 36 27 20 14 27 11 16 21 22 27 5 17 11 15 25 17 29 11 55 89 141 196 214 204 177 142 101 61 40 34 22 11 12 19 22 20 15 17 19 22 30 38 33 32 27 22 16 20 24 21 21 21 23 15 17 24 18 25 21 5 8 2 9 
40 36 32 31 19 27 17 18 15 10 28 13 15 17 17 26 4 18 51 107 145 191 226 219 183 143 104 68 37 33 32 20 17 18 26 32 27 16 12 10 16 30 30 24 26 21 23 25 30 30 27 17 15 34 20 13 26 38 46 34 11 8 14 14 
28 21 23 22 10 15 20 22 18 16 32 18 17 29 27 37 22 54 112 164 198 226 227 199 153 105 66 39 16 19 24 9 3 3 21 24 20 17 13 12 13 19 18 13 14 22 14 11 25 20 24 7 4 39 33 22 24 28 46 37 18 14 13 18 
21 18 18 14 17 1 12 19 17 18 35 19 9 15 21 51 58 98 150 190 213 216 188 149 102 60 35 25 16 23 29 16 13 11 25 23 23 25 17 10 9 21 21 15 8 13 14 9 23 16 22 12 10 42 40 27 22 23 47 39 24 19 20 26 
11 13 14 16 29 28 28 35 27 21 36 23 20 15 44 72 95 136 174 199 206 189 146 102 66 37 18 17 18 28 31 16 12 12 29 25 30 31 19 11 8 17 13 6 6 16 27 14 16 17 17 15 14 40 45 34 24 21 39 34 30 25 22 24 
9 18 15 15 16 19 13 24 2 24 33 22 26 30 71 105 147 189 209 209 195 158 104 66 44 27 11 8 18 27 23 6 9 19 31 33 41 40 27 21 20 33 34 33 28 32 34 14 18 23 8 13 15 34 43 39 29 23 34 24 17 17 21 28 
23 28 25 22 19 18 15 20 8 20 27 28 39 72 118 151 193 213 201 177 149 100 45 21 14 15 17 16 10 18 20 19 19 28 33 35 37 36 20 12 7 32 27 30 35 46 51 32 26 28 7 16 20 31 38 36 26 30 36 22 17 25 28 34 
30 32 27 23 18 20 24 19 10 15 10 21 54 113 159 179 204 193 152 124 98 51 15 15 13 7 5 6 8 15 15 21 27 40 37 36 27 28 13 16 11 39 34 14 11 28 36 19 26 30 17 25 27 34 29 22 11 26 24 12 23 33 29 36 
30 26 21 17 7 15 11 2 14 14 13 49 101 165 194 199 206 174 122 97 75 33 17 19 16 12 12 17 18 16 21 26 30 36 26 30 15 19 6 12 6 37 32 20 6 26 26 11 31 29 20 23 21 27 14 8 8 27 20 19 21 32 31 41 
21 14 12 12 11 13 14 22 24 11 54 106 165 219 231 219 205 159 106 80 58 23 21 17 12 9 6 12 18 20 28 26 23 21 19 23 9 13 4 10 12 29 24 24 18 32 19 14 35 27 24 23 24 27 8 8 15 30 26 29 20 22 20 27 
20 11 6 5 12 12 16 20 19 39 98 150 200 231 221 193 159 108 61 45 35 18 24 15 11 9 9 10 16 17 19 12 13 14 20 20 14 8 2 9 15 20 24 32 30 31 15 17 33 21 22 19 25 27 6 9 13 27 25 27 24 32 42 43 
14 24 23 22 26 24 25 23 51 89 147 198 226 222 191 148 108 69 38 27 23 13 29 16 3 6 17 27 20 16 15 12 23 33 37 29 21 12 10 13 18 9 12 29 36 30 23 23 28 17 20 20 30 30 15 11 12 23 22 22 20 31 45 42 
22 29 20 19 30 37 40 56 106 148 204 243 241 204 159 114 75 47 30 17 18 9 25 22 16 15 12 12 7 12 21 25 36 48 52 39 33 23 18 16 17 8 16 18 22 16 10 12 14 12 19 23 31 34 31 28 17 13 10 9 13 27 43 38 
9 21 24 31 41 45 47 90 151 185 221 231 196 139 96 66 45 27 23 7 13 16 17 19 18 23 24 21 20 27 34 35 41 39 36 30 36 33 33 30 21 14 26 21 12 10 9 10 9 2 14 13 19 13 11 32 21 14 14 15 18 26 40 33 
8 23 28 30 41 57 78 139 194 208 212 192 136 76 48 34 26 12 18 2 4 10 15 22 20 21 23 22 24 30 39 37 43 38 26 15 22 17 19 21 5 4 29 26 14 9 12 9 10 9 17 24 23 15 15 37 26 17 26 35 37 34 33 22 
13 24 31 40 65 101 141 193 225 215 194 157 103 57 36 23 17 4 19 8 20 24 25 31 23 20 23 20 27 33 40 35 33 32 19 13 26 20 19 28 12 6 27 24 16 16 7 13 14 14 21 30 28 23 19 30 26 4 12 27 29 31 26 18 
18 31 48 70 106 152 186 212 218 186 148 106 63 34 23 16 18 5 20 14 34 33 35 39 31 25 20 18 23 26 28 23 18 27 25 27 35 23 16 21 7 11 16 17 13 19 9 17 18 23 31 37 38 33 26 18 30 19 26 36 8 18 13 15 
30 45 73 106 139 177 196 199 187 146 99 65 51 44 38 30 19 1 19 17 35 18 22 30 15 27 15 20 32 34 33 22 19 29 30 31 34 22 17 22 18 19 1 12 15 21 15 20 22 27 34 32 28 22 31 17 34 30 34 49 27 21 18 19 
66 81 117 153 175 202 209 186 155 109 62 39 41 40 36 31 19 10 22 20 35 27 28 33 24 36 28 28 28 16 24 13 11 12 18 25 27 21 25 30 24 27 15 12 18 23 25 25 24 21 24 21 24 25 34 21 30 33 36 49 36 23 20 24 
98 117 154 183 194 208 195 151 112 68 31 22 29 32 30 28 18 11 24 24 34 26 28 27 27 41 39 36 27 14 30 11 15 10 18 27 18 6 10 18 16 25 24 14 20 25 29 23 20 13 12 13 17 20 30 24 21 29 36 50 42 21 19 15 
120 140 168 184 176 165 134 90 63 36 20 21 24 24 17 15 8 9 21 20 32 30 28 30 35 45 39 33 28 28 46 28 27 18 21 28 22 28 31 37 40 36 24 8 13 9 19 17 17 10 7 11 17 23 28 29 14 22 27 41 49 34 27 23 
103 125 148 159 137 114 86 58 41 25 23 27 25 26 19 12 10 11 14 16 28 38 40 47 51 51 39 29 23 19 41 22 19 23 21 25 22 29 27 31 36 33 19 6 11 15 17 12 9 11 16 22 27 29 21 24 9 15 18 23 37 30 21 18 
95 117 137 144 114 87 66 48 34 21 18 25 22 25 21 13 11 10 11 20 21 25 26 37 39 38 27 16 12 8 40 17 17 33 19 18 16 24 16 25 37 39 34 24 12 11 15 8 6 17 26 29 22 16 16 25 19 16 22 27 41 42 36 33 
99 120 133 130 90 59 43 31 22 10 10 21 13 29 29 23 21 19 21 27 14 21 22 37 40 36 24 17 18 11 41 16 18 39 20 19 17 26 13 23 36 38 40 30 12 6 17 6 4 13 23 30 18 12 21 30 24 17 22 28 45 48 39 37 

12 12 16 22 17 14 10 30 36 16 17 21 20 16 13 12 10 12 9 21 23 13 13 15 13 12 18 32 33 39 25 22 18 15 15 10 22 14 16 28 22 25 25 16 16 16 21 31 33 33 43 39 19 14 20 16 13 38 80 110 154 179 177 171 
12 15 18 23 24 20 19 28 27 11 12 21 24 17 17 14 12 12 7 21 19 10 16 17 17 20 27 33 29 34 28 14 19 20 19 16 18 19 19 26 9 14 22 16 18 13 18 30 27 34 45 40 23 14 14 7 17 58 102 135 176 186 173 163 
5 4 7 11 19 25 23 22 17 6 8 13 11 8 12 10 15 14 11 18 18 18 17 13 13 19 22 26 24 32 37 15 22 26 22 24 17 21 19 22 12 13 18 12 12 7 14 26 20 29 41 39 26 23 24 29 58 101 141 167 193 185 163 148 
21 18 13 10 7 13 17 15 13 7 9 9 3 9 6 4 11 17 20 24 27 24 16 9 10 20 14 8 11 25 45 30 24 30 29 32 24 10 12 16 14 16 18 19 19 14 13 19 20 30 40 42 30 30 39 57 97 141 169 179 187 165 131 107 
33 28 22 16 19 18 15 12 9 11 17 13 7 10 7 11 15 21 20 16 15 9 12 16 16 28 21 12 14 18 38 33 22 38 37 33 34 15 21 24 22 20 19 26 22 17 11 15 19 24 34 36 22 27 40 76 136 180 192 185 174 137 89 61 
29 30 27 24 24 28 7 8 4 14 23 5 11 9 13 18 20 23 22 13 12 10 9 15 22 35 30 20 14 14 34 36 29 39 37 28 38 24 30 24 22 21 15 23 18 14 15 13 13 19 26 25 15 52 83 129 186 211 198 174 145 98 54 36 
28 33 31 31 29 33 10 20 18 16 17 14 21 14 18 21 18 15 12 9 8 13 15 13 16 26 20 7 11 24 40 41 34 33 28 29 44 33 30 23 22 28 20 22 19 8 18 17 11 16 18 9 46 103 143 181 212 205 169 134 95 47 31 36 
27 33 39 41 31 27 12 27 28 23 15 21 14 12 17 19 17 17 8 6 14 19 21 15 21 19 17 21 17 33 34 32 29 25 27 35 47 37 25 18 17 19 21 20 18 15 6 15 4 11 28 41 83 136 166 185 189 160 120 92 58 21 21 27 
12 14 27 37 37 24 25 34 23 23 17 21 24 26 23 22 20 19 16 21 22 20 16 12 26 10 11 24 23 38 33 30 36 33 35 39 48 35 14 16 29 40 40 27 10 14 11 22 23 37 62 92 136 173 189 188 168 121 82 65 45 26 21 27 
25 23 25 7 12 13 24 39 26 15 16 16 13 8 14 15 12 16 14 17 8 7 12 13 28 26 34 37 32 39 35 33 36 33 32 29 33 18 17 26 26 26 22 13 9 9 12 32 40 65 107 153 195 217 214 189 148 88 52 40 30 23 17 23 
10 27 25 10 16 22 26 34 28 19 26 29 27 30 31 28 20 19 20 18 7 5 15 8 21 25 35 38 29 21 15 17 27 24 25 27 27 18 9 18 20 23 21 10 9 5 20 50 65 98 147 186 212 215 192 153 107 54 35 27 22 23 19 21 
30 31 21 15 26 31 29 32 27 14 23 29 26 32 14 21 7 10 28 19 11 8 13 9 14 15 20 14 26 10 8 23 32 33 25 26 16 12 12 19 24 22 14 7 18 30 57 89 108 143 182 199 202 186 148 100 59 21 14 9 17 24 25 24 
14 12 20 29 41 42 34 32 29 12 13 27 21 40 6 24 9 9 33 15 12 11 19 25 19 17 24 17 30 24 17 24 16 9 13 28 27 27 26 22 19 14 9 21 29 41 77 116 140 175 201 196 180 154 109 61 31 16 18 19 23 21 15 17 
10 14 20 32 40 42 38 28 26 15 12 25 17 38 0 23 8 6 29 9 16 14 19 22 20 19 24 24 24 24 23 29 34 30 30 34 31 24 16 6 18 30 31 40 43 56 108 144 163 190 194 168 141 114 76 43 26 19 19 11 14 14 20 26 
24 27 26 31 33 36 39 27 15 4 6 21 10 23 15 20 11 9 23 8 13 13 16 19 23 27 37 42 33 25 20 9 19 15 18 25 22 16 10 10 11 6 13 43 61 96 161 183 191 202 177 135 109 79 47 30 22 19 22 19 21 19 21 29 
36 39 34 31 28 26 30 24 9 9 8 18 11 18 26 25 21 15 15 2 4 16 21 17 20 14 20 36 34 29 29 14 10 14 21 24 19 15 10 7 20 12 24 69 99 148 204 204 200 194 148 109 87 56 30 26 25 23 24 17 15 8 20 31 
42 36 31 27 20 14 20 23 10 11 8 14 15 10 15 18 19 19 15 10 6 15 17 16 27 26 20 11 16 13 26 29 13 21 30 28 25 26 29 28 27 16 54 115 150 188 220 202 187 164 112 83 68 45 24 18 14 10 16 14 24 15 24 35 
31 24 26 21 12 7 12 25 24 13 10 15 19 26 11 17 14 16 15 15 6 12 12 13 24 21 23 15 22 18 24 39 14 12 22 21 22 21 20 9 29 53 99 162 192 208 217 181 151 117 71 59 55 40 22 17 13 15 25 28 29 23 30 37 
22 18 26 15 6 7 19 34 27 5 3 3 8 27 16 18 14 22 15 24 14 15 18 12 26 21 26 23 26 23 24 44 28 24 26 19 20 19 17 23 58 99 147 201 216 208 192 138 101 72 44 48 52 44 32 24 14 10 13 17 18 15 18 21 
21 22 33 17 22 28 35 38 23 12 8 3 5 20 16 9 9 36 27 35 26 24 29 22 23 24 31 33 24 21 18 39 31 18 14 6 8 10 21 48 94 144 186 215 208 177 138 90 69 55 44 51 51 45 39 30 20 12 12 13 20 27 27 34 
24 28 41 29 29 21 18 21 8 15 13 3 7 13 13 5 13 44 24 18 11 6 16 12 13 20 22 34 24 19 11 25 22 5 6 12 15 27 48 91 148 192 215 214 184 136 92 56 43 31 25 37 43 44 43 36 23 12 8 15 18 29 32 34 
24 19 30 8 22 14 14 17 7 20 18 13 15 11 8 9 20 47 31 19 16 18 23 17 15 23 20 30 22 15 7 19 22 12 10 10 39 67 103 160 208 225 218 191 142 88 53 30 23 20 20 32 42 39 39 34 27 21 20 27 26 23 22 18 
47 35 27 9 28 21 22 22 12 18 15 18 21 17 6 6 15 40 26 7 9 17 13 6 8 12 13 27 22 13 12 19 25 17 15 30 69 106 147 195 216 204 175 135 89 44 23 23 19 15 17 20 33 31 33 26 12 6 9 18 18 8 10 11 
25 20 16 14 31 21 26 30 21 18 10 12 12 18 16 10 16 33 17 9 7 25 14 6 9 6 10 26 24 6 7 8 15 14 13 45 87 128 167 195 195 166 121 84 57 22 11 24 18 8 17 19 29 26 23 19 4 3 10 17 18 20 24 26 
33 30 23 21 30 23 29 37 27 18 12 12 12 18 21 15 16 23 11 25 34 48 41 37 15 10 15 22 25 20 16 9 9 15 38 75 119 164 192 201 186 143 93 66 46 17 10 27 15 23 29 30 39 37 31 23 16 15 15 11 7 10 19 27 
35 34 20 19 28 10 14 16 5 8 9 7 9 17 26 20 19 21 21 22 25 36 18 32 20 19 26 24 30 27 17 9 16 41 81 121 165 199 205 187 152 100 62 51 40 26 18 22 13 34 29 26 29 28 12 9 5 2 14 19 25 21 21 22 
22 26 15 21 36 18 22 25 21 21 22 20 18 21 24 22 27 24 22 18 19 26 8 35 34 28 31 23 27 24 24 27 45 83 130 168 198 210 192 148 104 63 34 32 25 11 11 12 18 37 24 31 24 30 12 12 9 8 28 33 23 18 10 11 
32 30 22 24 35 18 15 14 14 17 19 18 18 20 19 20 22 24 28 34 36 28 20 40 43 32 32 15 14 25 43 70 103 141 184 204 212 207 171 115 72 42 23 29 28 6 10 10 25 39 22 32 19 24 4 8 8 9 29 24 11 21 19 25 
27 25 23 27 38 33 30 21 15 10 8 9 13 29 38 38 41 39 32 39 28 14 8 32 42 32 42 36 36 57 85 125 164 199 228 229 221 197 146 95 59 34 23 32 33 13 12 11 27 37 16 30 16 25 24 21 19 18 18 14 20 32 35 40 
22 20 22 24 32 32 29 31 29 20 7 9 27 38 45 48 40 32 17 26 15 16 19 21 33 12 20 31 48 84 119 165 200 213 214 196 170 135 95 62 36 22 24 31 33 15 19 15 23 35 15 33 21 27 27 27 28 26 16 4 20 32 26 27 
17 14 23 21 23 30 24 32 39 32 16 13 24 21 5 10 9 14 15 21 19 29 24 14 25 6 24 41 77 124 162 203 221 203 177 141 103 75 54 38 25 17 19 24 25 3 16 18 18 26 11 27 12 6 14 19 24 27 27 19 24 31 24 15 
23 21 27 24 21 27 23 36 44 37 23 19 27 18 7 15 24 36 38 37 38 41 28 18 22 16 45 60 109 165 198 216 208 171 133 95 68 50 32 23 19 17 20 22 17 3 19 24 18 16 7 21 10 2 12 14 16 18 20 19 21 28 35 43 
43 45 41 27 21 21 26 45 46 39 28 27 31 17 6 17 34 42 44 50 52 47 40 34 28 36 75 89 141 195 201 183 162 120 75 49 35 18 16 11 10 15 22 20 7 15 31 26 13 8 8 17 6 15 27 34 34 33 28 18 11 13 19 24 
49 42 32 20 10 15 33 40 34 29 14 27 26 22 23 27 48 42 41 50 58 56 49 40 15 56 116 134 177 217 195 150 123 83 39 39 37 21 24 17 15 20 24 18 14 26 37 26 23 16 14 17 11 21 25 32 30 22 10 9 15 20 19 16 
37 34 33 30 22 25 32 31 24 19 3 24 16 22 27 31 52 37 37 45 51 51 41 33 32 99 166 185 214 231 185 127 97 63 24 23 33 12 24 26 28 16 11 11 17 32 41 27 21 22 19 17 8 19 20 21 27 24 24 23 19 27 33 33 
24 26 33 33 23 23 23 22 15 12 7 22 10 13 16 23 49 28 28 37 39 39 38 53 94 162 211 215 219 198 130 75 60 42 16 26 38 25 37 29 34 16 3 14 18 30 41 24 12 15 15 13 14 19 36 32 31 24 34 41 20 7 6 4 
39 42 50 50 43 40 28 20 8 12 14 24 13 2 8 18 45 27 21 24 27 39 57 102 160 210 231 216 193 144 82 48 44 34 20 31 41 37 41 29 35 12 13 20 18 25 38 17 5 10 13 13 18 18 44 39 45 41 38 40 18 6 17 26 
36 36 39 41 35 25 16 19 1 15 16 23 18 15 20 27 47 32 21 22 39 66 102 150 197 220 221 193 157 107 66 47 37 24 14 19 30 30 31 27 33 20 33 33 25 15 32 24 12 2 6 7 22 22 47 46 58 46 38 38 22 23 15 17 
29 19 15 16 10 19 23 21 6 16 10 15 15 20 14 20 41 28 15 41 77 122 164 198 221 214 187 146 100 52 31 23 18 17 18 19 18 15 18 15 24 28 39 42 39 19 18 20 17 7 3 5 25 18 34 33 49 27 18 22 3 22 20 29 
14 14 8 10 17 20 15 14 7 16 7 9 18 14 19 27 32 23 27 72 120 171 207 223 220 184 138 95 47 16 10 9 8 15 20 12 16 17 21 17 18 23 32 32 36 25 25 15 13 13 10 7 15 24 34 35 45 29 22 21 7 19 20 22 
43 37 27 20 18 26 14 16 16 22 21 5 20 15 19 23 18 15 50 111 155 198 226 218 180 125 86 60 30 34 27 20 10 9 25 15 15 12 18 22 21 26 31 20 23 8 14 19 21 25 23 20 18 16 16 28 38 33 27 18 7 18 20 23 
56 45 37 33 24 28 14 10 9 17 25 15 16 17 17 22 15 36 96 162 192 220 231 199 138 81 57 42 23 36 29 23 24 19 28 23 24 22 22 26 25 31 30 18 21 13 17 23 22 24 26 17 16 30 17 15 28 40 45 27 7 15 22 22 
31 23 22 17 3 18 22 20 13 19 30 17 17 30 27 42 49 92 159 208 221 227 210 166 107 58 40 30 19 24 13 6 9 6 22 17 19 25 25 28 27 27 28 21 15 19 17 8 13 12 19 10 7 33 21 9 22 31 48 30 4 15 22 25 
24 27 22 13 15 4 16 18 12 20 35 22 17 16 27 76 99 140 187 209 205 186 150 113 67 28 18 17 14 21 16 13 10 7 22 17 20 24 21 23 25 29 31 25 22 21 23 15 16 16 19 18 13 35 25 9 23 30 50 33 16 20 25 27 
21 24 17 19 32 30 31 32 24 28 40 30 22 13 69 122 154 182 198 194 170 138 96 66 41 20 8 12 15 22 24 23 18 12 22 27 34 36 27 21 21 17 14 4 6 18 26 12 8 14 9 16 17 36 34 26 24 25 43 27 18 16 11 16 
23 25 16 18 12 12 12 23 15 37 41 29 29 52 117 168 203 221 213 183 147 107 63 38 27 19 13 10 12 21 23 19 14 11 24 34 39 43 34 27 25 29 33 32 31 35 31 18 18 22 7 7 11 27 33 37 33 30 39 22 20 29 30 39 
30 30 24 27 24 21 18 24 20 30 33 42 62 115 177 208 228 218 176 131 97 59 21 12 12 12 17 16 10 19 18 7 3 11 24 30 28 35 24 17 14 22 22 23 28 42 40 28 21 25 11 4 8 18 23 33 28 27 32 14 20 33 24 29 
38 33 26 27 21 25 31 25 20 18 24 51 99 173 217 220 219 178 117 79 60 30 16 19 21 14 11 10 11 20 13 10 16 31 39 36 30 34 24 23 17 30 36 26 24 36 28 14 24 24 8 13 21 31 29 28 20 23 22 12 27 45 33 32 
42 34 27 28 23 27 21 12 16 11 47 91 153 215 227 211 197 146 87 60 49 21 13 10 17 16 15 17 18 17 6 15 27 39 39 35 26 28 19 22 14 31 34 28 22 33 23 15 35 22 4 10 19 27 23 23 19 21 14 15 21 42 44 51 
40 33 27 26 19 12 7 13 19 40 101 156 210 246 230 198 171 119 74 55 45 22 16 5 8 10 10 16 22 20 16 22 30 31 29 28 20 19 20 24 16 22 24 25 15 29 14 16 39 17 5 7 20 31 25 24 22 20 11 15 1 19 29 43 
31 27 23 20 19 11 15 27 48 86 152 197 227 231 190 145 111 68 36 29 30 20 18 3 10 12 13 12 16 18 20 25 32 27 28 24 18 17 22 27 19 17 23 31 26 24 11 20 39 11 7 5 24 35 24 23 20 18 8 15 11 19 33 38 
27 37 32 32 38 38 44 64 103 143 195 225 222 188 132 86 60 33 15 19 23 18 27 15 19 19 19 23 19 14 12 13 14 15 26 19 13 13 21 27 24 15 9 22 28 26 23 27 36 9 8 10 29 32 8 10 17 19 14 15 14 15 25 22 
32 38 22 22 41 52 70 110 160 189 226 240 205 142 89 54 35 20 14 10 15 11 17 21 33 36 34 32 27 24 27 21 27 39 45 33 26 21 17 22 21 12 13 20 25 24 24 26 27 11 4 13 30 38 31 21 12 12 9 11 9 19 27 15 
20 25 11 24 53 65 86 147 196 207 221 209 147 77 42 25 25 14 16 4 14 17 6 12 27 33 34 35 35 35 36 31 39 35 31 25 29 30 25 24 17 10 17 18 13 18 22 23 21 12 12 15 20 24 20 25 16 12 14 18 13 15 25 18 
15 22 17 30 68 95 129 194 225 210 196 159 87 24 13 19 24 12 17 5 5 15 5 15 26 31 33 37 38 34 34 34 44 37 25 13 15 15 6 9 6 3 17 21 8 12 20 18 16 9 19 29 28 27 24 28 20 11 15 22 20 10 11 12 
9 19 28 58 106 150 190 232 233 195 159 114 55 21 9 9 20 11 20 9 18 27 16 22 25 26 29 34 41 40 41 40 41 34 22 14 24 22 17 20 14 15 15 20 7 9 11 17 14 11 24 31 28 24 18 19 19 4 10 21 24 21 18 23 
9 27 53 92 142 192 218 228 206 156 112 70 28 18 8 8 25 6 21 13 33 36 33 41 39 33 24 31 36 29 24 25 22 24 22 21 27 14 8 14 9 17 13 13 9 13 11 22 17 22 37 36 33 23 15 11 27 19 23 31 22 29 28 34 
30 50 87 130 169 204 211 198 164 117 78 51 34 25 18 15 22 9 25 21 36 17 8 30 17 32 19 27 34 28 24 17 10 20 24 24 31 21 17 15 15 15 11 9 10 16 17 27 20 23 35 18 17 14 28 27 39 35 33 44 33 33 35 43 
88 106 145 181 196 212 203 167 126 86 55 44 38 27 21 17 15 7 24 14 34 18 16 32 25 39 30 32 29 14 26 21 14 2 10 18 27 26 30 27 25 19 18 7 11 17 23 28 20 15 26 12 21 21 30 29 23 27 29 41 36 30 34 45 
138 155 183 200 191 189 164 118 85 56 37 35 33 25 17 14 12 10 26 8 25 4 11 14 19 37 29 27 19 12 31 19 17 9 7 15 18 16 19 13 15 14 24 15 21 29 30 27 23 16 15 14 18 15 27 34 11 16 19 33 34 15 25 36 
153 165 179 180 151 129 97 63 49 36 29 30 30 23 10 6 5 4 23 8 24 21 19 24 29 36 24 20 16 19 40 27 25 10 3 15 19 29 33 33 39 36 29 15 17 19 9 13 16 14 15 21 22 24 27 37 10 15 17 24 38 18 20 33 
145 153 158 153 109 77 56 38 32 23 24 32 30 29 18 7 8 10 18 20 31 42 43 51 51 44 31 24 15 13 37 22 21 9 13 14 10 24 22 20 26 27 20 14 13 22 8 10 13 21 27 29 29 24 16 29 17 21 23 22 33 18 12 27 
153 153 148 134 82 49 39 34 30 19 18 26 17 25 16 6 9 8 13 30 26 25 22 30 23 17 10 17 4 8 39 20 21 17 13 13 9 27 21 22 30 34 31 27 15 19 9 8 11 20 26 15 6 13 23 33 31 30 27 23 28 21 20 31 
160 153 136 113 58 27 32 34 29 12 12 22 8 30 21 17 22 23 22 38 25 21 20 30 18 12 11 19 6 12 40 21 22 23 13 14 12 31 21 22 27 25 33 31 20 19 12 5 5 15 25 14 10 21 27 32 32 30 24 16 26 27 29 39 

15 11 11 17 8 5 13 28 27 12 12 12 10 16 26 16 15 13 12 22 26 33 33 25 22 22 27 33 33 51 43 28 12 7 20 16 25 21 14 18 39 52 48 41 32 24 41 43 31 28 33 40 23 13 22 27 49 96 148 173 200 199 174 158 
17 16 16 21 19 15 23 32 25 10 4 6 14 21 27 19 21 16 11 21 18 21 21 17 18 21 27 29 30 43 39 18 7 10 18 16 12 17 15 19 32 40 42 39 34 26 34 34 25 30 36 39 22 9 17 32 67 117 163 182 200 183 149 129 
15 12 11 15 22 24 24 25 18 10 9 13 12 17 19 19 24 14 7 15 10 16 11 5 10 15 15 15 19 31 37 14 6 10 10 18 8 15 14 17 31 34 35 31 22 17 25 30 20 27 33 35 23 19 37 66 111 155 183 191 194 161 123 104 
29 22 16 10 11 20 18 19 18 16 19 18 13 12 9 13 14 9 12 16 19 19 14 8 9 16 13 8 2 17 36 25 15 19 14 28 21 6 6 18 32 33 31 25 16 14 18 23 21 26 31 34 28 36 66 108 155 187 195 187 173 130 88 65 
41 32 26 19 8 18 16 16 21 27 33 26 15 7 10 15 13 16 18 13 10 6 11 12 12 22 19 14 11 14 30 27 19 29 18 27 32 15 11 24 36 30 24 22 18 20 11 10 18 18 21 24 31 55 91 140 185 203 193 172 144 95 51 30 
31 29 25 22 8 21 8 5 20 30 41 29 13 4 18 23 22 23 23 12 10 9 11 11 16 26 21 17 14 19 34 35 25 24 14 21 35 19 19 29 37 29 20 19 11 12 8 3 9 10 3 12 51 93 133 180 211 205 176 145 109 61 28 19 
25 26 24 22 6 19 15 28 31 31 33 20 9 17 25 25 23 22 22 11 7 9 7 6 12 21 23 21 20 31 36 33 20 9 15 27 38 24 24 34 39 33 24 22 18 4 14 12 11 19 22 43 92 142 178 209 211 177 134 101 64 24 15 20 
18 20 24 28 15 11 21 32 24 23 18 16 5 21 27 28 26 24 15 4 8 13 14 10 14 12 21 28 24 36 28 24 18 10 26 34 42 32 28 34 34 27 21 19 15 11 15 21 22 34 54 83 130 171 183 189 167 117 80 64 39 16 8 11 
19 15 12 18 21 16 27 33 9 18 10 13 18 19 19 20 18 17 15 22 25 24 19 16 20 9 17 23 23 36 26 21 16 18 34 37 45 33 23 25 25 29 30 20 6 12 24 42 51 73 107 141 178 194 181 165 132 76 49 48 36 32 24 27 
19 21 21 5 19 22 29 38 14 18 6 6 11 7 11 13 11 10 3 12 14 13 13 16 24 26 30 29 24 32 20 14 8 23 36 28 28 14 21 26 21 18 17 8 4 6 28 55 70 102 149 184 209 209 182 146 107 51 27 34 25 27 17 19 
17 24 20 5 22 25 28 33 18 21 12 15 12 22 26 25 19 13 11 10 11 9 14 11 19 25 30 33 19 16 12 20 27 29 36 27 22 12 12 19 19 21 20 3 5 10 41 77 96 132 174 191 198 182 144 105 75 35 24 25 20 23 21 17 
24 19 10 17 30 32 27 25 17 16 9 16 11 30 18 20 13 7 25 13 12 12 12 2 5 12 12 16 16 6 13 21 30 36 37 28 15 3 8 16 18 19 13 10 24 45 85 122 142 174 198 189 177 145 95 58 44 26 21 16 18 19 23 20 
18 1 14 29 39 36 30 20 15 11 4 23 10 42 12 16 8 8 33 7 8 9 16 20 15 14 16 17 16 10 11 15 17 20 25 21 13 18 22 17 12 14 16 33 44 68 115 150 169 198 203 172 143 105 58 30 20 12 14 12 25 22 22 25 
14 12 12 25 28 25 29 15 11 12 9 26 15 43 10 17 11 13 33 3 14 15 21 21 17 13 10 20 16 18 22 27 35 34 38 34 27 25 17 8 12 24 34 49 57 87 144 167 176 193 171 122 91 60 29 18 13 11 17 7 10 23 33 38 
17 20 21 27 23 21 29 18 3 8 11 24 13 27 12 14 11 14 28 9 14 18 23 22 21 21 24 30 22 17 20 21 32 32 31 23 14 14 6 12 9 4 33 64 89 139 193 193 189 186 136 87 62 31 16 17 7 8 12 14 16 19 21 22 
24 26 24 22 17 11 26 24 7 6 2 20 9 17 19 19 15 12 17 12 9 18 22 20 22 19 16 28 26 21 27 21 22 25 23 18 11 12 9 6 16 17 58 103 137 186 216 192 178 159 103 72 54 26 7 15 13 15 15 12 11 25 29 32 
20 16 15 9 5 9 24 27 13 8 4 17 14 8 12 19 14 14 7 9 10 14 15 16 21 24 20 11 15 5 22 30 21 32 33 32 34 30 26 24 32 48 99 152 178 198 201 165 147 120 68 47 33 24 13 17 19 14 15 13 8 22 29 34 
11 8 15 10 11 15 24 31 21 8 9 15 18 22 12 16 9 14 14 7 8 9 11 13 17 17 23 11 18 6 15 36 18 21 21 19 26 23 16 29 63 98 147 194 203 193 176 132 108 78 36 29 27 33 17 21 22 22 30 36 31 34 41 46 
12 10 18 7 13 13 21 30 18 5 4 3 5 25 9 12 10 15 15 15 11 10 13 9 18 8 20 5 15 12 18 42 35 27 26 18 18 28 40 68 114 156 191 216 205 172 137 90 67 47 24 30 34 43 34 31 27 22 26 28 22 21 27 28 
21 22 28 13 24 25 30 31 15 16 12 9 8 22 16 9 18 30 30 36 27 23 26 16 16 8 22 18 5 11 16 38 39 27 21 14 19 41 63 103 157 196 213 210 176 124 84 54 46 38 30 33 30 36 33 30 33 27 28 31 30 26 22 25 
25 30 39 28 30 17 15 19 18 26 19 14 11 16 15 11 23 36 15 19 8 6 13 5 7 9 11 24 7 9 14 27 33 20 19 19 31 58 88 139 195 222 217 192 139 80 49 40 29 21 14 10 23 30 29 30 30 24 23 30 32 36 32 27 
16 13 23 15 25 13 10 16 21 30 25 20 17 15 12 13 25 35 22 16 18 20 20 14 13 20 13 27 18 15 15 25 30 25 29 40 75 109 147 200 236 233 202 157 95 42 32 37 26 23 23 13 32 27 27 31 30 27 28 34 37 34 32 24 
46 35 26 21 27 17 21 24 28 31 22 19 19 13 10 15 25 32 18 5 16 18 8 9 9 11 10 31 22 12 7 16 21 23 39 69 117 153 186 218 223 192 144 98 51 18 21 33 23 16 25 10 28 15 14 20 15 18 21 27 26 20 20 19 
23 18 16 24 35 23 20 21 23 30 19 9 5 9 8 11 26 33 17 11 16 23 10 9 13 6 8 31 18 12 17 16 9 14 42 88 138 167 186 197 180 135 87 57 33 3 8 28 18 14 30 31 39 30 22 25 12 14 15 15 14 17 16 18 
33 30 25 27 33 28 30 34 26 21 12 2 9 11 12 1 22 26 22 35 42 47 42 36 15 9 15 29 26 27 22 11 9 35 76 125 170 195 199 188 155 104 63 46 30 12 6 24 11 27 33 38 51 45 38 27 14 16 15 12 10 9 15 25 
47 44 34 29 31 18 18 15 7 11 2 10 20 23 27 23 28 31 30 30 28 30 20 30 16 20 24 28 31 27 23 22 39 80 129 173 210 223 206 167 117 63 36 34 29 26 21 20 7 28 17 20 30 19 11 6 12 21 30 31 31 26 22 26 
27 27 18 17 34 23 18 20 21 26 25 24 28 27 21 18 19 19 14 13 10 13 19 35 34 30 28 25 24 19 41 55 83 128 171 200 220 214 175 116 63 27 16 24 20 9 15 10 17 31 9 18 20 22 16 18 17 24 39 33 25 24 14 13 
36 34 28 23 36 28 13 11 11 17 18 18 28 30 25 22 20 20 17 29 29 26 29 37 39 24 19 9 18 42 81 114 149 183 209 213 209 188 139 78 32 11 22 31 29 5 6 8 25 32 8 21 8 12 15 18 17 21 35 24 14 19 13 12 
29 30 28 27 41 39 28 20 11 11 15 13 25 33 39 38 37 36 25 34 21 20 26 36 45 35 39 35 49 87 132 172 202 223 231 218 200 168 117 71 41 24 24 35 34 14 7 9 24 27 12 26 17 21 24 22 21 20 23 17 22 31 36 39 
15 19 21 17 33 34 22 28 22 21 20 16 27 26 30 32 25 22 9 26 20 25 26 20 32 17 30 45 75 123 164 197 213 209 194 164 135 102 64 43 27 19 27 37 36 21 18 14 20 28 24 33 25 28 24 18 18 19 14 7 19 30 36 41 
3 13 24 21 28 34 11 18 26 26 21 14 20 11 6 9 16 29 30 35 36 40 31 17 21 14 40 61 109 161 191 211 209 174 139 103 71 50 33 27 21 14 22 30 29 12 16 17 12 19 19 27 11 8 9 11 13 13 12 10 14 27 31 30 
11 15 27 29 28 31 13 14 27 29 19 13 17 6 5 9 30 44 45 46 48 44 27 18 12 27 63 86 143 192 207 205 179 130 95 69 46 28 17 16 21 17 22 24 20 5 17 20 11 15 19 23 9 4 3 10 16 15 15 15 11 22 35 43 
31 36 40 33 28 27 12 25 34 36 28 27 24 5 6 13 47 50 40 46 50 43 42 37 26 53 97 123 176 210 192 152 116 72 45 37 24 12 14 6 10 17 25 19 9 10 30 26 18 18 21 19 7 17 24 30 30 25 14 6 6 13 20 20 
44 45 40 29 26 26 21 25 26 29 17 31 32 26 28 28 60 50 31 34 41 40 47 48 43 93 150 169 201 213 166 106 76 49 34 46 40 23 23 13 9 20 23 15 9 21 39 32 31 27 26 23 15 24 22 23 20 15 15 16 20 23 24 20 
46 48 42 31 30 30 27 25 24 26 10 25 24 20 25 31 59 40 22 22 19 13 33 63 91 152 203 207 217 205 144 91 63 39 16 25 32 11 19 16 17 11 9 13 14 26 38 27 27 27 25 21 10 20 16 5 10 18 30 21 16 21 27 30 
35 42 39 29 25 24 23 19 19 23 11 22 15 9 13 25 51 28 13 17 15 41 66 107 156 206 229 213 197 156 88 52 36 25 10 25 35 15 26 15 21 7 9 13 11 21 35 27 20 15 16 16 17 12 24 18 21 22 37 35 13 12 14 14 
30 38 43 41 39 38 32 18 14 20 11 21 17 12 9 20 41 31 34 38 52 80 108 162 216 236 227 194 153 99 57 47 32 27 16 27 38 21 29 18 26 5 15 14 10 15 33 25 19 10 11 16 24 4 27 30 42 46 43 36 10 10 24 33 
27 28 30 27 27 24 27 20 11 15 5 11 6 17 11 18 30 21 32 49 81 118 153 203 234 219 190 152 110 67 48 45 30 18 2 14 34 27 27 23 29 22 35 30 25 8 25 27 23 15 6 6 28 19 28 33 48 42 36 28 15 23 16 18 
26 15 15 6 10 20 27 23 14 12 13 21 23 27 13 19 27 14 39 77 128 177 210 234 235 191 143 103 63 33 31 30 22 14 12 14 15 6 15 19 27 32 37 29 31 21 9 18 21 15 13 6 30 19 18 21 39 24 23 19 16 27 20 29 
28 20 16 11 17 19 23 21 15 14 10 20 22 19 17 19 16 20 64 114 170 214 230 231 209 148 96 66 29 28 26 28 24 20 16 9 15 12 13 6 12 19 24 9 19 18 14 13 16 20 21 14 20 23 30 31 40 24 24 20 19 26 16 27 
29 28 24 18 22 25 21 20 19 19 8 15 27 25 29 17 9 36 93 151 189 213 213 193 146 85 55 46 25 34 29 28 22 19 27 9 14 14 12 6 7 16 25 12 18 14 13 18 24 31 33 27 20 14 16 31 42 36 30 22 20 25 15 26 
57 46 39 34 29 27 16 11 15 18 15 16 21 23 24 26 47 81 143 197 208 211 197 156 95 49 37 35 15 30 30 30 32 20 23 10 17 23 19 15 13 22 26 17 23 24 17 12 14 19 28 22 16 27 15 22 32 42 42 26 19 21 17 21 
40 29 27 19 9 20 23 19 18 25 24 18 21 32 38 68 101 149 205 230 217 199 165 118 67 37 27 23 9 11 14 18 24 18 21 10 20 24 22 20 12 10 19 20 20 25 20 6 11 14 20 16 7 31 18 17 25 39 49 30 18 13 12 18 
31 29 26 20 13 7 15 16 16 28 31 20 14 28 70 122 157 191 213 205 176 140 101 68 30 24 16 13 7 5 12 18 21 17 19 15 24 24 20 19 20 23 30 33 34 33 29 23 22 20 21 24 19 35 21 13 29 42 52 34 25 20 23 25 
20 23 22 28 33 30 31 28 27 35 39 24 7 55 125 184 209 214 198 163 123 88 54 38 11 16 6 6 9 9 18 22 23 22 27 36 42 40 31 18 18 13 6 12 16 21 24 15 14 12 7 15 20 33 28 23 22 32 40 21 13 10 21 24 
21 22 17 22 17 15 18 24 29 42 34 15 43 106 181 227 236 222 185 136 96 68 39 27 13 14 7 8 10 13 21 25 22 19 20 27 30 35 34 23 22 23 27 31 33 34 29 27 27 23 14 3 15 27 33 39 28 31 31 12 18 32 41 48 
34 33 29 34 32 28 25 28 28 30 35 60 106 177 234 246 228 186 126 77 55 38 18 18 11 11 12 14 9 8 17 18 14 13 12 12 10 27 27 19 20 15 12 15 24 36 30 27 22 19 15 4 8 11 18 37 24 25 21 15 25 33 24 28 
42 36 31 32 24 28 36 31 26 27 56 99 163 231 252 229 192 128 66 31 33 25 18 24 20 7 8 10 8 14 18 15 6 15 24 18 19 30 23 20 22 21 23 14 12 25 14 10 24 18 12 7 16 23 21 31 23 22 19 17 29 42 25 22 
48 44 40 38 31 35 33 26 27 46 93 143 207 247 229 186 145 85 45 25 33 18 9 16 20 13 8 12 14 18 16 11 18 30 34 27 24 23 8 18 24 29 33 24 16 23 11 16 34 17 12 6 13 18 12 24 24 17 15 13 21 39 36 40 
52 48 44 43 36 27 14 21 38 84 147 195 236 242 197 143 102 60 46 37 39 25 15 11 13 11 10 13 19 22 18 14 26 29 29 24 21 10 3 13 18 21 26 20 10 21 6 21 44 24 18 12 10 21 14 19 25 15 14 11 8 26 35 48 
49 50 47 44 41 28 31 53 81 132 189 216 223 199 138 84 51 24 24 21 28 22 17 6 8 5 7 7 11 19 23 30 39 33 35 24 16 8 6 12 16 18 26 29 23 17 9 23 47 24 17 13 19 35 28 19 18 11 13 13 7 19 35 43 
48 57 53 51 59 55 66 102 140 175 210 215 187 137 77 36 17 10 9 14 18 14 19 11 15 9 5 13 10 14 21 27 20 6 27 18 10 5 10 12 17 13 12 19 24 17 15 24 43 20 14 12 24 34 15 14 14 13 14 11 14 19 30 30 
44 51 36 39 62 65 92 145 183 196 210 200 148 84 46 22 16 11 9 7 8 13 17 16 22 21 22 29 29 29 30 23 18 27 37 26 19 13 6 7 5 4 8 16 20 16 12 16 33 19 7 12 25 36 25 15 9 9 16 21 17 19 22 12 
36 38 10 25 68 78 111 175 201 190 187 161 95 38 26 17 22 17 15 8 10 15 20 22 21 8 8 26 34 38 38 32 37 36 33 23 23 23 15 12 9 9 9 13 9 14 13 11 22 18 13 18 20 26 12 16 15 8 14 20 13 14 21 18 
23 31 19 51 102 126 157 209 209 172 150 112 48 8 14 20 25 19 16 12 9 14 22 22 20 11 16 36 40 37 36 34 46 43 32 18 15 20 11 10 15 10 9 21 10 13 18 11 15 11 19 30 30 29 15 15 17 8 9 11 10 6 16 21 
21 40 51 91 143 174 198 222 195 141 108 71 25 19 9 18 28 21 21 15 23 28 29 24 19 10 26 48 51 46 46 46 49 41 29 21 22 26 18 18 21 17 8 23 8 3 7 12 13 12 30 33 28 21 6 12 24 20 19 18 15 7 7 9 
33 56 80 124 169 197 203 197 155 99 64 35 7 20 10 16 33 18 20 22 40 41 45 45 44 36 36 49 48 37 33 34 30 25 17 10 15 13 11 14 17 11 5 15 11 10 12 20 18 29 48 42 34 16 17 25 38 32 29 29 11 12 5 4 
72 92 122 162 188 200 183 154 108 62 32 15 5 14 10 16 30 13 20 26 41 23 22 20 25 44 38 42 37 24 22 17 8 15 16 15 20 10 11 17 21 5 9 8 9 12 18 27 22 33 45 29 29 17 35 38 44 41 39 42 27 22 21 24 
144 159 181 203 197 188 157 115 76 43 18 16 14 15 14 17 21 7 19 22 42 29 24 24 27 45 37 33 24 15 29 21 13 3 16 21 29 29 25 24 26 12 17 1 6 14 23 27 17 26 39 28 33 24 36 33 20 26 27 34 24 17 15 21 
193 197 201 195 162 142 110 73 53 34 20 19 17 20 18 20 20 12 22 8 28 17 20 14 20 38 25 13 8 15 31 20 15 9 17 23 28 30 25 19 21 7 18 11 18 29 31 27 22 23 31 31 31 22 34 37 9 14 12 24 24 6 10 9 
182 181 175 157 113 87 64 45 40 31 26 25 22 25 11 12 13 7 19 8 25 30 31 36 39 42 25 11 11 17 35 24 20 12 18 21 24 32 31 30 38 36 25 14 17 21 12 9 8 15 26 34 33 28 30 36 5 15 10 17 27 7 15 17 
165 162 152 128 79 52 39 35 39 31 29 33 28 34 20 14 13 10 18 26 39 53 57 62 56 45 30 21 18 18 39 30 24 16 18 16 15 27 17 11 20 26 22 16 16 28 22 16 12 23 34 39 36 24 16 33 24 23 16 16 24 4 15 17 
165 153 134 102 53 27 22 29 40 31 27 30 20 34 22 16 16 14 21 36 18 18 15 23 20 17 9 14 14 17 42 32 30 21 16 16 13 30 19 19 28 32 33 27 16 24 23 18 13 21 30 26 22 22 27 36 31 25 18 14 19 6 16 21 
153 135 112 78 32 13 15 31 43 27 22 26 18 41 25 19 24 27 30 49 30 20 16 24 27 22 15 18 12 19 43 34 36 27 18 18 18 35 22 22 28 28 37 31 20 22 24 18 6 12 23 20 22 23 20 27 20 16 12 8 16 13 22 30 

20 15 14 21 13 16 25 40 44 43 44 40 31 30 28 21 21 6 7 21 24 34 41 34 28 20 13 23 5 29 17 10 15 12 24 17 18 21 18 15 11 23 24 18 23 24 42 38 18 14 17 38 29 17 30 56 81 133 186 195 194 161 118 100 
21 21 21 27 24 22 31 43 42 39 37 29 22 25 29 27 30 21 16 22 23 32 35 30 24 15 14 18 9 25 26 18 19 17 26 22 9 11 10 15 15 13 16 14 23 21 31 28 14 18 18 32 25 16 37 69 106 155 192 197 189 148 104 85 
13 17 21 28 30 30 33 35 30 25 23 16 9 15 25 32 34 23 15 13 15 24 24 23 19 12 14 14 11 21 30 21 11 9 15 21 10 3 4 6 11 10 15 9 8 13 24 25 9 12 11 27 32 35 66 109 152 181 195 190 173 124 85 71 
26 26 27 30 31 35 34 32 27 18 12 12 5 11 26 32 27 20 17 6 12 13 13 12 12 11 20 19 12 15 28 27 17 15 16 29 25 12 7 10 8 12 15 8 3 11 20 23 17 19 20 28 49 61 103 154 190 198 190 172 144 93 58 43 
20 19 24 30 24 33 31 28 26 18 21 19 11 13 27 31 25 24 25 14 7 7 8 6 11 14 20 17 10 12 23 28 21 20 8 22 30 20 12 14 11 15 14 16 16 20 14 12 20 20 24 34 69 93 135 182 201 190 166 139 107 60 30 18 
11 12 13 25 13 24 14 10 22 16 25 24 12 21 30 32 28 27 29 20 13 9 5 8 15 17 18 14 10 15 24 28 17 15 17 21 28 20 15 14 10 12 17 21 17 15 6 6 14 15 22 47 96 131 167 201 200 167 130 102 70 32 14 12 
13 8 6 22 12 16 16 33 42 41 32 19 12 30 28 24 21 25 30 22 17 16 8 9 12 9 17 18 15 24 18 24 21 19 28 27 28 22 18 16 14 13 14 20 21 12 9 10 15 27 47 88 140 174 194 205 175 120 80 57 27 8 12 16 
18 8 6 21 16 7 19 31 28 32 22 17 19 33 29 25 28 31 25 11 5 12 7 10 13 3 15 24 17 25 12 24 31 31 37 34 36 33 30 25 17 7 9 15 14 10 11 25 35 57 94 137 178 194 185 170 122 61 33 29 8 13 6 11 
24 21 13 13 16 7 22 29 8 22 14 22 28 30 26 18 20 18 17 19 18 18 12 15 15 8 11 13 10 22 17 29 35 38 39 32 36 29 26 22 9 14 24 19 9 5 25 51 68 104 153 187 209 201 166 131 88 33 19 32 20 29 23 27 
3 14 15 10 21 14 20 30 6 21 16 23 24 21 19 14 21 22 22 27 27 24 18 20 22 23 21 17 11 20 21 30 35 39 38 24 21 9 21 23 15 14 20 12 12 11 39 73 92 136 185 205 212 190 145 101 67 28 23 38 26 24 20 23 
15 21 15 7 21 16 17 24 13 21 16 21 19 25 24 21 30 30 33 37 37 32 26 22 24 30 30 29 17 15 26 36 39 39 35 22 18 8 14 19 16 18 22 8 12 24 63 103 124 164 194 191 182 149 101 62 45 33 33 40 37 24 23 22 
26 18 8 22 31 24 11 13 21 21 17 24 17 32 19 16 25 25 39 40 40 35 25 16 14 17 15 19 16 14 21 23 25 30 32 22 16 12 13 17 12 13 17 25 47 74 116 151 167 196 201 173 148 108 58 34 38 39 39 40 41 26 24 20 
32 20 15 26 30 17 14 15 18 12 9 28 9 41 17 11 18 21 40 28 28 23 18 21 20 21 26 24 14 12 13 11 16 21 19 13 13 21 25 16 6 17 32 56 75 104 151 176 183 205 187 138 105 68 29 28 33 31 30 27 36 31 29 32 
29 26 21 27 25 3 22 18 13 13 12 30 21 44 21 18 20 24 39 23 27 21 15 17 13 12 16 16 15 18 15 14 26 21 21 22 23 31 25 14 18 30 53 76 95 135 182 189 184 188 140 81 55 30 19 27 26 21 23 21 24 34 41 44 
35 33 33 33 26 13 26 24 7 8 13 27 21 32 21 19 20 25 33 15 20 15 9 8 9 4 15 16 14 9 6 18 33 33 27 19 15 21 20 22 24 34 70 102 135 185 219 203 186 167 103 55 38 20 28 37 28 22 18 23 23 19 18 15 
31 30 29 24 18 4 28 29 8 7 10 22 19 27 27 23 19 19 18 12 4 6 11 4 10 15 22 25 27 22 19 15 19 26 16 11 13 15 19 25 37 55 101 137 169 203 209 177 158 134 81 55 47 41 33 36 24 16 10 13 19 22 22 24 
39 35 33 30 28 28 39 31 15 14 16 24 30 31 25 22 16 14 3 12 15 12 12 7 11 19 22 17 24 18 20 23 12 28 24 28 36 31 26 36 61 91 140 171 183 185 168 133 122 98 53 31 17 33 23 24 13 6 3 10 15 21 21 24 
48 41 38 35 28 23 31 29 17 14 19 25 30 34 28 24 21 15 9 4 14 11 12 10 10 18 18 17 23 15 14 26 9 21 20 24 33 32 34 62 106 144 182 196 188 163 129 97 90 66 35 19 10 38 19 22 13 12 22 31 38 44 51 56 
47 41 37 31 22 15 24 23 15 15 17 17 19 32 21 19 20 14 14 7 18 15 17 9 12 15 16 7 16 21 22 36 35 26 23 24 28 54 77 113 163 192 202 193 166 124 85 62 61 45 29 24 24 48 37 33 23 17 23 19 22 29 37 36 
40 38 37 26 21 19 26 23 7 11 16 14 11 21 13 11 21 25 34 34 30 25 28 16 11 10 18 10 9 17 18 29 38 24 24 29 44 77 105 145 192 205 193 165 122 75 46 44 45 32 20 19 10 31 28 20 13 4 16 14 17 15 15 18 
30 31 35 23 16 9 13 15 8 12 13 13 7 13 13 12 21 24 21 15 8 11 15 5 12 16 15 23 13 11 18 17 31 20 28 38 65 103 134 175 210 204 176 140 87 44 34 44 36 22 11 8 22 28 18 14 14 10 14 18 24 28 28 27 
17 15 18 6 16 20 17 17 12 16 17 19 16 15 8 11 19 24 28 17 19 24 21 15 18 23 22 34 25 20 21 21 29 31 48 71 115 155 185 218 229 195 149 106 55 22 24 42 30 23 26 16 30 25 21 24 23 18 18 22 28 29 32 29 
43 31 19 13 21 28 31 30 26 22 7 15 15 11 5 9 16 16 21 14 16 19 5 9 18 12 15 34 18 9 11 18 15 30 56 98 153 184 201 211 191 134 84 54 22 18 14 36 22 15 27 18 29 13 6 19 15 10 10 18 20 19 23 25 
15 10 3 12 24 15 10 13 19 27 4 4 3 10 11 12 20 17 17 15 16 23 6 2 21 8 12 33 14 21 23 20 9 37 72 123 170 182 180 170 135 78 41 32 14 13 11 30 14 19 34 38 43 30 21 28 18 14 10 13 12 14 12 9 
16 15 8 10 19 18 20 25 21 21 2 7 6 8 13 12 27 23 29 38 41 40 33 29 18 8 18 33 26 25 10 13 37 75 120 164 195 194 177 150 107 57 35 33 21 15 13 21 8 27 30 38 49 41 39 31 24 18 8 8 5 8 5 14 
38 38 29 23 22 15 10 6 2 13 8 15 17 22 27 23 32 33 32 30 29 25 20 25 9 22 30 36 34 22 28 48 77 121 164 195 213 201 165 120 70 27 17 25 19 22 25 22 16 23 7 14 27 10 28 27 29 24 23 29 31 29 26 27 
9 18 16 10 26 26 10 14 17 23 25 25 21 15 6 8 12 14 9 9 10 15 28 33 30 35 34 30 24 26 64 91 121 160 187 198 198 165 112 58 15 23 29 33 22 4 15 15 22 26 10 6 18 14 26 28 26 26 29 22 26 28 24 21 
28 29 25 16 28 34 14 13 14 14 16 20 21 19 14 7 8 18 11 25 27 30 33 30 31 24 15 14 35 74 123 156 183 203 207 191 167 124 71 27 14 23 32 39 35 22 13 13 29 27 12 9 8 12 29 30 27 25 28 12 13 10 9 12 
18 24 25 21 35 43 29 21 15 4 9 17 21 21 30 28 27 32 23 32 33 40 40 36 41 36 38 43 76 129 177 205 218 218 204 175 148 111 71 54 46 34 29 39 37 26 15 9 21 22 20 25 23 22 27 22 24 22 17 11 17 18 23 26 
24 25 27 25 39 49 41 37 27 15 13 10 19 9 7 13 10 20 18 29 35 39 35 23 26 19 37 65 115 172 201 209 202 178 148 114 86 50 25 42 40 33 35 44 45 33 24 13 14 24 29 30 27 24 13 4 9 15 15 11 13 20 29 37 
23 24 31 33 42 50 40 33 27 20 15 5 17 18 17 13 20 34 35 34 40 42 32 22 12 27 64 101 160 205 212 204 179 130 91 58 30 15 23 37 31 27 34 41 42 30 26 17 4 12 19 22 10 11 10 10 4 9 11 18 17 24 29 26 
19 20 28 35 38 43 37 21 21 30 24 16 22 18 16 13 28 41 36 34 39 34 22 24 14 51 97 136 195 227 214 189 146 90 58 39 19 11 14 24 27 26 30 33 33 26 26 18 5 9 16 17 6 9 10 14 10 9 8 14 16 23 32 38 
25 25 33 36 32 34 33 30 38 47 40 36 32 17 15 9 50 57 35 32 37 32 36 36 34 82 133 169 217 225 183 134 88 42 27 24 11 14 11 9 10 18 22 21 19 9 19 11 10 15 15 9 9 23 30 31 22 14 12 25 31 31 31 30 
32 24 26 27 20 25 25 20 29 39 28 39 43 34 36 30 63 60 32 26 30 37 53 63 78 131 180 200 219 198 138 86 57 35 33 41 29 18 20 14 11 18 16 14 7 10 29 25 26 24 21 16 15 29 25 19 16 19 30 31 34 34 33 33 
29 19 15 19 20 27 27 21 27 33 14 25 29 23 28 27 55 46 28 24 28 51 80 111 142 186 216 212 205 168 109 74 49 25 13 23 21 7 17 11 21 15 4 7 7 19 31 30 31 32 25 14 6 23 19 10 11 20 38 25 22 24 27 34 
22 20 7 6 14 24 32 25 25 26 6 19 15 15 17 16 43 34 36 44 60 94 124 163 198 221 222 198 166 116 63 47 31 12 8 19 28 16 21 9 20 7 9 11 9 15 29 31 28 26 23 18 20 13 15 6 13 16 35 27 18 21 28 32 
10 19 20 25 29 32 35 23 15 18 5 16 14 18 18 17 31 28 48 66 96 134 163 209 242 234 209 169 120 70 44 47 33 19 17 24 36 20 20 9 22 7 16 14 11 7 25 26 25 21 17 18 28 17 14 13 27 30 27 20 15 18 32 43 
24 29 28 22 19 18 30 26 12 11 14 16 5 16 14 18 18 19 43 74 124 168 198 234 243 200 159 122 78 44 33 37 27 4 6 14 34 27 15 7 20 12 30 25 23 12 15 23 25 23 15 6 27 29 20 18 32 23 16 9 15 16 15 20 
36 30 29 19 11 14 24 29 12 3 23 27 31 34 26 29 22 32 65 109 168 212 229 238 217 155 108 80 45 31 27 25 22 11 15 13 15 18 12 16 19 26 36 24 25 24 10 16 21 19 18 14 24 26 11 13 35 21 19 22 27 23 12 10 
42 33 28 20 11 12 25 31 18 8 23 19 13 17 13 23 24 53 101 150 199 221 214 205 170 110 73 57 33 39 33 30 23 6 12 13 11 12 7 15 18 21 28 11 13 19 12 12 14 20 23 21 15 15 20 21 38 16 9 12 26 26 10 7 
20 19 17 13 19 22 31 33 26 18 14 16 27 27 32 35 47 81 133 180 200 194 173 149 104 60 47 44 31 40 34 29 26 14 20 16 16 18 4 7 14 15 24 9 14 15 11 15 23 28 32 32 21 12 15 23 37 26 18 12 24 29 14 13 
39 30 24 22 28 25 21 20 23 16 12 17 30 36 44 68 101 136 182 213 203 177 145 106 56 39 36 33 17 27 26 25 33 22 13 11 14 21 16 16 21 24 25 15 18 20 15 8 11 14 21 26 21 26 20 18 25 26 25 12 20 28 19 19 
30 19 22 16 20 23 24 20 20 20 17 20 36 53 74 119 160 198 226 228 194 150 109 70 28 23 22 23 22 17 12 13 23 23 16 17 21 16 13 13 13 6 11 15 15 18 16 6 12 15 11 17 15 31 24 19 18 22 33 16 20 24 13 11 
24 24 27 23 18 16 19 18 16 20 14 12 42 75 118 168 197 209 202 178 137 90 57 38 11 21 9 6 11 11 7 12 19 22 20 23 30 23 19 17 18 21 25 27 25 25 23 21 20 18 11 14 15 32 24 18 26 34 44 35 36 32 24 20 
20 25 30 35 35 29 31 27 25 26 18 16 64 116 175 219 222 201 160 121 85 53 33 30 6 19 7 12 15 15 13 17 25 34 34 38 44 39 33 21 23 24 16 13 15 19 20 15 15 19 17 12 16 24 21 22 24 26 34 24 15 14 17 16 
17 20 21 24 24 24 28 31 32 29 12 41 105 167 221 243 221 183 131 88 61 41 24 26 8 18 13 20 22 22 19 24 27 27 15 17 24 27 33 23 26 27 22 27 30 30 28 30 28 26 26 18 17 19 28 37 24 21 23 13 14 28 37 41 
28 29 27 31 35 34 33 33 27 18 51 102 168 223 250 234 185 125 66 31 30 27 16 23 9 18 18 23 22 19 16 26 28 24 14 8 10 27 31 21 24 18 6 14 22 30 31 33 26 20 25 20 15 9 16 37 24 15 15 18 26 30 25 22 
22 17 10 19 24 34 44 41 35 55 100 153 217 253 242 192 128 62 15 11 32 31 19 24 13 11 18 21 22 17 17 26 21 20 15 9 18 33 27 16 19 11 18 15 11 17 18 23 29 20 24 19 14 17 18 32 24 12 13 12 26 35 24 15 
17 11 13 23 28 44 48 45 50 89 139 184 232 237 193 130 76 31 28 23 34 26 14 24 22 5 8 15 19 16 18 25 27 36 33 26 31 28 9 7 15 19 32 24 20 16 16 25 37 21 23 18 11 13 8 25 25 7 12 8 18 32 29 27 
21 11 13 28 36 44 40 44 72 129 180 210 230 204 140 82 46 32 43 42 47 33 16 17 17 12 8 7 14 16 19 21 30 37 27 20 30 21 15 6 3 8 24 13 17 14 18 26 43 24 22 24 8 16 7 21 29 13 17 7 11 23 27 35 
29 25 27 38 51 51 53 77 113 165 202 206 193 146 81 38 23 26 35 35 40 29 15 6 9 9 12 14 14 17 25 34 43 39 31 15 21 17 19 8 0 8 24 21 24 14 20 24 45 26 19 26 7 28 22 23 33 26 27 12 5 9 22 36 
30 41 45 55 77 77 89 129 161 186 199 177 138 83 34 6 12 17 20 23 24 21 15 9 14 11 10 18 18 21 33 42 36 23 27 11 15 16 19 11 8 3 15 21 27 21 23 28 42 26 19 21 16 35 14 15 28 27 30 7 10 19 34 46 
28 42 38 56 90 90 116 168 187 185 178 145 94 42 25 17 13 12 15 15 12 20 22 21 26 21 21 29 28 29 30 24 15 18 33 25 22 18 14 12 11 8 14 19 18 14 12 13 28 20 9 14 15 35 21 17 24 24 28 27 28 27 32 37 
36 45 29 55 101 107 138 191 190 165 146 109 59 23 27 26 15 12 9 10 13 21 30 36 43 33 24 25 26 33 34 28 30 36 44 34 30 27 16 7 3 2 9 18 16 17 15 10 21 20 13 22 22 33 22 21 24 23 21 13 5 8 18 25 
39 51 48 88 142 156 176 210 184 136 109 75 32 15 21 20 11 10 6 13 15 16 30 38 44 36 30 30 24 29 29 29 39 42 46 34 27 29 18 9 10 7 6 25 19 22 25 18 15 10 17 28 31 34 20 14 17 18 18 13 12 12 21 29 
45 65 79 128 175 186 192 200 154 98 72 48 20 16 18 13 18 14 11 16 23 15 22 28 34 32 34 36 33 39 44 46 48 40 36 28 23 28 20 15 19 16 5 26 13 7 12 14 10 13 33 34 28 21 14 14 19 16 17 21 15 10 12 15 
69 90 115 159 189 194 181 162 110 59 37 25 7 14 23 16 30 21 17 27 43 34 33 35 38 39 36 39 42 45 48 47 38 28 25 17 19 22 17 14 15 14 8 19 15 14 17 24 20 31 50 39 32 14 26 28 31 28 31 36 18 14 12 9 
121 136 161 192 198 187 151 114 66 27 16 16 4 17 28 25 38 26 15 26 39 17 8 4 28 49 40 39 38 38 38 30 14 13 16 9 15 15 19 21 20 8 11 15 15 14 21 27 19 34 42 21 30 19 43 39 34 37 41 49 36 28 26 27 
183 191 204 214 188 156 113 72 33 7 6 14 10 19 32 33 37 26 17 24 43 33 24 24 34 51 40 32 28 32 38 25 15 6 12 8 12 9 10 22 24 12 20 24 26 27 34 34 16 26 31 13 33 27 43 33 12 24 30 38 29 17 9 13 
210 203 197 184 137 103 71 42 20 6 9 13 13 24 35 37 36 28 21 15 30 21 18 18 28 46 34 24 23 29 37 20 16 4 9 5 5 9 3 20 21 10 15 28 36 41 46 38 22 20 21 18 30 23 40 37 7 13 19 28 22 8 2 10 
168 161 152 132 87 63 45 32 25 8 18 18 15 22 19 27 29 25 21 10 23 22 20 25 33 43 25 12 13 22 35 21 18 7 6 7 5 16 12 23 31 32 24 30 38 39 39 34 16 13 21 30 29 21 29 34 22 20 18 18 18 5 11 17 
133 128 117 96 62 42 33 31 37 14 17 26 21 32 16 17 18 12 15 21 39 53 58 60 51 43 27 19 20 26 40 27 21 12 6 10 7 21 8 12 19 27 30 33 37 44 46 44 30 24 27 28 20 14 25 43 45 35 24 20 17 5 15 12 
114 103 85 61 39 30 27 32 47 23 12 19 7 38 23 22 24 19 23 31 15 20 16 19 23 26 18 13 21 29 42 32 25 22 9 11 15 28 16 21 30 37 41 37 34 38 44 45 34 26 24 13 9 25 38 50 53 42 28 22 14 7 21 18 
84 73 58 37 31 24 20 33 55 27 12 15 20 49 27 25 32 30 36 45 26 27 24 28 34 32 19 14 19 29 41 33 31 32 19 20 28 34 20 19 26 31 42 37 32 35 40 43 34 25 19 8 15 28 35 47 51 41 29 22 12 9 26 27 

28 22 19 19 14 18 25 33 32 28 30 35 36 43 50 48 39 28 19 7 19 22 23 24 16 16 17 19 4 30 12 21 35 36 38 26 18 15 14 14 19 24 18 11 10 10 39 31 18 16 18 39 28 15 43 72 102 152 192 184 159 118 85 73 
39 34 30 26 18 18 30 42 41 38 36 30 30 36 46 48 43 35 31 17 24 28 24 23 14 12 13 12 5 27 21 22 32 33 36 28 16 10 3 9 18 22 18 13 13 10 28 22 15 17 12 36 28 23 61 96 132 169 189 177 150 105 74 65 
35 35 33 29 20 19 27 34 29 28 29 25 22 28 37 42 37 29 27 9 19 24 24 24 17 15 13 8 11 24 22 17 18 19 20 17 15 17 13 7 12 17 18 16 10 13 27 22 10 8 6 36 46 53 99 143 174 183 180 163 132 83 59 55 
39 40 40 34 22 25 27 31 26 19 18 16 14 26 35 34 27 23 26 10 13 11 14 14 13 14 18 15 9 17 19 26 23 19 21 22 27 30 25 16 9 18 17 12 12 18 28 25 17 15 18 44 75 90 141 185 202 187 165 139 104 59 39 36 
23 26 33 36 25 33 34 32 29 23 24 20 15 26 28 23 19 21 26 19 18 13 11 16 20 21 21 18 10 11 13 28 25 19 13 13 25 32 31 19 11 21 15 14 16 21 22 14 16 18 29 63 108 130 171 202 197 163 129 101 69 32 18 21 
12 11 15 26 15 22 10 7 23 17 21 22 16 25 21 10 9 13 22 21 18 12 11 19 20 21 18 12 14 16 15 25 22 17 17 16 26 31 30 18 13 20 15 17 16 13 10 5 16 24 43 89 142 167 190 204 178 126 87 65 38 13 4 11 
13 6 10 25 19 14 17 37 51 53 43 31 22 29 21 6 12 24 32 30 28 17 6 21 19 16 17 18 19 22 4 19 26 22 27 30 32 35 28 15 14 18 8 13 13 6 5 14 26 48 84 137 185 201 201 189 140 78 44 32 11 16 14 18 
21 14 5 18 15 4 24 35 34 45 43 37 27 24 10 8 26 33 28 23 24 18 11 22 22 22 22 24 20 20 7 13 21 18 27 35 42 47 40 27 14 9 16 24 21 16 12 36 54 89 138 181 210 207 180 146 92 38 18 21 1 15 7 12 
10 19 11 15 14 11 27 32 18 27 29 29 25 16 9 11 27 27 17 17 13 6 10 22 23 25 21 5 11 15 10 16 16 12 19 19 31 33 29 25 11 11 26 25 20 12 33 69 89 133 185 208 215 193 147 105 64 20 9 27 11 22 13 16 
10 12 8 18 22 20 26 29 12 20 22 23 19 12 12 19 32 31 21 19 20 23 24 24 27 28 21 5 7 13 3 1 3 15 24 18 20 15 15 23 18 14 22 12 15 23 63 104 123 163 202 203 193 161 114 74 44 9 7 32 23 24 20 22 
13 16 16 24 28 24 22 23 18 21 21 22 18 24 25 30 39 31 12 10 18 31 36 32 34 40 32 21 9 5 16 19 18 21 23 18 18 11 12 21 16 14 22 9 27 54 102 142 155 182 195 173 152 115 73 45 26 9 13 28 32 28 30 30 
23 12 13 25 29 24 13 18 28 28 28 28 12 30 23 26 28 13 18 29 36 43 42 31 27 29 22 20 15 11 9 5 10 19 21 18 17 11 13 21 12 12 25 49 80 114 158 183 183 195 179 137 111 71 34 21 15 18 22 27 39 35 36 32 
24 13 18 26 27 19 18 21 18 18 18 30 13 39 25 22 16 7 26 15 16 24 25 20 19 23 28 27 19 14 7 8 16 27 21 16 13 7 16 18 14 26 50 86 112 147 189 197 185 186 144 89 66 36 9 13 20 27 30 27 40 40 41 45 
20 19 18 24 27 12 27 24 13 16 15 31 34 50 32 24 16 16 30 10 16 19 17 9 7 14 17 18 26 24 16 12 24 32 19 17 17 19 18 12 22 36 69 104 131 175 211 202 178 160 96 46 30 18 11 12 19 19 26 30 29 34 40 43 
26 26 24 24 28 15 29 28 19 18 14 22 24 32 18 13 12 24 30 14 25 27 18 17 19 11 12 10 21 15 14 20 30 39 25 19 15 6 9 22 31 47 95 132 166 207 222 193 163 133 70 42 25 12 17 24 21 15 16 30 25 16 16 13 
21 23 19 18 25 11 30 30 20 18 11 15 13 21 22 19 21 25 20 9 13 15 14 20 18 17 21 16 15 6 9 14 19 31 17 13 20 7 15 30 48 72 126 156 180 198 183 144 120 94 55 50 44 43 29 30 26 18 13 20 16 9 15 10 
34 34 31 30 34 33 45 32 20 19 14 19 21 20 10 5 15 15 8 16 19 13 16 18 14 20 19 20 21 17 22 18 14 28 16 20 34 26 25 46 78 114 160 173 176 165 132 101 89 64 27 27 28 43 28 31 28 18 12 18 17 14 19 15 
40 37 31 26 23 7 23 11 6 12 12 18 17 17 15 7 16 10 5 9 17 5 12 12 8 17 11 20 21 15 22 22 6 20 15 23 36 38 52 89 133 168 194 183 165 134 93 74 72 44 16 18 30 47 24 28 24 17 21 29 37 41 50 58 
39 39 37 32 27 15 23 16 12 14 15 14 15 30 17 8 16 9 8 13 24 13 19 7 5 13 10 14 17 25 31 34 32 22 19 28 47 80 110 147 186 199 191 156 126 90 54 54 61 34 16 19 37 59 41 38 32 24 30 19 24 30 38 40 
29 34 36 27 25 24 23 20 8 6 16 17 19 27 17 10 22 22 29 33 28 15 24 8 5 7 8 8 18 22 28 29 34 23 33 51 81 118 148 177 199 188 157 113 77 48 34 49 53 30 10 4 21 43 40 37 31 23 27 21 22 20 13 10 
8 17 25 12 14 13 14 18 10 14 20 24 24 27 24 21 25 19 19 19 8 11 19 17 24 26 22 27 23 19 27 21 28 24 45 66 107 152 179 197 201 170 127 89 55 33 34 52 40 27 21 16 27 28 15 13 16 18 25 29 30 32 30 26 
30 27 21 4 3 9 9 19 15 21 24 31 31 30 24 23 23 15 21 15 16 25 22 21 23 24 24 30 18 18 21 13 21 39 62 94 149 189 207 214 195 141 92 61 41 30 30 49 27 18 22 12 25 18 14 19 21 21 26 30 28 25 28 26 
37 27 15 9 12 19 26 28 24 26 15 21 25 23 20 20 20 10 13 12 14 20 4 14 25 16 17 27 6 10 18 23 15 48 77 126 182 204 203 186 142 76 33 29 25 27 24 43 17 11 23 17 23 9 4 15 13 13 17 19 12 6 10 15 
14 13 7 9 18 15 5 15 19 30 16 11 11 10 12 14 16 7 8 11 15 21 7 9 28 15 17 27 7 21 21 18 27 73 111 158 195 192 172 139 91 36 18 31 26 23 23 31 7 24 35 38 39 26 13 19 7 6 10 10 4 8 7 7 
12 17 13 5 14 22 15 24 25 26 12 2 10 8 14 15 23 21 26 34 33 27 20 17 24 17 22 30 23 19 19 42 77 123 157 186 201 182 149 114 68 31 27 35 27 21 21 17 14 24 25 33 39 37 31 14 3 2 9 7 2 8 9 18 
33 33 29 15 13 23 10 13 11 12 10 16 25 29 27 21 24 22 21 23 22 17 18 12 15 30 38 44 36 26 53 84 119 158 180 194 195 163 122 84 39 11 17 25 15 21 29 25 28 22 5 8 18 19 28 12 3 9 21 28 28 30 35 41 
9 18 25 14 20 30 6 0 8 15 21 24 22 17 6 13 12 9 10 9 8 18 29 25 24 37 39 42 39 56 98 128 153 177 185 183 166 121 74 36 19 24 32 36 21 9 18 15 29 22 15 9 12 9 23 18 8 13 26 28 27 28 28 25 
19 19 21 5 17 31 14 15 19 16 12 16 15 16 15 16 15 18 7 15 13 25 24 17 21 21 21 49 76 119 168 192 203 204 188 162 131 82 40 17 24 18 28 39 31 29 31 26 33 24 16 7 14 20 33 28 18 10 15 12 12 10 10 13 
8 16 21 14 21 32 24 25 27 24 19 19 14 16 25 26 26 30 19 18 16 31 30 26 30 32 47 80 124 179 217 223 218 198 165 133 109 74 50 41 38 26 19 27 19 16 19 15 15 17 22 29 30 23 23 12 3 4 4 11 9 12 16 19 
11 15 18 14 23 34 34 39 36 27 18 12 18 14 9 6 11 24 19 17 23 31 27 22 18 25 62 110 169 215 221 201 174 135 101 77 60 28 23 33 28 22 19 24 26 21 18 13 8 19 26 26 25 19 14 20 16 8 10 13 11 12 16 30 
7 12 17 18 29 41 47 50 38 26 16 8 16 22 20 13 20 30 25 18 24 30 22 22 17 55 106 155 208 231 208 172 134 84 52 35 23 14 22 28 21 27 35 29 27 19 21 16 10 6 9 11 14 23 18 15 14 18 5 12 12 16 18 15 
11 12 17 25 32 38 46 41 32 39 30 17 14 18 26 24 30 36 26 23 26 22 18 34 45 95 146 189 231 233 194 152 107 59 36 26 14 7 12 26 31 33 33 28 28 27 30 21 15 10 14 12 9 17 12 8 8 17 13 18 23 24 29 34 
17 21 26 34 31 27 29 28 33 43 35 33 29 19 24 8 41 55 36 30 26 19 36 49 74 131 178 209 233 206 145 96 53 18 15 16 10 9 6 5 5 14 16 21 25 26 28 20 20 19 15 9 13 27 30 25 19 23 28 36 38 33 30 28 
33 26 25 32 20 12 12 7 24 35 14 26 37 34 38 32 55 59 36 26 22 37 64 90 127 175 207 215 207 153 86 48 30 27 29 29 18 13 16 11 9 15 14 19 21 18 15 5 10 13 16 19 19 33 24 15 23 29 36 27 26 25 23 22 
29 18 15 23 15 16 17 15 28 36 8 14 17 18 27 22 43 43 35 32 48 79 116 153 186 211 218 200 171 114 63 42 27 15 16 20 14 4 13 5 18 17 14 18 20 15 12 10 16 24 25 22 14 27 21 16 17 23 41 24 18 19 17 21 
28 21 12 9 15 28 33 29 28 30 2 17 9 15 25 18 34 33 44 59 92 132 166 200 219 220 205 169 126 73 30 22 21 12 12 13 15 11 15 8 17 10 11 13 14 9 10 13 16 24 29 30 25 16 10 9 15 14 35 24 17 22 26 25 
15 14 9 14 25 34 34 24 15 18 5 13 11 21 27 25 27 32 57 89 137 177 203 231 239 211 177 134 83 36 17 27 29 21 20 19 24 15 13 8 18 7 12 10 9 4 10 15 16 22 28 29 24 12 6 9 20 15 18 20 23 25 34 41 
5 18 24 19 23 25 25 25 15 9 15 14 9 15 14 21 16 46 74 114 172 208 222 234 216 160 119 85 44 17 15 23 28 15 16 18 28 27 9 9 17 7 24 21 19 15 9 16 18 21 23 21 13 21 17 15 27 18 17 20 23 16 18 27 
34 27 30 27 24 21 9 26 19 15 27 21 29 35 29 33 35 73 113 161 210 230 223 209 169 106 70 51 18 18 17 17 27 17 15 11 12 23 11 13 14 18 33 26 22 26 14 14 16 18 21 24 14 25 14 15 33 25 27 28 27 15 3 10 
49 39 36 32 21 13 10 27 23 19 33 20 9 22 16 27 53 103 156 200 226 219 190 162 120 68 47 40 19 30 28 22 24 13 14 14 10 19 12 18 19 21 30 20 16 23 20 18 15 18 21 27 15 15 6 9 33 15 15 20 28 21 8 8 
24 18 12 11 13 21 30 32 26 20 25 16 20 23 18 42 88 136 184 211 207 180 142 110 69 30 25 30 22 34 35 27 27 16 19 18 16 23 14 13 14 16 24 12 13 18 21 24 27 27 29 34 27 16 18 18 31 19 17 18 26 27 15 12 
30 22 10 9 20 25 29 25 24 9 13 14 27 39 52 98 148 185 212 218 188 145 106 70 30 22 22 26 15 19 21 18 27 19 5 7 7 22 21 22 24 27 26 17 17 21 24 21 18 12 11 18 16 21 23 20 24 17 17 17 25 29 17 14 
38 30 26 23 28 25 22 16 13 8 15 21 43 65 95 150 193 218 223 206 159 106 70 44 11 18 20 22 29 24 15 8 15 21 17 18 14 15 15 19 20 15 8 13 12 18 20 19 21 20 17 15 9 21 18 15 18 13 23 19 28 32 20 14 
41 31 24 14 15 14 16 12 5 15 21 35 67 99 140 186 201 196 175 144 99 57 38 29 10 17 11 13 17 19 13 10 15 23 22 22 25 22 14 9 7 15 21 22 16 17 13 6 5 15 20 18 14 22 11 10 23 29 39 36 41 39 30 24 
36 32 31 31 29 22 23 12 6 21 35 60 107 148 193 222 205 171 124 89 57 33 26 27 7 19 1 16 19 26 21 21 27 37 32 32 38 33 26 13 18 26 18 12 10 14 12 14 18 24 30 29 27 26 16 15 23 23 30 20 17 20 24 23 
13 10 7 6 4 4 13 12 11 29 54 98 157 195 224 227 189 143 94 63 42 24 21 27 5 21 16 27 28 33 25 27 31 26 16 20 29 21 23 17 21 30 15 16 21 20 24 31 30 32 36 36 35 33 31 28 15 15 19 12 7 24 34 35 
13 18 19 18 20 20 19 13 22 56 102 159 212 229 226 197 137 79 40 23 25 17 15 25 4 28 24 30 29 26 14 29 31 24 23 23 24 22 22 21 26 32 7 14 21 21 28 32 26 24 33 37 40 39 34 30 17 16 13 15 14 18 20 18 
36 35 32 26 18 23 37 43 64 109 158 204 241 235 201 144 79 30 29 27 33 30 21 27 6 30 33 35 34 22 7 28 12 10 12 18 21 27 25 28 29 25 13 20 20 11 13 14 23 17 27 31 31 27 21 22 16 19 21 23 21 20 16 11 
53 47 41 32 21 35 53 64 93 148 188 212 229 199 143 87 43 19 33 12 20 27 24 29 12 16 26 30 30 18 15 30 14 22 25 30 34 28 19 28 27 20 29 29 30 20 18 18 29 10 18 20 19 16 11 20 20 16 21 25 23 25 23 14 
56 48 42 39 29 46 69 88 127 183 209 208 202 151 86 45 25 26 36 27 32 31 24 21 14 14 17 19 15 10 18 21 17 27 18 21 31 18 24 27 20 6 25 21 30 19 21 22 36 13 20 24 13 13 9 20 24 15 18 23 20 24 30 28 
51 43 39 47 53 73 104 131 166 208 212 183 152 94 39 18 14 24 31 31 35 30 17 9 14 14 15 17 11 11 24 29 40 39 27 16 21 3 25 25 18 11 25 11 20 5 15 15 35 16 22 30 10 23 20 23 29 14 18 23 16 17 29 39 
29 27 34 59 89 110 144 176 193 205 185 133 90 43 30 30 20 20 23 26 27 22 13 9 12 11 10 17 23 24 37 48 47 36 31 16 12 5 28 25 21 15 22 21 26 21 24 29 38 27 23 25 8 33 20 17 24 7 26 22 14 23 41 56 
18 26 33 75 117 135 171 202 198 183 147 91 51 25 37 38 24 21 23 22 20 19 19 23 26 24 21 31 37 33 35 33 21 14 24 18 14 7 24 24 21 17 22 24 22 21 21 22 32 27 17 22 10 36 23 16 23 15 30 38 39 40 51 64 
29 44 46 94 144 161 188 212 186 150 112 67 36 28 38 43 29 21 18 14 18 22 25 31 39 40 38 40 44 39 37 30 19 20 33 29 24 16 15 12 10 13 18 27 29 28 27 24 30 27 20 29 24 41 31 19 22 18 13 9 11 20 37 54 
49 72 85 136 188 194 198 204 156 106 76 48 30 29 33 33 20 8 3 8 20 25 24 29 36 45 52 49 41 29 23 26 26 23 36 32 22 20 17 8 10 14 13 30 35 36 38 34 28 17 17 25 27 37 19 11 20 27 30 28 32 36 45 54 
77 100 120 169 203 195 181 168 112 65 45 30 24 25 30 24 15 2 4 10 21 23 18 24 32 48 60 48 22 6 16 36 42 31 33 29 21 22 20 15 19 19 7 22 17 9 15 17 11 10 32 30 26 22 8 21 21 20 12 15 28 34 39 46 
108 124 147 184 195 181 152 125 72 37 23 19 12 18 29 20 21 14 14 22 33 32 21 19 25 46 53 33 6 21 38 50 44 29 30 23 24 23 18 15 16 21 14 16 12 11 16 23 17 25 44 30 26 8 22 34 31 29 24 24 21 27 30 33 
151 162 182 202 191 163 118 82 39 21 11 18 7 16 27 17 27 26 24 28 33 25 14 13 31 52 43 22 14 29 41 39 21 8 14 11 18 15 19 22 22 20 24 27 20 15 21 28 13 29 43 24 33 22 40 43 35 37 36 39 34 32 30 33 
193 196 204 205 168 128 83 48 19 16 5 20 11 9 18 12 24 25 19 21 32 29 24 26 34 48 35 12 17 35 45 34 18 6 9 8 13 8 15 23 26 20 28 32 26 23 33 40 24 33 42 31 39 27 36 31 15 18 19 23 17 12 13 15 
202 191 181 164 116 84 57 35 15 14 10 16 15 19 29 23 20 19 13 10 22 20 18 20 27 44 32 18 27 37 41 23 15 6 8 10 7 12 10 24 26 20 23 30 36 39 47 50 34 33 39 35 35 21 31 37 33 31 32 33 20 9 6 3 
147 139 129 112 80 62 48 36 20 9 18 16 14 12 12 16 19 20 18 12 23 17 12 13 22 41 25 11 19 29 31 15 16 10 9 14 12 17 8 20 27 31 32 31 36 36 42 47 31 29 32 35 28 14 18 32 42 43 41 36 20 9 10 17 
109 105 98 86 69 57 48 39 28 6 19 26 26 27 7 10 21 19 15 10 30 41 49 49 39 42 31 22 23 29 32 18 17 14 15 17 16 24 13 18 22 31 37 33 30 35 42 48 37 27 22 22 13 8 21 38 49 48 44 39 24 15 15 15 
92 82 70 60 58 59 53 44 38 15 18 22 24 37 24 27 35 28 27 28 19 18 14 22 31 44 43 31 25 30 32 25 18 23 22 24 29 34 26 30 35 42 48 41 29 28 31 39 33 25 17 11 15 24 33 41 49 48 42 37 25 22 28 27 
65 59 52 49 57 59 52 47 48 17 12 12 30 45 23 26 35 30 36 36 21 19 21 33 42 50 47 32 21 30 28 27 13 20 20 21 25 28 20 27 35 39 49 43 27 24 23 31 28 21 11 6 27 29 19 24 39 45 42 39 30 25 30 28 

8 11 19 26 26 20 16 19 18 9 9 12 12 22 29 33 31 32 27 23 30 25 21 26 10 15 22 17 9 35 8 19 21 30 30 24 23 21 21 16 9 15 6 11 5 11 40 27 21 17 13 39 31 24 73 114 158 192 201 167 118 74 60 58 
18 9 8 17 19 20 27 40 39 36 31 22 18 20 21 26 26 30 33 30 34 26 16 18 4 11 16 13 12 33 18 23 32 37 37 30 24 21 19 19 11 12 3 11 8 4 29 20 18 18 9 39 37 44 99 139 176 195 186 153 107 62 51 53 
33 29 21 19 19 24 26 38 34 31 30 23 21 24 18 17 14 18 29 25 30 27 27 27 18 16 16 10 15 27 13 14 23 28 24 16 18 21 23 24 17 17 6 12 8 12 28 19 11 12 9 48 65 84 140 177 198 189 162 132 89 45 40 44 
34 36 33 28 24 28 26 33 23 16 22 17 18 32 23 15 10 18 30 23 23 14 12 7 6 8 16 11 13 16 16 21 27 29 27 23 21 19 21 22 18 25 14 10 12 18 32 27 18 18 22 68 105 129 179 207 208 176 138 107 69 33 31 40 
20 24 29 32 30 36 34 32 24 21 28 20 18 32 20 8 6 14 26 25 27 18 7 8 12 13 13 12 14 11 7 22 31 30 24 17 9 10 14 14 15 27 17 7 5 12 23 17 18 22 43 100 147 168 199 209 184 135 96 72 46 27 30 38 
13 13 17 22 19 20 9 6 18 15 25 20 16 24 17 16 18 24 25 20 25 25 19 19 14 13 13 13 18 16 12 20 27 23 16 10 7 10 16 17 18 25 16 9 8 18 21 8 22 41 79 139 187 197 203 195 149 90 57 45 28 24 25 30 
11 6 11 19 16 10 23 41 52 49 42 32 24 24 17 15 20 32 33 24 17 12 2 23 23 12 20 22 21 18 5 14 28 26 26 27 24 25 27 22 17 19 5 16 15 10 3 23 50 82 129 181 216 213 196 168 110 55 34 31 22 28 30 33 
20 15 4 11 14 12 31 37 34 38 35 30 23 17 10 7 22 31 21 16 19 22 19 25 22 16 28 25 22 16 14 5 18 18 24 34 40 44 39 28 16 8 18 28 23 13 21 60 92 130 175 206 216 196 158 123 76 43 33 34 27 30 32 33 
6 15 12 17 18 16 28 27 6 9 3 6 9 9 10 4 23 29 13 7 13 12 8 14 18 19 28 9 11 12 17 20 18 8 11 19 30 35 29 20 19 12 23 25 17 13 52 98 124 161 198 201 190 157 112 85 60 45 37 41 29 30 28 26 
3 8 9 12 15 18 20 20 9 12 11 13 18 15 10 5 23 28 18 24 33 29 21 8 12 15 22 8 8 11 7 9 7 9 13 25 33 33 23 11 22 20 25 17 20 49 101 145 157 178 194 170 146 109 74 56 46 39 33 42 27 22 14 16 
20 16 15 11 13 16 13 16 14 13 13 17 22 15 14 24 33 34 21 19 24 22 26 10 11 26 25 12 7 13 20 19 13 16 15 27 35 33 27 13 18 17 24 36 62 103 156 185 180 183 170 127 99 64 38 33 29 31 25 31 19 8 8 16 
38 28 24 14 14 18 9 19 26 22 22 27 25 24 26 34 30 23 17 29 38 39 37 24 17 20 14 11 13 18 20 22 18 19 19 33 40 37 33 19 10 18 42 82 120 159 198 203 182 172 135 83 63 31 12 16 12 20 15 18 17 9 18 25 
45 35 30 16 19 24 17 19 17 14 17 27 30 36 33 33 23 16 14 15 18 14 16 7 5 13 25 27 19 14 15 24 21 27 25 36 42 38 34 21 15 37 74 120 153 186 210 195 163 144 90 39 37 27 13 7 8 17 19 6 19 23 31 41 
44 36 28 13 22 23 23 19 9 7 15 19 29 37 30 26 23 22 19 3 12 9 13 10 12 14 21 16 16 10 11 18 20 32 26 33 38 33 29 21 26 48 96 139 166 197 206 179 145 118 62 32 21 24 15 6 11 11 20 22 6 18 27 32 
36 30 19 7 26 26 24 19 14 20 27 15 13 21 16 4 18 27 25 21 38 44 36 30 30 25 25 22 23 14 11 16 16 34 30 32 35 24 21 31 44 71 130 162 182 201 186 147 117 92 55 43 27 14 16 17 12 7 8 28 20 19 22 17 
28 28 15 7 27 27 23 20 19 29 34 23 18 21 22 21 27 26 19 18 24 26 21 17 12 16 16 8 14 13 19 22 9 25 20 24 36 24 26 42 67 102 155 170 176 171 132 94 72 51 40 45 42 34 12 11 11 14 8 20 14 12 17 12 
24 30 26 21 31 34 41 32 29 35 35 30 26 22 11 12 18 12 12 24 30 24 21 17 13 23 13 13 17 19 23 20 10 23 8 11 30 20 31 67 106 143 177 170 157 129 85 68 58 34 24 31 43 41 17 16 18 21 15 19 15 14 20 25 
14 21 14 4 18 9 21 8 16 28 28 29 28 21 20 14 13 5 4 12 20 2 9 12 13 20 9 17 18 10 14 21 14 21 11 12 33 48 81 126 167 192 197 162 131 98 60 60 58 30 24 30 50 48 17 15 15 19 20 22 27 29 36 45 
15 18 17 7 15 12 17 14 16 24 24 20 19 24 21 16 15 4 3 12 27 12 16 3 7 15 12 14 16 20 24 30 31 25 27 39 70 111 151 186 209 207 177 122 90 65 39 56 60 25 21 28 54 60 32 24 20 19 28 18 17 22 28 30 
14 14 21 4 10 19 15 16 18 16 20 17 16 23 21 16 17 13 23 29 27 12 21 5 9 13 11 14 21 16 17 19 28 29 54 79 117 160 192 208 209 183 134 79 48 38 32 57 58 25 16 21 40 47 40 39 30 19 23 22 21 22 24 24 
27 24 25 12 12 12 7 12 9 11 19 21 14 14 20 20 20 12 19 22 10 11 21 19 28 31 32 40 36 30 30 24 30 47 82 105 146 190 209 209 194 153 103 63 35 20 33 59 45 30 26 28 36 28 19 16 13 11 12 21 23 27 32 35 
25 21 16 8 18 22 20 18 5 19 23 33 30 23 12 18 22 14 18 13 10 23 20 18 20 16 22 27 18 20 25 20 33 70 104 135 179 209 211 196 164 112 66 37 28 21 32 55 28 13 12 13 23 11 3 12 14 18 12 14 11 11 19 25 
21 17 15 15 24 26 26 24 17 27 11 23 30 27 20 24 24 14 16 15 16 27 5 12 25 13 18 23 15 19 24 23 38 88 129 170 204 209 189 153 106 58 29 9 9 18 32 46 17 12 19 13 15 6 7 17 15 14 9 4 2 6 6 9 
23 22 20 17 24 26 16 17 15 28 10 14 19 17 12 18 14 6 10 14 20 25 6 12 29 17 18 19 13 14 17 33 70 129 167 195 205 184 145 101 61 31 17 21 24 25 31 31 10 29 38 41 36 25 11 19 6 2 6 3 5 6 8 4 
26 22 23 17 18 32 21 20 24 26 11 10 11 14 11 14 17 19 26 33 31 21 11 17 32 21 23 23 22 16 48 80 126 176 194 202 194 156 110 70 34 14 18 33 29 24 26 13 19 21 19 27 29 30 21 12 5 5 8 5 3 3 9 22 
46 39 36 24 19 31 17 20 17 12 11 20 28 29 19 17 15 14 15 19 19 9 8 13 32 40 45 45 36 46 89 123 162 191 191 189 171 127 84 48 16 6 19 28 21 21 30 25 33 27 14 6 16 26 28 15 8 10 13 19 21 25 33 40 
54 47 42 30 25 33 20 17 8 5 17 24 25 21 16 19 14 10 10 8 9 18 16 15 30 47 53 63 69 101 145 167 183 191 176 164 141 96 56 24 21 16 25 30 19 17 21 12 28 21 22 16 11 13 18 11 13 20 29 31 29 25 20 14 
45 37 30 17 13 27 17 15 17 15 14 15 7 11 20 23 21 17 7 18 13 28 15 18 32 47 69 101 128 173 212 217 214 199 165 137 112 69 39 24 29 13 21 32 30 34 39 32 34 27 26 11 9 23 34 32 29 25 23 19 16 11 7 10 
35 27 20 9 9 19 17 18 22 21 19 25 15 18 27 30 30 26 13 16 9 26 15 17 29 53 93 132 173 221 241 226 209 175 131 105 87 56 42 37 37 23 8 19 18 18 26 22 15 18 26 31 28 21 22 9 10 15 16 19 15 10 10 11 
30 24 15 6 8 19 23 30 33 30 23 21 17 22 22 21 25 21 6 14 16 21 12 17 30 65 118 163 205 234 217 177 144 104 73 62 51 23 24 31 30 23 20 15 21 17 11 15 11 18 26 28 23 7 13 23 25 19 21 24 19 9 14 29 
24 21 16 7 10 24 35 45 37 24 11 9 20 28 27 23 27 22 10 17 21 23 23 38 62 113 167 203 229 225 180 132 97 57 38 34 27 18 21 28 24 26 33 24 21 17 11 14 15 12 9 11 21 21 15 10 12 25 17 20 17 14 16 15 
25 20 12 10 18 29 41 44 33 35 27 19 12 20 30 33 35 25 15 25 28 25 40 64 99 157 199 221 230 204 150 107 76 43 29 24 16 11 9 20 26 27 25 25 24 23 19 14 19 16 19 15 19 21 20 20 17 23 10 15 18 21 28 33 
19 14 10 22 30 35 37 33 25 30 23 27 23 25 31 23 32 40 32 37 32 35 66 93 133 184 209 214 206 155 91 52 28 9 14 15 8 9 7 5 4 9 14 25 28 29 24 24 30 32 29 16 14 23 29 26 21 24 20 26 29 29 33 34 
25 19 17 32 33 28 30 26 26 33 9 16 29 33 33 30 41 47 35 34 40 67 110 145 181 212 215 194 159 90 29 10 20 24 26 23 12 11 14 12 14 22 26 30 34 33 16 6 19 26 28 30 26 35 33 27 27 30 28 13 19 27 35 36 
18 15 17 30 27 15 12 9 27 37 9 9 15 24 21 11 24 32 36 49 82 120 165 199 216 219 199 158 115 58 25 23 15 5 15 20 16 9 13 9 19 31 34 32 35 32 17 6 19 32 37 40 33 39 31 22 18 21 37 20 11 15 20 26 
22 23 23 26 25 21 25 27 33 36 9 16 14 25 22 15 23 34 54 82 129 169 202 222 216 195 163 116 78 41 23 25 17 8 6 10 12 14 17 15 21 29 28 23 25 26 17 7 12 29 39 47 42 35 23 15 15 12 32 22 17 24 27 25 
32 31 27 17 14 22 26 19 21 22 12 16 10 29 27 28 30 50 79 122 175 206 222 229 207 164 126 82 48 26 14 22 21 12 10 13 20 18 13 7 13 17 15 10 14 22 18 17 10 21 36 46 39 27 17 11 16 5 24 33 35 32 34 31 
29 29 27 18 16 24 25 25 26 16 21 16 11 29 28 34 45 83 111 155 203 220 217 207 168 112 75 43 27 18 11 20 21 7 12 18 26 28 13 7 11 9 8 15 11 22 22 25 15 5 24 36 25 18 9 5 21 17 20 24 24 18 20 20 
33 18 11 12 24 32 20 25 30 26 36 17 23 40 41 53 80 123 157 193 219 215 192 162 117 67 39 25 19 15 7 16 22 16 13 11 12 22 17 12 8 2 17 22 9 20 23 26 19 6 15 30 16 17 11 11 30 29 30 27 22 8 6 14 
45 37 33 34 32 31 12 16 25 28 40 21 10 35 39 64 111 159 195 213 211 184 144 109 78 45 31 28 18 16 13 17 19 17 19 20 15 18 11 13 13 13 22 18 5 15 16 15 14 15 20 33 23 24 18 20 36 24 21 18 26 16 8 12 
27 20 8 5 8 19 20 27 29 30 32 14 24 45 54 94 148 187 207 202 177 139 98 67 44 18 14 18 9 19 21 24 26 23 22 20 15 17 5 7 14 21 25 16 7 15 17 18 26 27 28 37 33 26 21 14 26 12 13 11 24 24 15 14 
24 22 5 4 10 23 30 28 28 22 16 11 40 71 94 146 193 213 211 188 148 104 67 41 21 18 19 24 19 19 20 22 28 27 21 17 18 23 15 16 20 26 23 19 15 19 18 12 8 9 11 18 16 18 22 16 22 15 8 6 22 24 12 12 
25 26 20 23 23 16 16 12 14 9 14 25 62 100 134 184 215 219 199 162 114 69 43 30 15 25 26 25 31 30 24 19 20 22 21 20 19 24 20 22 20 16 9 20 20 21 18 18 23 26 26 24 18 22 21 17 19 16 14 12 28 29 17 14 
30 18 3 6 11 9 14 8 8 21 38 57 97 137 172 204 204 185 150 108 66 35 24 25 10 22 26 29 32 33 26 19 20 24 25 21 24 31 27 27 19 10 14 24 23 22 17 15 17 18 17 14 13 20 17 19 27 31 33 33 41 37 29 27 
37 33 34 35 30 27 25 13 20 43 71 104 151 184 208 217 187 148 104 68 39 21 19 24 5 20 18 31 36 41 35 30 31 33 28 25 32 37 33 28 23 21 20 20 20 19 13 13 14 15 14 18 23 25 20 23 29 26 24 18 21 22 27 30 
16 10 17 20 15 14 15 12 33 66 104 152 198 213 216 204 159 112 78 56 35 19 20 24 11 28 25 34 33 40 32 28 26 15 13 18 30 27 26 28 22 34 24 24 25 19 22 25 22 23 21 27 29 27 24 16 3 11 18 14 15 27 36 39 
12 12 23 26 26 25 25 28 60 105 154 204 234 221 193 159 101 55 45 42 33 21 19 22 16 33 22 25 12 25 18 26 27 28 28 28 31 22 10 11 5 37 14 23 28 20 24 21 15 12 13 25 32 36 38 30 18 20 15 9 6 19 30 33 
15 22 30 35 37 33 46 66 106 161 201 232 241 204 154 104 49 26 42 51 48 35 25 21 14 34 29 31 25 27 12 29 26 32 29 30 27 19 9 18 19 38 3 17 26 19 20 13 13 13 20 29 34 34 33 25 7 12 14 19 17 20 31 34 
12 22 29 34 38 46 72 97 140 194 212 215 207 154 100 61 26 18 31 38 35 33 32 22 7 25 32 36 32 23 14 34 28 37 35 35 32 25 23 26 27 35 19 22 31 24 25 17 18 14 19 21 29 30 28 23 6 14 23 23 14 14 21 20 
8 17 27 38 45 69 108 136 173 217 211 187 163 101 46 25 13 27 24 27 26 26 30 17 13 17 21 22 16 10 18 31 28 36 26 23 27 20 37 30 28 24 23 32 43 32 30 22 24 20 26 23 22 22 18 21 15 18 25 28 20 21 27 10 
4 7 25 50 68 108 158 181 202 224 194 147 111 52 10 14 13 25 18 23 21 18 17 13 20 16 12 9 15 19 31 33 37 35 22 12 19 11 37 25 24 20 17 10 28 21 24 17 21 21 29 30 22 17 15 19 21 16 16 26 14 17 31 22 
21 9 30 70 107 152 196 206 204 198 149 90 55 20 24 27 18 19 14 17 15 9 11 16 18 16 7 8 26 24 33 39 43 35 31 18 12 12 38 22 20 15 13 17 21 16 16 15 24 27 28 27 17 25 20 18 21 16 23 30 15 15 30 26 
24 29 48 100 146 179 212 211 187 161 109 58 27 10 17 26 18 20 23 22 21 15 20 30 33 32 19 13 30 22 24 27 24 19 24 13 9 14 36 31 23 14 10 12 10 8 6 8 27 29 23 28 19 31 22 14 23 22 30 45 43 42 49 47 
29 54 80 135 180 199 210 196 155 117 78 47 23 12 18 32 25 23 23 19 22 28 30 33 37 41 38 35 42 33 32 26 14 14 27 16 12 4 22 19 16 15 16 16 16 18 21 13 24 23 16 27 23 36 23 12 23 22 15 22 21 26 38 39 
74 102 131 180 215 207 185 158 103 66 42 30 30 24 28 27 18 11 3 5 18 37 35 25 26 40 54 55 51 38 33 27 15 15 29 23 10 5 16 8 12 18 21 28 35 36 37 33 29 15 13 17 21 32 14 14 21 31 40 40 38 39 40 34 
125 144 165 200 207 175 137 108 56 29 18 16 27 24 30 24 16 11 3 7 12 34 32 26 31 45 65 63 41 26 25 31 34 30 33 27 16 11 15 12 19 17 11 14 12 10 17 18 10 4 27 21 20 19 9 17 12 9 11 14 25 30 32 36 
159 162 172 188 171 136 93 66 25 13 5 13 21 24 35 29 25 19 12 18 19 31 24 7 22 43 60 54 30 28 39 48 46 35 35 27 26 21 7 13 17 21 17 14 11 15 18 26 13 17 36 20 20 7 19 26 24 20 15 12 17 26 26 29 
181 180 184 185 153 114 68 41 13 16 9 19 22 30 39 29 21 7 10 27 20 19 16 20 38 47 45 34 24 33 41 39 28 15 15 11 18 18 9 20 18 16 26 30 30 30 32 40 24 24 34 13 23 16 32 32 33 34 33 31 30 34 34 37 
193 189 185 171 124 80 42 20 11 19 11 24 29 37 41 28 19 8 11 24 22 21 21 24 31 36 31 26 30 41 46 36 23 18 14 9 12 11 12 22 23 10 20 25 25 27 33 43 30 26 29 16 24 16 23 23 28 27 18 13 11 25 30 34 
181 165 146 122 71 39 23 9 9 19 14 14 28 35 39 26 14 4 8 21 19 15 15 21 29 39 44 43 42 43 41 22 12 18 17 12 10 15 12 24 27 19 17 13 16 27 38 48 35 25 26 21 22 12 18 32 45 46 42 36 24 24 24 25 
116 108 94 78 50 36 26 18 11 14 19 12 23 24 24 20 19 20 16 21 22 11 10 6 18 33 39 41 35 33 27 10 13 16 18 17 17 18 5 16 20 24 26 14 15 22 35 48 34 23 16 17 15 7 5 24 42 48 42 29 16 21 24 29 
83 81 76 69 57 51 39 32 23 16 19 17 26 22 13 13 27 30 24 8 21 30 38 38 26 33 41 42 35 33 26 10 12 11 13 7 15 20 4 10 11 24 30 16 5 15 27 42 30 16 5 11 4 13 20 33 44 47 39 26 22 27 25 21 
78 70 59 53 54 60 51 45 38 25 24 19 26 22 10 18 27 19 21 15 15 15 11 30 34 44 55 51 36 33 23 13 13 19 24 25 32 35 26 26 22 31 40 28 11 10 15 32 24 18 10 11 14 27 31 37 41 45 38 25 31 35 34 31 
56 51 45 47 58 66 56 50 45 24 18 11 30 32 17 26 32 25 31 22 10 10 23 44 42 46 57 54 33 31 18 16 19 21 24 24 28 27 18 21 16 24 38 29 9 13 11 25 18 17 9 7 23 33 25 20 20 36 35 26 42 42 36 26 

20 29 36 36 35 31 34 23 21 11 8 9 17 19 25 30 33 45 34 36 25 14 21 22 4 13 8 11 10 33 10 19 13 20 20 26 32 27 20 15 21 21 13 16 6 22 33 22 29 39 47 57 66 84 129 169 196 195 169 128 76 30 27 24 
20 21 30 32 31 34 37 36 33 27 21 15 20 22 20 24 23 35 33 35 26 17 24 23 11 17 12 16 16 32 16 19 24 29 30 33 32 23 13 14 17 18 11 14 3 13 26 18 23 34 47 65 81 107 153 183 197 183 148 114 69 26 29 32 
34 31 31 32 31 33 27 27 26 29 27 20 22 23 12 12 11 27 28 25 24 27 36 31 19 21 16 18 19 24 7 13 19 21 21 23 24 18 9 18 18 20 10 12 5 12 25 18 21 33 52 85 117 149 191 208 203 166 123 95 57 20 29 35 
25 23 25 26 25 26 16 21 22 28 31 25 23 29 9 7 9 27 28 18 14 9 18 9 6 12 18 20 22 14 11 12 15 22 27 28 24 20 18 22 22 23 13 6 9 16 27 29 35 48 72 119 161 189 218 219 194 143 100 74 45 17 28 39 
21 15 18 25 27 31 31 30 30 34 35 25 19 31 20 17 19 29 27 22 22 8 12 11 11 12 13 19 24 18 11 5 19 28 28 19 14 19 23 28 26 21 11 4 10 10 15 26 45 63 98 155 195 206 212 195 149 91 57 43 27 17 30 41 
21 16 12 16 17 19 13 7 16 21 27 19 12 19 18 22 29 37 32 24 29 25 21 18 9 12 15 17 21 13 9 11 24 28 22 14 12 21 31 37 31 24 16 9 5 16 23 35 60 87 131 188 219 211 197 166 108 54 29 24 14 14 22 26 
29 24 18 12 8 8 24 35 39 33 28 19 15 17 14 16 26 35 30 25 21 15 8 15 17 9 11 9 12 8 14 18 28 32 27 26 25 29 37 38 29 18 5 15 15 18 30 59 93 128 173 215 226 199 168 129 71 33 22 19 8 15 21 23 
32 32 26 14 10 11 33 38 35 34 27 20 17 13 10 12 31 36 18 19 25 25 23 20 17 11 24 20 17 12 18 15 19 24 21 24 27 30 32 30 25 14 16 25 21 23 51 101 139 171 203 217 201 157 114 82 39 27 22 26 21 21 22 22 
21 26 24 16 13 15 35 42 37 33 23 12 7 7 8 2 30 35 17 15 23 13 14 5 13 12 25 9 7 12 17 24 23 20 8 6 12 18 19 15 19 20 21 26 26 39 87 134 156 178 195 183 153 106 63 46 28 30 28 34 24 25 22 20 
23 22 18 9 11 27 40 44 42 35 27 19 14 6 15 5 26 32 19 26 36 30 29 15 15 13 27 23 15 18 19 24 30 25 13 11 21 29 32 23 14 21 29 43 63 96 144 177 177 178 171 137 104 62 29 25 25 30 31 39 29 29 19 15 
27 20 11 8 23 39 44 45 42 33 26 24 19 11 17 16 27 30 24 27 31 25 32 20 9 20 28 25 16 12 12 13 24 24 17 14 23 31 38 33 12 17 38 74 109 151 195 207 189 174 140 95 68 37 4 13 18 27 27 31 21 19 8 15 
27 16 5 13 28 43 43 43 38 27 25 27 24 21 29 34 28 17 21 33 41 40 37 28 21 21 17 15 9 6 3 7 14 21 16 22 32 36 41 34 13 30 71 120 159 195 215 198 165 142 94 50 44 32 25 24 20 20 18 22 15 9 8 17 
24 10 6 18 33 47 44 34 28 17 21 25 30 33 37 41 31 13 7 24 29 27 26 19 8 11 23 30 27 16 11 15 9 18 14 28 38 39 39 32 32 60 113 163 194 214 209 170 129 101 48 15 32 38 28 15 9 10 18 18 15 20 29 38 
18 7 10 24 35 47 41 27 23 9 16 11 24 29 29 33 33 25 11 17 19 19 22 19 14 15 18 10 23 13 11 18 7 22 13 24 32 29 26 33 54 88 144 182 195 201 182 141 108 84 48 35 22 25 26 17 16 15 21 31 13 10 22 25 
13 11 15 23 32 41 33 24 24 13 21 5 19 22 21 15 26 31 21 28 42 46 39 36 33 30 29 21 23 9 6 21 7 24 22 23 28 16 24 55 88 127 177 192 187 177 141 103 81 67 55 48 35 17 20 16 12 14 14 33 27 24 30 30 
32 28 20 18 25 28 16 3 16 13 24 6 17 23 28 28 33 30 18 24 21 15 15 17 19 22 15 6 12 9 7 23 8 14 11 15 36 32 48 82 120 155 186 180 161 134 89 65 46 27 34 38 40 24 12 9 12 22 18 27 27 21 21 20 
28 30 25 20 26 27 30 27 30 29 27 14 13 11 13 23 25 17 12 27 33 29 28 28 31 31 15 13 13 14 21 22 10 19 15 21 44 51 77 118 155 177 185 156 126 93 55 55 44 17 27 35 49 30 13 12 18 27 20 22 23 18 16 18 
18 21 15 10 19 11 17 12 17 21 22 21 20 6 11 15 17 10 6 15 18 10 20 25 30 26 12 17 18 17 24 28 21 27 23 32 64 95 133 173 199 202 182 130 94 70 43 56 51 23 32 39 58 36 14 9 14 23 15 13 20 23 27 33 
11 15 15 8 15 13 15 14 11 14 13 12 13 16 15 9 10 4 7 16 21 14 19 17 23 20 15 14 14 19 25 28 32 36 49 71 113 157 190 211 212 190 144 87 62 54 38 57 59 22 31 39 61 49 21 13 13 17 17 6 10 15 18 21 
6 9 19 6 9 20 17 16 15 9 10 14 20 21 16 7 6 8 14 24 20 13 17 9 15 12 8 10 15 11 16 15 25 47 87 123 164 202 218 211 185 142 88 49 30 40 37 58 57 14 30 37 51 44 33 33 27 17 12 8 15 15 15 21 
24 23 24 12 7 13 19 18 14 9 11 26 34 30 23 19 14 13 25 25 13 15 17 16 23 21 26 36 32 28 30 25 31 74 126 155 190 218 215 188 149 102 62 48 30 31 38 56 48 29 32 33 42 36 32 29 22 10 11 15 19 20 22 30 
16 17 22 18 20 19 21 14 11 24 20 36 43 38 20 11 18 24 33 30 14 24 19 14 19 11 14 18 15 20 29 25 49 106 152 176 200 209 188 150 105 60 38 30 26 29 35 49 30 7 8 22 32 29 22 16 9 7 21 24 21 18 15 16 
29 31 32 25 23 20 19 12 15 32 14 23 34 36 25 17 24 28 36 37 19 30 9 8 23 12 14 21 25 22 30 32 68 130 171 192 199 187 151 103 57 25 30 17 7 21 31 41 19 10 13 9 12 8 7 15 12 18 25 23 17 15 13 8 
39 40 38 32 26 28 15 12 17 32 21 21 20 26 18 12 17 25 34 38 32 32 12 10 27 15 15 19 20 10 42 66 113 170 194 197 184 153 106 61 30 20 20 10 21 24 27 24 16 33 41 41 33 21 9 17 9 14 18 15 11 12 14 9 
42 39 42 38 29 33 15 11 23 25 11 16 19 21 12 9 7 15 26 34 32 23 11 12 27 11 12 14 24 41 87 121 169 207 200 183 158 115 69 37 17 14 4 20 26 24 22 12 17 19 17 22 20 19 13 16 18 16 16 11 6 7 14 25 
50 46 47 40 30 28 18 23 20 8 16 28 35 28 13 13 8 7 11 14 15 9 14 17 30 23 27 32 44 84 135 167 200 206 177 157 128 84 47 22 17 13 14 27 27 28 29 27 30 26 17 6 20 28 30 26 23 18 8 5 12 19 32 41 
60 56 53 48 39 34 29 27 17 8 18 23 23 20 21 21 18 15 15 11 5 16 16 13 26 34 48 72 100 146 186 197 201 186 150 132 107 64 30 12 25 16 18 28 24 28 25 20 24 17 24 10 23 24 21 14 11 3 15 18 21 21 18 13 
59 53 49 45 32 25 20 13 15 23 26 18 9 20 29 29 27 19 15 20 9 23 13 24 37 60 99 133 162 203 225 213 201 174 134 111 88 42 19 18 30 15 18 31 30 36 39 28 24 21 26 9 21 26 33 33 32 22 19 6 10 10 11 17 
47 40 32 29 17 9 15 14 16 21 26 22 18 29 37 41 39 29 21 18 6 20 12 28 49 86 136 165 193 225 223 193 174 139 99 80 63 27 26 29 35 24 11 18 21 24 34 25 6 16 24 27 25 20 19 8 12 6 5 13 16 15 18 27 
34 27 20 16 8 11 14 20 27 30 27 19 25 35 38 39 37 23 14 8 12 12 16 41 70 118 169 192 211 219 180 131 106 74 55 51 39 11 20 26 28 24 27 17 18 14 16 28 8 15 23 25 19 5 18 27 26 14 10 11 15 14 22 34 
24 21 16 11 8 13 22 36 34 29 21 17 30 34 33 31 27 12 11 6 12 9 37 67 108 168 211 220 218 194 132 84 63 38 31 31 16 15 16 21 19 18 29 25 19 19 18 29 15 2 9 13 25 20 17 17 12 22 22 24 20 17 19 20 
25 21 14 8 13 19 30 39 28 30 29 22 19 22 33 36 36 24 19 21 24 30 64 95 143 201 221 213 198 157 96 63 48 25 20 16 8 20 14 14 19 22 26 33 24 26 23 29 22 12 16 13 21 19 17 21 22 26 20 22 24 24 26 27 
22 15 7 12 25 32 36 39 24 23 21 25 18 22 30 25 21 24 28 38 38 57 97 130 172 211 203 180 155 101 47 26 20 3 12 10 12 26 24 22 16 12 13 28 22 27 27 31 31 29 29 15 17 16 14 13 10 15 16 25 34 36 35 33 
23 18 12 21 34 37 44 45 32 33 12 12 21 29 31 29 30 35 35 42 63 104 152 182 205 215 184 142 104 44 8 13 21 22 22 17 16 30 29 28 29 27 22 21 20 26 24 21 27 22 18 19 18 26 15 12 18 22 24 23 36 42 46 46 
12 9 6 17 27 19 22 23 21 36 9 7 12 26 25 13 8 23 48 79 124 170 205 216 213 195 149 100 68 27 14 10 5 4 20 28 28 27 27 25 26 24 19 16 19 22 20 15 27 29 16 19 16 31 18 5 7 15 32 23 28 30 32 33 
3 2 3 15 25 16 23 28 33 37 11 14 15 32 29 18 12 36 71 115 168 202 217 209 182 145 102 61 44 24 16 14 9 12 19 28 28 25 25 26 29 29 26 22 19 16 12 9 26 34 27 35 29 29 19 6 9 9 30 27 29 29 28 24 
15 14 12 14 18 7 11 14 22 20 13 17 11 30 19 9 18 59 98 150 197 213 211 190 149 105 71 39 27 24 14 18 18 17 22 25 29 28 22 21 22 22 18 13 16 12 14 21 26 35 24 33 25 19 19 15 23 23 33 36 34 24 23 19 
21 25 30 30 22 18 19 24 31 15 25 19 12 33 21 25 58 104 137 177 206 204 183 150 108 70 43 25 24 24 21 21 19 10 15 17 23 26 17 16 18 19 12 16 21 19 25 30 25 29 13 23 12 11 21 22 33 30 24 20 13 10 16 12 
22 12 3 7 16 36 31 32 36 28 42 22 19 48 50 71 110 149 171 189 192 169 134 97 65 38 25 21 24 24 22 23 19 19 21 13 12 16 19 18 13 13 2 21 17 18 31 39 33 29 11 18 8 7 24 25 39 42 35 26 18 13 19 22 
32 29 30 34 34 40 20 11 17 27 42 30 25 55 66 101 149 180 190 183 161 121 80 53 43 27 24 30 32 31 30 31 21 21 27 25 19 17 17 22 13 10 13 19 13 18 33 44 41 36 22 25 25 28 34 36 50 45 33 21 22 11 18 24 
31 23 14 5 8 24 13 21 26 36 37 25 44 78 99 144 184 196 186 157 124 86 54 41 38 18 12 12 12 18 21 27 15 9 15 14 8 12 18 18 18 25 28 21 13 22 38 49 49 41 27 28 30 22 22 16 29 25 18 12 23 19 15 16 
33 27 12 3 8 23 28 31 30 36 27 27 70 113 143 185 209 201 173 133 98 63 36 29 27 18 20 14 10 10 12 18 10 15 19 10 6 7 13 12 15 20 19 13 13 25 39 49 42 29 15 7 14 11 16 5 17 18 14 10 21 19 9 8 
26 29 20 19 19 19 24 26 23 32 30 51 103 148 175 204 208 186 148 107 75 42 25 25 22 27 28 21 15 12 7 18 11 8 16 13 10 9 8 9 11 11 3 15 16 23 33 40 33 26 21 22 22 23 24 14 6 12 12 16 27 24 15 9 
18 16 7 2 7 14 21 21 27 49 66 100 154 190 203 208 185 146 106 74 49 29 21 24 16 26 33 31 26 19 10 21 21 25 28 20 16 18 13 14 13 6 7 19 18 22 29 33 27 24 23 26 29 34 36 31 27 30 27 31 38 32 25 23 
32 33 34 35 30 30 28 22 42 78 106 153 205 223 216 200 153 106 68 52 40 32 26 24 10 20 31 42 46 46 41 41 35 30 23 15 16 23 20 18 16 13 21 18 17 23 28 31 26 21 19 23 30 39 42 42 39 32 19 16 20 13 11 14 
21 21 18 16 18 17 14 14 60 107 141 191 231 226 199 169 116 72 49 48 45 38 31 23 17 31 39 49 47 44 33 30 16 6 19 22 23 17 17 27 22 30 24 7 11 17 21 23 22 20 21 22 24 26 26 26 23 13 10 13 18 19 18 19 
26 21 16 12 16 3 16 41 97 153 191 229 244 210 161 119 64 27 27 38 41 36 29 19 26 35 34 33 18 24 12 15 12 19 22 25 26 22 11 18 13 39 22 11 13 12 15 14 15 14 11 6 2 3 6 16 24 21 20 18 20 24 24 18 
22 14 12 14 25 27 58 93 147 202 222 234 227 173 116 71 26 25 35 47 51 42 31 13 19 23 20 18 12 30 10 19 13 24 25 27 22 24 15 14 10 40 18 9 16 13 14 3 12 12 14 21 19 12 11 11 20 11 13 20 26 34 36 31 
9 6 11 18 31 54 99 135 179 220 212 198 175 117 70 38 12 13 26 39 45 45 36 12 12 18 23 22 18 26 9 23 13 28 27 30 27 33 32 16 11 35 23 18 15 17 19 7 15 15 17 20 25 22 21 11 14 20 26 23 21 27 30 23 
11 15 24 40 52 90 144 170 197 221 189 155 125 68 30 10 14 22 9 24 30 32 31 12 21 22 22 17 21 24 12 22 16 27 18 21 23 28 46 24 11 19 28 40 36 24 21 10 16 19 27 17 23 24 25 22 11 19 27 30 22 22 30 20 
18 24 42 67 86 138 192 199 203 205 154 108 79 36 19 10 12 18 14 24 25 19 19 25 30 24 16 17 32 30 24 26 24 24 18 17 24 23 46 20 7 5 8 23 26 13 16 7 8 19 31 24 26 20 17 23 14 11 11 24 16 25 40 33 
29 32 61 99 132 181 215 199 180 159 102 60 41 29 27 19 8 9 15 21 23 13 11 23 23 27 14 14 34 20 22 25 31 28 29 23 23 24 45 20 8 4 8 22 18 13 14 8 8 22 29 18 15 12 18 22 17 18 20 33 22 18 31 22 
38 54 93 140 174 202 212 177 141 111 67 42 29 27 21 16 9 15 22 24 26 22 21 29 31 37 23 18 35 14 15 20 25 21 25 21 20 24 42 27 17 9 2 14 17 11 12 11 14 20 15 17 13 17 21 18 20 24 25 40 40 41 48 41 
76 99 138 180 205 212 193 147 103 71 46 39 30 27 18 20 20 23 23 18 22 36 35 28 28 36 31 31 40 21 19 18 14 11 27 22 19 17 29 24 23 22 20 16 15 23 30 27 26 19 3 15 18 23 19 10 23 27 24 32 32 33 39 31 
127 150 181 211 218 198 151 102 57 33 25 26 31 27 24 18 15 16 2 3 11 44 44 19 14 29 42 48 46 28 25 24 13 9 27 24 17 11 17 9 15 20 24 31 37 39 38 39 31 16 15 6 19 25 12 4 16 25 39 42 39 38 31 18 
171 180 196 208 187 146 96 61 25 18 14 11 23 16 18 16 15 21 15 17 10 36 42 26 33 38 50 54 34 12 23 33 32 34 38 29 18 8 12 10 21 19 9 11 16 23 24 28 12 9 26 17 17 14 6 5 11 6 8 11 20 20 18 22 
187 180 181 174 132 97 57 34 14 13 9 9 17 12 22 27 32 33 29 30 22 31 28 5 27 40 49 47 18 15 34 42 41 38 36 24 23 10 8 21 27 27 16 14 17 25 23 31 9 20 32 16 16 8 17 17 22 15 12 11 19 23 19 18 
187 179 174 155 109 77 43 25 19 19 17 21 23 23 35 36 36 34 34 40 22 16 16 24 41 42 37 29 6 22 36 33 29 20 11 5 18 12 8 16 10 17 27 34 37 36 30 36 21 27 28 6 18 19 29 25 30 25 25 27 32 36 30 24 
174 165 154 132 87 57 36 28 27 22 16 21 25 26 35 33 32 31 31 35 22 20 22 25 30 24 18 18 20 35 44 34 26 21 16 10 8 12 20 24 20 13 19 26 27 24 24 33 27 29 22 9 19 25 30 32 35 26 11 8 22 29 29 28 
144 126 106 83 43 23 21 20 25 22 20 14 18 19 28 24 21 21 23 29 13 4 12 21 33 34 36 38 34 38 37 15 6 15 20 16 6 9 13 21 23 24 22 16 16 19 25 35 27 23 20 18 21 16 18 35 43 42 37 34 36 32 21 11 
87 79 65 52 32 24 18 13 21 21 22 18 16 11 18 17 11 13 12 24 15 7 13 6 17 15 12 19 15 24 21 3 9 16 26 23 21 16 13 14 17 26 26 16 17 19 21 36 28 18 13 11 10 5 21 36 42 43 33 24 33 30 15 14 
62 60 54 51 41 35 20 15 21 27 26 22 24 11 10 8 21 28 23 14 12 21 28 27 11 9 13 15 8 18 16 4 8 12 22 9 21 17 12 9 14 27 26 12 6 15 16 37 33 23 15 10 2 15 30 44 48 43 33 23 34 35 16 5 
56 45 30 23 12 21 10 9 19 30 29 23 28 12 10 14 25 20 12 8 16 16 16 29 25 32 37 34 20 22 16 7 7 15 26 22 38 34 28 24 21 31 34 23 13 19 14 36 35 26 20 15 11 22 32 44 46 44 40 29 39 39 27 25 
32 22 11 8 10 23 14 14 12 21 21 14 30 19 14 23 35 32 22 7 6 9 35 43 27 24 30 40 21 23 14 5 9 14 23 19 30 22 17 15 11 19 28 23 14 22 19 33 32 26 21 16 19 32 33 35 35 33 35 31 49 49 37 26 

40 36 25 19 18 9 28 18 22 15 12 9 28 16 10 14 20 41 31 46 41 39 42 35 30 34 28 20 14 20 16 26 32 26 20 22 32 32 26 31 33 21 10 21 29 28 11 19 41 51 58 80 108 137 175 197 180 145 109 83 46 13 27 21 
35 26 14 9 6 15 30 31 30 25 14 8 23 19 15 18 20 34 26 40 34 31 34 28 24 27 24 20 18 26 16 27 33 30 31 33 35 29 19 25 25 15 7 15 24 28 19 17 38 51 68 96 129 159 190 198 173 130 94 77 45 15 28 23 
40 31 18 13 15 18 19 20 19 23 12 3 15 12 9 16 25 33 24 26 20 24 29 24 18 21 18 19 16 19 2 21 26 25 29 29 27 17 6 20 18 14 4 12 16 26 25 20 41 60 84 125 165 193 213 207 171 118 81 66 39 15 29 25 
27 14 10 11 18 21 20 12 4 21 19 13 14 17 12 16 24 32 21 18 14 18 18 7 6 11 19 23 24 18 14 13 15 27 36 34 25 12 7 19 14 14 12 13 12 21 19 29 58 81 114 163 201 213 215 192 144 93 63 49 33 19 27 27 
24 11 13 19 28 31 34 22 14 28 29 24 16 24 27 27 33 36 24 22 21 21 20 16 14 9 6 14 21 23 26 12 12 28 31 22 13 10 12 21 12 6 4 9 14 17 9 34 71 101 142 190 212 202 180 142 89 43 27 25 23 21 29 35 
9 8 9 15 22 24 22 15 12 29 35 25 14 14 29 35 42 40 25 16 24 28 24 21 15 15 18 18 26 25 28 16 13 24 18 11 8 16 25 30 21 16 18 15 8 15 27 55 92 126 165 205 212 185 153 111 63 31 18 14 14 18 18 21 
21 15 10 7 14 19 26 30 24 28 36 25 15 15 25 28 35 28 14 11 12 17 16 26 21 14 12 7 19 21 26 21 19 28 21 18 21 24 35 31 21 12 6 11 12 33 58 96 135 164 194 214 198 155 117 78 38 24 17 14 11 11 13 18 
12 15 17 11 12 18 29 30 12 16 27 22 18 18 26 30 39 32 10 7 17 20 22 26 19 14 22 19 19 22 29 29 21 28 23 18 18 19 29 26 15 11 10 18 28 55 95 144 176 195 208 199 159 106 68 41 6 14 5 13 19 13 10 12 
6 9 15 13 9 18 26 33 23 19 23 15 9 4 10 11 34 35 16 13 20 9 14 14 18 16 25 16 9 16 20 27 15 21 18 9 8 13 22 24 8 16 19 34 56 90 138 175 183 182 177 151 111 66 38 24 4 16 10 13 15 21 23 26 
16 11 11 12 11 17 23 26 21 16 17 16 12 12 18 9 31 37 21 25 34 29 31 18 20 17 25 25 14 11 9 16 9 9 20 13 10 16 28 36 16 16 40 77 115 158 196 208 194 170 143 111 75 40 22 14 9 17 11 19 26 33 30 30 
14 12 6 21 22 19 25 24 22 17 10 13 8 15 22 15 30 38 29 30 32 24 34 23 11 14 22 27 20 13 7 12 20 7 26 18 8 10 18 36 25 29 68 116 160 204 229 222 191 155 112 78 53 26 15 19 21 24 18 15 16 23 16 18 
24 19 13 24 21 21 25 23 25 11 12 16 15 23 33 32 31 28 28 30 32 32 33 27 21 21 15 19 13 7 4 10 19 19 28 23 14 8 6 30 42 60 113 165 202 229 230 194 149 110 63 37 36 30 30 32 30 25 21 18 16 18 15 19 
9 10 11 23 21 24 23 15 27 4 14 15 24 34 46 49 41 23 17 18 20 25 24 20 8 6 16 28 24 11 9 16 16 18 20 20 12 9 11 38 72 103 161 209 227 233 209 155 107 66 21 11 28 33 24 15 14 18 24 20 21 28 36 45 
12 9 11 22 12 22 21 18 34 18 22 4 21 22 29 39 41 24 6 17 23 28 25 17 9 11 10 14 21 6 9 20 9 22 12 14 21 22 34 69 110 144 192 216 208 196 165 122 88 61 45 30 16 10 22 15 18 27 26 33 24 21 26 22 
24 14 10 12 18 33 28 27 36 21 25 13 28 21 9 10 26 30 19 33 49 54 47 36 28 25 25 24 22 6 7 26 9 19 20 15 29 34 64 111 154 181 209 205 175 150 117 84 61 51 56 48 34 16 21 17 19 31 27 38 38 37 42 44 
27 20 6 5 27 27 18 15 24 17 23 11 27 25 22 20 29 31 15 22 25 27 24 17 15 14 5 9 11 12 5 26 13 11 11 13 55 70 101 146 179 192 198 175 137 107 76 56 30 13 31 33 35 11 16 16 26 38 32 33 32 28 22 21 
21 23 15 15 31 23 23 23 29 28 23 12 21 18 18 25 25 22 12 20 28 32 32 30 30 24 14 16 13 11 12 21 8 20 28 46 83 103 134 172 191 188 173 136 99 75 53 50 30 13 27 35 44 13 18 14 28 37 29 25 26 27 19 20 
17 18 6 13 32 20 21 21 21 27 23 21 21 9 8 13 19 17 11 9 6 15 19 20 22 12 6 12 16 17 20 25 21 28 32 55 102 138 170 200 205 185 150 102 70 57 42 50 37 22 33 41 53 19 17 10 26 34 25 20 23 30 33 39 
11 13 9 15 26 15 15 12 12 15 7 9 6 6 8 10 15 2 11 16 12 18 19 18 18 10 14 11 3 5 13 17 29 44 65 99 149 186 204 209 187 150 106 66 52 54 42 51 48 23 33 38 55 27 12 6 21 27 21 16 13 16 16 17 
18 8 12 14 16 26 29 27 28 18 8 8 9 8 13 17 14 7 6 21 9 15 12 14 18 10 10 6 9 7 17 12 27 68 119 162 200 221 214 185 136 88 46 31 31 47 38 47 45 15 33 33 48 27 20 22 25 24 13 9 15 19 23 33 
30 24 15 9 9 23 27 26 24 22 16 18 14 7 12 18 18 8 13 21 10 15 9 12 15 9 18 30 29 24 33 33 50 110 164 186 205 212 187 141 90 54 30 33 24 41 37 43 43 27 30 23 34 26 28 28 31 27 9 4 9 14 25 36 
17 13 7 6 16 18 12 13 20 34 30 26 23 19 15 14 17 12 21 27 13 20 12 11 16 12 16 21 22 17 43 53 92 154 188 189 188 177 141 91 48 27 18 21 16 32 31 34 27 8 12 20 36 38 34 30 30 25 4 10 8 14 24 22 
15 15 15 13 14 16 9 8 17 39 33 30 31 29 28 18 18 13 17 31 15 22 6 12 23 12 15 20 16 6 57 81 127 181 198 189 172 146 106 54 12 15 25 21 10 24 24 27 18 17 19 15 18 18 17 21 16 17 16 19 15 19 23 17 
5 10 6 12 8 22 8 9 14 32 33 33 33 30 26 19 19 19 20 27 24 24 15 15 27 15 17 27 30 51 101 130 170 210 204 178 148 113 68 24 14 21 20 10 18 23 15 15 25 37 41 40 29 18 10 15 7 5 11 12 11 19 21 14 
18 9 15 13 6 24 11 13 23 24 23 31 35 31 22 18 18 19 16 17 14 12 13 16 34 27 32 39 52 95 153 181 213 225 184 144 111 72 35 17 21 17 7 12 24 27 17 10 17 19 18 23 15 10 12 16 19 10 10 7 5 13 17 27 
28 22 20 14 11 16 17 25 20 6 20 31 36 27 16 18 14 14 11 2 5 6 14 15 33 14 30 55 88 143 193 211 223 199 143 110 82 45 20 13 25 20 14 17 22 30 25 25 25 24 18 16 15 13 22 22 25 25 14 4 6 17 29 40 
35 28 23 27 25 20 22 23 15 16 20 15 19 13 19 20 9 13 15 12 13 13 14 16 36 32 66 106 143 186 213 208 194 158 115 96 72 39 16 13 28 26 27 27 17 22 18 22 23 20 22 11 15 16 19 18 23 15 9 12 14 14 13 9 
40 37 38 40 39 30 25 19 16 30 34 17 22 20 25 21 8 10 12 17 14 17 12 33 52 75 130 165 186 211 210 182 160 128 96 80 57 21 12 19 29 30 34 37 25 24 31 21 16 16 21 8 13 13 24 29 33 24 22 12 12 18 24 32 
39 33 31 36 36 28 27 23 19 24 36 18 21 19 22 22 17 16 21 18 12 14 10 38 68 110 163 185 199 209 184 144 123 89 56 45 33 14 19 21 28 31 32 32 26 20 29 25 4 18 24 24 17 9 13 10 16 12 12 19 21 26 31 35 
39 30 27 31 30 23 14 7 11 21 28 10 20 19 22 26 24 19 21 13 16 9 26 54 97 152 193 202 204 187 131 83 67 40 32 34 28 23 20 19 20 22 29 19 14 6 15 35 12 10 14 15 8 11 23 31 31 21 15 15 18 23 28 33 
32 29 30 31 27 21 13 18 22 21 19 7 18 12 14 20 17 15 19 10 12 17 55 85 137 198 222 213 193 150 81 40 37 22 15 22 13 22 16 18 15 6 18 16 11 15 18 40 20 11 13 19 24 19 19 17 16 20 26 27 22 20 22 21 
30 29 30 28 21 19 20 24 12 15 21 11 9 14 27 38 39 33 27 18 23 43 82 113 168 219 213 186 157 110 55 31 31 18 15 17 21 28 17 13 16 22 33 35 21 24 25 43 26 17 20 22 27 23 22 21 22 26 26 25 24 18 20 19 
20 16 15 10 8 16 18 24 8 12 13 21 11 15 22 24 18 11 15 25 43 81 123 152 192 214 178 139 108 57 21 11 19 11 17 20 23 30 26 25 21 25 31 36 26 29 33 41 34 28 30 26 28 27 25 20 12 13 18 23 29 20 17 16 
10 14 19 20 36 38 38 36 27 32 15 13 19 21 21 25 24 21 29 52 94 146 185 202 212 201 147 99 66 20 19 15 18 16 16 17 22 29 22 23 27 33 34 29 23 27 32 33 35 26 29 34 35 38 26 21 18 19 21 21 33 29 33 37 
3 5 11 9 30 15 7 12 4 33 14 12 12 19 15 4 6 30 67 112 165 207 222 213 195 161 105 61 39 9 15 11 9 13 24 33 28 21 18 15 15 18 24 24 26 28 31 24 28 23 18 33 38 46 32 21 14 13 26 22 30 26 26 30 
13 9 12 11 30 13 14 20 25 36 13 16 12 24 20 11 23 57 94 147 194 213 205 178 141 103 63 33 28 13 18 17 18 19 23 31 25 9 12 17 23 29 36 35 29 23 20 14 32 34 25 39 43 46 36 25 15 7 23 22 27 21 22 19 
16 17 22 24 33 18 15 11 19 21 11 16 9 25 14 8 39 88 128 179 208 204 181 143 101 68 45 22 17 16 16 25 25 18 17 15 18 17 9 12 11 12 21 15 18 7 12 21 34 43 30 37 35 38 36 27 26 20 26 23 19 9 15 10 
27 32 36 34 26 28 28 26 33 22 22 16 13 38 38 51 89 136 167 196 203 181 142 97 66 47 32 18 9 6 15 25 24 15 12 8 14 19 12 14 12 11 15 19 22 12 18 23 21 36 27 27 28 34 37 30 31 22 24 17 6 18 21 15 
24 24 19 16 22 46 39 33 33 25 35 27 28 60 68 93 134 165 179 182 165 129 82 45 35 25 23 22 21 17 15 24 22 23 22 12 15 18 18 16 12 15 12 25 20 12 15 18 18 31 26 19 24 28 34 25 27 28 32 26 19 22 22 24 
26 29 33 35 37 48 24 11 9 24 32 33 45 77 91 125 161 177 175 154 121 78 37 24 39 26 20 28 33 33 32 33 30 31 33 23 16 8 14 26 14 7 10 24 19 16 24 28 32 40 36 25 34 42 48 43 44 40 31 20 15 21 29 36 
24 22 22 15 17 29 6 9 12 35 36 40 74 109 130 161 181 177 155 120 90 59 36 39 49 32 16 10 11 15 22 29 26 19 30 27 21 11 12 23 24 28 31 29 21 24 34 41 51 53 46 28 26 22 26 22 24 26 20 18 19 24 29 30 
31 28 18 9 13 19 14 15 20 47 47 63 110 147 167 186 183 159 124 86 67 44 31 36 41 23 10 2 7 9 13 21 17 15 33 26 23 15 16 15 8 15 18 16 19 32 44 51 55 54 48 25 16 14 18 24 23 22 15 15 14 12 12 11 
24 28 21 17 15 9 11 10 31 65 74 103 152 180 188 187 164 129 91 60 48 26 12 23 25 11 5 6 8 0 10 23 19 18 31 25 24 15 15 7 3 12 6 13 25 39 50 54 53 50 46 28 10 4 18 26 21 16 7 12 18 15 13 8 
10 15 9 2 4 6 16 16 50 92 114 154 198 209 198 177 135 95 63 47 37 21 12 18 13 12 17 14 16 7 12 26 20 24 30 19 19 13 15 12 17 16 9 18 27 39 49 51 48 46 43 34 28 23 27 27 20 25 19 21 28 25 24 21 
26 30 32 30 28 25 27 28 78 131 154 192 226 215 183 149 98 57 29 24 22 18 21 21 11 12 23 38 48 50 51 47 32 22 12 9 10 11 11 14 17 11 21 23 26 33 41 42 39 34 27 27 32 39 45 43 36 33 19 11 16 10 12 13 
30 30 29 21 24 21 31 50 112 164 177 208 223 189 144 110 63 30 16 16 20 21 23 21 22 31 42 55 53 43 33 25 14 12 23 31 28 27 18 24 21 22 29 18 18 22 25 25 24 23 19 21 26 28 34 38 32 31 24 18 19 12 12 15 
38 34 29 22 27 26 54 91 152 201 208 220 209 155 102 65 24 13 16 15 14 18 21 24 35 39 42 42 28 15 8 9 19 21 13 23 29 39 27 21 11 28 28 6 3 7 7 8 11 15 15 9 8 7 15 33 33 33 27 21 21 15 11 12 
30 24 25 31 43 60 106 147 196 232 221 205 174 112 66 29 8 20 26 26 24 19 18 20 27 21 25 25 19 24 9 14 20 24 19 26 26 37 27 16 13 37 32 21 23 21 17 11 2 6 10 15 11 9 14 30 35 25 21 21 27 24 22 24 
24 24 34 53 69 102 155 187 213 228 193 158 120 64 40 16 10 15 26 29 29 30 25 21 21 10 21 15 13 22 3 15 17 27 19 24 21 36 37 18 20 37 33 24 21 25 23 14 9 6 13 15 14 10 10 21 37 34 30 23 20 15 17 20 
36 44 62 90 109 146 193 203 204 201 151 108 78 33 27 9 15 19 9 16 11 21 25 26 32 27 23 10 25 27 18 21 17 28 16 20 15 29 48 21 20 28 39 45 36 30 22 16 16 13 24 9 14 15 13 9 22 30 32 33 23 18 30 31 
48 62 88 123 145 187 223 207 186 167 110 67 46 22 26 11 12 21 19 21 12 5 18 35 35 25 17 22 41 33 23 21 20 28 24 24 18 19 48 18 14 18 20 31 24 17 15 14 16 14 30 18 25 25 20 22 12 21 16 29 26 35 48 42 
59 76 113 153 179 212 224 185 148 119 65 32 25 26 31 21 14 16 16 18 18 12 11 30 19 30 22 23 41 18 17 13 22 30 32 31 19 21 48 18 11 12 11 20 16 13 11 11 11 23 34 18 18 10 19 26 15 26 26 39 33 28 36 30 
75 102 147 186 204 216 200 143 99 72 31 19 13 21 26 18 14 13 16 18 20 25 24 32 18 35 23 24 42 22 25 24 28 26 29 29 17 23 45 24 3 8 14 26 30 16 4 9 11 19 19 11 9 7 23 23 14 27 31 47 49 47 51 45 
115 142 182 208 213 208 167 106 67 43 20 22 14 15 15 9 18 20 18 14 18 39 37 32 15 32 28 29 44 29 31 27 23 13 25 30 18 18 34 29 24 21 22 21 23 31 26 25 26 20 7 13 15 14 16 16 21 29 36 48 45 36 33 24 
153 174 201 213 201 177 121 69 36 15 12 15 20 16 16 12 15 18 7 9 9 44 43 24 11 30 38 41 49 36 35 30 24 15 27 29 18 17 22 23 24 26 32 41 45 50 33 33 28 15 17 8 20 25 14 4 13 24 40 46 40 31 21 11 
185 191 201 195 159 125 77 43 18 13 11 6 18 10 4 13 17 30 30 30 27 36 37 22 31 39 45 48 40 24 32 34 30 34 41 33 20 17 14 14 22 21 17 23 31 37 12 20 7 18 27 17 16 15 10 5 10 14 18 23 24 17 15 21 
184 177 174 149 102 82 53 36 29 25 21 17 18 12 9 18 23 30 31 30 30 33 25 8 28 39 43 43 26 12 33 31 29 31 28 22 17 5 12 23 32 28 22 21 27 32 14 25 12 27 29 17 13 3 14 11 17 15 12 12 21 25 26 28 
166 159 151 121 76 55 27 11 18 21 19 16 11 3 13 18 24 27 27 29 16 14 17 27 38 39 35 30 12 15 39 28 21 18 12 21 21 9 8 12 17 26 36 42 43 36 25 35 29 30 20 6 13 8 15 15 22 27 25 23 30 30 22 21 
140 133 124 97 63 43 27 18 16 10 7 4 9 7 13 6 15 18 17 25 18 23 25 27 29 22 17 17 15 30 50 34 18 17 16 26 20 21 21 18 14 18 25 28 25 17 16 32 36 29 17 13 13 11 11 20 25 32 23 14 23 21 29 38 
107 95 79 56 31 22 20 22 24 17 14 8 2 10 14 9 19 26 26 30 17 11 9 16 26 26 32 37 32 38 47 25 17 20 26 32 22 24 21 16 18 26 27 18 13 10 15 32 34 23 24 30 31 22 10 32 38 47 42 35 34 22 20 23 
66 60 47 33 24 21 15 20 27 23 21 11 6 12 12 11 10 11 6 19 10 16 22 17 20 12 13 23 21 29 36 25 24 25 33 30 25 25 21 11 16 27 26 22 21 16 5 30 31 21 24 22 16 14 32 40 40 46 42 30 34 22 9 21 
48 47 42 39 38 38 28 31 40 41 35 27 19 10 8 10 22 27 25 18 9 24 30 29 19 11 12 14 13 23 31 28 26 21 27 14 26 24 21 17 21 30 25 18 14 18 8 29 33 24 26 19 12 22 39 44 36 36 38 33 38 33 18 21 
39 30 21 18 19 30 25 30 44 53 45 36 30 14 12 15 22 16 14 13 14 13 21 31 33 37 38 35 19 20 27 29 28 25 28 20 38 31 28 23 24 34 33 30 22 28 17 26 36 28 30 24 18 26 43 49 36 36 43 40 43 36 24 31 
20 15 19 14 18 28 22 24 33 53 47 37 34 19 16 17 23 19 20 22 18 5 34 39 33 29 23 39 16 11 21 28 30 28 30 21 32 19 16 6 12 22 26 31 27 35 27 19 31 24 27 22 18 32 51 51 34 23 35 40 51 47 37 35 

38 34 22 15 14 13 30 28 27 18 12 10 35 20 9 12 15 30 18 34 20 28 34 36 37 33 21 20 22 20 15 14 28 7 12 12 31 32 22 31 27 17 18 25 28 10 20 19 29 42 38 75 120 148 176 179 139 105 78 56 37 17 25 14 
39 31 16 10 11 19 31 36 30 26 13 12 29 21 24 28 26 31 19 32 19 25 32 33 33 30 16 19 26 30 21 22 26 11 17 20 34 30 21 28 29 18 13 18 25 13 18 17 35 50 58 100 144 169 184 174 129 91 69 55 36 20 25 16 
44 40 26 20 25 24 24 25 17 26 13 12 16 9 19 29 36 39 33 28 12 19 25 24 24 23 10 13 22 25 12 23 20 15 25 28 32 21 9 22 21 15 10 16 17 21 28 27 48 68 90 135 175 192 195 172 125 87 66 49 31 23 24 17 
34 28 22 18 28 25 27 18 14 31 22 10 5 8 18 21 27 32 28 27 25 31 31 24 21 10 7 15 23 24 19 24 17 23 32 33 25 10 10 23 21 20 21 19 8 18 23 39 72 101 134 175 198 198 180 140 91 62 51 36 27 28 21 11 
43 34 31 31 37 33 38 21 14 30 22 17 16 21 30 33 39 38 29 26 23 27 29 24 24 18 12 11 14 11 23 25 19 31 33 31 21 6 11 24 21 20 18 14 15 24 31 56 92 125 159 187 192 172 134 88 48 28 30 23 25 34 33 37 
36 36 33 32 35 28 31 21 16 32 32 24 27 19 27 35 44 39 29 23 29 33 28 16 10 15 20 19 21 14 24 24 10 24 18 22 22 12 25 32 29 27 26 22 23 39 56 86 120 149 172 186 177 146 110 73 45 29 22 13 16 28 28 29 
42 41 33 31 34 27 33 33 22 33 38 28 33 22 19 22 31 24 19 21 26 30 28 22 11 7 17 23 28 25 33 35 23 25 6 13 20 21 38 31 29 24 18 12 28 62 96 135 164 179 185 180 152 112 80 48 25 20 15 9 1 11 11 12 
34 35 33 32 35 30 35 36 14 24 30 21 26 22 30 38 44 38 26 17 26 24 26 22 9 14 23 27 32 35 43 48 35 30 17 15 14 15 33 20 17 15 5 21 52 97 141 178 191 191 180 152 112 68 41 24 9 11 2 9 16 6 2 6 
23 22 26 29 31 28 25 33 27 34 37 23 16 3 15 19 32 30 14 11 27 11 16 17 10 13 25 25 29 37 42 51 42 35 21 5 7 12 29 26 6 15 34 66 101 146 185 197 184 161 133 103 72 42 27 19 8 13 12 17 21 25 30 33 
26 17 15 19 19 15 12 20 18 21 25 24 19 15 20 9 26 34 19 24 35 24 25 11 14 11 23 27 28 37 42 47 41 33 20 10 8 12 26 37 18 30 74 122 167 208 227 216 181 136 99 76 49 25 19 11 6 17 15 25 33 35 30 27 
12 10 9 25 24 9 8 11 17 18 9 11 10 20 25 8 20 38 35 34 38 25 33 20 8 12 20 24 22 26 31 34 34 27 20 18 3 6 15 42 46 60 112 162 200 229 233 208 163 115 76 54 33 19 20 18 16 18 11 14 22 27 16 16 
26 22 18 27 21 6 10 14 26 10 10 14 13 24 35 27 26 33 38 35 34 28 31 27 22 21 13 16 15 10 19 17 17 19 23 24 13 11 19 56 79 100 160 205 223 229 210 165 114 69 32 23 27 28 27 24 20 13 4 3 18 27 23 30 
15 15 14 25 21 6 5 14 33 9 12 10 18 32 48 48 42 33 33 23 16 17 20 21 11 4 15 28 33 26 18 12 6 14 19 20 20 25 36 78 116 144 202 234 228 212 175 123 81 40 20 19 28 32 31 21 17 19 18 14 28 38 45 52 
21 18 17 25 16 13 18 27 43 25 30 22 27 27 38 44 43 28 21 19 20 21 15 20 13 16 12 15 28 29 27 30 18 21 14 9 32 41 64 116 158 180 218 223 189 160 125 93 71 54 50 28 17 15 35 28 26 32 26 34 34 35 35 24 
34 25 21 20 17 29 25 30 37 15 29 31 45 43 41 37 39 34 21 31 43 47 40 33 26 25 27 28 31 34 32 40 26 11 15 13 44 57 96 157 192 201 213 191 142 112 83 59 48 45 56 46 33 24 36 32 32 39 28 40 45 48 53 52 
39 32 24 20 27 29 26 25 26 10 24 30 43 44 38 29 26 30 13 15 14 18 15 9 9 13 5 7 20 37 35 42 32 21 19 30 79 100 136 183 199 193 184 151 105 78 60 41 23 17 26 28 30 20 35 31 36 43 26 30 33 34 27 21 
48 39 30 24 24 11 12 15 19 19 24 27 34 35 29 27 21 21 11 15 19 23 24 25 27 22 16 17 23 38 38 42 32 27 37 68 112 130 157 188 189 170 148 112 77 57 46 38 15 17 23 34 43 25 34 23 35 41 20 21 28 37 30 30 
50 39 30 27 27 6 9 9 12 27 31 34 34 25 13 10 17 21 15 11 6 12 14 15 17 9 7 7 10 25 30 37 41 43 53 87 130 155 176 194 181 153 120 82 55 40 34 39 21 15 26 44 57 33 30 17 34 42 21 15 20 35 39 44 
46 35 28 26 26 8 9 9 19 21 23 28 24 14 11 8 16 7 11 10 7 18 16 18 14 14 18 18 14 14 20 22 47 69 98 139 176 196 201 191 156 119 87 62 51 43 33 39 33 18 14 34 56 28 25 15 27 39 21 16 12 15 11 18 
45 32 23 21 19 30 33 30 30 19 11 6 2 7 12 14 18 4 7 16 12 17 9 15 19 16 14 10 12 7 24 34 63 107 160 198 215 215 194 154 102 65 44 43 42 39 22 31 30 18 15 28 53 23 20 15 18 35 15 11 22 34 45 61 
38 32 19 10 14 28 31 28 23 18 6 7 12 16 13 13 16 8 8 13 15 16 6 6 15 12 13 21 21 14 45 65 101 154 194 199 191 179 147 101 60 34 24 30 32 38 23 27 33 22 15 24 45 26 22 18 16 33 12 9 15 25 39 48 
27 23 12 5 16 18 3 3 4 21 16 19 24 23 14 12 22 18 17 20 18 17 5 7 19 17 16 17 15 23 74 104 151 198 208 188 162 138 103 62 36 19 11 20 21 32 18 16 21 15 6 15 35 34 32 30 26 32 10 16 17 26 36 35 
27 24 19 13 13 17 7 8 9 21 16 23 32 30 21 9 14 8 9 25 21 14 6 15 26 16 12 12 13 51 111 145 186 217 207 176 141 110 76 36 24 13 17 23 22 30 15 9 18 21 19 14 12 12 14 21 17 22 19 24 18 26 31 28 
6 8 8 12 6 21 9 12 11 15 17 28 38 38 24 12 6 4 1 20 25 18 16 13 26 15 19 42 63 110 167 188 213 225 189 144 107 72 36 13 27 22 16 15 17 31 17 17 28 32 34 36 23 12 9 17 19 15 17 18 9 17 21 18 
19 10 12 16 10 25 15 18 21 15 12 27 39 39 24 16 11 11 8 6 12 11 20 24 43 43 54 72 97 154 207 217 228 211 147 99 70 37 14 15 25 16 7 16 19 27 14 13 14 10 12 22 18 13 18 24 27 20 17 18 16 20 26 36 
27 24 20 24 20 17 17 25 21 11 12 15 24 24 20 21 13 12 13 11 9 7 12 12 39 29 56 94 135 189 221 217 207 165 105 73 52 24 7 9 22 19 22 28 28 30 23 24 17 15 12 22 21 12 20 22 27 31 23 17 11 15 24 33 
18 13 10 23 21 9 11 20 16 21 22 7 11 8 22 22 7 7 8 7 4 6 9 24 54 53 99 146 177 207 215 189 159 119 85 69 50 28 13 7 15 15 26 27 20 13 16 24 15 10 15 18 18 16 21 24 30 27 14 10 7 3 7 16 
27 26 24 22 22 13 12 17 17 30 36 21 26 23 31 28 18 15 7 13 9 13 17 47 81 110 168 197 202 207 188 146 116 85 61 50 30 10 7 14 15 22 31 31 20 10 16 12 12 12 19 14 12 6 14 19 26 21 13 5 5 13 23 33 
20 18 16 21 24 24 24 23 24 24 39 24 26 16 23 17 8 15 14 11 5 8 21 59 107 150 193 199 194 182 142 99 78 48 25 24 12 5 9 18 20 28 32 33 29 24 21 21 6 18 28 23 13 6 7 16 18 18 8 14 16 17 19 21 
20 13 9 19 26 30 23 15 14 16 28 13 17 6 15 11 16 19 15 7 5 14 50 90 143 191 211 198 178 142 85 47 38 21 19 27 19 14 14 22 21 25 30 27 25 22 18 33 15 4 7 4 8 14 21 30 31 26 17 12 10 9 12 14 
17 15 18 30 36 36 30 21 21 21 20 6 13 6 11 14 18 19 18 17 27 51 93 130 180 224 222 190 153 103 48 17 22 23 18 20 10 12 14 24 23 19 26 30 25 19 15 36 15 6 3 9 13 8 11 14 16 20 24 23 16 12 13 12 
26 26 33 41 42 40 36 25 15 12 16 11 15 19 24 31 32 30 29 28 46 84 126 156 201 229 196 150 113 71 35 15 19 24 24 22 22 24 20 19 15 6 21 20 3 1 17 41 21 15 15 16 18 9 8 15 21 26 27 23 19 8 10 9 
25 19 21 24 25 29 32 28 22 23 20 24 15 17 17 19 21 16 17 36 77 127 166 186 211 209 151 105 68 26 22 10 21 22 21 17 16 23 26 23 15 14 22 23 12 11 24 39 27 20 21 18 18 14 12 15 9 12 17 20 25 12 9 10 
3 8 16 17 38 40 38 32 29 33 27 24 22 19 12 17 19 15 37 82 134 181 208 211 206 177 114 71 41 23 28 18 25 22 17 12 8 18 18 18 19 27 31 28 24 22 34 37 33 22 23 27 23 23 7 19 12 13 18 22 31 24 27 32 
9 9 9 5 36 16 12 11 9 31 25 22 19 19 9 4 23 57 96 148 190 213 210 186 159 123 73 42 22 5 16 15 20 18 22 28 18 11 16 10 8 20 29 33 33 33 42 36 29 18 13 28 29 32 16 22 16 11 20 26 34 30 29 27 
18 13 8 6 38 6 17 18 22 33 21 21 18 24 20 21 50 96 134 178 199 194 167 129 95 68 39 22 15 6 19 20 20 15 19 24 22 13 19 21 26 38 49 52 45 38 36 26 31 25 16 33 32 30 16 21 17 6 15 21 30 28 33 30 
24 23 18 26 41 15 23 13 21 23 16 20 19 30 27 42 84 138 172 200 197 170 129 87 56 39 23 13 9 14 20 24 15 5 9 6 24 24 16 15 12 23 37 39 33 25 22 19 36 42 28 33 27 22 15 21 26 17 15 13 18 21 31 30 
41 41 33 33 26 30 39 31 37 31 24 18 24 51 63 94 139 181 200 201 175 133 85 42 29 28 16 15 10 9 15 18 9 7 8 3 20 26 9 7 14 26 38 39 32 23 20 21 23 36 25 23 27 22 23 26 36 29 22 14 12 21 27 24 
32 27 3 10 22 53 47 29 24 20 26 28 48 84 103 139 173 194 194 171 131 86 38 9 30 32 21 22 23 22 20 16 11 20 20 8 20 23 8 12 23 33 38 38 26 17 13 16 15 26 21 7 25 20 23 15 21 30 34 27 18 14 15 18 
26 25 25 32 41 57 35 17 14 27 33 45 76 113 135 167 185 188 171 132 94 56 16 10 39 39 26 27 31 33 36 31 22 24 27 15 20 19 21 29 26 23 24 27 19 16 16 12 9 24 27 20 37 47 53 45 34 34 30 19 9 3 11 24 
22 22 21 21 31 43 27 24 26 47 52 69 111 147 165 181 182 167 136 96 73 45 22 25 47 42 31 23 16 13 25 27 19 13 29 23 19 19 23 32 37 32 33 30 22 20 16 5 16 27 38 24 20 19 24 24 15 27 26 28 27 28 31 31 
29 30 22 17 24 29 25 28 40 71 79 104 149 177 181 177 156 125 91 60 50 31 24 33 47 40 28 17 8 6 15 20 6 8 34 22 22 20 18 21 20 8 10 10 9 15 12 16 21 25 40 26 13 18 24 38 32 25 16 13 12 14 16 15 
26 29 21 20 21 24 31 38 63 100 113 143 178 188 178 156 120 87 57 34 35 20 9 21 31 25 22 15 13 9 16 27 12 13 30 17 29 24 20 15 9 10 12 6 6 14 12 20 15 17 36 30 14 21 28 42 42 27 13 12 12 9 10 9 
12 18 15 16 22 30 43 54 91 136 154 181 202 194 169 133 92 67 47 38 34 20 13 19 17 13 22 9 17 12 20 33 15 15 22 7 22 5 4 8 16 23 16 8 5 12 14 15 8 7 30 31 24 24 18 16 25 22 16 18 22 19 17 15 
16 21 26 24 28 42 59 78 132 182 190 204 210 179 135 95 56 35 21 24 26 20 23 26 17 13 20 28 46 49 55 48 25 14 7 18 18 11 15 21 23 17 16 12 11 13 13 14 13 6 16 24 28 38 41 27 21 19 8 7 12 3 1 4 
30 30 33 29 37 55 80 113 171 208 195 194 180 130 84 58 30 17 19 13 14 10 13 9 10 22 38 54 60 51 41 25 14 12 22 35 25 27 28 36 35 24 22 13 19 24 24 22 16 9 8 20 27 31 34 27 4 19 18 19 23 14 11 15 
48 44 41 39 49 74 114 155 202 225 201 180 147 91 49 26 11 14 23 21 10 6 12 17 32 42 49 52 48 38 28 23 29 21 15 25 16 38 40 42 36 27 30 20 25 31 31 27 20 13 9 9 8 12 16 29 17 17 15 11 20 16 14 11 
36 32 37 52 73 111 164 201 227 234 195 153 112 60 33 12 1 8 19 24 15 11 11 15 28 33 41 44 43 35 24 24 35 25 15 24 24 42 42 38 33 36 41 37 42 41 37 33 24 13 11 16 12 19 16 27 23 11 9 10 21 21 24 24 
27 23 44 80 108 152 200 217 215 203 148 97 62 18 24 13 8 16 26 33 25 25 24 22 30 31 40 36 38 32 20 24 37 31 19 20 17 35 39 29 30 35 36 33 36 42 37 30 25 9 12 11 9 17 10 22 34 26 22 16 12 14 22 22 
33 39 72 120 146 183 214 202 174 153 99 51 33 9 27 14 10 24 15 30 20 24 31 33 42 39 35 25 39 33 27 30 35 34 21 14 7 26 43 15 25 31 43 51 47 48 37 27 25 8 22 7 5 20 10 9 25 26 29 30 12 15 32 32 
32 51 98 151 173 203 219 184 141 116 68 27 21 9 23 15 10 26 21 27 12 8 20 37 41 26 18 26 45 33 25 25 33 39 27 18 5 22 47 10 23 27 36 49 46 43 33 22 23 14 29 18 22 31 21 20 15 15 9 29 23 29 42 33 
39 73 128 178 194 210 199 146 101 78 36 5 12 12 19 10 5 16 20 26 20 18 10 31 23 26 19 20 39 13 18 11 25 32 22 20 10 25 46 12 25 30 34 42 40 34 23 13 11 20 32 19 15 12 20 23 17 21 16 33 23 14 26 22 
81 119 168 201 202 196 158 95 56 39 10 12 11 16 22 15 15 2 9 19 16 29 22 31 17 32 19 15 34 10 21 17 32 24 12 15 13 29 43 15 20 31 36 41 40 24 8 5 6 18 16 10 10 15 30 21 12 21 24 40 33 32 40 41 
138 164 197 210 194 170 117 63 41 30 18 19 10 6 12 5 19 16 15 15 13 39 33 32 21 34 22 14 31 20 30 31 39 21 3 15 22 29 34 22 15 25 29 21 18 28 22 22 28 21 6 6 9 18 23 18 16 23 36 49 37 27 17 12 
175 187 202 196 166 133 76 36 26 18 16 18 18 12 13 12 16 18 8 12 14 40 36 27 20 32 27 22 37 36 43 37 44 32 30 27 26 27 21 17 15 27 32 34 32 46 30 28 26 14 18 12 20 30 21 10 4 24 39 44 32 21 5 13 
197 195 190 164 120 90 41 14 6 12 13 12 20 15 14 16 21 35 39 43 42 40 27 13 24 34 33 33 42 40 50 40 38 37 40 31 21 23 11 9 9 21 17 20 25 39 15 12 8 23 28 14 12 19 16 18 19 29 30 34 30 21 27 33 
176 165 148 111 68 58 38 36 34 27 23 17 17 17 14 17 13 14 15 21 30 30 14 11 27 34 34 37 42 39 47 33 24 26 21 18 3 16 15 19 23 28 27 26 29 30 13 18 12 30 27 17 7 9 13 18 12 22 18 16 14 17 34 39 
138 130 115 80 43 32 16 19 26 26 21 15 8 9 17 23 26 24 23 27 21 21 21 28 31 31 31 35 36 31 44 28 11 15 11 23 6 12 13 15 20 32 38 44 46 34 26 31 27 26 17 16 14 7 3 15 12 24 23 18 23 23 33 36 
102 98 86 59 38 28 19 15 9 6 4 4 10 7 11 8 18 19 17 27 24 29 26 25 25 22 23 27 23 13 40 32 11 10 12 30 6 9 9 7 15 26 25 25 24 18 18 28 37 24 22 26 21 15 5 17 14 29 23 18 27 25 38 43 
66 58 44 24 22 20 19 21 17 10 9 6 1 9 12 10 22 29 28 33 29 27 13 9 18 20 30 38 32 24 36 32 28 26 29 33 11 12 12 3 15 27 24 18 14 11 14 28 34 22 32 37 38 30 24 32 29 44 42 34 33 21 24 24 
38 33 21 16 22 21 17 20 19 14 16 6 5 13 9 7 15 19 11 21 17 24 29 21 15 2 17 30 28 14 25 32 34 31 32 24 15 11 12 9 16 28 23 25 24 14 3 28 32 22 24 21 18 22 46 40 25 35 39 30 32 19 14 23 
35 34 33 33 38 37 27 22 25 20 12 12 5 10 8 12 23 27 24 18 13 24 31 34 23 18 18 22 24 12 22 35 36 30 24 12 26 22 22 23 23 32 24 22 20 20 12 24 30 18 21 21 18 30 54 44 25 24 34 34 37 30 15 16 
34 30 30 29 32 36 28 24 30 33 19 18 16 6 7 11 17 12 11 12 25 24 28 37 38 46 38 37 32 24 28 42 47 44 31 21 32 28 28 25 22 32 30 31 29 33 22 16 26 18 24 28 26 36 60 53 35 34 43 44 42 30 9 17 
30 33 38 32 30 32 21 13 13 33 14 15 16 7 10 13 18 12 9 12 30 18 33 45 48 51 28 36 30 17 34 48 57 57 43 32 37 31 27 21 14 18 17 24 28 41 31 12 22 14 19 24 22 38 67 61 35 23 37 46 49 38 27 30 

60 61 49 43 46 52 54 40 26 22 7 12 38 31 23 25 15 28 28 32 9 23 22 11 13 34 45 20 18 23 28 13 39 44 53 50 51 40 29 35 29 24 18 22 25 7 26 8 18 60 70 114 161 176 172 149 101 78 57 29 26 26 19 30 
59 57 47 39 40 43 44 33 18 23 3 10 31 28 35 39 31 34 25 26 9 21 24 14 15 31 36 21 22 30 25 4 26 30 37 35 45 34 20 28 27 21 12 15 25 5 21 6 34 78 99 141 179 183 169 139 90 65 52 31 25 28 20 27 
54 55 47 38 39 34 32 18 8 29 12 18 22 13 25 30 36 42 37 27 13 20 25 10 10 23 19 21 27 31 21 15 18 25 31 30 37 22 7 15 17 16 13 12 18 21 36 37 63 106 131 165 190 186 165 130 85 62 51 30 21 30 19 24 
46 44 44 35 35 25 29 8 19 36 21 15 8 9 24 14 20 29 23 22 27 35 42 35 33 26 8 11 24 33 22 25 14 21 21 16 20 10 1 12 19 26 28 20 6 22 40 57 95 143 173 192 198 179 137 91 51 39 37 22 19 34 16 17 
49 41 43 39 34 26 38 16 23 34 14 10 11 26 31 21 29 30 14 11 18 22 31 28 29 24 21 12 18 27 19 33 18 26 18 11 18 14 9 12 17 24 23 13 19 37 60 84 122 166 185 187 178 143 90 47 21 17 24 14 18 36 32 38 
27 27 31 29 24 18 35 24 27 34 19 11 22 26 19 16 31 26 15 6 14 16 19 3 9 15 22 11 18 23 12 31 20 32 22 19 20 12 18 29 34 33 35 32 44 72 103 131 159 183 182 169 149 110 70 43 31 21 13 9 18 33 32 31 
33 32 27 24 20 14 31 29 26 34 28 12 28 30 32 29 34 26 18 16 22 21 22 13 11 15 24 16 22 23 14 31 20 23 11 21 16 16 34 33 40 34 32 36 66 109 148 174 187 188 171 144 114 77 45 19 13 12 5 8 5 13 10 10 
19 24 26 29 26 20 34 42 34 39 33 11 20 20 31 38 44 40 33 29 32 18 18 10 7 19 26 21 25 24 18 30 18 13 13 23 6 5 31 18 25 18 33 62 100 145 179 190 184 171 143 108 78 44 22 24 25 18 12 5 9 3 7 10 
18 21 30 37 35 30 28 41 42 49 48 32 21 9 14 16 29 24 15 24 34 21 21 19 11 15 25 26 30 28 13 26 21 16 17 14 17 21 35 28 11 35 77 118 153 188 204 190 160 129 93 67 50 30 20 23 23 17 15 16 19 27 34 37 
38 29 28 32 21 16 18 28 30 31 33 27 18 16 22 15 32 28 14 22 27 11 13 8 9 9 21 29 31 33 23 24 23 21 18 14 18 20 29 36 35 69 126 175 208 228 221 189 143 96 63 47 32 21 20 22 23 19 12 15 20 26 22 20 
13 12 13 30 23 6 9 18 27 26 15 10 8 23 28 3 19 26 26 33 31 20 22 13 4 9 16 25 26 21 11 17 19 20 15 19 12 15 15 52 76 107 165 205 219 219 197 161 116 75 46 29 22 31 33 30 26 16 6 6 14 24 11 6 
24 20 18 30 22 4 3 7 26 10 7 15 14 26 35 21 18 17 30 37 31 27 27 22 23 20 12 21 24 16 22 22 15 16 15 24 14 14 23 78 117 148 201 226 215 192 157 114 76 45 19 10 21 32 31 20 14 3 9 9 17 29 25 30 
23 20 16 29 26 8 9 15 30 10 8 10 15 28 39 36 29 23 33 30 16 18 16 16 14 10 18 29 39 42 38 25 8 10 16 20 25 35 50 111 157 183 225 233 195 157 115 77 54 42 30 15 15 24 33 14 11 21 22 20 32 42 43 43 
23 19 14 27 23 6 12 26 43 32 36 32 26 19 26 32 32 24 30 25 21 21 9 19 16 25 25 8 11 21 27 32 16 12 12 10 47 64 96 159 195 204 225 207 145 102 67 47 46 54 50 29 20 14 38 22 18 30 27 38 45 45 41 29 
31 24 19 24 19 21 17 27 36 11 18 24 34 24 23 26 35 30 21 23 33 36 31 30 22 27 35 31 25 26 23 39 28 15 16 25 70 93 136 194 211 202 197 157 93 61 36 15 27 44 53 42 35 28 39 27 26 34 23 37 49 53 53 50 
39 33 27 23 23 26 24 25 29 6 9 12 26 23 23 18 26 34 19 11 9 16 16 13 5 17 13 6 18 34 25 39 30 30 35 61 115 141 174 210 203 177 154 111 60 42 35 17 11 24 23 21 27 22 33 24 29 33 11 21 33 39 29 16 
43 37 29 18 7 9 16 20 24 15 12 10 20 23 23 21 21 26 15 12 12 18 19 20 21 23 17 11 21 36 29 39 33 38 57 103 151 169 187 201 175 140 112 75 42 35 36 27 5 19 20 28 38 25 30 24 35 38 9 11 27 44 40 36 
39 33 26 17 11 10 18 19 19 21 25 25 27 21 13 9 20 28 23 19 13 16 11 10 15 14 18 22 26 34 27 31 45 60 87 133 171 187 194 189 152 114 84 52 33 27 30 33 15 9 21 35 52 32 30 25 32 42 16 8 15 37 44 47 
31 28 24 20 16 3 12 13 17 18 26 35 35 27 23 15 21 17 18 14 7 19 11 12 15 19 25 28 30 35 31 28 60 95 140 184 207 210 199 171 123 85 60 42 37 36 30 32 21 8 6 17 49 28 33 36 34 43 21 18 17 26 25 27 
21 19 20 22 24 28 25 20 18 16 16 20 22 18 13 12 19 5 8 16 13 17 5 10 17 18 21 22 20 20 37 58 97 141 193 222 218 201 169 122 71 41 31 33 33 29 23 22 17 13 9 13 48 26 33 39 39 50 29 23 27 38 45 55 
13 15 7 14 25 37 36 28 24 19 14 18 22 21 19 20 18 5 7 14 18 15 10 4 11 16 19 24 23 27 68 101 143 180 207 200 172 144 108 65 36 21 26 33 36 36 25 18 22 16 8 10 43 30 36 42 42 52 36 33 30 27 32 29 
25 22 13 8 15 24 21 27 31 25 16 16 19 17 18 22 26 21 31 32 30 17 9 8 14 24 26 27 27 52 107 145 186 211 207 176 137 104 72 39 31 18 20 29 31 36 24 12 13 15 15 11 31 36 45 52 53 53 39 40 35 29 33 25 
26 20 15 12 11 23 27 35 40 32 18 15 9 6 7 6 14 20 32 39 41 20 16 15 21 23 21 28 51 98 157 184 207 213 186 147 109 77 48 20 27 16 19 31 31 36 21 13 12 16 21 23 17 24 35 44 45 42 40 44 34 27 26 17 
15 7 9 14 3 20 24 34 38 32 23 17 11 12 8 7 9 15 27 35 41 27 22 12 20 20 34 69 104 157 204 207 211 197 147 103 72 39 15 22 35 26 25 32 30 42 28 26 24 24 27 35 27 27 32 36 35 31 30 31 23 21 25 22 
24 19 16 19 10 18 13 27 29 25 19 15 12 10 14 15 13 15 22 23 25 18 22 27 48 57 78 106 138 188 216 204 200 166 104 70 50 24 17 19 24 14 12 18 14 25 8 13 4 11 18 33 33 30 31 31 31 24 18 21 21 20 25 32 
24 21 15 22 15 13 16 27 23 21 21 13 9 11 24 24 13 11 16 20 18 13 11 14 51 60 96 136 170 202 205 178 159 119 77 56 40 20 8 9 18 20 23 25 25 23 12 18 9 9 18 35 34 28 30 28 29 32 23 16 10 14 21 30 
19 15 6 22 21 4 6 20 13 22 25 16 14 11 24 21 10 10 9 12 8 9 9 39 81 94 145 183 198 205 184 142 114 84 63 51 39 24 13 11 9 11 21 22 24 18 21 25 17 6 12 30 30 29 28 28 33 33 22 14 7 6 9 15 
33 28 22 17 19 3 6 21 14 21 29 21 22 22 29 26 21 16 7 13 9 14 31 76 124 158 206 215 199 183 144 100 81 60 43 30 15 6 13 15 6 6 14 14 15 22 21 24 26 16 16 25 26 23 15 11 18 15 15 17 15 14 16 22 
23 18 16 15 17 14 19 26 24 20 33 26 25 22 28 21 20 14 6 12 10 13 45 98 155 194 218 197 166 134 86 53 46 31 23 16 6 5 12 19 15 15 7 11 14 27 20 23 18 16 19 20 15 11 8 18 16 12 12 24 27 24 22 23 
24 18 13 2 12 15 14 20 18 9 22 18 14 6 14 13 24 17 11 13 14 36 85 138 190 223 217 175 133 90 43 20 21 11 9 17 16 16 18 20 11 6 9 12 22 27 17 31 22 17 7 11 12 14 22 27 27 23 22 30 33 29 29 31 
23 20 21 11 10 13 20 25 28 26 28 26 21 16 20 23 22 15 16 27 47 86 139 179 215 234 202 147 102 61 31 11 12 15 18 16 12 10 6 13 12 16 25 31 30 22 12 28 15 9 6 9 10 6 16 17 13 10 13 24 32 35 39 45 
19 18 26 33 33 30 27 18 13 12 13 14 15 19 23 23 19 22 30 47 80 126 167 191 214 215 160 99 61 33 28 13 5 17 27 26 27 21 16 16 15 18 27 25 20 12 19 34 22 18 17 16 15 8 16 22 23 22 19 16 25 28 33 38 
26 18 17 24 27 24 20 15 8 14 3 15 8 13 12 12 17 29 42 75 122 165 190 198 201 179 108 55 22 17 33 15 9 16 24 23 21 16 16 18 19 25 26 19 14 9 22 33 25 12 11 13 15 14 13 22 21 18 11 3 21 17 20 24 
20 4 4 9 31 32 24 17 19 24 13 14 13 9 10 12 19 40 72 123 168 197 204 194 174 137 70 27 19 29 29 9 9 13 21 22 21 13 12 19 27 38 34 22 17 14 30 34 31 16 14 18 18 21 4 18 11 16 18 14 18 2 13 23 
6 7 5 1 36 22 9 3 9 18 13 13 12 8 3 11 48 93 135 181 202 204 181 146 115 85 37 17 9 10 15 6 4 7 15 24 22 9 6 9 13 25 12 8 4 15 36 34 29 18 14 20 24 28 17 23 14 16 18 19 21 15 22 16 
14 12 6 7 37 12 15 18 23 24 18 16 11 18 23 41 87 140 174 198 194 173 129 84 58 46 19 18 14 10 12 12 8 8 11 14 23 15 17 22 26 36 35 36 30 27 30 24 29 22 16 24 26 29 18 22 16 17 21 23 26 23 30 29 
22 23 15 27 43 17 22 13 21 22 20 19 18 30 39 76 129 177 196 196 169 132 82 42 24 32 20 20 18 20 13 13 6 9 11 2 26 24 7 12 22 31 27 27 15 8 16 13 32 36 23 24 24 29 24 26 22 10 11 16 23 29 37 36 
37 41 28 32 31 24 39 29 32 32 27 24 39 68 94 139 179 205 204 174 129 88 41 12 20 33 30 27 22 19 11 8 9 13 13 3 23 29 12 16 33 39 37 35 24 14 19 22 25 35 21 16 29 35 33 36 39 26 13 15 21 27 31 31 
36 33 10 14 11 45 49 31 26 23 29 44 79 119 150 187 203 204 183 132 88 55 16 14 24 36 36 32 31 30 23 15 16 23 26 14 19 26 16 23 36 45 45 40 27 12 10 21 22 31 23 11 30 33 25 18 20 30 34 30 25 22 21 24 
28 23 15 23 28 50 42 28 27 34 47 74 118 159 184 204 199 180 145 93 65 40 21 15 26 35 38 36 38 38 34 25 20 21 27 22 17 31 33 34 35 34 31 34 27 18 19 21 20 31 28 21 34 46 46 39 24 33 33 17 8 13 15 18 
23 22 21 23 28 41 32 28 34 59 75 109 159 192 201 199 176 144 107 69 55 35 29 23 30 34 36 35 35 34 34 25 15 9 30 33 23 37 41 41 42 32 26 26 23 22 23 18 20 30 41 27 13 17 15 18 14 33 38 33 30 28 28 26 
27 27 20 16 20 25 25 31 52 91 111 149 194 210 197 172 132 93 64 43 41 28 28 28 33 33 31 24 23 24 27 26 13 11 36 34 25 36 35 32 34 20 12 9 9 18 17 20 23 25 44 29 10 15 18 32 24 21 18 13 13 16 18 17 
36 32 21 13 10 18 35 52 87 132 151 183 210 204 176 136 91 58 37 27 37 27 21 18 20 19 26 23 25 22 26 33 14 13 30 23 31 43 42 37 31 12 13 15 13 22 22 23 16 15 37 27 5 15 30 44 44 25 9 7 9 6 10 15 
36 34 26 18 16 33 56 80 126 174 190 208 215 194 155 109 70 50 37 33 34 21 14 9 10 16 31 20 22 15 26 36 14 11 20 11 28 31 27 18 11 14 16 15 15 24 28 28 21 17 32 28 13 12 13 17 26 13 7 15 20 18 17 18 
28 30 28 23 30 56 84 117 171 212 209 208 199 162 115 73 40 25 18 20 18 10 14 20 23 27 29 4 26 30 44 42 19 10 9 17 26 23 18 14 11 9 16 17 21 27 32 34 34 33 35 33 30 33 36 22 19 13 13 14 12 7 9 11 
28 31 34 34 47 79 117 159 202 219 191 168 144 102 65 42 20 10 20 6 9 12 18 19 16 12 13 28 37 35 36 21 9 12 21 37 34 26 8 12 19 15 21 18 27 33 39 40 39 42 39 39 38 31 33 23 7 20 23 27 27 16 13 17 
40 40 42 49 65 105 156 194 218 219 178 137 105 65 39 23 12 7 21 15 10 10 10 9 12 21 30 32 28 26 23 19 27 22 23 33 20 20 11 21 25 18 28 24 30 33 37 35 37 42 40 37 33 20 20 29 13 8 8 7 15 9 9 12 
33 35 46 72 93 140 192 213 215 204 154 105 77 46 33 21 19 16 17 15 5 10 10 7 11 24 34 36 32 21 20 17 26 18 15 18 3 22 24 26 29 32 42 41 39 32 28 31 34 35 32 33 30 20 13 25 16 12 12 11 16 12 15 15 
37 40 62 107 128 167 204 198 172 149 93 44 33 7 24 15 20 27 27 30 15 17 19 13 18 30 43 40 38 23 18 15 23 11 7 8 6 22 32 29 34 34 39 39 31 35 32 33 38 30 24 20 20 10 9 26 34 29 26 21 17 15 22 23 
48 61 96 145 155 175 191 158 114 96 53 16 26 12 24 15 19 34 29 37 24 26 31 30 39 45 45 38 43 29 25 23 21 16 11 4 2 20 38 29 44 41 44 50 39 46 39 36 38 22 25 17 17 14 13 10 24 24 27 28 15 13 30 34 
60 83 125 168 162 171 171 124 81 71 39 15 20 4 20 14 15 29 23 29 13 18 28 39 44 41 35 39 47 29 22 15 19 23 17 15 7 21 42 30 49 47 47 55 50 51 42 34 35 26 31 23 24 24 22 18 15 13 12 30 27 22 33 30 
86 114 156 183 168 163 139 87 57 49 25 7 12 10 20 20 19 24 26 28 16 18 13 26 26 35 31 35 43 23 30 24 26 19 5 13 11 27 42 29 46 47 49 56 58 55 42 30 25 25 26 15 7 8 29 25 21 15 7 30 24 8 23 30 
141 161 186 192 162 136 92 45 28 24 11 8 15 23 29 28 26 17 15 18 13 27 19 22 16 36 27 30 38 26 32 19 37 25 9 10 14 31 38 23 40 45 50 57 57 44 31 24 23 25 14 12 3 17 32 23 21 14 8 32 19 18 30 38 
182 190 198 185 145 110 63 35 32 27 18 12 9 14 22 24 27 17 12 11 11 32 25 21 17 36 30 27 26 12 23 23 45 33 18 13 23 29 27 18 27 36 42 45 43 38 28 27 35 29 17 10 7 23 27 21 22 23 30 43 25 19 10 14 
195 192 185 159 117 84 41 27 27 22 17 14 16 13 13 18 21 17 9 9 19 34 27 18 16 35 31 23 16 6 31 30 51 42 35 22 26 27 15 13 16 28 29 37 35 34 18 19 27 18 25 17 23 37 30 24 19 24 28 33 13 19 21 26 
187 177 156 121 81 55 20 12 2 13 15 10 16 15 11 16 26 36 42 46 47 42 26 5 17 30 26 14 11 17 44 35 46 44 44 33 25 26 8 7 6 24 17 26 29 27 8 0 16 23 30 16 15 26 24 29 32 36 27 30 27 38 44 42 
143 129 106 72 43 41 33 36 35 27 24 16 15 17 4 5 14 14 18 25 30 25 9 14 23 26 21 14 17 26 48 35 31 30 27 25 11 17 7 13 15 30 24 28 34 25 15 8 12 30 30 18 11 22 25 24 15 30 19 18 1 26 41 36 
108 96 76 46 21 20 16 19 26 25 18 9 9 15 17 18 22 13 14 22 14 14 21 25 24 24 21 22 27 35 52 33 20 23 24 29 8 15 14 18 22 33 27 31 35 25 24 21 21 25 21 15 6 8 17 18 11 30 21 18 12 24 42 36 
75 65 50 30 20 16 12 10 11 13 10 4 8 8 11 8 19 11 17 26 20 24 23 22 24 24 20 18 17 17 42 33 19 20 22 32 7 11 11 12 19 33 23 21 17 22 24 19 28 21 24 27 23 16 17 14 12 31 23 20 23 21 37 36 
35 25 13 11 15 15 12 7 6 11 10 8 3 7 12 9 16 22 25 31 24 26 19 16 21 18 23 31 27 21 22 26 32 33 34 31 12 10 13 12 18 32 18 15 18 23 25 21 25 17 28 32 34 32 34 28 24 40 39 30 25 12 24 25 
19 18 16 20 25 25 21 15 7 12 14 8 10 14 12 11 10 15 11 23 24 37 41 35 27 15 14 25 28 22 9 9 26 30 32 22 17 5 7 10 15 29 18 19 21 12 17 27 27 17 16 13 9 17 50 39 24 30 37 29 25 16 24 33 
29 30 31 30 36 39 30 23 20 18 15 20 14 11 7 10 14 20 16 12 15 26 27 32 24 24 24 11 24 27 17 11 10 12 9 11 22 11 16 22 24 32 24 21 21 18 14 21 25 17 17 21 9 21 57 40 26 19 34 33 30 27 16 22 
34 31 33 30 37 44 37 32 24 26 18 21 19 11 7 9 16 23 19 20 30 28 13 12 20 45 41 27 32 40 33 19 15 15 10 13 17 12 24 31 33 35 30 26 27 28 20 13 18 16 21 29 21 30 61 47 33 26 41 39 29 26 14 21 
51 48 46 39 42 45 39 35 16 23 12 18 18 12 7 7 17 21 15 9 31 24 12 18 28 57 43 21 25 39 47 29 8 11 12 18 20 20 33 40 40 39 35 28 32 38 27 10 16 14 18 26 16 30 66 54 37 22 42 47 30 28 26 33 

44 37 21 19 17 15 37 11 5 22 4 12 27 30 20 20 17 26 28 20 9 17 27 14 11 31 58 38 22 6 36 30 17 27 34 27 17 8 39 44 31 23 13 27 31 18 34 19 40 112 139 174 207 196 154 104 47 39 30 24 39 45 39 58 
41 32 19 17 13 6 30 14 11 22 5 11 24 24 30 33 25 27 18 16 15 15 24 13 14 30 50 42 31 18 25 12 12 25 28 20 24 12 32 39 29 17 8 19 31 10 31 21 62 136 166 192 210 187 141 93 40 28 32 17 30 41 34 51 
38 30 26 17 17 14 30 14 15 22 12 20 24 16 18 22 27 35 32 26 21 18 26 14 14 26 33 36 32 21 23 12 15 30 27 18 22 13 25 26 15 8 11 12 24 27 52 62 103 167 187 196 199 172 127 86 48 38 41 23 22 39 28 41 
39 29 30 22 19 25 36 18 24 25 21 25 22 21 21 6 12 25 25 27 29 30 38 33 37 37 27 20 21 24 25 23 17 29 19 8 18 22 23 22 20 25 29 19 2 35 66 88 137 195 209 201 188 148 91 47 16 20 33 15 18 39 24 34 
42 28 27 23 18 31 44 22 22 18 18 24 23 31 24 16 25 30 27 29 33 27 33 29 32 26 27 14 11 26 22 33 22 27 12 8 18 24 19 12 14 17 19 17 31 64 98 122 163 207 203 176 150 101 45 13 7 19 31 10 13 37 33 39 
20 12 12 8 15 28 41 34 30 23 19 25 26 24 10 11 30 32 29 25 25 13 21 12 13 18 30 12 10 27 16 37 30 35 25 23 14 20 7 17 25 22 38 54 77 120 158 176 195 208 179 139 106 63 27 24 27 23 20 8 15 29 29 28 
33 30 22 11 15 24 32 31 27 26 23 21 28 29 35 34 35 31 22 12 17 9 22 19 18 24 31 12 15 28 19 35 29 22 17 28 8 14 22 36 44 39 55 76 110 159 192 197 193 183 144 100 68 39 16 23 24 13 7 8 8 12 13 14 
18 23 24 24 18 15 21 35 32 34 30 6 14 15 27 38 41 38 34 30 26 9 15 16 19 28 30 20 24 30 19 24 19 7 16 27 6 6 21 28 31 33 70 108 143 182 198 183 162 146 110 68 39 27 28 42 41 22 14 9 7 11 22 26 
30 36 45 51 46 38 16 21 34 42 45 31 19 16 16 22 27 17 17 27 28 22 24 25 25 26 28 27 32 34 22 17 15 5 12 18 27 27 33 30 30 64 116 160 186 208 205 171 133 108 75 45 28 25 27 35 34 15 10 14 18 29 36 40 
41 38 45 54 45 37 27 4 19 26 31 30 23 24 21 21 31 20 17 27 21 8 3 12 15 14 19 28 32 35 31 19 15 12 11 9 17 15 27 40 69 113 166 205 218 220 196 155 112 77 54 32 11 21 24 31 28 10 5 6 9 22 16 17 
9 15 27 47 47 34 26 16 28 26 20 25 23 26 25 10 26 19 21 35 27 17 12 9 2 10 12 24 28 23 22 20 19 18 15 20 12 24 37 77 118 151 192 213 204 185 154 119 86 58 37 18 15 32 37 31 25 10 6 10 13 26 16 7 
15 17 24 41 43 32 25 16 26 11 10 22 22 27 33 21 21 12 17 33 26 23 24 24 26 22 11 19 24 21 30 28 18 10 14 23 11 34 57 116 161 180 207 211 178 143 112 85 64 50 31 12 12 22 32 23 20 16 12 10 12 29 26 26 
16 14 15 33 39 31 30 26 28 17 11 8 14 23 30 27 16 8 23 28 14 11 12 14 22 18 22 21 34 44 46 36 14 5 17 17 40 69 98 165 203 204 216 202 146 104 77 56 49 53 42 19 12 11 36 26 22 25 19 17 26 40 39 37 
14 15 14 30 36 27 27 29 38 33 35 28 16 5 12 20 21 12 28 23 12 7 3 21 25 32 39 18 7 18 23 36 17 4 11 24 79 114 156 218 234 214 205 167 97 58 39 31 37 55 49 26 23 15 39 28 23 32 25 31 42 46 44 36 
16 16 16 27 27 20 15 26 30 9 10 22 27 12 12 23 39 24 21 21 25 28 21 30 28 29 44 38 32 28 9 36 21 6 12 50 114 151 191 238 230 194 166 117 55 33 23 12 21 43 47 33 29 27 39 32 28 33 22 27 42 48 46 45 
18 16 18 21 22 23 14 19 27 16 12 20 27 22 22 18 41 38 22 10 12 22 16 19 15 20 24 21 27 34 18 37 24 26 45 99 165 192 214 234 204 157 124 79 36 29 30 17 10 27 26 21 21 17 29 20 21 26 12 16 32 38 27 21 
15 14 18 13 6 13 13 18 26 22 16 16 24 25 24 21 40 45 36 26 11 18 11 16 18 23 21 19 30 33 18 30 25 41 77 142 194 205 211 208 162 115 88 55 31 26 30 21 8 17 19 27 29 12 16 12 27 31 7 12 31 43 39 36 
19 18 18 9 5 16 18 18 22 25 27 18 19 17 12 12 35 42 38 34 25 28 13 9 9 8 19 30 43 46 27 9 40 72 118 172 202 204 196 174 126 86 64 43 33 24 25 23 14 7 17 29 41 17 13 6 22 35 9 7 23 41 51 56 
16 15 16 16 15 20 24 17 18 22 29 31 26 22 24 22 34 36 38 34 26 32 17 7 2 9 20 22 35 46 38 37 78 121 170 207 215 201 174 140 94 60 45 37 37 33 27 18 15 13 17 12 38 6 9 12 21 39 18 17 18 25 30 36 
14 11 13 17 14 14 14 11 11 13 17 15 6 8 13 16 26 23 32 37 32 29 10 4 11 13 19 15 14 32 55 91 134 166 203 217 196 165 129 88 47 25 26 25 26 24 22 11 11 17 18 11 38 3 15 12 20 42 23 25 30 37 48 59 
13 12 10 16 17 27 25 14 9 2 7 10 7 7 11 18 21 18 23 26 25 17 6 6 15 16 10 11 22 57 102 145 180 192 199 180 138 103 72 37 22 15 24 23 26 28 19 13 14 16 19 11 35 16 23 18 17 39 21 32 39 40 50 55 
16 14 11 11 14 26 31 32 26 18 9 7 14 15 18 26 32 33 40 31 26 9 13 12 5 6 9 22 51 99 150 186 210 207 185 146 102 70 46 21 26 15 22 18 23 30 19 19 12 18 26 19 22 22 32 30 31 33 13 32 45 44 53 57 
18 16 13 15 20 29 34 34 28 17 8 14 10 8 7 9 15 21 27 21 31 13 20 15 10 6 26 61 105 158 200 213 215 191 148 108 76 50 28 10 25 14 18 23 27 35 18 24 13 17 24 29 14 14 17 6 5 12 22 40 44 39 45 47 
25 19 19 22 23 29 36 38 27 19 13 17 12 12 9 3 4 9 17 6 26 21 25 13 16 27 65 113 157 204 228 214 198 159 103 68 46 23 12 21 33 24 26 32 36 46 33 34 20 16 14 26 16 13 14 9 13 19 25 29 27 25 35 39 
25 18 16 19 17 15 26 34 24 21 21 26 17 14 19 15 12 13 20 19 23 21 23 27 56 78 116 154 184 213 214 185 161 116 64 44 36 25 21 20 26 21 24 26 21 27 17 22 6 12 8 27 25 19 16 10 18 18 13 15 18 12 20 26 
15 9 10 20 21 5 16 25 14 17 22 23 9 10 23 28 21 16 13 19 22 17 8 31 80 107 150 185 202 208 185 143 113 71 42 33 26 17 18 18 25 27 27 23 20 11 5 15 8 16 13 30 26 18 22 20 26 30 21 18 18 11 8 12 
20 10 13 21 30 16 15 24 5 16 20 21 23 21 25 29 24 19 12 6 12 10 23 72 124 147 189 209 202 185 147 103 77 47 32 26 18 9 16 13 14 14 15 11 20 12 15 13 11 19 16 30 23 19 21 21 31 30 18 13 15 16 14 12 
30 23 26 18 28 21 19 31 18 13 18 15 17 22 24 29 29 22 14 7 14 19 57 118 169 195 219 204 167 133 89 57 47 27 19 11 8 17 21 10 6 8 10 11 24 26 16 18 22 24 22 26 22 23 21 13 18 15 12 15 10 7 6 14 
21 13 24 19 25 24 26 34 28 17 23 22 22 28 29 32 30 21 11 12 18 34 84 146 192 211 206 162 115 76 35 24 32 28 25 20 24 24 20 13 17 17 12 9 21 31 16 21 13 19 17 16 17 20 25 24 12 11 14 18 15 17 19 27 
23 13 22 11 16 18 22 32 26 9 14 15 11 15 12 18 24 17 14 24 44 78 134 186 218 223 186 127 81 46 17 9 18 16 11 16 30 34 33 25 15 4 3 6 25 31 16 28 21 21 15 14 16 20 29 24 25 23 27 34 33 36 41 48 
21 11 26 14 10 15 23 34 33 22 19 24 27 25 23 25 24 20 27 55 93 139 186 215 223 210 151 87 51 31 26 12 10 14 19 24 35 35 34 29 16 12 16 20 26 23 12 26 19 15 13 9 11 13 22 5 17 23 33 43 44 46 48 54 
21 13 24 28 27 23 21 20 23 25 21 29 26 22 21 21 21 33 54 93 139 179 201 205 195 167 101 41 20 23 26 13 10 19 29 33 38 32 28 21 9 12 16 15 18 13 17 30 27 22 18 14 16 20 22 11 15 18 28 36 41 46 48 51 
26 20 18 27 30 25 20 18 10 22 14 23 13 9 8 15 30 60 89 135 183 207 203 189 166 126 59 18 19 28 28 14 6 11 22 30 37 35 29 21 11 17 20 17 19 9 17 27 28 15 6 7 14 25 21 20 19 8 13 26 38 44 45 45 
32 19 16 22 31 28 17 13 13 27 19 19 12 5 12 18 49 90 126 175 209 215 196 170 137 95 36 3 23 26 19 10 5 4 9 23 32 33 27 24 25 36 36 30 26 15 23 28 27 16 11 9 12 24 16 21 12 11 18 26 33 34 33 31 
12 7 12 20 36 24 11 8 6 14 13 11 9 11 19 39 91 141 177 209 215 198 158 119 87 58 18 13 14 7 10 12 9 8 6 12 20 24 17 12 10 26 22 23 26 27 34 29 20 18 18 14 15 22 12 15 10 17 13 14 18 22 31 27 
13 18 21 25 38 18 19 21 21 18 14 10 12 26 45 83 138 184 204 206 186 155 104 67 51 42 28 26 19 9 8 16 13 13 15 7 19 21 17 21 18 25 24 28 35 39 36 20 14 17 19 16 12 22 16 15 12 21 16 11 12 7 17 26 
27 31 27 31 39 18 21 20 24 27 26 20 22 44 72 124 171 202 202 176 140 104 60 36 31 33 25 25 22 15 13 16 18 17 20 6 18 26 14 16 21 18 3 9 22 29 26 20 23 26 20 14 11 19 16 14 10 9 9 12 18 25 25 23 
36 39 22 23 26 21 33 23 28 32 28 30 54 90 132 177 196 204 184 134 91 62 30 21 18 22 17 17 17 12 10 12 16 18 23 12 15 23 9 12 29 19 10 15 25 31 31 32 27 29 17 4 14 25 27 29 30 19 11 17 20 23 20 15 
34 29 4 15 13 34 37 23 30 31 41 69 108 149 185 209 199 183 149 89 57 40 24 22 18 18 12 13 18 16 13 11 14 18 26 17 14 19 9 15 24 18 21 16 9 13 21 31 30 34 26 9 21 27 22 18 15 27 33 30 28 24 17 8 
30 20 6 17 17 35 28 18 32 48 72 113 156 186 204 202 171 140 102 54 42 30 30 27 21 12 10 13 12 15 15 12 14 17 25 25 20 33 33 25 11 11 18 26 13 11 24 25 26 38 36 25 21 35 35 31 17 29 36 17 13 20 21 19 
22 18 21 26 28 30 14 16 43 80 114 160 199 210 202 176 131 96 67 41 37 22 30 32 25 22 27 25 18 21 21 18 20 21 36 40 27 33 35 33 23 17 7 19 12 16 26 17 19 35 50 36 10 19 6 17 19 32 41 28 27 26 28 30 
19 17 20 19 24 18 6 33 71 122 159 204 231 218 184 140 87 51 36 24 27 17 24 30 28 29 31 20 12 15 24 26 24 26 41 40 19 15 12 11 27 27 22 24 19 27 27 24 27 31 54 39 18 16 11 26 24 24 31 19 21 25 29 32 
24 14 4 5 7 18 45 76 122 173 198 227 233 202 159 109 60 32 23 19 29 15 14 15 13 14 24 16 22 19 27 31 16 17 32 31 25 29 32 27 29 24 18 23 17 27 33 30 28 29 48 34 16 20 31 42 44 29 27 24 26 25 28 33 
42 27 14 10 16 45 78 114 163 207 218 226 215 177 132 85 48 32 27 23 24 5 8 6 11 16 30 16 23 18 26 31 11 9 20 17 24 28 30 17 8 19 16 15 11 21 30 32 32 30 36 24 6 8 13 16 29 22 26 32 35 29 29 31 
53 36 22 20 35 74 113 153 194 220 207 192 169 129 90 54 27 13 15 9 5 7 7 14 21 33 35 13 22 20 31 29 11 7 8 9 18 20 25 17 9 14 14 13 19 23 28 30 31 30 22 10 19 26 33 21 23 25 33 37 34 25 24 25 
50 36 32 40 62 108 154 188 204 203 163 126 101 69 48 32 15 5 19 14 15 18 22 24 27 31 17 18 27 27 28 15 10 17 24 33 33 27 19 14 15 11 15 11 23 24 29 27 23 24 16 17 28 23 28 26 16 25 31 39 38 25 22 22 
46 42 48 71 97 145 192 209 201 184 135 89 67 42 29 22 11 3 17 22 25 26 21 15 15 15 11 17 18 23 15 9 17 17 24 28 24 21 10 10 16 10 25 21 26 21 20 18 20 25 21 18 22 10 17 31 12 14 22 26 26 16 13 10 
43 49 69 109 136 177 212 204 177 153 104 62 50 31 25 17 12 14 12 20 23 24 15 7 7 12 16 15 7 19 19 15 21 16 14 12 13 12 8 6 21 33 39 37 31 18 12 15 22 26 18 13 18 6 13 28 20 19 17 16 15 7 9 2 
68 78 104 152 168 190 204 171 123 98 50 12 26 13 21 12 8 13 8 16 11 14 15 9 12 19 27 24 10 9 17 12 16 10 9 10 15 12 17 14 26 29 31 35 22 24 17 20 31 29 17 12 17 11 17 30 30 24 20 11 3 6 12 14 
100 112 143 186 183 183 175 123 71 59 31 18 31 18 17 10 12 22 18 24 11 16 23 25 31 35 34 23 18 13 20 17 16 11 11 12 11 10 23 24 43 32 25 32 2 30 22 21 34 25 11 6 13 15 14 4 13 15 20 21 10 12 24 30 
134 145 174 202 178 164 141 87 47 44 27 18 28 17 19 21 19 27 26 23 14 25 36 43 45 41 29 22 20 16 24 17 18 20 16 19 13 13 28 29 50 36 23 28 19 33 24 17 33 30 21 15 19 22 21 15 11 10 7 24 26 19 25 22 
172 177 196 202 164 137 102 59 37 34 23 12 20 14 17 26 27 30 29 21 11 17 25 32 31 37 29 24 20 13 30 24 27 20 9 16 15 17 31 26 46 36 29 34 36 37 27 23 30 29 17 9 4 12 27 24 18 11 1 29 24 4 14 22 
202 198 198 181 133 97 56 25 21 19 18 18 22 25 22 26 27 23 18 9 14 20 18 20 15 37 28 23 22 29 40 28 40 27 7 6 9 28 36 25 41 35 29 32 34 25 18 21 30 26 14 15 10 21 27 20 19 8 7 32 16 15 24 29 
198 190 179 151 105 72 36 26 30 32 26 20 13 9 18 27 30 20 11 2 20 27 20 15 13 39 32 23 13 19 31 19 43 32 15 4 17 28 26 9 20 18 6 13 18 14 11 19 33 26 22 20 14 24 24 15 25 24 27 40 19 20 6 8 
180 171 153 120 84 58 30 29 32 32 27 19 13 9 19 25 24 16 9 12 25 31 21 12 14 41 36 27 15 14 34 18 45 38 31 16 20 25 17 11 14 21 5 7 10 13 5 11 25 15 29 27 27 37 27 18 27 22 24 31 10 27 21 23 
148 138 116 85 59 39 15 10 5 13 18 12 16 19 24 26 28 33 36 40 41 38 23 5 15 35 34 26 16 16 41 13 37 36 43 35 24 29 15 14 13 24 11 9 11 11 7 11 21 18 27 26 27 31 18 22 39 32 18 26 27 45 45 40 
102 91 72 49 40 40 32 31 30 25 27 16 10 14 14 16 21 23 22 27 28 21 9 15 18 25 24 16 12 17 41 15 16 13 31 30 20 22 6 16 18 32 21 20 25 27 23 14 15 23 25 22 23 29 25 20 37 32 10 15 10 36 35 20 
81 70 54 35 27 33 30 25 24 21 19 6 8 18 20 18 23 17 18 26 24 17 17 19 19 24 19 12 16 26 45 24 9 7 28 29 15 13 12 22 28 39 28 32 36 39 35 25 16 14 14 15 15 20 24 24 36 31 12 14 9 33 43 31 
53 46 37 30 24 28 30 28 26 23 20 12 12 16 15 12 22 21 26 30 27 18 15 18 22 25 22 17 11 12 37 29 18 15 25 28 9 11 14 20 27 38 27 30 30 39 34 28 23 10 15 23 26 27 28 25 31 33 19 17 17 24 37 29 
28 24 20 23 16 19 25 25 25 24 21 15 15 17 15 13 19 25 25 28 23 18 21 19 23 20 19 27 20 12 16 30 36 31 30 21 7 10 17 20 24 32 19 21 24 33 30 25 21 14 22 23 26 30 36 33 33 41 34 24 15 14 30 26 
13 12 12 15 2 4 18 21 21 24 20 11 16 19 18 15 15 19 12 21 25 36 46 43 37 22 8 25 30 26 14 5 25 28 27 17 12 10 9 9 13 24 15 18 18 20 28 30 25 18 13 8 6 14 46 38 30 38 39 29 16 9 31 39 
14 14 18 16 20 22 10 14 10 8 8 16 12 12 11 12 13 16 11 9 14 21 33 41 36 27 23 7 21 27 22 12 8 9 7 11 12 10 12 9 10 18 11 12 15 12 18 22 26 22 18 21 5 18 50 35 28 33 41 34 23 18 21 32 
28 17 16 8 18 29 24 31 25 18 11 15 8 8 12 14 13 16 22 23 29 20 17 13 10 34 36 21 23 33 36 22 17 16 14 13 9 16 20 19 17 16 12 13 20 21 19 13 23 21 21 31 21 27 52 36 30 34 47 36 17 16 18 30 
41 30 24 17 23 34 34 43 36 24 14 18 11 11 10 9 8 10 23 13 30 17 10 11 7 45 44 19 15 28 49 38 23 17 15 15 11 17 24 24 20 14 10 10 22 29 25 13 24 19 15 27 20 32 57 41 28 31 49 42 15 12 20 35 

38 19 18 13 14 25 41 16 15 18 3 17 18 32 24 20 16 16 26 17 13 15 22 18 17 15 46 30 33 27 31 38 20 34 33 30 13 7 44 29 26 23 19 36 30 27 51 45 94 168 188 203 210 170 111 54 9 28 25 19 25 38 33 50 
34 12 22 17 17 24 33 18 14 14 18 24 26 31 33 30 21 16 14 10 12 9 18 16 15 14 36 33 34 26 23 23 18 30 26 23 16 5 33 26 27 18 10 25 29 19 53 60 114 189 205 208 201 153 97 49 16 22 32 14 18 34 28 46 
27 12 30 18 14 24 24 15 9 13 24 25 28 22 18 22 18 23 22 17 16 14 21 15 12 15 20 26 32 21 25 20 21 33 26 24 17 5 18 11 9 9 10 14 23 42 80 101 152 212 214 199 179 131 81 47 36 36 47 29 24 35 29 43 
30 20 37 30 24 30 24 12 19 21 30 31 28 24 15 14 5 16 14 13 21 22 30 29 36 36 24 15 22 21 27 18 15 27 21 24 23 18 5 11 16 23 24 9 22 66 106 131 176 225 217 188 155 102 49 15 9 20 39 19 17 31 25 39 
34 18 28 30 22 31 35 12 16 20 30 32 31 33 25 21 17 19 14 14 25 24 32 32 37 34 28 9 13 25 23 25 14 18 9 19 16 13 15 19 22 21 29 45 69 109 146 161 189 220 194 150 113 65 25 12 10 22 37 14 12 25 24 29 
16 9 16 15 11 22 32 27 21 10 21 31 31 27 19 12 16 21 21 24 30 22 27 20 16 32 37 15 12 27 19 32 26 27 23 24 7 18 24 24 11 9 56 90 121 166 199 201 201 201 154 101 70 38 17 11 17 26 28 15 17 21 19 15 
35 33 25 11 10 19 26 30 28 21 23 34 40 41 43 33 22 21 13 10 21 11 18 13 14 38 43 24 20 33 22 30 23 10 18 27 3 16 25 37 33 42 87 125 155 195 213 193 170 154 105 60 44 33 18 16 19 19 14 14 16 16 19 17 
29 30 27 24 20 21 27 41 42 36 25 9 20 21 28 38 32 32 34 31 28 13 9 6 11 37 41 29 28 34 16 15 16 12 26 26 8 11 11 24 28 60 117 161 182 201 195 152 117 109 71 38 15 20 21 27 37 28 18 18 15 21 30 30 
39 45 54 60 57 51 37 35 48 49 45 27 12 5 11 27 16 12 21 29 30 24 21 17 9 26 34 29 33 36 26 22 19 14 24 26 33 30 15 18 55 107 163 201 206 206 183 132 95 83 53 37 23 20 18 15 28 22 13 18 21 28 31 31 
38 40 44 53 52 54 53 33 37 37 36 28 9 7 14 27 23 14 20 28 24 12 14 17 14 15 22 25 29 32 27 19 14 11 13 18 25 29 39 64 114 163 203 223 211 191 155 110 77 55 42 30 15 12 1 15 21 18 8 12 12 21 17 9 
5 17 22 34 46 50 49 35 36 30 28 28 14 11 13 17 24 17 21 33 26 11 10 14 9 16 19 25 23 15 12 20 22 24 21 23 25 57 81 121 169 196 211 211 179 141 105 74 55 41 35 31 27 26 24 16 21 19 7 13 15 25 22 12 
5 16 25 32 43 41 35 27 25 14 19 29 27 27 30 18 15 15 21 34 29 17 18 22 22 21 14 18 18 17 27 27 17 14 21 27 44 89 120 171 207 208 203 187 140 96 71 53 47 47 39 33 30 15 17 10 20 19 13 16 13 25 23 16 
8 9 15 22 34 32 27 26 24 18 11 8 17 21 25 22 17 25 32 38 29 14 9 9 24 20 21 15 28 42 42 35 15 11 22 28 80 129 163 216 233 209 191 159 102 62 47 36 38 52 49 43 40 26 27 16 17 23 26 27 20 28 27 24 
9 13 12 20 31 26 22 20 29 30 32 24 7 12 18 31 36 36 42 37 25 14 12 21 33 35 45 25 13 21 16 40 22 10 21 53 125 173 207 251 242 197 165 120 62 33 24 20 30 52 52 44 40 28 26 18 21 32 36 36 34 37 39 39 
9 12 12 20 23 14 16 25 23 9 8 20 13 13 26 45 54 41 42 38 30 25 18 33 33 26 44 38 36 36 17 40 19 25 45 97 170 203 225 247 213 159 123 75 30 22 22 16 20 39 45 36 30 21 24 27 32 38 35 31 32 36 35 39 
9 8 12 16 16 18 6 17 27 21 11 15 13 15 28 48 62 49 42 38 34 33 22 26 24 24 24 17 28 31 5 31 21 49 82 150 209 219 222 220 168 117 86 47 27 28 30 21 16 23 30 32 26 16 22 24 27 29 23 21 27 29 23 26 
9 13 17 14 12 21 15 15 24 22 11 13 17 15 13 36 53 49 44 39 29 32 20 22 23 26 21 15 28 29 7 26 45 78 120 184 215 201 191 175 121 81 60 33 26 18 25 20 14 10 18 31 31 11 12 15 28 33 17 19 30 36 37 39 
32 30 30 21 14 25 16 13 22 25 22 13 19 18 3 21 37 37 31 33 30 38 30 22 21 17 9 20 37 42 22 35 83 122 163 205 207 181 160 135 88 60 49 32 30 7 14 18 18 12 7 20 35 9 12 12 24 38 16 17 29 38 48 57 
22 22 22 18 20 28 23 12 11 19 26 26 24 25 23 29 40 41 34 26 22 36 30 20 19 15 18 20 29 46 52 84 132 167 199 217 198 161 130 101 61 42 38 30 31 21 16 12 19 24 27 13 38 14 19 15 22 41 15 6 15 15 16 24 
16 14 15 19 23 19 15 17 11 4 11 13 13 19 16 19 28 24 31 36 33 35 26 17 8 12 29 38 47 71 102 149 184 194 204 195 154 111 83 56 29 29 33 26 17 11 18 20 24 30 32 19 34 12 24 13 17 41 16 11 18 18 26 39 
11 10 6 10 13 5 8 13 19 14 5 5 16 22 19 20 22 16 29 38 32 24 18 11 13 20 33 55 82 122 164 204 218 200 181 147 93 57 42 22 22 27 29 27 16 12 4 22 27 35 38 28 28 14 27 13 9 38 20 15 22 16 27 39 
18 17 15 9 12 9 18 21 23 20 11 10 19 25 22 24 32 36 47 42 30 17 13 9 15 28 53 83 125 175 210 229 225 191 152 108 66 44 30 12 18 18 24 18 9 16 3 28 30 36 43 41 27 19 30 21 24 32 21 19 29 22 27 39 
31 29 25 15 17 10 17 17 20 20 14 17 12 15 12 10 18 25 35 31 30 21 16 7 27 44 80 125 175 221 239 233 208 158 109 73 46 32 19 10 18 14 19 13 15 24 10 35 27 28 33 39 28 29 30 16 15 17 23 29 35 24 28 38 
45 40 35 26 24 21 25 22 12 21 15 19 14 9 12 7 10 14 23 24 29 26 19 10 43 71 121 169 210 239 238 212 176 122 75 42 18 8 14 21 26 18 21 18 26 38 29 36 19 17 18 30 30 29 21 7 15 21 26 26 23 9 22 33 
49 42 39 33 28 21 24 25 11 18 15 26 21 11 18 15 9 5 13 28 32 24 15 39 86 124 171 203 218 223 202 163 125 78 39 19 9 12 14 11 16 12 14 5 13 19 18 23 4 18 16 24 29 25 12 9 22 26 21 20 18 10 16 24 
42 33 31 28 22 8 20 22 3 13 16 28 18 9 10 13 6 5 10 24 20 11 24 71 128 162 199 217 211 193 155 111 75 39 23 22 12 9 12 11 16 15 12 7 20 9 14 17 7 26 16 14 21 20 22 26 31 36 27 24 18 7 9 15 
39 28 28 22 22 11 23 29 5 12 14 24 25 22 14 16 6 6 18 15 15 26 60 118 173 191 211 208 176 142 104 69 45 22 18 19 7 9 16 18 15 13 9 7 27 14 16 11 14 31 22 16 15 10 17 21 29 33 23 22 20 16 17 21 
42 35 36 18 15 7 18 35 16 8 10 13 18 22 12 14 9 12 19 7 26 51 99 162 205 209 205 172 120 81 52 35 28 16 13 20 20 22 19 15 9 12 11 11 31 18 7 15 22 32 22 9 9 11 20 18 18 23 18 28 21 12 13 23 
32 24 33 14 12 8 11 30 18 8 12 16 20 29 22 23 19 14 12 11 48 84 134 186 209 198 168 120 73 39 18 31 40 43 39 35 31 22 10 9 18 15 13 6 29 23 9 18 14 24 14 5 13 21 33 27 12 18 24 35 23 21 23 35 
25 13 30 9 9 6 9 30 19 14 15 16 15 19 13 12 14 16 28 56 101 140 182 216 217 190 138 83 48 28 14 12 22 27 23 22 20 13 7 8 16 10 8 10 32 25 11 24 23 26 16 13 15 22 31 19 24 8 18 32 24 32 38 46 
21 7 33 18 10 12 17 36 31 21 11 9 19 21 17 16 24 32 55 102 157 195 218 225 201 159 96 44 25 21 21 12 15 21 24 25 23 18 13 9 11 6 11 12 29 21 4 20 20 20 14 6 11 17 21 14 32 27 29 37 27 27 28 33 
21 11 29 27 20 17 12 23 29 26 12 21 28 25 22 18 32 59 93 146 196 216 212 195 158 111 56 15 14 19 19 16 13 19 25 28 22 17 8 9 11 12 10 8 24 18 11 23 24 21 17 9 15 25 23 20 35 31 33 38 30 29 27 28 
21 21 26 28 25 23 18 20 20 22 5 18 22 20 12 14 57 104 140 187 224 221 194 166 127 81 34 8 12 10 16 20 15 6 7 19 20 26 19 17 16 20 16 9 17 13 15 23 24 16 13 4 10 29 24 24 32 27 30 36 36 37 32 30 
36 28 30 31 26 21 13 15 15 25 21 18 19 15 12 34 95 143 171 210 227 205 170 141 106 67 31 14 18 18 23 23 15 17 12 15 7 15 10 15 20 28 26 20 11 8 22 26 18 12 14 9 11 22 19 21 20 23 33 42 44 42 36 27 
22 17 24 25 26 17 8 8 6 15 21 15 18 27 45 82 144 185 202 215 202 165 121 93 65 38 19 23 21 11 20 22 16 21 26 19 15 22 14 4 7 22 18 19 12 15 27 24 10 15 20 13 11 15 14 13 11 21 25 29 31 38 42 36 
17 21 23 20 25 9 12 13 11 9 8 7 23 53 87 137 187 215 213 192 156 115 73 55 45 38 31 26 22 12 17 21 20 25 31 20 9 12 8 12 6 17 15 19 25 23 25 12 8 17 19 12 7 14 17 12 8 18 13 11 8 17 24 32 
25 27 15 16 23 7 17 18 17 22 20 16 41 83 129 179 209 219 195 148 108 75 48 43 40 38 34 30 24 17 18 18 23 26 33 21 10 15 15 18 18 12 5 9 24 17 11 11 18 19 16 11 11 14 14 9 10 9 12 15 15 26 26 27 
30 30 7 9 15 18 26 18 18 24 24 42 84 132 180 210 208 197 161 102 68 50 38 40 35 34 32 27 22 18 15 15 23 21 30 21 19 24 20 16 29 16 10 13 27 30 29 29 25 22 16 6 13 19 20 21 23 16 15 20 15 18 18 20 
28 25 9 13 13 28 26 11 13 28 53 98 144 184 218 219 186 160 120 66 45 36 31 31 22 18 22 17 15 17 18 17 20 19 26 21 18 20 15 19 31 14 12 10 14 21 27 34 30 31 27 12 21 22 16 12 8 23 32 36 31 26 21 18 
28 19 11 16 12 29 16 18 36 65 101 151 186 204 215 188 140 110 77 43 34 27 31 28 13 5 13 16 8 13 16 17 15 16 25 29 32 40 39 27 20 9 19 26 4 8 21 26 26 35 41 27 16 24 23 24 13 24 33 26 21 23 25 23 
12 18 25 29 28 26 12 43 72 112 153 197 212 201 184 139 88 65 48 35 29 15 26 29 15 18 27 22 12 15 16 17 10 14 33 36 33 36 42 33 14 16 10 27 18 16 23 18 15 24 47 39 18 17 3 15 16 25 34 19 18 16 18 21 
7 14 20 21 24 15 40 81 120 165 199 226 220 183 142 90 43 30 28 20 16 5 18 26 23 27 31 20 8 8 19 21 7 9 30 28 19 21 33 30 29 31 25 33 33 40 40 35 27 16 46 39 20 9 15 24 29 30 30 8 5 13 14 14 
14 11 10 9 17 49 94 138 180 215 223 222 192 141 99 55 25 17 21 12 12 12 22 28 28 30 33 19 18 10 20 26 6 2 26 24 19 17 32 30 29 32 23 31 29 40 47 39 32 22 40 36 21 22 30 34 42 34 30 16 14 14 11 9 
24 18 14 22 43 88 138 180 213 230 216 190 145 96 61 30 22 15 16 7 15 25 31 32 30 31 38 17 17 8 18 24 7 5 19 11 18 22 35 24 20 32 25 27 24 32 40 37 38 35 37 32 21 20 22 4 19 17 23 18 25 22 21 24 
32 24 20 33 64 120 171 204 217 214 178 132 85 49 23 13 15 8 11 15 24 31 30 30 28 36 40 21 19 12 20 19 9 8 10 12 18 21 32 22 20 31 26 21 21 23 30 31 37 40 29 19 22 26 36 25 8 10 21 22 26 14 12 22 
40 37 43 63 99 156 201 213 198 172 119 66 34 29 17 19 20 13 16 23 27 28 32 31 31 37 33 21 22 19 19 12 12 19 27 35 36 30 27 21 21 28 23 11 21 17 19 18 17 20 12 12 24 18 27 31 11 9 15 24 31 17 14 21 
45 52 70 103 141 189 219 207 172 138 87 38 26 36 23 20 20 10 11 21 24 29 32 28 28 31 26 23 22 18 11 9 7 9 17 19 16 16 15 18 20 20 20 15 23 13 9 4 6 15 14 14 20 9 17 33 25 20 25 29 30 18 10 15 
60 75 105 151 180 205 213 180 130 99 58 30 35 43 27 20 18 20 14 17 22 29 28 24 22 24 23 20 16 16 14 13 13 11 14 12 12 4 5 7 19 28 25 28 24 12 11 5 11 21 18 17 21 14 21 36 36 31 26 24 20 11 6 13 
102 117 147 191 197 196 184 132 74 55 25 21 35 40 29 20 14 8 7 14 20 24 23 11 6 7 15 18 10 13 14 10 11 11 13 13 11 6 9 9 23 19 23 38 33 29 19 9 18 27 22 25 27 21 22 30 27 22 20 12 2 5 7 16 
135 148 178 212 195 174 144 84 37 35 29 30 39 40 27 17 15 6 7 15 11 13 10 13 18 18 15 11 6 15 18 12 14 6 12 15 10 6 11 17 37 16 16 34 28 33 22 7 16 21 7 18 20 18 17 14 9 12 19 22 12 7 18 28 
167 174 198 216 180 147 111 63 33 25 21 23 39 41 30 23 16 10 10 11 13 21 28 35 36 31 18 6 11 26 28 20 19 13 14 21 15 12 13 22 42 6 12 27 25 31 19 3 16 25 18 25 29 28 23 14 6 15 11 24 25 20 24 22 
190 190 202 197 148 111 75 44 31 18 20 19 32 34 21 19 16 13 12 5 5 16 25 30 35 37 23 7 19 37 40 29 31 20 13 22 24 18 15 19 39 23 29 32 31 29 18 14 10 17 14 15 12 12 14 13 12 18 14 31 29 20 19 22 
183 176 172 150 100 65 33 14 20 12 23 29 36 43 30 20 16 12 12 11 16 12 17 23 27 39 21 8 24 42 47 36 47 30 10 10 8 17 26 27 43 32 25 21 20 13 7 13 14 11 16 10 5 18 17 16 9 8 14 33 28 25 28 32 
154 146 134 108 70 41 16 15 27 33 31 30 30 30 21 15 15 12 9 13 23 21 18 20 23 42 21 12 22 33 38 25 48 40 21 10 15 22 25 19 31 23 11 9 14 12 9 13 22 14 21 14 13 24 24 21 16 19 24 39 31 25 12 10 
132 124 107 83 61 42 31 34 39 43 40 34 27 18 13 7 9 11 8 15 27 22 14 15 20 47 28 16 25 28 39 19 43 39 28 13 14 18 20 18 20 21 10 9 12 13 8 11 21 3 20 19 26 36 32 25 16 16 26 35 27 28 17 18 
98 89 71 52 40 26 16 14 16 25 25 17 14 13 18 17 18 23 26 30 34 28 19 17 22 44 31 15 21 24 41 11 33 34 37 27 18 24 21 20 17 19 9 1 3 10 12 18 27 18 19 16 26 37 33 33 27 13 18 31 35 48 46 48 
61 51 36 26 28 26 17 18 19 20 27 8 5 11 15 16 21 23 25 30 30 22 19 24 21 36 29 10 13 20 40 19 17 16 33 27 24 28 17 18 14 25 15 10 14 13 10 13 23 24 20 15 17 32 36 36 31 10 14 25 27 42 29 10 
51 44 34 25 26 30 24 19 12 10 19 10 17 24 29 27 31 30 34 38 36 26 23 21 15 29 27 6 13 20 38 27 18 14 29 21 18 10 6 18 20 33 18 19 25 27 16 13 16 18 16 12 13 25 35 39 35 13 15 23 25 40 39 26 
27 27 27 26 30 39 37 33 30 23 21 9 14 19 24 25 30 31 30 30 27 11 10 12 10 21 21 17 23 21 32 33 26 26 27 18 11 11 13 19 30 34 21 23 26 32 21 18 16 10 12 19 27 31 35 36 32 18 7 13 20 30 32 20 
10 14 18 26 31 43 42 37 33 24 22 8 9 13 18 20 20 19 13 24 22 12 10 4 11 16 19 30 30 20 11 33 39 35 27 12 4 10 17 19 24 24 17 21 22 28 21 20 17 17 21 21 21 24 34 38 37 30 18 9 8 21 29 17 
20 11 16 23 25 36 43 42 40 35 25 10 11 13 17 17 11 10 7 23 29 38 40 34 28 18 14 31 39 35 22 14 26 30 22 12 5 13 11 14 14 16 12 13 14 22 28 28 22 19 14 4 11 16 41 42 40 39 33 22 11 18 35 34 
33 12 9 14 20 30 32 27 27 21 9 16 5 6 11 14 6 5 13 17 23 30 32 37 38 29 24 19 28 34 29 20 17 18 13 11 7 18 15 14 13 9 5 5 9 14 25 30 33 28 20 21 5 17 42 38 45 52 54 42 27 18 19 21 
51 29 15 5 17 28 33 22 20 14 1 19 3 8 16 18 14 17 30 31 35 29 22 21 26 30 31 20 19 32 36 22 14 14 15 14 16 23 19 15 9 6 9 10 16 15 22 23 29 27 25 35 20 19 40 36 47 60 67 55 39 29 26 26 
58 36 21 13 20 31 36 22 22 10 2 23 8 10 12 14 12 16 30 21 36 25 16 17 19 37 38 18 13 26 44 30 11 10 12 12 15 18 17 11 13 7 7 7 19 24 28 15 15 12 12 36 29 23 40 33 43 60 69 58 41 31 22 22 

33 14 16 23 36 49 57 35 21 15 11 26 20 34 31 24 18 10 26 16 14 10 12 26 33 39 54 22 14 24 39 46 30 44 42 43 39 36 55 30 25 21 21 32 17 46 78 86 136 197 202 189 168 118 63 33 25 29 28 23 12 28 36 43 
27 7 21 23 33 39 39 24 16 14 27 32 29 35 36 31 19 8 12 10 12 6 8 23 29 31 42 25 19 19 23 30 24 38 37 40 37 33 44 27 27 19 14 24 18 47 85 102 153 211 208 185 156 102 53 32 29 28 37 24 20 30 35 42 
12 5 26 17 18 26 24 16 9 8 21 16 22 21 18 25 14 14 15 12 14 12 8 18 21 22 26 21 23 13 21 20 19 33 29 33 30 26 29 19 13 11 10 13 24 71 118 144 187 228 206 167 131 79 42 30 34 35 45 28 24 29 31 35 
17 16 33 23 13 20 18 11 12 10 19 18 21 15 9 20 9 16 15 15 21 22 19 24 32 33 23 16 20 14 22 8 9 27 27 32 33 27 14 15 14 15 14 24 56 109 154 172 201 227 194 147 107 59 26 15 13 24 38 17 18 23 28 30 
24 18 28 28 19 25 25 8 9 13 21 16 19 23 22 27 19 22 19 21 31 33 30 29 32 30 18 10 17 24 24 20 8 15 13 24 26 20 20 16 18 15 42 74 106 151 186 187 198 209 163 109 76 41 29 21 11 24 32 8 11 18 21 18 
23 25 23 17 13 21 26 24 14 8 24 25 17 14 8 12 15 22 24 32 39 36 28 19 15 37 33 15 17 30 34 36 28 24 15 17 8 19 32 16 19 35 81 123 152 192 216 204 192 181 123 71 53 34 30 18 16 23 21 10 11 13 10 8 
39 37 30 17 12 21 23 30 26 21 36 49 48 48 45 29 14 18 14 16 30 30 28 26 26 45 40 13 9 30 36 39 29 18 17 20 9 21 32 22 48 76 126 170 184 204 206 170 138 124 75 51 55 46 34 21 21 19 10 13 13 14 19 21 
33 33 28 24 20 22 22 36 32 18 12 18 26 22 27 31 22 27 33 27 32 31 28 32 36 51 46 24 12 24 25 28 26 28 30 24 11 18 27 35 70 112 169 206 199 189 163 104 70 80 43 37 35 34 29 24 34 22 14 22 23 28 34 38 
42 48 53 55 50 42 25 27 41 37 33 20 17 18 26 31 18 12 20 24 31 26 21 25 30 48 49 34 26 28 31 33 25 23 22 21 25 23 24 54 107 158 204 223 199 173 136 83 61 67 36 39 34 34 33 26 33 22 20 24 21 23 26 27 
32 37 39 48 46 45 47 20 28 23 24 13 13 24 33 38 26 16 17 24 27 19 15 17 18 32 40 33 26 21 18 16 12 12 11 18 22 36 58 100 159 202 223 219 181 142 104 66 50 38 17 27 25 27 24 22 24 19 15 11 6 17 22 19 
13 21 15 14 8 23 39 22 25 17 22 17 7 19 29 34 29 21 23 34 32 17 14 15 8 21 28 30 28 16 7 14 19 26 23 21 40 82 111 159 206 220 215 192 140 92 59 32 26 12 15 30 32 31 25 16 20 16 10 10 13 19 25 21 
12 16 18 18 16 22 26 18 18 11 22 27 23 22 27 20 12 10 21 38 38 19 16 22 14 18 15 27 28 28 32 26 14 13 12 21 71 122 152 199 224 210 187 153 98 58 42 33 35 32 28 32 35 28 23 19 21 9 12 12 12 20 22 19 
10 6 8 8 7 12 19 27 25 21 14 15 19 15 16 18 14 20 29 41 38 17 7 17 29 25 18 25 36 47 43 33 15 14 10 33 107 157 179 217 219 185 153 114 61 32 31 30 30 38 40 42 46 39 29 17 11 4 14 13 6 15 19 21 
14 11 9 13 17 19 20 18 22 27 30 25 13 18 16 30 30 27 38 42 36 21 5 19 43 41 45 39 37 39 26 40 19 20 35 85 164 202 213 232 206 153 117 76 32 13 17 14 10 30 36 39 44 41 30 17 15 17 25 29 30 32 35 39 
5 11 18 23 26 21 29 29 21 14 11 23 18 22 22 36 35 21 37 38 34 28 14 30 35 17 35 35 42 43 17 34 18 51 80 142 211 225 217 211 158 101 71 34 3 17 26 25 18 22 28 32 36 32 26 21 22 26 27 24 23 25 24 27 
4 12 19 19 22 13 9 20 25 24 15 19 17 25 32 44 44 26 29 33 36 37 23 26 24 17 25 21 35 39 8 27 39 81 117 183 225 211 189 163 102 55 33 7 24 30 34 33 25 15 15 29 33 24 21 14 13 17 13 10 16 19 18 24 
13 19 19 14 21 18 11 17 22 27 15 16 14 16 22 39 43 33 23 23 18 27 14 16 18 24 26 21 33 36 18 44 84 122 157 207 208 171 148 118 60 25 15 9 25 17 22 25 24 19 5 19 29 17 16 9 12 26 14 17 24 25 29 30 
39 37 33 26 26 27 18 19 25 34 24 15 17 15 21 35 42 39 14 19 15 27 22 13 19 22 14 7 30 43 43 82 134 167 195 217 189 143 122 92 38 14 15 10 30 11 5 13 21 27 27 14 30 9 13 12 11 35 18 19 26 29 35 44 
30 29 25 19 13 22 16 9 8 26 31 28 27 26 30 39 43 48 27 11 8 22 26 21 28 28 18 23 45 71 92 135 174 192 205 203 159 111 91 63 18 5 18 6 29 22 14 7 18 29 39 26 36 10 18 8 11 39 18 16 21 18 19 24 
23 20 13 12 12 20 26 26 21 16 24 29 27 19 20 29 30 35 24 22 25 27 27 27 24 14 21 50 84 120 154 195 210 196 185 160 102 59 52 36 13 24 32 22 17 12 18 22 24 29 39 31 29 12 30 18 15 36 18 17 22 16 16 22 
29 26 17 12 11 8 9 8 15 13 19 25 25 13 22 28 26 24 21 32 29 20 17 20 17 15 41 83 131 179 212 233 221 183 152 113 58 29 35 25 18 21 30 30 16 8 4 28 31 33 39 39 25 13 33 18 14 26 15 16 21 14 14 22 
26 24 16 7 12 11 15 13 14 13 15 24 27 18 24 28 33 37 43 40 26 17 7 14 19 35 74 116 171 217 231 228 198 150 114 78 44 34 28 16 9 12 22 25 13 9 3 33 33 25 32 39 25 18 33 14 22 20 7 13 23 17 12 12 
21 21 21 11 17 15 21 20 20 22 17 23 23 10 16 16 18 20 27 24 18 18 9 16 37 62 109 156 206 234 227 203 160 104 69 44 27 27 20 15 17 18 23 29 27 27 19 36 25 12 15 26 22 28 33 16 18 12 8 15 26 14 12 18 
11 15 16 8 12 4 13 19 8 25 22 24 27 11 15 15 12 10 11 14 15 16 13 36 71 106 158 197 223 226 201 165 120 72 46 26 18 19 21 21 22 18 19 25 26 33 28 29 14 7 15 23 29 33 28 14 18 24 25 26 26 12 13 19 
33 33 31 25 21 24 25 29 18 21 18 26 32 20 20 21 18 12 5 18 17 9 29 73 123 161 199 212 207 185 147 106 67 32 13 13 17 17 19 18 18 18 18 16 14 14 19 15 10 20 24 23 27 29 15 13 26 36 36 32 27 19 14 11 
40 37 36 29 19 12 18 23 5 14 16 28 29 20 13 15 10 6 12 24 5 30 65 117 171 195 210 202 174 136 95 59 28 13 16 21 17 15 13 15 18 17 15 15 23 12 20 13 10 26 13 12 20 25 24 27 28 37 31 24 19 15 14 10 
42 36 36 30 23 16 24 27 10 16 15 24 27 22 12 16 11 12 19 15 32 66 111 169 213 211 204 177 126 84 59 36 17 17 19 23 20 18 17 15 18 23 21 21 28 12 19 12 13 27 12 14 21 23 21 17 18 29 21 21 26 30 33 36 
45 39 40 33 30 26 30 37 19 14 10 16 21 22 9 10 9 17 13 15 61 104 154 205 226 203 175 131 73 39 37 34 27 26 23 28 26 22 16 9 6 21 24 22 30 13 13 12 15 25 18 16 21 21 23 18 10 20 15 29 32 35 41 46 
35 27 36 25 25 22 24 36 16 7 7 9 14 21 14 11 9 9 9 43 102 145 184 214 209 170 127 80 42 17 18 35 39 44 42 37 30 23 16 9 11 16 17 14 27 11 11 15 17 25 19 20 21 25 36 28 17 12 18 42 38 41 47 53 
29 18 36 17 20 18 23 36 14 4 10 12 18 19 17 13 11 25 52 101 160 192 213 223 197 147 95 51 32 28 17 9 9 16 18 19 13 9 13 17 15 12 10 14 32 18 13 19 24 27 19 18 17 22 28 14 31 20 30 47 37 41 44 51 
24 11 37 16 16 19 27 42 25 14 15 16 24 21 18 20 35 57 93 151 202 219 221 209 165 111 59 21 18 18 20 15 11 8 6 10 4 15 13 14 13 5 6 9 31 16 4 16 23 20 16 9 16 17 19 17 38 19 20 38 26 27 28 34 
24 12 32 16 8 14 15 31 22 17 17 14 21 16 16 27 61 96 133 182 214 206 186 163 118 71 31 5 14 16 24 26 21 15 11 13 10 16 5 11 14 14 12 11 26 15 8 19 23 15 14 8 16 24 17 15 32 15 14 33 21 24 23 30 
22 23 28 15 5 11 10 21 16 15 14 16 19 22 25 47 104 148 174 205 217 187 153 128 91 54 24 4 8 6 21 35 34 28 19 21 19 28 17 16 16 23 20 16 18 10 15 23 23 10 10 8 8 23 17 17 27 13 14 31 27 29 25 27 
32 24 27 18 8 10 6 14 14 20 23 18 22 35 45 81 149 182 188 206 199 155 120 102 72 44 26 18 17 18 21 29 27 31 29 29 15 24 18 17 17 26 23 19 8 7 23 25 12 6 13 10 8 16 19 18 16 18 30 44 45 43 37 30 
30 18 23 18 15 15 8 11 4 10 18 15 31 57 82 128 187 204 194 187 154 105 71 56 34 18 9 27 23 12 16 23 18 23 32 31 21 26 20 16 14 25 19 17 12 12 22 17 6 13 16 12 7 17 22 17 12 24 33 37 36 37 37 31 
17 16 13 2 15 15 9 12 9 12 6 16 49 91 129 178 214 217 191 152 107 67 35 30 30 26 21 24 23 9 13 17 17 19 32 26 7 14 9 8 9 17 15 14 23 17 20 11 12 13 12 11 9 18 25 18 6 13 13 16 16 21 24 30 
24 26 18 15 23 13 11 13 9 19 14 34 81 133 176 211 220 207 165 111 72 44 19 21 18 17 14 17 18 6 13 13 19 14 31 21 4 12 18 18 17 9 11 9 25 20 13 10 16 11 10 6 13 22 27 22 16 14 15 17 15 18 21 25 
27 33 25 22 24 14 17 18 15 27 39 82 137 184 219 225 201 174 129 76 46 30 24 31 23 21 18 14 10 1 8 13 21 12 26 15 17 27 29 21 27 11 8 6 21 28 30 27 23 15 16 9 13 20 25 21 20 18 17 21 19 9 14 18 
26 30 26 24 23 18 15 12 19 47 84 143 191 219 236 213 164 134 96 56 38 24 27 31 20 21 24 10 4 8 13 15 20 12 23 14 6 17 21 17 30 10 8 11 12 18 22 27 23 24 29 15 22 25 24 19 12 21 30 37 34 25 21 16 
27 20 21 25 22 16 12 34 59 94 138 190 214 217 211 165 113 88 61 42 29 15 27 27 8 10 17 15 2 6 8 14 18 16 22 21 20 26 28 19 24 7 15 24 7 3 11 16 22 32 39 24 8 14 17 22 13 20 28 30 29 25 25 20 
7 9 18 26 21 10 32 68 99 142 183 214 210 186 159 104 60 49 38 30 20 4 24 26 6 14 21 15 9 11 5 16 21 23 33 36 32 23 28 11 12 27 27 35 30 24 22 19 19 24 38 32 11 11 3 13 12 17 24 16 23 17 13 15 
14 16 9 15 15 26 75 117 151 190 212 216 189 146 105 54 22 26 26 17 8 9 20 28 19 27 30 20 15 14 12 17 16 19 31 33 27 19 31 21 24 37 38 46 45 49 46 36 30 22 32 30 3 11 18 22 29 25 25 13 15 15 14 14 
19 23 16 14 31 80 135 175 204 222 212 187 141 95 60 20 8 13 19 12 9 18 24 29 27 36 40 26 21 13 14 20 15 18 30 29 25 11 33 23 25 39 33 40 37 46 49 36 31 21 25 25 4 13 18 19 26 21 22 18 17 11 8 10 
18 24 25 39 71 127 178 208 218 214 183 137 85 48 25 16 19 10 12 8 15 24 24 27 30 38 45 27 18 11 15 17 11 17 25 16 19 17 41 26 23 42 33 36 30 31 37 31 36 35 26 21 8 13 25 23 20 17 21 17 21 17 21 27 
17 25 38 62 102 159 204 215 200 179 132 77 31 20 17 26 22 15 13 15 19 21 17 24 31 42 45 32 19 8 13 15 12 13 12 14 18 23 40 18 20 39 31 31 23 17 21 18 31 41 31 15 8 15 30 36 27 26 27 22 22 11 21 31 
36 48 69 98 138 189 216 202 163 129 80 31 19 33 25 25 17 10 5 11 11 10 16 24 33 41 43 30 13 6 15 21 24 26 28 34 33 28 29 6 16 33 27 20 17 7 12 10 13 19 17 14 15 12 20 38 34 34 32 26 28 15 22 27 
51 69 98 138 176 208 214 179 128 92 53 18 8 27 21 15 9 11 10 13 3 12 20 27 35 39 36 27 18 17 23 23 17 10 8 12 12 17 15 8 9 16 15 2 19 12 16 15 12 12 12 18 21 11 13 36 44 44 42 33 27 15 22 27 
83 104 136 181 199 201 185 134 79 54 27 21 19 31 20 10 17 24 25 25 23 25 28 36 41 41 35 22 10 7 15 17 11 8 8 13 16 14 9 8 15 18 13 20 25 19 23 18 9 18 16 21 25 20 23 37 44 40 35 31 24 19 30 37 
131 145 170 201 185 162 136 77 29 30 23 32 26 31 19 10 16 18 25 27 31 28 23 25 25 27 27 23 15 7 11 13 8 15 13 12 10 13 5 5 22 24 25 33 30 23 18 14 9 25 25 31 29 20 19 26 29 23 20 21 19 21 35 48 
153 158 179 196 158 124 93 37 10 23 23 32 28 32 19 9 22 19 25 25 20 14 3 10 9 9 9 14 14 14 20 19 18 10 13 14 9 11 0 11 34 27 27 30 25 25 14 8 10 25 16 17 13 12 18 20 19 15 20 26 28 29 41 57 
163 163 178 180 130 97 69 35 29 21 16 26 33 37 29 18 18 9 16 18 22 23 24 24 20 15 9 13 24 27 24 22 29 20 22 20 11 12 12 22 36 12 19 16 12 19 12 13 15 29 18 19 23 23 22 18 13 19 14 23 33 37 48 60 
162 159 163 147 89 59 34 20 28 14 6 12 21 30 27 20 18 6 6 9 15 20 20 22 31 31 20 19 30 31 29 27 39 30 26 24 22 16 11 19 29 17 30 22 25 22 16 19 7 26 14 8 12 11 4 4 15 20 12 28 37 39 45 55 
127 120 115 93 41 20 7 9 22 14 11 17 21 35 35 28 24 16 10 11 13 12 14 23 36 37 20 23 33 37 35 33 51 42 24 14 10 6 16 25 33 23 23 11 15 17 19 15 8 21 19 10 9 16 13 12 16 16 15 29 34 35 39 45 
90 86 77 61 32 15 7 10 25 30 23 23 23 23 27 24 21 18 11 15 21 16 18 23 34 41 14 24 34 33 30 21 48 47 28 11 6 13 23 26 31 26 26 27 27 27 22 11 13 14 22 15 12 18 18 16 15 21 23 33 33 28 25 26 
77 76 63 52 43 34 33 34 36 39 33 29 26 22 22 15 11 10 9 15 25 11 9 13 20 44 18 30 36 30 33 15 40 43 29 12 7 14 22 26 29 31 32 31 31 29 21 14 23 13 17 7 8 21 18 10 8 18 25 32 26 22 14 12 
56 50 37 33 33 23 23 21 17 23 18 5 7 7 11 7 6 7 12 20 29 23 21 16 18 40 18 30 33 31 37 13 33 39 34 25 16 21 25 27 27 27 23 20 21 21 15 14 27 18 19 11 11 25 16 11 7 18 27 32 30 41 42 46 
29 23 18 20 24 22 13 18 15 19 23 8 14 18 20 15 14 17 24 30 37 35 32 22 15 33 18 22 26 30 39 24 21 22 30 24 23 27 21 21 18 21 18 11 12 13 14 9 18 17 16 13 9 16 12 10 12 21 32 30 24 35 10 16 
34 32 28 22 24 26 23 27 19 17 21 14 12 15 19 14 16 18 23 27 33 29 25 19 15 31 23 20 20 24 34 27 23 15 24 16 18 8 5 16 19 26 12 1 11 9 10 13 17 21 17 8 13 14 19 24 23 28 36 33 30 39 27 25 
25 27 23 15 21 30 27 30 25 24 21 6 12 14 12 7 9 9 8 24 29 16 15 15 12 23 16 19 24 29 36 37 28 20 17 13 17 12 9 13 24 24 11 15 23 24 13 8 5 12 11 22 31 22 16 7 9 23 28 27 27 31 16 16 
14 12 11 12 24 33 31 29 19 23 25 5 8 13 16 18 16 11 14 31 28 10 9 15 14 18 14 18 25 31 26 33 33 25 16 13 15 17 18 17 23 18 16 19 25 28 22 20 16 21 22 21 19 11 17 16 20 17 22 22 23 28 18 9 
32 18 12 14 21 26 34 37 29 29 22 3 13 20 22 24 23 22 27 33 28 28 24 18 11 9 11 20 33 41 32 16 18 21 17 15 12 18 19 21 20 14 14 16 21 28 27 22 14 21 15 6 11 12 27 23 20 6 18 26 28 35 40 36 
39 25 11 7 22 15 25 23 19 23 11 13 8 15 18 24 27 30 40 39 34 38 32 25 22 13 17 12 22 39 36 27 13 13 13 12 12 22 20 19 17 8 6 9 16 28 35 33 30 29 19 20 12 17 33 27 27 16 25 19 15 11 19 25 
45 34 14 7 26 13 30 27 23 24 11 19 8 8 15 24 30 37 48 41 37 38 34 26 27 20 22 15 6 31 37 30 12 10 12 11 18 21 17 14 10 9 7 7 8 19 36 40 39 33 23 29 24 23 33 27 32 25 34 19 19 6 20 32 
47 39 15 12 28 18 35 27 27 20 13 24 12 6 5 22 26 30 41 26 31 30 32 25 24 21 27 18 10 23 38 33 12 9 10 7 12 9 13 11 18 15 8 12 10 15 37 40 36 28 15 32 33 24 29 21 27 27 39 27 21 11 22 34 

28 15 7 21 30 38 52 33 25 19 6 29 3 19 23 21 24 8 23 21 20 10 7 13 16 18 33 29 30 29 33 33 20 37 30 26 27 33 57 35 21 20 17 25 26 82 118 137 182 224 201 157 126 84 38 36 25 25 19 21 6 19 35 36 
23 18 15 20 29 35 37 19 17 9 25 34 20 24 25 31 25 9 17 22 18 12 6 9 15 9 25 28 30 27 23 29 26 41 35 33 32 33 50 29 23 17 8 20 34 92 131 153 193 225 195 147 113 67 34 31 28 21 24 22 18 25 34 40 
31 28 18 7 13 20 21 11 14 12 22 15 5 9 13 33 23 14 18 20 16 13 6 7 11 3 12 17 27 21 15 16 19 38 30 28 28 29 32 16 10 6 8 24 59 124 169 189 216 230 183 129 93 51 33 28 30 24 32 25 23 26 27 27 
37 34 26 13 5 13 16 19 19 17 15 10 17 18 15 26 15 15 22 23 20 19 12 12 21 23 14 11 21 9 12 6 15 34 36 36 37 31 15 12 11 13 32 62 106 167 204 205 214 211 157 105 73 38 31 21 17 16 29 20 21 22 25 21 
44 40 29 20 18 21 21 23 22 26 21 5 10 15 18 29 20 22 28 29 32 36 27 22 25 24 13 8 12 6 13 14 14 21 23 27 27 17 18 21 26 36 74 113 151 196 216 199 193 181 124 75 47 26 32 21 14 12 25 15 18 19 20 21 
59 52 39 23 22 26 27 30 19 18 25 18 7 10 3 20 22 27 35 42 43 42 25 11 6 33 25 19 21 23 30 26 18 15 6 9 8 13 32 25 46 68 116 160 185 214 221 192 174 154 96 50 33 25 31 17 10 9 18 12 11 11 9 17 
55 46 36 24 17 22 21 29 18 14 33 47 46 45 40 19 7 12 17 28 30 32 23 16 12 33 24 19 27 36 45 41 27 15 17 18 16 25 42 41 84 117 167 205 204 204 186 137 109 101 60 46 49 39 34 21 15 11 8 2 5 6 15 23 
41 35 29 25 18 17 13 30 21 10 15 24 28 24 29 23 15 17 21 28 30 31 26 21 17 32 25 15 23 36 41 33 22 25 22 14 10 17 40 63 116 157 204 224 196 164 126 66 49 70 40 39 39 29 24 17 22 16 7 18 25 29 35 40 
43 43 45 45 36 26 11 26 33 27 27 22 28 34 37 29 18 11 13 18 28 25 20 21 21 36 30 5 11 27 39 35 23 16 15 23 24 18 41 88 152 194 220 216 171 132 95 54 42 57 27 25 23 18 21 20 26 20 24 30 30 32 33 36 
20 23 27 42 46 45 42 15 19 13 19 13 25 30 35 31 22 23 19 21 30 22 16 18 20 34 36 18 6 10 24 24 21 16 16 19 25 48 82 137 196 221 220 191 134 93 65 42 34 35 11 17 17 18 21 27 29 27 25 31 37 41 41 38 
13 24 19 12 6 18 33 11 9 8 21 16 24 30 36 36 30 31 26 31 37 21 12 16 12 28 35 29 26 20 15 11 17 23 27 27 63 107 142 192 226 222 198 152 90 51 32 24 23 16 6 24 24 22 21 16 18 19 18 28 34 35 36 30 
7 15 16 15 16 19 21 13 10 4 18 17 17 20 25 26 20 24 15 27 39 22 15 18 7 24 32 36 32 27 24 13 10 13 12 31 97 145 173 210 216 189 155 106 59 43 38 38 41 36 30 31 28 13 11 15 17 9 15 26 30 33 33 28 
7 5 7 4 7 8 21 30 26 23 15 6 15 11 20 32 31 28 10 20 37 24 19 15 29 32 28 42 47 51 42 24 9 21 16 58 136 175 186 206 188 148 113 67 32 30 32 35 36 35 39 42 40 25 16 15 16 10 3 19 24 29 32 33 
15 10 9 13 18 23 26 15 13 21 25 23 13 20 25 39 39 25 17 27 34 27 18 23 44 39 36 48 57 65 52 38 15 45 70 127 199 219 210 204 162 109 76 36 16 17 18 18 12 11 26 27 27 19 16 18 24 23 22 30 31 31 32 35 
9 15 20 23 27 28 40 30 20 15 7 19 10 7 10 32 33 13 28 28 27 31 23 35 42 19 15 30 48 64 50 32 31 83 118 180 234 226 195 166 109 59 37 7 15 19 25 28 23 16 23 25 24 14 8 15 23 26 24 19 15 16 16 19 
9 20 23 20 16 5 25 21 22 23 10 18 13 20 20 33 34 13 28 32 32 39 30 35 31 5 13 23 44 58 42 30 62 116 153 204 224 188 148 109 55 19 13 15 23 23 24 27 27 20 9 15 19 8 6 7 8 11 12 7 13 10 12 21 
25 32 27 21 22 8 27 26 30 32 11 19 10 9 12 31 35 18 21 27 20 27 18 21 17 12 21 26 43 54 43 67 118 159 187 216 196 145 114 75 24 9 15 15 18 11 6 14 25 31 27 21 19 2 10 9 11 20 12 15 20 12 11 15 
51 50 43 36 33 26 37 38 40 45 19 14 12 5 15 28 36 31 17 28 20 25 22 10 11 21 24 24 42 60 75 121 165 190 205 209 165 115 95 61 12 9 18 16 25 17 12 9 21 31 42 37 31 18 17 11 16 27 10 21 27 26 27 29 
46 44 39 32 24 16 15 2 11 33 26 15 16 16 24 30 36 40 14 18 15 16 20 9 21 32 34 47 74 101 126 165 186 189 187 171 118 74 63 44 8 13 23 7 25 21 20 20 22 26 39 40 33 16 27 7 12 30 11 23 28 26 26 29 
34 33 31 30 24 28 32 28 23 18 17 12 16 15 27 28 26 30 15 18 23 22 20 22 23 26 45 78 117 152 177 202 197 170 147 120 66 32 38 34 23 26 35 19 15 14 21 32 27 22 30 38 27 16 34 13 12 29 13 20 24 15 15 19 
35 36 34 30 22 22 22 16 18 12 9 3 16 20 30 28 19 18 20 30 30 23 16 24 28 42 80 123 167 201 213 213 181 134 105 78 38 19 27 23 14 11 29 25 11 11 14 36 33 25 18 34 23 20 41 21 17 22 7 11 16 9 12 21 
35 38 32 26 23 24 26 23 22 14 6 12 27 27 33 34 33 36 37 33 23 21 14 27 41 68 115 152 191 212 203 180 137 91 68 47 28 26 20 12 3 3 25 25 15 15 14 36 33 26 6 24 20 24 42 17 18 19 8 9 17 10 5 10 
36 38 36 27 26 29 32 35 33 26 9 10 23 16 20 19 13 17 23 19 11 16 18 38 65 100 148 180 206 203 172 136 90 48 36 23 13 15 9 3 11 20 34 41 39 35 26 33 24 24 14 15 20 31 42 23 14 17 16 17 26 19 12 11 
14 17 23 21 20 14 13 21 11 21 18 18 28 16 13 14 2 8 11 13 4 11 28 66 107 147 188 204 202 174 131 95 60 42 40 27 15 7 10 9 13 14 17 25 24 26 21 21 17 17 16 17 26 36 39 24 7 18 26 28 30 23 17 17 
3 10 10 10 14 21 24 31 19 17 12 17 28 18 10 20 19 16 8 15 6 20 56 108 158 189 205 194 164 121 81 53 30 35 36 27 22 11 8 15 23 26 25 23 21 21 21 15 16 17 24 22 23 30 20 18 18 33 42 38 33 27 19 14 
10 18 20 18 14 10 13 24 7 10 9 19 26 19 9 16 13 7 13 19 22 61 107 160 203 207 197 169 124 80 55 38 24 38 44 44 38 29 12 8 19 24 24 24 30 25 27 18 14 15 11 12 9 23 25 33 30 34 35 27 25 22 18 18 
11 16 12 6 6 8 17 23 5 11 6 15 25 25 14 18 15 13 14 22 66 114 163 213 235 212 181 141 85 45 40 30 19 33 42 45 45 39 23 14 19 28 27 27 33 26 28 21 16 17 10 10 9 13 11 15 20 24 27 30 36 42 45 48 
18 24 18 7 5 6 16 27 12 15 3 10 24 27 13 8 6 12 21 51 109 158 200 231 226 182 138 90 42 14 31 33 19 25 33 41 40 35 19 11 12 24 30 28 32 26 24 17 13 14 12 6 6 9 11 12 16 18 23 35 37 40 44 45 
22 30 31 17 12 7 10 26 9 13 10 5 17 19 10 4 11 24 50 94 156 194 213 219 191 134 85 45 24 11 17 31 26 29 33 38 38 35 26 18 8 15 24 26 30 19 21 18 15 14 13 11 13 21 33 31 25 8 11 45 40 38 42 42 
20 27 34 14 16 4 13 25 10 12 12 9 15 12 14 15 32 62 103 156 208 223 219 206 163 104 57 26 25 28 24 24 16 8 8 23 25 24 24 28 15 12 19 23 36 23 23 19 19 18 15 12 13 17 23 10 33 27 32 54 39 31 34 36 
12 18 36 11 14 8 19 31 19 17 15 12 17 14 23 38 69 112 156 203 234 224 200 172 123 71 30 13 17 15 17 20 22 18 10 16 17 28 26 26 14 5 11 15 33 15 12 14 22 15 16 14 21 20 20 19 40 28 24 45 25 16 22 28 
24 16 31 11 11 9 10 24 15 15 16 9 19 19 33 63 110 155 188 215 219 186 149 119 78 36 4 17 21 18 15 16 21 20 15 15 11 14 12 16 12 13 9 13 27 12 13 17 23 13 13 11 18 23 15 12 30 24 20 40 21 13 18 26 
28 25 24 8 10 10 5 13 12 15 14 18 26 39 63 104 160 195 207 212 200 156 115 89 55 22 12 30 34 31 22 23 28 29 24 23 14 18 12 14 15 21 20 19 18 10 18 21 21 5 7 12 6 18 14 11 24 22 21 40 28 23 24 27 
27 18 18 11 9 9 4 9 15 18 16 20 36 65 97 145 199 212 199 191 169 122 89 72 45 28 30 43 39 39 24 10 14 26 31 32 12 14 7 7 5 21 23 17 6 13 23 20 8 8 11 12 0 12 18 14 12 17 25 42 42 41 40 39 
36 23 23 22 20 18 6 8 9 7 14 21 53 96 133 177 214 204 173 150 116 76 50 36 20 12 16 44 35 31 24 15 15 17 31 33 18 19 9 7 7 23 25 13 15 18 21 11 6 12 13 18 10 15 15 12 12 24 29 37 35 33 34 32 
20 14 16 18 21 23 8 9 11 14 18 44 92 140 175 205 213 187 144 105 71 48 33 33 35 29 22 36 31 24 22 9 17 13 29 30 16 28 28 23 24 21 21 12 24 21 21 10 12 10 11 19 12 9 9 22 18 11 10 29 32 30 32 31 
22 20 18 21 25 22 7 8 15 31 40 82 139 183 210 216 194 158 111 69 44 30 18 22 24 12 12 25 23 17 18 1 18 8 31 27 16 15 21 15 13 0 12 3 26 25 17 12 16 6 11 10 14 20 26 36 25 14 8 27 33 27 28 28 
20 22 22 25 28 22 9 13 28 52 78 134 184 211 222 199 152 115 74 36 19 14 14 29 26 14 9 15 12 8 9 10 20 10 28 19 20 25 33 24 25 8 11 8 18 28 33 31 21 10 21 18 13 9 21 29 20 15 5 24 28 15 16 18 
18 21 27 32 36 27 7 23 53 92 132 186 215 217 208 162 104 76 45 18 12 9 22 35 30 26 22 8 7 9 14 13 15 4 23 17 15 18 28 20 27 9 8 17 12 15 16 22 19 21 30 14 16 16 22 27 17 21 24 31 30 19 17 14 
29 20 23 32 36 27 27 56 98 145 184 219 217 193 166 110 58 41 21 16 10 9 23 30 25 20 20 14 3 7 9 6 8 4 17 15 19 18 27 15 23 13 18 30 11 10 7 7 18 27 36 25 12 6 14 25 18 20 25 26 26 20 20 18 
17 18 15 23 25 24 60 98 138 181 210 220 191 148 111 59 20 16 10 11 6 12 19 24 18 15 19 9 4 12 3 12 15 15 23 23 26 9 25 8 26 43 44 52 42 28 20 9 11 19 29 25 5 4 5 17 15 10 22 19 27 27 21 21 
18 24 13 10 15 52 109 148 179 208 217 201 158 111 68 26 19 26 26 16 11 15 15 25 18 20 20 5 8 15 7 12 12 11 21 20 25 9 30 15 17 40 43 53 49 47 41 24 13 12 24 26 11 18 20 24 29 21 24 17 20 26 22 20 
13 22 18 20 52 110 164 193 206 210 192 157 111 72 39 10 18 24 27 22 13 18 18 27 18 23 29 14 15 13 10 18 15 13 23 19 25 5 34 21 18 39 23 31 25 34 41 31 23 6 18 24 18 16 11 8 16 13 20 20 22 21 16 13 
18 27 38 62 108 161 199 210 198 179 145 103 62 37 17 22 17 15 19 16 15 18 16 22 12 23 33 14 5 5 14 19 19 25 30 15 20 11 41 28 18 39 16 21 11 15 30 31 35 27 19 16 13 17 20 18 16 9 16 10 14 12 12 18 
31 42 62 95 140 184 208 197 161 128 90 49 25 21 12 23 12 10 12 9 12 11 10 17 11 22 29 18 10 9 17 20 17 16 12 10 19 21 43 24 16 36 16 24 16 8 25 24 35 40 30 15 5 14 19 23 14 9 16 11 16 12 22 36 
59 76 99 131 168 198 201 166 111 76 47 29 33 29 20 23 13 13 10 9 7 5 5 12 16 23 28 21 13 10 14 21 25 29 27 28 30 27 38 31 34 46 30 26 20 12 27 28 33 27 20 12 10 17 17 26 24 24 24 16 21 12 19 24 
88 110 135 169 196 204 183 134 78 48 28 23 26 27 29 23 20 22 18 20 14 14 13 15 23 26 24 21 20 23 22 19 16 14 6 12 18 25 34 36 37 42 36 25 24 18 27 30 33 26 17 14 16 18 17 21 32 35 34 25 20 11 22 25 
133 153 174 203 202 180 146 92 41 24 12 19 19 25 29 23 26 27 23 27 23 23 25 32 39 38 30 18 9 14 8 2 8 13 11 15 16 20 28 33 39 40 32 26 30 22 24 26 24 23 19 22 30 32 28 25 27 30 25 24 21 22 37 37 
175 183 193 203 167 129 96 45 21 28 25 32 24 25 27 24 22 19 21 25 27 26 23 28 36 36 29 23 16 14 5 6 13 19 15 13 10 15 20 27 38 45 37 33 33 24 18 21 10 22 20 27 31 26 15 15 20 20 14 17 16 15 26 22 
174 173 180 177 127 94 66 20 13 19 16 26 22 26 26 28 28 20 21 21 15 12 10 11 21 25 22 19 25 24 31 30 28 21 15 12 9 12 15 23 42 49 45 42 41 34 22 21 11 26 18 17 18 19 21 22 16 8 14 18 16 12 21 30 
158 154 156 145 97 74 51 31 30 26 20 26 27 24 17 23 24 20 26 28 29 26 21 13 10 13 16 21 39 27 23 23 31 25 19 15 14 19 22 23 31 33 33 27 29 25 12 17 13 31 17 16 22 24 27 24 14 9 8 4 12 13 24 36 
142 136 133 114 63 41 23 18 23 16 10 15 12 16 15 19 18 13 22 26 24 24 18 14 16 13 8 22 46 25 14 15 31 31 24 21 20 18 12 5 20 27 31 22 26 14 5 19 10 33 15 7 16 18 19 18 22 16 9 3 13 13 22 34 
97 90 84 66 26 15 12 12 17 20 18 15 11 21 24 23 17 10 13 18 15 15 16 19 29 27 18 27 46 27 17 19 34 35 20 10 9 7 7 11 18 19 18 15 21 18 21 17 10 27 20 10 11 15 18 23 30 18 5 6 12 13 21 27 
52 53 50 43 24 17 16 16 24 30 28 28 28 23 24 20 10 12 13 15 21 16 20 25 36 41 22 27 42 22 12 12 32 40 24 11 4 7 11 9 12 17 7 11 16 12 17 14 9 15 21 15 12 17 21 27 30 22 16 18 19 18 23 30 
44 47 41 39 39 33 34 35 32 35 31 26 26 26 29 20 15 15 16 17 22 6 4 14 21 45 29 33 36 18 16 9 30 41 29 15 7 11 15 16 18 28 25 19 24 29 31 28 26 18 18 7 7 19 23 23 22 16 13 19 21 21 22 28 
36 29 22 27 33 24 27 27 19 24 23 5 6 6 10 8 17 17 16 15 21 23 18 19 18 38 27 30 30 19 19 9 26 37 33 26 22 25 28 28 24 26 24 13 16 20 17 16 23 16 16 12 15 26 24 22 17 19 20 24 19 30 27 25 
14 13 17 23 27 27 13 17 15 20 25 6 12 15 14 14 19 17 14 11 20 29 22 15 9 25 18 23 25 25 27 22 20 23 29 22 26 29 21 15 9 17 19 5 15 18 14 14 18 15 13 10 18 21 14 4 8 27 24 26 18 28 12 25 
28 28 29 27 27 28 16 22 18 18 21 10 8 9 9 20 19 16 8 11 21 30 24 17 14 21 13 24 17 10 17 15 17 10 19 12 20 14 5 7 8 19 16 21 29 27 28 26 24 24 15 7 20 17 20 24 25 41 35 28 21 27 21 30 
32 34 30 24 24 27 17 22 26 25 21 10 15 20 22 27 21 16 10 20 27 31 25 22 22 20 15 24 10 16 27 30 24 18 12 11 16 13 11 3 12 21 21 24 29 26 22 18 17 18 6 21 30 20 18 13 24 44 33 27 20 18 9 21 
8 12 12 10 18 26 27 28 22 29 27 12 12 16 25 33 30 26 26 28 29 30 27 27 25 17 11 11 9 26 25 29 26 22 17 14 12 16 19 15 21 27 27 26 31 33 29 27 24 26 21 19 16 14 23 17 26 38 31 28 20 18 5 15 
26 12 5 10 18 18 32 36 29 32 19 6 15 12 19 30 29 29 31 22 12 13 18 19 21 17 17 21 25 38 34 25 19 17 17 15 12 18 28 31 30 32 33 30 32 38 35 29 22 29 22 11 12 17 23 9 18 32 39 43 38 38 35 21 
35 24 13 15 21 7 20 13 7 24 5 9 17 11 19 36 34 35 37 22 6 1 15 4 9 9 18 22 22 39 40 41 33 23 19 16 21 25 28 27 27 28 29 30 35 44 45 40 32 36 30 19 12 18 22 10 7 11 30 32 35 33 36 32 
42 32 13 14 23 6 22 17 12 24 5 12 16 5 8 37 39 39 38 22 15 3 18 9 14 11 17 19 11 27 38 47 39 27 16 16 23 19 18 17 22 24 20 22 29 43 51 52 45 45 39 25 24 25 22 17 15 9 30 16 31 25 28 33 
50 44 23 22 24 9 26 15 16 19 9 16 18 7 3 38 35 30 27 14 27 14 21 13 14 12 20 17 10 15 35 50 42 30 15 17 15 7 12 15 25 22 14 15 22 41 56 60 51 50 42 32 36 29 19 11 10 9 32 17 32 26 29 34 

28 30 29 30 33 35 37 30 24 22 12 29 8 10 13 29 32 14 19 24 18 14 5 18 19 17 30 31 31 32 26 28 24 28 20 4 19 28 39 34 29 27 25 11 45 111 152 178 216 222 167 113 86 47 34 41 36 25 18 21 16 13 29 33 
29 31 30 28 30 30 27 24 20 11 24 33 21 21 18 40 31 9 12 17 16 15 7 9 18 8 17 20 22 27 21 29 32 37 24 10 17 28 41 27 20 13 9 21 65 129 168 189 215 213 157 104 75 37 33 36 36 24 18 18 15 12 24 30 
34 31 23 14 11 15 15 20 12 19 25 20 10 9 15 39 27 8 6 10 13 12 9 2 13 5 8 10 19 24 10 16 26 41 29 24 30 36 35 14 4 8 23 51 103 170 206 214 223 207 145 93 66 36 38 36 35 27 21 17 15 12 20 18 
34 33 25 10 11 16 19 27 18 26 18 15 21 21 21 29 21 14 8 5 6 10 12 8 17 19 15 14 19 18 5 11 20 36 39 41 44 43 28 13 20 37 65 105 158 214 231 216 206 178 117 75 51 29 39 34 31 21 15 12 17 16 24 21 
29 29 22 9 16 11 13 26 21 37 26 9 7 12 15 27 23 19 17 9 8 22 25 23 26 26 10 5 16 15 16 23 25 25 27 28 28 22 15 23 42 68 111 155 194 225 224 192 171 142 88 48 26 24 36 30 27 18 12 8 16 16 23 33 
41 34 28 13 14 19 19 28 9 24 28 18 6 13 9 24 27 26 30 30 28 32 20 10 6 27 18 13 20 17 19 18 20 10 8 13 18 11 25 33 72 105 153 191 209 220 205 165 139 114 64 26 9 24 29 21 19 13 8 3 12 15 25 33 
36 28 25 20 9 15 19 31 19 18 30 39 36 37 32 19 19 14 12 15 9 15 10 14 15 26 18 19 26 26 31 34 26 9 13 15 20 23 41 58 118 155 195 219 207 189 155 105 80 73 39 29 29 30 28 21 20 15 13 12 11 8 15 21 
32 24 24 24 18 15 17 34 24 13 12 22 27 30 36 25 20 15 16 19 12 14 5 5 3 23 16 18 26 29 28 26 17 17 14 7 15 25 50 91 159 191 216 218 175 133 96 55 50 65 39 33 28 21 19 22 26 20 12 13 16 19 28 40 
33 30 34 33 26 20 16 35 32 23 23 27 40 48 46 29 19 11 16 10 20 17 4 3 4 28 22 11 15 19 23 23 19 9 15 21 31 49 76 131 193 213 214 190 134 94 66 38 31 48 17 9 6 7 14 25 29 21 18 21 17 21 30 39 
13 6 18 29 37 41 37 30 24 16 18 24 36 38 33 26 23 24 25 16 28 19 14 14 15 31 28 8 16 21 20 20 18 15 20 26 58 94 131 182 224 222 199 153 92 59 39 24 17 30 9 18 19 19 23 36 38 32 20 16 19 22 27 30 
19 23 22 16 16 18 28 23 16 11 18 22 36 39 39 36 31 32 28 25 36 21 10 21 24 36 38 25 31 38 28 15 16 24 39 58 111 157 190 223 231 205 165 108 54 28 16 13 8 18 9 24 23 24 27 30 27 27 16 10 14 13 23 21 
9 16 18 18 21 16 24 22 16 10 16 16 17 19 20 24 21 24 17 14 38 30 11 17 17 37 45 31 21 27 28 8 19 29 45 86 152 191 210 221 198 158 119 65 36 31 30 33 42 44 38 37 29 11 7 11 7 21 24 22 22 20 21 21 
19 16 15 13 17 12 22 29 27 28 18 3 7 13 12 28 32 29 15 11 38 36 14 5 21 35 38 31 28 36 36 8 24 50 73 126 191 212 210 200 158 117 81 33 22 25 27 32 40 38 41 45 41 27 14 9 12 19 17 18 10 9 17 21 
23 21 17 19 22 29 24 9 4 15 22 18 20 29 28 37 42 27 19 23 36 35 12 15 34 36 29 25 27 41 39 12 44 94 131 187 236 233 208 176 123 80 47 12 11 9 7 9 19 9 16 26 28 26 26 20 26 29 28 29 14 9 13 17 
25 28 25 23 24 33 39 25 16 11 9 13 17 14 11 26 37 23 31 22 20 33 18 29 40 26 14 14 21 42 44 39 82 142 179 222 244 213 169 124 71 38 20 10 14 10 18 24 29 25 22 26 24 21 21 24 31 32 28 20 12 7 8 10 
30 33 26 13 3 24 30 13 16 15 14 19 23 27 19 28 38 25 35 28 24 38 32 38 38 20 16 19 31 50 57 74 125 180 207 227 213 160 114 70 29 12 13 18 19 18 20 23 30 32 21 17 19 13 13 16 11 14 17 10 18 12 9 14 
41 42 30 15 7 27 34 21 22 21 21 26 17 15 12 34 41 26 34 27 14 20 18 24 21 17 23 30 44 65 84 123 174 208 220 216 173 116 83 46 13 1 9 11 15 11 11 18 27 36 36 28 18 4 15 16 14 13 14 15 23 17 12 15 
59 52 40 29 24 37 53 49 47 45 24 28 22 19 25 36 43 39 39 36 21 16 19 11 11 28 44 63 87 114 140 178 204 210 204 184 129 81 65 38 11 9 13 18 25 18 17 26 27 30 38 34 26 22 23 8 7 10 21 29 32 28 21 11 
39 32 27 24 11 11 25 17 19 34 25 27 28 26 29 29 32 37 31 37 31 20 16 12 28 48 70 99 131 158 178 198 196 177 158 131 75 40 44 34 17 15 21 11 23 17 20 35 31 25 27 27 15 17 34 16 13 25 36 42 39 35 27 16 
16 12 12 23 12 15 25 15 10 18 18 22 21 17 26 21 18 27 26 31 31 27 21 29 39 57 92 131 164 186 196 200 175 135 106 80 31 14 32 31 25 25 36 24 16 12 21 40 32 28 19 28 12 10 33 16 15 34 46 48 44 36 26 16 
14 16 16 23 13 14 21 13 16 17 17 18 15 12 22 16 12 26 35 42 41 35 25 40 55 83 134 175 204 215 206 185 139 89 64 48 13 7 20 18 12 8 32 26 12 10 15 41 30 30 12 25 14 15 39 27 30 42 50 48 39 29 21 18 
31 33 18 11 8 12 20 19 23 21 18 13 12 19 29 32 33 35 33 32 28 29 31 54 80 118 171 199 215 209 181 142 93 53 41 33 18 18 15 14 9 11 29 21 6 8 12 36 26 30 17 17 14 21 41 29 36 46 50 48 37 24 15 13 
40 41 33 19 18 26 33 38 42 34 18 5 14 16 18 17 14 16 17 12 15 21 37 74 113 153 196 211 209 179 135 93 50 22 26 28 22 20 18 17 17 20 35 38 35 31 21 28 15 26 23 13 16 27 42 35 39 46 48 43 32 22 15 12 
28 29 31 28 24 24 23 26 30 31 21 14 21 15 8 12 15 16 17 12 12 26 55 106 154 189 214 211 184 136 92 61 33 27 33 31 27 24 24 19 14 5 14 22 19 19 15 19 10 16 22 21 25 39 44 35 34 31 33 30 18 9 9 10 
21 23 18 15 10 15 18 23 17 19 11 5 25 21 16 27 31 24 17 16 21 54 98 152 196 213 208 182 138 90 59 33 9 19 23 24 29 26 22 21 23 27 29 29 25 19 17 16 13 13 22 26 22 35 25 20 27 30 39 35 23 16 12 9 
25 30 29 28 21 16 11 19 7 12 6 8 28 27 20 23 26 20 19 23 54 108 157 199 225 210 178 143 96 57 43 25 13 26 31 40 41 36 24 19 12 13 20 23 30 22 19 14 12 8 10 16 4 24 24 33 35 30 29 15 5 8 12 18 
16 22 15 12 6 10 13 20 7 13 4 6 27 32 25 27 28 22 19 48 106 166 206 231 231 190 146 106 59 29 33 22 15 26 24 30 32 35 26 18 7 19 25 25 30 23 19 16 15 10 10 11 7 11 10 17 26 23 16 17 23 30 40 44 
24 29 23 19 18 16 19 27 15 20 10 10 22 29 21 13 13 20 47 90 153 203 223 221 194 138 92 53 26 14 30 27 13 20 21 29 26 27 24 15 7 18 21 15 15 12 10 11 16 13 12 7 10 8 7 14 22 30 30 34 29 20 28 30 
34 39 35 29 25 17 14 25 9 16 18 14 17 22 16 10 24 51 95 144 200 226 217 187 138 76 33 8 21 14 22 27 17 21 24 28 23 25 32 24 10 11 9 23 19 5 11 18 21 16 14 14 15 20 33 35 28 30 32 54 44 22 26 27 
34 41 39 30 31 21 18 24 12 16 19 14 21 18 20 27 56 102 156 205 241 237 203 159 104 48 17 15 20 21 26 21 10 13 15 22 12 13 25 32 18 18 21 30 31 17 18 16 21 13 11 9 14 18 23 8 24 35 44 67 48 21 24 22 
33 41 44 29 29 19 22 28 23 25 27 15 16 15 32 58 105 163 209 239 247 215 162 114 68 29 20 23 17 14 17 9 9 12 19 25 27 34 25 25 9 6 17 25 27 4 3 11 21 10 9 12 17 18 20 22 33 32 39 59 44 29 30 29 
24 23 33 21 22 13 7 20 21 25 31 18 24 29 57 99 152 200 220 222 207 160 106 67 33 6 25 26 16 12 14 7 7 5 13 17 16 13 9 15 15 20 19 19 20 4 8 14 21 7 10 15 15 18 14 12 18 19 27 52 43 35 34 34 
27 23 16 3 11 12 4 7 17 26 29 34 49 71 108 152 198 222 212 193 169 122 78 50 23 21 33 33 25 25 25 19 21 23 22 20 9 16 22 26 30 30 24 19 10 7 14 18 15 8 16 21 16 12 13 13 16 11 13 42 38 35 35 34 
20 19 11 12 13 15 9 3 12 22 24 44 68 108 151 187 219 216 183 156 131 91 62 48 33 39 44 39 16 30 28 2 8 17 28 31 11 8 20 26 27 24 15 11 5 12 16 15 4 13 16 22 18 13 17 19 14 9 9 32 32 34 38 40 
42 30 25 32 35 33 23 16 10 10 24 56 94 142 178 199 208 180 133 103 84 54 33 20 12 24 28 40 19 24 23 13 19 10 25 30 16 10 14 19 20 19 17 7 17 15 14 8 9 14 13 24 20 15 9 14 18 25 25 30 22 14 18 26 
28 19 22 34 39 44 30 18 12 25 47 92 143 183 203 203 181 137 90 60 51 40 30 28 35 37 29 34 20 17 19 4 22 10 25 29 27 33 37 37 37 29 19 12 26 18 16 10 14 14 11 24 21 15 10 27 20 17 20 30 23 7 4 17 
23 18 23 31 38 43 28 13 26 52 81 137 186 211 217 194 148 104 69 43 32 28 24 26 31 21 9 22 17 15 18 9 20 4 26 29 30 10 11 17 19 17 14 6 30 24 18 13 16 9 12 15 19 22 30 40 24 18 17 31 29 8 5 17 
20 22 28 30 35 39 23 18 48 87 121 173 204 206 195 150 97 68 47 27 18 19 21 29 30 14 3 15 13 12 10 11 18 14 26 18 28 18 21 22 24 17 16 9 17 25 36 33 18 4 23 25 19 10 26 36 21 22 17 29 31 12 9 18 
18 22 31 31 32 37 35 52 94 141 172 205 210 185 156 102 48 33 26 8 4 14 25 36 32 24 19 10 6 6 12 9 9 9 19 11 21 12 13 10 21 13 3 14 15 9 10 20 15 15 27 9 14 14 31 38 23 24 24 30 29 12 14 17 
35 33 30 26 20 39 69 100 146 188 210 219 195 151 113 63 20 18 20 9 9 16 25 30 25 16 12 11 7 9 12 4 5 6 15 10 23 18 13 8 19 20 20 32 26 22 20 18 18 21 30 24 19 9 26 40 32 30 32 35 30 17 18 21 
33 39 27 20 25 62 117 153 183 207 213 195 151 101 63 27 8 14 15 5 7 16 15 19 16 9 13 4 2 15 8 6 8 10 19 16 27 16 19 18 31 48 46 53 47 31 26 23 18 18 22 13 6 6 16 33 30 24 29 30 28 23 21 23 
28 37 22 22 52 105 167 197 206 211 197 160 111 67 30 11 26 30 28 17 11 18 15 22 18 16 15 2 10 19 10 11 7 5 17 13 26 15 27 22 18 41 35 41 42 39 32 17 11 17 24 20 15 20 24 35 38 30 28 21 9 13 10 11 
18 24 26 50 103 160 206 219 207 189 159 115 71 39 18 20 25 28 29 26 17 20 20 26 22 20 24 15 18 17 9 12 6 5 21 15 26 14 31 29 27 45 27 18 19 33 38 24 9 14 23 23 21 13 9 12 20 19 21 22 21 23 21 19 
23 36 59 100 160 200 220 213 178 143 108 63 26 10 6 32 20 10 14 20 20 20 17 23 18 22 29 16 13 12 15 18 18 29 37 24 25 14 37 35 31 48 30 22 15 27 38 33 25 16 17 18 23 21 23 16 13 7 13 8 15 19 17 19 
50 70 95 138 186 206 207 184 132 91 60 18 11 14 6 27 19 15 10 6 10 14 12 21 18 19 27 23 22 16 19 18 15 21 19 15 25 24 41 35 36 52 37 34 28 29 42 36 36 33 24 18 20 25 29 24 17 13 16 12 21 23 28 37 
84 111 137 172 200 201 180 139 78 43 29 13 26 18 15 24 19 18 17 12 9 10 9 17 17 10 24 26 24 16 13 18 22 30 29 28 31 29 33 33 40 59 47 39 35 30 43 38 41 32 18 6 16 30 35 32 27 24 22 8 13 7 15 22 
120 146 168 196 208 187 147 100 45 22 18 13 22 19 27 18 14 14 15 16 10 13 12 15 15 7 21 26 27 28 19 19 21 24 24 22 20 24 25 30 34 46 44 31 30 20 31 30 37 27 19 7 14 29 34 28 29 27 27 15 11 7 20 26 
168 183 193 208 193 153 110 68 26 12 9 11 15 18 30 12 18 20 19 24 16 16 19 24 26 22 24 16 15 27 15 16 14 20 21 19 15 19 23 31 37 39 39 32 33 22 19 21 27 24 19 20 28 37 36 25 21 26 22 16 15 19 35 37 
189 191 191 189 147 107 76 40 27 23 21 27 20 19 28 10 6 18 19 26 27 25 23 24 28 24 26 18 11 23 17 18 13 19 21 19 14 12 17 31 41 47 44 41 38 27 19 26 24 28 23 26 27 22 14 10 15 17 16 20 20 18 27 22 
166 164 163 152 109 83 59 35 31 25 24 31 25 24 27 18 16 24 18 18 20 19 19 15 21 23 21 10 23 24 36 33 23 21 19 15 9 8 16 35 52 62 58 55 51 40 32 36 27 34 29 25 17 10 17 20 15 4 8 18 19 15 21 19 
134 132 131 117 81 65 46 37 36 26 20 24 18 11 17 18 19 24 20 16 22 21 20 14 17 22 21 17 39 18 22 20 18 20 18 17 17 22 24 31 43 53 52 48 47 39 30 33 26 39 30 28 26 22 30 27 18 12 12 13 17 14 18 11 
104 102 100 86 51 39 28 25 26 17 14 19 13 20 25 28 19 15 19 25 26 23 18 15 23 23 16 20 47 17 8 6 12 24 27 27 27 25 15 17 30 41 45 39 39 30 23 27 20 42 28 22 25 26 28 22 23 14 15 15 16 13 18 11 
57 57 59 51 28 24 20 19 14 13 21 19 9 17 24 30 23 20 26 29 30 22 17 24 36 39 30 26 44 19 11 10 15 32 25 21 22 17 7 13 18 26 34 36 39 35 30 19 17 40 32 24 22 20 17 14 31 20 14 12 13 15 19 12 
15 28 36 38 29 22 18 12 12 19 21 24 28 24 27 22 16 21 30 27 34 26 19 28 36 45 32 23 35 18 14 14 21 37 24 15 17 14 9 12 10 16 21 24 27 19 11 8 13 33 34 30 27 20 13 18 33 27 17 10 4 2 8 4 
22 30 29 34 37 28 28 28 26 33 29 24 29 29 33 24 21 15 20 13 24 24 18 26 12 38 33 29 28 15 15 15 25 38 27 13 17 17 15 18 18 25 26 18 24 25 27 31 25 25 25 23 18 5 8 16 27 21 13 15 17 15 12 16 
33 25 24 28 31 24 23 27 23 31 30 17 21 21 21 22 24 21 19 9 24 31 27 33 21 30 26 24 21 15 18 21 28 36 26 17 25 30 32 28 21 21 24 10 17 25 22 27 21 21 25 26 19 20 24 25 28 29 25 21 9 17 7 11 
12 11 24 25 24 32 11 14 17 22 27 12 18 22 20 24 23 25 23 10 13 18 21 25 24 28 25 25 26 28 28 29 28 28 28 19 28 28 18 9 5 17 21 12 24 31 25 24 18 24 24 19 21 21 17 7 18 33 23 30 20 27 19 23 
17 16 28 24 23 33 12 19 18 18 23 13 10 10 15 23 15 21 16 7 12 18 18 19 20 18 6 20 18 15 17 21 22 19 21 16 22 10 10 6 4 14 19 28 35 33 34 29 26 30 18 14 24 21 19 14 27 44 24 20 3 15 23 29 
34 32 30 23 24 33 18 23 28 26 22 8 10 14 19 17 7 15 6 8 16 21 21 23 24 20 20 26 12 12 27 33 30 27 15 8 12 5 11 6 4 12 15 17 20 12 14 13 18 26 16 23 24 20 17 16 38 49 24 20 3 8 18 23 
11 18 20 17 19 26 19 22 23 30 28 15 13 13 14 17 19 22 22 24 25 27 25 27 24 18 15 18 12 25 23 21 20 24 21 18 21 20 10 2 9 20 20 17 21 17 15 19 23 30 27 21 15 20 26 24 37 43 24 26 7 7 14 21 
18 12 14 17 22 23 33 38 36 34 20 8 15 15 14 16 14 24 29 27 22 19 23 23 22 19 21 28 27 37 34 26 16 10 12 15 21 22 22 25 26 32 30 23 21 23 20 25 25 32 29 15 9 16 22 22 35 46 47 46 31 24 16 5 
26 25 20 23 26 24 29 15 10 19 4 9 17 15 16 30 12 15 21 21 16 12 20 17 22 26 31 36 31 38 33 25 18 7 12 20 26 23 20 28 35 39 34 27 26 30 22 28 27 31 31 16 9 18 17 11 15 21 35 36 34 24 24 20 
39 34 24 24 27 23 31 22 15 22 8 12 14 11 10 39 24 12 14 22 23 17 16 7 10 5 12 22 14 14 17 21 24 18 14 24 23 19 22 36 45 45 35 25 24 30 22 31 30 33 36 23 21 24 18 15 11 5 25 12 30 13 21 29 
53 46 32 31 30 26 35 27 20 20 12 15 12 12 11 48 29 7 18 30 34 22 21 13 15 15 17 21 20 9 13 26 28 24 18 25 13 21 28 45 53 49 39 20 18 30 20 33 33 36 39 29 30 26 14 12 3 5 24 11 32 18 28 41 

15 15 21 27 17 18 22 37 46 47 46 44 27 23 25 45 38 16 9 13 25 26 24 35 46 46 37 28 12 13 21 29 17 12 25 23 34 33 10 26 29 27 23 43 96 156 200 213 213 181 115 65 38 7 25 23 25 29 41 49 49 36 39 41 
18 16 18 24 14 15 19 33 40 40 43 41 28 25 23 49 37 17 12 8 25 27 26 35 48 48 41 34 21 16 23 33 29 22 27 21 30 33 18 22 21 17 29 64 117 173 208 211 201 169 107 59 35 7 22 21 29 31 35 39 39 27 29 31 
12 7 13 19 11 15 19 30 29 33 31 22 13 11 19 42 36 26 23 21 25 24 27 33 43 43 39 35 23 17 12 21 29 34 31 25 27 33 25 20 20 31 57 102 157 208 230 218 196 159 100 57 36 22 29 26 29 28 24 23 25 16 18 18 
19 16 17 12 15 22 26 34 27 31 16 17 21 17 16 29 35 35 28 19 17 20 26 28 34 30 26 26 23 18 13 20 27 32 37 39 38 43 33 26 41 68 110 160 208 240 238 203 168 128 75 41 24 9 23 22 24 18 11 11 16 10 13 13 
7 8 14 7 16 11 17 33 34 47 33 18 13 12 8 24 30 33 30 18 16 21 31 32 34 31 18 19 26 30 35 38 39 29 27 28 27 32 17 23 66 106 155 198 223 227 204 158 123 91 46 17 12 21 29 23 21 16 10 12 13 6 18 38 
26 20 19 12 13 19 17 31 20 34 36 26 14 19 11 22 26 27 30 23 20 22 23 16 13 26 14 18 30 35 35 33 38 23 18 19 19 24 15 45 107 151 190 214 212 197 164 116 86 65 25 5 9 20 25 22 19 17 9 13 16 16 31 42 
10 13 19 19 9 15 23 36 20 20 30 39 33 33 25 12 15 12 17 12 2 11 19 22 25 28 13 16 28 29 35 40 36 16 15 19 24 36 46 86 160 195 215 217 186 150 108 62 44 45 21 26 21 22 23 20 15 14 20 26 24 20 26 26 
12 12 20 20 19 16 20 34 19 12 9 21 21 27 30 11 15 14 23 19 10 13 12 4 12 27 22 28 34 34 32 31 24 12 17 18 31 54 80 133 201 219 218 197 139 93 58 33 41 54 34 31 25 22 18 17 6 17 30 30 26 15 21 31 
18 19 25 21 16 11 14 29 19 20 23 35 42 48 39 21 14 10 21 11 19 16 6 7 15 33 25 21 25 19 15 15 16 7 18 28 55 89 123 174 223 222 201 158 95 60 33 17 17 37 9 8 13 17 15 12 3 19 31 28 20 11 15 33 
12 12 22 23 31 31 26 21 16 22 21 26 28 27 16 27 24 22 24 13 26 18 16 13 14 29 24 14 24 26 21 17 12 9 23 47 94 137 172 211 231 208 170 113 60 35 19 15 9 26 12 17 22 25 23 24 20 24 31 27 24 13 5 24 
28 26 25 20 30 16 13 11 20 21 10 9 30 38 35 34 30 30 27 20 31 18 7 14 17 30 31 24 37 46 35 14 11 30 56 97 157 197 219 232 214 170 126 69 33 16 9 17 6 17 10 19 28 36 36 33 24 30 34 34 34 20 11 11 
25 27 24 25 33 3 15 16 16 18 14 16 21 25 17 19 23 26 20 12 34 31 14 18 21 39 43 17 15 32 37 19 28 48 78 136 198 222 225 210 165 117 82 36 27 22 23 31 37 39 35 31 26 20 25 25 21 27 33 31 33 27 15 11 
37 33 28 26 33 16 13 24 25 30 20 16 17 26 18 21 29 29 21 12 33 39 11 2 11 35 44 20 8 21 36 24 46 80 114 173 222 225 208 173 120 80 49 17 17 22 22 28 37 36 38 34 32 18 15 20 15 7 18 26 24 19 14 16 
47 41 33 28 32 35 17 12 6 15 23 24 31 39 36 28 35 29 19 16 29 38 12 8 22 34 36 21 8 23 41 47 90 138 174 220 242 219 182 132 80 48 21 16 10 13 14 20 29 31 33 30 28 16 15 21 26 27 29 28 20 17 17 20 
53 46 34 24 24 34 27 17 16 11 14 21 27 24 26 12 31 25 24 13 15 34 17 18 30 26 29 31 38 57 78 99 147 193 219 237 227 181 132 80 36 21 11 23 17 14 23 30 35 36 34 29 23 12 11 25 33 32 26 16 17 12 16 14 
50 42 27 15 17 33 27 18 22 17 19 28 38 38 28 13 33 26 30 17 16 35 32 35 34 18 23 40 62 89 116 146 191 223 230 218 180 126 81 36 9 14 18 27 21 19 24 25 28 34 27 17 16 12 16 22 16 16 13 5 20 10 18 11 
41 35 21 11 16 36 30 19 22 21 31 35 36 32 16 24 37 24 30 20 12 17 21 25 18 21 35 56 84 119 152 187 222 232 220 189 136 85 53 22 12 7 12 16 16 12 14 15 17 30 33 24 12 6 21 22 15 11 9 9 22 9 17 14 
45 35 25 25 25 42 52 48 45 41 27 25 12 14 15 31 43 40 40 32 23 13 15 12 11 39 65 94 135 174 200 223 229 211 186 149 93 52 37 16 15 12 15 24 29 20 18 24 18 23 34 32 25 23 26 14 6 13 22 24 26 13 13 8 
19 15 24 33 28 32 37 29 28 36 23 21 11 9 16 25 28 32 32 35 30 24 17 14 32 66 98 134 177 207 218 218 194 158 131 99 51 28 32 25 23 16 18 9 22 15 18 33 23 18 14 22 17 23 35 25 27 34 37 31 25 16 15 7 
14 14 24 34 25 20 24 15 19 27 21 15 6 9 23 27 22 27 33 34 31 32 23 34 52 84 126 165 196 211 206 188 149 108 83 60 26 19 28 27 30 28 35 22 13 6 20 39 28 29 4 23 14 10 24 12 22 30 38 36 33 30 25 16 
18 22 27 30 20 11 16 9 12 17 9 8 13 14 23 21 20 33 44 48 48 48 43 58 81 117 169 201 219 216 192 155 106 65 47 36 12 7 19 20 21 12 30 20 6 8 13 38 27 33 12 20 15 7 26 17 26 32 40 39 32 29 25 18 
35 37 29 23 18 11 12 7 7 13 13 13 11 18 26 26 31 32 33 35 34 40 52 81 112 151 198 213 214 193 157 114 67 36 21 19 8 12 17 21 18 18 32 20 7 7 10 33 23 33 22 12 13 12 28 16 27 34 42 41 34 26 21 16 
34 36 33 22 19 23 27 29 31 23 13 13 12 15 17 15 16 14 19 21 30 39 63 107 145 175 205 206 185 144 105 70 38 19 6 15 21 26 26 25 22 24 37 35 28 23 12 24 18 31 31 15 8 16 30 23 32 42 49 47 40 31 26 23 
20 26 31 26 22 24 24 24 25 22 15 15 20 18 15 18 19 17 19 18 33 62 97 148 184 197 203 187 147 100 72 47 35 25 21 27 30 32 30 23 15 12 18 19 3 10 8 17 18 24 33 32 21 33 41 34 38 38 38 31 23 18 20 20 
8 17 17 14 4 6 11 15 13 20 19 19 31 28 22 27 27 22 21 30 59 108 153 192 215 204 180 148 102 64 51 30 26 17 10 25 30 29 25 26 30 35 32 24 13 5 10 9 17 20 26 36 25 36 29 16 20 22 33 24 19 9 9 11 
33 40 37 32 25 17 8 16 11 21 19 20 37 32 19 16 12 16 18 46 97 163 200 218 219 177 128 97 57 33 37 24 28 25 24 36 35 30 22 23 21 16 8 4 14 11 11 10 13 15 17 24 13 21 19 25 23 19 22 4 19 15 19 27 
32 37 33 27 18 15 15 21 7 20 13 17 37 38 28 24 23 16 38 86 150 212 226 219 195 137 88 60 22 11 30 19 27 23 10 23 14 33 29 16 11 9 9 17 20 13 10 13 12 14 15 16 15 10 10 17 16 16 9 17 28 32 43 49 
25 27 20 17 14 14 21 30 12 23 9 15 31 35 29 22 19 37 87 138 194 232 219 183 143 86 49 27 8 9 30 27 22 19 16 31 32 43 35 12 8 9 13 20 16 12 11 17 15 14 15 13 18 13 9 19 15 25 27 33 33 24 33 36 
33 34 27 20 19 10 19 33 17 23 19 18 23 21 18 29 52 89 144 188 225 232 190 133 83 27 10 26 26 16 27 31 24 21 18 25 28 41 36 15 6 10 16 31 17 15 16 23 27 19 20 18 16 16 30 37 27 22 21 46 42 23 30 27 
28 30 21 17 24 18 26 31 21 20 18 23 33 30 36 60 97 147 195 224 236 210 149 90 46 15 27 34 26 13 21 15 6 10 11 22 29 42 39 28 15 20 29 38 24 16 13 17 28 22 21 19 20 25 28 18 11 15 24 56 40 17 30 23 
21 30 27 15 22 14 28 33 29 21 19 16 29 35 59 101 150 201 228 229 212 160 94 47 27 30 37 37 29 22 21 14 10 10 16 20 31 37 27 16 5 13 19 27 17 5 3 19 30 21 17 9 9 16 17 20 24 22 26 48 36 30 39 37 
9 19 33 35 39 28 24 25 27 12 23 23 41 56 96 145 191 219 210 182 150 96 44 16 21 29 34 29 21 16 15 13 11 11 16 17 25 18 16 11 17 21 18 16 10 9 11 19 24 15 11 8 7 11 12 15 15 12 15 38 34 38 44 43 
23 19 18 26 27 26 26 22 23 12 30 57 85 112 156 192 216 214 177 138 109 65 36 26 25 32 34 25 19 24 25 22 23 25 25 18 19 24 27 20 20 19 20 18 5 10 13 18 11 14 17 23 20 11 12 20 25 23 17 27 25 37 43 44 
31 27 25 30 30 29 25 25 17 14 39 80 113 150 188 203 209 187 138 103 84 51 34 35 37 47 48 36 20 34 30 12 15 18 25 28 20 19 23 17 14 16 12 13 15 13 13 15 7 21 18 25 24 20 19 24 26 22 19 17 13 32 39 45 
48 40 38 46 48 45 34 34 24 21 53 103 141 175 195 189 174 138 89 61 54 30 7 14 26 39 37 30 10 27 25 13 14 5 17 24 21 15 13 12 2 9 12 11 21 11 9 10 11 23 16 29 26 21 13 12 29 32 28 21 6 21 24 33 
37 32 37 46 46 50 37 33 34 54 89 145 186 202 200 174 137 96 62 41 41 30 17 20 37 48 40 30 10 24 24 18 20 5 17 23 30 31 31 31 28 24 18 17 28 15 12 9 12 22 14 29 29 24 16 25 30 29 24 21 10 17 22 30 
29 27 33 38 40 48 37 40 60 93 129 183 212 211 194 153 106 75 55 40 34 22 8 15 34 37 27 23 13 21 21 20 18 8 21 22 31 26 21 19 10 5 8 11 29 21 15 11 13 17 15 25 27 24 23 33 31 30 24 26 24 18 26 33 
18 18 25 30 32 41 43 57 92 136 164 196 204 181 149 103 64 48 40 31 26 16 5 20 34 31 28 23 11 15 13 18 16 22 26 14 21 17 16 19 20 17 18 15 17 19 29 27 18 13 24 37 30 15 21 34 32 36 32 36 38 24 26 32 
12 9 13 15 14 45 78 105 147 189 201 207 190 147 106 63 25 20 22 14 14 15 22 34 39 33 29 25 16 10 7 11 9 15 14 7 17 13 7 10 13 10 4 8 15 17 23 32 30 24 18 12 18 15 30 34 6 11 13 30 36 20 24 29 
17 21 8 17 30 77 131 160 192 216 213 196 159 110 71 36 7 9 16 10 12 17 21 27 27 15 14 19 15 15 11 8 11 14 15 10 21 20 6 8 9 18 19 24 29 33 38 40 36 29 21 21 20 12 32 41 21 20 21 34 40 23 24 29 
28 31 19 42 73 125 186 206 211 211 189 147 102 60 29 14 10 9 14 10 10 17 12 17 18 9 12 14 15 23 11 6 13 17 18 15 25 22 7 14 24 39 41 40 36 29 33 39 35 28 17 6 13 15 27 40 25 18 19 29 35 20 19 20 
33 39 42 73 115 170 224 230 212 193 157 106 64 33 7 16 27 30 28 21 8 15 13 21 21 16 17 16 19 21 2 6 14 18 21 17 30 25 20 20 17 35 35 28 29 28 26 32 31 28 24 17 20 23 31 44 40 32 30 29 24 10 6 5 
8 26 53 99 157 202 232 222 186 153 115 69 37 22 18 29 27 29 30 30 18 16 19 27 22 17 23 25 27 19 7 7 8 15 23 17 30 22 24 27 25 41 28 8 14 27 25 24 19 28 29 21 17 10 20 35 37 31 32 33 28 26 25 25 
31 58 90 140 195 214 216 192 141 99 66 23 7 11 18 39 21 12 18 27 26 21 19 23 16 17 26 23 21 9 13 13 16 32 39 27 30 18 28 29 28 44 28 21 20 29 34 26 9 19 24 21 24 10 12 21 27 25 27 25 13 7 9 15 
89 115 138 178 213 205 185 153 98 57 34 9 14 11 7 34 30 23 14 12 15 16 13 20 16 12 25 27 23 10 20 15 15 27 19 6 23 19 30 26 27 45 35 34 33 38 45 33 23 27 27 26 24 15 19 13 14 17 23 20 16 23 30 35 
122 150 170 201 213 183 144 108 52 19 18 7 18 15 18 27 22 20 19 11 12 17 16 18 22 3 26 34 25 8 15 16 23 32 23 22 29 28 23 12 19 43 36 30 30 34 46 33 34 35 27 21 20 24 31 23 17 16 19 14 10 6 8 10 
148 168 177 197 190 145 100 69 23 7 18 7 21 21 27 18 16 13 20 14 10 13 14 16 22 4 26 36 28 20 11 17 24 30 21 16 12 18 12 9 12 31 34 23 24 22 39 36 38 28 20 18 25 35 42 35 25 20 18 11 6 9 19 24 
177 183 177 180 153 105 70 48 19 9 12 4 16 16 28 13 24 24 30 26 13 5 10 15 24 19 29 32 31 33 21 26 27 25 14 11 6 18 19 20 18 19 35 31 33 22 19 19 26 15 8 23 39 53 54 45 34 28 19 15 11 20 31 33 
163 159 149 143 101 62 40 20 13 8 6 11 12 12 26 15 25 30 35 34 28 22 20 18 24 18 29 21 23 36 27 32 29 20 14 14 15 18 21 30 25 20 27 28 30 24 13 18 20 17 12 27 41 46 42 34 29 27 24 24 17 19 21 16 
118 116 109 99 61 39 25 14 23 19 18 22 18 15 26 28 31 36 38 31 27 23 22 16 21 19 26 6 23 34 37 36 27 19 16 10 13 15 20 37 41 44 41 37 31 24 19 27 27 25 18 13 23 31 32 28 24 22 23 27 21 16 18 13 
72 76 73 64 34 26 17 18 29 28 23 25 17 9 22 29 32 37 37 16 11 15 22 15 15 22 25 9 32 30 33 28 16 12 15 10 12 22 14 30 37 40 34 29 29 23 20 29 33 34 20 9 17 27 32 29 26 29 32 29 25 17 20 12 
37 47 48 46 26 12 9 10 18 23 23 26 22 17 23 31 27 31 29 8 13 13 15 11 11 17 16 17 38 24 24 20 8 16 24 20 21 28 10 25 33 35 30 24 28 19 20 30 39 43 23 10 11 19 21 15 18 25 31 30 24 14 21 14 
31 34 37 38 24 7 9 9 11 20 26 27 25 15 15 27 26 30 30 18 29 24 20 24 27 34 32 25 33 15 17 15 6 28 28 24 25 27 12 18 24 27 34 36 39 37 36 35 45 51 32 22 19 18 17 10 21 23 32 31 25 19 23 16 
34 36 35 34 29 15 17 8 9 21 20 23 30 17 17 16 17 33 42 30 36 32 26 33 22 28 27 17 22 12 15 17 11 29 23 18 25 27 15 9 11 14 21 26 30 28 27 33 41 50 39 35 36 29 21 16 27 28 32 29 22 16 19 15 
34 38 32 33 37 20 24 21 18 27 14 7 20 14 25 18 7 18 30 22 25 24 23 36 12 22 26 26 23 14 17 19 16 28 26 25 33 32 22 15 16 21 18 8 17 19 24 34 32 38 33 37 36 19 18 16 22 20 22 24 22 17 17 18 
45 33 34 31 33 26 16 25 22 31 22 8 17 17 16 15 6 14 20 11 11 15 21 36 21 20 19 19 12 10 17 20 19 24 25 27 37 38 34 24 16 24 23 9 14 23 22 33 26 29 28 39 32 27 33 37 39 35 33 26 13 16 10 21 
25 20 37 28 23 35 10 21 22 24 21 9 17 20 13 20 11 13 18 16 12 11 14 28 35 42 41 37 32 28 21 17 13 11 21 22 31 27 21 8 9 25 25 19 27 35 31 31 19 21 23 33 30 26 26 25 32 30 28 37 25 24 10 16 
17 17 37 20 18 35 11 27 24 23 21 10 10 8 8 16 9 14 17 25 29 28 17 10 19 20 13 19 9 10 10 7 7 3 14 18 23 13 20 8 8 21 27 33 36 33 31 26 18 22 18 29 27 25 27 27 35 33 5 23 8 10 14 21 
36 33 34 18 21 37 22 35 38 33 24 5 3 9 13 10 8 13 18 25 29 29 24 15 4 11 20 27 10 15 23 27 25 24 15 8 14 12 15 7 13 15 21 21 20 9 9 8 10 22 21 27 22 26 31 34 42 41 17 25 4 5 16 19 
20 27 28 21 24 31 19 29 31 30 23 7 8 14 16 15 15 16 20 25 27 27 26 23 7 9 15 22 9 22 15 9 8 15 19 20 26 27 12 3 13 9 15 10 14 10 2 5 12 23 27 24 15 25 33 26 30 33 12 29 6 9 18 21 
9 16 15 14 17 15 22 32 32 29 15 3 10 13 16 15 15 23 27 25 24 23 27 24 16 15 18 27 22 33 31 29 22 12 12 10 12 21 18 16 19 9 8 7 9 15 4 11 15 26 29 18 4 15 26 26 37 49 44 42 24 16 11 11 
13 14 8 11 16 8 13 10 14 16 4 13 12 10 16 26 15 17 18 16 14 17 27 26 30 36 37 40 34 36 30 21 21 17 12 13 13 19 21 25 29 20 18 14 15 22 11 12 18 25 26 13 7 18 16 1 12 25 36 41 35 24 16 12 
25 18 7 7 13 2 12 16 22 25 14 17 13 6 11 38 24 8 2 13 18 23 21 15 10 5 7 23 25 18 22 19 26 28 12 16 19 32 34 39 39 28 31 23 17 25 13 13 19 24 24 11 16 28 19 13 8 8 22 19 30 15 11 17 
39 24 9 11 12 4 19 27 35 33 18 18 12 10 8 46 25 6 5 18 23 26 29 23 17 17 15 23 27 4 11 17 29 37 15 16 23 46 45 48 44 33 42 24 9 26 9 15 20 25 24 9 23 34 20 20 15 10 16 14 33 21 23 27 

21 9 16 31 24 28 34 36 38 32 23 20 16 21 29 54 57 30 19 18 38 43 40 43 45 39 25 23 29 20 21 21 6 16 24 21 26 19 19 23 24 15 34 108 171 216 240 213 163 115 54 7 19 27 33 22 13 29 41 40 46 37 39 44 
27 17 18 31 19 22 26 29 32 20 11 12 12 16 19 49 48 24 16 11 35 38 37 41 42 38 24 21 28 25 30 33 22 11 24 21 25 24 8 19 26 34 69 129 186 221 232 200 149 104 48 2 20 24 27 18 17 25 30 33 38 29 29 31 
22 15 19 27 12 15 16 22 17 15 7 13 12 12 18 38 41 29 21 18 30 33 39 42 41 36 22 14 17 20 24 28 26 22 25 24 18 22 14 20 40 66 110 166 212 234 231 189 137 97 51 28 32 31 31 18 6 15 21 25 30 24 24 25 
27 19 18 17 20 28 28 32 25 29 22 30 32 26 15 22 34 33 23 6 14 28 39 37 36 30 17 6 10 16 21 28 29 27 33 39 32 35 35 40 73 113 162 208 238 239 213 157 105 72 31 21 28 27 27 19 11 9 13 18 21 21 23 22 
22 20 21 18 19 17 24 39 41 51 38 28 23 23 11 6 15 19 25 6 7 19 35 29 28 27 13 7 17 27 35 39 40 27 26 32 29 35 39 55 108 155 192 217 219 195 156 100 59 41 12 24 28 26 24 14 14 17 20 20 15 11 15 29 
26 21 22 20 21 23 20 34 26 35 35 26 20 28 20 10 3 11 28 15 11 14 29 19 18 27 10 13 26 30 24 24 36 22 16 23 22 34 47 81 148 192 209 208 183 147 108 62 36 29 11 24 20 14 12 6 13 28 20 15 10 10 30 38 
13 15 18 18 15 15 24 35 14 10 21 32 30 36 29 16 9 10 26 13 6 12 29 31 37 34 18 20 30 22 13 24 31 12 13 21 29 57 81 125 194 220 211 188 145 103 66 30 25 29 16 21 11 7 12 10 17 35 21 21 17 19 36 31 
12 12 16 14 15 12 19 30 22 17 10 20 16 31 30 20 20 18 28 15 8 9 15 9 21 25 25 35 43 40 28 24 24 3 22 27 50 92 125 171 225 226 196 154 98 61 33 25 37 43 27 21 18 15 13 7 21 34 29 28 23 21 33 30 
19 19 20 11 11 7 14 23 16 15 20 33 36 48 39 31 16 8 21 4 15 14 15 14 21 27 12 23 31 31 22 9 15 10 30 36 74 124 159 198 232 215 171 115 64 41 21 16 22 32 12 9 17 15 9 10 22 29 28 24 23 20 25 31 
27 27 24 15 26 26 23 16 6 14 17 24 24 33 21 34 17 10 22 13 22 9 16 17 19 27 16 10 24 33 31 21 11 18 44 69 117 164 190 211 216 183 134 74 38 23 15 14 12 24 13 15 20 17 9 19 23 19 14 9 21 14 15 31 
39 34 24 15 29 18 8 5 14 16 11 20 39 46 34 30 15 23 31 24 27 9 10 15 20 29 28 26 38 47 39 20 26 54 90 134 184 211 218 209 176 130 89 40 24 10 11 20 9 16 9 15 23 28 24 30 30 21 14 12 25 18 13 21 
44 38 25 21 34 14 18 18 17 23 23 28 30 37 22 10 17 33 36 26 29 23 17 22 28 41 43 19 20 34 40 35 54 84 125 176 216 218 202 166 114 74 49 19 22 10 16 28 30 28 22 16 10 11 19 27 27 18 19 14 21 23 17 21 
33 30 24 21 39 26 16 26 28 34 29 28 23 37 27 16 27 38 41 33 31 34 10 9 14 38 52 28 17 24 42 52 85 123 160 203 221 198 164 113 63 39 24 20 18 19 23 31 36 31 27 19 22 10 6 18 20 22 35 31 19 10 5 16 
32 23 19 18 38 42 20 18 17 20 28 33 32 45 40 24 32 38 35 28 26 37 13 8 12 28 42 26 18 33 60 92 139 179 207 229 217 173 125 68 26 19 16 28 22 22 26 30 34 33 31 23 24 7 16 30 39 45 46 31 18 9 9 19 
21 13 9 13 32 39 20 15 23 19 23 28 23 32 36 15 27 27 29 24 16 36 20 17 24 23 31 34 52 77 110 150 192 218 230 222 184 130 80 28 10 24 26 32 22 18 23 24 23 20 20 12 16 9 25 36 39 39 33 18 16 6 7 12 
15 10 8 14 29 37 21 19 25 20 23 32 37 38 37 8 29 28 35 26 20 35 30 34 33 23 26 49 82 114 150 185 214 222 214 179 130 81 39 6 19 28 31 31 19 11 19 12 15 16 12 3 16 18 28 30 22 19 15 12 19 5 13 7 
11 8 10 15 23 34 21 12 21 24 35 45 51 48 34 9 27 18 37 29 27 30 30 32 25 34 46 72 108 143 175 203 218 208 183 139 91 51 22 15 24 23 23 20 11 0 12 8 11 18 21 19 12 14 26 23 16 12 11 12 19 4 12 5 
23 17 19 22 17 34 41 38 39 37 31 34 38 42 33 24 31 27 37 31 28 24 25 23 19 53 77 111 159 192 208 216 203 167 136 96 53 29 14 7 24 21 24 30 27 17 17 20 18 26 28 32 24 21 26 15 14 20 26 24 24 15 18 15 
18 18 25 27 15 24 31 24 28 32 23 28 29 32 25 21 16 9 18 22 22 22 18 14 35 83 120 159 200 213 206 187 147 105 86 60 34 28 22 20 25 17 21 15 23 13 16 27 20 32 24 31 26 24 35 31 40 45 39 29 22 18 22 20 
12 14 24 28 16 16 23 17 21 26 24 22 16 16 18 21 12 3 14 17 15 24 23 42 74 118 158 188 204 192 168 134 89 59 52 40 29 30 23 23 28 25 32 19 22 16 20 32 22 37 26 32 24 18 23 21 31 22 10 5 10 13 14 8 
23 24 30 30 23 17 19 18 22 21 17 12 9 5 16 16 13 26 30 33 38 45 52 81 115 153 192 208 203 173 134 90 46 19 26 29 23 27 21 15 17 13 30 16 23 24 18 30 22 41 36 33 25 16 20 11 24 13 9 9 9 16 19 15 
31 29 24 24 25 21 22 21 20 13 12 23 29 30 31 25 25 19 7 13 19 32 62 110 147 176 203 203 181 138 100 62 30 15 13 24 19 19 18 15 8 13 30 21 27 27 18 23 19 39 38 34 29 23 22 5 21 17 19 10 13 8 2 4 
25 23 14 12 17 18 21 27 29 18 12 24 33 30 29 22 12 2 12 18 32 53 87 141 174 183 193 178 134 82 48 31 33 29 20 21 17 11 11 19 12 14 30 27 25 22 11 15 19 37 39 31 26 22 22 6 12 26 35 28 29 22 15 11 
30 27 26 12 14 19 19 19 19 15 15 25 34 28 22 20 17 16 20 33 63 105 143 186 203 189 177 147 90 46 25 20 42 37 31 26 14 5 4 19 19 20 21 18 9 12 5 7 15 26 35 38 27 26 31 24 25 31 31 20 23 16 20 17 
31 26 24 13 3 5 6 12 16 22 19 24 31 22 13 15 19 20 30 60 104 161 194 214 213 179 142 104 54 22 25 6 34 31 26 30 20 13 16 32 38 42 35 25 14 6 9 7 7 12 18 35 34 35 33 26 20 20 29 18 23 8 7 12 
54 53 45 33 24 17 8 12 14 25 19 18 30 21 11 16 16 22 48 93 147 205 217 210 190 134 83 57 28 18 30 17 33 34 27 35 26 29 26 28 30 24 15 9 13 15 10 13 7 5 9 16 21 17 19 20 10 9 21 16 33 28 33 41 
48 47 42 35 26 17 17 22 15 28 17 19 35 31 23 17 20 46 95 147 197 236 219 186 148 90 49 28 14 9 28 18 30 33 20 30 15 41 30 18 24 18 19 20 22 19 12 18 12 6 9 11 23 11 17 21 16 17 11 17 36 37 50 58 
30 25 14 11 14 12 20 28 11 28 13 16 31 29 25 30 53 95 153 194 224 234 192 139 97 54 33 17 9 3 29 27 25 33 29 43 42 51 34 12 16 16 24 28 26 21 14 24 23 15 19 22 30 21 17 24 19 27 29 30 37 27 32 30 
30 27 14 14 18 13 22 26 12 27 19 16 26 20 28 64 103 149 198 220 226 207 143 81 42 10 21 26 26 22 33 39 30 28 18 15 16 32 16 4 9 18 25 29 16 14 10 28 35 24 26 27 24 18 28 37 29 25 26 42 39 26 30 16 
18 16 6 15 23 22 26 20 16 23 14 20 39 41 63 110 151 191 222 222 203 157 84 31 7 19 29 25 18 14 19 24 23 25 22 22 18 27 16 15 16 20 26 28 14 15 15 29 39 29 30 29 26 29 33 23 11 10 20 48 32 23 38 31 
26 32 30 22 20 17 26 21 25 23 16 17 41 54 99 155 192 220 224 198 158 100 38 18 27 33 33 30 25 24 16 7 8 11 13 15 20 21 8 8 15 15 12 13 5 15 21 33 39 30 30 21 12 19 15 12 16 16 17 39 26 31 46 47 
27 36 43 42 36 23 12 14 30 22 20 33 64 92 148 195 214 214 183 136 94 45 13 22 34 38 34 28 24 24 12 7 7 12 17 21 25 18 16 11 17 18 12 3 11 21 27 31 31 29 33 24 14 12 9 20 18 21 17 27 15 27 41 46 
28 27 28 25 18 17 10 17 32 23 39 85 123 157 204 225 215 187 136 90 63 31 30 35 42 45 40 32 28 34 25 22 24 22 20 13 15 21 29 23 14 9 11 13 16 19 24 24 18 30 36 26 19 5 12 28 28 32 28 25 15 21 25 27 
40 37 32 22 12 15 10 27 30 25 56 113 151 185 216 209 179 140 90 55 46 29 35 45 54 58 52 43 37 46 40 33 29 21 16 15 9 15 24 25 18 21 18 19 25 17 19 20 16 28 19 3 16 16 24 30 18 15 16 14 15 19 11 17 
41 36 33 32 36 38 26 37 43 53 93 147 177 192 199 170 130 90 48 25 31 17 17 33 50 55 46 36 27 35 28 21 20 15 11 16 12 5 11 18 11 14 18 18 26 13 14 19 19 34 17 14 15 13 22 18 18 18 14 15 16 18 5 12 
29 24 29 35 33 42 28 48 75 106 146 195 213 202 181 137 90 57 33 19 26 19 20 30 48 51 38 26 18 28 23 16 15 10 10 16 19 15 19 25 24 25 22 22 30 15 11 15 18 34 18 15 21 21 28 26 25 21 21 21 8 12 17 16 
23 15 20 16 10 36 41 77 116 153 186 220 221 190 154 106 63 40 32 24 21 11 17 27 43 39 22 17 18 25 19 18 10 11 21 23 24 11 9 17 15 15 14 14 29 21 13 15 18 32 23 6 12 13 17 21 26 27 29 30 23 17 25 21 
17 5 12 15 28 56 81 117 158 194 204 210 191 141 98 61 33 23 24 16 9 15 21 29 39 26 13 6 17 23 12 16 11 26 28 22 24 16 15 14 4 6 15 13 19 17 22 26 24 35 39 40 31 14 12 25 33 36 36 35 34 26 26 25 
24 19 14 21 42 87 134 170 207 231 218 197 160 103 60 36 10 5 17 13 14 24 26 30 32 12 4 4 20 23 15 17 14 27 20 15 24 21 21 22 16 12 12 15 15 10 17 30 31 32 22 12 11 13 24 30 21 16 12 18 28 22 27 30 
14 25 21 42 74 132 189 213 228 229 199 161 117 71 39 21 7 5 13 12 10 18 12 20 22 9 12 13 21 28 18 16 19 25 24 17 24 24 17 18 12 18 21 28 28 27 27 28 30 33 25 22 11 7 28 34 16 12 5 19 37 30 31 33 
24 34 48 85 127 186 237 236 220 200 155 105 66 39 16 9 13 11 16 19 12 15 9 20 23 15 10 8 24 35 22 18 21 22 20 8 23 27 14 17 23 34 36 37 28 15 15 21 30 36 31 29 28 26 33 39 17 9 10 21 36 27 27 21 
46 58 81 121 166 213 247 227 191 160 117 73 43 28 18 18 24 26 23 24 12 10 13 26 26 16 10 8 27 33 19 19 23 26 28 19 32 33 20 20 21 33 33 25 21 12 14 27 36 38 31 30 28 22 32 37 19 18 22 28 31 23 24 21 
34 58 91 141 191 215 222 187 137 103 74 44 29 25 26 33 27 31 27 29 19 10 23 33 28 14 8 12 26 24 15 21 26 29 32 24 33 26 17 22 24 38 28 6 16 21 18 29 33 42 39 28 19 9 27 35 21 23 28 30 31 30 34 30 
70 102 132 175 213 203 179 140 84 50 34 13 14 21 26 41 11 14 17 31 32 25 31 33 25 13 15 18 27 18 15 18 24 39 43 32 35 22 21 22 27 40 27 25 26 30 32 27 18 31 38 28 25 15 24 33 24 27 33 34 29 23 21 14 
138 165 179 206 220 180 137 105 56 23 17 3 12 24 23 42 32 23 13 22 28 24 26 30 27 12 21 25 27 14 21 19 21 34 24 6 23 12 21 17 24 40 38 39 36 37 38 24 13 26 39 30 23 15 24 27 15 19 27 27 24 29 32 30 
165 187 190 207 199 141 93 70 27 3 13 3 15 30 24 35 24 15 12 14 24 18 21 25 30 13 27 34 24 7 15 14 25 32 14 13 27 27 20 8 13 33 33 30 27 25 29 10 12 26 40 31 17 13 25 27 8 6 15 18 15 14 7 5 
178 188 177 177 153 94 53 43 9 9 19 6 16 31 24 26 20 10 13 12 24 13 17 21 30 12 30 39 25 13 18 23 30 29 10 13 12 21 15 6 12 26 33 25 21 23 36 32 34 30 33 29 16 12 27 33 18 11 5 10 10 11 12 21 
182 181 156 145 111 64 40 36 16 12 14 7 12 23 23 18 24 15 19 14 20 10 7 12 25 15 33 41 27 18 16 28 36 27 6 13 12 23 24 21 21 24 38 31 28 19 14 18 25 15 15 27 25 32 41 43 34 27 18 11 8 22 25 30 
142 135 113 103 66 31 18 17 9 9 8 4 9 15 20 15 24 19 30 33 31 22 12 10 23 8 29 28 20 28 24 39 42 21 4 13 20 19 26 33 28 18 18 24 21 23 6 3 11 9 15 31 35 36 36 39 36 33 27 20 15 27 24 21 
87 85 70 63 32 16 10 6 11 3 8 6 11 15 22 26 23 22 38 42 40 33 21 12 22 15 30 18 9 25 26 37 32 10 9 13 20 13 24 40 40 36 32 33 22 23 15 10 12 14 14 18 24 25 30 35 36 34 32 27 20 25 24 16 
42 47 36 40 19 7 10 8 15 17 10 13 18 24 24 17 9 26 42 37 31 30 22 13 20 27 34 11 16 32 35 36 28 7 10 10 18 22 9 29 30 22 16 21 20 18 9 14 21 21 11 11 23 28 33 39 42 44 43 34 24 23 28 20 
33 39 27 39 33 12 14 9 6 11 17 18 24 26 12 13 15 37 44 34 26 26 18 12 16 24 26 15 29 40 42 37 28 7 16 11 9 27 14 29 28 22 20 18 20 7 6 18 27 29 15 15 17 22 25 27 35 42 42 36 25 19 31 16 
35 42 32 41 39 12 15 3 8 15 23 18 25 26 8 19 18 32 32 15 18 21 16 23 28 36 38 24 22 29 34 31 23 19 23 18 13 24 21 24 27 29 37 34 30 24 26 26 31 32 18 20 19 18 18 18 30 41 44 39 28 21 33 21 
30 42 33 38 43 20 25 15 21 27 25 17 28 24 9 11 16 36 40 21 16 18 21 32 23 24 28 9 11 23 31 31 23 16 15 12 18 24 28 17 16 22 25 27 28 25 33 33 31 34 19 25 32 24 21 23 34 43 46 41 30 23 35 28 
26 41 32 34 48 22 25 18 20 34 26 15 24 14 18 12 8 23 27 19 14 13 22 37 24 25 33 29 26 26 31 32 24 14 16 19 29 32 38 26 20 26 12 6 12 12 33 32 21 24 12 27 29 4 19 25 32 41 44 39 31 24 32 27 
42 34 33 26 40 33 11 15 13 31 22 9 18 20 20 17 1 18 18 15 6 7 25 38 26 23 24 13 7 16 23 26 21 9 10 17 33 35 43 28 15 29 14 9 11 17 31 30 17 15 6 28 25 22 31 39 43 51 54 41 27 25 27 32 
31 29 43 28 26 38 2 18 17 23 15 6 14 17 12 24 6 12 11 18 18 14 16 31 44 55 57 47 36 27 18 18 15 5 11 15 32 28 33 21 10 28 17 19 24 30 31 26 12 8 2 26 24 27 24 12 17 33 50 51 36 31 14 9 
20 24 40 15 13 34 13 30 19 14 10 7 8 8 8 20 10 10 7 21 24 22 14 14 26 29 25 21 2 6 12 14 12 12 9 12 24 21 31 21 11 26 26 30 30 27 22 17 9 9 11 24 24 28 29 17 12 23 36 41 28 24 15 12 
30 25 32 6 11 33 23 37 31 23 16 7 6 3 9 13 11 12 18 13 10 6 18 22 5 7 15 23 6 14 19 27 24 27 23 17 22 21 22 12 18 23 20 16 17 7 10 12 10 15 20 22 26 31 31 23 24 32 36 38 22 20 21 21 
20 22 23 12 21 35 31 38 33 22 15 6 7 9 15 15 14 12 18 9 5 9 21 32 13 13 13 23 8 18 11 4 4 15 22 23 30 33 15 8 17 15 18 6 10 9 7 10 6 17 26 23 24 31 31 16 20 25 20 35 19 20 27 23 
15 12 12 12 21 28 29 30 25 16 6 7 9 12 20 18 18 24 25 16 15 18 28 36 24 17 11 27 23 30 32 28 24 10 6 3 7 25 17 13 20 12 19 12 3 14 8 9 6 21 30 25 22 26 30 30 39 46 31 29 9 3 18 18 
26 7 4 10 18 27 22 20 23 14 15 16 11 14 28 30 20 22 20 14 13 18 29 37 42 45 40 36 32 29 25 14 20 20 4 4 9 25 23 22 28 19 24 21 9 17 11 8 8 22 31 26 19 18 15 7 18 32 28 34 31 22 18 4 
33 17 10 9 17 25 18 14 22 20 21 14 11 9 30 43 25 13 7 15 18 21 16 21 21 15 6 15 27 18 26 18 24 31 7 15 21 37 35 33 30 18 31 32 21 21 14 3 12 24 33 28 11 20 15 8 12 28 31 36 37 28 21 14 
33 18 15 14 19 20 10 7 26 29 28 20 13 3 29 49 25 14 11 21 17 18 13 16 18 18 12 17 33 15 23 22 30 40 9 22 35 53 44 36 27 15 38 33 17 24 21 16 20 30 37 31 13 24 13 14 11 27 33 39 43 34 27 26 

20 13 18 34 23 17 23 23 30 22 14 11 18 21 22 23 39 21 20 21 45 45 15 7 12 32 45 37 37 24 17 7 12 25 24 29 30 19 27 16 26 33 83 168 215 220 212 157 90 60 25 24 17 17 19 14 25 33 26 16 26 24 28 38 
25 21 23 36 19 15 21 28 36 22 12 15 19 21 19 27 35 17 16 12 40 38 13 9 15 33 41 38 41 31 28 21 12 17 25 30 32 27 20 29 50 73 123 188 225 220 200 143 79 50 22 19 16 18 18 19 24 20 14 18 26 24 26 32 
18 16 23 33 18 18 18 25 22 16 11 19 22 22 18 18 28 23 18 10 32 31 18 10 16 33 37 36 38 37 33 24 16 10 21 26 24 28 27 44 79 116 165 213 233 216 187 129 71 51 34 31 26 25 19 10 9 11 13 17 21 17 19 23 
24 20 23 25 29 36 37 38 28 28 21 28 32 30 21 3 19 30 26 6 20 28 26 11 20 28 29 29 35 41 41 35 27 20 27 37 35 43 57 78 125 168 203 231 233 200 159 97 49 41 24 27 21 16 12 9 14 21 23 24 21 17 17 16 
18 18 23 21 22 22 28 38 38 45 33 23 20 26 25 18 13 22 30 5 13 23 33 16 24 27 21 20 32 42 51 48 38 22 21 31 38 58 83 110 165 203 213 213 191 142 101 50 15 24 22 29 20 13 11 11 15 15 27 29 24 22 11 12 
24 20 22 21 22 18 15 25 18 30 25 14 9 23 25 13 11 16 27 6 12 19 37 21 24 29 16 13 31 38 41 37 36 19 14 20 34 67 100 134 193 220 205 180 140 94 63 29 11 21 18 23 17 8 5 6 17 29 17 9 8 18 27 33 
19 21 22 18 19 15 21 27 19 18 18 23 20 30 30 18 14 14 22 7 10 17 38 38 43 38 24 18 24 16 18 24 31 15 22 27 49 97 134 166 216 221 179 140 100 63 39 18 12 18 14 16 15 5 8 9 23 39 16 8 15 30 40 35 
18 16 12 8 10 6 18 20 20 20 11 14 5 24 30 19 20 15 18 13 19 22 30 31 38 39 41 40 38 33 21 19 23 6 38 50 87 143 174 197 226 205 147 101 63 40 21 19 27 29 21 12 12 5 12 19 31 35 16 15 28 34 39 32 
19 15 9 3 8 6 17 13 9 13 12 26 26 38 36 25 11 5 16 21 27 22 22 25 30 32 38 42 38 36 26 10 13 26 59 79 124 174 193 204 212 180 120 70 38 26 21 23 30 30 21 12 14 6 9 24 26 22 17 17 34 29 32 36 
26 19 9 5 18 21 24 14 5 5 11 18 12 30 30 32 13 7 15 22 25 16 18 21 23 22 24 31 29 33 33 17 15 48 86 119 164 198 201 192 177 138 80 37 19 13 22 21 26 27 18 15 16 11 9 30 24 10 12 13 30 20 21 35 
38 26 15 13 24 17 11 7 8 8 7 19 31 39 33 27 13 3 19 24 25 12 11 6 16 21 25 36 40 43 41 35 57 96 140 180 214 223 204 169 127 85 42 18 19 10 20 22 15 19 12 15 22 29 27 39 33 21 9 9 30 22 22 36 
45 33 24 21 32 24 24 23 20 22 18 17 18 32 25 15 19 20 29 28 22 12 14 20 28 35 33 17 21 39 55 69 97 136 178 216 231 210 172 117 66 41 24 27 22 8 14 20 15 14 10 6 9 17 23 32 28 21 9 2 22 26 25 33 
22 23 27 23 40 33 14 20 21 25 18 15 14 35 33 9 10 16 30 35 21 24 14 19 25 43 53 31 29 46 76 107 144 179 207 225 210 165 118 61 23 23 17 32 21 14 17 16 15 12 14 13 19 14 11 18 23 29 30 29 21 17 17 19 
26 20 23 19 41 41 17 16 13 7 17 22 24 42 42 21 23 29 30 31 19 30 8 13 8 26 47 38 52 77 114 159 198 220 228 220 179 121 73 22 11 24 24 31 16 13 19 17 18 18 19 15 17 12 28 34 44 45 34 23 18 20 24 30 
8 9 18 21 38 38 13 10 21 9 9 14 11 34 45 21 21 17 27 28 15 33 11 12 11 14 36 54 87 121 165 209 233 235 225 192 136 80 37 15 25 28 23 21 9 7 15 8 14 15 16 15 20 18 31 29 34 26 13 17 17 18 18 20 
6 6 15 20 34 33 9 10 21 15 12 17 16 27 47 22 28 26 34 24 16 29 16 22 21 26 45 82 124 160 198 226 231 215 188 138 82 35 6 26 27 24 15 8 10 7 18 3 13 4 4 15 17 16 27 17 15 7 10 21 17 13 17 14 
8 4 15 19 29 30 12 17 26 30 33 35 35 28 34 11 28 24 37 19 17 21 16 26 25 49 70 110 152 181 205 215 204 174 139 90 44 15 13 27 28 17 8 9 8 8 16 12 11 12 13 21 12 10 22 11 11 9 14 15 15 9 15 14 
14 13 18 21 22 29 27 22 22 27 28 22 23 27 26 11 20 20 34 20 18 11 17 21 28 73 105 148 189 205 207 196 162 117 87 48 12 8 7 17 25 15 19 21 14 8 8 11 11 19 22 30 21 12 19 7 13 24 30 25 22 16 18 15 
21 18 20 22 13 25 28 18 15 19 23 22 18 17 12 8 9 14 21 16 18 16 17 27 59 116 156 191 213 201 179 144 95 58 50 30 16 15 11 9 18 5 14 18 27 24 18 14 12 28 26 34 25 19 30 31 45 50 41 29 21 19 24 24 
22 14 18 20 7 11 22 15 15 21 31 34 25 16 9 12 10 17 17 15 13 23 37 72 114 162 194 207 196 156 119 75 37 26 32 28 21 17 19 21 26 17 22 29 40 37 24 17 15 33 30 34 25 19 18 23 37 24 7 9 15 21 23 23 
39 35 35 28 21 15 21 13 11 16 28 29 27 25 26 26 26 33 30 31 36 50 74 119 158 190 210 202 168 115 72 32 8 20 35 36 24 19 23 26 30 16 18 31 45 46 30 15 13 33 38 38 32 29 24 19 26 10 6 14 16 24 30 31 
32 27 21 15 20 15 24 21 18 11 16 19 28 30 35 35 34 24 17 23 34 62 105 161 193 204 206 183 137 87 58 43 37 26 31 36 24 22 28 31 31 15 16 30 42 45 32 15 9 25 32 34 35 30 21 18 25 15 13 9 17 21 25 32 
9 7 8 15 15 11 19 17 21 14 16 16 22 16 26 32 30 21 25 40 62 103 147 195 211 198 182 145 84 36 26 41 48 34 23 27 25 22 27 35 28 15 13 16 25 32 25 18 17 24 30 28 31 31 23 20 12 22 29 20 26 23 27 35 
12 14 16 7 6 15 17 12 20 19 16 14 21 12 15 24 32 34 49 77 114 165 197 222 214 180 147 103 46 18 19 34 51 41 28 15 14 14 19 31 26 27 25 24 23 21 12 9 12 14 28 32 30 28 22 23 16 27 30 15 24 15 25 37 
20 20 18 10 6 6 6 11 23 26 10 11 20 9 8 11 24 38 67 107 153 206 220 215 193 149 106 66 28 10 18 17 39 35 21 14 8 20 27 36 36 38 32 21 17 7 12 15 13 6 9 25 33 32 28 33 26 27 37 24 31 16 15 29 
47 49 44 33 24 20 13 10 16 26 12 10 23 12 11 20 38 63 104 150 190 226 212 181 147 95 52 33 27 21 24 13 33 37 17 18 14 38 35 28 28 17 13 3 7 12 14 15 12 6 11 6 17 14 13 21 17 24 36 32 45 36 36 43 
30 35 34 32 25 17 17 18 12 26 12 18 32 28 22 32 58 99 157 197 219 229 188 137 96 53 26 8 19 13 23 19 33 41 28 30 9 49 36 20 28 11 17 11 15 19 15 18 16 11 11 7 21 12 13 17 14 22 27 29 46 39 43 47 
14 13 6 15 11 7 18 22 12 26 16 17 27 20 22 62 98 146 200 220 217 202 145 87 53 31 28 18 15 12 27 26 23 37 36 49 44 54 34 11 23 20 28 30 29 24 15 29 27 17 21 24 35 25 17 21 18 26 32 34 47 38 33 24 
16 17 14 20 14 10 20 19 17 24 19 16 30 30 52 107 148 186 221 219 195 159 93 36 11 15 27 30 28 25 30 35 21 19 5 15 20 35 16 9 18 30 33 30 20 13 7 32 34 11 11 15 24 18 24 34 27 19 21 38 43 43 50 45 
18 19 21 23 18 17 22 17 19 18 12 18 50 57 92 150 181 204 219 197 155 106 43 17 25 35 39 35 31 29 23 26 20 18 14 13 7 23 15 22 23 24 23 20 11 18 16 29 34 13 13 24 29 33 35 27 14 9 18 42 36 41 53 54 
29 35 31 20 8 16 27 27 27 15 10 31 64 80 132 183 199 207 198 158 111 62 21 27 27 24 26 25 26 31 18 9 7 6 4 1 7 16 13 21 23 16 6 9 14 23 23 26 30 12 18 18 15 25 16 7 11 15 19 36 33 45 57 61 
26 35 38 33 24 18 22 37 42 34 37 68 100 126 180 206 198 184 149 99 62 24 23 32 33 35 34 27 24 32 14 6 8 7 12 16 23 24 20 22 21 15 10 9 19 25 23 15 21 19 29 28 21 21 11 22 23 29 25 25 23 36 48 55 
11 15 20 29 28 28 29 40 45 47 74 127 162 185 218 210 175 143 99 59 41 18 33 39 45 49 43 31 26 36 19 8 16 17 18 15 19 22 21 23 13 6 10 20 23 19 14 4 10 25 39 35 27 13 6 30 26 34 31 27 30 28 28 34 
14 13 10 23 26 27 30 47 48 56 100 157 180 192 207 173 124 93 57 28 27 16 39 52 61 60 48 36 33 42 30 23 20 19 19 20 22 24 19 21 13 19 24 30 27 13 9 6 8 17 23 12 18 11 16 32 16 16 15 13 27 23 15 20 
20 15 14 26 37 40 38 59 71 99 148 189 192 181 171 121 77 56 31 14 24 5 26 45 58 54 40 26 23 31 23 20 20 19 18 22 24 23 21 22 10 5 19 28 25 6 7 12 9 24 19 14 12 2 16 28 22 21 15 6 22 14 11 19 
24 17 22 36 42 48 52 87 120 159 196 220 206 168 132 82 42 30 23 13 23 10 12 24 41 37 21 10 12 24 21 21 20 17 11 19 24 19 19 20 12 12 22 29 28 9 9 14 6 24 22 19 22 19 24 30 24 22 24 23 22 12 24 27 
24 14 18 22 29 53 79 128 165 194 208 211 181 131 92 53 23 19 25 17 16 7 10 17 34 27 11 16 22 28 22 24 14 14 20 26 28 17 18 21 11 7 18 22 27 14 12 15 5 22 27 13 12 7 8 13 19 26 31 33 29 20 30 27 
20 10 15 27 53 90 131 178 207 219 201 174 131 73 41 29 24 26 32 27 21 18 11 15 30 18 11 12 24 32 22 19 13 27 30 26 25 16 22 26 22 12 14 14 23 15 16 22 12 24 38 40 33 20 6 16 25 29 30 29 30 28 30 25 
25 16 18 45 78 128 182 218 235 230 190 144 96 42 19 27 18 22 27 25 23 18 12 15 24 17 10 8 24 26 13 17 17 32 32 18 23 17 11 20 20 17 7 12 21 13 16 28 17 11 18 14 12 22 21 21 18 13 15 16 19 17 21 23 
10 10 32 74 117 174 222 232 222 196 145 97 58 28 20 21 15 13 18 20 19 11 2 13 20 21 14 7 21 26 8 12 18 25 33 18 23 27 10 12 14 24 26 35 35 31 29 27 16 10 21 23 16 19 29 24 13 9 4 12 23 21 26 30 
30 42 76 125 173 219 247 225 188 149 97 54 27 15 11 6 8 9 16 20 18 8 4 15 20 20 12 3 25 32 16 13 19 18 28 12 21 33 10 9 20 33 34 35 27 17 14 15 15 20 29 41 44 40 40 35 14 13 10 24 28 9 10 16 
63 79 113 161 199 222 227 186 138 103 69 44 27 19 13 12 16 12 6 11 13 12 13 21 22 21 15 10 33 33 5 8 15 20 30 21 33 39 14 16 23 36 34 20 10 7 17 25 33 36 27 29 27 21 35 34 5 11 10 35 33 23 24 32 
66 97 133 178 207 200 182 132 79 56 41 28 22 21 24 35 33 33 25 26 24 16 19 29 28 23 14 7 30 29 15 18 21 27 35 29 32 26 9 20 25 38 37 27 27 21 18 30 38 47 42 27 19 14 37 40 15 13 8 32 26 19 27 30 
123 153 173 200 211 171 130 90 46 29 31 22 17 16 26 43 21 29 31 39 34 17 27 32 28 23 18 21 33 23 9 9 18 40 44 36 34 21 19 19 24 37 40 43 39 30 24 24 27 42 46 31 26 24 41 47 27 22 16 27 22 8 16 20 
186 203 201 208 199 137 87 67 34 9 17 11 10 14 17 42 34 33 35 41 36 22 21 28 29 22 26 25 27 16 13 12 25 41 31 17 21 6 18 15 26 45 54 57 50 38 31 25 27 41 51 36 26 17 30 39 21 19 16 17 11 18 23 25 
198 205 190 188 165 98 56 48 20 7 15 8 8 17 11 32 24 23 30 37 34 19 17 24 32 20 30 24 19 15 15 22 32 33 17 7 23 22 18 6 14 28 36 39 35 20 14 17 22 32 46 36 24 18 22 32 15 9 7 9 1 4 10 15 
183 184 158 145 118 64 35 31 6 8 18 15 14 22 11 26 22 22 29 36 36 23 21 26 34 20 30 25 22 22 20 26 28 24 12 10 18 24 18 10 12 17 21 21 23 24 30 33 35 34 34 31 17 8 16 31 22 19 17 13 11 9 8 19 
156 150 117 104 81 48 36 28 15 12 11 15 11 17 14 18 24 18 18 28 35 29 24 23 31 21 32 33 27 22 20 32 36 23 6 12 17 25 24 22 20 21 29 22 19 21 18 24 24 18 15 29 21 21 23 27 18 10 13 15 15 18 14 27 
107 96 68 65 48 30 25 16 9 9 6 9 7 11 10 14 25 17 4 14 17 12 17 19 28 16 27 28 23 23 21 40 42 18 5 13 22 17 30 30 27 21 16 29 17 27 14 11 11 14 22 37 33 30 27 24 19 12 7 9 14 27 28 38 
62 56 34 39 25 23 18 10 13 13 15 13 11 13 19 24 27 12 11 21 19 11 12 17 27 10 27 20 16 22 21 39 37 17 10 14 25 7 29 35 39 40 35 37 18 24 9 11 9 15 20 29 22 8 11 15 18 15 12 13 12 23 26 34 
47 46 27 38 30 13 11 4 9 15 10 7 13 27 27 20 15 5 22 19 6 9 7 10 19 19 36 23 25 35 36 44 41 24 9 11 23 18 16 19 25 22 21 24 17 18 6 15 11 13 11 25 20 13 21 19 23 24 23 15 10 23 31 33 
45 47 25 36 39 4 10 4 11 6 13 11 21 32 23 18 15 30 38 29 18 17 7 11 19 21 32 22 35 48 46 46 40 23 12 9 9 18 16 18 20 23 26 23 17 7 11 14 16 21 15 27 18 19 25 14 12 11 9 18 16 23 30 21 
38 43 22 34 44 15 18 11 16 8 19 10 22 32 23 22 10 24 28 22 24 28 17 25 32 35 42 28 32 44 42 38 34 27 17 13 7 17 21 15 21 31 37 28 19 15 23 19 20 24 15 30 18 16 21 9 7 11 11 21 21 25 35 22 
39 46 29 36 49 28 30 23 22 18 21 4 21 26 15 14 16 31 35 22 12 22 24 33 27 18 34 16 24 40 39 34 28 19 3 8 18 19 30 12 3 23 21 22 22 26 37 26 24 29 19 35 30 24 24 21 20 19 17 25 27 27 38 27 
38 45 30 33 51 23 20 12 7 27 25 12 21 12 12 6 7 23 24 24 19 21 30 36 26 20 39 38 38 43 39 33 26 18 10 14 26 22 35 24 17 30 10 7 9 18 35 17 12 21 15 30 22 9 27 34 30 25 17 25 30 28 40 25 
54 44 34 26 43 33 11 5 7 28 22 7 15 14 17 19 10 20 17 20 15 12 29 34 22 7 16 17 23 31 31 28 26 20 9 8 28 18 33 20 13 34 11 10 13 18 29 14 10 11 3 26 19 21 31 42 43 44 37 21 23 29 41 41 
53 46 43 29 29 32 10 12 16 25 16 6 15 17 16 28 13 18 18 23 22 9 19 31 43 52 52 41 35 27 24 26 24 23 13 8 29 13 27 19 12 30 20 21 23 26 24 13 9 9 4 20 20 18 16 15 24 35 43 35 27 28 26 19 
37 34 33 14 15 25 21 24 21 16 10 8 10 13 18 28 19 18 15 17 26 20 9 14 29 31 32 20 11 9 15 23 22 25 17 8 24 22 27 17 8 28 30 27 23 17 9 10 13 6 12 14 15 14 14 12 22 33 40 34 28 29 23 14 
35 32 30 12 12 22 16 16 6 12 14 10 5 6 13 18 22 22 28 10 17 15 13 23 13 13 19 15 4 14 18 25 23 28 32 27 29 30 24 6 13 18 20 15 12 9 14 17 21 12 14 11 19 19 15 15 25 39 45 36 24 24 20 20 
31 30 23 13 9 14 10 12 4 9 12 10 7 8 13 11 16 14 27 18 24 24 21 36 19 27 24 21 9 17 24 15 8 13 24 25 30 34 18 10 16 10 14 5 6 8 10 15 17 10 19 18 25 26 16 7 15 25 33 37 27 29 27 16 
27 22 15 10 10 5 5 10 9 13 14 14 12 14 21 20 28 33 36 28 30 31 27 36 17 15 12 24 34 34 39 30 24 16 12 10 9 26 18 13 19 13 19 15 2 12 9 12 15 10 20 24 28 30 25 25 30 31 22 24 17 20 26 21 
25 18 10 8 7 4 5 15 21 21 20 17 12 18 29 19 24 35 38 32 32 32 30 39 38 42 38 36 41 29 31 13 21 27 13 14 11 25 25 23 25 15 17 19 11 10 13 15 15 4 22 34 35 33 21 14 22 25 7 15 13 11 16 7 
27 23 7 3 4 5 17 17 19 12 7 6 11 15 33 27 20 34 38 36 35 34 26 29 30 30 16 19 40 28 41 25 25 36 11 20 11 33 36 30 18 7 20 23 20 14 18 17 18 11 31 47 41 35 20 12 21 26 6 9 14 10 14 13 
24 28 16 10 12 13 21 10 17 14 9 7 12 10 34 34 13 30 36 38 34 33 27 27 31 30 20 24 49 35 43 33 32 45 11 25 18 40 35 24 11 16 28 19 11 17 28 18 16 14 36 55 48 40 23 18 19 22 9 3 18 15 17 22 

18 8 17 40 29 21 29 26 41 37 34 20 15 19 30 21 23 18 18 18 42 39 16 10 18 44 40 19 28 12 11 5 25 34 28 31 42 36 46 52 70 91 144 214 229 197 168 105 42 28 20 28 22 20 11 12 26 33 15 22 23 14 12 14 
27 18 18 38 24 20 28 32 45 37 28 16 14 21 28 20 23 18 20 15 40 35 12 7 13 42 33 19 30 11 15 11 19 29 29 31 41 38 41 63 93 126 177 227 230 192 153 93 39 23 17 18 11 20 15 16 21 22 13 24 22 17 19 23 
22 17 22 38 26 25 26 27 35 28 20 16 18 27 29 17 19 18 16 3 32 32 18 15 17 40 31 20 24 17 15 8 9 16 20 22 29 38 46 80 124 165 205 233 219 171 132 75 32 28 27 27 20 24 16 10 14 18 13 21 17 8 13 16 
15 5 18 29 29 34 38 40 38 32 24 27 27 33 33 22 18 26 23 6 22 30 22 11 17 33 31 16 22 29 27 23 18 13 18 28 35 56 81 120 172 205 223 231 201 143 103 52 23 30 23 24 15 14 8 15 21 30 28 30 21 12 14 15 
10 11 18 20 20 20 28 40 45 44 34 26 18 25 32 27 18 20 23 8 16 25 29 14 23 31 30 21 27 38 44 42 29 16 20 31 47 82 115 152 203 218 209 193 146 87 58 20 4 20 20 27 11 7 8 15 16 16 32 34 28 23 10 10 
18 16 19 15 12 9 3 19 21 26 22 11 4 15 24 16 12 11 19 15 15 19 33 16 20 24 25 26 34 39 39 30 27 12 22 29 51 99 135 167 213 214 179 141 93 47 33 14 12 18 12 16 14 14 11 15 23 27 18 11 17 23 23 34 
12 19 24 17 15 15 13 15 10 5 12 16 13 18 25 13 10 2 15 21 16 13 26 19 24 16 13 18 24 18 20 19 25 14 41 54 84 140 170 188 218 198 139 97 61 32 23 14 15 24 22 21 19 15 9 13 22 37 20 11 24 33 37 39 
26 26 21 13 12 11 17 12 9 12 2 12 5 11 24 7 11 9 13 20 17 14 19 9 21 23 27 24 24 19 10 13 16 29 72 98 141 191 205 204 209 171 104 64 36 23 15 6 11 17 17 13 15 10 17 31 39 42 28 23 37 36 36 29 
19 15 10 7 5 8 17 8 3 12 8 23 19 22 26 11 1 12 12 16 11 7 15 18 25 25 34 34 35 34 21 6 21 61 108 139 178 207 202 188 177 139 81 41 16 9 10 17 23 19 19 9 14 10 18 35 26 23 19 22 42 32 35 34 
20 12 9 7 12 17 19 11 7 4 10 17 2 11 16 18 7 15 7 9 10 15 21 27 30 26 32 35 33 31 29 21 49 99 143 172 196 204 183 155 133 102 46 25 12 3 18 17 25 21 15 8 13 15 19 40 27 20 25 26 40 26 24 32 
36 23 15 14 25 22 13 8 5 5 8 18 22 21 19 15 7 12 7 7 10 12 12 12 19 21 35 46 45 42 45 58 100 150 190 214 222 206 169 124 87 59 15 24 11 7 20 23 26 21 19 18 22 29 30 48 37 31 21 18 38 26 25 42 
48 37 26 23 37 36 25 19 16 18 15 14 14 19 21 21 27 26 21 14 1 6 16 21 24 21 21 28 37 56 76 104 146 186 216 232 219 178 130 76 35 31 21 36 23 21 21 22 19 10 14 6 11 17 20 37 28 29 19 10 31 30 27 38 
25 32 31 24 43 42 23 20 15 14 15 16 17 24 28 17 16 13 4 19 3 14 21 25 30 41 44 44 64 94 126 159 193 214 220 212 172 119 75 28 3 20 18 31 8 11 19 14 14 19 21 14 17 11 8 25 31 40 39 34 27 23 18 20 
38 36 30 20 39 36 22 20 19 14 23 28 29 31 33 22 22 29 21 18 3 21 22 28 23 23 40 60 97 137 174 205 225 224 207 178 126 72 36 11 14 24 21 19 7 9 17 7 7 21 23 18 15 15 33 40 51 52 38 28 20 22 23 28 
15 19 22 18 31 25 10 8 21 11 18 22 23 28 36 24 21 12 19 15 6 25 20 27 18 10 38 84 132 177 214 234 234 210 179 141 89 43 13 24 24 25 16 5 17 12 20 7 14 28 28 29 25 22 35 28 33 24 7 16 12 21 17 15 
6 13 22 26 33 23 3 7 19 22 23 23 19 20 43 27 20 14 23 13 11 24 15 17 6 33 67 120 169 207 231 231 209 170 131 88 42 18 9 27 21 19 12 11 21 12 22 6 12 22 23 27 20 15 28 17 17 8 7 18 13 19 19 14 
20 21 28 35 37 22 9 18 24 35 39 39 36 24 32 16 26 24 35 14 14 20 12 9 22 64 102 152 192 211 216 196 160 116 80 42 9 16 9 21 24 26 21 18 13 9 15 6 6 9 12 15 10 16 26 25 24 16 10 12 16 18 20 17 
22 29 35 41 40 27 14 11 12 21 21 16 23 25 26 12 19 16 31 21 19 9 9 20 52 107 145 184 205 201 185 151 107 66 46 21 13 16 9 18 23 21 19 14 10 12 14 6 8 10 13 18 5 13 24 27 32 33 32 29 27 25 26 19 
29 34 39 44 42 41 29 15 12 13 13 15 19 17 15 13 18 19 21 11 9 9 33 62 105 162 192 206 203 173 140 97 55 31 34 27 20 9 4 6 16 12 10 21 25 19 15 5 13 15 16 22 7 16 27 37 52 51 39 28 21 21 26 23 
26 26 30 33 31 32 31 22 23 22 29 33 30 23 13 15 15 15 15 9 15 35 70 112 156 198 211 199 168 120 82 40 18 23 30 32 30 19 14 15 20 18 15 27 29 24 17 9 14 16 13 19 6 10 5 23 40 26 11 16 13 15 17 12 
44 44 43 36 30 26 25 15 17 14 24 22 24 28 23 24 24 26 27 31 43 72 114 160 191 211 207 174 127 76 41 10 12 26 35 32 29 21 13 18 21 21 13 25 27 29 25 10 13 11 13 18 15 20 21 29 32 17 12 21 15 17 24 22 
26 24 21 18 23 19 23 15 23 14 17 15 12 23 22 22 24 19 21 33 57 105 157 201 217 213 190 147 99 61 40 33 22 11 23 24 25 18 13 19 18 18 9 18 21 27 22 11 16 12 5 7 7 5 6 28 30 18 15 19 22 18 13 9 
20 18 23 28 24 18 26 12 25 14 16 19 7 12 15 20 23 22 38 60 92 149 189 213 209 182 148 100 50 20 20 35 36 18 17 22 28 22 21 25 14 14 3 15 25 33 29 22 22 21 16 4 10 14 15 28 20 20 27 23 29 23 13 11 
4 6 9 10 3 7 17 5 26 20 15 12 13 12 6 15 27 44 72 103 144 197 212 209 183 141 103 62 22 6 12 26 43 36 28 21 20 18 15 24 10 24 27 28 28 22 11 8 14 13 21 23 15 12 11 27 17 22 30 22 35 24 16 19 
6 8 8 10 5 8 11 9 27 23 1 14 21 15 10 26 36 62 100 137 178 218 207 180 147 107 73 44 20 7 9 10 32 31 21 24 21 26 30 31 27 30 25 14 14 6 10 15 15 11 10 17 18 16 19 34 25 24 33 20 38 30 15 16 
38 42 39 33 22 20 16 10 20 25 14 13 22 10 7 45 71 103 146 180 203 216 177 131 97 58 36 30 29 20 16 8 27 33 22 30 31 46 39 21 23 9 17 11 9 12 12 20 22 19 17 8 11 13 18 32 27 28 34 30 48 41 34 33 
22 27 27 32 21 14 20 17 13 23 10 12 26 19 24 69 103 140 186 204 201 189 134 81 49 21 22 23 31 22 19 18 30 39 33 38 36 60 40 17 24 3 24 15 12 13 16 30 31 27 20 9 17 10 18 34 32 33 33 30 46 39 37 35 
25 23 20 24 10 8 24 19 12 23 12 16 27 23 50 108 141 171 202 195 169 144 90 43 21 13 28 22 21 20 27 25 18 31 30 43 45 60 37 18 22 21 37 34 31 24 19 39 32 22 19 21 32 24 24 36 33 28 28 31 42 38 34 20 
20 20 17 19 10 10 23 16 15 21 12 21 47 59 94 153 176 190 201 171 133 102 48 13 12 22 34 37 36 36 36 38 28 21 7 12 21 41 23 23 26 36 39 29 22 10 8 37 33 10 7 12 23 22 25 30 26 14 13 31 29 32 43 40 
18 19 18 18 15 16 22 13 16 16 16 42 78 95 134 181 190 188 181 137 90 55 8 31 37 44 49 48 44 45 37 33 26 21 16 14 14 31 27 34 26 21 16 10 14 18 14 27 29 4 10 21 26 33 33 25 17 11 14 30 19 24 35 33 
11 17 16 12 17 21 27 25 25 21 34 69 105 126 169 197 189 176 149 98 54 24 21 36 34 22 23 25 32 42 31 21 15 17 15 10 9 22 23 27 19 15 8 12 17 18 11 17 26 7 16 13 8 28 17 7 11 12 16 24 16 29 39 41 
24 27 24 19 10 4 18 34 45 51 75 117 150 170 202 200 170 145 104 54 23 11 34 39 37 21 16 12 24 35 17 9 11 18 21 20 23 24 13 18 10 18 17 12 16 14 8 13 28 28 28 22 13 23 16 25 27 33 32 24 18 17 29 39 
27 26 26 28 17 14 14 28 44 73 121 177 203 206 213 179 132 104 66 30 18 21 44 42 39 23 13 8 23 35 15 7 10 20 25 23 29 31 20 18 9 18 18 16 14 7 14 20 23 28 34 31 27 14 6 27 20 29 31 25 36 24 12 19 
36 34 32 32 21 22 26 44 58 94 153 201 205 190 180 128 81 66 40 15 13 23 50 51 49 30 20 30 45 49 33 26 16 15 20 20 25 26 20 16 13 21 20 20 12 9 17 21 21 17 15 3 15 7 11 25 8 10 12 6 29 25 24 27 
38 35 34 33 30 37 46 73 100 148 197 217 195 158 128 74 43 43 30 16 17 15 43 52 59 41 24 28 42 45 36 35 31 27 25 25 28 17 18 20 20 16 12 17 8 15 21 26 25 23 14 6 9 6 12 20 12 14 19 5 20 8 16 21 
37 32 35 42 43 56 79 118 155 198 219 213 173 117 77 37 18 31 33 23 22 5 26 33 45 34 17 25 39 43 38 36 30 29 21 22 31 11 13 17 15 12 16 23 19 18 24 30 26 26 21 19 21 18 22 25 12 9 21 25 28 17 31 34 
31 24 29 39 49 82 123 168 195 209 195 166 118 65 36 19 3 20 34 26 25 15 15 18 31 26 16 25 36 43 38 37 23 20 16 24 31 13 14 18 17 9 11 18 13 9 17 24 20 24 27 12 14 14 22 25 23 21 28 34 29 22 32 28 
23 19 30 56 89 132 181 217 224 212 167 116 68 20 13 21 14 11 24 17 20 22 14 15 25 19 8 12 27 36 32 31 23 29 26 23 30 20 19 25 29 26 16 21 19 4 9 22 16 24 35 34 27 14 16 28 34 31 27 24 23 25 30 21 
26 28 48 90 128 174 221 236 222 196 139 85 44 15 16 27 15 13 17 5 6 12 12 13 17 19 13 7 26 31 15 21 21 33 33 18 29 27 17 16 10 18 2 21 26 17 20 27 14 17 25 19 10 21 24 27 27 23 15 12 9 8 13 11 
29 45 80 132 171 213 241 225 185 141 82 42 20 21 22 24 13 6 10 3 4 12 15 16 11 15 20 11 27 29 11 19 24 24 34 15 23 31 18 15 15 27 30 39 36 29 27 25 13 12 26 24 17 26 31 18 18 21 11 17 22 18 20 24 
67 90 132 183 215 236 237 193 138 93 47 28 20 24 23 18 8 5 7 4 4 12 13 21 14 11 22 13 32 33 16 14 22 18 30 12 20 36 17 5 12 27 28 28 20 11 10 13 5 9 21 36 40 41 44 29 15 22 21 39 39 30 25 32 
110 133 171 214 225 217 195 139 85 57 36 36 30 26 20 8 8 10 19 21 19 17 10 21 9 6 19 9 35 31 19 17 17 21 29 20 33 42 17 10 13 27 29 22 15 20 24 25 24 24 15 10 12 14 40 33 11 16 22 51 44 44 44 48 
131 158 188 218 213 180 146 92 48 36 24 19 16 13 17 23 27 28 28 27 22 19 18 26 12 5 15 5 31 29 30 30 24 30 33 30 35 29 18 23 21 26 25 24 24 21 24 31 32 33 31 11 8 16 41 38 6 13 23 51 37 30 30 28 
181 198 205 214 193 139 99 69 41 36 36 24 14 9 21 30 19 36 38 35 21 6 27 31 19 10 7 21 34 25 25 22 12 36 37 35 34 24 22 22 19 21 21 30 26 18 15 17 21 28 35 16 15 29 49 54 32 24 17 38 30 25 27 28 
216 217 204 198 167 104 65 52 30 21 27 18 8 9 15 28 27 37 38 36 20 15 24 30 24 15 15 21 26 21 23 15 21 37 27 26 22 15 20 16 23 32 37 41 37 27 19 19 22 31 43 29 18 3 29 43 26 23 14 22 15 19 22 22 
197 192 171 163 133 79 52 41 16 12 19 13 11 16 16 21 15 26 30 30 19 12 17 27 32 21 32 33 37 37 31 30 33 27 21 20 20 22 22 16 18 19 15 13 16 17 12 18 21 24 37 34 27 21 19 33 19 14 5 10 7 8 15 17 
153 147 120 112 91 57 43 31 12 6 15 18 21 25 16 16 15 27 33 33 25 10 9 23 34 23 35 39 40 41 33 27 20 14 19 15 16 22 18 15 23 29 21 12 19 32 29 29 31 29 25 27 18 9 12 30 27 23 17 12 9 8 15 17 
109 99 70 69 61 39 40 27 17 10 3 11 18 19 14 11 15 22 25 33 33 24 12 17 29 23 36 46 49 49 40 36 28 12 15 9 18 23 25 21 25 37 31 18 18 31 20 21 19 13 10 29 23 16 16 19 16 17 21 25 25 21 14 11 
70 58 31 44 43 25 31 20 16 12 10 13 19 12 5 9 17 22 10 23 22 16 16 15 26 12 26 38 41 39 33 38 33 9 12 8 26 17 33 26 28 35 21 26 15 32 14 15 15 20 29 43 40 36 33 25 17 14 13 16 18 22 21 25 
45 36 12 30 31 18 21 15 15 20 24 21 17 4 14 18 23 19 8 26 18 12 18 19 30 4 23 29 33 31 27 37 32 15 12 9 27 6 30 29 34 41 28 29 10 26 11 20 15 20 25 35 29 14 12 6 12 16 15 8 9 13 16 28 
50 43 25 36 39 15 18 12 12 19 18 12 10 21 20 12 15 5 14 21 9 14 21 18 24 18 37 33 32 26 23 36 33 17 12 10 30 23 19 8 18 25 17 23 19 18 1 15 6 13 10 29 22 15 23 16 18 24 22 14 15 18 23 33 
53 48 25 29 41 11 15 9 18 12 17 13 18 27 14 8 14 22 28 22 11 16 14 16 21 25 36 16 23 27 21 33 29 20 20 11 11 17 12 3 12 25 27 24 18 12 14 17 19 26 20 34 23 29 40 33 27 20 15 22 18 18 23 28 
57 50 29 29 41 16 19 15 24 12 20 14 21 27 16 10 4 14 21 25 27 29 9 17 32 39 51 31 25 29 18 28 27 29 24 15 9 13 14 12 20 29 32 19 9 16 28 22 23 29 21 38 19 24 35 29 25 20 12 24 22 21 28 29 
55 50 32 31 46 33 34 31 27 20 26 14 24 25 16 18 21 26 30 28 22 29 17 21 30 28 45 22 16 29 16 24 21 22 21 15 21 14 27 15 13 18 15 19 20 30 37 24 26 32 29 43 29 33 39 35 31 24 16 28 26 21 31 31 
49 45 30 27 46 25 17 10 7 31 32 17 19 8 4 10 10 18 26 35 33 31 25 24 31 30 46 43 36 40 24 22 19 20 21 20 25 15 33 27 25 24 7 14 18 31 37 22 22 30 27 34 19 23 33 39 36 29 17 27 27 24 37 34 
56 42 28 21 39 30 15 8 14 34 28 13 13 8 12 20 12 17 22 28 30 26 24 20 27 28 29 29 26 31 20 12 14 18 18 20 24 7 30 24 24 25 6 13 15 18 24 5 9 14 13 26 19 19 22 31 31 29 20 14 21 22 36 34 
54 43 32 24 27 21 9 8 15 31 22 16 18 14 16 24 11 17 21 25 31 24 23 22 33 39 34 29 26 21 13 6 9 19 17 16 22 13 31 27 21 22 17 18 19 20 15 9 14 6 7 17 16 7 10 11 14 17 17 9 11 14 24 23 
30 24 17 12 14 12 18 18 15 19 17 18 20 19 20 24 16 18 15 18 32 23 16 16 24 27 20 11 13 15 13 2 9 16 15 12 20 26 31 23 18 21 22 20 16 12 8 15 25 18 17 10 9 9 11 13 18 21 22 17 12 14 16 14 
25 20 11 3 11 15 16 9 3 9 12 9 12 16 17 25 34 38 40 23 25 16 11 24 20 23 15 9 5 15 22 10 14 16 27 26 22 24 21 12 19 16 10 11 9 9 16 17 22 14 8 3 9 11 16 19 25 33 34 25 16 13 5 12 
25 17 3 6 2 5 7 5 3 6 10 7 9 13 7 3 13 12 27 26 25 18 15 33 23 31 29 21 14 14 33 21 14 10 13 20 21 21 10 9 18 18 10 3 5 6 12 20 21 17 11 2 12 6 6 13 20 31 32 26 19 19 15 18 
15 13 7 9 10 8 6 7 8 8 13 12 12 18 16 19 27 27 27 17 11 3 4 29 17 14 16 21 38 31 41 30 21 22 5 13 9 19 18 9 20 25 21 14 8 14 7 14 18 20 11 4 11 11 11 15 19 29 32 28 22 20 13 12 
13 19 14 12 6 1 7 12 14 11 14 19 19 26 29 15 25 29 30 21 15 7 12 30 24 26 30 33 45 23 33 17 23 33 4 17 12 27 30 24 27 26 24 23 19 12 10 15 18 21 12 9 9 16 15 12 15 25 28 26 23 21 14 5 
30 30 22 20 13 9 11 10 9 11 23 32 31 31 37 18 25 32 30 23 21 14 8 21 13 17 26 30 50 26 43 31 30 41 3 27 18 37 42 30 19 20 25 29 31 23 22 21 27 28 22 23 18 18 17 15 16 29 30 27 24 19 16 12 
37 42 31 25 17 12 17 10 12 22 28 35 32 32 43 24 21 32 29 24 18 14 13 21 18 16 30 36 57 28 41 38 39 49 5 34 20 42 40 22 21 26 31 29 30 26 36 32 30 28 19 23 22 21 19 21 15 29 32 29 28 21 20 22 

11 6 10 37 26 15 42 27 32 24 30 34 17 6 12 12 12 18 18 17 37 42 14 17 21 46 47 32 30 15 10 5 39 33 23 23 43 35 46 70 108 149 205 249 234 182 137 77 30 18 18 32 33 23 22 19 31 35 15 25 19 16 18 18 
21 11 11 36 24 20 39 30 36 27 26 30 19 10 13 12 15 20 20 16 37 36 21 20 17 45 39 29 31 9 7 7 29 29 23 24 44 40 46 84 129 173 219 244 221 165 117 64 31 23 21 25 23 23 23 23 25 27 15 21 16 11 17 22 
19 15 18 37 31 30 39 21 24 15 18 30 23 20 20 16 12 19 18 8 30 30 20 21 21 42 36 27 23 8 6 13 21 21 21 19 39 47 60 110 161 200 229 233 192 131 91 44 22 23 25 27 21 21 20 23 20 25 15 19 16 8 15 17 
9 8 15 30 32 33 43 35 30 26 26 35 28 26 27 25 18 22 21 9 23 29 19 9 14 33 35 18 16 23 18 24 21 11 10 24 48 75 107 157 203 222 229 215 160 98 68 28 16 27 22 26 21 19 18 23 20 28 26 29 24 16 16 18 
19 20 22 27 30 30 37 41 42 40 32 27 18 15 27 28 22 17 19 15 21 24 21 9 18 27 32 27 30 36 40 41 28 16 24 42 73 114 149 187 218 212 193 161 101 51 37 11 10 23 24 34 17 17 18 24 20 4 26 30 30 27 11 16 
15 18 24 26 29 27 21 16 17 23 18 9 9 9 22 21 18 7 13 13 11 13 25 26 21 16 25 31 37 39 37 28 24 13 36 55 88 138 168 191 212 190 148 105 54 22 24 15 10 17 18 24 23 22 14 24 31 27 21 12 26 28 20 37 
8 15 24 26 30 29 19 7 7 12 16 15 12 8 21 15 13 12 12 16 12 7 18 27 24 9 9 19 26 24 25 19 24 34 73 99 134 181 194 196 202 165 108 69 35 16 18 13 14 21 23 22 25 24 5 17 28 39 27 14 34 38 33 39 
26 26 25 26 26 23 17 8 10 15 14 16 11 5 22 6 7 19 16 11 6 6 20 29 26 20 14 9 13 10 11 16 32 71 122 153 187 216 209 191 177 133 75 41 18 16 16 9 7 10 18 16 19 21 21 42 49 49 34 24 45 42 39 33 
23 20 18 19 14 4 9 11 14 19 15 20 15 16 26 12 11 27 21 12 7 17 29 35 29 22 27 24 29 31 20 26 60 116 164 185 198 202 179 151 134 104 54 26 4 9 10 16 18 10 16 9 12 14 21 42 33 27 15 23 48 39 39 39 
20 20 21 19 9 9 18 21 20 16 14 13 4 8 16 15 19 31 25 19 12 21 29 34 30 24 30 28 26 27 37 56 106 165 198 201 190 173 141 108 93 76 29 29 12 9 12 3 17 9 10 8 1 9 23 44 28 20 21 30 48 37 29 30 
35 27 22 16 15 22 23 22 19 16 16 18 17 17 18 18 23 30 24 16 7 15 20 22 21 22 31 36 29 37 66 104 162 208 226 217 189 154 114 75 56 49 11 27 3 5 16 8 15 14 19 21 21 23 30 50 32 24 13 15 40 28 24 41 
47 40 25 13 25 36 30 23 22 21 19 10 11 20 18 16 26 30 25 19 9 11 21 23 18 9 10 22 40 75 112 154 200 224 225 205 164 118 76 37 19 36 27 35 24 22 26 25 26 27 28 22 21 19 17 39 15 26 18 10 31 28 31 42 
19 35 28 16 36 45 32 20 16 5 16 3 16 26 20 12 18 20 10 18 10 7 24 23 25 31 35 53 89 130 165 197 221 217 197 161 105 60 31 18 17 25 15 19 12 11 23 18 22 30 25 18 17 14 9 33 37 49 43 34 28 21 21 22 
39 42 34 25 37 41 30 17 20 7 18 18 27 31 24 16 21 33 28 18 10 8 24 25 22 20 42 82 127 169 195 212 214 189 154 115 61 20 9 27 22 26 12 9 23 19 24 12 16 23 18 16 6 18 33 43 54 55 39 30 23 20 22 27 
23 28 27 22 29 30 21 12 22 10 17 18 28 29 21 15 13 9 20 13 9 15 23 28 25 32 62 111 159 195 210 210 192 150 112 83 41 21 19 31 28 28 16 13 24 13 27 13 18 26 21 25 16 16 29 18 23 18 5 15 7 13 6 5 
12 18 22 21 25 23 16 7 23 26 24 17 18 20 30 20 15 13 24 16 10 18 16 20 32 63 101 148 187 205 201 182 148 104 71 52 15 27 21 29 28 28 24 15 20 6 28 11 16 27 29 30 15 5 23 17 14 10 8 12 6 12 9 7 
32 31 30 29 23 12 15 20 24 33 34 30 24 18 26 13 21 22 34 20 10 19 9 12 49 96 136 175 194 189 167 132 94 60 41 34 21 27 14 21 31 38 27 13 6 12 21 6 11 18 22 17 12 11 16 18 17 14 9 4 17 25 29 32 
27 29 30 29 18 6 12 17 10 1 12 18 15 15 23 12 21 14 25 20 17 25 30 47 92 142 171 188 185 160 127 88 58 35 30 28 20 19 15 17 22 24 8 17 20 23 21 13 11 9 10 6 8 13 18 22 25 28 30 30 31 36 39 39 
27 30 34 34 27 26 12 11 15 4 14 25 26 20 21 15 22 27 30 22 16 36 62 94 144 189 198 188 167 128 91 55 33 21 20 18 12 9 16 13 16 9 10 34 30 23 18 18 19 10 9 11 7 19 24 36 47 42 35 37 39 44 47 47 
11 15 22 27 25 26 22 21 28 24 31 42 39 29 23 17 15 12 16 15 26 61 102 140 180 207 197 167 132 86 51 20 15 24 23 24 25 17 12 12 9 3 18 32 23 16 17 19 19 8 10 18 11 20 17 29 35 12 19 33 31 32 31 27 
35 32 31 24 15 12 12 14 24 15 24 30 27 28 23 21 19 18 25 33 56 105 152 185 207 209 182 138 96 54 25 13 18 31 34 28 26 21 11 15 6 17 24 29 23 14 22 18 17 8 12 19 15 21 28 40 35 9 13 29 23 18 19 16 
9 10 11 9 13 10 15 13 30 16 15 20 15 22 17 17 18 22 34 48 86 146 189 212 216 198 157 110 73 45 27 25 14 21 28 25 28 22 14 19 15 24 21 21 22 21 23 15 14 12 14 14 9 3 11 36 33 12 3 20 23 19 16 16 
39 37 38 37 28 21 28 10 31 17 16 23 9 14 15 24 30 37 59 84 126 183 206 204 186 151 107 65 33 15 15 27 21 11 20 25 31 29 26 27 20 23 19 26 34 38 37 29 26 28 23 12 8 7 14 33 22 13 9 12 22 21 20 23 
31 32 27 24 12 5 21 9 31 21 14 18 17 12 14 28 41 68 103 135 176 216 210 183 147 104 70 37 12 7 13 28 35 26 17 17 22 27 28 29 21 29 27 25 25 19 14 12 15 21 25 25 15 12 15 29 18 11 12 11 31 30 29 33 
27 28 23 22 12 7 15 8 27 20 4 19 23 15 20 43 59 96 139 172 203 219 185 142 107 75 55 34 17 12 14 21 26 23 7 11 14 26 36 34 27 24 18 3 6 2 12 17 11 11 9 18 11 8 12 26 18 13 16 6 33 36 28 29 
37 40 36 32 18 16 19 6 21 22 11 12 16 14 30 71 105 144 182 203 208 191 134 86 60 37 38 38 30 21 15 15 16 24 13 16 16 37 37 20 16 5 19 7 5 7 16 26 21 13 8 15 16 19 20 24 16 12 12 22 43 45 39 36 
21 23 21 29 16 9 22 11 16 23 9 15 21 24 50 103 144 175 202 203 181 144 85 42 26 27 43 46 44 33 20 23 22 35 30 27 20 42 25 8 15 5 26 10 9 4 16 31 23 15 10 12 21 19 19 22 16 10 1 21 39 40 38 33 
31 28 29 29 12 12 25 11 17 26 17 28 39 51 92 147 174 188 193 165 128 95 48 19 8 6 25 18 18 24 31 30 11 27 25 29 24 39 18 6 15 18 35 26 27 21 24 39 21 9 9 18 33 30 25 24 19 9 9 26 33 33 35 21 
16 18 19 17 9 11 21 7 17 25 24 47 76 98 141 183 188 183 167 118 80 57 16 14 16 17 29 30 27 38 41 40 29 26 19 14 9 27 12 17 24 31 33 23 23 16 16 36 27 16 21 28 37 38 33 22 13 15 21 33 22 21 39 39 
17 16 16 14 7 9 18 6 18 29 40 74 114 137 171 195 184 164 134 79 43 26 18 33 38 44 49 48 39 45 41 35 27 27 26 21 18 30 29 33 27 20 19 25 25 22 16 21 22 16 26 33 40 44 35 22 11 11 24 31 17 14 25 26 
18 14 12 9 15 19 26 25 31 39 61 105 147 168 194 201 174 140 100 52 29 26 26 28 32 17 15 18 24 41 33 21 11 17 22 21 22 32 32 29 20 22 20 24 20 15 11 17 28 24 30 27 28 37 21 14 6 11 27 27 21 26 30 35 
13 10 7 15 17 20 29 42 55 70 106 155 189 198 208 188 144 106 69 33 29 32 32 30 33 11 11 19 27 39 24 11 3 9 6 5 10 9 9 13 12 28 24 19 12 4 9 20 34 36 33 25 18 27 22 27 25 27 34 26 26 27 27 33 
5 5 18 25 23 22 18 34 63 100 153 203 217 204 191 147 100 75 49 28 33 37 41 33 32 16 20 14 22 30 11 10 9 13 15 13 15 7 11 16 19 30 25 18 8 6 12 15 23 31 33 29 25 14 11 25 21 18 26 20 34 36 29 22 
5 11 24 29 28 33 35 58 90 129 179 210 196 166 143 95 58 50 31 14 22 39 48 38 36 10 25 31 45 45 33 29 19 14 14 19 25 9 12 16 20 27 22 19 11 15 12 14 17 18 14 8 16 9 13 21 17 14 19 3 23 33 38 36 
18 22 30 34 37 54 70 104 141 180 207 205 164 117 89 49 29 38 27 10 11 32 45 44 49 33 36 41 45 37 31 33 35 32 26 27 35 15 12 15 26 27 19 16 8 24 16 18 17 17 10 9 12 7 7 12 11 8 21 7 15 20 29 30 
36 36 43 49 56 85 117 156 190 212 204 171 113 60 37 21 16 33 30 11 5 23 37 37 43 38 41 45 43 31 21 24 29 35 25 24 34 18 16 17 27 28 25 22 17 21 12 18 13 16 9 15 21 17 18 16 8 4 14 24 30 29 39 43 
43 42 50 61 78 123 165 198 211 201 158 109 55 13 9 15 10 30 38 22 14 12 22 25 25 17 30 41 44 38 30 25 13 24 14 24 33 19 19 20 27 24 21 20 11 12 17 27 23 24 25 13 16 17 24 21 16 18 23 32 27 23 32 34 
52 53 68 95 129 176 216 229 215 180 117 61 23 8 13 23 13 18 31 21 20 18 9 18 21 13 25 37 44 42 33 29 19 33 27 24 31 23 22 26 33 34 23 25 17 15 20 26 18 20 27 21 18 6 15 27 33 35 28 21 15 20 25 24 
66 71 96 135 167 209 238 223 187 144 83 40 15 15 13 29 16 12 22 13 14 14 7 15 21 24 28 35 44 47 33 31 24 37 37 21 30 29 19 17 8 19 11 26 24 16 20 24 13 18 24 17 12 17 25 34 33 35 24 13 6 7 8 13 
86 98 133 174 198 226 232 189 135 87 33 27 19 18 20 29 14 5 16 9 7 19 15 18 13 16 27 29 36 43 36 39 33 31 39 16 25 33 17 15 15 27 30 35 29 20 18 18 6 13 27 27 24 25 22 16 22 28 17 18 24 25 22 26 
118 137 176 210 217 220 201 142 87 50 24 35 30 30 30 29 15 9 14 8 6 22 12 26 20 18 28 14 27 28 11 23 30 25 31 14 26 37 12 7 9 27 25 24 18 6 7 12 7 11 21 33 39 40 40 20 16 23 21 38 38 37 32 36 
154 170 201 219 201 180 148 87 45 32 28 41 39 36 27 17 12 18 25 22 21 17 6 27 14 11 22 2 31 22 4 19 22 25 26 18 32 36 9 16 17 25 21 13 19 26 29 29 23 21 20 19 19 17 36 25 17 15 15 44 35 39 41 46 
172 185 201 203 168 132 99 47 22 24 11 19 17 12 11 19 21 22 17 12 16 14 20 32 18 16 21 8 31 20 24 31 27 32 27 29 38 29 17 25 26 31 24 9 12 16 23 33 27 24 31 20 20 21 36 30 9 12 18 45 22 8 12 15 
199 202 197 183 140 92 61 37 23 26 23 12 12 7 15 25 19 33 22 12 6 17 39 42 31 28 21 21 32 15 15 21 16 32 25 31 37 25 24 26 23 28 26 25 16 9 6 13 14 18 36 26 25 35 47 50 28 17 8 36 30 24 26 27 
198 190 174 155 112 64 37 27 20 22 28 20 17 10 11 19 21 33 21 12 4 26 37 39 32 32 30 29 29 17 20 18 18 24 15 28 30 25 26 25 30 39 44 41 34 26 15 11 12 17 41 38 31 23 25 41 25 20 9 22 18 17 19 18 
157 147 128 111 78 46 29 17 6 16 25 23 20 11 7 12 11 20 14 14 7 25 31 38 39 33 44 45 45 38 28 24 21 14 21 30 25 25 24 24 32 37 40 32 28 30 20 16 13 5 32 40 36 30 17 32 24 22 17 22 21 13 19 21 
111 99 76 64 44 28 24 17 12 2 14 19 22 20 7 7 8 20 28 26 14 17 24 36 42 32 37 42 38 35 24 16 6 14 22 25 13 16 13 18 31 36 38 27 25 33 23 19 19 18 24 36 30 24 14 30 35 30 25 27 24 15 22 23 
75 60 35 37 34 19 23 15 15 10 12 16 23 21 10 8 10 23 29 33 25 17 9 29 42 37 41 51 53 51 40 28 11 14 18 18 13 18 20 13 29 41 39 22 21 32 19 15 12 6 19 38 33 22 15 17 27 29 31 39 36 23 22 18 
49 36 14 31 33 13 16 14 15 9 16 18 26 20 13 7 13 27 17 29 18 9 11 22 36 29 39 54 58 57 46 30 15 12 14 11 23 18 30 18 25 38 32 26 19 35 12 16 13 17 30 44 42 36 35 26 23 18 21 35 36 26 25 20 
37 26 8 27 27 10 11 14 17 27 31 26 23 11 20 15 17 24 13 34 22 17 21 19 33 18 38 54 60 60 49 33 21 13 10 3 26 11 26 20 22 36 23 21 11 34 18 26 20 24 30 36 34 21 16 8 15 16 16 22 26 18 18 20 
40 29 17 31 34 12 9 6 13 19 23 18 12 19 22 12 14 13 15 35 33 32 33 16 22 20 45 57 60 56 47 38 26 11 15 13 32 29 24 9 13 26 16 18 15 19 10 20 12 19 14 26 22 18 25 12 10 19 19 20 20 14 13 17 
46 36 20 25 36 14 14 14 21 10 17 11 13 23 12 6 9 15 25 33 36 32 31 13 13 16 28 20 24 30 21 25 23 21 26 16 9 18 13 7 10 25 29 24 18 9 16 18 17 25 15 29 16 24 37 31 24 9 5 21 15 9 12 17 
48 40 27 26 35 18 18 15 25 9 18 10 19 25 14 12 10 13 25 38 42 35 23 9 22 30 35 16 15 26 5 19 21 25 29 20 13 5 17 23 23 27 26 12 6 15 30 17 11 21 15 35 8 10 25 15 17 16 8 23 18 15 20 22 
44 39 27 24 37 31 32 31 28 19 29 19 27 26 19 23 21 19 21 31 36 36 21 8 20 27 37 14 8 28 6 16 14 22 34 20 19 11 33 26 15 14 12 18 16 24 30 8 12 25 31 44 20 20 29 20 20 19 12 26 23 18 20 14 
40 38 24 16 37 27 11 3 7 32 38 21 19 11 9 13 14 11 12 24 30 32 22 11 18 27 38 35 29 36 17 16 17 28 38 25 24 17 41 33 20 12 9 16 18 30 34 25 22 29 32 35 8 6 23 28 30 26 15 24 20 18 26 15 
42 35 21 11 35 29 16 15 22 36 32 14 7 1 10 17 13 9 6 11 20 21 16 4 15 24 28 31 25 33 20 13 16 26 34 22 15 6 37 27 15 11 7 12 14 18 24 16 10 18 21 28 12 7 8 13 20 23 12 15 18 18 29 22 
45 40 28 21 27 17 9 9 18 27 17 9 11 6 9 19 9 10 8 8 18 13 13 11 13 17 11 13 15 24 18 11 15 24 30 22 18 12 33 25 9 13 17 15 12 9 6 12 21 22 19 21 15 7 11 13 21 24 18 11 12 18 29 26 
12 18 13 9 13 9 18 18 22 22 14 17 18 14 14 21 12 11 10 6 19 4 6 14 18 22 17 11 14 21 17 4 12 16 26 23 20 18 24 16 11 15 17 14 10 11 15 22 33 33 25 13 7 14 6 9 21 24 22 17 11 13 21 18 
3 8 7 11 17 21 22 18 21 21 16 14 15 12 14 28 36 39 39 26 19 15 15 19 22 28 26 19 12 16 22 6 10 13 31 32 26 23 19 8 6 2 4 9 11 14 23 25 24 25 17 12 9 14 15 19 28 32 32 24 18 19 17 13 
18 15 16 22 23 22 17 16 22 24 22 22 24 21 18 19 23 24 25 34 27 25 22 24 23 27 31 24 16 8 28 20 11 16 28 35 33 30 17 5 9 11 9 6 4 6 20 31 26 28 21 14 16 13 24 32 39 42 37 23 15 19 15 15 
14 26 27 29 30 28 24 19 22 27 27 26 29 30 29 34 35 32 14 16 10 11 14 19 17 9 19 17 30 26 33 25 18 25 27 30 27 28 15 9 16 19 14 7 7 15 10 28 26 29 24 17 19 5 21 27 33 38 35 22 14 16 7 8 
33 42 38 38 36 32 25 17 16 22 27 28 33 37 38 36 40 35 17 10 9 7 15 21 22 13 20 22 37 23 23 19 23 33 29 29 23 31 25 22 28 26 20 17 8 10 9 23 21 25 24 19 15 8 17 22 26 32 30 19 16 18 7 5 
36 45 42 44 41 36 25 15 10 24 30 31 32 36 43 34 43 39 19 10 13 9 12 17 20 5 19 25 47 33 30 26 28 39 35 38 28 36 35 30 28 23 20 23 21 18 13 12 20 28 32 28 15 9 19 28 26 32 27 16 19 16 10 6 
42 51 44 42 39 35 25 14 8 31 24 22 25 32 43 30 41 39 23 15 13 19 14 20 24 0 22 33 58 47 38 33 34 40 37 43 26 38 33 32 37 27 23 19 15 15 15 9 18 25 32 26 14 12 23 33 21 25 18 12 24 15 12 8 

32 29 24 41 31 19 38 29 43 46 56 53 35 33 37 42 35 33 21 12 28 37 25 13 14 30 33 37 37 39 36 24 37 30 14 4 37 22 39 91 139 177 210 226 189 119 74 30 17 12 19 28 34 20 13 10 35 26 19 22 16 12 9 15 
31 25 21 38 29 27 40 35 44 41 49 49 36 31 32 35 30 26 20 13 30 31 27 20 11 33 33 37 35 30 24 16 32 29 21 17 41 34 49 111 160 192 214 214 172 105 58 21 12 10 15 22 26 21 16 11 25 22 17 14 13 6 7 16 
20 21 22 36 35 33 40 29 32 29 37 42 31 27 28 33 30 24 18 6 30 28 23 20 18 35 39 36 25 21 15 15 28 30 27 20 44 54 81 146 188 207 213 194 139 77 44 12 12 12 18 23 18 15 11 8 14 22 18 15 18 6 13 15 
18 17 12 23 26 28 41 38 35 31 31 36 26 21 23 29 30 21 17 8 30 34 23 14 18 33 45 31 22 29 21 15 19 13 9 32 70 102 141 193 219 216 201 168 108 58 38 10 13 24 21 26 13 7 8 14 8 22 21 22 26 15 17 18 
28 25 21 22 28 31 40 43 37 31 24 24 18 8 17 24 28 20 21 20 30 27 21 15 21 35 48 42 39 42 43 39 28 20 34 62 101 144 179 209 214 185 152 110 57 31 24 5 8 19 26 36 14 16 21 31 27 6 18 22 30 23 17 17 
20 17 18 19 22 20 21 14 12 14 7 9 16 10 16 17 21 17 18 17 17 16 22 27 24 28 36 39 40 41 39 29 24 24 58 88 124 167 185 192 186 147 102 63 30 26 27 18 13 12 19 19 18 30 22 30 33 24 27 19 26 24 18 36 
21 22 21 21 22 25 17 13 21 19 17 10 13 2 14 9 16 24 15 15 12 11 8 16 22 24 27 30 31 32 35 30 38 63 109 139 168 197 192 175 159 117 68 39 24 24 26 23 25 21 22 17 19 32 12 18 34 37 33 16 32 34 27 42 
29 25 21 22 27 27 19 15 19 20 17 10 11 3 21 12 18 31 16 13 9 11 12 12 20 33 30 24 21 16 22 36 63 113 163 187 202 207 182 149 125 87 39 18 15 20 20 20 19 14 18 14 9 28 28 47 51 43 35 15 39 36 35 47 
21 15 13 14 17 11 11 16 17 21 9 9 11 15 29 20 26 39 24 21 17 19 21 20 19 32 43 35 37 34 28 52 101 163 197 201 190 171 133 100 87 68 27 21 10 14 16 24 24 14 17 12 6 15 19 42 36 27 21 11 37 35 40 54 
27 29 30 25 21 8 5 10 14 18 5 7 5 12 20 13 27 37 29 31 24 24 21 21 21 25 40 36 31 39 63 97 157 210 218 197 163 129 90 62 62 56 16 31 12 11 13 13 20 11 13 15 10 7 24 44 27 9 12 20 41 41 38 48 
32 30 31 27 20 7 6 14 25 29 25 25 18 15 15 17 28 33 31 30 24 23 19 11 13 18 28 31 35 69 113 156 208 234 221 186 144 102 62 36 43 49 12 28 4 8 15 5 15 16 16 15 18 20 33 49 22 19 17 15 34 30 31 47 
39 39 29 22 16 13 13 19 28 27 24 21 20 17 10 15 26 27 26 29 26 23 22 14 9 8 22 42 73 120 162 197 229 229 199 156 111 70 36 19 32 49 27 31 20 18 29 32 37 39 36 25 17 13 20 39 18 35 24 8 22 26 33 41 
35 44 32 17 17 25 24 25 25 6 17 19 24 17 8 15 25 23 19 26 27 22 25 11 15 27 47 83 128 171 199 216 222 197 155 104 54 26 25 33 28 41 19 18 17 12 30 22 24 30 30 24 14 15 21 43 44 51 38 29 23 23 27 24 
31 35 23 13 22 32 35 32 30 9 16 22 28 20 19 23 33 42 39 31 28 18 25 12 21 34 70 124 171 202 211 207 188 149 103 58 15 17 32 40 30 39 20 11 20 17 34 22 13 12 19 24 15 23 30 42 51 48 28 28 23 21 23 30 
21 26 21 23 31 39 40 36 34 18 16 21 29 17 10 7 0 9 19 16 21 10 20 18 39 65 105 157 196 211 202 180 147 101 60 39 22 37 39 40 34 40 31 14 19 8 36 20 19 20 18 27 18 20 24 15 16 7 12 21 14 14 5 8 
20 24 27 35 43 45 42 36 39 36 28 22 21 10 16 12 8 5 22 15 18 12 17 30 64 104 146 185 203 195 168 135 96 57 33 40 32 45 39 38 37 37 35 12 18 3 34 15 19 29 28 28 12 12 24 21 19 12 13 15 10 11 12 14 
42 41 42 47 50 45 39 34 35 37 35 21 14 9 19 10 18 18 33 24 21 23 24 43 90 137 172 195 192 163 123 84 50 30 30 42 37 38 30 31 41 46 36 15 17 20 28 2 10 20 22 18 7 10 15 17 17 14 5 10 19 23 26 28 
43 42 41 43 42 33 31 30 20 11 18 5 3 1 18 9 18 9 24 20 30 48 58 84 136 176 192 192 169 128 88 52 33 26 28 34 30 26 24 24 28 32 28 36 36 35 28 17 16 14 13 10 8 12 13 16 23 28 25 21 16 15 17 12 
24 30 35 37 31 19 10 17 16 4 14 12 17 16 27 23 27 30 39 38 50 75 100 134 180 205 197 171 136 93 58 32 24 21 20 20 18 19 22 18 17 16 27 43 31 25 17 23 23 9 7 7 13 16 15 26 38 39 34 34 30 31 29 28 
15 21 29 35 29 22 18 17 27 23 31 39 40 34 35 24 23 17 28 39 65 108 145 172 200 206 179 138 101 58 26 4 15 22 10 10 13 8 3 7 11 9 25 37 22 14 15 21 23 9 14 16 20 27 20 25 23 28 39 42 38 39 35 31 
33 32 32 30 15 6 9 10 26 15 21 31 30 29 25 15 23 19 39 59 98 154 191 203 210 196 155 109 72 36 9 14 16 27 24 19 26 22 15 17 13 16 25 29 24 12 22 21 20 12 24 18 14 22 29 42 32 26 34 39 35 30 22 12 
20 23 26 26 20 19 20 9 30 16 12 24 20 24 18 20 29 39 70 98 142 196 218 213 201 171 123 80 51 30 22 25 8 17 22 22 35 33 30 30 24 27 23 22 26 24 30 24 17 11 27 18 10 5 12 37 31 22 26 29 25 24 19 14 
47 46 47 46 34 28 34 19 33 20 16 25 9 13 19 35 52 76 113 146 182 219 220 192 160 121 76 40 19 15 30 33 18 14 22 28 38 40 38 37 33 30 18 23 33 36 42 37 33 32 33 15 8 6 13 33 30 27 26 25 22 18 12 10 
20 22 19 24 14 12 26 18 33 21 15 17 11 9 22 48 74 114 158 188 211 228 204 158 116 80 46 24 11 17 34 36 33 25 20 20 30 39 39 38 30 27 15 13 22 23 27 23 25 30 29 20 12 13 19 30 30 27 25 21 23 21 10 13 
14 15 15 21 10 9 20 18 26 17 9 21 24 19 38 71 101 144 187 207 214 205 160 109 76 54 37 26 16 19 32 34 35 33 21 12 11 25 36 31 22 19 15 11 20 21 22 16 12 15 7 14 7 10 16 21 21 22 22 15 23 31 23 29 
22 23 26 26 13 15 22 18 20 15 6 10 18 30 59 105 149 186 211 212 194 154 98 56 42 38 42 43 34 24 21 21 22 31 23 15 7 30 37 12 8 13 22 14 16 22 21 21 17 13 8 17 17 22 22 19 16 18 18 27 40 43 39 40 
13 16 28 29 12 2 19 19 22 19 15 23 32 49 86 138 182 200 204 185 148 99 51 25 27 39 52 57 49 35 15 28 24 34 27 17 8 34 35 19 14 18 24 12 13 17 13 20 15 14 14 13 19 19 12 12 16 16 15 18 29 35 36 37 
36 36 44 36 21 12 18 20 25 28 27 42 64 93 135 174 194 191 171 130 93 57 24 8 9 12 27 29 12 18 25 34 16 20 19 24 19 35 33 18 18 21 23 13 12 12 17 28 13 19 19 13 24 22 8 6 11 8 11 18 28 36 44 46 
27 31 34 24 20 8 14 19 25 35 45 70 105 138 171 186 180 163 129 79 51 29 7 16 18 18 29 35 22 29 37 36 24 14 10 19 21 33 33 23 23 21 14 15 18 16 12 25 24 34 37 36 42 40 27 17 9 12 23 29 24 24 41 49 
26 30 26 18 16 7 18 19 29 45 69 105 142 164 180 179 157 128 93 47 22 11 15 22 32 41 49 53 42 41 43 39 26 22 18 19 26 39 45 38 28 19 10 24 26 21 11 9 20 37 40 37 41 38 24 18 12 11 20 18 9 9 22 33 
29 27 18 21 28 29 33 32 44 67 101 143 176 184 188 174 137 97 65 28 8 4 6 18 29 23 25 30 27 37 37 31 18 22 25 25 33 38 42 30 17 25 18 20 21 18 17 20 27 34 37 30 32 35 17 14 12 15 20 12 8 15 25 39 
25 19 19 30 32 36 45 53 73 105 146 186 202 189 178 146 98 64 45 20 13 9 12 24 32 23 26 34 35 38 27 20 12 13 4 5 21 19 27 15 9 28 20 18 15 12 15 21 28 30 29 22 21 28 22 23 24 20 22 15 8 11 14 25 
17 11 25 27 25 31 37 56 96 139 182 212 204 168 141 99 59 44 39 30 30 21 20 27 32 25 22 15 19 24 10 12 5 9 13 14 21 12 19 7 17 30 25 22 18 13 10 12 16 21 20 17 16 13 17 25 29 25 24 17 18 27 29 24 
11 11 27 28 32 46 56 89 133 166 195 201 166 120 96 61 32 32 34 30 34 37 33 30 29 12 24 23 36 38 29 24 15 12 17 14 27 6 11 11 22 28 21 19 20 20 11 11 10 6 1 10 17 17 22 27 29 25 27 20 4 19 31 32 
13 16 29 34 45 74 102 144 181 199 202 177 120 74 56 27 12 28 28 24 25 34 34 35 42 35 45 42 43 37 35 36 35 31 31 24 35 17 10 11 28 29 18 16 17 29 16 14 9 3 9 12 13 6 4 20 26 19 23 24 13 9 22 23 
27 29 40 49 67 110 149 186 209 205 174 123 63 27 26 23 18 32 29 20 21 27 29 30 37 39 44 36 30 25 29 37 42 37 29 23 33 14 17 20 31 30 25 20 17 27 10 15 12 12 14 18 21 18 9 16 21 15 10 20 24 22 27 28 
40 42 58 73 102 154 189 206 199 163 110 62 26 20 18 16 9 30 34 24 21 21 21 22 19 12 24 23 20 22 28 31 30 24 11 28 36 22 29 33 41 40 32 24 18 25 27 32 26 23 24 22 21 21 23 18 12 9 16 21 25 27 29 29 
53 61 87 117 156 200 220 213 179 125 66 28 17 14 12 24 15 18 26 15 15 16 12 17 17 9 25 27 24 23 24 22 19 25 26 38 41 26 26 31 39 45 36 32 22 20 20 23 18 14 15 14 13 14 16 15 15 25 26 20 24 31 33 29 
69 83 117 152 181 212 218 185 138 89 42 21 7 5 13 31 17 10 19 8 15 14 12 15 20 19 22 28 30 32 18 15 13 30 41 42 44 33 21 19 9 27 26 33 28 16 12 17 19 20 20 13 8 18 26 29 21 32 27 18 15 17 15 13 
101 120 156 182 190 203 184 129 83 42 16 25 9 11 25 33 14 2 15 10 11 21 18 15 9 6 14 30 37 43 40 38 26 28 44 38 41 36 15 14 13 30 36 35 27 13 6 12 15 16 25 23 18 17 11 18 16 27 17 17 24 26 24 28 
139 156 187 199 186 177 140 80 45 23 24 33 31 34 38 33 18 11 13 8 9 23 12 23 21 24 28 24 28 29 27 35 30 27 35 31 43 42 13 9 8 31 32 23 16 2 6 16 20 15 17 27 30 31 29 6 8 21 19 37 37 37 30 30 
168 177 195 189 155 131 93 40 27 27 29 37 38 37 30 16 10 15 22 19 18 14 12 29 20 18 21 11 28 18 12 27 25 28 29 26 40 41 14 20 21 30 24 11 21 29 31 31 24 16 12 15 17 20 33 16 14 12 13 39 26 31 29 30 
182 185 187 166 116 83 54 16 29 35 24 21 14 8 3 10 12 13 11 9 13 13 22 34 24 18 20 15 32 17 24 36 32 33 30 32 40 34 12 20 24 31 19 10 16 21 25 32 25 17 19 18 24 26 32 16 9 15 20 39 15 14 17 20 
189 183 170 139 88 51 28 15 28 34 25 12 11 3 3 15 6 25 16 15 17 23 36 40 27 22 12 18 31 6 4 20 20 27 23 26 33 26 17 13 5 19 8 22 13 11 14 14 14 10 23 19 27 38 45 39 15 9 12 33 23 17 17 18 
160 149 131 105 63 30 9 12 24 29 28 11 10 8 5 12 11 27 14 5 14 31 37 35 16 19 12 19 28 7 12 12 5 11 11 20 27 27 23 14 10 17 21 28 17 9 14 14 13 14 24 25 28 35 38 42 23 12 4 21 21 15 15 16 
114 104 87 64 33 21 14 12 20 26 32 29 23 9 3 7 9 20 14 13 12 32 33 36 25 16 27 32 38 27 13 11 8 12 14 22 21 24 22 18 15 11 22 18 17 26 19 18 21 22 16 27 29 36 32 35 30 26 21 28 34 27 24 21 
80 68 49 30 10 20 24 26 23 13 13 15 16 14 3 6 12 18 26 24 11 25 29 41 36 12 17 26 31 29 16 14 16 16 15 23 12 17 18 20 19 9 25 17 18 31 21 17 19 20 4 24 28 34 34 35 43 34 24 27 34 30 28 22 
56 42 26 17 15 18 22 20 14 11 15 16 19 19 12 13 18 31 40 39 26 18 13 38 43 28 12 17 23 23 9 4 11 20 14 23 12 15 18 19 25 20 26 19 26 38 27 21 15 15 14 25 32 33 32 27 40 38 35 36 36 31 29 19 
40 28 17 19 21 15 11 15 10 6 12 13 20 15 18 18 23 40 39 43 30 19 7 30 40 31 22 20 26 24 14 7 12 21 15 20 16 11 20 19 24 29 34 33 31 42 23 24 16 19 29 26 32 29 31 24 26 26 27 36 36 29 27 16 
39 28 18 22 16 9 7 16 18 25 21 13 16 10 23 19 21 33 18 30 22 22 26 22 32 27 30 33 38 37 27 18 18 18 17 13 18 6 13 15 19 32 34 35 31 42 28 33 26 31 36 26 27 21 20 14 20 25 23 26 23 19 21 19 
40 27 21 25 21 7 6 9 16 21 22 21 19 16 18 12 15 21 14 24 31 33 40 19 20 26 45 55 52 45 34 24 18 14 22 14 23 23 22 17 16 27 30 31 25 23 21 24 21 29 22 21 13 18 28 17 10 23 27 27 15 8 11 13 
42 29 21 23 23 8 16 22 28 29 29 23 24 25 14 11 9 12 22 26 35 33 41 22 7 18 33 33 25 27 20 19 17 20 30 15 11 12 10 20 16 28 37 32 24 16 21 18 26 35 27 31 11 14 30 25 19 3 14 26 13 7 15 22 
45 37 29 24 23 11 21 22 33 32 34 31 35 33 23 17 13 18 30 38 40 34 36 26 10 12 20 5 2 22 12 17 16 23 35 15 15 11 24 35 28 29 30 25 19 21 34 25 34 45 44 48 31 21 28 16 19 15 11 24 17 16 23 29 
48 41 32 24 24 23 33 36 37 35 38 28 30 25 15 15 14 16 26 33 38 35 28 27 11 15 28 14 9 23 4 12 5 22 41 13 15 16 34 34 16 15 15 27 18 20 28 24 36 47 54 54 33 18 25 11 18 15 9 22 21 22 23 25 
43 40 30 20 25 21 21 19 18 31 33 17 11 10 11 11 13 7 14 16 21 24 17 24 13 13 28 27 22 28 10 11 9 31 46 25 31 26 43 39 19 16 14 21 12 20 29 36 38 45 51 44 29 13 19 21 28 26 15 21 17 20 25 21 
38 36 27 17 28 20 14 8 14 29 28 16 9 8 15 18 17 8 10 3 11 16 16 17 14 16 25 34 28 31 16 9 14 31 42 14 17 15 38 31 9 13 12 11 5 12 30 34 31 36 39 38 27 20 16 11 19 18 2 16 15 20 27 17 
36 34 30 21 29 14 7 8 21 29 20 13 12 11 16 20 16 12 10 8 20 18 15 13 11 14 15 25 24 31 23 13 17 29 38 15 16 16 32 26 12 21 23 12 6 9 18 29 33 36 35 34 28 19 15 13 18 16 3 12 12 21 30 25 
9 11 18 8 18 14 19 22 31 28 16 17 16 13 18 21 11 15 15 18 31 28 25 20 20 23 12 9 15 27 25 15 20 25 32 15 10 8 21 20 21 27 28 21 10 13 23 33 42 43 37 29 25 19 14 12 17 15 6 13 9 12 24 19 
11 12 18 14 23 26 26 25 29 19 12 9 10 9 15 24 27 32 31 31 40 41 34 24 25 33 30 15 8 18 23 11 15 13 24 15 4 3 15 11 12 21 23 21 16 18 33 37 37 41 36 33 30 23 23 25 24 16 10 13 13 17 25 24 
19 16 22 18 25 26 18 13 18 9 9 14 16 16 18 23 27 29 15 32 42 46 37 25 24 30 35 21 13 4 22 17 9 2 19 19 19 19 16 19 20 24 24 17 11 11 32 44 39 45 42 39 37 27 31 25 19 15 18 16 7 15 20 22 
29 36 28 13 10 12 14 11 15 16 10 10 11 16 27 36 41 41 18 14 29 36 32 21 17 13 26 12 18 21 27 24 16 5 16 15 17 17 13 23 17 15 13 14 16 13 21 42 38 42 39 36 39 21 32 25 18 17 17 15 10 17 14 15 
43 46 28 18 11 14 14 6 12 21 18 16 14 20 30 30 39 41 24 17 24 27 31 27 24 14 24 18 24 21 17 23 21 16 20 13 11 20 22 31 29 21 10 11 15 15 15 36 31 33 30 26 31 7 21 17 7 3 9 13 19 24 9 8 
36 38 24 22 20 25 17 9 13 26 26 17 9 17 31 16 34 37 22 12 14 15 24 26 25 13 22 21 30 22 9 20 19 15 22 16 16 28 34 38 28 14 7 16 20 21 12 23 26 30 29 25 24 14 25 26 13 9 3 14 28 23 9 7 
42 45 24 19 21 29 23 17 18 35 25 11 11 21 33 9 28 34 25 18 9 15 24 29 24 11 22 22 34 29 19 25 25 16 22 12 13 33 39 45 35 14 8 15 17 23 14 12 16 20 20 18 21 20 33 36 25 24 11 13 34 22 20 17 

25 22 12 34 22 9 29 23 38 38 44 41 32 34 36 43 37 25 16 17 25 27 28 18 10 20 27 42 43 49 54 52 46 33 23 21 44 41 68 138 175 185 186 174 118 47 36 31 16 9 16 11 22 17 20 25 30 6 39 33 32 10 13 35 
37 31 24 39 31 30 37 34 40 32 38 39 32 32 32 33 28 14 11 14 28 20 25 23 6 24 30 45 45 48 50 46 44 34 27 27 51 57 86 156 186 189 184 161 106 42 24 22 13 10 15 10 17 18 18 20 22 11 31 27 29 10 4 26 
26 28 29 41 40 38 38 26 28 18 31 37 31 31 31 31 27 15 12 15 33 24 23 19 10 28 39 46 40 41 42 44 45 40 35 38 67 91 128 187 203 191 173 138 81 27 16 12 12 8 16 12 11 15 16 18 15 20 30 28 31 14 9 15 
21 18 14 23 25 27 37 34 31 19 26 34 30 27 27 27 25 14 9 15 38 36 25 17 19 34 51 46 38 42 35 27 28 27 34 66 111 149 186 222 218 185 152 113 64 33 24 14 13 15 18 15 6 12 14 22 12 13 24 22 28 14 15 19 
34 29 24 27 33 36 41 43 33 17 16 26 27 20 21 20 24 25 22 27 41 33 23 21 24 37 56 55 49 51 46 37 32 33 64 104 148 185 205 214 190 140 99 64 24 17 16 12 14 6 15 23 10 20 20 32 27 14 17 7 23 12 18 18 
16 17 20 21 21 22 24 27 22 10 8 21 28 20 19 16 27 29 23 29 32 25 30 35 34 37 45 48 46 51 45 31 36 54 101 140 172 198 195 178 147 97 56 30 18 22 24 17 15 7 12 11 20 34 24 30 30 17 25 17 25 13 14 24 
30 29 26 20 18 24 25 33 29 16 8 13 22 12 16 12 23 29 18 19 21 22 24 32 38 40 39 39 35 42 47 46 65 103 155 181 197 205 181 145 114 73 34 17 6 10 21 23 26 25 24 19 17 33 18 26 33 27 31 25 32 23 11 21 
35 30 25 23 27 29 23 24 22 21 19 13 15 9 24 23 28 35 19 17 15 22 26 27 36 47 39 28 23 22 37 65 105 161 202 212 209 192 149 107 81 53 21 14 10 6 11 17 10 11 18 16 11 32 34 45 40 31 34 30 36 24 20 25 
16 14 14 7 15 15 15 18 17 23 19 16 18 24 35 29 32 37 20 22 22 28 29 29 33 49 57 40 39 38 52 92 147 201 216 204 178 139 92 60 52 47 27 23 15 15 18 26 17 12 17 14 12 14 13 32 30 33 36 33 31 21 19 27 
32 33 29 19 23 19 15 15 14 23 20 17 18 21 25 19 23 24 13 25 29 32 23 22 25 34 53 42 40 67 105 143 195 224 206 169 128 88 51 35 43 50 34 34 16 11 8 18 17 7 14 15 17 10 17 39 33 28 24 20 21 24 24 31 
37 36 30 22 21 18 18 24 34 39 37 33 27 19 19 23 24 24 22 24 27 29 22 9 10 18 39 44 66 116 164 194 222 221 177 130 94 63 35 21 35 48 27 31 16 12 14 14 19 20 21 21 24 19 27 43 26 23 17 9 19 23 27 37 
44 41 26 12 11 17 23 30 33 36 30 24 29 12 8 18 18 13 13 23 31 32 27 14 8 19 48 77 118 172 207 218 222 194 137 91 64 43 21 6 31 50 17 18 11 10 28 34 41 40 34 24 15 8 19 40 27 33 20 7 13 21 29 30 
50 48 33 22 18 27 37 46 43 29 16 15 29 12 14 24 24 17 13 20 31 35 32 11 15 39 77 124 172 213 226 217 196 147 86 39 14 17 18 15 20 49 20 11 18 18 39 35 31 30 26 21 4 9 22 42 40 41 29 25 19 24 32 31 
39 39 22 8 12 25 35 46 48 35 20 17 31 21 28 34 39 42 42 36 34 33 34 8 31 63 111 169 211 231 223 194 151 97 47 18 18 25 21 18 11 45 31 12 18 15 42 36 18 15 17 23 13 10 16 30 40 36 24 27 21 22 25 32 
21 24 9 6 17 26 35 46 50 39 26 18 27 15 19 21 12 19 30 28 30 26 28 23 65 106 153 199 223 222 197 154 105 56 21 20 24 28 16 15 16 42 40 17 19 10 41 30 16 16 15 24 18 11 15 15 18 15 26 26 20 21 21 25 
24 26 18 15 21 23 27 36 48 48 40 31 24 4 12 21 6 20 34 28 30 27 36 60 109 154 190 212 212 189 150 105 60 22 13 30 31 30 14 19 23 36 42 18 21 13 39 23 17 23 19 24 18 13 19 21 18 15 23 18 22 24 27 29 
42 37 31 32 36 31 27 24 31 40 41 29 21 13 9 13 9 25 43 36 37 43 61 93 146 187 206 208 188 147 102 62 26 7 18 30 29 20 14 24 35 36 26 15 29 35 40 17 15 21 20 25 24 17 15 19 17 11 13 15 25 23 24 27 
59 51 44 42 42 35 37 36 26 21 28 21 21 16 9 10 11 21 44 47 62 84 107 142 191 218 213 192 155 110 69 36 17 19 24 27 23 15 19 20 26 24 7 29 36 39 32 17 22 25 23 23 26 24 23 27 29 26 18 19 21 14 20 25 
47 41 37 32 25 7 11 22 21 16 25 19 22 19 23 25 25 35 60 73 97 131 161 191 223 229 201 156 112 72 39 16 17 26 30 27 24 22 23 20 22 20 27 29 8 10 6 25 19 17 16 18 28 22 21 30 33 29 14 27 25 15 13 18 
36 28 25 29 26 17 14 16 30 28 34 36 37 34 34 28 22 26 58 84 124 170 199 210 218 208 167 117 78 44 18 8 18 18 7 7 15 18 15 19 25 24 34 32 16 8 12 23 19 12 19 19 32 31 25 28 10 27 24 27 21 13 15 24 
42 36 31 30 16 2 6 15 32 19 17 21 21 21 23 17 21 32 75 111 159 208 223 210 198 176 131 87 56 30 21 15 21 28 18 12 24 17 13 19 16 24 34 27 22 10 17 19 15 12 28 22 28 28 31 40 20 22 22 30 36 34 27 24 
16 17 15 20 16 20 22 22 34 19 8 17 20 21 24 26 38 66 118 155 194 230 225 190 164 135 90 56 34 25 32 20 15 26 27 28 33 19 17 20 12 26 28 25 30 24 26 23 12 5 29 20 22 20 20 31 22 18 13 9 12 15 11 14 
40 38 36 37 28 23 26 28 39 25 17 21 21 20 30 47 71 112 162 190 211 227 202 150 115 85 46 27 14 21 40 24 16 27 36 41 35 21 15 11 15 24 16 23 32 29 36 36 31 30 36 19 16 18 17 25 26 25 19 10 11 15 7 10 
6 9 13 19 4 1 15 23 33 19 11 11 8 7 41 71 102 150 193 205 208 206 166 104 70 45 21 23 13 26 43 16 9 9 29 40 36 32 30 19 12 24 8 6 19 3 21 20 24 30 30 18 10 9 16 19 20 22 23 23 21 21 4 9 
22 21 30 26 14 4 16 23 23 12 12 17 16 30 70 107 140 179 206 200 187 165 115 59 37 24 19 24 17 28 40 21 23 20 19 28 23 20 33 21 12 26 15 10 17 5 23 19 14 14 7 13 4 9 21 18 17 22 26 22 20 26 16 27 
24 23 31 20 21 13 18 19 17 10 6 13 33 63 104 147 184 204 203 177 146 105 57 27 30 35 38 40 33 27 26 13 24 31 23 16 8 19 39 22 22 28 21 11 9 13 26 26 18 11 5 14 12 19 25 18 13 17 21 25 33 32 28 39 
20 23 32 20 20 7 13 15 15 16 26 41 64 101 142 177 204 196 169 129 91 54 28 19 27 39 48 53 47 33 11 21 28 38 29 12 8 22 40 31 26 28 21 11 7 16 24 21 12 9 10 12 17 22 18 11 12 15 14 9 18 21 30 44 
36 36 41 24 24 11 12 16 12 21 37 63 105 152 187 200 199 170 124 77 48 27 18 12 9 12 23 29 24 22 19 27 23 28 24 21 13 16 28 21 21 26 21 11 8 14 18 22 8 20 18 12 24 27 16 13 12 9 10 12 24 30 40 51 
33 34 29 15 23 0 6 14 15 37 64 98 143 181 197 187 166 132 87 43 30 21 20 21 19 18 24 30 25 28 30 24 18 21 25 27 18 18 24 17 19 19 15 11 14 15 6 19 20 35 31 33 45 42 28 20 9 15 21 24 24 19 30 40 
22 27 21 18 23 10 11 18 32 65 106 143 175 190 185 162 132 97 62 27 17 17 19 21 26 36 44 46 40 38 39 30 15 22 27 31 30 31 36 30 25 22 16 16 14 12 7 7 15 30 21 20 31 22 12 8 12 26 18 18 19 15 17 25 
16 23 25 33 37 33 35 40 63 103 149 181 199 192 173 142 102 69 45 19 8 12 14 21 24 26 28 30 35 40 38 26 8 27 35 37 37 31 30 19 11 28 24 3 4 13 20 21 18 19 14 5 19 20 12 5 13 29 13 12 15 14 22 32 
14 24 33 35 34 35 47 62 99 148 186 207 203 170 139 103 65 42 31 10 7 14 18 24 29 28 30 35 41 37 25 15 15 27 26 29 32 24 31 23 21 35 25 8 9 12 20 21 20 14 9 3 12 17 12 6 13 26 9 13 13 10 19 21 
26 25 34 21 18 31 48 81 134 179 203 210 181 128 94 62 36 27 24 14 14 8 20 30 37 37 30 25 30 24 14 11 13 24 30 34 34 24 28 15 24 34 25 18 20 15 17 16 15 16 11 7 2 9 16 12 14 27 15 20 25 27 33 29 
25 22 31 19 27 60 83 125 174 196 201 187 137 86 65 42 26 26 26 22 24 24 19 25 33 31 30 28 34 26 15 11 17 24 32 32 35 18 18 11 26 29 18 14 22 23 19 15 6 10 9 14 18 23 27 20 9 22 19 24 25 20 34 33 
15 15 33 36 58 105 141 179 206 205 186 149 91 53 39 21 16 21 18 16 18 28 22 24 36 36 43 38 33 23 22 22 27 33 44 35 41 28 23 18 28 30 12 16 21 29 20 7 6 11 13 12 12 10 15 15 13 13 14 26 32 28 39 36 
15 19 43 59 91 147 183 203 205 180 136 87 39 26 27 27 24 24 21 18 15 23 19 22 31 31 33 23 18 20 27 35 42 45 45 25 32 17 19 19 24 24 12 14 16 28 18 16 17 14 11 11 15 15 10 19 27 26 19 14 20 18 31 29 
30 40 71 97 137 187 203 197 169 119 69 37 25 29 26 24 18 15 20 19 17 19 15 15 16 9 21 20 23 32 39 42 41 36 27 21 36 23 32 39 44 42 26 14 16 32 33 30 22 15 12 12 15 20 16 16 15 10 16 6 15 6 18 17 
55 72 109 145 183 212 209 183 134 78 36 20 24 24 27 31 24 18 19 12 12 14 11 9 13 6 24 24 27 38 44 39 36 30 18 33 46 27 28 36 40 50 36 28 19 26 28 20 11 6 7 6 10 15 13 15 9 17 23 17 25 27 25 17 
86 107 144 173 191 203 183 138 88 47 21 14 15 18 25 34 19 11 13 6 15 11 11 11 15 14 23 25 27 39 40 25 27 24 15 35 49 34 26 25 11 38 38 37 30 23 22 14 14 14 16 9 9 16 21 23 11 23 22 21 28 29 22 16 
132 152 181 190 181 172 131 75 40 15 18 18 8 18 27 33 13 7 12 11 12 19 17 11 9 16 26 37 39 48 49 28 19 14 18 33 47 39 21 17 13 39 47 40 30 22 17 7 7 4 21 15 12 9 7 21 10 21 17 28 35 37 31 29 
168 181 197 191 162 134 85 37 29 23 20 25 30 34 38 33 21 18 19 17 16 22 9 18 19 24 25 26 29 39 45 36 26 17 15 24 48 45 20 12 9 37 42 26 20 16 15 10 7 5 16 21 20 20 25 17 12 13 20 39 37 38 30 25 
188 191 195 174 129 94 56 27 35 39 30 27 27 28 24 12 12 18 25 22 19 9 9 24 20 17 16 14 25 27 32 35 28 23 22 18 40 46 25 25 22 31 32 20 29 34 33 23 13 9 1 9 16 23 31 15 15 8 24 39 23 27 19 15 
192 188 179 145 92 55 27 21 35 47 35 27 19 13 10 8 14 15 14 10 12 11 19 30 24 16 16 14 30 23 32 44 38 33 30 32 38 38 16 18 21 26 16 17 24 25 27 28 26 16 10 3 19 21 22 4 16 20 31 38 17 16 3 7 
179 167 148 111 66 33 11 15 28 43 36 31 27 18 12 6 13 22 18 17 22 23 29 36 27 19 8 11 30 16 21 31 29 22 18 22 27 23 12 7 3 16 6 24 6 6 14 15 22 12 14 2 18 22 27 17 11 22 31 36 23 14 6 11 
128 114 99 74 46 26 10 7 17 34 35 22 19 15 7 10 17 25 17 15 30 37 34 34 16 22 7 13 30 16 22 21 14 5 8 11 15 15 14 8 2 13 15 22 11 17 26 28 25 15 18 13 8 16 22 26 12 16 26 28 24 15 10 14 
81 71 61 44 31 25 21 15 4 23 31 30 24 11 3 11 18 21 13 8 27 43 40 39 19 25 27 24 33 16 11 10 13 7 10 17 14 13 8 7 5 10 20 18 24 26 13 15 20 25 23 23 12 11 10 17 20 27 36 41 44 38 29 25 
49 40 31 24 19 20 30 33 28 24 13 9 14 13 4 12 20 16 15 11 19 39 43 48 32 15 27 31 38 31 15 11 19 11 16 20 7 10 8 9 7 7 21 16 25 31 15 12 20 27 23 21 10 6 16 17 33 23 19 27 31 35 30 22 
28 23 21 18 11 17 26 29 22 21 14 11 18 21 10 12 17 22 26 21 15 27 31 50 45 26 11 16 27 26 12 9 17 17 15 22 10 12 10 9 11 3 13 18 31 38 27 19 16 22 27 21 15 10 12 12 35 29 22 21 27 39 33 22 
23 17 15 17 18 17 18 24 18 16 10 11 19 16 14 18 24 39 41 41 30 22 15 43 47 34 18 15 25 23 18 17 12 14 12 19 11 10 14 15 13 8 12 16 22 33 13 19 14 21 34 28 24 14 15 14 27 27 24 29 32 36 30 15 
30 26 21 19 12 9 12 20 15 12 12 15 27 34 35 29 27 35 32 37 31 25 21 29 35 30 22 25 32 32 27 19 9 3 18 15 14 6 11 15 9 15 19 19 20 35 31 32 27 33 42 36 29 20 11 12 24 30 26 21 15 24 23 12 
26 20 19 19 13 10 12 11 4 9 23 27 30 28 22 15 18 24 22 25 33 33 36 17 19 28 36 45 39 33 24 12 9 9 21 9 16 18 19 24 12 17 23 20 16 15 24 21 24 34 38 35 21 17 19 16 16 28 33 30 26 30 30 28 
30 22 19 14 11 15 24 27 27 27 29 27 30 27 17 12 14 14 19 15 23 27 37 18 12 29 42 44 30 24 16 17 18 19 27 7 7 15 15 31 18 25 35 29 24 12 16 14 25 37 41 39 27 12 19 19 19 9 18 26 29 33 38 40 
35 30 26 13 11 16 27 19 22 26 33 35 37 33 26 18 15 13 21 19 11 10 29 28 21 15 22 17 15 20 16 22 24 25 34 11 14 20 27 43 29 28 29 30 26 19 27 25 33 42 45 40 33 15 20 16 22 15 10 17 25 35 45 51 
35 29 26 16 15 22 36 35 36 42 42 30 26 17 8 4 4 14 24 22 23 18 22 37 27 20 28 14 11 20 7 16 12 21 39 7 9 21 34 42 18 14 17 33 34 26 26 34 38 39 41 31 30 10 18 9 18 12 8 12 22 33 45 57 
26 21 21 10 12 15 24 21 18 35 36 24 20 22 21 19 10 15 26 22 19 12 19 41 33 22 26 19 13 21 10 15 12 26 42 20 26 27 41 44 27 27 26 27 24 21 34 45 39 33 30 17 27 6 12 15 24 24 19 16 19 29 42 54 
12 9 16 4 20 12 13 13 12 29 23 10 2 5 12 20 9 10 21 16 21 22 26 37 32 24 26 28 16 22 8 12 7 22 41 17 26 31 39 37 21 21 20 10 12 18 34 40 32 25 16 14 18 11 8 8 10 16 18 14 9 16 28 35 
18 13 20 10 26 14 12 18 24 33 21 14 8 3 16 20 14 6 13 16 30 26 26 27 24 27 27 35 22 28 17 11 15 27 44 25 29 32 34 30 21 26 26 24 14 17 25 29 29 23 12 14 17 9 6 4 7 22 29 23 14 12 20 24 
30 27 26 15 21 9 17 24 31 30 16 18 13 8 22 19 14 13 14 22 33 27 30 24 22 30 15 26 22 31 29 16 17 26 37 20 19 23 26 24 29 33 33 39 28 24 31 28 32 32 20 9 13 9 9 3 7 22 28 26 20 16 21 21 
36 33 29 23 25 18 27 34 37 25 14 12 9 11 24 17 20 31 27 26 33 24 30 20 21 37 29 27 20 19 27 19 19 19 27 16 12 15 16 10 15 24 24 33 30 28 42 38 19 26 21 18 19 9 16 16 19 25 26 26 22 23 30 28 
39 38 33 26 31 27 30 31 32 20 18 23 21 22 27 15 23 33 20 24 35 28 28 20 18 31 34 29 26 16 18 14 7 9 19 15 24 25 21 23 29 39 36 31 23 21 44 50 24 24 22 24 29 9 20 10 22 29 26 28 20 18 27 27 
48 48 32 20 25 24 25 19 22 14 7 16 15 20 29 24 32 42 30 20 27 22 19 9 8 16 29 21 26 27 27 24 15 8 11 9 19 18 9 14 8 30 32 28 23 13 33 51 28 24 22 24 43 24 30 26 33 36 26 21 17 13 19 20 
47 42 23 18 21 27 20 10 15 21 17 18 13 18 27 14 30 39 37 32 29 28 24 17 15 14 34 26 28 30 24 29 27 15 11 12 15 18 11 17 18 29 22 20 18 13 27 45 29 28 27 29 45 23 20 15 25 31 23 13 15 15 12 15 
37 29 17 21 27 35 18 9 18 28 27 17 9 20 31 1 26 30 33 29 19 17 20 19 21 20 37 32 27 23 7 19 22 3 7 16 24 28 20 19 10 23 18 18 16 10 21 35 29 34 33 33 43 24 23 23 31 36 28 11 21 15 18 23 
38 30 12 21 25 35 15 12 26 36 29 16 12 24 33 4 22 24 35 33 15 15 21 23 23 26 38 33 27 22 10 21 27 13 13 15 32 40 29 23 12 24 23 19 8 6 16 29 25 30 30 31 41 25 27 29 36 42 38 15 24 16 29 30 

12 24 14 33 25 26 37 24 32 47 48 33 17 16 22 22 21 20 18 22 27 18 25 21 13 20 11 16 9 26 39 49 40 30 33 45 73 92 125 182 198 184 168 139 83 36 26 29 25 33 28 19 21 3 12 10 21 21 47 22 38 5 23 38 
42 38 30 42 36 35 41 33 35 44 43 30 17 15 19 18 21 16 16 21 31 18 21 22 7 15 9 23 21 32 45 46 39 33 36 52 84 110 142 192 196 177 159 127 75 35 25 26 26 31 25 15 16 11 15 9 13 15 36 16 32 13 20 37 
32 35 34 44 39 34 36 26 28 36 36 27 15 13 19 20 26 22 24 33 43 33 27 21 7 18 21 28 24 33 43 48 44 42 48 75 115 147 176 210 196 165 139 103 57 27 21 21 25 26 17 9 10 15 15 9 10 20 31 17 30 17 15 21 
21 21 16 27 21 20 36 33 33 33 27 27 17 9 14 13 22 23 24 39 54 45 33 21 17 27 41 36 31 40 40 38 38 47 73 117 163 196 214 223 191 146 115 85 52 38 34 28 23 13 6 10 12 14 3 17 14 5 21 6 26 9 11 17 
33 28 23 28 33 35 45 46 36 25 17 25 20 10 16 15 24 30 29 42 54 42 26 17 17 24 48 51 46 53 43 40 46 66 112 158 195 214 210 191 145 96 70 48 23 21 24 24 23 5 9 19 16 26 14 27 30 26 30 15 19 6 17 19 
15 18 21 24 24 24 33 33 19 17 16 26 24 12 17 14 28 31 26 40 40 31 32 29 28 28 35 43 40 55 43 39 57 94 153 190 207 210 183 144 102 61 38 31 30 30 28 18 18 12 12 13 22 39 23 25 25 21 29 18 16 2 16 18 
31 29 25 21 23 29 37 40 26 21 19 27 29 17 20 15 24 27 12 19 22 25 28 32 39 38 26 26 20 41 46 58 91 142 195 212 208 195 154 107 75 45 18 9 8 9 17 9 22 27 21 16 18 36 23 26 29 23 29 21 18 10 15 22 
34 30 27 25 27 31 31 30 22 22 21 20 22 19 28 26 26 32 17 6 10 22 28 30 42 51 34 17 12 14 45 93 141 195 225 219 196 163 113 72 52 31 8 9 17 22 23 23 28 36 33 31 29 40 36 37 30 23 28 26 20 11 21 27 
9 11 10 9 17 22 23 21 18 22 23 18 19 23 30 26 30 36 24 21 21 29 34 35 42 57 57 31 24 37 77 130 181 220 217 189 148 102 58 36 33 24 11 18 23 31 30 33 32 42 39 33 27 21 13 22 26 31 32 30 24 21 21 25 
24 24 17 19 31 30 27 23 19 22 22 16 13 9 16 14 14 21 15 21 33 37 30 29 32 40 56 35 40 89 137 174 210 218 181 133 87 52 30 25 29 26 19 25 22 27 22 27 27 41 40 35 27 14 9 28 33 32 28 24 10 9 16 24 
32 29 21 25 27 23 22 28 35 39 38 32 24 13 19 29 26 27 25 21 33 36 28 17 12 23 53 59 91 151 194 208 216 193 133 84 53 36 27 24 27 28 20 25 25 29 22 17 21 40 37 30 20 10 14 35 33 27 25 20 7 11 24 31 
34 27 13 19 15 17 21 31 34 40 39 33 32 11 5 23 20 16 19 20 36 42 34 18 16 36 78 113 155 206 227 216 197 150 84 45 30 20 14 17 28 33 5 15 19 14 15 21 37 44 35 24 9 7 17 34 32 35 27 21 9 7 24 25 
36 30 20 27 25 28 32 43 40 33 28 26 33 14 11 26 28 16 17 12 27 44 34 9 31 68 118 162 199 226 222 191 149 90 32 5 17 12 13 21 28 41 18 1 14 8 28 30 27 27 21 20 11 13 18 32 34 36 24 21 10 15 30 31 
28 22 15 24 17 17 16 30 35 32 29 27 34 23 26 34 42 35 33 26 23 41 33 21 65 109 160 203 223 222 196 151 97 45 21 27 27 16 18 27 23 38 29 11 14 6 34 37 15 8 10 18 17 10 6 16 26 24 15 17 4 16 25 30 
27 22 10 15 10 17 19 30 37 33 32 30 33 21 16 14 24 19 23 16 14 31 36 60 116 161 197 221 218 193 150 100 52 16 20 23 19 11 21 30 28 40 36 11 13 3 37 34 12 7 11 14 18 13 12 10 6 6 24 15 12 23 29 32 
39 36 22 10 9 12 9 17 31 31 35 39 40 32 24 21 19 23 29 19 24 42 67 111 167 203 218 215 188 141 90 51 24 15 18 18 15 2 17 25 24 42 43 14 14 7 38 32 14 12 9 10 20 21 22 25 19 13 23 15 24 34 40 41 
19 25 11 14 26 23 20 6 18 26 30 27 32 33 21 16 12 24 38 29 43 70 105 150 199 222 215 190 149 94 47 23 18 13 9 13 11 15 26 29 31 34 26 28 37 42 48 28 9 10 9 13 21 24 26 27 22 13 18 17 25 28 30 28 
35 35 28 33 41 34 35 29 20 9 18 16 26 29 19 19 18 28 51 56 82 120 154 191 227 231 201 159 113 63 26 9 12 16 18 19 19 24 27 24 28 27 13 29 35 38 33 6 16 19 18 19 20 25 31 33 34 27 18 18 20 18 19 15 
29 29 22 26 29 8 18 20 14 6 17 14 24 28 25 30 28 42 75 92 126 166 195 214 228 213 167 117 76 36 20 13 16 28 28 22 21 24 21 20 26 27 38 32 20 19 16 24 16 14 15 18 28 22 30 36 35 30 13 28 30 24 19 14 
38 27 21 31 32 12 11 14 24 21 25 24 27 30 28 26 21 40 84 110 151 192 208 205 197 174 129 88 58 31 28 14 19 22 16 18 24 24 17 18 21 19 38 35 30 30 25 22 12 9 13 13 32 32 35 35 21 38 20 22 23 14 20 25 
60 46 36 34 22 5 8 16 26 12 14 12 10 10 16 19 25 56 112 145 181 213 209 181 160 137 94 68 50 36 39 19 20 19 9 15 24 16 11 12 3 20 34 30 33 37 33 26 16 11 20 13 26 30 38 42 25 31 17 26 38 36 34 32 
41 36 30 29 21 18 18 20 24 10 10 13 13 11 25 37 56 100 158 183 201 216 189 141 116 98 60 48 39 36 48 31 24 22 19 25 24 8 10 13 11 22 27 33 40 44 43 38 26 14 21 12 20 22 27 34 26 22 8 2 10 9 11 19 
44 37 32 32 25 18 14 19 27 16 17 20 21 23 43 64 94 142 187 197 197 193 153 95 71 58 26 33 31 36 55 39 28 29 29 35 24 13 17 10 17 19 21 32 39 43 48 45 39 34 37 25 26 31 30 30 26 20 12 6 9 12 12 22 
25 19 20 19 6 6 5 15 18 3 3 6 13 30 64 94 129 172 201 193 179 162 114 57 39 32 9 25 28 41 60 40 30 27 33 39 25 24 29 18 20 17 17 21 28 30 36 30 27 27 28 22 15 18 21 19 13 7 14 19 15 18 14 25 
29 26 32 25 16 9 12 18 11 7 10 12 23 56 98 131 164 192 199 173 149 120 69 24 21 21 12 19 24 39 51 31 22 21 29 34 23 17 31 18 22 18 11 17 18 24 37 31 23 17 11 19 4 9 21 17 10 8 16 22 15 24 18 28 
24 17 25 16 26 9 9 14 12 14 22 38 59 98 136 164 189 192 169 127 96 61 24 20 28 32 31 32 33 34 37 21 18 22 24 21 15 14 35 27 30 26 14 11 5 19 37 34 23 19 15 21 12 14 30 24 17 10 8 14 21 22 14 22 
22 16 24 15 24 7 10 13 13 21 43 70 102 144 172 183 191 164 118 73 47 21 13 18 22 32 39 44 44 34 27 22 25 29 23 13 14 12 33 32 33 29 19 12 7 19 32 26 14 17 18 19 18 19 25 17 17 17 13 11 16 14 9 15 
37 33 34 24 26 10 7 16 15 33 65 102 147 188 202 191 173 132 77 34 25 7 8 9 7 7 16 26 31 28 24 20 13 16 9 13 14 2 20 22 26 25 19 16 15 21 22 24 14 27 28 25 32 34 25 16 11 12 6 9 17 15 12 12 
39 35 27 24 24 7 3 17 27 65 108 147 181 203 195 166 136 98 50 20 24 16 16 18 20 19 23 29 31 29 27 16 6 11 13 16 9 2 15 15 18 18 19 20 23 21 9 18 17 37 30 31 43 40 25 14 7 23 20 20 22 13 6 5 
19 15 13 20 16 9 12 26 55 105 152 181 199 196 171 138 108 74 38 12 15 16 15 18 27 34 41 43 39 33 33 20 9 19 20 23 22 25 29 24 17 15 21 24 19 15 5 12 21 37 23 15 29 15 12 12 18 35 21 19 21 18 13 9 
9 17 27 30 33 38 42 55 92 145 183 200 204 181 146 114 84 56 32 10 4 8 4 13 13 19 25 20 25 24 23 15 18 34 35 34 29 22 26 18 6 22 27 13 6 12 15 22 21 27 18 7 21 20 22 16 20 39 16 15 18 17 24 27 
8 21 31 28 33 46 57 82 133 181 200 204 188 145 109 81 57 39 25 7 1 9 5 12 18 27 30 29 27 15 8 16 30 33 22 19 11 17 36 33 31 37 31 14 6 9 20 23 21 17 15 4 12 12 15 19 24 41 22 18 17 17 28 23 
30 28 37 27 34 61 75 115 171 199 198 190 152 101 73 54 42 33 21 10 9 4 15 22 31 38 31 20 16 6 7 14 27 25 19 22 16 24 36 28 28 33 24 18 18 15 22 24 21 18 9 1 7 15 22 24 25 38 18 15 22 20 31 25 
30 28 38 31 55 100 121 160 200 201 181 159 109 72 58 48 43 35 25 18 19 17 3 15 27 34 30 24 23 15 11 10 24 19 25 30 30 24 29 21 27 27 12 15 20 24 28 24 13 9 6 9 15 25 29 28 21 28 23 19 18 11 25 20 
8 17 41 53 95 150 173 194 204 180 144 112 65 46 41 35 32 21 8 10 21 29 12 12 25 31 33 25 17 13 18 15 21 21 40 38 44 41 37 27 26 29 9 24 22 28 29 15 6 8 13 12 12 12 18 21 16 14 10 16 19 19 25 19 
17 32 66 91 133 183 195 190 175 135 89 56 27 32 35 35 32 23 20 20 20 26 16 17 23 22 21 7 6 14 20 30 36 38 49 32 33 29 28 25 20 24 7 22 12 21 22 15 16 13 12 6 11 14 17 24 33 32 27 21 16 13 20 16 
49 69 109 137 171 201 186 158 122 75 39 23 22 29 31 31 30 21 3 10 12 17 16 11 14 5 12 9 14 18 29 39 39 37 38 17 32 26 38 48 46 46 23 12 14 26 34 27 19 13 9 3 15 20 15 17 21 17 19 18 16 12 16 17 
72 101 144 173 195 200 168 126 77 37 17 15 21 25 31 33 29 27 16 14 11 10 12 7 15 9 17 20 24 28 38 33 30 27 25 21 42 27 29 39 35 48 30 10 14 15 23 18 10 8 9 4 17 21 22 20 19 22 21 21 21 19 15 15 
111 137 171 187 186 175 132 81 40 16 7 17 19 22 26 32 21 17 9 4 12 7 19 19 21 17 17 24 33 40 50 29 24 21 13 26 44 29 21 26 12 38 35 17 19 14 15 17 12 14 18 8 13 15 21 18 12 19 15 21 23 26 25 24 
157 175 193 187 162 135 83 37 21 15 15 14 4 16 21 26 12 16 16 15 18 24 25 22 21 21 15 27 36 47 57 26 18 14 9 29 44 34 19 15 12 40 47 20 11 8 14 19 9 2 19 10 12 13 15 18 12 13 4 23 24 32 33 32 
173 181 187 171 134 96 48 13 21 23 10 17 26 30 35 31 22 27 34 34 29 26 20 26 27 26 15 15 23 36 53 36 24 16 10 22 45 40 18 15 20 41 43 10 5 10 17 17 8 8 15 15 7 12 20 17 19 10 12 27 17 22 23 21 
169 170 169 146 107 74 42 17 12 26 20 17 20 23 24 13 13 23 29 27 23 13 17 28 26 20 13 7 17 25 37 41 35 30 29 16 34 41 25 29 30 37 36 23 27 31 32 20 12 10 6 11 12 17 20 9 18 18 25 32 15 15 11 7 
156 152 143 111 73 48 25 23 6 30 25 19 19 18 19 15 17 21 19 22 24 18 24 31 25 14 13 6 18 16 24 40 39 32 30 27 28 31 9 14 20 32 29 29 30 29 29 26 24 13 8 5 19 16 15 14 16 14 18 19 8 11 5 6 
129 118 104 75 51 36 20 23 9 30 32 29 24 16 24 23 22 20 9 23 29 25 30 34 27 18 9 3 23 9 10 23 26 12 13 19 22 18 6 7 13 31 30 39 29 24 22 18 23 7 12 1 21 14 15 14 14 17 15 17 16 12 8 12 
66 59 56 39 35 30 21 21 9 27 35 24 17 17 29 27 23 13 9 35 49 44 40 36 25 25 7 11 27 15 17 15 22 6 3 7 11 3 6 7 14 31 35 42 35 33 37 31 25 11 12 9 14 10 17 23 16 15 17 18 18 13 8 18 
23 21 28 12 21 18 22 24 10 18 26 25 18 14 25 26 16 1 22 44 61 60 51 37 22 33 30 18 26 7 12 12 20 6 8 14 14 8 6 7 8 23 31 38 41 32 25 13 15 17 12 15 7 3 12 17 20 25 37 43 44 38 28 29 
12 10 14 15 18 1 15 26 25 23 15 10 16 18 19 17 7 16 35 50 62 63 58 47 24 22 35 36 41 27 8 9 20 11 17 22 13 7 7 11 9 14 20 26 37 31 20 5 13 18 13 12 7 12 18 16 33 26 31 41 38 33 20 20 
15 15 16 11 9 16 17 24 21 21 19 15 22 23 13 5 12 33 43 52 61 59 56 55 38 17 13 21 34 29 17 14 18 17 15 24 10 9 9 9 12 8 10 21 32 31 23 13 14 15 19 20 21 19 13 16 36 22 17 18 19 36 27 24 
10 6 10 11 15 17 11 15 8 0 11 13 23 22 23 27 33 45 44 46 51 47 47 58 46 30 19 23 32 26 20 12 4 15 12 18 10 9 11 10 9 6 6 8 18 24 13 15 13 13 24 26 25 20 17 16 28 20 16 25 33 39 29 24 
26 23 18 11 4 12 14 15 7 7 23 24 35 47 50 46 43 43 35 38 37 31 32 48 43 34 24 29 33 27 22 9 9 10 16 15 15 9 7 7 10 12 14 5 12 30 31 24 23 21 30 31 31 26 11 3 21 28 27 24 29 32 26 14 
14 8 5 11 15 21 25 20 10 14 24 18 20 25 27 30 35 35 29 32 35 31 27 24 29 35 40 44 34 27 18 10 20 19 21 15 21 18 15 15 9 10 18 7 10 17 24 17 24 25 30 28 27 21 10 9 13 30 38 38 43 43 36 26 
21 15 14 13 13 21 27 25 22 20 20 16 26 27 29 29 28 24 21 16 18 24 26 14 24 37 49 51 34 24 15 23 28 29 29 17 18 9 15 26 13 21 31 24 27 15 10 12 23 24 29 24 26 11 9 15 20 15 22 33 38 33 29 24 
16 14 16 8 12 22 26 16 15 19 27 31 35 33 35 28 24 19 18 13 6 19 25 27 24 16 24 21 20 18 16 32 36 41 41 25 24 14 27 40 25 23 26 18 27 16 12 16 26 24 26 18 30 12 12 20 30 19 13 19 25 24 25 22 
22 20 24 22 24 34 42 36 32 33 26 15 17 20 27 20 17 16 15 8 21 26 29 37 19 5 22 20 26 26 21 30 29 33 39 18 14 12 31 40 9 4 15 20 34 23 16 23 28 21 19 5 28 8 13 16 22 11 9 12 16 16 18 20 
24 22 27 25 30 39 44 44 38 41 37 29 30 34 34 23 20 21 16 15 24 21 26 39 15 9 15 15 26 27 21 27 27 32 39 19 20 14 33 38 20 28 32 29 28 17 24 30 24 18 10 5 25 8 12 17 24 25 22 20 23 25 29 37 
24 25 29 25 35 39 37 36 27 34 25 11 8 11 11 7 7 19 9 15 27 23 23 33 14 17 18 18 24 26 19 26 23 25 39 9 20 16 27 31 20 29 25 18 12 11 22 20 9 14 6 9 18 14 12 8 8 18 20 16 18 17 16 16 
30 31 30 26 39 36 26 23 23 32 22 15 9 8 16 14 9 13 11 26 33 22 16 20 8 26 23 25 19 30 21 24 24 23 39 12 18 14 19 23 22 36 30 36 25 19 24 13 7 15 14 18 18 16 17 18 24 29 27 19 12 9 9 9 
38 38 33 29 35 29 17 13 36 31 19 27 19 12 22 12 15 6 23 34 33 24 21 17 14 27 5 12 6 27 28 21 16 21 32 9 14 16 18 22 32 43 37 44 38 30 37 31 22 30 25 19 16 17 23 25 30 33 27 15 9 3 14 22 
36 38 33 36 36 24 13 7 38 24 15 29 24 16 25 8 19 24 29 27 25 15 21 11 12 31 21 20 13 9 19 23 21 20 26 9 3 3 9 8 16 29 20 18 27 28 43 46 29 37 34 26 21 15 23 27 31 31 24 13 9 12 24 29 
29 35 33 37 37 25 17 12 41 24 21 33 26 20 26 8 24 30 27 21 23 18 24 16 13 24 21 21 21 15 4 9 6 11 20 12 21 20 15 16 22 35 30 12 20 24 45 55 35 37 34 28 25 12 15 9 23 23 21 20 8 4 20 26 
27 31 25 31 30 26 18 22 42 26 20 28 19 18 27 19 31 38 35 15 10 9 14 9 9 15 18 8 18 24 27 23 18 13 14 12 16 16 9 14 19 35 31 18 16 13 34 54 37 29 21 10 30 25 24 21 25 21 21 22 17 7 14 25 
27 24 23 27 25 28 11 23 31 23 15 19 11 15 23 14 30 39 46 30 20 20 12 5 6 11 25 21 25 33 32 31 32 17 11 18 14 15 10 15 24 34 19 20 21 18 31 46 32 16 4 9 42 33 25 15 15 12 19 24 25 15 3 14 
22 13 22 21 25 32 9 21 19 19 14 8 7 20 25 8 22 26 43 29 10 12 13 8 9 11 27 33 27 27 22 10 25 3 6 23 23 24 20 11 21 33 19 20 15 12 26 33 21 15 20 29 51 39 30 18 18 15 25 28 33 22 15 16 
21 12 20 15 20 34 12 17 10 18 17 11 14 26 29 11 19 17 44 33 9 12 20 13 11 18 25 37 26 26 29 13 32 13 12 25 30 35 34 12 21 39 33 33 19 12 25 25 11 21 33 40 56 43 35 22 25 23 37 36 39 28 28 23 

15 28 16 22 12 21 43 42 34 49 48 19 15 26 35 36 29 28 28 26 32 25 32 27 25 28 22 15 5 22 23 29 21 17 32 66 106 133 157 190 180 136 107 84 43 28 26 34 17 5 6 12 26 12 16 21 25 22 42 18 44 12 26 37 
43 40 31 33 26 28 42 43 33 45 41 17 18 28 35 32 27 22 25 27 36 26 26 22 16 19 12 12 6 19 30 31 25 26 43 80 121 152 171 192 170 126 100 75 39 24 25 28 12 9 8 13 24 14 19 18 16 12 33 7 31 16 28 42 
39 41 36 38 29 24 35 33 23 37 34 19 22 32 40 37 34 25 22 32 41 33 30 20 15 20 20 18 12 16 26 34 32 42 72 115 157 184 192 195 158 112 87 61 27 14 15 16 11 14 11 16 23 21 22 14 4 12 27 7 24 5 8 19 
24 22 15 25 15 14 33 28 23 30 25 24 27 38 44 39 36 31 24 33 43 32 27 18 18 29 39 29 20 26 20 27 39 68 113 159 196 212 208 189 140 95 75 56 34 32 32 24 20 12 15 26 27 25 18 12 12 18 32 21 27 10 3 12 
27 21 18 26 28 32 42 35 22 18 20 29 32 41 42 36 33 29 21 32 44 29 14 12 18 25 47 46 39 47 30 39 62 101 155 191 207 204 180 140 87 54 47 34 13 14 18 18 30 18 22 31 29 39 25 18 25 31 40 31 21 12 17 21 
11 13 19 23 23 25 36 28 14 22 27 35 30 31 30 23 25 23 15 33 32 19 24 23 24 21 24 31 28 51 36 53 86 135 190 208 198 180 138 90 53 36 30 31 37 41 39 31 36 28 27 29 33 52 35 17 12 18 32 28 18 12 13 9 
31 29 29 27 26 34 44 38 25 27 29 36 30 18 15 8 18 20 14 25 29 31 36 39 41 36 15 15 9 35 45 83 126 174 212 206 177 147 101 58 39 30 14 13 20 21 23 20 31 33 32 33 35 51 38 23 21 21 32 28 14 5 17 23 
33 30 30 28 25 30 32 26 19 20 21 24 21 12 19 19 19 28 24 18 21 30 39 43 51 55 38 18 6 27 75 134 179 215 223 194 149 109 65 34 29 21 3 10 17 21 30 34 39 42 42 41 38 48 40 23 18 23 30 31 14 9 25 34 
10 11 16 16 13 22 19 10 12 12 15 15 16 21 30 35 38 42 34 21 10 25 36 39 46 59 57 27 30 69 124 174 208 223 199 152 102 62 28 16 25 16 4 14 17 27 35 39 42 48 44 36 27 30 26 12 24 34 35 34 27 24 29 34 
10 8 9 16 26 32 23 12 9 6 15 17 22 28 37 43 40 37 26 12 25 38 34 29 33 40 60 45 68 128 175 198 211 199 149 95 55 32 19 20 27 12 9 16 13 24 29 35 40 50 43 36 28 20 18 21 33 37 36 32 23 9 22 28 
13 12 13 24 24 23 12 22 28 29 31 28 27 30 37 45 40 35 31 18 29 40 27 9 15 32 75 94 130 188 217 212 198 160 98 56 33 24 22 26 26 15 17 21 24 35 33 30 34 43 33 26 14 6 13 27 35 28 27 22 17 5 22 24 
14 9 9 20 17 19 15 30 27 28 29 23 26 21 25 33 32 26 25 20 29 45 32 20 39 66 118 155 187 225 229 200 164 113 56 31 15 9 10 17 21 14 11 22 27 32 27 25 38 38 21 16 11 13 17 29 35 32 27 24 19 6 21 18 
23 21 23 30 29 31 30 43 30 18 14 14 26 12 19 26 33 26 28 27 23 46 31 32 68 109 161 194 207 214 195 150 104 57 27 23 13 4 11 18 24 29 20 6 13 22 32 33 31 20 15 21 21 19 20 30 35 29 20 23 16 5 20 23 
25 23 26 27 18 12 14 33 26 19 14 9 23 16 27 28 42 36 37 35 19 38 27 60 113 160 199 221 213 190 152 103 61 37 32 28 18 15 14 20 20 25 30 21 24 24 36 39 19 7 21 25 24 18 15 22 30 23 20 22 15 16 15 12 
22 16 17 18 6 16 20 33 32 23 11 7 19 10 23 9 25 24 28 26 5 31 54 107 167 203 220 223 194 147 98 55 39 36 33 29 21 23 21 23 23 24 33 22 27 27 39 36 11 6 21 22 24 19 17 21 23 22 31 19 14 20 20 17 
36 28 18 14 13 13 8 24 28 17 18 26 30 24 28 20 22 28 36 34 41 64 100 155 206 223 218 197 147 85 40 24 38 33 24 17 11 17 15 18 16 29 36 28 31 29 40 34 11 7 16 20 25 24 22 28 30 26 30 10 18 32 37 37 
25 24 6 13 28 23 18 16 23 21 18 18 19 19 19 8 10 22 38 40 64 99 141 188 221 220 195 158 105 43 12 20 31 18 21 23 24 29 23 25 24 24 33 40 42 38 39 25 4 8 7 10 18 23 24 32 36 27 23 10 21 33 39 36 
25 31 22 28 41 32 29 23 22 16 6 11 18 19 16 12 14 27 58 75 107 145 179 206 219 201 159 119 74 31 14 13 18 12 27 25 20 23 12 18 27 30 25 25 26 27 25 8 20 22 17 16 11 18 27 41 49 37 20 11 15 27 31 22 
16 29 17 23 38 18 15 13 16 19 7 10 18 17 18 24 25 48 91 116 150 181 195 198 189 157 112 75 42 20 27 18 2 16 23 18 13 17 11 16 26 32 37 28 14 9 11 21 18 17 13 18 26 13 20 36 48 41 24 27 30 31 24 11 
14 30 27 32 40 15 6 8 22 27 17 15 20 16 16 21 23 59 111 140 170 192 186 168 144 114 78 52 34 24 35 20 12 23 19 19 23 26 23 22 22 20 29 23 15 14 10 13 9 13 8 7 29 21 13 19 33 49 28 20 22 10 15 21 
39 32 31 34 32 14 7 17 28 26 16 13 16 9 16 30 47 93 153 177 190 194 169 130 104 87 55 38 36 33 42 29 15 18 17 20 21 18 15 12 6 13 22 19 17 19 11 11 10 14 15 3 23 20 21 23 27 45 28 25 32 31 32 33 
30 28 29 31 27 17 18 23 26 21 14 14 15 19 39 62 93 146 196 203 193 179 133 80 63 58 27 21 30 32 45 31 8 10 17 25 21 14 15 9 13 13 21 26 24 23 20 24 18 13 18 5 20 18 22 20 16 33 25 27 30 28 29 29 
26 23 24 28 27 15 12 20 26 21 18 21 27 41 66 96 133 176 207 196 172 148 98 45 34 39 12 14 22 30 49 36 11 6 18 32 24 18 24 10 17 10 9 16 14 15 26 31 32 32 35 24 28 34 37 32 23 21 12 22 27 27 30 31 
15 13 21 20 19 15 6 18 21 11 8 20 37 62 94 126 160 192 204 179 149 120 71 32 23 28 11 6 15 29 53 38 20 10 16 33 18 17 30 18 27 20 19 25 21 15 23 22 20 23 28 26 25 33 39 35 26 16 8 24 20 24 22 24 
24 23 29 25 21 22 18 21 16 6 18 39 59 96 134 162 187 202 189 148 116 81 37 18 14 19 9 2 10 30 48 32 21 14 14 26 12 15 33 21 35 31 33 36 27 22 29 26 19 15 12 21 13 19 34 32 29 24 13 23 17 28 26 33 
12 12 25 28 30 18 12 15 12 13 38 67 95 138 167 179 192 180 141 93 64 33 16 25 24 27 24 21 22 25 33 21 17 18 16 15 13 21 37 36 47 46 45 42 34 33 39 31 18 16 11 23 19 18 34 30 29 28 19 14 16 21 12 20 
6 10 23 27 29 20 14 15 13 24 62 100 133 171 181 174 168 135 86 47 33 15 17 19 15 24 28 29 26 21 19 19 24 24 18 11 14 15 26 33 46 48 48 44 37 38 43 34 17 13 8 18 22 16 25 14 14 22 21 20 24 22 15 14 
23 23 28 29 25 20 9 19 26 55 101 142 171 194 187 159 134 100 54 26 26 13 13 15 19 17 16 19 20 20 12 7 10 15 12 15 20 14 11 20 36 38 38 35 35 36 31 29 18 23 27 27 33 33 25 13 5 13 9 8 17 14 6 8 
32 33 28 29 21 14 12 33 59 109 158 189 197 195 164 119 92 67 33 22 30 22 21 23 24 22 24 27 26 23 18 8 6 14 18 24 24 15 5 14 28 30 32 30 33 29 18 21 15 34 29 31 43 40 29 23 17 28 24 25 27 19 13 15 
20 20 22 21 11 14 30 57 100 154 193 207 197 168 123 84 62 41 22 15 23 25 24 28 36 38 42 44 38 30 24 13 12 24 28 31 33 28 21 16 16 19 29 30 26 21 15 20 24 36 18 13 30 25 29 27 24 37 24 23 21 14 11 7 
9 8 24 21 26 48 67 96 142 189 208 207 182 138 93 62 37 19 12 6 8 11 6 11 13 16 25 24 26 25 21 19 26 41 40 37 35 27 18 13 4 18 29 22 13 15 16 23 21 24 13 9 22 24 27 23 23 39 16 18 13 7 23 26 
4 15 28 22 39 74 98 133 180 210 206 193 153 99 61 37 21 8 7 9 6 11 5 5 11 19 29 28 23 14 13 19 30 37 27 24 27 31 35 33 31 35 33 21 10 9 15 19 16 15 13 6 13 14 17 20 25 40 18 24 16 9 29 20 
25 24 37 35 65 110 129 165 205 208 184 162 111 60 38 25 21 18 13 16 15 15 17 12 16 18 18 13 8 8 11 5 18 20 16 21 27 34 34 25 22 27 28 23 18 7 14 22 21 22 14 5 8 19 20 18 24 35 17 18 21 17 30 25 
26 31 51 61 107 157 169 191 206 180 144 118 69 40 36 34 29 26 25 26 30 25 21 11 10 14 10 10 9 8 14 3 16 12 23 30 29 27 27 15 15 18 12 14 13 12 20 23 12 12 9 12 13 23 19 16 13 23 27 24 21 22 25 19 
21 37 67 94 148 192 192 191 175 129 90 70 31 15 19 14 12 22 31 34 37 33 22 13 12 16 17 13 11 15 21 11 10 16 36 37 41 41 37 26 20 24 1 27 22 23 29 16 2 8 12 14 16 16 16 13 9 9 13 19 16 21 20 17 
43 64 100 134 175 201 184 161 129 84 50 36 24 21 24 21 17 26 35 33 31 28 26 22 17 11 8 7 14 19 23 30 32 36 46 36 31 29 29 27 18 22 10 31 8 12 21 9 10 9 9 12 21 21 24 23 31 29 26 26 18 21 16 16 
75 102 142 167 186 189 149 111 74 37 19 16 15 18 21 16 12 23 24 26 24 20 22 15 12 9 10 5 14 16 29 40 39 39 39 19 20 22 40 53 50 47 25 23 10 21 32 24 17 10 4 9 27 25 21 16 17 15 13 19 14 22 18 23 
96 127 162 176 178 163 114 73 35 14 11 14 17 20 24 20 9 21 20 21 19 17 23 17 21 19 10 3 14 17 33 29 26 28 23 12 35 29 36 47 44 51 34 15 6 8 18 20 14 12 9 10 29 27 27 21 22 26 16 21 14 19 18 22 
133 154 174 172 153 128 80 41 18 15 11 20 25 31 29 29 16 10 6 8 11 21 33 30 35 31 13 3 14 22 45 23 15 16 9 21 40 29 25 35 34 44 36 9 13 18 19 21 13 14 18 17 28 23 25 17 16 22 15 23 14 18 21 23 
164 175 177 154 119 90 42 13 13 14 9 10 7 23 18 18 11 7 10 9 12 21 23 20 35 36 18 18 19 28 53 13 4 11 5 28 41 33 24 25 27 42 43 19 19 21 24 25 17 11 12 13 23 24 24 17 16 18 14 23 11 14 19 23 
153 155 150 124 90 63 29 10 12 15 5 11 17 24 28 25 16 18 24 24 17 15 15 20 36 36 23 24 20 28 53 30 19 16 10 24 40 35 19 19 28 42 40 7 12 17 22 20 13 13 10 13 12 24 29 23 24 22 22 27 14 5 11 14 
125 124 120 99 71 55 42 30 9 13 11 13 15 24 32 23 15 17 12 16 12 6 13 25 33 29 19 18 12 16 37 37 33 32 31 15 30 35 20 21 20 29 28 18 22 24 25 14 11 13 6 10 15 24 22 13 21 30 35 31 15 4 4 9 
105 104 97 69 41 33 29 35 14 15 16 23 26 30 36 27 21 22 16 26 25 24 29 33 32 21 16 16 15 10 16 28 29 25 25 19 22 27 5 3 1 22 15 17 15 17 22 19 20 11 8 4 20 24 22 24 27 32 31 23 15 15 16 16 
76 72 63 35 24 25 27 33 14 15 26 35 35 34 41 30 24 22 22 36 34 33 35 35 30 20 16 19 21 11 15 18 19 9 15 18 21 16 4 3 8 27 8 21 6 15 26 17 22 8 9 3 18 18 20 20 18 24 21 16 15 13 14 12 
21 23 28 5 20 16 22 27 14 18 30 35 33 31 35 21 23 22 29 41 39 33 37 39 34 28 21 23 27 17 19 12 19 6 4 8 11 7 2 2 7 24 5 19 15 25 41 29 23 11 7 12 11 12 20 24 17 16 9 4 7 7 9 7 
12 15 26 19 30 16 19 24 12 14 20 26 25 18 20 12 18 25 33 40 41 32 24 22 27 38 40 30 32 24 26 18 20 11 8 5 12 9 7 12 17 29 17 16 24 21 31 15 12 18 11 16 3 8 16 16 14 12 25 32 36 33 24 21 
15 10 20 29 35 29 26 29 22 19 15 16 21 18 13 13 26 36 41 40 36 31 26 12 12 30 51 52 51 39 29 19 18 11 12 14 20 15 11 11 12 23 9 13 30 26 27 10 12 19 15 17 14 15 16 12 29 24 30 42 38 28 11 3 
11 9 14 19 27 33 33 35 31 27 23 25 27 23 10 12 27 38 38 35 33 27 28 23 12 17 37 47 57 51 36 20 15 14 12 16 20 14 13 9 14 16 11 18 25 24 22 13 18 18 25 28 24 18 10 18 37 30 27 32 31 37 25 22 
6 1 11 18 31 36 35 27 16 9 5 14 24 28 31 36 36 37 27 26 27 24 29 34 16 11 22 41 55 50 36 19 10 14 12 12 18 13 15 9 7 10 17 11 15 21 15 13 20 13 23 21 14 18 21 23 30 28 25 32 38 37 25 22 
28 26 21 16 26 30 34 27 17 18 27 33 43 57 62 57 48 37 25 20 14 12 24 39 29 20 14 38 48 44 33 18 14 10 13 14 22 11 10 5 13 11 21 11 16 30 32 21 25 12 17 14 19 23 17 3 16 27 25 29 37 37 35 32 
16 12 4 6 24 30 37 35 26 20 16 6 13 17 20 23 28 24 18 22 24 20 9 22 29 34 37 42 37 33 21 18 24 25 28 27 32 24 12 9 17 16 22 9 13 22 26 18 28 13 15 14 21 21 14 11 17 30 36 39 44 41 35 28 
16 13 13 15 26 32 37 36 29 21 15 6 18 13 13 16 15 9 6 6 13 20 11 11 27 36 42 44 27 20 6 27 30 26 26 24 27 15 12 18 23 28 36 30 29 16 9 16 27 14 14 15 17 6 3 20 25 18 25 32 28 14 11 10 
8 3 11 16 25 34 39 38 34 27 32 30 28 24 22 14 8 4 6 13 20 24 17 20 26 24 27 24 12 13 10 36 35 39 34 22 27 15 23 32 31 32 37 30 32 19 6 15 27 14 12 14 22 7 7 27 33 15 8 13 10 16 18 15 
12 12 19 24 28 39 48 42 38 28 24 10 5 14 18 18 16 14 13 23 30 30 27 31 24 18 19 15 19 18 17 33 33 40 35 25 26 10 24 34 25 19 23 13 28 18 3 17 28 10 9 14 23 6 7 24 26 12 12 15 17 18 16 21 
22 23 28 28 29 42 53 58 55 46 43 34 33 38 38 33 31 30 26 33 33 29 26 28 12 14 10 6 18 14 10 26 25 33 29 22 24 3 21 33 27 22 26 19 21 15 18 24 25 12 12 9 21 10 11 24 28 28 23 23 30 29 30 39 
20 21 24 19 25 41 50 55 43 35 31 15 10 12 9 14 21 30 24 32 34 29 23 22 6 18 15 10 18 19 9 26 22 31 35 14 25 7 15 32 23 15 18 16 15 13 15 13 13 15 18 5 14 16 5 12 15 27 28 24 25 20 18 17 
13 14 13 15 27 36 35 30 24 24 23 19 13 6 14 19 20 27 24 36 34 26 21 18 13 25 21 20 16 25 8 20 24 27 38 18 21 3 11 27 21 25 33 42 34 24 23 15 9 20 25 22 18 20 15 23 33 35 33 24 11 5 9 11 
15 16 10 14 15 22 23 18 37 24 18 29 18 11 19 15 22 18 32 42 34 27 21 17 19 30 16 15 13 23 17 15 14 22 29 7 16 15 12 21 25 37 43 47 42 27 27 25 13 20 17 7 8 14 9 18 25 22 21 14 7 4 9 12 
16 16 17 29 16 15 22 16 45 13 13 38 20 11 22 5 24 20 26 26 21 15 15 6 9 27 18 17 15 11 7 18 20 23 24 7 8 9 8 5 7 25 30 18 29 22 27 32 19 23 15 19 28 31 30 33 34 28 25 10 7 11 17 21 
10 15 20 35 25 21 27 18 48 11 9 35 10 8 24 2 27 23 24 20 14 6 14 9 6 17 12 10 12 9 11 10 12 18 20 13 20 19 16 15 17 29 34 13 25 25 33 36 19 19 15 27 29 33 27 22 27 13 16 14 10 11 15 23 
12 14 19 32 23 27 29 34 51 20 18 29 8 16 30 15 29 30 35 24 11 9 9 8 7 12 15 16 20 22 30 22 20 19 15 18 18 18 16 15 18 31 29 10 16 18 29 37 24 18 16 18 21 30 25 26 32 15 21 17 8 7 11 25 
21 15 21 25 18 26 17 28 33 4 9 21 12 19 29 14 27 36 50 37 22 19 12 3 5 15 28 27 25 26 31 25 29 17 9 26 18 19 20 19 26 29 13 23 28 29 31 31 25 16 18 14 31 31 23 21 25 9 17 15 5 9 15 21 
24 14 20 15 19 34 15 21 20 16 23 31 32 36 35 15 11 22 50 41 21 19 19 6 8 21 31 37 23 15 24 11 26 7 4 33 30 29 30 22 30 30 15 16 13 21 28 23 18 10 17 9 40 34 25 19 28 16 19 12 8 10 22 22 
27 18 18 7 18 39 20 16 6 16 32 40 40 45 41 20 5 15 51 47 25 21 28 11 14 30 32 38 17 11 30 21 34 16 13 39 37 32 42 27 34 35 22 28 16 20 30 19 9 13 24 18 47 34 26 24 37 28 31 22 11 17 31 23 

14 27 23 14 7 15 34 39 37 50 45 20 18 21 15 16 16 25 38 27 43 44 49 44 28 26 23 17 15 25 30 13 12 13 45 89 133 153 167 179 143 85 65 54 19 32 31 37 28 31 27 20 23 9 2 8 15 15 36 21 55 27 36 42 
39 39 33 28 22 24 33 39 37 50 40 19 15 22 17 6 8 13 32 35 50 48 47 40 27 24 20 14 6 11 25 17 9 27 69 112 152 171 176 172 126 72 59 51 23 25 32 33 27 32 29 24 22 6 12 13 13 11 29 12 37 26 39 49 
46 46 39 34 25 18 28 32 32 44 34 18 12 19 18 9 12 3 15 28 43 40 38 31 25 22 20 15 9 11 19 24 27 64 112 155 188 198 187 165 110 61 53 48 23 8 10 9 22 31 31 27 21 16 20 12 7 9 24 3 25 11 21 30 
37 32 22 22 12 12 28 24 27 34 27 18 11 21 16 8 11 9 6 23 39 29 28 23 25 32 38 29 21 24 10 32 59 108 156 191 210 207 186 148 90 53 53 51 35 29 27 18 30 30 28 27 21 22 21 12 11 19 33 25 28 13 10 18 
33 23 18 22 22 24 31 19 12 20 21 20 3 19 12 11 8 9 10 28 43 28 15 14 20 25 42 46 44 49 37 66 102 150 195 210 204 184 147 96 43 26 40 41 26 10 11 20 40 33 27 26 19 34 30 21 21 24 34 30 19 13 16 23 
16 12 14 16 18 24 34 24 13 20 21 27 13 19 19 15 15 19 21 36 38 19 11 7 16 18 12 28 33 50 57 97 136 181 216 210 180 150 106 58 21 25 32 37 42 45 46 46 48 37 25 17 11 42 40 22 14 10 19 24 19 22 23 19 
22 21 21 21 23 34 45 36 21 17 19 34 24 9 13 17 26 34 36 42 40 34 34 33 33 34 18 21 25 44 80 130 168 199 211 183 139 109 71 35 15 25 20 25 34 37 39 41 36 28 20 14 10 40 40 23 16 16 26 36 29 26 27 18 
31 29 29 24 23 28 33 23 11 11 18 33 26 15 20 27 33 41 39 32 27 26 36 43 46 50 39 30 44 79 131 181 207 214 199 152 102 72 41 15 14 21 15 23 27 28 32 38 33 28 23 19 15 35 37 11 11 25 31 42 33 29 33 25 
17 14 13 6 10 20 23 18 18 14 21 27 22 22 30 40 44 49 46 31 12 18 33 42 46 56 66 58 82 132 181 209 213 202 166 111 68 44 19 6 21 20 17 23 22 22 25 27 22 25 18 9 5 26 36 13 18 32 35 42 44 38 37 28 
12 8 9 14 18 23 19 7 9 13 24 23 20 31 42 51 55 57 49 27 9 37 41 42 40 49 90 98 126 180 209 203 188 161 108 60 38 27 18 12 23 15 23 24 22 17 19 23 19 27 14 19 21 23 31 16 26 39 43 46 48 32 30 24 
11 11 15 21 13 16 12 25 31 31 36 27 21 34 42 52 57 58 52 31 16 44 42 46 54 74 127 149 175 217 221 190 158 117 62 35 23 21 21 22 21 20 27 28 30 31 28 23 15 24 11 21 20 16 22 19 29 31 30 30 34 16 22 19 
12 10 13 13 5 16 15 30 23 22 27 18 24 32 39 44 49 48 43 30 11 41 42 57 82 117 170 196 209 226 209 162 118 72 28 26 14 15 14 15 10 15 27 36 41 37 23 7 19 22 14 27 26 21 22 23 29 26 21 23 31 17 23 26 
25 23 23 22 26 34 31 39 22 12 18 11 29 27 37 39 45 42 39 34 9 39 45 79 120 161 202 214 204 193 159 105 55 20 20 27 14 14 15 13 17 22 21 14 18 21 19 21 24 24 32 38 33 27 25 24 23 16 10 23 27 13 15 21 
24 22 24 26 30 30 24 31 15 12 16 6 22 23 36 33 41 39 38 36 8 33 60 116 167 204 225 223 195 157 116 66 27 24 24 23 13 17 13 15 27 25 32 30 33 30 27 26 18 30 42 39 31 23 20 17 18 15 19 26 28 24 21 13 
26 18 16 19 22 22 18 29 22 16 11 10 21 21 35 23 25 23 31 34 28 52 97 159 207 225 223 204 160 109 68 31 30 36 28 25 21 27 21 24 29 5 23 21 25 26 26 21 12 25 37 33 30 27 24 20 10 17 32 22 21 14 7 4 
40 29 21 20 23 17 10 24 21 13 22 26 29 24 33 23 23 31 47 60 73 100 145 198 228 222 198 161 105 54 30 27 42 37 22 12 13 24 21 25 30 14 18 15 19 23 28 25 15 19 29 31 31 29 27 25 18 21 35 16 18 20 21 22 
31 26 15 16 27 22 20 21 14 13 24 26 24 21 28 15 16 31 55 76 102 136 180 218 224 202 167 124 71 32 24 26 33 19 15 15 24 31 23 26 29 8 18 26 28 26 22 18 9 11 19 24 25 29 26 24 17 17 31 13 19 23 27 30 
28 27 18 20 32 27 25 24 16 19 19 27 27 25 25 15 24 46 83 113 143 173 199 211 198 166 126 87 48 33 22 20 21 12 20 13 15 20 13 20 29 26 17 6 15 18 16 6 15 16 12 11 6 21 30 35 35 20 22 14 26 36 38 36 
22 27 14 11 31 18 13 17 13 24 18 26 27 20 16 21 36 72 121 154 180 195 193 178 149 113 78 46 21 29 27 23 11 15 18 9 9 15 11 20 30 33 36 29 19 9 8 17 13 18 13 15 24 12 23 33 41 31 16 22 33 42 39 29 
23 35 28 22 35 19 9 12 13 24 10 18 21 12 12 26 45 94 147 175 192 191 167 136 104 76 54 30 24 31 31 24 12 18 18 16 17 20 24 29 26 21 26 22 14 13 7 13 3 13 7 12 34 20 2 12 30 44 18 8 18 3 6 9 
23 20 26 24 29 21 11 14 20 24 17 23 24 19 30 54 84 136 187 199 193 174 132 92 68 57 41 23 30 37 36 31 17 14 17 19 15 15 20 15 13 12 19 18 9 12 3 12 7 14 11 16 38 27 13 8 26 46 24 19 24 22 25 27 
19 15 20 20 27 26 21 22 21 22 18 21 25 35 64 96 133 180 214 201 173 141 88 41 31 37 21 9 14 29 36 27 9 4 15 22 13 9 21 8 14 7 12 19 11 15 8 20 16 15 15 13 37 27 20 10 21 44 31 32 36 36 39 40 
15 12 15 18 27 24 16 17 21 21 21 27 41 65 98 130 163 193 204 174 137 103 54 15 19 36 30 26 12 17 41 35 18 8 14 28 15 13 29 16 23 19 21 30 24 19 17 25 25 29 27 22 36 33 28 15 16 34 29 39 46 45 47 53 
17 12 11 9 22 27 14 9 15 16 23 37 59 93 127 153 174 191 184 143 107 78 42 30 23 31 29 28 21 4 39 35 24 17 9 28 11 6 29 24 40 39 43 50 40 29 27 28 12 22 26 30 35 38 38 25 15 23 22 35 40 45 44 50 
24 19 12 13 21 33 25 14 16 19 39 60 85 130 163 176 187 187 157 107 76 49 21 25 21 28 32 34 29 22 40 32 22 16 12 26 7 12 26 30 54 53 57 56 44 34 36 36 12 9 10 22 23 26 36 26 19 20 15 27 31 40 35 41 
19 13 3 19 20 24 22 11 18 30 65 93 123 168 184 179 179 157 106 56 35 14 13 26 23 30 33 36 29 15 29 21 15 15 13 18 16 29 34 41 60 56 58 54 46 40 45 40 8 8 8 18 23 20 27 18 14 19 21 18 20 29 16 20 
23 15 5 17 17 22 20 11 23 49 95 130 153 182 176 152 138 106 57 21 18 8 11 17 8 15 18 21 16 6 21 21 23 24 18 16 21 25 11 23 46 41 44 44 41 39 46 42 11 3 3 15 27 24 24 16 10 11 15 18 24 31 28 28 
31 27 20 19 19 21 20 34 56 96 143 172 177 186 163 120 98 75 33 14 20 9 13 17 23 22 14 8 4 15 15 10 13 18 16 19 29 34 16 10 33 27 32 36 42 41 35 34 15 15 22 21 29 27 18 19 21 21 19 17 15 14 11 17 
34 33 25 20 18 14 37 69 107 158 197 208 193 177 133 82 63 50 21 18 29 18 20 19 12 12 12 11 9 16 14 10 15 15 16 23 30 31 19 13 28 24 27 32 38 31 21 25 14 28 31 33 41 35 25 23 23 34 33 30 28 24 23 27 
24 25 26 14 6 36 69 110 156 197 213 204 168 130 82 46 33 27 16 15 27 29 29 31 35 36 36 33 26 25 22 18 19 25 29 32 37 35 24 10 18 19 30 34 33 25 15 21 24 28 25 28 35 29 30 26 23 33 19 18 13 13 18 22 
21 19 31 19 34 80 114 153 195 218 210 183 131 83 43 18 6 15 16 14 20 22 19 19 17 16 22 25 32 37 35 29 31 42 42 36 35 30 17 9 13 22 32 28 24 19 16 15 15 18 24 26 27 22 21 17 19 32 7 15 12 19 30 32 
16 21 37 33 65 119 148 184 219 223 192 155 94 45 21 19 23 16 13 10 18 24 19 15 11 12 19 22 28 36 42 39 40 44 31 20 22 22 24 27 26 29 31 24 19 18 19 16 18 16 23 21 18 13 11 12 18 30 3 17 12 19 31 24 
30 34 55 66 112 163 179 202 222 200 155 115 54 18 26 32 38 28 13 4 15 29 28 19 19 15 13 12 18 28 38 36 36 34 18 10 13 18 20 20 22 30 34 31 27 21 22 25 26 28 23 16 9 16 14 7 16 26 13 9 14 19 30 28 
29 45 79 105 162 204 202 204 195 150 103 72 24 22 34 43 44 37 21 10 10 23 30 19 19 18 5 7 10 19 32 30 28 20 10 18 13 16 21 10 9 21 25 22 22 20 22 28 11 11 10 15 17 14 12 8 13 25 33 29 24 25 23 16 
43 70 108 145 196 219 198 179 145 93 56 42 27 25 29 35 33 34 22 9 10 14 18 10 15 17 10 12 7 17 27 21 15 14 26 34 36 37 38 27 22 26 14 26 19 18 19 17 10 16 15 15 23 17 24 16 15 14 16 21 18 21 18 14 
84 110 146 180 208 207 170 136 96 54 28 23 31 30 23 26 24 32 23 4 9 20 27 25 21 11 12 20 17 11 11 21 26 32 39 40 37 39 39 28 19 21 13 36 10 9 15 9 6 8 7 16 31 27 35 28 32 30 25 28 21 22 17 16 
117 145 176 194 198 177 125 87 49 19 9 13 21 24 15 14 17 33 28 21 16 14 21 17 11 10 10 19 22 19 26 33 33 35 36 26 13 11 28 39 39 41 27 39 18 22 30 23 14 9 6 16 32 18 31 25 26 24 15 25 16 24 24 28 
142 165 182 182 169 137 85 54 26 10 10 11 17 24 16 13 7 22 26 23 21 22 28 26 23 25 7 17 23 24 36 33 30 32 26 13 23 24 38 47 50 61 45 40 13 3 17 21 16 18 17 15 26 15 32 26 29 28 13 24 6 17 21 21 
171 182 182 162 131 96 51 27 12 5 6 15 22 33 28 27 19 5 12 17 24 33 41 38 37 38 12 17 23 25 48 35 26 24 14 16 32 29 32 39 46 59 47 34 12 5 11 13 8 14 17 17 19 10 24 16 19 17 20 29 16 17 16 14 
180 183 167 132 96 65 25 13 11 9 5 9 4 24 24 24 22 11 4 5 9 15 18 15 31 41 13 13 21 22 51 27 21 23 6 23 36 35 34 36 39 49 41 27 21 8 11 15 14 16 8 11 13 22 27 16 17 12 27 34 20 12 8 7 
142 140 124 98 72 48 25 16 15 13 6 5 12 26 36 35 30 27 19 16 3 11 19 23 35 41 24 21 22 19 47 30 26 27 12 22 34 35 31 30 33 40 34 13 21 12 11 14 10 17 9 11 11 33 33 25 23 15 27 31 15 4 2 7 
100 99 92 76 56 43 37 31 15 10 12 22 28 39 50 46 37 35 18 16 8 4 11 20 32 35 29 26 17 10 33 33 32 33 29 17 24 31 23 23 19 24 29 26 25 18 13 4 11 16 7 9 18 34 23 6 9 19 32 26 6 10 18 22 
84 84 78 55 34 28 28 37 19 9 21 31 35 43 54 48 37 36 24 22 19 21 25 30 35 31 30 26 16 11 9 19 27 27 24 16 17 24 14 11 13 19 23 23 15 12 14 14 17 10 7 7 21 32 18 12 14 20 23 15 8 18 23 22 
56 56 47 22 12 15 30 40 18 6 23 38 44 49 58 50 33 25 23 32 35 39 37 34 32 28 31 29 14 7 6 6 18 15 17 20 16 17 14 6 5 23 24 20 8 12 24 21 25 13 10 9 19 27 19 15 13 18 17 7 4 12 15 11 
14 22 22 9 21 20 30 31 14 15 30 45 49 49 53 40 30 18 13 23 29 31 36 41 37 35 38 34 22 17 16 6 17 9 9 12 8 16 15 9 2 23 25 19 16 23 36 32 29 21 20 18 16 18 21 24 17 18 15 9 6 5 11 5 
6 17 21 25 32 23 25 24 8 14 24 36 41 36 33 20 12 13 16 23 33 28 20 29 33 46 51 33 25 21 26 19 21 15 12 14 15 22 20 17 18 27 27 12 24 25 29 24 24 28 28 23 13 12 17 19 13 9 19 24 27 23 18 15 
18 15 10 28 25 15 14 14 15 17 19 28 33 29 21 14 21 28 32 32 32 29 18 15 22 42 62 48 36 24 26 26 23 20 15 10 17 26 25 19 9 18 21 7 25 26 26 24 23 26 29 24 22 19 17 15 17 18 30 40 40 26 15 15 
11 14 12 24 15 12 12 21 27 26 27 34 33 28 18 18 19 23 25 25 25 19 18 14 17 34 56 55 55 42 24 19 9 13 12 11 22 29 29 20 13 17 25 12 16 24 19 19 20 18 30 30 24 13 5 9 20 28 37 46 46 33 19 18 
9 12 9 18 21 15 20 23 20 16 12 11 17 27 33 38 30 23 24 28 28 22 23 20 8 27 49 60 66 50 30 22 2 9 8 17 27 29 26 14 10 13 27 9 10 22 16 14 22 6 15 13 6 17 23 21 19 29 36 43 42 26 13 13 
28 28 24 23 25 14 23 30 23 18 23 29 40 56 66 62 49 37 36 38 36 29 31 35 22 20 40 61 66 50 31 23 11 6 7 22 27 25 20 9 18 15 31 18 22 35 37 28 33 16 9 10 16 22 20 8 6 19 25 36 39 33 34 37 
11 10 8 17 30 27 34 39 33 20 16 12 21 21 16 14 18 25 33 44 45 31 19 26 28 33 45 55 55 43 29 30 31 34 33 37 39 32 18 10 21 17 27 21 27 32 30 23 34 18 10 14 21 24 19 13 16 22 29 40 36 26 25 18 
15 10 15 25 36 36 36 37 30 9 8 10 23 27 15 17 25 24 27 35 37 30 20 15 19 26 35 41 31 27 22 39 41 35 32 37 37 24 9 14 27 30 35 30 30 23 18 24 34 17 9 15 15 11 9 23 28 19 23 31 16 5 15 19 
10 8 17 28 36 37 36 38 37 22 29 33 32 36 26 24 27 26 28 37 39 33 26 21 17 10 19 21 14 18 14 37 30 15 7 17 18 9 15 26 37 38 42 39 38 27 19 24 30 16 12 21 22 15 14 31 36 15 6 17 6 16 13 10 
9 10 20 30 31 28 31 25 30 8 17 16 17 27 20 33 29 26 26 33 35 35 36 36 30 24 21 12 15 11 5 29 24 18 8 20 22 15 21 33 39 32 30 21 26 25 14 21 27 12 17 24 24 18 17 32 32 11 7 15 14 17 14 17 
21 21 26 27 23 24 36 47 49 38 41 33 35 42 43 46 38 34 22 21 23 30 31 28 21 21 17 13 21 16 14 28 20 15 8 18 18 11 18 33 38 25 23 13 11 23 21 24 24 9 17 21 24 17 13 28 28 23 17 20 27 27 30 39 
16 15 20 15 17 29 44 54 45 34 35 15 17 11 11 21 18 29 9 14 22 26 24 22 15 20 16 13 21 25 23 35 26 29 27 13 19 10 14 29 33 14 10 14 10 17 9 12 12 7 16 13 22 22 11 15 20 32 33 28 30 27 35 42 
6 6 11 19 24 29 33 24 8 14 26 20 23 16 19 27 18 22 7 24 25 18 20 21 20 25 22 24 25 35 25 31 24 26 31 18 21 9 12 19 28 14 27 42 40 32 25 22 18 20 24 17 12 17 10 21 37 42 45 36 21 17 27 35 
3 3 5 19 21 23 28 19 28 15 19 30 16 18 21 23 23 6 23 34 27 15 13 17 21 31 25 27 28 36 31 27 16 24 26 9 15 10 10 8 18 25 42 46 45 30 24 24 15 15 17 12 11 20 17 17 20 6 21 19 12 13 18 26 
12 12 17 30 17 18 29 25 46 19 21 43 6 14 21 5 28 14 18 29 26 6 7 11 14 26 23 21 19 23 25 25 21 24 21 11 15 19 16 10 2 15 28 11 26 16 20 25 17 9 11 28 36 43 45 45 39 22 22 11 9 14 16 23 
20 24 29 42 27 22 30 24 49 21 18 43 9 12 25 1 29 19 20 31 27 9 7 13 15 20 14 9 8 6 20 14 14 19 16 18 23 23 20 17 15 21 30 8 24 23 25 28 21 9 9 30 21 25 25 33 36 11 12 12 14 16 16 23 
15 16 29 41 32 33 35 42 55 33 26 36 10 11 29 11 28 23 26 33 22 7 3 14 15 16 16 22 28 28 34 23 23 19 11 28 26 21 15 7 21 30 25 5 15 18 22 28 27 17 17 26 8 20 19 33 39 15 11 9 16 21 28 35 
16 10 27 31 27 31 28 34 35 16 18 28 15 14 29 12 22 29 39 39 25 15 12 14 16 13 24 28 27 27 30 22 27 10 4 37 28 22 15 8 32 30 12 25 33 32 27 25 28 25 30 27 15 15 13 26 31 13 6 15 24 34 44 47 
18 8 22 19 18 30 21 21 18 20 22 30 31 32 36 19 11 12 37 39 21 18 22 19 21 8 24 39 28 21 25 16 31 17 19 45 34 27 21 15 40 33 19 18 17 18 18 18 22 28 37 25 27 19 14 26 35 23 16 18 29 44 58 58 
25 14 19 8 13 35 27 21 11 13 13 18 22 34 36 17 12 10 34 42 18 20 36 26 31 13 19 37 27 27 28 19 35 20 23 48 31 27 27 23 47 35 26 31 28 26 20 9 14 29 42 32 40 26 21 33 45 31 28 30 35 52 64 60 

36 36 22 12 19 24 27 25 33 40 30 14 13 36 22 14 10 17 50 36 45 48 50 47 30 32 35 37 39 41 42 26 15 31 85 132 165 171 168 148 98 58 55 46 22 34 39 36 18 6 9 10 21 8 4 11 15 18 35 24 66 28 29 33 
32 37 29 24 25 29 27 26 32 39 24 9 8 33 21 8 4 8 39 41 57 57 54 48 37 36 39 37 34 30 33 18 12 58 115 157 183 185 172 141 83 44 47 44 19 25 39 37 29 16 7 12 19 6 8 13 20 23 32 21 51 30 38 45 
33 40 33 29 24 20 24 17 23 31 18 8 6 27 19 9 10 10 22 31 48 49 49 46 42 39 36 31 28 22 24 23 47 105 158 190 206 196 169 129 73 36 37 41 22 10 19 15 29 22 8 8 10 9 17 16 22 23 27 16 34 13 20 30 
30 31 24 24 16 12 27 13 20 25 16 13 15 28 15 8 10 15 16 23 37 36 41 40 42 46 45 36 35 24 22 50 92 151 191 208 207 186 151 107 60 32 35 42 30 19 17 11 33 23 9 10 7 14 14 10 18 23 31 26 31 10 8 19 
32 25 19 23 22 23 32 13 18 22 21 17 6 20 7 15 15 21 20 29 42 34 32 32 33 37 43 46 54 54 61 99 141 189 214 207 181 149 107 65 34 8 25 35 32 19 13 23 41 26 14 16 16 26 18 14 21 26 33 32 22 7 11 19 
25 16 15 15 14 24 37 22 20 26 23 23 12 25 27 28 28 34 33 41 45 33 29 28 32 34 20 25 40 56 86 132 168 203 214 185 144 113 75 45 30 11 18 30 48 53 54 56 51 32 16 10 8 31 29 16 19 27 25 26 16 17 21 20 
13 9 17 20 24 35 46 33 25 27 21 31 23 9 18 26 34 42 45 51 50 39 37 32 29 34 24 14 32 62 111 156 180 196 189 146 102 83 55 36 25 18 6 17 39 50 55 55 41 22 5 5 7 31 31 7 9 26 11 21 14 21 32 27 
21 23 28 28 27 30 33 19 14 19 18 28 25 6 9 22 31 38 41 43 39 23 28 34 35 42 46 42 73 120 168 197 198 187 161 110 68 56 38 28 19 16 5 22 27 33 34 36 31 20 14 16 14 33 36 15 19 30 15 25 18 26 39 31 
18 16 21 17 12 18 22 20 18 15 17 21 23 12 15 24 33 43 47 46 33 10 18 25 29 49 80 83 118 170 204 208 186 161 125 75 46 36 25 21 16 10 9 21 23 21 21 24 22 17 12 15 12 29 41 20 16 25 15 21 29 34 39 32 
13 11 22 26 25 23 14 5 9 12 21 21 23 26 23 25 41 52 56 53 28 21 16 18 25 56 117 127 151 193 198 171 141 114 74 38 29 27 27 17 12 4 18 20 23 16 16 23 22 25 17 23 21 22 36 21 18 27 28 33 42 38 37 30 
12 14 28 31 25 19 11 21 26 25 30 27 23 33 19 18 38 48 56 54 24 25 16 41 64 101 160 171 181 204 184 140 106 76 39 25 21 22 28 20 14 16 18 19 25 24 24 23 16 20 18 27 26 20 27 20 21 30 29 30 37 28 24 17 
13 12 22 24 23 20 15 27 15 15 26 26 27 33 30 18 32 39 47 51 24 21 29 75 108 146 192 197 193 195 165 119 81 45 16 18 12 15 17 16 15 24 31 39 45 39 28 15 5 11 14 28 25 17 18 15 15 21 18 19 30 22 23 25 
21 18 15 9 7 10 9 26 18 20 31 33 34 30 30 3 19 27 40 52 28 21 54 119 159 188 210 199 174 154 119 70 27 6 18 21 13 13 12 6 14 23 22 17 14 12 8 10 12 20 28 31 24 19 18 10 5 10 13 21 28 17 8 10 
16 14 16 16 17 21 18 22 4 12 28 34 38 36 39 13 14 10 29 47 27 30 88 162 199 216 217 192 152 115 81 42 12 25 21 18 18 18 12 11 27 30 33 34 30 25 18 16 22 29 32 22 8 9 14 12 9 11 19 26 34 30 24 18 
46 40 36 32 29 27 23 27 16 11 21 29 38 42 51 35 36 32 39 55 55 79 137 198 221 216 194 157 111 72 41 21 29 36 26 23 27 28 18 18 29 15 18 15 12 14 8 11 23 26 28 14 7 9 11 13 12 20 29 21 24 16 9 9 
68 57 49 45 39 30 22 27 16 13 24 33 41 42 51 35 42 49 65 90 110 139 184 223 222 190 150 105 58 23 15 22 36 33 19 13 18 22 15 18 28 16 13 12 18 21 24 24 20 18 24 20 21 20 18 22 25 30 36 19 15 13 17 15 
69 58 51 48 41 28 24 26 13 20 25 30 37 40 50 33 46 63 86 120 147 174 202 218 195 153 113 72 31 6 14 22 29 16 6 8 20 21 11 15 25 18 19 24 25 19 13 17 15 15 23 26 29 32 28 29 31 31 33 14 12 14 17 16 
59 51 45 41 35 23 20 20 11 30 23 21 29 36 48 37 59 87 120 156 179 191 196 186 150 109 74 41 20 21 14 25 23 10 9 13 19 16 6 16 32 34 30 23 20 14 14 11 9 8 11 11 15 25 34 41 44 32 27 19 27 33 32 30 
53 49 40 35 33 20 13 9 10 34 25 26 30 32 36 41 77 119 160 190 201 194 171 141 102 65 41 13 19 32 27 28 15 17 16 18 16 15 14 21 34 40 44 42 30 20 18 17 13 14 12 14 26 16 29 38 45 36 21 24 33 40 39 31 
42 48 43 37 37 22 5 6 20 32 20 21 24 24 33 60 103 151 186 201 198 171 130 98 68 42 33 18 29 36 26 28 20 21 19 21 19 18 28 27 20 20 24 27 18 15 18 15 6 9 4 20 33 18 19 26 38 44 18 13 21 14 16 15 
22 27 34 29 28 24 11 20 26 29 22 25 28 34 60 98 141 183 205 196 174 134 85 59 45 33 29 19 31 39 27 29 22 16 17 20 15 14 26 13 16 11 14 22 9 11 18 18 10 14 3 20 33 17 17 22 36 48 20 15 20 9 12 9 
20 18 22 22 28 31 25 25 21 21 21 23 32 54 96 136 175 204 206 172 134 94 45 21 26 22 14 15 17 30 24 22 17 11 15 19 7 9 26 16 26 17 11 19 5 12 24 30 24 23 11 21 36 18 18 20 31 48 23 9 17 12 16 12 
9 12 15 19 27 28 19 14 12 17 27 33 53 88 127 158 186 198 182 136 96 64 26 10 20 27 20 21 12 19 36 38 30 21 21 23 9 5 22 20 35 30 27 28 16 15 27 30 22 27 17 23 33 21 17 12 22 42 24 23 32 25 20 23 
5 7 2 11 24 30 19 5 8 20 39 52 78 117 147 162 177 175 148 101 71 51 28 27 11 14 14 21 25 7 24 34 30 28 27 28 16 12 13 21 46 39 37 38 28 22 25 30 3 19 21 30 35 28 19 8 16 36 31 27 33 36 28 32 
16 12 10 23 23 34 25 12 11 30 64 85 111 152 171 170 171 155 114 67 46 31 15 25 11 9 14 22 36 30 33 35 27 20 24 30 20 20 17 30 53 45 44 34 32 24 21 36 13 15 18 27 32 28 24 11 5 28 37 32 34 39 29 33 
11 14 15 27 14 24 21 17 26 56 98 121 145 179 178 163 156 128 78 35 22 17 11 26 17 15 16 15 26 18 20 17 13 15 24 28 23 36 35 42 54 40 36 28 39 30 31 42 9 12 14 20 32 29 21 10 7 28 42 35 34 39 28 28 
9 9 13 24 16 20 10 18 47 89 131 151 161 176 151 123 111 80 34 6 12 9 4 19 16 4 6 7 18 13 16 18 20 22 27 29 30 39 24 24 36 16 3 12 35 28 30 46 21 12 15 21 34 35 25 17 12 19 29 31 34 42 41 39 
22 23 24 27 24 12 20 57 94 140 174 180 170 164 127 88 77 55 16 7 15 9 6 14 27 26 19 11 10 13 13 6 5 13 20 26 32 43 37 32 34 21 22 27 42 33 24 38 27 15 19 18 27 28 20 25 28 26 20 17 17 20 19 16 
27 30 27 24 21 28 59 104 149 193 212 203 175 150 105 65 54 41 10 11 24 14 11 7 4 11 15 13 3 5 6 5 13 11 11 18 24 32 28 26 31 13 10 20 35 26 14 26 21 17 18 18 25 17 6 16 24 33 27 22 18 15 15 15 
14 17 23 14 21 66 101 145 188 213 206 178 133 97 58 38 31 30 13 8 20 20 21 25 29 29 27 23 16 15 15 13 15 16 21 29 30 32 27 16 26 15 23 27 31 24 2 17 27 18 10 10 16 14 14 8 6 22 18 19 11 5 14 11 
7 7 32 30 62 119 147 180 210 212 183 142 87 49 24 22 21 31 24 15 15 10 6 11 17 20 22 24 30 25 15 11 19 35 40 35 30 26 19 10 21 21 30 24 22 18 11 7 22 3 4 7 13 12 12 5 6 22 18 21 9 5 20 21 
17 31 52 61 105 158 172 192 211 193 150 109 54 26 17 19 10 20 22 15 19 14 6 7 3 4 8 12 29 28 24 21 25 40 33 18 19 15 15 19 22 16 19 13 11 13 15 11 25 14 16 18 17 10 9 8 12 22 10 18 12 14 28 27 
45 60 87 109 158 196 190 192 191 152 106 72 24 18 20 16 13 12 15 16 26 27 21 20 19 15 11 8 25 27 28 29 33 40 27 12 15 13 14 14 20 22 27 25 17 5 11 22 33 38 33 26 16 13 9 3 16 23 17 9 7 14 28 30 
63 91 127 157 201 218 192 172 149 102 63 41 9 15 21 26 28 21 19 19 22 33 32 27 26 25 12 6 23 27 33 34 34 32 15 6 6 12 22 11 11 24 29 24 18 8 12 25 7 17 19 25 33 24 20 21 26 34 37 29 21 19 22 23 
105 136 168 195 220 212 168 134 99 60 38 28 21 16 19 19 12 16 21 23 23 23 11 9 15 19 18 16 22 33 39 32 22 15 15 24 24 28 36 23 21 28 20 23 14 9 10 21 18 23 22 22 35 31 33 25 22 14 8 18 12 16 22 24 
155 180 201 218 216 184 129 90 58 36 21 12 17 24 17 16 8 21 27 29 28 30 25 27 28 21 20 17 9 11 11 17 19 21 31 39 39 46 49 34 24 24 18 36 13 6 9 14 1 10 15 22 41 40 45 34 35 26 19 27 20 19 18 19 
177 196 210 213 189 144 86 51 28 22 13 3 10 22 16 16 16 28 35 33 27 22 13 15 15 19 15 17 13 9 15 18 18 23 30 32 26 25 26 13 6 18 18 46 27 24 26 22 14 13 12 15 33 29 41 32 31 21 12 28 18 23 25 29 
183 194 194 181 146 100 53 33 25 21 13 7 9 22 21 19 11 12 24 26 26 26 28 31 30 33 18 24 23 22 31 28 26 30 34 31 26 20 26 21 22 30 9 38 15 7 15 20 23 27 28 21 22 25 38 29 28 18 18 29 11 16 19 17 
189 188 173 146 103 63 28 17 13 11 11 14 16 30 34 34 30 13 5 18 27 38 48 47 44 47 26 32 30 28 47 43 35 36 36 34 30 18 13 11 20 34 19 35 22 16 15 10 15 17 19 18 18 28 31 21 18 11 30 27 9 10 9 13 
172 165 142 112 76 42 17 10 8 11 10 13 6 21 33 35 35 27 10 9 15 18 23 20 26 42 19 28 33 30 54 47 38 40 33 28 27 19 6 7 12 26 15 28 30 18 15 12 20 21 12 10 2 31 26 12 10 12 35 29 14 13 14 15 
116 110 94 79 58 34 23 14 10 9 14 12 15 22 33 36 36 37 21 3 9 20 30 30 31 35 13 21 29 22 46 41 36 42 33 26 22 19 7 16 18 22 18 22 31 20 14 11 12 18 4 6 5 34 25 14 13 15 32 25 15 12 10 12 
71 71 67 60 45 34 33 26 12 12 22 22 22 22 32 33 33 43 26 11 5 5 15 20 25 21 12 21 21 10 29 36 36 41 34 22 14 19 12 20 18 22 30 31 24 14 7 4 10 15 13 5 12 34 24 20 16 17 27 15 11 18 21 22 
60 61 59 45 33 29 32 36 23 15 25 15 8 12 26 27 24 35 23 14 12 14 21 24 26 19 12 20 18 13 12 21 30 30 24 15 7 18 14 21 26 24 23 22 9 9 10 9 12 12 13 5 15 35 27 27 20 15 19 11 16 19 18 15 
39 42 36 21 20 23 38 45 28 17 17 9 24 31 42 36 23 17 19 30 36 40 39 33 26 19 17 16 9 7 13 10 18 17 14 19 14 15 18 17 14 10 4 2 16 18 25 24 22 14 10 9 18 33 29 27 20 16 14 7 13 15 11 7 
22 26 21 16 30 35 43 39 21 11 13 21 30 33 42 35 29 21 12 17 22 28 32 34 26 23 25 18 14 16 17 13 16 10 10 18 15 16 20 19 15 8 4 2 23 24 29 27 21 13 3 10 17 26 27 26 17 19 16 12 13 14 13 8 
18 21 17 22 34 34 34 27 11 13 19 23 29 27 26 10 9 15 19 24 30 28 14 21 23 37 40 7 13 15 24 18 15 7 8 23 16 15 20 22 24 20 15 11 30 28 22 15 11 17 13 16 15 18 19 19 14 18 14 10 15 13 10 4 
26 20 5 23 22 21 20 17 14 21 26 31 35 30 21 6 19 28 32 29 29 32 21 14 20 39 49 15 9 23 34 31 20 13 9 20 10 17 22 18 15 9 21 18 27 27 13 15 12 14 20 22 21 21 16 14 10 16 23 26 29 22 16 15 
4 6 11 26 21 18 12 11 20 28 33 39 37 30 20 18 18 20 21 22 23 23 22 13 18 38 47 26 27 19 26 27 9 11 9 21 12 19 26 17 17 10 27 19 18 29 18 20 17 2 16 23 17 12 6 10 4 11 22 28 29 19 7 3 
9 8 10 19 15 9 3 14 19 31 31 27 20 25 31 35 25 12 18 28 29 26 27 17 13 37 47 39 39 12 28 31 14 12 9 26 19 22 26 12 18 10 30 22 21 31 27 24 27 16 5 9 10 23 24 20 9 9 20 27 25 15 7 14 
21 21 21 26 18 7 14 26 26 21 20 20 25 42 57 58 46 36 30 25 24 30 37 36 17 30 45 48 42 10 28 32 20 9 12 27 22 28 30 19 24 15 31 28 31 39 39 32 37 28 18 17 17 23 20 11 9 8 18 30 24 27 30 42 
11 5 9 24 27 23 29 31 35 20 12 8 12 25 25 20 19 26 36 38 31 18 16 31 30 36 47 47 38 13 28 35 33 31 34 38 39 37 28 20 20 11 26 30 34 34 30 23 35 27 21 20 22 28 23 18 18 9 18 34 17 18 21 29 
18 15 22 33 37 32 28 22 29 9 7 15 16 30 27 25 28 20 18 19 17 8 4 13 17 25 34 33 23 23 31 42 41 33 39 39 41 33 19 17 14 15 23 27 27 18 16 25 36 28 28 25 25 29 23 29 28 16 19 28 7 20 23 31 
20 22 30 39 37 31 24 27 38 23 29 35 29 35 27 23 15 16 17 20 22 17 17 20 21 17 25 24 21 22 19 35 31 13 23 16 11 13 8 13 19 28 36 42 42 30 24 33 37 34 39 39 37 33 30 40 35 16 11 20 13 20 16 21 
25 30 34 37 30 20 18 18 31 12 23 26 23 25 12 28 10 19 19 17 14 19 29 38 41 34 24 12 11 7 6 30 32 21 20 11 9 11 10 17 23 24 27 31 35 35 28 34 34 33 41 41 37 33 32 44 34 18 14 19 16 15 10 9 
30 34 36 32 25 21 30 46 47 35 38 26 29 29 32 41 27 33 17 12 12 25 21 18 23 23 16 12 15 17 18 31 30 18 12 3 14 16 14 17 22 19 16 19 18 31 29 35 32 30 38 36 36 34 32 40 32 29 23 16 21 12 10 12 
17 26 28 24 26 32 42 50 40 29 33 11 21 12 13 26 15 35 16 17 23 28 20 15 10 13 4 4 10 23 19 34 30 25 17 7 18 18 13 11 26 21 8 15 12 23 27 33 28 32 36 33 38 38 33 30 27 37 40 28 25 16 16 16 
8 19 24 29 31 33 36 24 11 14 28 23 29 31 32 40 30 31 18 28 31 20 17 14 15 15 6 5 6 25 7 28 19 22 26 18 27 22 18 9 25 19 23 35 41 40 39 42 36 33 30 22 24 27 18 15 32 37 46 36 18 17 20 19 
9 11 18 31 32 31 36 22 27 10 23 35 17 24 22 25 24 19 27 36 37 18 13 11 12 18 9 5 3 20 22 34 26 27 23 8 18 11 19 17 16 23 42 42 46 41 41 45 39 27 17 10 12 18 14 17 23 5 26 23 16 21 21 23 
16 10 11 28 22 27 38 25 41 13 21 47 16 23 20 8 24 15 22 32 40 24 14 15 5 14 9 4 8 16 28 34 23 20 14 15 22 17 18 21 11 19 35 19 25 27 37 46 44 33 21 24 28 34 38 44 39 17 21 17 17 23 23 25 
27 22 20 31 9 20 34 20 41 8 16 45 18 24 21 4 25 9 15 29 38 26 17 16 3 14 10 18 19 18 28 23 6 10 10 25 28 17 14 18 15 20 31 15 25 30 37 45 49 42 36 39 24 18 17 37 40 10 11 15 19 21 21 22 
32 26 30 34 20 26 35 40 47 22 18 38 15 16 20 8 26 13 11 29 32 22 21 18 11 21 24 34 36 36 36 19 18 11 18 41 36 22 13 17 30 31 24 11 19 27 33 42 49 43 40 44 25 20 15 36 38 13 8 15 20 20 26 27 
25 19 29 28 27 33 36 36 32 11 5 30 16 13 19 10 22 21 22 30 29 16 17 18 15 24 29 33 26 27 25 16 30 18 31 51 37 26 19 20 42 32 13 26 38 41 40 42 43 38 42 41 24 16 11 30 30 14 8 20 23 21 32 25 
21 17 28 21 19 22 21 18 12 18 14 29 29 26 24 13 17 16 21 29 25 19 22 23 20 20 33 45 23 16 11 19 43 30 36 51 31 28 24 28 50 32 23 24 27 30 34 39 37 33 43 38 29 19 11 29 34 22 14 26 23 23 36 21 
20 15 30 22 24 24 21 14 3 18 14 27 31 33 26 6 14 23 22 33 22 25 33 25 25 17 29 46 24 23 15 22 45 25 31 47 21 34 28 34 54 30 28 31 29 20 19 25 28 29 39 35 33 20 17 36 43 30 25 35 28 29 40 17 

12 16 2 7 30 30 30 31 39 27 17 10 12 49 28 21 15 17 57 39 31 34 36 37 21 20 20 18 18 25 35 22 23 74 139 182 199 182 150 105 51 21 36 32 4 20 40 43 35 14 5 8 22 8 6 22 12 17 24 23 66 30 30 30 
18 23 15 16 27 29 27 26 32 20 9 8 14 42 25 18 11 8 42 39 47 47 42 33 24 21 25 24 22 18 31 25 46 106 166 197 202 178 141 91 38 12 38 41 18 17 40 44 45 26 10 13 23 9 7 17 16 18 17 17 51 31 35 39 
30 35 28 26 27 18 25 18 24 14 11 18 21 35 24 18 12 9 18 21 38 39 36 34 33 28 26 25 23 15 33 46 89 154 198 211 201 166 119 70 35 15 30 43 29 20 30 29 45 30 15 14 15 9 14 18 23 24 27 24 38 19 23 30 
33 35 29 29 21 9 30 15 21 11 18 30 36 41 29 21 6 10 12 18 33 34 38 40 43 43 43 39 40 24 53 85 135 192 212 204 177 135 88 48 34 26 31 42 34 23 22 21 44 25 17 16 6 17 15 13 16 25 31 29 32 17 13 21 
29 27 21 24 21 20 35 14 18 13 22 29 32 36 27 29 18 18 17 28 43 41 43 42 41 39 41 47 61 68 101 135 170 207 204 171 129 91 47 18 29 14 22 32 32 27 19 24 43 23 21 20 13 24 12 7 9 18 25 28 21 11 14 18 
24 17 14 14 8 20 38 21 17 16 18 25 30 39 39 40 31 25 25 38 51 45 44 45 45 45 39 38 53 80 126 156 176 199 180 131 88 64 30 18 29 19 15 11 34 49 54 60 54 32 24 18 13 29 24 11 14 31 31 34 23 16 20 15 
18 12 22 23 22 34 42 30 21 14 6 23 29 24 26 31 24 21 29 43 53 42 42 43 41 44 46 36 51 93 141 163 168 174 147 94 59 50 27 25 26 29 27 21 25 40 53 60 45 26 16 12 15 33 32 11 15 36 17 21 7 12 29 25 
12 16 32 32 30 33 30 24 20 18 15 15 23 19 19 29 21 13 23 36 46 24 28 36 34 44 65 69 104 154 187 189 168 149 120 67 40 43 31 33 30 33 34 40 26 14 20 24 26 22 17 18 16 33 35 12 15 30 1 24 16 20 35 26 
10 19 36 31 22 19 8 13 14 17 18 10 19 20 21 32 22 23 29 40 44 15 18 22 19 52 101 109 139 181 196 178 144 118 90 44 27 30 28 36 34 36 39 42 30 3 9 20 25 16 11 19 21 30 40 15 7 22 12 25 26 27 32 21 
23 33 47 43 34 26 10 7 11 15 18 4 20 32 25 26 21 31 40 51 43 17 8 30 45 83 145 147 153 174 157 119 93 80 60 31 29 28 27 33 30 33 40 38 31 7 7 18 28 25 21 22 25 22 36 20 7 12 10 26 34 34 34 25 
29 35 47 41 28 18 14 22 24 24 22 18 14 42 28 18 21 29 44 58 45 13 19 70 97 138 189 180 167 168 133 89 65 51 34 23 23 18 24 25 19 22 27 27 30 19 18 19 23 19 25 26 31 22 28 24 8 6 17 28 37 32 23 15 
24 29 38 33 30 23 18 25 7 8 10 18 18 40 39 29 30 33 41 59 49 10 50 116 144 175 203 183 157 148 119 84 57 33 13 13 18 14 14 18 19 22 24 32 39 34 27 21 15 12 21 27 27 11 14 24 13 16 19 22 32 23 19 26 
25 29 29 26 25 15 12 20 9 13 14 25 31 40 42 26 19 28 38 61 54 30 87 164 188 203 207 172 128 112 87 49 22 13 6 15 18 14 10 10 21 25 19 12 9 6 9 9 13 20 29 30 21 14 13 20 6 12 18 21 27 16 4 17 
22 25 24 18 12 5 19 25 19 17 2 20 33 40 51 33 21 25 35 60 59 63 132 202 212 212 199 155 106 82 59 27 9 18 17 21 27 20 12 12 31 32 30 30 24 19 16 8 13 15 21 15 9 13 17 18 8 15 19 22 31 26 23 25 
43 41 33 25 18 13 22 30 25 25 12 13 33 37 56 47 44 47 58 82 97 124 181 225 215 191 159 114 71 48 33 20 26 30 30 33 38 28 12 11 32 27 21 18 13 10 7 10 15 15 22 7 9 9 12 14 17 30 30 23 25 10 14 19 
32 23 18 19 17 16 19 28 22 27 24 21 38 33 52 42 42 50 79 120 152 177 207 222 189 141 100 58 21 18 17 17 25 28 30 30 33 21 5 4 24 19 18 19 21 24 24 17 9 8 21 13 15 11 13 17 20 29 26 18 17 6 14 10 
54 40 30 27 20 17 19 24 16 31 28 24 33 22 46 41 54 72 107 153 181 189 195 188 139 90 64 35 17 15 15 20 24 26 25 23 24 9 8 8 22 15 11 15 15 12 9 1 8 9 20 26 31 29 22 17 9 15 18 15 16 14 14 10 
61 46 36 30 20 11 12 13 11 34 25 19 24 11 37 46 79 109 143 182 195 183 169 147 96 55 47 26 27 24 18 30 31 27 19 16 21 17 20 19 29 32 29 21 14 4 6 6 10 8 13 17 28 28 29 30 25 9 9 19 25 27 24 22 
74 58 43 33 20 13 13 6 15 31 21 20 24 13 30 63 111 151 182 204 200 168 134 106 62 27 33 17 30 33 17 23 15 19 7 9 16 22 30 32 30 32 33 34 25 18 13 10 11 9 13 19 36 31 28 30 28 21 12 19 26 35 33 26 
72 63 52 38 24 14 7 14 22 24 14 16 20 23 54 101 149 186 199 199 178 127 85 65 36 15 29 22 34 35 21 36 35 27 18 22 23 26 39 36 21 14 6 17 16 12 6 5 10 4 7 25 42 37 29 27 30 35 16 14 19 21 23 20 
24 24 35 30 27 28 19 26 25 20 19 30 39 54 94 141 180 201 194 169 135 80 41 36 24 21 30 28 33 36 21 30 31 20 16 19 18 23 35 24 27 18 7 18 11 11 7 5 11 10 6 21 36 31 25 23 29 41 20 21 23 18 21 20 
17 12 18 23 28 33 27 25 18 16 24 38 57 89 135 170 196 200 173 129 92 48 15 19 21 9 19 21 21 30 13 18 24 16 12 12 8 14 29 28 35 23 14 14 14 16 15 17 24 21 8 17 31 23 18 14 24 44 27 15 12 10 18 15 
9 6 13 22 27 30 22 18 18 20 40 62 94 133 167 184 194 181 142 95 63 37 17 8 24 15 12 16 9 24 33 36 35 28 20 14 6 6 12 18 33 26 27 27 25 18 11 12 30 31 18 16 25 14 11 7 20 42 27 17 23 16 19 18 
6 8 16 25 31 36 27 18 15 29 65 97 131 162 176 173 168 143 102 62 45 36 26 17 10 16 20 24 25 15 10 24 27 27 24 22 18 18 10 18 35 23 27 33 35 23 20 27 35 39 29 24 27 15 8 7 18 40 30 7 13 17 17 18 
14 14 23 29 28 39 32 21 14 51 99 134 160 182 179 162 145 114 72 35 25 27 21 21 7 7 13 19 37 38 34 37 33 31 28 28 20 16 18 36 44 33 35 30 40 18 9 30 37 41 33 27 31 24 15 10 9 37 39 9 9 19 16 20 
16 19 27 31 20 33 25 23 42 91 139 163 177 188 167 142 126 94 55 27 20 26 25 24 16 7 8 5 18 21 14 14 14 24 29 27 19 30 37 48 47 34 35 33 47 23 17 37 35 39 34 26 33 27 15 11 5 37 41 24 23 25 15 20 
14 16 23 30 25 24 14 43 87 138 175 182 175 165 124 94 83 54 22 11 12 18 19 17 20 9 10 14 16 19 15 15 15 21 28 24 22 31 36 41 32 19 13 19 44 20 17 41 36 39 39 33 35 30 16 12 8 29 34 31 33 38 34 35 
25 27 31 33 27 17 47 95 139 182 201 188 160 134 90 60 57 36 10 10 7 10 15 10 24 22 16 11 6 18 20 11 6 11 23 21 21 29 39 46 32 23 24 28 45 25 14 30 33 36 37 32 28 24 19 26 27 24 16 7 13 21 22 26 
39 41 38 34 33 54 96 146 185 215 216 190 150 117 77 45 39 27 5 12 17 14 19 18 5 14 17 16 6 13 16 14 16 10 15 18 20 24 31 38 28 11 4 16 38 26 18 20 26 33 35 31 20 10 20 28 30 30 24 17 13 12 15 21 
27 29 31 31 54 103 142 182 210 219 198 159 111 72 39 20 17 19 6 11 17 16 21 26 23 16 14 14 8 22 27 23 21 12 15 27 27 27 30 25 25 14 20 26 37 30 9 12 30 35 33 30 13 12 20 18 12 18 24 20 13 7 16 21 
30 34 51 64 104 160 184 205 217 199 159 115 66 32 10 17 17 27 20 19 19 14 15 18 25 25 25 23 22 15 18 8 17 29 38 34 25 20 17 14 23 23 28 23 30 20 17 15 27 31 30 24 11 11 18 15 5 21 28 24 12 9 21 27 
63 71 92 113 156 195 194 198 194 158 116 82 43 27 20 25 15 22 18 21 27 21 23 21 19 16 22 21 33 25 14 1 20 40 41 22 16 8 7 18 23 10 12 5 19 19 17 17 26 33 30 26 22 19 17 10 7 21 20 23 24 24 31 36 
95 109 138 163 198 216 193 175 157 114 78 54 34 29 24 23 5 14 13 20 31 31 36 37 34 31 29 23 33 25 9 5 24 46 43 23 17 7 12 14 23 16 20 18 11 8 11 25 31 40 36 27 19 18 6 10 19 25 18 10 13 17 28 36 
126 149 180 201 222 217 174 139 112 69 44 38 34 22 18 20 25 24 18 18 20 31 37 39 39 39 32 25 29 23 18 23 30 41 35 18 13 7 20 15 17 29 34 29 21 12 13 29 13 13 11 16 31 32 30 35 36 38 36 31 24 20 22 30 
170 192 212 219 219 188 131 92 60 30 30 37 35 15 7 9 13 11 7 9 18 21 20 27 26 26 24 22 28 31 31 24 18 20 17 12 11 15 28 20 17 24 19 16 10 11 12 28 29 27 22 14 20 27 32 25 23 9 9 26 18 18 23 29 
207 218 223 217 189 142 84 49 23 13 17 19 18 21 15 13 17 11 10 12 19 30 31 37 39 30 17 9 9 14 12 7 4 10 21 28 29 34 40 29 21 21 19 28 12 12 17 24 20 21 25 27 34 33 36 24 29 14 11 26 12 12 16 22 
203 209 207 190 146 97 45 16 9 13 12 12 13 23 22 19 24 19 21 19 11 13 12 21 22 17 6 12 17 14 14 12 9 14 18 19 15 16 21 10 10 22 26 42 31 28 30 34 32 30 31 27 24 17 31 20 21 10 11 28 13 15 12 13 
180 181 169 142 94 55 27 21 25 17 11 15 15 22 25 24 24 10 3 9 11 18 27 36 37 33 19 24 23 18 19 18 16 19 23 21 17 18 27 24 19 25 13 30 19 15 21 29 32 32 35 29 12 12 24 9 12 13 23 31 18 21 23 20 
156 147 128 98 55 32 24 17 15 11 6 14 11 20 27 31 34 26 10 12 22 36 49 51 52 52 35 37 25 12 20 23 21 21 27 28 24 19 19 20 22 34 28 36 29 23 22 23 24 18 18 20 16 24 21 5 7 22 31 23 15 13 18 23 
116 106 87 65 37 19 15 7 8 12 5 13 9 16 26 29 31 33 21 12 12 13 18 11 24 39 21 33 28 4 24 23 18 23 24 24 25 24 15 15 10 25 24 28 24 2 9 16 25 23 13 6 6 30 19 3 9 22 31 23 21 19 24 24 
55 50 42 36 23 19 21 11 4 5 9 15 19 16 15 21 26 39 28 10 18 29 36 35 39 36 17 29 26 8 23 17 14 25 28 24 20 21 13 18 16 23 23 24 26 8 7 9 12 20 17 15 16 31 18 5 12 19 32 32 27 21 17 15 
32 31 32 33 15 19 29 24 11 10 23 27 26 15 10 19 24 42 30 9 8 9 18 20 27 18 12 26 20 13 10 16 17 26 27 21 15 18 10 13 12 20 28 27 15 7 7 4 7 18 28 30 25 30 15 9 16 19 30 32 27 22 19 14 
52 50 49 42 25 24 31 31 24 23 35 33 29 24 21 20 22 38 25 9 5 4 15 22 26 20 13 20 15 15 14 9 13 18 20 17 10 13 4 12 23 22 24 19 8 14 17 11 19 25 31 34 28 31 17 15 22 27 36 36 26 17 14 10 
52 51 44 32 18 8 34 38 33 33 34 33 38 38 39 31 24 24 22 33 37 40 42 39 33 27 25 15 7 16 22 17 15 14 15 16 5 7 11 11 8 7 8 8 26 21 27 23 25 29 27 30 22 29 19 17 21 29 35 34 23 15 4 8 
40 42 35 25 26 28 44 40 35 32 27 33 35 30 35 35 36 29 17 16 14 24 27 24 17 19 29 15 17 24 25 21 18 7 10 20 10 7 13 16 8 3 3 12 30 19 21 13 10 21 15 20 16 22 19 22 23 28 34 33 22 18 8 8 
35 36 30 23 30 33 38 32 26 25 19 30 31 25 23 15 24 23 24 30 29 32 26 18 12 25 33 6 10 18 26 25 24 16 16 23 10 8 20 25 20 20 13 21 31 19 18 12 12 19 12 14 14 19 21 29 27 30 30 30 22 21 13 15 
43 36 23 11 8 14 22 19 16 17 11 28 31 27 21 15 24 27 26 22 21 33 34 27 28 33 37 7 12 20 26 26 23 17 14 18 7 16 26 20 14 19 23 28 26 21 14 15 13 11 16 17 18 24 20 24 18 18 10 9 9 18 14 17 
10 9 2 14 18 17 17 7 14 19 16 31 30 29 20 22 20 14 13 16 21 28 34 30 37 41 38 21 24 18 23 22 14 17 16 21 12 20 30 20 18 22 25 23 22 32 28 26 22 10 4 10 8 22 22 24 15 14 6 6 9 17 13 11 
6 1 9 14 17 15 9 7 16 28 22 23 15 22 27 31 18 3 18 30 33 31 35 30 40 48 44 34 26 6 27 28 10 11 15 27 21 19 30 16 19 23 24 16 18 29 33 34 36 30 23 24 28 36 33 26 17 14 10 9 12 21 12 4 
14 14 18 15 13 14 15 21 14 8 5 15 14 26 40 45 37 31 26 11 21 34 39 36 30 41 44 40 26 3 28 28 12 16 23 27 19 21 34 25 27 24 24 21 24 30 31 27 33 32 29 31 27 28 25 19 20 8 12 17 12 27 24 29 
13 10 16 20 23 23 24 27 27 14 9 15 12 19 21 15 13 24 39 36 28 25 20 27 25 37 45 40 21 7 30 29 23 31 38 34 34 33 33 30 24 18 21 26 26 26 21 14 26 25 27 29 28 34 31 28 27 10 14 26 17 29 25 30 
27 27 30 35 37 31 24 22 24 12 7 16 12 20 22 18 24 20 21 19 13 13 9 12 6 25 38 32 16 23 30 33 34 37 47 42 45 38 25 29 15 3 9 16 9 6 7 17 25 26 36 38 42 44 34 38 34 19 26 31 28 36 34 38 
33 38 40 42 36 27 21 28 33 19 21 29 24 29 25 20 9 18 18 18 15 16 18 20 14 19 33 33 30 27 18 27 33 31 33 24 23 24 19 23 10 19 29 36 31 20 13 23 25 32 45 49 47 36 29 49 41 18 24 30 29 34 33 38 
31 38 35 30 21 12 5 19 27 15 22 30 28 25 16 26 6 26 25 24 9 11 31 45 47 38 26 15 12 11 6 20 31 28 25 18 7 7 9 15 15 25 30 39 40 36 27 30 29 36 47 48 43 33 32 54 42 22 27 30 25 25 28 32 
26 36 31 20 15 15 27 39 36 24 24 12 19 13 17 35 18 34 13 19 13 24 25 27 35 32 23 18 17 21 20 22 26 17 15 20 12 12 9 12 25 29 25 29 29 34 25 27 24 32 41 41 41 35 37 54 42 33 35 28 26 21 27 27 
17 27 19 14 21 30 42 43 35 27 28 9 16 15 11 27 9 34 8 16 21 32 24 9 11 9 5 2 5 19 15 27 25 17 15 18 13 18 9 7 32 32 15 11 12 27 22 22 19 30 31 32 39 39 38 42 29 29 41 29 20 16 24 23 
22 26 20 23 24 29 39 26 23 22 25 21 22 23 22 34 24 26 9 21 26 24 22 4 14 12 4 5 7 21 22 38 29 29 29 22 31 30 21 15 30 27 20 24 32 38 30 28 26 23 18 21 30 36 31 24 27 27 41 33 10 10 17 17 
27 26 23 29 29 29 40 28 32 18 23 33 12 14 9 19 17 12 12 21 27 19 26 11 11 11 8 11 12 23 36 46 37 33 24 18 29 26 26 21 20 25 41 42 43 42 31 29 28 12 8 14 20 26 26 30 24 11 28 30 17 11 13 13 
30 24 15 24 24 24 41 26 40 19 23 44 15 13 6 15 22 12 10 13 25 18 28 22 11 7 9 15 16 22 37 41 28 23 15 20 26 17 17 23 18 31 51 49 40 28 12 17 27 21 16 16 20 31 40 50 40 19 22 24 19 12 13 12 
35 28 16 22 16 22 39 20 36 9 17 40 14 15 8 12 22 6 9 12 24 18 26 28 21 21 26 33 30 29 36 30 20 20 15 29 28 14 14 27 29 39 53 49 39 25 10 7 17 18 24 30 15 14 21 41 38 16 10 16 19 12 14 13 
42 35 26 25 17 19 34 29 39 17 15 32 6 8 9 9 21 10 9 17 25 21 30 36 29 33 39 45 42 41 35 15 21 19 24 44 36 19 14 28 37 37 41 38 29 21 10 4 16 16 24 35 24 25 22 32 28 12 10 13 19 10 20 22 
36 30 28 27 25 24 32 24 30 5 7 27 6 4 11 3 15 15 15 23 28 20 30 38 36 41 41 38 25 26 16 13 29 17 25 43 26 21 17 32 46 33 28 30 31 29 20 15 19 18 30 37 24 22 18 24 22 15 15 16 21 16 29 30 
22 20 26 21 22 10 20 14 19 8 10 23 14 12 12 5 6 6 11 24 28 17 27 38 38 46 47 43 17 15 7 27 40 18 17 35 10 26 20 38 56 34 30 22 21 25 27 28 24 17 34 36 28 21 14 19 26 24 25 23 21 21 34 27 
15 15 30 21 27 15 19 15 12 11 17 21 20 21 14 4 6 13 12 29 29 18 26 35 38 46 49 44 15 17 10 29 38 8 12 34 14 38 21 38 59 31 34 27 25 15 6 15 21 18 32 33 29 21 17 24 34 38 39 33 25 24 36 22 

50 50 35 21 38 27 17 27 29 23 12 12 18 51 23 14 10 5 55 46 25 30 29 30 19 16 23 22 19 20 30 29 63 125 174 192 186 137 86 46 10 20 42 51 38 27 27 19 40 29 23 13 12 26 31 43 36 26 22 34 56 26 33 32 
41 45 32 21 35 30 12 17 23 18 10 13 21 40 17 15 14 11 39 39 39 40 33 25 19 18 27 29 25 21 38 49 92 154 193 196 180 127 74 33 21 28 46 57 46 39 38 24 48 33 15 8 19 27 32 38 33 22 21 34 46 30 37 37 
44 49 38 29 37 25 15 15 22 16 17 21 21 29 11 17 18 18 22 22 31 30 23 19 21 15 18 22 24 27 59 87 139 195 209 194 165 108 56 22 34 34 36 53 48 48 45 16 46 28 8 9 15 24 27 32 34 34 37 37 39 28 30 32 
49 50 42 34 30 12 24 18 22 14 21 27 35 40 29 29 16 9 19 24 36 38 38 35 31 23 28 37 48 60 106 138 180 218 205 169 129 79 39 21 39 36 35 46 41 40 43 26 45 20 3 14 11 26 23 25 29 34 36 34 33 25 22 28 
34 33 27 27 24 14 30 18 21 18 24 20 23 26 20 34 24 17 15 24 42 48 56 53 48 35 31 47 77 114 162 179 194 210 174 119 81 47 10 18 35 29 29 34 31 32 35 28 44 27 26 27 21 31 20 11 12 21 25 32 27 21 24 27 
25 16 15 12 12 14 34 21 16 17 18 14 25 38 40 48 38 25 15 22 41 45 55 55 51 48 45 58 90 141 185 188 183 186 141 80 53 37 6 15 29 31 31 14 19 38 51 62 58 38 34 27 20 30 25 8 11 34 32 37 28 22 28 23 
24 13 22 18 20 29 34 27 16 12 11 13 21 19 24 38 27 20 14 18 39 32 42 46 45 50 69 87 118 164 195 186 163 153 111 55 34 32 8 13 15 27 31 28 22 24 43 58 41 21 14 4 12 33 40 24 23 40 16 25 18 19 35 32 
23 20 31 29 33 38 30 24 20 22 23 18 14 13 20 37 28 20 15 16 41 18 26 33 36 57 102 130 164 201 210 184 143 119 91 37 17 30 11 15 11 21 23 43 37 19 22 20 10 12 11 11 17 30 37 14 11 28 8 28 20 21 34 28 
25 29 38 31 27 24 16 13 14 23 18 10 11 18 27 44 34 30 22 24 42 8 14 22 39 82 142 163 180 197 185 148 109 87 72 28 15 23 16 18 18 24 30 48 47 32 33 32 29 26 21 21 22 23 41 23 10 21 10 24 21 19 25 20 
36 39 43 34 27 16 19 12 12 23 18 15 16 28 27 37 23 27 28 37 44 6 21 64 96 137 189 187 176 169 132 89 67 63 57 34 31 22 13 19 20 29 40 49 50 36 34 33 35 41 44 38 32 19 33 26 12 12 7 24 28 26 27 23 
26 24 30 19 9 11 28 22 24 32 28 31 7 36 28 31 22 13 27 46 50 15 56 117 147 184 219 195 162 139 98 58 40 37 39 25 22 11 5 15 17 24 37 42 46 37 34 35 40 44 51 46 38 22 23 26 8 9 24 31 36 30 21 23 
9 8 22 16 18 20 25 22 6 17 20 33 12 34 35 36 34 17 19 46 55 39 95 160 175 195 205 166 124 105 81 55 38 24 23 16 17 10 4 11 17 15 26 33 39 33 30 32 37 40 44 43 33 15 9 27 15 24 24 19 26 15 20 36 
23 19 15 8 22 23 24 18 5 14 24 36 26 35 36 33 32 23 17 48 65 73 140 202 200 201 190 140 91 78 65 41 31 17 7 14 16 16 6 8 25 27 31 27 23 16 15 19 27 31 36 37 27 18 8 21 7 17 13 12 20 8 17 25 
22 18 16 17 21 14 17 17 18 21 20 26 21 20 31 27 32 37 39 73 96 123 189 233 208 190 166 115 70 54 48 36 31 16 2 14 19 19 13 11 36 34 36 36 25 18 15 18 19 18 24 20 18 15 14 16 5 18 15 18 28 23 27 24 
61 55 45 36 24 13 14 16 13 25 28 30 34 18 33 31 43 60 81 122 153 181 222 236 188 148 114 70 42 32 37 37 35 20 13 22 28 23 18 5 35 29 15 16 13 10 12 21 15 16 27 13 15 9 10 9 17 31 27 23 23 7 21 17 
20 28 27 30 28 19 12 18 11 24 32 33 45 27 32 22 35 60 104 158 192 205 216 205 142 90 60 21 13 17 27 27 21 10 12 21 29 23 14 4 27 24 16 18 15 15 15 13 5 9 25 10 12 12 16 11 15 23 15 14 14 5 18 14 
7 17 13 15 17 15 15 17 7 29 34 33 41 22 22 20 51 90 137 185 203 191 180 158 94 50 39 10 20 12 18 20 16 15 18 23 30 24 16 12 24 19 9 10 8 9 12 8 11 12 24 21 24 26 24 14 7 17 21 22 19 12 9 9 
18 17 12 10 10 4 13 12 15 30 30 26 31 16 12 41 88 130 163 196 195 165 140 114 61 28 31 16 29 14 15 24 24 25 21 22 30 22 11 16 21 30 29 23 16 14 10 10 13 9 15 6 14 22 28 25 19 13 15 24 28 26 20 21 
44 34 21 14 15 17 22 19 21 29 32 29 29 17 31 79 129 167 184 196 177 129 96 75 36 17 24 19 29 21 5 16 16 20 12 8 8 6 18 30 22 28 30 27 18 17 13 11 10 8 14 7 19 24 28 31 29 23 16 18 25 32 30 24 
67 60 51 32 17 18 21 29 30 28 30 32 36 47 84 130 171 194 188 174 139 79 45 39 13 19 21 22 27 26 25 35 36 27 19 20 19 18 32 29 14 14 15 23 24 22 21 22 18 12 12 12 25 31 32 33 33 30 18 16 19 21 19 15 
36 35 44 39 34 37 32 37 36 27 34 53 65 90 133 166 188 189 159 126 90 35 8 28 15 26 22 27 22 23 20 18 26 20 19 20 17 14 25 14 25 18 17 24 24 26 28 28 23 15 10 8 24 27 29 30 34 36 20 22 22 21 19 18 
22 19 23 24 29 40 40 34 34 26 42 70 91 129 170 183 186 167 123 81 55 21 19 34 28 25 27 28 21 24 16 5 17 15 18 18 15 9 15 18 32 24 25 22 24 28 29 30 27 15 9 5 21 19 21 22 31 41 24 19 6 12 12 8 
23 20 18 24 25 35 37 28 30 32 70 110 141 174 194 187 174 142 97 59 39 25 28 32 32 19 24 24 18 28 32 26 27 22 21 21 21 21 12 9 26 21 31 31 29 30 30 33 35 22 14 9 17 15 18 16 28 40 22 20 22 16 15 13 
33 30 29 34 33 41 41 26 28 60 112 156 180 192 184 159 133 96 56 31 30 33 36 27 22 18 22 23 24 22 18 11 10 9 14 20 20 22 19 23 29 13 20 27 30 31 36 36 35 26 17 10 17 12 17 15 27 41 24 8 10 15 20 18 
34 33 34 32 30 43 41 26 39 89 145 180 189 186 164 131 100 65 33 19 27 36 37 27 17 15 15 19 36 41 36 34 22 14 14 19 12 11 20 36 38 25 26 21 29 21 26 30 33 29 24 17 24 20 17 11 16 39 31 9 9 20 28 27 
33 35 38 32 22 33 30 41 78 136 182 194 185 171 137 106 85 61 42 35 32 36 39 26 14 11 10 15 17 27 19 14 11 10 13 15 10 20 32 47 45 33 31 31 37 15 21 32 34 31 22 7 22 24 20 19 15 39 31 20 19 22 30 29 
27 31 32 30 19 13 43 93 145 194 218 202 168 136 89 60 51 32 24 27 31 33 34 24 23 16 14 22 21 25 22 16 13 9 18 14 14 19 36 49 40 35 25 22 39 7 14 30 29 28 21 9 17 22 21 21 16 33 32 31 31 31 25 23 
18 25 27 23 14 40 96 155 194 220 218 180 130 95 56 33 40 27 15 16 16 21 25 18 18 17 9 15 14 25 31 24 18 9 20 13 14 14 34 51 37 33 32 31 42 18 19 23 21 20 13 10 11 20 26 31 24 17 7 5 17 23 16 15 
29 31 28 24 45 94 151 198 217 221 200 153 105 76 51 30 32 27 12 16 19 20 23 26 12 10 11 22 19 23 24 27 24 6 14 14 21 23 34 44 33 27 20 23 36 21 22 16 13 18 10 16 4 15 29 35 33 20 12 11 17 18 7 12 
10 9 26 47 93 151 194 223 224 204 166 121 84 57 36 20 17 22 16 19 21 18 15 25 20 12 16 20 21 31 31 33 29 10 7 22 29 31 39 34 21 14 18 28 39 25 13 14 18 19 7 15 10 20 20 23 21 8 18 14 20 17 6 14 
29 40 72 105 156 205 223 229 209 164 115 72 46 25 11 17 16 27 26 28 26 17 11 21 30 27 31 28 21 18 24 22 24 19 29 28 26 28 29 16 12 19 25 25 30 12 23 18 10 3 7 12 13 19 14 23 14 14 26 25 22 17 6 19 
71 91 129 163 204 226 212 195 164 110 67 32 35 28 16 26 18 24 24 25 28 21 19 24 35 36 40 33 39 22 8 16 23 30 37 12 14 24 24 27 21 8 7 8 26 23 22 18 11 11 13 17 20 23 15 16 12 24 32 35 31 25 18 26 
108 135 174 201 224 222 184 150 119 72 38 13 37 31 21 28 14 20 24 26 33 33 33 34 39 40 36 28 37 26 10 11 22 34 38 10 12 20 26 32 27 15 14 12 12 11 15 25 20 26 26 24 22 21 14 26 30 35 33 27 20 12 4 18 
147 176 207 220 223 199 148 107 80 40 18 22 39 25 18 24 26 33 34 33 27 24 25 29 31 33 28 29 32 22 16 22 31 38 36 15 11 11 22 29 31 34 35 31 27 17 16 30 13 20 23 21 29 35 43 48 45 42 38 37 27 18 10 9 
184 203 216 212 195 154 100 64 40 18 29 39 41 21 17 21 23 30 29 27 28 22 18 23 19 21 17 21 24 19 22 20 18 20 17 4 7 14 26 25 27 30 24 16 6 7 13 35 42 45 39 31 9 24 37 31 34 24 18 31 18 9 8 6 
207 209 203 182 146 102 56 32 15 18 27 28 25 20 17 20 27 29 27 25 27 32 33 38 41 34 26 25 16 11 11 4 6 10 15 23 26 31 34 27 21 19 19 16 9 15 19 27 34 39 39 41 30 31 40 30 39 25 15 28 17 9 13 15 
191 186 171 140 99 63 32 19 17 23 24 18 11 12 15 19 31 33 30 25 20 21 22 29 29 19 18 17 19 20 14 4 7 13 16 16 11 12 17 8 9 18 26 38 41 43 41 43 42 38 37 37 27 32 43 34 35 24 16 29 21 17 15 15 
159 149 127 93 56 37 36 33 28 20 17 10 4 6 15 15 15 17 11 8 13 18 30 42 42 33 25 23 28 26 16 10 11 16 15 10 2 12 25 23 15 19 4 17 31 38 39 42 38 28 23 28 22 30 34 26 24 23 23 32 27 29 31 27 
131 113 90 60 33 32 35 27 18 9 8 11 8 7 14 21 19 21 15 10 19 32 44 48 49 41 23 30 26 24 15 16 16 16 19 19 16 12 13 21 21 32 27 32 44 48 45 42 32 15 9 26 29 30 24 17 11 26 23 21 24 25 33 34 
95 79 60 39 25 21 24 21 18 16 9 12 16 23 26 30 24 28 24 16 23 27 28 27 29 36 23 30 22 17 16 20 13 12 12 8 17 22 6 13 10 23 20 16 27 33 34 33 26 19 21 28 30 29 16 6 5 23 21 22 30 34 41 39 
65 51 38 28 16 21 27 22 16 15 12 14 22 27 13 20 20 36 32 21 29 36 40 41 42 38 24 25 15 15 19 16 7 12 15 12 11 20 9 15 20 21 24 12 16 21 26 23 16 26 35 40 40 32 16 7 8 18 26 32 36 36 37 37 
56 47 38 34 10 10 25 26 19 15 16 18 24 25 5 11 14 38 33 19 18 17 22 20 22 18 17 20 14 17 13 10 9 12 13 12 10 20 14 7 21 23 29 25 11 10 17 19 20 30 40 44 42 30 14 6 6 8 15 26 32 30 28 26 
37 36 40 40 25 23 30 30 24 19 25 20 20 22 16 21 24 40 33 19 15 12 15 21 24 22 18 13 6 12 13 9 7 10 17 18 12 18 14 10 23 21 23 17 15 15 21 20 29 33 34 43 42 29 13 10 9 4 11 22 23 23 21 13 
48 49 48 40 33 20 30 32 28 30 27 24 25 28 32 32 28 32 22 24 27 29 37 38 34 25 22 8 10 18 20 12 4 9 20 21 9 9 16 19 14 14 12 15 32 21 29 30 40 44 38 42 37 32 21 17 14 14 21 26 23 19 17 15 
35 38 36 28 31 21 38 36 35 34 25 31 22 15 29 41 39 33 15 12 18 24 24 11 5 12 27 18 20 20 23 17 12 14 18 23 11 7 17 23 15 16 15 21 35 12 20 16 22 29 24 28 32 33 30 32 27 26 33 35 27 23 15 20 
28 30 30 21 31 33 39 36 35 34 27 32 19 8 20 33 33 28 19 28 39 44 39 25 18 19 26 7 7 8 20 17 16 18 19 23 12 6 21 24 13 9 4 21 29 15 26 24 26 26 21 22 30 34 35 41 38 41 46 46 33 27 18 24 
55 45 33 17 18 19 28 30 33 34 31 35 20 16 21 35 34 30 20 19 31 41 41 28 21 16 24 8 11 11 23 20 19 19 19 22 13 10 25 26 26 24 16 19 19 20 24 23 22 25 27 26 33 39 37 39 35 33 33 33 23 23 9 16 
24 21 11 8 15 21 25 23 29 30 35 37 21 21 25 39 28 15 6 18 36 43 43 33 29 21 24 22 21 18 28 22 14 14 14 22 17 17 28 27 28 25 17 13 22 33 31 27 24 21 15 21 36 47 46 43 36 28 21 22 17 23 16 21 
9 8 12 14 19 24 17 14 20 26 33 27 9 20 31 37 21 15 25 36 43 46 45 35 36 32 31 30 15 9 28 24 1 6 13 24 22 16 25 18 20 22 16 12 20 28 34 37 40 42 37 41 48 51 45 37 37 27 17 19 21 26 18 16 
13 5 9 6 15 22 17 20 12 17 24 17 8 17 31 34 26 29 29 21 30 42 44 40 37 35 37 36 13 8 25 22 13 20 22 23 15 18 27 22 25 27 26 25 23 21 21 15 20 27 28 33 35 36 30 26 33 17 17 21 23 28 24 22 
26 18 17 18 23 26 24 28 27 22 21 17 8 13 17 6 6 21 42 38 36 39 33 32 30 33 39 36 7 13 23 19 20 31 32 23 18 28 30 31 30 29 32 33 25 20 15 6 14 15 20 24 28 30 26 26 30 15 16 23 25 33 31 34 
44 41 37 37 35 25 17 20 22 18 14 20 15 18 19 16 26 28 38 35 30 30 24 22 18 27 36 34 19 26 22 19 30 45 51 44 44 37 27 34 21 12 12 11 13 12 12 17 12 21 33 35 40 40 26 32 32 14 21 27 30 34 30 31 
43 42 38 36 27 18 14 23 29 18 17 29 23 27 25 24 20 30 38 33 26 22 16 18 11 20 30 35 33 28 15 13 31 42 48 47 44 30 21 27 9 12 17 18 22 18 18 22 7 20 30 31 31 21 12 39 40 18 23 31 30 32 26 30 
29 30 25 20 13 16 15 23 29 24 28 39 35 32 24 32 24 38 41 36 22 7 21 36 39 34 22 10 11 9 9 13 28 34 36 40 34 14 10 18 6 21 23 30 36 33 33 35 27 33 33 23 15 6 11 41 41 17 22 31 23 26 20 22 
19 19 9 3 14 21 26 30 23 10 13 22 24 19 18 36 25 43 30 27 15 14 23 24 32 33 27 20 21 23 22 15 26 31 34 41 30 11 5 11 20 33 30 33 36 34 31 30 21 33 30 23 21 6 12 38 36 22 25 28 23 21 24 25 
26 26 22 29 36 38 38 33 22 14 14 7 17 16 14 32 20 41 24 18 12 27 29 20 14 6 8 4 8 17 11 20 29 30 32 34 16 14 11 16 31 41 24 18 22 30 33 26 16 29 20 22 31 30 26 25 19 15 27 24 14 14 23 25 
33 33 31 34 35 32 27 15 12 9 14 12 21 21 20 33 29 34 22 18 17 23 28 19 12 5 8 4 5 12 12 33 27 21 13 8 22 30 20 15 28 33 8 11 25 38 41 32 26 23 26 31 35 36 27 5 13 21 29 28 7 13 22 27 
29 30 27 31 31 26 29 22 26 15 16 24 15 16 14 24 26 23 18 12 19 22 32 21 12 5 12 6 8 12 25 37 24 14 5 16 32 33 26 20 20 24 19 27 35 47 45 38 35 28 34 36 35 31 25 21 9 20 26 32 20 16 26 31 
24 24 19 25 26 18 30 18 32 24 23 36 21 16 14 21 26 17 16 7 14 16 31 27 17 7 12 11 10 15 30 35 16 8 4 21 30 26 23 27 12 15 28 35 36 38 33 28 36 37 38 31 25 30 38 44 28 19 18 24 19 12 22 28 
18 19 8 17 19 11 29 6 27 18 19 35 27 23 17 17 24 13 16 10 13 6 18 24 23 26 32 32 28 26 30 25 0 7 8 31 33 19 8 20 18 25 36 39 38 33 28 24 29 35 40 36 18 5 15 38 31 26 21 20 18 2 12 21 
29 26 19 22 17 9 27 15 33 24 21 31 23 18 15 13 23 18 19 17 17 8 10 18 19 26 35 38 36 34 26 6 17 23 30 48 36 12 2 20 31 29 30 32 31 28 25 23 23 24 26 27 16 18 17 25 14 12 17 20 21 8 10 19 
31 29 25 26 19 18 33 23 36 22 17 27 18 15 17 14 19 21 20 21 24 11 14 20 24 29 26 19 13 18 10 16 24 22 28 42 23 17 9 23 38 22 20 23 27 28 25 20 9 12 19 24 5 8 9 15 10 10 19 26 27 18 19 21 
24 24 27 28 19 13 29 21 31 12 9 18 9 10 15 12 15 21 22 27 33 17 13 22 33 38 31 22 4 13 10 28 29 20 22 35 21 30 20 28 48 26 24 20 23 29 32 29 15 5 23 30 12 10 11 10 13 15 25 33 34 28 25 18 
20 18 33 30 21 14 22 14 26 12 11 11 3 4 11 9 14 23 27 35 39 16 5 21 39 45 36 21 5 14 10 32 27 21 24 38 31 42 25 28 52 25 31 26 30 25 22 23 14 10 23 29 15 15 17 13 13 19 30 38 38 33 27 11 

30 26 15 12 43 46 25 31 23 20 17 16 25 48 29 33 32 28 51 44 19 25 25 32 21 9 13 19 21 42 67 87 130 181 200 191 160 96 44 20 22 26 20 33 39 43 36 18 35 28 12 18 22 33 30 39 43 39 23 27 41 27 42 37 
27 24 15 14 37 48 25 24 24 18 21 20 27 39 21 30 30 27 41 36 31 31 27 25 19 13 17 23 29 49 83 109 156 202 207 186 150 85 35 12 32 31 19 32 40 51 46 27 40 30 9 13 22 34 33 39 42 33 19 25 32 27 36 34 
32 35 29 30 42 45 20 11 21 21 31 31 27 29 17 30 26 24 32 24 22 19 14 18 19 12 12 20 36 69 116 149 193 224 204 168 129 68 27 13 38 35 15 27 32 49 51 28 39 22 7 11 21 30 26 29 34 30 28 27 26 23 24 24 
53 51 45 40 35 28 10 8 21 24 37 35 37 42 36 42 27 15 23 17 19 18 22 28 25 17 27 43 68 112 165 190 216 225 182 132 93 45 23 16 34 35 27 27 24 34 43 31 37 14 5 12 18 28 17 15 17 23 25 18 19 16 13 22 
43 41 34 33 25 17 15 17 26 30 40 24 11 15 4 33 21 15 19 6 14 18 23 30 37 35 48 68 107 162 207 208 201 194 135 75 53 27 13 18 27 28 30 24 16 20 31 28 34 24 26 28 29 38 31 23 16 14 18 19 15 9 12 22 
24 18 17 21 17 14 23 22 21 26 31 9 18 32 34 46 35 26 21 8 15 16 26 26 35 50 78 106 142 190 219 200 171 156 99 41 34 28 11 21 28 36 40 23 5 25 41 53 48 36 37 33 26 27 21 13 15 34 32 27 21 17 25 24 
16 10 21 18 12 17 23 28 21 20 24 12 16 12 15 36 25 24 21 10 24 14 22 24 44 70 116 152 175 203 211 179 137 117 76 27 24 31 9 15 15 29 34 35 24 11 26 41 30 30 34 29 24 26 31 28 29 43 23 12 15 22 38 41 
19 22 31 31 36 42 35 27 18 13 18 19 16 14 17 38 29 35 32 26 37 20 22 26 55 98 158 189 200 209 194 151 105 82 64 18 10 31 11 11 4 23 16 40 37 25 31 34 39 43 40 31 23 19 27 18 17 28 17 27 27 33 43 47 
30 39 44 40 35 31 26 19 18 20 11 21 21 24 32 50 43 48 39 27 38 15 25 52 90 138 193 205 195 184 154 112 79 59 55 17 15 22 18 9 11 25 17 42 45 36 43 48 51 51 46 35 23 11 30 27 15 20 14 21 20 18 25 31 
48 49 48 41 27 11 20 11 9 22 15 25 22 30 33 46 37 45 42 37 45 24 52 109 151 186 218 202 170 140 101 66 50 45 50 32 33 20 17 3 8 24 21 38 46 37 39 43 45 48 50 42 32 22 24 30 18 12 6 19 26 22 21 21 
33 29 34 33 17 14 27 15 22 32 25 38 15 33 34 42 40 37 39 48 60 53 99 160 186 205 215 176 130 99 68 39 23 24 40 22 24 13 5 11 15 22 25 31 45 42 42 45 44 38 37 32 24 18 15 28 12 10 27 33 38 32 20 11 
14 18 30 29 15 16 23 24 15 17 11 34 16 30 35 41 49 43 47 61 75 87 141 192 191 189 176 123 82 66 50 28 15 18 32 12 15 13 4 8 13 6 17 24 39 40 40 40 36 24 18 19 14 11 2 25 15 27 28 18 24 17 19 24 
27 29 28 18 17 26 29 26 14 8 18 35 26 30 34 37 48 47 53 77 98 128 186 223 198 176 146 92 57 51 44 22 17 18 22 17 4 18 8 9 24 23 33 30 32 34 33 32 26 14 9 14 13 14 7 18 14 21 16 12 19 16 24 23 
15 16 17 8 18 16 17 20 20 19 18 26 21 15 27 34 52 67 82 118 146 178 222 234 182 145 110 67 40 33 30 12 19 19 16 20 11 21 17 11 33 29 36 35 28 25 25 24 18 10 15 8 18 12 13 16 16 19 20 21 27 25 31 32 
52 43 34 23 15 17 23 23 17 17 24 30 35 2 22 35 62 91 126 171 198 215 230 214 141 93 61 34 30 17 18 16 25 24 17 23 21 22 22 2 31 27 17 18 13 14 19 23 14 12 22 15 20 12 14 21 30 36 35 29 20 7 21 22 
21 24 23 29 30 22 21 24 16 13 23 28 40 18 22 39 67 103 154 200 217 211 199 166 91 45 25 10 20 11 13 13 18 21 15 23 21 18 17 6 26 26 21 21 13 11 14 14 17 15 23 13 13 12 17 26 32 32 28 22 10 7 15 16 
17 22 20 23 24 22 26 20 1 19 30 34 37 19 24 55 99 146 188 217 213 183 150 117 55 21 20 8 15 10 7 15 15 21 26 33 32 28 19 14 22 23 19 15 12 16 18 21 23 23 30 23 22 23 25 30 33 32 34 30 18 10 3 13 
16 18 18 18 16 8 14 3 12 15 25 27 27 19 38 84 138 180 195 205 186 139 100 75 28 10 18 9 16 10 12 20 17 20 21 24 29 25 13 21 19 30 32 23 17 18 12 15 17 13 19 11 11 16 24 31 36 33 29 32 32 30 28 27 
33 24 13 7 20 21 22 16 16 11 25 30 31 44 80 130 174 198 191 182 149 93 59 46 17 18 16 12 14 17 15 21 17 15 16 15 10 9 20 28 17 22 26 22 13 14 8 8 10 10 15 12 12 9 14 24 32 32 27 25 31 37 40 39 
49 45 42 28 16 15 11 21 23 15 36 57 70 100 145 183 209 211 179 147 106 49 22 25 7 23 12 17 19 27 28 31 29 20 19 25 27 27 31 22 10 11 15 28 28 22 16 16 13 12 16 18 17 14 13 19 27 30 25 21 23 27 28 27 
26 29 40 40 38 39 27 24 30 21 50 83 102 142 183 199 204 182 129 89 60 18 13 27 10 21 9 21 10 20 19 10 16 17 22 28 27 24 23 7 24 14 12 24 18 13 12 15 12 6 8 10 14 12 11 15 24 30 23 24 19 23 25 25 
3 8 16 22 28 39 37 15 25 25 66 108 129 168 195 189 176 138 84 51 38 15 12 30 24 16 12 19 9 16 19 11 16 21 27 25 23 21 17 16 29 17 15 18 21 19 19 20 12 13 14 8 10 9 8 4 22 31 24 24 7 13 16 16 
8 10 9 16 21 33 36 13 27 55 109 156 176 195 196 174 152 114 74 49 31 11 10 29 31 13 17 18 10 19 30 24 25 27 28 23 22 22 18 17 27 15 17 21 18 15 16 19 21 22 22 13 15 19 18 6 23 29 16 19 19 17 16 16 
10 18 24 27 28 34 38 29 59 108 160 196 197 186 160 126 101 68 37 22 15 8 12 22 27 21 26 24 15 6 14 8 11 14 18 15 11 12 17 24 29 18 11 12 12 12 19 19 11 11 20 14 22 26 26 16 26 32 15 9 11 15 18 20 
15 25 37 36 35 33 31 43 87 140 181 195 178 152 115 82 60 34 17 13 16 19 18 14 23 27 30 32 33 33 29 28 20 12 10 10 4 7 17 30 35 32 29 20 13 6 3 8 12 9 24 18 25 29 30 21 22 34 20 3 4 8 17 19 
14 25 41 43 38 26 39 84 137 189 211 194 159 124 82 59 51 38 32 27 20 16 23 12 12 21 24 29 12 18 17 15 17 10 10 10 8 8 20 35 44 50 48 40 27 8 7 18 22 18 27 18 18 27 30 29 24 38 19 13 9 6 20 18 
16 20 32 35 26 34 93 157 210 245 240 192 137 95 48 31 32 22 23 24 26 26 30 23 21 27 26 33 19 9 9 11 19 8 17 13 12 11 26 40 45 57 57 45 31 7 14 25 30 26 26 22 11 19 23 26 22 38 31 28 23 14 13 10 
8 12 21 24 40 85 151 205 232 238 207 145 93 62 30 19 28 19 15 17 20 24 26 23 7 11 9 26 20 22 25 23 27 12 20 12 11 2 22 39 39 48 51 42 31 19 28 32 34 29 24 21 3 13 20 29 20 24 23 22 23 20 15 14 
21 16 21 41 85 140 192 221 216 198 156 100 66 46 32 23 22 19 11 14 17 20 21 27 15 7 11 26 20 21 19 31 32 10 15 15 23 24 32 38 38 44 39 31 24 17 28 24 22 18 12 20 7 12 21 33 28 12 11 10 18 17 10 16 
11 21 49 85 138 186 217 223 197 163 121 82 63 41 30 22 14 13 4 14 9 6 7 20 17 6 13 19 21 32 28 37 33 11 8 21 31 37 45 39 29 26 28 29 27 20 16 13 7 7 5 15 15 20 11 26 23 8 20 13 25 24 18 19 
42 66 106 148 192 220 220 202 159 113 73 46 47 23 5 14 18 23 21 24 17 13 6 16 28 22 32 25 15 25 31 36 33 19 25 30 34 38 35 15 5 15 25 24 23 11 21 18 11 16 20 15 14 20 15 31 20 9 23 23 29 26 15 5 
93 122 162 193 214 211 181 148 105 56 25 4 44 27 6 22 23 22 21 23 21 22 21 29 43 48 51 40 40 18 19 27 26 29 37 21 25 29 19 15 9 12 15 15 25 24 25 24 21 24 21 15 15 20 21 27 17 17 29 37 38 30 21 19 
142 167 196 208 205 180 134 97 69 33 16 14 44 30 15 24 18 15 21 23 24 30 30 31 31 31 25 24 38 25 16 13 25 35 41 20 19 20 15 20 13 11 12 7 13 17 21 29 28 34 29 23 16 16 25 34 30 30 30 33 30 20 15 9 
174 196 211 206 184 147 97 60 45 21 13 20 40 26 17 21 15 12 10 13 8 12 17 22 10 9 6 28 32 19 18 23 33 37 38 18 9 10 21 25 26 30 26 22 24 18 20 32 23 32 29 27 27 33 46 48 39 33 29 35 30 23 24 16 
192 200 198 175 142 102 60 35 24 9 20 28 33 17 20 23 15 14 16 21 26 20 20 22 6 12 9 26 25 14 17 19 19 22 19 6 11 20 28 27 29 30 21 14 16 19 26 41 44 42 33 39 23 24 38 27 30 25 18 30 23 18 21 18 
205 194 171 135 97 62 33 20 9 18 31 32 27 15 12 17 17 18 21 17 16 20 27 30 32 31 30 34 20 2 6 8 9 9 8 19 23 25 26 24 23 22 21 12 18 23 29 33 35 30 31 45 29 20 32 21 36 31 16 25 22 24 30 33 
173 159 133 97 62 35 24 19 18 32 35 29 24 15 6 21 31 33 33 25 20 19 26 29 29 26 26 20 6 6 3 5 7 9 11 18 15 15 18 15 19 27 33 39 44 43 42 42 38 27 31 43 32 31 37 27 35 33 20 26 28 34 38 42 
124 109 85 55 32 24 37 32 25 26 23 18 22 15 13 13 6 12 15 10 15 21 33 42 41 32 21 8 8 10 11 9 6 12 15 18 12 13 24 23 18 23 17 12 19 22 25 28 26 15 21 38 33 35 35 30 32 37 30 32 35 40 44 46 
99 81 59 36 29 31 33 24 22 25 28 27 27 19 12 20 11 13 16 3 3 16 25 34 39 31 20 22 14 14 12 15 16 17 21 24 18 17 18 24 25 35 30 27 37 39 37 36 33 25 27 36 31 34 31 28 25 35 25 27 32 36 45 48 
75 60 42 24 18 12 16 20 26 30 28 25 27 32 26 32 25 21 19 11 19 27 29 34 36 43 37 32 18 11 9 20 16 17 21 19 20 28 14 17 20 32 32 15 21 27 30 35 30 19 24 27 24 24 14 10 9 22 12 23 31 33 40 39 
77 60 42 26 10 13 17 15 18 23 24 24 29 37 25 31 29 30 22 12 17 26 32 38 43 45 35 26 11 10 15 17 11 13 19 22 11 26 17 16 23 18 31 11 10 22 26 36 33 32 40 42 40 31 16 9 6 15 21 29 29 27 27 29 
81 68 54 42 19 2 16 19 10 12 18 21 28 35 22 20 20 30 23 10 11 15 22 27 30 34 33 27 18 15 10 11 10 11 16 24 12 25 20 12 26 10 25 19 15 20 25 42 40 41 43 38 33 23 8 7 9 11 14 14 20 20 20 26 
38 29 31 33 23 20 24 25 16 7 20 21 25 35 28 20 17 29 19 12 17 20 25 29 29 32 33 27 20 17 12 8 6 9 19 28 13 17 14 17 29 7 17 11 15 17 21 31 18 22 24 31 34 22 14 18 20 19 17 2 12 15 18 19 
32 33 38 39 38 27 25 24 15 16 17 27 32 41 39 29 20 31 12 3 10 14 27 30 30 28 30 29 27 26 19 10 1 4 21 31 17 8 14 28 29 10 6 9 29 22 25 31 33 38 35 36 26 10 6 17 20 17 16 7 14 14 21 24 
26 31 33 31 35 16 27 25 22 21 13 31 26 30 29 30 24 34 21 19 21 22 26 8 11 19 35 37 32 23 23 16 5 9 19 31 20 6 12 29 30 25 16 14 33 19 27 24 26 35 30 29 25 16 7 14 15 8 11 19 21 22 27 29 
24 27 30 30 39 33 35 28 25 23 14 27 22 21 15 17 9 27 14 18 25 30 33 17 16 15 27 26 23 25 31 22 16 21 26 33 28 18 14 21 20 21 16 17 26 19 33 30 33 39 35 30 26 20 18 24 24 30 34 37 31 27 29 29 
59 50 37 29 31 27 30 25 26 22 19 25 20 20 15 21 11 29 17 14 16 23 30 4 3 6 23 24 24 25 30 21 19 25 28 33 31 16 12 18 20 18 6 12 17 21 29 30 35 43 42 31 25 18 7 10 19 23 25 28 21 18 14 19 
37 31 20 18 21 27 30 24 27 21 23 20 11 10 14 28 5 21 12 16 20 27 34 12 7 7 23 32 29 32 32 18 13 18 22 30 33 20 11 12 14 16 4 12 21 28 27 24 26 33 30 24 32 34 30 27 32 26 12 15 15 20 18 33 
19 12 12 18 24 32 26 21 20 14 20 11 16 23 28 28 11 26 27 28 25 31 34 12 10 7 22 30 18 31 34 20 12 18 22 31 33 22 13 5 10 14 4 11 16 22 28 31 34 42 38 35 34 26 15 12 35 30 13 15 17 20 17 20 
27 20 18 19 27 34 27 25 9 6 16 6 14 12 19 17 16 29 28 15 11 29 31 20 17 16 26 28 11 28 31 23 22 27 28 28 22 22 21 15 20 21 15 18 16 11 8 8 1 15 13 13 9 15 17 21 35 18 4 10 16 19 20 16 
32 29 26 23 30 35 31 33 24 15 12 4 12 15 17 13 17 18 36 25 21 30 24 21 22 23 28 28 7 22 16 4 14 21 22 15 9 24 22 25 36 38 36 34 23 15 13 14 14 6 6 5 5 10 17 22 27 13 8 6 16 25 27 27 
50 50 43 35 26 15 10 24 19 13 11 10 12 19 20 20 24 20 33 20 22 29 27 27 28 27 28 30 18 23 13 10 22 29 31 23 33 31 23 33 32 30 30 27 20 15 17 22 14 21 29 30 32 33 29 30 28 8 9 9 20 24 20 14 
50 48 41 29 12 8 16 29 23 11 9 17 6 18 19 20 9 14 26 13 21 21 21 24 26 27 26 30 26 19 8 15 24 27 33 34 46 34 24 33 24 20 20 18 27 23 24 28 18 28 24 27 31 29 26 36 33 5 7 15 21 27 22 27 
36 32 27 16 11 17 27 38 30 18 21 26 23 23 20 24 8 22 27 27 21 12 16 30 31 26 16 12 18 17 19 22 24 24 24 32 42 27 24 31 24 25 25 30 36 29 27 30 28 42 31 22 23 26 28 38 35 7 7 19 20 25 13 11 
27 19 15 13 17 25 36 43 34 27 26 22 16 12 8 25 6 27 9 20 19 13 14 8 15 19 17 11 9 17 22 15 21 29 31 40 38 22 23 30 27 32 28 29 33 23 17 17 11 39 27 21 21 19 26 36 37 20 15 21 23 24 18 16 
36 32 33 36 36 38 39 35 28 24 22 14 12 12 9 27 10 26 8 10 12 19 23 18 21 25 24 20 16 19 14 11 28 38 39 39 26 24 28 33 33 37 22 19 27 20 23 14 6 33 21 22 28 24 23 18 23 12 17 22 20 21 19 19 
37 32 29 28 21 21 25 23 24 25 22 15 18 21 18 30 24 19 15 14 21 27 33 30 35 35 28 23 21 17 3 27 29 29 19 15 18 28 22 24 25 30 10 7 15 21 23 11 4 21 32 37 39 33 25 9 13 15 16 23 18 19 18 21 
33 27 21 22 12 9 20 22 30 35 31 25 17 9 10 18 20 9 16 10 19 27 35 29 33 35 26 20 18 14 16 33 24 21 15 18 28 32 20 17 21 26 7 9 16 31 31 26 21 8 21 29 37 30 23 22 5 17 18 25 21 19 19 22 
39 36 30 31 24 12 20 11 21 30 32 34 30 21 19 22 23 11 19 11 11 15 28 24 26 29 20 16 12 14 23 35 25 23 20 24 32 31 28 28 13 17 17 23 22 24 19 14 26 24 21 6 21 28 33 36 16 13 9 18 20 16 19 22 
48 44 38 36 32 19 27 8 12 19 24 31 32 26 21 23 26 16 20 18 19 16 11 15 22 30 30 26 22 24 30 35 25 24 23 33 32 18 4 18 16 23 27 24 20 16 11 9 17 22 32 30 31 30 29 38 27 27 23 20 22 18 21 25 
45 42 38 38 28 19 30 7 15 18 20 28 28 23 21 25 32 25 24 22 16 17 12 8 9 10 21 29 33 36 35 26 26 29 32 42 27 3 12 25 30 24 20 11 10 12 12 16 21 18 20 21 19 25 24 26 18 18 9 11 19 19 26 33 
31 29 28 35 20 18 35 13 23 20 21 28 26 24 27 30 36 33 30 29 24 16 16 15 16 18 27 27 32 33 28 24 23 20 24 32 13 13 10 25 33 12 12 4 7 17 20 24 23 19 18 18 5 12 13 16 13 12 4 12 22 22 31 41 
22 21 24 36 15 15 33 20 31 23 22 25 22 24 29 33 42 41 38 36 31 16 9 5 18 24 29 26 29 27 21 27 20 7 14 24 19 31 26 30 42 18 16 11 15 21 28 33 30 18 19 25 9 7 14 13 15 15 14 21 27 25 32 40 
13 13 28 39 12 17 26 16 32 18 18 18 17 21 27 33 45 47 45 41 33 10 9 15 26 26 25 18 28 27 18 30 18 11 8 22 25 37 31 30 45 14 21 13 24 21 20 33 36 27 18 21 9 12 21 13 10 14 8 17 26 24 29 37 

40 33 19 11 23 34 27 44 33 5 7 10 28 35 21 16 8 3 34 39 37 30 30 35 20 12 17 24 40 78 115 152 200 230 222 186 138 90 57 41 40 36 12 22 36 53 38 14 28 43 29 27 24 14 4 10 24 36 11 20 28 32 51 42 
37 30 18 20 16 36 28 36 35 8 9 16 27 29 9 14 11 7 27 27 32 26 27 27 16 9 15 23 46 87 131 170 214 235 214 170 120 71 43 32 41 37 14 8 32 53 39 9 21 35 21 18 18 18 17 21 27 28 4 18 22 32 46 46 
34 30 26 34 34 45 33 27 28 8 21 29 24 21 3 20 15 10 21 15 23 16 17 22 17 13 23 37 65 111 162 195 227 231 190 138 92 46 25 19 35 37 29 22 27 44 37 14 22 25 11 7 10 11 5 11 19 22 20 24 21 28 33 32 
47 43 39 42 33 38 23 14 20 6 32 39 38 43 40 46 35 24 26 15 21 16 22 30 24 19 40 63 98 150 199 212 222 210 153 98 59 22 16 12 23 32 40 33 29 30 28 18 25 16 5 11 18 22 16 17 12 20 22 17 14 19 21 26 
41 39 35 42 32 32 19 13 22 21 40 33 17 19 14 34 28 27 33 21 19 19 15 27 31 38 70 98 135 185 218 201 180 162 99 44 30 21 20 19 9 29 44 38 29 21 18 18 25 18 13 21 27 39 39 36 27 16 21 17 13 18 20 24 
16 15 21 36 34 31 23 14 7 15 32 16 18 32 35 46 38 33 34 22 16 17 13 17 38 72 114 149 172 199 209 168 127 113 60 12 24 32 24 27 21 34 43 40 31 29 32 39 36 27 18 17 9 17 18 18 18 29 34 31 27 28 27 21 
12 18 26 27 20 14 7 18 9 11 27 13 17 21 25 41 36 34 35 23 19 17 21 37 73 109 157 188 187 185 173 122 79 70 39 13 27 40 28 28 21 32 32 42 42 34 29 34 27 30 25 18 11 18 23 29 32 38 27 10 9 10 9 12 
23 25 29 30 32 40 38 27 16 6 22 20 19 24 27 43 37 37 33 29 33 30 36 56 96 139 189 205 183 162 132 81 51 42 40 24 23 36 23 19 15 33 22 42 49 46 46 46 45 43 33 23 10 7 15 19 19 20 20 30 33 36 33 33 
27 32 34 33 31 30 32 28 24 19 18 20 18 25 34 52 46 49 31 19 31 27 48 89 137 175 206 197 158 122 87 53 48 33 42 25 24 26 24 13 16 33 21 40 50 45 45 42 39 37 34 27 15 6 17 28 21 18 21 22 22 23 26 30 
40 39 33 29 23 8 16 10 11 16 16 21 15 24 31 45 35 45 38 31 44 43 82 145 186 202 204 169 116 72 42 16 29 32 45 38 38 25 22 4 7 31 25 30 43 38 33 27 21 18 23 24 20 23 19 33 27 19 20 20 24 18 18 21 
27 18 18 27 22 15 21 10 21 28 29 36 12 25 27 35 32 32 35 47 67 81 131 185 197 192 178 126 73 45 34 18 1 15 42 31 26 16 8 9 16 27 28 24 38 39 32 30 23 13 9 12 5 11 8 27 22 19 33 34 37 31 24 21 
12 9 16 27 14 8 17 21 19 14 12 31 17 24 29 33 40 40 51 69 89 117 166 197 178 155 126 72 36 32 32 16 5 12 35 19 15 13 1 5 11 17 25 21 26 28 20 14 10 6 10 15 12 11 11 27 28 36 38 26 24 15 10 13 
28 26 23 20 8 24 30 29 23 10 16 30 24 23 28 30 44 55 73 99 125 158 197 207 164 125 90 48 27 36 37 18 7 9 27 23 8 16 9 10 23 28 40 37 33 33 28 22 16 16 16 21 24 19 19 25 28 27 25 15 17 15 14 17 
12 8 9 12 13 18 17 23 27 24 27 29 26 7 20 33 60 90 120 153 177 198 215 202 132 89 64 39 23 29 30 8 6 9 17 23 15 18 17 13 30 23 35 35 29 23 16 13 8 13 20 25 31 24 21 21 23 19 23 19 24 22 21 24 
40 32 26 20 10 20 25 27 23 18 31 37 40 11 22 52 86 123 168 203 217 217 205 172 92 50 40 31 26 21 22 18 15 16 15 23 20 18 20 8 30 21 18 13 5 5 13 15 2 5 14 21 27 22 21 24 28 35 38 29 19 8 18 24 
22 24 27 34 35 26 24 27 22 15 23 32 43 26 36 74 112 152 197 224 223 197 161 123 50 13 20 14 18 23 21 22 7 11 12 24 19 17 15 6 26 18 20 13 5 3 12 20 25 19 14 9 16 18 21 29 22 21 20 12 10 13 18 24 
17 23 27 29 29 25 27 19 6 17 29 41 42 31 51 101 153 197 223 228 206 159 112 82 27 8 18 6 11 20 15 24 9 12 20 33 26 25 14 9 22 13 15 5 15 20 26 31 31 28 25 18 14 14 23 28 15 15 24 22 18 16 14 22 
5 9 12 14 18 14 20 16 13 8 19 36 38 45 82 140 192 217 210 195 159 101 61 49 13 15 16 8 18 19 20 28 13 9 8 26 22 21 13 16 17 26 32 27 24 22 15 11 11 16 15 9 9 11 22 22 12 14 15 27 35 36 37 40 
27 22 12 10 25 27 32 27 17 5 19 48 63 90 139 189 217 216 186 156 113 56 31 33 15 24 18 22 29 33 32 38 31 23 20 20 5 5 17 24 13 14 20 25 19 16 15 9 12 20 18 16 18 17 20 13 12 18 24 33 40 41 42 44 
39 37 36 30 22 21 26 27 24 22 54 94 117 153 197 224 230 210 160 118 75 26 12 24 13 26 20 29 30 36 38 39 34 26 24 25 24 24 29 24 11 12 21 36 34 26 21 19 20 21 20 22 22 21 21 10 15 23 29 30 25 23 21 20 
29 29 35 43 42 40 35 27 34 38 79 126 150 183 210 210 196 156 99 63 38 18 20 31 14 20 14 25 18 27 30 24 21 20 23 24 21 20 20 14 15 13 19 29 16 12 13 18 20 18 12 12 19 19 20 12 21 27 30 34 19 11 12 16 
7 4 9 19 22 29 32 22 38 59 111 160 177 195 198 174 148 103 59 39 25 16 11 36 25 20 22 26 18 25 33 30 30 28 24 15 10 7 2 8 22 20 14 14 15 25 29 29 23 24 21 18 15 13 19 14 25 30 32 39 21 8 5 12 
15 9 7 5 15 21 29 35 62 108 164 201 205 199 177 143 118 84 59 45 27 16 21 40 35 23 30 30 25 28 39 33 32 28 19 13 13 12 12 14 27 27 18 15 13 21 23 25 26 27 16 13 17 19 28 19 27 30 28 31 22 16 13 17 
16 5 19 15 22 21 36 64 111 165 205 220 202 169 125 89 70 42 24 18 12 7 18 32 31 23 28 28 24 19 25 25 27 23 17 9 8 6 14 24 33 35 27 17 13 17 24 27 23 25 23 9 13 13 24 12 20 25 18 20 13 14 16 23 
21 3 25 20 19 11 45 89 144 189 205 196 162 118 74 50 42 32 33 31 28 25 29 31 31 32 33 38 38 31 29 29 27 22 19 16 13 9 15 28 39 43 39 31 25 21 16 10 9 15 29 18 10 14 24 18 21 27 12 11 7 15 20 26 
25 5 21 19 15 35 84 137 189 222 215 178 134 90 50 36 31 21 21 20 15 5 27 28 21 28 30 40 33 20 20 21 22 16 12 8 9 7 12 26 39 48 47 38 29 25 21 15 15 18 36 32 1 11 20 25 25 31 6 4 2 10 10 14 
31 22 18 21 45 91 153 204 242 255 223 164 112 70 36 27 25 15 18 15 16 13 26 26 15 24 24 37 30 10 18 20 24 13 15 13 15 11 13 18 27 38 43 35 26 24 25 11 14 17 32 38 8 9 15 24 23 30 18 16 14 6 5 13 
33 31 33 51 91 140 190 217 222 207 156 100 66 43 25 22 18 7 9 9 13 13 21 28 16 15 17 36 34 25 23 21 30 18 19 12 16 17 21 16 12 21 29 23 16 19 29 26 26 26 28 36 12 11 18 30 26 28 28 28 29 19 13 21 
44 46 58 89 135 172 201 201 174 142 96 59 44 32 25 26 19 13 11 11 9 11 12 25 21 16 17 29 25 15 4 27 33 17 19 24 33 36 42 35 29 31 23 15 10 17 31 28 24 26 21 29 18 19 23 34 31 17 26 23 27 18 11 21 
60 75 102 141 180 196 203 184 144 112 82 62 55 39 30 26 18 12 7 15 3 7 10 18 22 12 12 15 19 26 13 30 30 17 18 31 40 46 54 46 33 23 15 13 14 18 18 18 11 17 20 25 25 27 23 33 32 19 29 13 26 24 20 27 
94 118 154 192 209 203 184 149 103 70 45 35 44 29 13 13 20 21 19 22 11 12 11 17 30 19 32 24 8 21 23 33 30 18 26 35 39 42 38 26 16 11 19 15 19 18 18 23 15 13 18 15 20 26 27 41 33 19 27 12 29 29 24 23 
147 166 192 210 200 170 132 95 60 30 15 9 38 30 13 20 25 21 20 20 13 22 26 33 45 47 51 39 37 6 24 31 24 25 36 27 25 25 15 18 12 15 18 9 21 24 25 29 18 14 8 14 21 28 32 40 24 7 18 21 35 32 27 27 
187 195 204 198 166 126 84 56 45 26 13 9 37 35 21 28 28 23 27 24 21 29 31 30 27 27 23 22 36 18 19 14 22 30 41 21 11 14 12 16 7 13 17 11 24 30 31 37 28 25 21 28 29 27 33 39 22 15 9 12 25 17 24 21 
199 204 201 176 135 99 61 33 33 24 14 20 40 40 27 27 18 7 12 9 4 13 17 19 7 13 13 28 30 15 19 23 27 28 34 9 9 20 28 27 24 24 18 14 24 26 28 38 32 33 31 39 42 39 48 49 33 23 14 21 19 16 31 29 
186 178 163 129 91 67 45 30 25 15 17 29 41 37 29 25 11 4 19 17 24 18 18 19 8 17 14 26 22 11 15 16 15 17 19 9 20 24 28 27 22 21 15 15 21 16 23 37 40 34 29 49 48 40 46 38 32 24 15 24 12 9 22 29 
172 150 123 86 53 37 29 24 14 5 26 35 38 34 27 25 17 13 24 15 22 22 23 26 28 30 32 37 19 3 8 10 8 8 8 12 17 14 12 12 14 20 24 25 25 16 26 33 38 28 28 52 49 33 35 25 29 26 12 18 15 27 35 41 
114 100 80 51 27 18 21 19 15 25 37 38 36 33 21 28 34 31 36 29 29 28 28 28 26 23 24 19 7 7 6 6 8 8 3 9 13 18 21 13 22 35 44 50 48 36 33 32 36 27 29 48 48 36 32 25 23 21 11 18 23 37 40 44 
46 38 27 8 9 21 34 27 17 17 23 26 28 27 17 21 15 11 22 18 25 30 34 37 31 22 11 5 13 12 11 10 9 12 9 17 21 25 31 27 25 37 43 48 37 16 10 7 21 24 26 44 43 32 27 27 24 26 21 18 21 33 36 35 
29 18 9 13 26 31 27 12 4 15 27 28 26 28 16 25 13 2 19 21 28 32 29 29 29 22 15 18 14 14 9 16 12 6 11 26 32 33 31 30 31 43 45 46 43 33 24 22 32 31 29 35 33 33 35 37 29 31 26 25 23 30 41 36 
14 11 7 10 21 18 13 6 6 10 18 18 22 34 24 32 22 8 12 20 28 37 38 36 33 39 36 27 16 7 10 21 11 3 15 31 39 39 28 24 24 36 44 36 31 27 15 17 28 27 30 26 23 22 21 20 15 18 9 19 10 9 25 22 
61 47 32 17 14 21 16 9 11 16 16 23 29 40 31 37 33 21 9 14 19 28 33 37 41 45 35 24 13 9 15 19 11 6 14 32 35 42 34 27 27 19 35 23 21 30 17 30 40 44 51 47 43 32 25 18 9 11 14 21 13 12 18 21 
73 64 49 35 14 11 18 16 4 17 24 32 37 45 38 37 34 28 13 16 21 26 30 31 31 36 34 29 21 12 7 14 13 5 12 32 31 42 36 27 30 9 24 16 21 33 24 47 53 54 51 32 19 16 18 14 9 4 13 17 19 22 24 29 
37 33 33 31 18 16 23 22 9 11 27 36 39 48 45 42 35 29 7 14 22 27 30 30 25 31 31 30 21 16 8 9 11 7 16 32 16 27 25 18 32 7 17 14 19 31 10 32 21 26 26 22 32 32 27 21 17 15 20 18 22 24 25 22 
29 26 34 37 35 27 27 26 14 9 20 35 39 49 49 46 38 32 15 17 23 29 30 25 27 29 27 30 28 27 17 10 12 10 19 36 18 11 7 14 33 15 6 7 25 33 18 28 16 24 23 24 14 9 19 25 26 22 25 18 19 18 21 17 
24 27 36 39 38 17 26 29 23 14 18 36 32 37 38 39 33 28 13 17 23 33 38 23 23 27 35 39 32 20 11 10 12 14 18 37 31 20 10 13 29 28 19 11 25 22 27 30 24 30 21 25 15 5 8 17 21 19 20 19 17 18 24 27 
22 26 35 41 38 18 25 25 26 19 16 31 30 32 32 33 24 20 7 19 30 40 44 30 28 27 30 30 22 16 18 12 9 12 15 29 35 33 24 9 9 21 17 11 17 18 34 32 31 30 28 34 25 24 26 30 31 32 33 30 25 23 30 30 
53 47 38 39 30 20 26 20 25 17 11 21 18 23 27 32 21 23 13 22 33 40 45 29 24 22 24 28 21 13 14 10 9 13 16 23 29 30 21 12 7 15 13 3 12 19 29 35 38 40 41 35 17 10 10 16 17 19 25 23 16 12 14 18 
39 33 24 30 24 25 25 13 24 15 18 15 7 12 19 29 15 19 9 18 24 31 38 21 19 20 27 37 28 21 15 7 9 15 19 23 30 29 19 10 5 15 11 4 11 15 19 23 26 26 21 13 23 30 34 36 35 27 5 1 3 11 15 27 
25 21 18 29 27 32 27 19 25 14 19 16 21 26 26 27 14 24 23 23 21 29 33 15 15 18 29 38 23 28 22 12 11 20 27 30 30 27 19 12 6 11 14 14 12 12 17 19 21 25 23 23 21 13 12 14 29 29 9 7 6 11 23 23 
30 30 30 38 42 47 41 35 24 14 19 10 12 7 14 20 17 25 25 16 15 27 26 20 18 16 27 33 26 34 27 26 32 38 40 37 27 21 10 5 10 17 21 24 20 10 6 12 14 14 7 8 10 23 29 29 36 24 7 14 10 6 21 17 
18 22 25 28 37 42 36 35 19 18 22 13 15 6 9 15 15 14 30 16 10 18 15 15 14 8 17 25 20 28 20 20 22 27 29 25 22 21 10 18 31 36 37 36 23 12 11 14 20 20 18 16 10 14 17 15 21 9 14 21 20 17 26 24 
39 40 36 27 20 12 8 24 3 13 20 13 21 18 12 13 15 9 29 15 14 18 19 22 23 14 13 22 15 23 12 16 15 11 15 6 26 24 16 27 38 38 38 34 20 15 18 24 19 27 35 32 27 28 24 20 21 4 17 27 27 19 14 7 
32 30 26 18 8 5 13 26 10 12 16 12 12 11 12 9 11 22 35 32 22 11 13 20 26 20 14 20 15 15 9 19 13 6 20 21 36 25 15 30 35 25 21 16 21 18 19 25 18 33 32 30 27 29 22 26 25 10 15 28 30 24 17 22 
10 5 9 12 15 8 15 27 14 10 8 10 17 15 18 12 15 33 39 43 29 13 4 16 19 14 7 12 16 10 14 21 9 10 15 21 35 22 23 32 35 25 23 20 24 17 12 19 19 37 29 21 21 26 18 27 25 16 18 28 28 24 15 11 
21 16 18 21 23 20 24 24 12 9 13 16 14 15 15 15 18 34 27 31 25 21 19 8 7 5 9 10 10 15 25 26 22 30 31 33 30 18 23 27 27 19 18 18 28 22 11 15 8 34 22 14 12 16 17 29 34 27 26 31 28 22 15 12 
26 26 29 31 32 29 22 13 7 12 18 14 9 11 8 16 17 29 23 17 14 17 21 17 22 25 26 23 24 31 38 38 38 41 35 27 16 20 24 24 24 22 19 19 28 22 19 14 8 30 13 13 16 8 7 11 25 19 21 27 22 21 18 14 
28 21 20 20 18 17 12 10 9 15 20 18 20 21 17 20 17 18 21 12 13 18 24 20 27 26 27 29 35 41 45 48 38 28 13 9 18 22 17 13 13 19 17 18 15 18 17 10 10 24 29 34 33 25 20 18 23 23 20 22 21 20 21 21 
23 21 19 17 17 22 15 14 16 21 23 23 24 19 19 17 13 10 18 5 6 12 25 21 27 30 28 28 32 38 44 44 28 17 9 15 22 20 8 3 14 20 4 5 6 24 21 18 12 20 33 42 47 42 40 37 30 33 27 27 27 24 26 26 
31 32 30 27 24 28 24 12 7 16 20 23 30 26 26 25 21 18 25 22 17 10 21 21 23 26 19 17 18 25 31 33 15 7 6 20 28 27 27 19 8 18 20 24 23 25 18 13 15 22 34 42 51 54 54 48 35 34 25 25 30 28 30 31 
36 35 35 34 28 27 30 18 12 14 14 21 28 29 25 22 19 15 22 24 26 24 14 19 21 21 18 12 9 9 14 21 5 8 9 24 23 11 17 22 17 25 27 24 24 21 18 16 8 16 33 43 52 54 52 49 39 41 32 28 33 35 39 42 
25 28 29 35 26 24 35 20 14 12 4 17 24 26 25 19 19 9 11 10 9 21 20 21 17 10 6 14 23 20 18 11 17 20 21 27 14 15 19 24 21 19 17 15 20 23 26 25 17 4 14 28 39 44 45 42 36 38 26 29 38 42 48 52 
6 19 15 33 22 22 41 25 19 15 9 18 22 21 24 20 19 10 11 13 8 19 20 22 17 11 20 23 31 27 20 17 16 10 12 19 15 18 12 21 22 18 21 18 22 29 34 37 31 16 2 18 30 36 39 36 33 34 30 37 48 51 56 62 
16 20 6 33 21 26 39 31 30 23 21 24 23 22 22 18 20 14 17 18 13 17 17 20 16 17 25 25 34 27 17 22 13 6 12 18 19 25 21 25 35 24 24 16 24 29 33 42 43 31 11 13 21 24 34 29 32 32 33 43 55 57 61 66 
29 26 10 35 23 33 32 24 27 17 25 27 24 22 24 22 27 15 15 15 8 24 29 32 27 19 21 20 35 26 15 24 11 13 9 17 21 28 28 26 38 18 18 9 29 32 28 41 50 42 20 6 17 21 31 10 19 21 27 44 57 60 63 67 

19 12 8 12 17 18 23 47 29 17 9 21 36 27 22 21 27 28 36 39 33 23 24 28 21 21 23 26 51 91 131 168 199 207 179 129 88 62 37 35 46 44 35 35 47 75 46 13 14 32 24 19 19 11 9 12 25 37 6 24 12 24 48 42 
18 14 14 23 5 19 23 39 33 19 5 26 35 25 17 19 26 24 29 27 24 19 22 24 20 22 27 36 65 106 151 181 203 203 167 111 68 44 30 33 42 33 24 29 44 68 39 9 9 28 21 17 21 18 19 21 24 29 4 19 4 23 44 51 
19 17 21 35 25 36 34 32 30 17 18 37 31 24 16 24 28 22 24 20 18 13 15 19 23 27 39 59 95 138 180 195 203 189 139 84 47 25 21 23 27 22 24 29 36 49 29 15 20 28 22 18 19 7 10 6 16 23 18 24 17 24 31 33 
41 36 33 40 21 32 26 21 27 15 32 47 42 46 46 50 44 34 32 19 14 12 18 27 31 31 54 84 126 174 206 199 189 165 107 59 28 12 21 20 11 18 34 38 38 33 16 14 22 23 24 26 34 33 26 18 5 18 21 21 12 16 23 25 
42 37 33 45 28 35 29 27 33 26 42 41 25 29 27 39 39 39 43 25 9 16 12 25 36 48 88 122 157 194 207 170 138 122 66 38 27 24 25 23 10 28 36 39 35 23 12 16 23 18 23 30 33 44 42 35 24 8 18 13 6 16 24 27 
18 12 20 41 36 41 36 29 21 18 36 24 20 34 37 44 39 35 43 27 11 17 11 16 52 93 140 176 190 197 186 125 83 86 49 40 26 26 18 21 27 38 28 30 30 30 27 29 26 16 16 27 21 23 21 19 26 26 30 27 27 30 33 31 
16 19 23 27 18 23 22 26 18 18 33 18 14 23 27 37 32 34 42 31 15 18 23 46 94 132 176 205 189 169 141 80 49 51 26 18 12 28 21 27 33 40 21 27 37 38 27 23 13 17 14 24 20 24 27 33 39 34 24 11 15 15 22 33 
11 17 21 26 25 34 37 32 21 17 29 19 11 18 21 33 27 29 30 28 27 33 43 71 120 155 195 203 163 127 92 44 37 28 22 16 17 28 21 24 30 42 20 27 41 47 47 45 42 39 26 25 14 11 19 28 28 15 22 32 36 34 33 28 
18 23 24 26 20 21 24 23 18 11 19 15 9 19 32 49 45 45 27 14 26 35 60 105 159 184 197 180 129 82 50 25 39 23 28 17 19 21 21 19 23 37 17 24 37 43 44 38 31 27 23 27 23 18 13 31 27 17 20 19 25 26 35 42 
31 29 22 21 16 10 18 17 17 16 21 15 5 18 31 44 34 42 34 22 42 60 101 161 199 196 180 142 86 40 24 7 26 26 33 33 33 23 23 11 3 31 24 17 30 36 37 30 21 19 18 25 25 32 26 33 26 14 12 4 19 11 17 26 
20 12 12 23 22 18 22 16 26 29 33 31 11 18 22 27 18 20 29 45 74 105 151 190 191 168 142 94 48 27 24 16 7 14 35 32 23 18 12 7 12 26 28 20 27 35 36 33 27 18 17 24 21 19 13 21 21 24 27 26 31 27 33 39 
10 8 12 26 17 15 25 27 27 17 22 27 18 19 27 28 34 35 53 74 100 137 172 181 150 116 86 43 21 23 26 14 9 9 28 20 6 10 7 9 15 24 30 28 25 29 26 16 14 15 18 23 20 17 16 18 24 35 30 21 24 26 36 41 
24 24 24 25 6 20 34 38 32 21 26 30 27 21 26 24 34 47 77 107 133 164 185 176 124 82 54 25 13 32 37 18 11 8 22 23 9 6 11 19 28 36 44 42 40 42 39 33 28 24 17 16 17 15 16 9 18 19 13 10 17 20 25 32 
9 10 16 19 12 23 27 28 27 26 36 39 35 25 27 33 54 83 126 160 181 194 193 168 99 61 45 29 17 34 35 7 10 8 14 21 17 10 15 17 25 21 34 33 29 23 11 6 5 4 9 11 17 10 11 6 13 8 18 15 24 24 21 23 
33 28 26 21 7 22 34 32 23 18 35 46 46 30 36 63 90 123 169 199 208 198 172 137 65 39 36 32 30 30 28 16 13 15 14 18 17 8 17 15 27 12 18 12 12 10 13 15 11 11 7 12 15 7 8 15 19 29 38 29 22 13 6 13 
29 30 34 38 36 25 27 30 24 19 23 39 50 42 50 86 118 153 191 207 200 164 122 93 31 14 16 13 24 30 24 22 11 9 13 21 12 13 15 11 25 9 19 7 4 13 19 26 27 19 12 10 18 18 18 26 19 28 32 21 10 5 16 28 
19 23 30 30 27 20 19 18 15 21 26 44 51 48 70 117 155 187 200 193 167 122 86 68 29 25 21 14 17 21 6 22 8 7 18 33 19 22 13 5 20 12 18 11 10 17 27 33 33 28 25 17 12 12 23 32 23 29 31 21 9 15 24 28 
10 7 14 22 24 15 15 14 13 16 20 45 55 71 116 165 190 195 170 143 106 60 40 45 27 33 29 27 28 21 15 27 12 11 18 34 25 24 16 7 15 28 30 32 25 23 21 19 26 27 21 15 13 16 30 33 29 28 20 24 34 41 48 51 
21 19 16 21 29 26 25 16 3 9 31 73 94 125 174 205 201 178 135 100 63 21 16 33 21 31 33 35 35 37 38 44 35 24 16 21 14 12 13 20 17 20 13 26 18 9 12 7 23 27 24 24 25 26 34 31 31 26 21 33 45 47 48 52 
31 32 33 36 32 24 22 16 13 28 75 124 145 175 209 214 194 157 107 71 37 10 7 27 9 21 25 32 26 29 32 36 32 28 23 20 21 22 25 25 18 18 18 39 34 26 24 20 30 29 26 30 27 30 36 27 26 18 19 29 23 25 25 27 
33 30 33 43 44 36 27 17 32 53 108 159 172 191 204 183 147 99 54 32 18 27 25 33 8 13 16 25 18 24 23 22 21 22 25 22 25 27 29 25 14 5 19 33 18 12 16 17 25 22 19 24 30 32 36 22 23 13 17 36 21 13 16 25 
10 7 7 12 20 23 19 15 44 82 146 190 189 190 177 135 97 55 35 26 18 24 22 37 18 16 20 23 13 17 29 29 31 24 21 14 15 15 14 11 10 13 14 18 17 26 31 30 27 26 25 19 17 19 29 10 22 13 14 39 24 5 11 20 
22 19 19 9 19 13 22 40 81 140 192 213 197 178 143 98 72 45 37 31 25 25 32 42 29 23 23 18 14 17 30 21 22 16 16 20 21 19 16 14 20 28 21 11 10 21 20 21 27 31 18 13 16 24 37 18 25 17 11 32 27 21 25 28 
25 18 24 16 19 24 47 76 132 189 215 212 181 140 90 51 38 21 16 10 11 14 26 33 24 16 8 3 14 16 28 29 23 12 4 11 18 15 13 19 27 36 32 15 6 7 14 24 30 38 32 18 8 12 32 18 24 20 12 20 18 22 26 29 
27 18 26 21 13 33 68 104 157 196 196 174 135 91 49 29 31 37 43 39 32 29 36 38 25 22 13 17 28 27 29 30 28 22 19 18 18 12 9 18 28 34 33 24 21 14 13 19 14 16 27 21 8 9 26 21 28 26 16 14 12 24 25 25 
25 18 19 17 28 70 117 154 192 212 190 148 106 68 38 22 18 15 17 20 13 12 33 36 14 18 12 21 27 15 20 28 31 27 25 23 22 19 15 22 24 27 27 15 13 15 25 27 17 15 30 33 11 11 22 27 31 25 16 9 9 25 18 14 
28 29 31 42 81 132 183 211 230 226 184 132 90 56 36 24 17 15 19 19 14 13 29 33 16 21 15 26 31 17 28 31 30 20 22 20 19 16 11 18 24 22 26 19 17 24 32 25 16 13 26 41 19 17 20 25 23 16 20 12 10 19 16 17 
24 28 43 75 124 166 199 205 193 162 109 71 48 32 26 16 2 9 13 15 14 10 19 31 27 27 26 37 39 29 24 18 31 23 24 19 17 20 22 16 16 20 19 4 6 16 31 34 30 22 18 37 27 25 24 30 27 22 31 25 24 7 8 14 
26 35 65 111 156 179 191 178 139 98 60 40 34 23 19 21 16 18 21 20 16 15 11 18 24 25 23 28 25 15 4 21 29 22 27 33 38 41 45 40 34 32 21 8 5 17 30 34 34 34 24 32 34 34 31 36 35 27 38 29 33 22 21 31 
62 81 117 164 189 188 183 156 110 80 60 50 49 37 26 21 15 8 7 16 10 9 10 12 23 19 14 13 13 24 12 21 22 19 24 32 36 45 51 50 43 33 26 20 12 17 17 23 27 32 32 37 40 37 31 36 39 34 37 14 33 33 32 38 
102 126 163 200 199 178 156 117 74 48 27 22 34 29 9 11 22 21 20 28 22 21 18 20 33 18 27 21 12 20 16 27 24 18 24 30 32 35 31 24 21 13 22 21 23 22 13 20 22 22 25 29 32 31 29 44 45 32 32 7 34 38 34 33 
147 162 185 201 174 139 107 72 44 30 18 11 31 30 9 14 21 13 17 27 23 30 30 31 43 38 43 31 34 3 21 29 17 21 36 29 24 20 19 27 25 19 22 17 23 20 7 18 17 17 19 28 32 35 38 52 38 18 20 15 37 36 30 27 
171 174 181 173 130 96 70 47 36 28 18 15 32 37 21 26 28 21 27 29 27 34 33 25 27 21 21 21 36 10 14 15 20 25 40 24 14 18 21 22 13 10 13 11 23 20 9 20 16 23 26 34 37 38 41 48 26 7 7 11 27 25 33 26 
171 173 170 143 98 71 50 30 31 34 24 22 34 43 33 34 30 19 21 21 23 25 20 13 17 19 21 26 29 8 16 19 18 16 30 15 22 28 34 31 22 16 11 15 26 16 5 18 21 31 33 36 48 44 47 50 29 14 6 12 15 24 42 40 
138 130 122 95 65 52 38 26 24 27 24 28 37 45 38 32 25 18 28 26 31 26 17 12 22 31 30 30 20 4 9 12 13 14 19 12 21 24 29 30 22 15 18 24 34 16 9 18 25 25 26 43 56 44 46 43 32 19 7 15 11 19 31 39 
116 94 81 53 34 30 26 27 18 11 21 29 33 39 32 29 30 23 33 29 34 29 18 22 33 39 40 41 24 12 1 7 6 11 10 12 14 11 11 10 18 20 27 32 41 25 27 31 33 21 16 38 50 35 31 28 25 20 14 16 21 33 38 45 
65 59 51 28 19 12 9 20 18 25 32 36 30 34 24 29 41 37 42 40 42 36 26 21 21 22 25 22 19 15 6 6 11 11 7 12 16 19 24 9 25 25 33 47 56 38 34 32 33 27 12 31 44 33 25 24 22 11 13 20 27 36 34 36 
7 16 21 13 16 15 22 25 18 15 13 19 17 25 23 28 28 23 26 30 35 34 31 27 20 14 10 16 20 15 14 12 16 19 15 3 7 16 28 19 18 28 36 49 51 21 17 16 20 30 21 36 38 27 23 27 25 17 14 9 16 26 19 11 
19 19 14 10 21 21 18 11 7 15 19 20 12 22 22 34 28 19 9 26 34 35 32 21 14 8 14 17 16 17 22 24 20 18 12 8 11 14 21 21 18 27 30 40 44 30 23 21 29 33 23 24 25 32 35 35 29 20 22 21 20 31 39 30 
13 15 8 11 22 19 13 9 5 9 11 9 3 23 22 37 30 23 7 24 28 34 38 34 27 36 39 29 19 18 30 31 21 21 12 13 17 18 14 14 16 22 28 30 32 30 21 10 20 25 25 18 17 21 17 15 19 7 7 13 8 9 26 29 
51 38 25 13 14 20 14 11 11 14 6 12 11 24 19 35 34 23 11 23 23 25 30 32 32 40 33 25 21 19 30 28 19 21 11 18 24 29 21 19 24 15 26 19 21 36 24 24 31 40 53 52 53 45 35 23 14 5 6 12 13 12 20 27 
61 54 40 26 11 17 24 21 13 19 10 7 15 24 12 23 28 23 17 26 24 24 27 21 11 25 18 21 23 16 24 25 18 15 16 33 37 44 36 30 31 15 22 15 20 41 30 45 52 57 60 38 26 18 18 13 8 6 9 19 24 24 26 31 
25 27 31 26 18 18 23 22 10 15 18 13 10 25 14 11 16 13 15 23 20 24 23 19 3 25 15 23 19 11 17 18 14 10 14 27 18 28 28 24 34 10 13 21 15 36 9 24 15 25 33 18 30 33 31 23 17 14 14 21 26 25 25 20 
17 20 30 30 30 21 24 25 12 11 13 20 15 31 27 19 19 17 22 27 29 33 24 15 18 25 5 24 23 21 17 11 8 15 24 37 24 19 14 7 34 17 6 13 19 35 11 23 8 21 22 15 10 15 24 25 24 18 18 19 20 22 24 19 
17 21 31 38 39 21 28 35 26 15 12 27 15 17 21 12 10 7 15 13 16 33 30 10 7 12 19 28 26 13 9 14 20 27 27 41 37 31 26 9 28 26 20 17 21 21 20 32 27 33 23 22 12 9 14 14 16 12 12 17 16 19 22 23 
19 22 30 43 38 9 17 27 29 21 16 27 18 9 18 15 8 7 19 17 22 38 36 21 19 18 17 19 18 11 16 15 18 25 22 31 35 37 34 15 12 19 15 14 9 17 35 36 27 22 17 35 30 31 32 31 30 26 23 18 15 14 24 26 
47 42 34 42 29 10 22 27 32 24 18 24 18 7 18 21 12 14 16 17 27 40 41 25 23 22 20 22 21 13 16 15 20 26 22 23 23 31 32 20 10 9 11 11 12 11 22 29 25 31 41 44 25 12 4 3 4 10 18 18 14 8 13 16 
34 28 22 35 17 13 15 16 31 22 21 18 15 15 19 21 6 8 11 21 25 31 34 18 17 22 23 33 26 13 15 15 22 25 24 24 22 27 29 21 15 9 8 11 12 8 14 21 16 19 19 16 21 28 34 39 36 29 14 9 9 6 7 14 
28 24 24 37 21 23 14 15 35 27 26 19 23 26 21 18 5 15 17 19 19 23 29 24 24 26 27 37 20 23 22 17 17 24 32 33 27 27 27 23 17 8 10 17 12 4 9 13 6 12 11 20 19 8 7 10 21 27 15 16 17 10 16 21 
30 32 35 49 49 54 49 42 40 29 26 16 15 12 9 8 7 17 18 13 12 18 26 31 30 29 29 36 24 28 19 27 36 42 46 43 35 30 25 22 17 12 14 24 20 6 3 15 18 23 20 20 17 24 26 25 30 26 19 25 21 18 19 23 
20 21 25 39 45 50 45 40 29 20 22 11 12 9 11 2 6 10 24 12 6 14 24 26 23 19 16 26 23 30 21 29 29 31 35 30 32 31 18 12 11 20 27 33 24 6 9 13 23 26 21 21 8 12 10 9 19 17 30 36 29 23 26 29 
35 32 27 25 20 13 18 26 13 17 23 12 17 17 12 10 5 3 29 19 15 19 25 27 24 19 6 13 15 27 17 27 21 13 22 15 27 28 13 8 21 30 36 33 15 9 15 15 11 17 27 28 16 17 15 8 20 14 33 39 33 20 14 8 
21 16 12 13 5 11 20 25 11 19 25 17 18 23 23 12 6 16 30 36 29 21 21 24 25 20 11 13 17 25 21 31 24 19 26 22 27 18 7 16 24 15 12 15 18 19 24 24 18 28 29 23 15 21 16 16 21 21 32 36 32 17 9 14 
21 20 24 26 18 10 16 23 8 15 18 17 22 19 19 12 12 26 19 28 24 20 15 14 15 16 11 12 21 26 29 37 28 26 23 18 27 16 20 18 25 16 18 14 14 16 20 21 19 32 30 21 18 23 22 24 27 25 27 30 25 15 11 12 
25 25 31 31 26 21 20 21 9 6 11 20 24 27 28 20 12 24 6 13 18 20 22 19 19 21 20 22 25 30 37 42 37 37 32 26 24 18 27 20 19 4 12 7 15 15 15 22 18 33 30 20 16 21 23 26 33 28 23 26 18 13 9 12 
23 28 37 37 32 25 15 15 12 1 11 11 17 20 17 13 8 21 17 6 10 13 16 16 26 27 27 26 27 31 37 39 39 37 30 24 19 22 26 16 15 15 20 19 25 17 18 24 22 35 26 18 16 13 7 9 21 12 7 16 11 12 9 13 
19 16 27 27 22 14 9 16 15 6 11 8 19 25 22 17 7 12 15 6 5 13 17 12 20 11 12 17 23 29 32 33 26 18 11 25 23 19 19 13 4 15 21 23 21 18 20 22 22 24 16 16 15 12 17 22 30 25 12 11 13 15 19 23 
15 10 23 22 18 19 10 16 19 15 14 6 16 19 19 14 5 9 13 12 11 2 16 7 13 21 22 23 22 23 27 26 17 13 10 22 17 5 8 13 15 20 6 6 12 28 24 23 16 9 11 23 29 34 37 34 31 36 29 21 24 22 26 26 
21 16 19 16 11 23 20 6 8 16 13 13 22 23 23 21 20 22 26 26 24 13 10 10 9 18 6 15 18 19 25 26 15 14 14 25 25 21 21 15 13 19 16 18 21 31 26 21 13 11 20 29 38 45 42 36 27 31 23 13 19 21 25 25 
15 13 16 16 3 19 24 9 3 9 13 22 27 30 29 19 15 18 20 21 28 25 8 7 9 16 10 12 16 15 21 26 19 17 18 29 24 14 19 16 14 22 20 22 27 28 26 22 15 15 22 31 39 38 38 39 33 39 30 20 20 24 29 31 
18 21 9 19 5 13 31 15 9 5 13 15 20 24 26 16 11 5 6 7 15 23 17 17 22 26 20 22 23 15 17 12 20 21 24 30 23 26 23 15 9 17 14 21 29 32 35 30 23 17 18 26 31 29 32 34 31 36 27 25 25 27 32 29 
19 30 9 22 10 10 39 27 19 15 23 13 18 20 23 20 11 8 12 14 14 22 16 15 16 15 20 24 26 24 15 10 18 23 26 30 27 23 22 18 13 21 21 25 33 37 39 37 32 23 21 25 29 29 35 37 35 32 28 29 26 27 32 33 
18 28 15 22 18 22 38 36 29 18 29 13 19 24 23 20 13 10 15 15 9 21 15 19 22 23 29 29 28 26 12 16 22 30 31 30 24 19 20 18 29 30 29 27 38 40 39 39 40 31 19 18 16 14 33 35 40 34 33 34 28 30 33 33 
21 23 18 26 27 32 29 30 24 12 37 22 25 24 26 25 26 18 13 13 10 31 29 28 26 20 22 28 34 24 18 21 24 32 29 29 22 24 29 25 34 24 19 18 40 46 41 41 46 39 25 17 14 14 31 12 27 22 30 41 34 37 40 41 

45 30 19 19 15 20 34 44 22 17 11 29 38 23 25 26 9 11 18 9 12 11 18 23 21 13 10 18 54 97 145 177 172 152 112 63 33 36 13 28 54 56 51 30 40 85 52 24 26 21 30 21 30 26 15 10 25 40 20 27 10 25 45 40 
41 30 21 27 11 12 31 37 26 26 12 36 36 15 17 12 8 17 18 7 4 10 20 21 19 15 18 34 77 121 168 188 175 151 105 51 20 27 20 37 47 38 42 40 49 76 39 24 30 28 34 25 33 27 22 19 24 33 14 20 12 21 41 51 
33 26 23 37 26 30 40 36 30 27 25 46 30 12 3 7 16 11 13 4 7 10 12 17 23 22 33 66 117 162 198 197 174 139 82 35 13 16 20 31 30 28 41 45 47 53 20 26 30 32 32 23 30 15 12 7 16 26 15 21 19 13 17 13 
42 36 29 38 18 19 25 26 29 23 38 54 40 40 42 43 40 34 31 17 9 13 18 28 38 35 56 98 150 193 213 187 155 118 60 29 11 12 25 32 20 31 47 54 55 41 9 18 20 26 28 27 43 43 35 28 8 18 20 21 19 13 14 11 
42 37 29 48 26 19 15 23 35 30 46 46 26 27 26 32 35 39 47 34 19 21 14 22 41 60 103 145 180 204 199 143 102 87 35 40 31 28 32 33 22 40 37 41 39 24 17 22 24 20 21 18 27 41 43 43 28 8 20 16 19 21 19 17 
20 20 18 47 37 38 30 20 21 19 38 25 17 31 25 29 24 22 39 34 23 25 17 22 69 115 164 202 210 202 171 100 62 72 49 57 34 28 22 19 31 48 22 14 16 29 31 29 24 11 9 21 15 10 14 34 34 22 32 30 33 33 31 32 
26 23 18 31 15 19 10 12 9 16 32 12 4 18 15 23 17 20 33 32 20 23 30 60 119 156 198 223 196 162 124 67 49 45 33 34 9 18 12 22 39 49 21 7 16 31 27 24 23 23 23 28 23 19 22 43 45 28 26 19 27 26 37 56 
19 17 18 30 18 25 31 27 16 14 28 9 2 13 1 23 16 23 22 24 22 34 54 94 148 177 210 209 156 110 72 44 42 26 16 17 16 22 23 33 42 50 28 17 21 36 42 45 51 49 38 35 26 20 20 42 41 11 21 30 35 30 37 36 
22 21 26 32 14 9 11 10 15 7 24 12 12 19 30 47 43 46 29 14 23 45 75 125 181 198 199 175 117 69 40 29 36 21 22 18 21 21 25 34 39 47 32 19 18 25 30 28 30 28 24 30 34 36 18 40 37 22 25 24 30 30 44 54 
28 26 30 33 27 27 26 24 26 21 31 14 11 24 42 48 40 47 38 22 48 82 120 176 210 193 163 126 76 41 28 15 24 23 27 29 31 24 22 25 22 33 29 10 9 18 29 27 27 22 15 18 23 43 37 36 28 9 2 14 24 18 28 30 
16 21 30 37 33 31 18 13 31 31 41 29 16 16 25 21 14 24 42 58 91 133 168 194 186 148 112 72 44 31 24 16 9 16 31 31 22 21 12 13 8 23 24 16 15 21 31 29 26 15 9 13 9 21 25 20 22 18 18 27 30 24 31 31 
11 18 26 36 31 28 22 21 27 8 25 21 19 15 26 24 40 53 81 101 124 161 175 165 128 89 59 29 26 24 20 11 9 9 22 18 2 7 8 12 14 25 30 33 31 32 31 20 17 14 9 12 9 15 24 13 21 26 22 31 31 30 36 36 
26 30 36 37 23 24 30 34 27 11 22 24 26 14 17 21 42 66 108 134 155 179 177 152 100 57 32 12 13 29 30 14 5 6 19 21 13 7 14 23 28 36 42 43 45 48 47 43 42 35 24 14 15 12 22 6 17 14 15 24 25 26 31 42 
18 19 26 27 20 27 29 25 16 15 28 35 33 17 13 45 69 102 153 180 193 196 177 144 85 51 36 24 9 34 33 6 8 7 11 15 15 6 15 20 21 17 29 27 27 20 11 2 6 5 14 12 20 12 14 11 20 17 22 18 28 30 24 29 
24 21 24 19 11 22 36 33 19 11 24 41 39 12 38 86 114 146 187 201 197 175 140 106 51 40 39 38 34 33 27 20 18 21 18 20 20 9 15 20 26 2 18 12 14 9 11 16 20 19 10 15 13 9 6 13 21 23 35 27 23 20 10 19 
29 28 34 34 32 22 27 33 21 18 12 34 44 36 63 114 144 174 199 195 173 130 88 66 21 18 19 21 31 34 24 30 21 22 26 28 17 11 8 16 28 5 18 1 12 20 22 27 24 14 5 12 20 19 15 21 15 21 32 20 18 19 21 33 
19 22 31 26 17 12 16 24 18 20 19 43 51 55 95 147 175 194 187 162 130 90 65 57 34 34 29 21 23 24 9 29 21 22 26 31 7 13 9 14 24 18 22 15 7 16 27 34 34 25 19 12 9 9 12 25 7 8 25 18 13 14 17 13 
15 8 16 21 13 5 10 18 17 18 18 56 69 98 154 196 201 186 139 97 61 19 10 31 11 28 29 29 34 28 21 30 16 17 21 30 15 25 23 13 12 28 28 34 21 18 22 24 33 29 16 7 7 4 18 19 5 3 18 26 37 48 59 68 
27 22 22 23 16 13 15 12 7 12 45 96 119 157 206 219 193 151 93 52 25 14 15 32 9 16 24 26 29 35 41 47 35 24 15 21 21 23 19 15 5 22 6 30 17 9 8 11 27 20 15 16 20 16 23 14 8 5 14 37 53 56 60 70 
31 31 38 42 35 22 16 7 11 39 97 149 165 191 219 206 167 121 71 39 22 20 18 29 7 9 23 26 16 15 24 36 34 33 26 18 21 18 16 12 10 19 11 42 32 24 24 27 40 24 17 14 5 18 32 17 14 4 12 31 23 27 33 41 
35 31 37 44 43 36 25 16 33 68 133 179 178 191 198 162 115 67 28 7 18 29 28 32 9 6 24 24 18 21 11 22 25 30 29 21 24 25 26 23 19 13 23 40 17 12 11 25 39 27 21 13 21 32 42 22 20 3 12 39 27 20 31 40 
13 12 24 24 34 33 19 20 51 104 170 196 174 172 153 101 66 33 28 17 23 27 28 37 12 12 28 25 15 17 21 27 32 25 19 12 14 5 9 18 23 22 27 30 17 27 30 35 43 40 38 19 9 26 38 20 30 9 14 43 31 18 30 35 
26 24 32 28 33 13 29 53 97 161 202 196 159 140 101 58 45 27 29 27 34 33 35 41 21 20 27 19 14 17 24 9 18 16 16 22 21 18 22 26 27 34 35 26 16 26 21 24 42 46 36 21 19 33 43 18 30 15 11 38 36 35 45 48 
19 15 25 12 9 29 66 95 149 204 208 177 133 96 44 19 34 30 29 23 21 21 27 33 17 18 21 14 16 20 30 31 22 15 10 22 28 23 25 22 24 34 42 29 19 17 9 21 42 55 47 28 11 21 39 25 32 22 9 22 22 28 37 45 
26 21 25 22 15 52 96 124 170 201 176 130 87 54 6 23 38 46 52 47 36 30 36 40 21 23 23 21 29 30 31 30 25 24 23 26 30 24 22 12 16 28 37 31 27 18 10 19 30 38 35 24 10 12 32 26 34 26 17 10 7 23 24 31 
30 29 27 28 49 99 147 170 196 203 160 103 64 39 18 16 19 15 13 17 6 13 34 39 10 19 21 20 28 21 27 36 39 38 37 32 28 28 30 24 19 21 27 16 19 10 14 25 26 31 34 31 16 13 26 28 34 20 21 7 4 25 7 19 
33 38 45 63 111 165 208 220 223 205 149 96 62 36 27 24 20 19 18 15 8 8 29 34 13 19 22 29 32 25 39 42 33 18 17 16 18 14 21 27 32 31 33 23 19 16 19 13 15 22 32 42 22 14 21 28 23 8 23 8 4 23 15 23 
31 38 59 98 151 187 209 201 175 135 80 44 22 5 12 5 12 15 16 18 12 7 17 25 21 24 26 36 38 29 27 16 29 19 17 16 14 18 22 22 20 23 21 8 7 9 19 21 22 24 25 40 32 19 15 20 17 20 33 24 15 9 20 21 
25 43 81 131 171 183 185 163 117 73 39 21 23 15 8 15 24 25 29 29 22 17 15 12 13 21 22 28 24 13 13 19 26 18 20 31 37 42 45 44 33 26 17 11 7 15 19 20 26 32 30 37 38 28 19 21 23 33 46 37 31 14 20 26 
65 90 131 177 191 179 166 133 84 54 38 33 40 31 20 17 22 13 12 20 10 5 5 8 10 9 6 13 11 19 11 16 19 11 13 21 29 42 46 50 45 35 32 26 10 15 17 18 23 31 35 40 38 24 13 18 30 39 44 28 32 28 27 25 
99 128 165 197 178 149 125 87 50 32 15 10 28 31 9 14 32 23 20 32 20 20 12 16 25 10 17 13 10 19 15 27 26 18 20 23 27 31 24 21 21 11 22 20 19 23 15 13 11 19 27 29 25 12 12 36 46 40 34 11 32 35 33 26 
137 151 172 179 136 100 76 48 32 27 18 13 27 31 6 12 27 8 15 29 12 25 22 24 40 32 37 28 27 12 24 29 17 18 33 29 20 15 19 26 27 18 22 17 23 22 2 10 12 17 19 24 18 7 21 48 44 28 21 7 36 37 30 23 
152 153 156 141 87 57 45 28 25 25 19 20 32 40 17 21 33 22 29 33 24 29 26 24 37 36 38 33 39 17 15 12 15 20 38 26 10 19 25 22 21 17 17 17 27 22 8 14 10 20 20 21 15 23 30 44 26 15 16 16 28 32 41 31 
144 144 138 108 58 41 33 14 23 33 20 6 14 35 23 32 43 28 25 19 16 19 13 14 36 42 41 35 36 23 22 19 11 12 32 24 29 35 41 37 26 21 16 20 34 26 12 12 13 24 21 11 33 36 34 36 14 8 12 16 17 26 48 45 
106 97 94 68 44 40 32 18 19 30 21 15 15 36 33 31 39 20 23 11 17 21 15 18 42 46 39 33 25 21 21 18 21 16 24 17 27 29 34 38 30 21 18 16 35 23 16 19 19 18 19 20 45 40 35 31 17 7 8 15 14 15 33 45 
89 68 62 39 32 34 31 26 18 12 19 24 19 35 28 29 45 27 24 8 14 19 16 24 41 42 33 31 23 23 22 20 22 21 19 10 12 9 10 14 29 21 23 20 40 28 31 38 34 21 16 14 41 34 21 18 13 9 13 12 24 32 39 48 
53 48 44 30 26 21 16 18 20 29 36 43 32 33 20 25 54 47 36 29 29 27 22 19 23 26 20 14 17 19 20 22 24 22 19 18 22 24 28 11 37 13 18 29 55 42 39 43 41 36 20 21 39 33 14 13 15 7 15 22 32 35 31 32 
13 17 25 20 19 15 17 23 21 20 18 29 26 24 16 18 37 40 24 22 21 21 22 19 15 9 11 22 22 15 15 16 22 27 26 3 9 18 34 20 26 17 25 35 54 30 25 30 24 39 30 32 32 22 13 20 21 19 15 11 22 27 16 11 
17 18 18 10 12 13 9 9 12 15 15 20 9 11 15 28 28 35 8 21 21 21 19 8 7 6 21 22 15 9 14 15 14 24 24 4 7 11 28 25 22 13 10 24 45 31 26 26 27 39 27 17 20 31 33 31 27 20 23 26 30 40 41 32 
12 14 6 5 17 18 9 7 7 8 12 14 6 13 18 32 21 33 20 29 15 12 23 28 25 35 41 30 20 13 22 18 9 28 23 5 9 12 24 22 26 18 14 22 37 35 27 14 18 30 26 11 5 8 6 12 22 10 9 14 16 19 31 36 
42 30 19 13 17 24 18 13 9 3 12 16 14 16 17 33 25 20 24 31 16 6 11 21 24 38 33 30 30 21 25 12 8 27 18 15 19 22 22 17 24 11 15 15 30 43 31 21 23 35 47 44 51 46 36 27 19 9 13 14 15 16 26 33 
54 48 36 26 21 25 29 25 12 10 15 21 26 29 22 30 29 24 33 34 21 20 18 17 1 29 17 25 26 23 33 23 14 13 21 39 43 46 41 35 35 19 18 19 24 49 37 45 51 55 58 36 28 21 23 24 21 19 22 23 19 20 22 25 
30 31 38 34 29 24 25 27 8 14 26 29 28 35 20 14 9 7 29 30 17 20 18 28 6 33 17 30 19 13 27 18 5 3 14 24 17 27 31 33 42 18 7 27 17 43 18 24 21 26 32 12 29 35 35 32 28 24 24 27 19 14 14 6 
20 23 35 37 31 19 22 29 14 15 22 30 28 40 31 24 23 21 34 40 39 36 19 25 16 31 8 28 18 19 23 13 12 24 34 42 29 18 20 17 41 22 9 23 20 43 15 24 12 24 24 13 15 24 32 35 33 27 26 27 18 17 17 14 
13 18 30 40 37 19 27 39 30 20 20 32 28 27 22 9 13 10 19 12 17 32 18 15 18 18 18 28 23 17 17 27 35 39 36 45 36 27 30 15 33 22 18 23 20 31 14 33 30 42 37 31 17 14 20 24 23 16 17 22 12 13 14 16 
18 20 25 44 38 12 11 27 27 14 7 23 23 9 18 13 17 15 24 18 22 37 29 22 23 26 28 28 25 21 22 25 32 36 30 35 30 29 36 19 18 19 14 20 5 22 35 45 32 31 27 41 35 34 37 39 33 22 17 15 11 7 15 19 
41 36 27 41 29 15 24 26 30 17 6 18 20 10 21 26 26 20 20 11 20 37 37 28 29 29 29 30 29 23 25 24 31 34 28 28 20 25 38 27 12 5 5 21 10 7 21 32 23 36 48 54 34 15 17 21 17 6 12 15 11 5 11 13 
31 23 16 34 22 15 12 6 26 16 16 15 16 20 26 30 25 18 14 19 23 33 36 28 29 28 27 35 33 21 27 23 28 29 28 31 23 22 36 33 26 20 8 19 12 6 16 26 21 30 36 31 21 26 36 44 38 26 14 6 8 11 11 5 
27 23 20 36 25 21 9 5 27 15 14 12 24 29 27 25 15 13 8 8 12 24 34 37 41 40 31 36 30 35 39 30 24 29 38 41 34 31 33 31 23 24 15 21 14 3 9 19 9 12 17 17 15 11 15 18 14 17 9 14 22 17 4 9 
35 37 37 49 53 58 55 47 38 23 19 14 21 22 19 12 8 14 10 10 15 23 35 45 47 46 40 37 28 37 35 40 43 46 48 45 41 39 35 38 32 31 21 25 23 9 5 15 18 26 31 30 18 25 26 24 20 15 6 19 23 29 18 19 
23 27 31 45 53 56 53 47 24 11 19 15 21 12 15 9 8 11 22 19 20 22 26 27 25 30 27 28 26 38 31 40 35 34 36 31 40 37 26 28 15 18 20 30 30 10 16 11 20 26 21 29 6 19 14 11 10 3 25 25 23 28 24 26 
27 24 18 19 17 12 24 33 4 17 27 23 27 25 13 11 8 7 31 25 20 21 18 16 14 20 15 8 12 34 23 37 27 19 24 19 31 31 14 14 13 27 36 29 14 14 24 14 11 8 23 30 9 22 19 13 19 16 35 19 20 23 16 8 
12 10 10 18 20 23 26 28 9 26 33 26 28 37 35 21 9 14 30 39 36 29 21 16 15 19 16 6 9 28 19 35 30 29 32 28 22 17 23 27 27 21 9 6 8 20 24 12 7 17 26 22 16 24 19 14 16 26 38 13 16 11 8 14 
23 23 25 24 18 17 19 19 13 32 35 27 20 15 19 9 10 24 15 23 26 28 23 16 17 22 16 13 19 24 16 31 27 32 31 26 20 10 23 16 26 22 20 11 4 17 14 6 6 16 24 20 18 20 29 27 29 29 32 11 16 6 9 17 
23 25 26 19 14 18 15 12 16 31 36 33 27 27 29 20 15 20 8 10 20 24 29 31 36 37 35 34 30 24 17 29 25 31 32 26 12 13 30 22 28 18 17 9 10 15 6 9 9 19 24 18 13 19 27 20 29 24 22 9 12 4 1 13 
18 24 29 25 23 22 17 2 19 23 30 21 14 14 10 8 11 16 14 3 15 20 22 28 40 43 39 34 23 9 7 19 24 25 27 31 15 19 24 16 19 11 17 19 27 17 7 13 4 22 22 18 16 18 16 7 18 9 10 11 9 5 6 15 
6 10 20 11 9 11 18 16 16 12 19 6 11 15 7 6 10 14 17 12 16 23 24 25 35 30 26 23 19 14 9 6 10 5 15 37 21 16 24 24 11 11 20 25 23 15 8 11 16 19 17 19 22 29 31 34 42 38 17 12 18 15 21 28 
16 16 30 25 19 19 8 15 15 7 16 5 8 14 11 12 14 18 18 18 21 17 21 17 27 36 35 35 27 16 16 12 9 7 7 32 19 13 18 18 14 18 3 9 8 21 12 14 16 15 18 19 24 33 29 30 33 42 32 19 21 16 21 19 
21 16 24 22 14 23 18 4 4 10 12 15 19 22 24 25 26 30 31 30 29 18 11 9 13 27 19 24 28 24 28 24 9 6 4 28 20 15 14 8 15 19 17 20 13 24 15 11 16 20 21 15 24 31 15 10 11 28 25 9 14 12 17 14 
16 14 19 20 8 20 23 11 6 10 20 29 28 31 32 25 22 26 27 27 31 25 10 7 9 23 14 14 24 28 33 32 17 13 10 27 21 10 18 17 19 21 15 18 14 17 14 14 21 24 21 17 24 21 11 17 17 31 25 16 17 17 24 26 
27 26 8 19 10 19 35 17 10 5 21 15 15 18 19 19 11 7 7 9 18 22 16 20 31 39 27 21 21 20 30 21 13 11 12 19 14 22 16 14 12 18 6 13 17 20 29 28 32 27 19 9 13 16 15 18 17 26 23 25 21 18 24 20 
32 41 20 14 16 23 49 36 23 18 35 16 18 23 24 33 22 20 20 14 16 22 12 10 23 26 22 24 25 33 32 11 6 11 3 12 4 7 21 21 9 21 4 12 25 19 22 31 41 36 28 15 22 30 36 39 36 24 19 23 17 16 25 26 
24 38 34 11 25 36 52 49 28 14 44 17 22 35 30 39 31 28 24 9 14 27 21 23 32 38 38 36 30 36 32 6 3 11 11 15 6 1 17 16 26 33 24 22 37 33 18 29 46 41 32 11 9 17 34 38 43 31 28 30 21 14 22 18 
28 34 42 12 27 40 45 47 17 14 54 22 30 34 36 47 43 39 28 14 25 42 34 29 28 30 30 38 40 34 39 10 8 19 10 22 13 18 27 29 34 31 16 13 40 46 33 34 54 51 40 16 9 18 29 14 31 15 30 41 28 22 31 28 

61 47 30 29 18 21 44 39 27 29 17 40 41 24 30 31 16 27 26 18 14 17 25 21 15 14 14 25 72 114 156 181 147 106 71 32 14 36 21 21 49 54 61 38 36 78 47 21 40 15 31 21 36 28 23 12 20 35 3 15 11 28 43 43 
54 45 30 35 21 12 42 34 29 36 19 47 38 11 19 18 12 27 22 15 6 14 28 19 14 18 22 45 99 141 177 188 149 108 69 24 8 26 17 33 42 33 53 53 51 72 28 20 43 33 40 30 40 28 28 20 22 33 10 19 19 25 42 50 
43 38 26 39 33 35 52 39 32 34 28 54 32 10 4 5 14 17 22 15 12 16 19 14 18 25 40 82 143 180 203 189 141 96 46 12 9 19 12 28 26 30 50 59 58 52 8 18 30 32 37 30 38 18 19 6 11 27 10 23 20 13 15 6 
35 33 22 36 25 25 39 31 30 29 42 62 41 38 40 39 39 39 37 23 11 14 15 23 33 38 64 116 171 200 203 160 113 77 32 22 8 14 21 33 22 35 47 61 65 49 29 19 9 20 28 31 52 54 48 40 23 24 19 27 17 9 11 2 
36 36 24 48 31 23 32 32 38 33 53 55 32 33 33 35 35 38 43 32 24 26 14 19 37 68 117 165 196 202 178 106 62 54 13 41 30 30 36 45 37 50 30 34 35 24 35 27 20 17 19 12 26 40 46 50 37 23 27 27 17 19 16 12 
23 24 15 50 41 42 36 29 30 27 46 31 21 31 26 27 19 9 28 25 24 29 20 28 79 131 181 220 217 191 147 67 34 54 45 61 37 32 30 28 35 59 26 14 17 39 46 30 17 7 12 24 22 12 13 40 42 30 40 40 36 37 40 42 
29 23 12 35 18 23 13 18 24 28 42 18 4 19 20 26 22 16 26 24 15 23 31 72 135 171 211 228 183 134 92 42 42 36 36 41 13 18 16 17 38 54 23 6 8 33 33 35 37 33 29 29 23 15 15 48 53 36 36 33 32 34 48 64 
19 15 13 35 17 24 33 35 29 25 38 12 11 16 8 20 18 23 19 17 16 33 60 109 162 186 214 199 132 78 45 42 43 16 6 18 15 19 21 26 38 48 24 17 16 34 43 50 58 55 42 39 32 22 13 50 50 7 18 29 29 25 40 35 
16 9 20 39 18 11 14 7 24 16 33 11 15 20 31 44 41 47 29 13 24 52 85 135 186 194 188 154 93 43 24 30 36 16 18 20 26 25 28 36 41 46 33 27 20 22 21 13 18 21 22 34 44 44 18 48 47 25 26 26 26 26 47 53 
25 20 21 36 27 28 33 25 30 25 39 20 20 32 49 49 39 48 36 23 57 96 131 182 209 175 136 102 56 27 26 18 25 20 24 27 36 33 27 30 29 30 29 23 9 12 19 10 15 19 12 15 30 49 41 40 36 9 7 21 22 16 26 23 
20 22 24 33 25 21 14 8 35 31 45 27 15 10 26 19 23 39 53 71 106 147 171 190 171 121 83 52 39 29 23 20 11 16 31 30 24 22 13 9 8 18 25 27 14 17 25 15 13 11 8 14 18 29 31 23 30 12 14 26 19 14 22 18 
23 22 25 35 26 18 11 19 31 8 28 12 21 14 29 32 53 69 96 114 136 166 165 144 104 65 40 25 28 19 17 16 13 9 24 17 7 9 12 9 17 25 31 38 30 30 29 17 18 22 15 13 15 21 30 15 27 17 17 30 20 22 30 33 
34 35 39 41 23 10 19 33 26 13 22 18 30 13 19 30 52 75 121 143 161 176 159 127 79 38 22 19 24 28 25 18 13 10 23 23 16 9 17 21 26 36 43 47 47 49 48 45 46 39 28 16 17 12 27 11 23 6 10 23 22 35 47 63 
27 25 31 33 21 22 24 27 16 12 24 30 33 9 10 60 86 114 165 182 185 179 151 118 72 47 35 25 14 35 30 10 16 12 16 16 12 2 17 22 15 15 25 26 26 20 13 7 10 7 18 17 23 15 16 15 30 21 21 15 31 41 34 35 
23 17 22 17 5 18 33 36 21 10 18 36 41 19 49 105 132 156 192 190 171 142 105 77 43 43 46 46 37 36 20 23 27 28 26 21 16 5 12 22 23 5 21 12 14 7 11 19 26 25 15 17 13 14 7 10 27 14 33 25 23 28 12 15 
33 31 37 33 28 19 26 35 21 19 14 38 50 42 73 130 159 183 198 180 147 102 62 48 22 21 24 26 32 34 20 30 14 14 26 28 14 7 4 22 31 7 20 8 17 24 18 21 17 10 6 15 21 19 13 17 20 18 35 23 23 29 23 29 
20 22 33 25 12 12 16 26 17 18 15 48 55 64 111 166 189 196 177 141 105 70 53 51 41 39 35 26 25 26 19 33 19 15 31 36 11 4 7 21 32 25 29 21 6 19 26 34 36 24 17 13 9 10 12 24 11 9 31 22 20 19 13 5 
23 21 25 26 13 8 11 20 18 18 21 67 82 117 177 215 208 176 117 69 39 11 14 30 11 24 28 29 34 29 31 36 18 16 30 36 10 21 26 14 17 33 31 41 20 19 24 27 37 31 20 10 8 7 21 25 15 15 22 20 40 57 74 88 
24 25 27 24 9 8 14 14 10 14 57 114 133 172 221 223 185 134 72 28 15 25 29 40 23 15 24 25 26 33 48 50 36 25 22 30 21 27 27 17 3 24 6 38 18 18 12 13 30 19 21 19 21 16 30 25 22 17 19 45 62 64 67 75 
27 30 40 42 36 25 18 9 17 48 111 161 168 194 222 197 151 107 64 38 22 20 23 34 16 8 26 26 17 9 33 43 38 39 33 23 20 20 20 16 12 22 7 47 26 24 24 28 42 17 15 5 2 19 41 24 25 14 16 40 28 24 28 30 
32 28 38 38 37 34 22 17 36 78 144 187 178 191 196 148 98 56 33 21 19 24 27 32 9 10 28 20 14 16 13 30 33 36 34 22 23 24 29 28 26 17 24 48 15 18 20 33 45 28 26 10 21 37 52 25 29 9 17 44 31 18 28 32 
15 13 30 20 38 36 13 18 54 115 180 200 168 165 142 83 54 32 37 21 26 27 31 39 16 21 33 23 14 16 16 29 34 26 19 16 17 7 13 21 25 21 33 43 13 28 35 40 49 41 47 32 14 35 48 27 40 13 20 48 34 12 25 25 
33 33 44 36 42 10 34 58 103 173 206 183 136 122 82 40 41 27 34 31 44 43 45 47 25 29 34 19 14 15 17 6 19 16 18 25 18 18 30 31 24 28 40 41 17 30 35 32 45 40 35 30 28 44 49 20 36 19 21 42 36 36 46 48 
26 23 34 25 14 33 80 104 156 213 202 152 109 86 33 25 47 42 39 29 27 30 38 40 22 30 31 20 15 17 27 29 26 20 10 21 23 27 36 24 15 25 46 43 21 22 22 22 41 52 45 27 15 31 45 28 35 26 16 27 23 29 39 44 
25 21 23 22 15 67 115 130 173 204 160 102 71 53 12 32 51 59 65 57 41 35 46 47 24 30 32 28 30 29 28 27 27 28 24 26 26 30 34 14 7 19 41 41 28 20 15 13 22 29 24 13 0 18 37 30 39 29 14 15 13 25 30 34 
30 30 20 21 58 121 169 177 193 193 136 76 51 40 21 13 15 8 6 21 13 20 47 46 20 24 31 34 35 29 34 43 45 41 36 26 17 27 38 31 27 18 27 27 22 4 14 27 24 25 23 19 12 16 30 32 36 22 18 10 10 27 22 30 
33 40 50 75 135 192 229 224 213 187 124 79 58 40 31 30 21 15 8 11 15 14 40 41 22 16 21 34 37 37 51 52 38 14 13 14 18 5 24 31 36 34 33 27 20 11 19 12 9 12 22 33 14 12 23 31 29 16 22 11 11 26 13 23 
33 46 72 118 175 203 214 189 150 108 57 41 32 15 13 9 16 13 7 8 6 7 27 29 18 18 20 37 39 28 29 17 31 19 11 11 9 18 21 23 18 18 17 12 12 7 19 19 17 12 13 35 26 9 10 15 13 13 26 18 11 19 21 22 
39 60 98 149 185 183 174 140 86 45 12 13 23 12 8 18 30 24 32 32 23 20 23 18 12 15 18 30 27 14 19 21 28 17 13 25 34 42 44 46 33 20 16 11 14 12 18 21 27 27 22 32 33 19 15 12 10 24 39 33 25 9 14 21 
74 102 142 188 192 164 143 106 56 28 18 21 34 26 18 18 30 12 18 24 5 11 9 15 13 12 8 18 17 18 12 14 18 8 10 17 26 42 42 49 43 34 34 23 9 9 20 25 33 31 30 35 30 12 9 12 24 34 41 31 28 23 23 23 
105 133 165 192 158 118 94 63 35 24 14 11 27 31 17 18 38 21 21 33 16 23 10 17 24 19 17 15 12 23 20 29 27 15 18 21 26 33 16 29 25 16 27 16 12 24 24 24 22 13 16 18 15 7 19 42 52 45 38 20 27 30 32 30 
136 149 162 161 106 67 50 39 36 34 25 18 24 32 8 10 32 6 24 33 15 26 17 19 37 28 29 23 20 25 35 35 22 16 32 29 20 17 15 27 22 13 24 14 17 22 2 12 16 17 6 16 10 11 27 50 47 32 21 4 36 35 30 24 
142 142 137 118 60 33 37 35 36 35 27 27 32 44 19 19 36 17 35 37 27 29 24 23 42 37 34 30 33 20 15 9 13 19 38 26 11 21 26 17 14 20 27 24 29 26 11 18 17 24 18 16 8 24 31 44 27 13 10 10 28 32 42 32 
128 125 115 86 38 30 37 31 35 43 29 18 11 37 24 32 48 30 39 30 24 28 18 15 42 40 32 27 33 22 21 18 12 19 38 26 32 37 44 39 24 16 12 16 31 27 10 11 15 29 24 6 27 36 30 32 12 10 9 9 12 23 50 46 
96 84 78 54 37 39 40 30 30 39 25 14 5 39 34 29 42 16 35 20 23 32 20 19 44 38 22 15 18 19 22 21 22 18 33 21 29 30 34 38 34 20 10 10 30 18 7 10 15 27 30 16 38 40 28 22 9 4 7 13 4 10 37 54 
79 56 49 31 31 37 39 34 27 22 18 18 5 35 36 35 51 28 32 16 19 31 19 21 39 33 13 18 13 12 19 22 25 23 28 7 10 9 12 17 35 18 18 17 34 20 21 29 29 18 24 11 34 36 15 10 10 7 10 8 24 33 43 55 
47 41 35 28 28 26 25 19 21 29 36 42 30 29 21 28 58 50 37 30 31 36 24 16 22 25 21 18 15 13 14 19 23 25 33 23 29 30 31 4 44 18 15 19 46 36 33 39 40 32 13 20 39 39 15 12 12 15 18 24 34 33 26 26 
18 21 25 26 25 23 20 18 19 21 25 37 35 31 17 14 38 47 28 24 25 27 23 18 9 9 24 34 32 23 18 12 18 30 37 8 14 21 39 18 31 26 29 27 48 30 24 30 23 37 22 23 28 24 7 22 20 24 17 12 24 24 12 12 
28 28 29 25 22 22 15 10 15 15 10 19 11 13 15 28 24 39 9 26 30 33 27 10 2 8 23 19 16 13 16 16 11 29 32 9 12 11 33 24 21 14 15 16 40 32 28 28 22 38 21 7 24 39 39 35 29 24 26 32 37 42 42 33 
24 24 15 8 17 20 9 6 9 11 8 13 3 9 21 32 11 39 28 32 17 18 28 30 22 29 36 23 17 12 22 18 1 30 26 4 9 10 30 21 25 19 16 19 37 38 36 22 17 33 23 9 6 8 7 11 24 12 10 17 25 28 39 47 
36 24 12 5 16 26 19 9 3 4 8 7 10 17 28 41 29 31 36 32 16 9 12 23 24 38 37 34 32 21 27 18 11 26 20 20 24 24 27 17 25 13 10 13 30 45 41 24 19 36 41 37 46 41 32 23 19 12 19 17 20 21 31 40 
45 38 28 20 15 23 27 22 8 5 12 13 19 26 28 39 37 36 47 41 30 30 27 26 5 30 20 27 24 27 39 30 19 9 23 46 51 53 47 39 40 24 18 24 24 51 42 42 50 53 51 29 24 18 26 28 23 24 27 21 22 21 19 20 
32 30 39 34 22 13 18 31 19 25 31 26 19 24 11 19 13 18 39 32 21 25 19 40 11 36 17 33 15 10 30 22 9 4 20 28 21 30 36 37 48 27 8 37 21 45 27 21 24 28 28 11 27 36 38 34 28 23 21 18 15 11 16 14 
34 33 45 45 28 13 21 39 24 23 24 27 28 39 34 37 33 36 50 56 53 45 27 35 16 37 9 30 12 17 30 13 11 24 41 51 38 26 29 20 46 28 4 36 28 48 22 21 13 28 28 23 24 32 39 39 36 32 29 25 21 18 15 14 
20 22 35 49 36 19 27 48 39 30 28 34 38 28 23 20 13 16 22 14 23 34 14 22 30 28 18 30 22 20 27 37 46 49 48 56 45 35 42 25 41 23 11 30 24 41 16 35 32 46 39 37 26 22 30 30 26 19 21 19 10 11 12 14 
20 21 25 52 39 14 11 34 35 21 18 28 36 11 21 22 19 21 29 20 29 40 26 24 24 19 25 30 24 21 22 29 36 37 32 41 37 30 45 27 25 20 10 26 11 27 30 48 36 36 16 44 44 42 46 43 35 21 18 14 8 6 9 13 
36 29 19 43 31 26 32 31 36 24 19 28 33 7 19 27 28 26 30 23 32 44 40 23 19 19 24 29 29 26 26 23 30 26 19 27 22 29 48 38 19 10 7 25 13 12 20 37 26 32 36 56 46 27 27 26 27 11 14 15 11 7 5 6 
29 17 9 30 22 18 14 5 29 24 25 23 21 16 25 35 34 24 20 21 28 36 37 30 24 20 20 29 32 24 31 26 28 25 25 30 16 17 44 48 42 31 16 18 11 11 19 34 29 33 30 31 32 30 40 47 43 27 21 13 10 12 13 7 
23 21 20 30 23 18 13 11 26 18 17 12 21 28 29 35 25 17 10 6 11 27 36 41 43 39 27 29 29 41 45 35 26 28 40 44 35 23 23 30 20 23 16 14 9 8 7 24 21 22 20 6 24 21 21 21 17 12 11 17 25 19 9 14 
38 41 38 45 52 59 60 56 47 32 26 12 18 26 29 25 14 15 7 14 19 32 48 60 62 60 51 40 33 47 40 49 48 49 52 48 45 36 26 37 33 34 26 23 20 15 12 13 17 30 39 33 22 26 23 20 19 15 7 19 24 30 20 21 
27 29 32 42 51 54 52 47 25 15 26 8 20 15 25 20 15 15 19 22 22 27 35 40 38 38 36 31 30 47 36 50 40 34 39 31 45 36 21 30 15 13 15 29 32 10 20 8 17 26 22 29 7 24 12 12 10 9 26 24 21 24 17 19 
20 16 11 11 11 9 26 35 15 27 32 24 31 29 16 3 11 11 33 30 24 17 12 12 10 21 25 14 13 42 22 41 26 16 28 21 34 33 19 18 6 22 35 32 18 19 29 15 15 9 23 30 8 24 14 8 18 19 36 20 22 25 15 5 
9 12 15 24 29 33 35 28 16 37 30 24 29 42 42 23 12 12 28 41 40 29 13 10 11 18 23 8 6 39 24 32 22 25 35 35 19 16 30 35 32 26 14 10 12 25 23 6 3 9 24 20 15 19 14 5 11 29 38 9 12 14 13 17 
26 29 29 27 22 22 23 17 20 47 28 23 12 15 32 12 7 22 10 18 28 29 17 14 20 25 19 11 15 30 20 23 12 24 32 34 19 9 25 17 27 25 23 16 7 22 16 17 11 7 19 14 12 16 32 33 34 33 30 3 13 9 14 22 
29 31 24 12 8 12 9 6 24 45 29 36 26 28 39 21 15 16 6 9 25 30 36 42 49 51 46 42 39 32 20 23 10 22 29 32 4 10 29 15 29 22 22 20 11 20 12 15 16 13 18 12 6 13 26 17 26 20 18 4 13 8 11 19 
18 24 21 20 23 23 16 6 27 37 39 34 19 17 20 11 11 12 13 14 25 32 30 33 45 48 42 36 32 16 12 15 17 18 23 39 13 10 20 9 21 9 15 19 27 21 15 19 14 14 16 12 12 17 18 3 15 9 9 8 8 9 15 23 
11 21 20 8 9 14 22 23 19 19 27 16 18 19 14 9 14 20 25 20 19 23 20 17 29 18 18 13 21 21 16 7 10 9 15 43 17 18 29 29 15 9 21 28 28 23 19 21 22 21 18 19 27 37 38 40 50 48 26 21 25 24 31 42 
15 22 36 31 23 24 9 15 9 3 23 8 9 14 10 12 16 21 20 18 23 16 21 16 28 35 37 35 29 22 18 12 13 10 9 37 17 18 21 20 16 16 1 6 14 29 23 22 23 24 25 21 27 35 28 30 32 43 34 22 19 17 23 19 
18 18 28 30 24 30 22 8 6 10 14 13 18 22 27 33 34 36 33 30 27 19 15 8 14 26 23 25 29 27 29 26 14 13 13 33 17 16 12 6 18 22 24 24 19 33 25 22 23 25 20 9 20 30 19 19 15 30 27 16 15 16 19 17 
16 16 21 23 11 23 23 15 12 15 23 30 28 30 33 32 33 38 35 32 31 24 12 10 12 27 24 24 35 37 38 39 25 23 22 33 19 15 20 17 21 22 14 19 18 28 23 22 25 25 16 9 19 22 13 19 15 26 22 18 15 18 28 30 
39 36 16 19 13 26 39 17 10 5 24 22 18 21 19 16 9 19 19 19 24 23 17 21 36 50 40 33 32 16 29 30 22 22 25 26 18 23 11 7 11 24 15 20 24 33 42 39 40 32 14 2 14 19 16 20 17 20 18 23 14 11 22 16 
51 54 32 8 18 30 59 43 23 17 36 5 6 22 22 34 28 31 33 18 22 23 12 7 23 26 10 14 15 23 35 23 19 24 21 22 15 12 22 23 10 28 2 9 26 17 28 35 48 47 30 19 25 33 39 44 42 24 11 17 17 16 25 28 
33 48 51 11 22 33 56 55 19 13 47 7 14 35 20 33 32 30 34 17 27 36 33 35 44 45 34 31 23 26 35 21 21 25 26 27 21 11 12 20 27 40 23 21 39 31 16 27 50 52 38 18 11 13 31 40 45 31 27 22 24 5 16 8 
36 42 62 20 20 33 44 54 5 24 56 13 21 34 27 41 44 32 35 28 41 50 40 36 39 39 26 34 39 24 43 27 32 38 32 34 27 25 24 34 35 41 17 10 41 47 35 34 55 62 47 21 12 16 29 19 33 11 32 32 28 6 18 5 

